source_id,status,result_sha256,provenance_sha256
9200011167460220000,complete,cecb24c6ad950888102ceb38e6b4ea447acc0b4c5ae9f0393ac5e181762e9541,b8f5fa613e3686c28bf24d1401706b602d32a48059a15ce8bb6701c145c5b708
9200011167461110000,complete,68bbee414f655f59a38a637062731b5568362fdbd55afc94d51004b1096995f2,4d256ba3e05d129c36e1aafaa62fbe5c352fcfa540b6413dad4a495da608774b
9200011167461120000,complete,916c1e4d915bb1c77990d8579e0c1af979446e96bd3890c2711379367615964d,9de113d5b2bec6a0fcbfbceb63e4bbbc56bbcf0593f9c32161a86c8c8137208a
9200011167461130000,complete,123abbea9e76bb65b9b15e1ba6c6ff2db73ea8cbd8f0fa1ad744ac30eafe7299,a147f5785eab36ce426068098949665a20594a1a124c476a4f504878f8881231
9200011167461210000,complete,2c809325ac0dfa37ad03e664337abb0ecc5926565898f03eb41443f4280e16de,1c750faf714fc2712b632c5ead1ff7b11bbf52cc757feab8f5b1500c06ea6142
9200011167461220000,complete,4b9267f1d54293893f5f35229f763e916a1d6243599ea9b421c221a31412a5e1,6fa17e166693e99f196692376ea064f45309e15a75d6a05f758c9731e2db63d2
9200011167461220100,complete,7146b0f88920078acc69d71a7217016ce2a579cb162a3c5572d6c93845bb2a79,f5f882c0c5cc2106155a680eb532889cd9e1aefeefbaaafcc15fba767a07135b
9200011167461220200,complete,94f742c4414803fb22c056176618c5da86a3c41b87ba420742d742c08f0092e9,7c09ba1c2a19a133bf82a3dce14b997e3c2c3acfcabd8c6547abb30ef2dc1895
9200011167461221000,complete,10ae37ec6846abed4cbbf69042706b3d534fe7c8aa0363406e4ecdf1a77f11c8,7c8e0826fc9d83844e58fb1cc964d26e19ef29becd94e2d14d7a40807f64cffb
9200011167461222000,complete,89cb9b83c93fa2209ba7cd7c4baa2c6ce177fa007d8918a02105024e5488d897,f27efaadc512b331a42b4474b5e8fbd5aa6ac346ac86f268c607944ca5929f38
9200011167461230000,complete,9f2a992548472f8a0b4362b25974b006a2b8846742f3cb78a4da7efbb50294c5,8c67c09656498d0ebf9548c1abbc1c5d4fd7d24d9d3d9a70753ff7a0eb274458
9200011167461310000,complete,596de9620e18cc187871809cd78cf83067462b86dbae097d3d14269047791a34,5b40fe57c9fcd4a400e678193d65c631fbe429ae2d3d6578ed2161d7d7a836ff
9200011167461320000,complete,77d097c5a730f8c1246ac36b78a891df753bd4e15995c290b42bc72f6c89c817,0a8e1c81f51f2442003a27b7b1625ac847f9fbcae50359d708c6a7aaa6e9e557
9200011167461330000,complete,02bafa86a1662cb26fab5fd2812dd9b59b6c1a8e9d90c18e462ae394190d04d8,c3c24780e81c624bedbe3b61b5253017ad759a66f79a44ad4407bca3e0587781
9200011167462220000,complete,28412fe10f4b8a56670bb5665383929adea59f505b26510a0fc61ddaee995905,94bb2d501fdee15b1df7ca2dd180f6697652da575a62113b19a3a0e4f044e588
9200056241840220000,complete,cc86ba2017ae6075bd77e0fb768107e80fd4b3de459dec07ebe74879ee2504ea,6c9974e3f13228b93a986073617c62017147bd2c48952efe46c0b24657a1d6e4
9200056241841110000,complete,845ca3b69c6e24ea06d3bd9798c7ceef2b3cddf4e88f48a4fdd0bb21af0ed102,18443aaaa1438fec241b21d14ef215ea94a6b4e9d169a6ea30d24d129e3411c8
9200056241841120000,complete,ca83631a108d92b22bda5d645c655d27376166f39d946a4e79f15e68d94ff0ef,9bf521c41d3e48ea613351cd1e87ad2f338e5c8c55f1a6ee3639bb8016bf0c4f
9200056241841130000,complete,e0d3a25df545d84070a12596c3eeb89392ae66a1dcdfbbe4b4c090c5cdbe0f67,c902520c801040ae94430b5b51d3820af611f324114a4c6094af447c0a010095
9200056241841210000,complete,9e296f12daf65062281084e365412581608cc77a9d536c7724d4b40575bbd25d,d68b0ff451ea1bf2305790187e2a32e251042e25e94fe56604ce1f7f705dd269
9200056241841220000,complete,62f03c8d2149635893180a2d420c88104cd2f7751f4956da2b2c1ff5f8119d71,ae449c109941a0bb33ffde7301fa1fe71450abdf2e1d2acd8e35d8486c834916
9200056241841220100,complete,06c9ff2799aedc672159ad0dabdcf5a5e4c326ed920958182aa9598181dce32d,cb80db73082bbdba680e0fa3d0993551d1ccd87072b010f3045162d80ac40129
9200056241841220200,complete,02469e891afc63391d5da551800e3d100c512147e4a6c5e953c9cc6370014f68,26e473ffffb8d9587ce5a5ab37ffe31e1c15fe0274202320e0eef041252c5228
9200056241841220300,complete,44515e032f3b4879bb2d7981f6d4c3473c3559720ee79a0b22903ea0b1121799,2557f51b26c5fa3b2eb2286eac456a2274c01a87b84fa88430a5f3126d1c6a82
9200056241841221000,complete,e3cb77570c380603c6f5f995b3bc040bf6d7cd584d9bc707f426ff3098a358a5,3cb8e86959c86494e20a215641744988dbb08d9586ee53127972e4cad9c95825
9200056241841222000,complete,da7f8c8b080c65c416a2d2d1b86aaa876182ac4b70d4c013611c287fb91e85a4,a08558ee586a2fd3314a06f8aa327b58f9bc4e60941dd4f31f361c54135c1d52
9200056241841230000,complete,612b056928d1a89db251879f2cab419e0ea3d451a526d6e635614d95d4e3879a,987e27b3c5ddee80d95fbd0f00bb3fa7344884ba6bedc81694f9d32604a416b3
9200056241841310000,complete,fdbf9565d78c31d25571714cc6064c699270f79545ae8ab3ec0e5a2d9dd3c255,698be2794ba1ef714773f9a744ad8408f5559c22573d4fa9202ce67595ace3f7
9200056241841320000,complete,78ec9bf7f15abcdec39556330c73d3328949de6b4bc7e8d52f7800bc7052ded6,2d20b5afe210665d0d5c98bfcc9e1c16002ccf46934b49721455f90c97632ac5
9200056241841330000,complete,916f0ffa7dc060d89dbe5c6f06f166c4f9b5fac7cb54328d6329657f080c21ce,bf7813a9340429b3d88c2ddd4934e484260a4a4293b2ce5b53f5f9f1f2b738ed
9200056241842220000,complete,6d848ae9843b359a464440e4612e4f202b4fc39044c8c5b2e358b8cbacf6dad5,66a94cc7d0ce425bd8f7d93e0122151660473bed80557aa3dcef51aa26711bb3
9200076758590220000,complete,e57228928ed4831dffd6f9a04060d7131dcf2169547a9d1d81de11daa512881f,8b246b77a7863de92e760d02b482992396fcf1af107d0d4f3156ab5a4410627c
9200076758591110000,complete,c2ffb9f8c99ade36f727a4d11c1a0a3a2d260c8f498377041c75b2f209bdaf76,d013c61698c041e9ed88d859f60557665c367a6ac39fbdd50579490c6afca2aa
9200076758591120000,complete,607b6a7b5d7fb22e6b31ebb26344e7cc698c3727daa2753ba4bb8ca3fb25bc6b,da86d1badb60c92156b3519b494612b6c21542049e46fdd4480de3b22a056d8a
9200076758591130000,complete,061a78174014325cad2e4271535c7d70a2fb21f8ad098754b47681ce17ef6fc3,8e1926ce7da41a22ffb1b83dfbbcf9dc4ce0a45dedbf5213952338ad6677f929
9200076758591210000,complete,39af8edc76a91cf33885a1abe9bd549bf6232ee1beb5f9da6f45defe78925765,c7bc3660dcb031e1dd0ab72c7f876112ae93176fe84a0b694349b21833df6b30
9200076758591220000,complete,5feb7560acda82389dd630d578e8b0291388ddc24e104a35babbac28dc2b80fe,6979d93092e68085e6789cf9a2fc447ec61053e3bd21e81261f92f6d9b4a162d
9200076758591220001,complete,c77e40f0643ffdfeb801155c0c4dd3082ee25876167868af12959b3db2d0aa61,1252df3062767d47434966d6bbe42420c8361f84a371723c03ad6e1f7f118159
9200076758591220100,complete,3ae0b0d50f0d9633d6bf2a985685dc43f6cffcb22b33540475936f9e1a3eb07a,db76fbacfe73ee7a1b1ee16ad63d667b624f2cffb75429d4271324d88fdaf697
9200076758591220200,complete,b8822a6ad3391a6b06b2d9b5fd7de6fe81fb21b41ceb61c445b06fc29a52dbf9,c9bffb956f87ba872b8a27facf204346f6780ec18008810206ef39875008c3de
9200076758591220300,complete,de92e29ecfc0b582e426b03871ee1d98646aac8f2e769b058ad2cc3249f7f3a7,57fc8d061163665c6a82506ed50fea2e3aba1de253e280f8cec652744d3e91be
9200076758591221000,complete,58ff6ecde82e53b839cc5be8dfdd75ff49c68870b7df22db1e881ae68894a654,d520501d664b191e0f559ca306202009829c838581169020b7baa83ecc37e6f2
9200076758591222000,complete,2478309b84e1644533b1c788652440e1422604d39e1fe917d5751387ca31a761,e9c0c2f68cc685978067552f5ee8fb938f0447055c539245a4a8e9f97b7258c7
9200076758591230000,complete,88338cd23c028440fc70ad8036399a9eed73fdda2a909213cb3da548af0e153e,def2886029735f1629c84c0d78e3dd4cec11760f3aea4f385b6c269a98967109
9200076758591310000,complete,7fe02ec876f6c162733c50983de86342fffe69f188351c46cb08aedf7930e4de,11ff296935da31ad5f264549ace66948f51ab460aef2b31f3a91fc63d5a67dab
9200076758591320000,complete,3e58d9e69e1d99b1ff7392bf6131826ef1a978514ef60f8aa92b22398b4663ae,9c1e37a6812c3ff11e5c5df446a8f478b6b02116f582c65ae06ffad36cec3269
9200076758591330000,complete,c577adf0a79e81320c5db2495dad39601c58482e0398452f216a69fba82a8991,ca640790a6d5951d39fabd7e89da528df129ad8a384e7589546372384a58f95d
9200076758592220000,complete,4d62f605e7f585e69a26f543e642dca439b3b932e6b3339742aba3454b05f8d3,855c4d184b1356b8887039fdcea2924558653d338807b065bc8a2ee43ca2b5fd
9200084456650220000,complete,4e3fc2e0ea6d35a0108a52daa46f38f0f0a631deb2f735d2cda78cd28d8437a6,e9cc0cd2fa3a4f1e0e66ae9950b1ed45230ed44699f766d5083f13a92982945c
9200084456651110000,complete,0be0b9648d5b1bc33faf4b3048cb88f7461b4414c946c833b7cab9f68f57c7c2,f02f3a7b835f58c11e9c62a0f5871c467c2097e2e069c2fc2a963580689d581d
9200084456651120000,complete,af284d782ef86b4e05675b23d8f34eb264ea7151d98460881bb8fc9a638b8700,e633911320855a813e20db526cc06a1a60ba6f46f22082898cc09dbfbf9b6712
9200084456651130000,complete,1a9346a8eccccdae649c011d2a130e507f83b8d51e80b48c2987fd536a3b51e3,b014c317ad293de6d5d22c4421178716546b4ff4ec714d5933846999a4af2cea
9200084456651210000,complete,e4cc45fe423a0c9a719a1d11cc938ac2e82bdaf338b62abc7985a3f6b4aff3f1,9e54674c2989f48c0a52b9d3136edb4e318361415f0c6d27843449c670647e1c
9200084456651220000,complete,4bf48831761ec788e4676a000654ebe0f3e87af415e3aead2f1ea553f946e598,29e349ed4253c3eda0a31a44ec9dc14df83f984970d54ff1e56ce091509bfb9d
9200084456651220100,complete,93b828dcf354527abfa6f30bbbbe576c0f4c304a2a395eb8257e83898ebc250d,33da22395be6892f0bd197d883af3d7ef6a0d5b8bb511a28100a0b12f3434112
9200084456651220200,complete,ee11d3f02db5076079cd42a17868399176876f4e280866bc2e9e310b63381716,10e857fb9614bcf331d8d57b7912e02fa78dd19df9734e02c376a1293cfe6bff
9200084456651220300,complete,8d604967529de15a88b202429959a710239bfcda23b832b8aa160965fca9393f,45374db25e53e960c73844e52b84559d47fc18f138e591ca85729394686cab59
9200084456651221000,complete,d31a788099064fd29012dab4f7b3ba564f74d5f115ae11c2d285aea959ec4c28,36abec0540a594336ab8f1b49b893f8524c90f43f4ef9fe398836ad3488c9361
9200084456651222000,complete,cfe11049823b34c04979529141fcaa88d44990e3755150dfe5807cef9cbd17c8,bc2c7d67358fe5273ccdd8f63ec23818ad4b56f22b42fd2bd7daf775a82a7808
9200084456651230000,complete,1a04a2db81c5df25244150851e9ca64546c7cfc16491cc2386e7ed6d00445e39,75bcd625de65da4ec213b48375151d5753931c8b6db94f9179d8d469ba7db051
9200084456651310000,complete,8c5cc01f9acbe0de939aef887cb83ceb539d93c883b2dfc17615845817075b27,cbe64ebcacdd971ac423b43b3160136acf9f0ec31a9c187e31c518dd3b8ab4ba
9200084456651320000,complete,1a6bb276e22cfd2a3549bac7f70857a8d55e2b30d2f3b14d0f5637cff2cce292,9f44907afa00d3330185741b2eeaaacbc5a9067371280ebd106542429557eecc
9200084456651330000,complete,9424c86e48d3350aa656d7c6afebfcf93a50cee8679e0e7a05e8e5f09eeaf385,177763c749fc52f6a2f2da458fb101a6030d4da3228672dcb5062d4420920a36
9200084456652220000,complete,9ff1c85d15077140aaabf8937b73bfb4c15635c57a8194a0b4378e9e9ce3b0b1,f8ebb659ae93c03b599e4fceaed7912d80bc54f1802dd8e64fd205809739e983
9200135666240220000,complete,2289f70989042f231dcdb9c2de7079fddd68eb81df9e5ed71b8289c168e35b9a,e2ed810ce3e60716612826ea4614aab2e4b024bfa491f8cc05e130204b8fa70f
9200135666241110000,complete,362fad1e385b0a5997395f8ead4f3d3021ffac408a1ef0f663ec7670c8aa260e,ac57490dd02a2a5db4092b9705c9b093566d79f771bbb281e2821bb4bc4cf4c3
9200135666241120000,complete,9dbb520579f4a59eacde6df8e169390d9bfb5d21f333cdcf03779d26b4e08696,85f5b44f2a61f3f36c9dc0724cf3ea2342e0f74cbdee96049e3e6565a444505b
9200135666241130000,complete,d4aefa1fff4ce954d4616c5a99a98210b94f983be51bd2a5b9560b91dbaa15a9,730ad0727cd0e1cef15b4fbe58b0ff652c8f9c3b6398cc4179369eb41115097e
9200135666241210000,complete,b63e21c0af0253f7fce87cf82320b8f32bef1bc5455de266fac7da2cbec6592d,f0fded5ee2711a26afb9884612e38b8a999c69f38dffdcec6107ce544f84af67
9200135666241220000,complete,4e1d27c107ef780da53e292cfc9f789aeacbc2e6621f8cf1c2e7a73dbb2f07e9,0306b0f4682e1c2a88e2f038d4618bf5bc06ec0218488e3575a374de2cc00967
9200135666241220100,complete,559d062c994937816a7a32afe9f1df4c56099e7e617419aad1ca18bfd60cc868,63fb8981f559e6f88190b2db9c8ced59e36b07ed5c91facbef23d7661ec4e01d
9200135666241220200,complete,7675cf7c041cba43b5f68c118b32794a2008545b56f01f755d05c8ace67b8eae,bf30b0a64cbe78e3ffa156a531a17f1d19eacd6709b9804694da2e8bedb56e0b
9200135666241220300,complete,c8135416d039fea8d9756ddb627fd52040bb935c9435549ce8cb41389efc78e5,ee5327cb368afa86257ebcc4bd28dcf06638c0e9d9e40802d174d0bbc4207ce2
9200135666241221000,complete,e40f70dd8af853c03d63f5983e820a4aff1e5414f5ccc1b5c0532fd3baecf627,eaf35b82c82df3ffc8f4d799ea315271728662fad99e950d81b36f9e8e88075d
9200135666241222000,complete,15fc8ff938c988f68fe43d8bb4294371848db6ee3342f4261b1695a359a980da,8160b2815271ae1420ed2714a29faaa697ee86de4c87d204cab438a69972b62b
9200135666241230000,complete,c1167c62125f4341222466cfe87b6679c6f5c5b1ea29b26fe424ea13f632a0e6,5e0fcffc890abb10404cd20357b84fd57a8701b5d8e8dff9be75288f3df8493e
9200135666241310000,complete,14f251043b9a451dea5e69fbe596b3a23dc37b3c603cfb11e632baa11e513deb,8a36adc7324e38f0caa6b16ac6a522624433b28049134672451418101cc3ba9f
9200135666241320000,complete,afcfb0b8ea13c8f06225dd07c2a2f1d6934c3320968ac6b31c0a3958567e9961,7dc55a15871eedec27fdbc7f03648a94700c282e8325bef442050a5f43c1c169
9200135666241330000,complete,f4a7061d51f3fef463eb852992e6419c550bf89a8cf10bc6732df66e3684e8f9,f77c413998eb078393b97da00d761589ad6d5092002dcc32a91b4adbb6e6f340
9200135666242220000,complete,fbc4969c2ebe98637f011abeae6a22067caed830ccf80dbdf4a417fa226942ba,69377c18a8693613e5ce75f03ea2cdc1df4a178859346d33b7ffb01d6b56e76c
9200144486100220000,complete,4a352aa98e675b4fc5ec8964f84fb5f7dbda892b436906d88ae21621f180193f,d84699c495a45147012474a1f114225d50bcdf50bd8ef12b8b6f3b912d9175f8
9200144486101110000,complete,9a7bab0486752b2d7e1d1e9ccb21b0230f8683441f58ba8640fe4b9301750a58,b04136956469fecc34777ab9b5263b979c11e5c4d8fe070dc169f234f2cc982e
9200144486101120000,complete,bac7c595afc9aef71d1128a45d11b4b29ccde21533cfefac260f7792f8338c83,8910e7a9b141d381ecf26c6a42f4f5f218994897f8dce6ec6d0325b0c3f88190
9200144486101130000,complete,da776db1dc07a41d16dbf2a9c4f61e9d79a13481fd7a82183a35764395f520ec,8fb66ead9e6b13f99f4ba6f147d2a0ed716a874dd8fa89d47c0632a2351509ae
9200144486101210000,complete,16402e94b60162ad5129378fe0eb25a1eb083b8b8cf7b0f3ad78f1db702918be,3cbd0c0c769c19ac30de4cb88a4a788d53aaf08687d2a7332fccb606cb043698
9200144486101220000,complete,6a1b947c01700a0bebc1d31ee3e7c5bc4006be8f49ef9703fba6c2e5c4bdfbf4,59301158ff9a02813c3f8f77b67045198cdaeede5a4228366dde189e41a3215c
9200144486101220100,complete,3bb434b115a411e4e01583a8529985a33017acba7ea512182785fdadec4b2ffc,2c1f1a9e5eb3c8d2fc894db5b2540a9be2916d4d337b2687de463c419c0056bd
9200144486101220200,complete,d470e460d031922167c7f20a931e03fc8cf10c392590ca306b3ded035df82775,0b8e28711f99ece118358f49d07033f7596b63dc432fe23cf50403bf356a849c
9200144486101220300,complete,52d3a45f4bde9288a81b23f4242cc2e8d7b7bf430a889d32fe44d0f4337b4dd6,fcc540e2a9debfb223dcf699e31892fae6cbe4a4a07fdd33dd4b6504aa938cb2
9200144486101221000,complete,75a65606b0e54c0ad507f9e60d2b3787dd82fb4c49d306019bcfa074b104dde6,a0e55da3edfa4273a82b5d29be7516029e68ddb074ba935c78330f6bb6dcc1b8
9200144486101222000,complete,325b3e7f757149fa40bc7bae9f48b757710a110146147600a0bb84261d770dd9,9bb6e0dd6a005eb13711138221296b9a04028c2465f5b12b4e6ea7937ebccb23
9200144486101230000,complete,20c7aea5dc0c60e31ef241d2f551720f34999cb027755b909a239b67fd9091b9,954344a45b4d1549e90730ba530f22680bd04062432a8704fd0a6168c20e542f
9200144486101310000,complete,a0bba89ae7af7352f7338eadbccd819bcc5d7117bc58de19d8b5a1560c747778,f49d2bb1cb5568c0569d04c3dc9722934d4eab2eec5ddec10b9e90b4fb3106f1
9200144486101320000,complete,76591d288e04a7dfd56b2e298abddea021adf53b1a471977662ddf7888448021,16016f3a71ac503b97190079d82e019db71770ba7f4d2f51b9803200c8cf3428
9200144486101330000,complete,6b5a5b7274e49c6fe791a135894831b719bdcd6c2598a59231dd70ef812731fa,7987836b0a7aad60959bdba7ac00d19b00f5b9aaca2d781b66102f0f84231f15
9200144486102220000,complete,01619467b317374d969f93233ad05686c2c84846643630de6c4bad7017dd0a88,d4626a44549be8c8e966c4165b0cf11cb285ea1b91761c2a2a80ad98bd755b1e
9200211870720220000,complete,544fc2b26af6fb9a2ba797cd537d36250264f58d63b8546dd0331ba4c42aaefa,49498d4d59ec946cfc779177b804d44af162a73a4b99c9f55e64f7ad0b9a7abc
9200211870721110000,complete,3d6a4f83df739b8301937139aa815fe19bb71151fc79508e4a8c50d98f02a660,1a3089e7ead8d0314c730a09bc5a47d4bd9f6b4b59d588b15521c8995341183f
9200211870721120000,complete,ebc12dc2c1ef597e6e931475f5aa26938218cf5ba8b87d1dec19c41f10504950,bdb53daf0dff0edc3cad9dcdc1939d12e006b5c1b6fc4ff47df94864c5c3c0b8
9200211870721130000,complete,188f828164dff3ba034a0ac01eb2cab8fd779333a744807a36eb8218910e9517,f4c71bb180a95f86ba555298dd6668976f0a23fe92fd495bf3dfebbf0a6496e4
9200211870721210000,complete,28e00d3f308673efc419ae1658d046b7239af5f6d1cd7a81cb3f6da021b74e6c,dd9723bde786d2d0397474ec93b8dba36e8ef67788f3be9ef77c907eea2146e2
9200211870721220000,complete,ff80cc20a107051a3f71fa8123c399a7a125d6be763618ff41bc0631ea6de1b5,e5c0157b044261156944a77e39e13680eacf84c24797c3765014ba9c69655844
9200211870721220001,complete,2d56ab1dda6cc62b49ed312a97a581e954ef2b8c3f0cccf49de41179da9b5ebc,b710c2a9456e3752f3ced009f9b1b87c700bd986f50a268ba70516612ff7ff59
9200211870721220100,complete,10ddf6036d9903eb59a20fc0ef7c104392a5bbf514f2d0f6fe95997c74b87316,8ba3ea6702ab707e22e790ddd8f50661d4c42001abb1020887d2a2701d68dfcd
9200211870721220200,complete,db15fa1b4ae16e00f643cabddd754e7db581fee5108285882c05cc7abc2991f6,3f4da7363efb6407a93507d7f1ec68e8e27a0e6e020e23e0dc6eb064b0f89f28
9200211870721220300,complete,e66f75af27f517c88d9b4fc8eb85c40848c7906387e1b79d62c0804e8aeaeff1,0a14d362492166bd88d22490f6f5f10e52d3c977859d4a0d5626409f621f408b
9200211870721221000,complete,90b30304550ad6c41c7ae42cb45db7790866c6bdc4a0c602637d45f5a530777b,30774c23226104ca7000401beefd11103cc07bb5b56b4a6f29ca7651871854ce
9200211870721222000,complete,0881745c37dd89bf50640295040d3917f6ca3cf6bb6b804e63a6c9135b0ed40b,20c03dae1259f8f523815df7647a76c2b45be85bab41d112af2de9c797990e3f
9200211870721230000,complete,bab051376a4f4d5fb39b53119cdde9474c0c50f23d77fa80ab311e7fab1cdcca,76a7cc14fef0efec6bde47f1d9581f0e430a57278081f222ed18fb865993a3af
9200211870721310000,complete,340207b7f45ef39caea1ab3dac4903ebb616f41682872f224fafd6d4329e6944,e09ca3eee3f7a59638fff5f81010a57c50fe5ea85872e00fa7a2bb462fdcaefd
9200211870721320000,complete,38c91a27e6403ee65081ee573781640e0858d4ba1dad34feb606caa70054f524,3fef4568224d1cfb2bb2d08a8923de741d604e9f8fa28988eeca6ff753791b3b
9200211870721330000,complete,1dc7b34ec114da57ba162448caa262f34fe7bdbf86f9a320b785af1fab1e7c4c,02b37f1a1de27ca807c50f35911fe56381bdfda6672ef2672fcc280ba1d6d696
9200211870722220000,complete,1fa9504ee8e0ed5641e6ff174beac5e16d02ba62673496453f54ff07d0ef0dcd,598df28b10fdd47f888abf9d70a755615108205466072ff37cd8272c93090706
9200246033970220000,complete,dd90c7a007d36e25db5077f615812b84737e0457102d0edab49dfbf64e5cd565,908de3fc71298b5860ffaeefd22bf4d762b9e8e475c6e533f7e9ac4faa6a5952
9200246033971110000,complete,99afd5b4e5e1deb303c1644ab7a3102ed606c97d0871d4565f2ede690204b874,2b421491a02860fcee1827d09cf6b418e17ab9553aff972a17788aff4e6d4a3b
9200246033971120000,complete,6d36e59f6460ce6637163f53f11c7b92d182079dcf1bb1e0027b5bfb9dd7a4e8,ef4e85adc5c2a4eaf40193e066475bfcf2e477481d1effa98daebe193c0c881e
9200246033971130000,complete,b8023b75383408699482d99ca465b5ce18f0f4c62897d514c21404adba003fea,0da0f5646c08e593597e4c7e73d56f70b322fc7604de25d7b4e752e5967e0bbd
9200246033971210000,complete,b962ff911c0f90e83e730d72cdce17f23c53d04fb36a755a8d8ec51fcec77023,7d14b00db4711dc004833e11831c6b9f153672335b69eaaf366a3fedab4fcd77
9200246033971220000,complete,5973853fe8deb1ed588f7277115380a35e2b832c1ce2bfa469e1a32db7dfffdb,d510948eb230f1a80ac90c8f77f92567ddbdd05faa72f06cf637ef3138b30ccd
9200246033971220100,complete,a39006545095f5bc6ff032d4e312fc3e341c3f5f1cc96bd0a9aebbd02926ef29,daf7d942f24abf4c9f434973f1dd8900e295aa05501f93b7ba657695a3705f3d
9200246033971220200,complete,23b42751b54dd5f337911449a2c88f46a41408f55ccad92873873113458a721f,37d8af856ac326f09a9316d7d8db926a4812b384ed838d974964503569d31fbc
9200246033971221000,complete,29a48d295e2ba136930ab37dc6d3573ef5ddbee448a1bf9cd39fb8b6630bb357,a08f0ebbed74fac63e4a692dc09874caf740e045c626461ae77f2acef2c51164
9200246033971222000,complete,682d83f286d427d7a11f5f5156a55a93b384170d3753deadd9948099a3658eaf,f831028f2184156dd585917e0dcb0d7de58df5ac299e968a151035aa9d2bc30d
9200246033971230000,complete,3304e61b554c320aa661b804c46ff57350f5d064ad782a0efb4aaa89e08bcdf3,85476df3b124c6c983e106c89cbf89f5ba7062c452264adb974b7b6c9cb2260b
9200246033971310000,complete,ccd4b1f56bd5b62a1207b961807f41b34003a3d2e89e256e8d7a59f6c33062da,05aa8cc4a247d285a7b0e6621feb260944fcafe82dc63a90eb4722454a60cc95
9200246033971320000,complete,ee04bd7d66bd54a62cc480df452f5fd8339e6499bd2aa103debd899f9524e396,76615502a74afda79cc2fbe13e10eab018e81d8adcf0945b4737067cdbfb78ba
9200246033971330000,complete,28c7592eb82364224cce905d948a198912b09bdbec02c7fac5cdf0ceac2a2f8d,0e9cc38b7b15ece5c7fdd3c8c69685a73ea84889b868470b8446f4bb000249ae
9200246033972220000,complete,579efab682e184e622cb019facab327b96c118d7bc9be66cd3bf845ea5ad7895,b2f304b9648a9fb44d3ee27601526838d8c9e2bc9947f667a6f75a4039e0c568
9200298623440220000,complete,f43473e961621430d2679ac5067a62c267cc395a5c886f7bf78c5511698af861,5a215bd134e2df89b09c3b55156c398865e25b101ab704ddb5122e6db3454714
9200298623441110000,complete,6031efd8d52babbb101de07281f77e9125864ae84f84cda2dfccfc75c4ac27d8,6b4151bfb959dd03cd9fae6a6f33e1c3b1a0380c7487c6a5d2128d0d6ab7a98f
9200298623441120000,complete,d4d5874c1585c744038304d81f43fcc0c078a6153bec3b2924931654733c8210,37dc61933c231c5b01f49f346e42e9fa82692cebc7bc4371db0826353be4524e
9200298623441130000,complete,ebd5e1f382ae8b5eee204c656bed1db1080ec40c6eb227930e2d28688debf0e3,87faf5d8845629af6163aa5726e3357287ad3fb919349d2879f3d0c1cbc7c89c
9200298623441210000,complete,8cb30397202de0cf74cb79deba431a5e422b0b1dd2b17d8d47b9e6d446e0b5ce,8cb0b561a4734ec4991659ee1b3a765d9064292d4c0d1d937a40a7b4bdb07a40
9200298623441220000,complete,d4f1710846ae10955a34df274bf6aded1a3e394455335d129ffc652e7479d0e3,6848aa24e098438d40ce21a9060667248cb18b5a90ae80511c9b2e3851fe285d
9200298623441220001,complete,924e47eda8e9f26fd3c11394acbb9eee11fb78d862419fb13f61279f725e13d2,3f1492dcef17698aad4d2bec9630d27f2b1466132750a53439231f45922448d3
9200298623441220100,complete,0e659929f4cf0aba153d12e4f8b382234dd2435d4c989498b4eff1847d4bc3d7,84e2863c195b9a1d19d0aede12ca44b3f3cd5ac0c45d11cad5a301aad741d110
9200298623441220200,complete,4d5c9954f5a9811b2f5c3ffaee505b54c25e2e7109b21a5a882085a42123007a,f41f630aaf3abf234cc22e8ad769a0a1f158dfd6cf6eb6f58d27e8ca259fb384
9200298623441220300,complete,5939e48687c9b942075714bec79461e8aadf5be123542ecf11d4ea8f0fc4c99a,09fc9bcbd4d0c9bf5a8ac81db8f95e4ed5d633ce4684448f3d5409648bdb926a
9200298623441221000,complete,e5682d6df306633b132971dbfe033843704399823b48dc95533608b816120b36,4fd999444094515b8fa118f7f99aac48855bd783b841b44529fc8b0d19f2dfa8
9200298623441222000,complete,7d6bf049fd023657a6e278b18bae941cc86dada1bec29a8ce9ffebbaf2d03c00,5befe003eb8b94004f52aef0a943d20956faa68b16b3706d87d48ff17d019266
9200298623441230000,complete,50bff9d43539f2e9858ab2ade2e31830374e7c9684487a3914eb1bc41c9ccb69,ab323b4d6430efbb2df4ed524e14b97def3bf935c1c829265fe629831d3b9e2e
9200298623441310000,complete,343ef5b4694093dc268a04c69cd0a6479c84e85a2a4c15d190a2a0b522d74710,b8c18e3c82518d34f5ff627c12196eda1f08baf94f16622fab279d79d907f7f1
9200298623441320000,complete,81f2a257bfa5c07503770908a74bcf6d0cd19438aedb6b92c893d3e5222fc0cd,8ea24d602beef7a0d5370b9668545f75fd2c15a75f39f637583c461a663f1113
9200298623441330000,complete,d77abbf93d8fadd740395c287c31d84036d511d23b440446cff8ac435759b580,94a3228bfe8e158fecffc44501a3d353c86549f22c4e6acca32885db95ea313a
9200298623442220000,complete,51ca40bdd1aec4dcf5d418fbbd514efc25b3bac27dfc767ed00408b783286bdc,aa15c24d499de0bfae69d278919eba9bf1fa5a1c1dd6499e73b5ac3400433d24
9200305453820220000,complete,a0b817c541460f49639b8a7671d6e4791e5d3b978e11de81d415893b56b8a080,b1bb4d3e38a601aec6926ff1a6ce73603d9091ff1358c11e86762c54ceaa9efe
9200305453821110000,complete,e8694fb6761c66ef51fcfca133fd6df68fda87e3c94cf06194626b0ccf110a87,34a2b7ffcefdfc8cfe85b2803d9ca44866d94e4e712dae1745e17f21f1d1b841
9200305453821120000,complete,63cbb53b7807fab4228ce5989b3473be2766c95ccb362f13c482cb77b1693b58,8cd0a5c951871b8006d80086efe839e059c46a279b9a0e81e242b4a16c601f72
9200305453821130000,complete,f27b7f21de1f1ac08bb4ecb09381ba858c6a8497f100b77b99dc8a450b4610fc,0c41afa8655f6a38ea84b0e1483da0f5f91e0868a29c3d7d5a3d686a7053bc7c
9200305453821210000,complete,1804bb61c2d2a47220545d2591a390a6722032cbbd50ec4cff62037e404c9070,dd9313abf328a6db23990e0ecab03114609402f1a5c61b3e4366f423614ab20e
9200305453821220000,complete,0f1db9bd33f354a7a4dc15d2d4cfce304a258c458a600b1014025a165171f26d,4eefd955c6787239ea6f9502457b547b34acbcaed36f742afc10305fe86873f3
9200305453821220001,complete,b834be27f9acac3053705f9b6c5c7ff821871ffb62357f0db3db7f2634c7d00b,6be0a384f5ee5eac69f86f87add3b1ea08bf0b315c00762b1eff264d38bfef52
9200305453821220100,complete,25e0f2dc001e73a57bfd13ff7c7333e07fc682f68abb9d4319f055f590adec09,eeacef9bd9b857dbf1068a53f31e3fd3545c7d17ce161f230d28e1c74de6f0bc
9200305453821220200,complete,dd5d463a626c77bb3949defac1fb22cde7e22f395657ca0c8df78274b0c973f2,6adf67ddb9d3cfde692850bb224c34aca0333739b86fc1961dae07843eeef26e
9200305453821220300,complete,51c71aaa6aed746a06a2c53e99ae87e2040b4e4276e982b3596e1839357e2444,bbb5532e26e2da4a61726a4f28e69bf0f750122ad2af3ee0a353fbbc49b2dbed
9200305453821221000,complete,6a7dbbfdc7afa10932885f48394080962b325240524d70c597f42a67daa44f2c,8798e88a42988203eeccabbba7cce7a3c6764342e037177ee9a5a9140d8c82fb
9200305453821222000,complete,355b4714da19edcbb755f954454da6b02ea0a99e6bd5631bed208842dc6f0f27,dd12911d8abd222ecd91ab218db10810ab60d1a7881026ab8e327af067887552
9200305453821230000,complete,c7ef7b107c03e26cf1b0f502fbf97f0c95181aa341445fc41273374f04bc373c,4ae9c2ea0b4d604d383726c3ff84d1e1f48dbd40555a43216bc6ddeef24497c1
9200305453821310000,complete,61e0c2e211f8ca424c08419bff935d724caf5d9e7f28f5b1511f680aeb8b3d7a,df1685852a2dd019ed28ffffd8da96964d0fed121c1d7e14367155cbe065fbbb
9200305453821320000,complete,303c04d8a44e00330e946d1ee8582303c42e38a315a7d4ce476725abb3c6538c,c52c50294255182d315e3ca2d6e14043b44236ee012bc5add9b10c488e21ba61
9200305453821330000,complete,8be4c9197f4bb4fea83b134c42bc67a38aa06d5444dddb9f0efc7b169e265afc,76f4bbaf921c3b862113d46c8857562e1d0b6b90cfa0f1ec88fbce0b1311fbce
9200305453822220000,complete,c9919475d7cba0554864a8baf17aa198f5634320ecee321b711cd9a8ef7fdee8,13ce2d940e81249d000dd1cc366ba4a7aec9e44e40545fcba7723c586f441a3d
9200337175650220000,complete,4d8480d31cfdd4b32a1d5485d8bec70b56284d8d30b52d366654e644f348821a,21d801e1fb11f350bb9bc35bfe17dee0ef1c821b99bdd9c837ad7e313e1fa16c
9200337175651110000,complete,8962da842e2a2d73b55199b2fc24fb1255a36653faa407a2a39de4f937cc1d92,b99c2eef31286f8281c31ae5020fc0135b45e0920b9753652d2af9fec2aa3d8a
9200337175651120000,complete,0522cc27aa4179b232efbf1395915f0106f1766f61da90fb3f0ecfcbed10c22b,5b0a4f7e7b69b966bf5ac5caa61320267b39733055f87606edfe34f0cb0785b1
9200337175651130000,complete,e4cff7287aa0ae7ad01ff799c8be61f9f85f52263dee6ad86cd223aa5e3457d0,3899545763d2b8bb9f57c891e005bbbf813245a3f69a0e9a3ffba969f44075bb
9200337175651210000,complete,0e1a99e5d6a06b643b43e558eadc30eeae4ced326de66eb2b4d4a3b7dcd27fcf,1c004aee6d3a056b0e782038b8c874387b85cdf2b07a7962fc48df6d8f10b5e6
9200337175651220000,complete,834f919f533b7119933ce885a15dfa32094a2598d07750526af8853a3afb9649,986661fcd2df7faafbf05ab80ea12055266da2f634396c9117a012742a938892
9200337175651220001,complete,f9036412476bd3d451897335fc149011a5bfa95f513a6da38f9204630961b185,4bf1a0fbf41a9fce63a813272807023e9ccc9b9d15acb97913e1c9aa99d47e95
9200337175651220100,complete,b91154751233ecb12ef822d63793b754d626d811b90ee73156d32bdba61dd857,bbdca2231b5c31bdd16d76f3e2671a9aab1b85c944e2fc833865b4c585495359
9200337175651220200,complete,0abebb0c266154570eaaee13ee3ecc54a69197d4f031b689ce2d1ed8c03f7a28,1ca5617fd11429016051f176c6b37cb3d74f5555801aac58b68430fcbdef28c7
9200337175651220300,complete,8623605869bdb449d38b674600cd51037d12d2d18b35ec79e9d07dff8c72774a,a53409321491ed6829ed56f9563700b33eb2e8316ef615de5d98477eef78cc48
9200337175651221000,complete,c469802e77182d3f3ef09edb93163c21b6b50cb04551ccd8b5d0d54daa5f1633,c3dd1117438daa8e6797236d69b57069e4864b294dbef103cc426fc97d968957
9200337175651222000,complete,cf8a59deff4542c5c24776dfe44b42c4e3d8d2aa8edd4dc741d41f769807af80,346d4d71e4b5472f953638876772e48a5f0e70c7934c7f9ebbb8625fef63b98b
9200337175651230000,complete,391710a1e963ca24f347fc1e7d0229d6f48cf993b582742f13fb6e6e1eb0bc07,3a9fd4879f4ec2d6ff736e2af00e09e9b78061aefd8e2e2ac3fb982399968837
9200337175651310000,complete,03adcabcb8832b46693eee54795e2d70dc9c6b6069a9c1113aa7634ffcbcd96f,26dfa917a07d205c98dca0f0317895c8e47f686f201350663168ea679cf3b64a
9200337175651320000,complete,f85043f2aacfe6a466f8caff15667525679b97da9ad2bed522f4d14392fec823,5ab08796347ee5558de5b20da65b149e8fd82ad98de43681a62fbf866f267eec
9200337175651330000,complete,be79d766df45772657407f96ce0a48056f9717b3b6afe587ad9be2f7131cfd0f,710fe1e858f340eff39338781070571395d10b246d02b73d112dd53cc010eb8d
9200337175652220000,complete,3ef294fad5524e0b5392b8a62ccadb9af0ff989526b37d35584ec3e6ae64c928,03dd073931ce871c69af7bcc4cb005834ba96114f508c6ef9f4599843965145d
9200468476350220000,complete,33064bc041770f22387474a2d9833d38279cfbe7eab5d7d6693142104679b7ed,1b807001f5d8c3293664316d65a7320dc73c097c31425b40e271a8ba0564d5d7
9200468476351110000,complete,77d99c2df410d4c935c05102d72a4ca5c2dcaae15f174c25b04df8b1d775de96,b425a265b2a0dc5c5a5c84d70f2e3e1ddd31b6082cf1087c605831f2c179885f
9200468476351120000,complete,d8982002c488ea5d566e7dbc8904c25b7eb28c6cd396b737e78b20bb2fead616,9fff06b6a54b017adf417c1a28a4bae9686c24b507e5ce293770ee92ece0c19c
9200468476351130000,complete,7a02f58f2ba40b8815cd76cf883a21e6d5dad0a1f7eb4da4cde289bf45c0772e,8d9de775b0ef5b6487f9b31b738d6b28ac225a38a9e8ce61dcf076d088064de4
9200468476351210000,complete,3a2b15087ea70bf77942fbb98150e2adb2f1c3e341e9d069022b5dc110781989,5776882d91b2a0b067cfe2c2634d28c63eb94572642ac969f1427981df8690c4
9200468476351220000,complete,d3ef5a3eb75ac9a5fbc858349aca597c44ba8fcdaad0611cda96e51e8f0f9947,d915b12bb76ece0faed56bdd6db3c90fc2dd47d6563c6cd51cc9e13566134560
9200468476351220100,complete,1ca44f81d0e10293df3ead9ca9b4c4e9b9494e3a7d865a41d8288bb0338d80a1,0e0b598d31f99df3070d4694d24bd43d6f4755a2d8dba1ea21615bc9a54e30e4
9200468476351220200,complete,bbe30db4544606162cc4a943ccac33072653e88cc91b2f3d0d7ae4da37c74825,c74f0faf2b4124b19a688cc69eb044c30cc8bc24a991f885587c43e4c13195ae
9200468476351221000,complete,1b113e6d576a72d4d5f3ffeb84aee707f991ca6613b3181f153301fd5a4e9bb2,5b62b2969d8772d0d8309d6fd7594d6a50ab55420961f4cbb3d4059c6f3af60f
9200468476351222000,complete,93fd0849d0a77bc24ba66c7d893e43fb5cc1a91a97831a6732dce06a393c40a8,1598b09c48c97035eb86e9eb52dd6338c22ac89c41207b74a46da2459247d0e0
9200468476351230000,complete,93e721c125d5b810a4df29417aaae66eaf04b2b2ee602373bbbc09a9951f08dc,aef767c6801a0b0a501dff2771edeecb1be74b723b4b7b761610ade38af27f9f
9200468476351310000,complete,63fe93732660068870c97ae22e370bc9c5a5689fd7e526aa5a308ff212659df3,bb765cd6317ae8726a73abad464c9a517ff9a88e7eebfd5f832ee38cce242c61
9200468476351320000,complete,bf6920b0212adfc892fdff1e45dd9b544709fc259ae96cf16846c1e216c0f441,b2eb408c632f1383a6ffdf1390bd6256dfdebd48ec82c3861d985e8552e9cec8
9200468476351330000,complete,fa35aa034ec7134a392bffcd724531f7794a3c1a532c0358e2dec1e1c2b8dbdb,8d28652fcab88e55de50af0c27b5631d10b667acdd69ba55aa3adf8e66a66a96
9200468476352220000,complete,85b038c21ae6a8fd001f99b8cfa2a3ef1abcb040efba821e4e43b847b69ba67c,5e2efb896a7121449e0c32504a8d7d6a57e104b084e3326d40a36820c6aab6d3
9200556504070220000,complete,9f316104f777f62ff40ae370f589f437d17914e308181d6475174f8625b329f5,1ab634806a08685e0566843f7cdf27574817bd7a358800affb630ff195e9b978
9200556504071110000,complete,ce61e188992395c1cbbc22b191723070ce46b8b261bff92e5d1497b75d89272b,9ae55c75136d12170efa4550b9ff118bd18030911e236429128feea011bf72f0
9200556504071120000,complete,9b3dc425c91cf58e67700f2a31052702a6220aa7fbbaaf6608b4cdb8daf97ffd,e7d407f3447c3c167394d75631a0920eee5ac9e535f0e8fb072b556d009e5546
9200556504071130000,complete,89ed459329823c0819fde9442c353ae29aaf1542275e40972636aa871bae7719,c5167447b07a9d786b2fbe71a3a1d4a04f964d05481ec3560c2eed4cdd16a2db
9200556504071210000,complete,0e4ba44afa697080dd098b13e2e09d92c6ccf1a928b70b4156700e33e629aa09,c1ed269365c6ee506855ee51d4ea76f1d23d46765795566e36aa9c23b5a6c8de
9200556504071220000,complete,23fa14b9b92de3219982a7eb74ac9a43be1738cb081e254061f30e74b5c1c048,044d75422b493d3ff2a2b654c0a847d5b50964684535976f6449ebc8da95dd13
9200556504071220001,complete,19bcbef1ae8aeba8900d43bb6bb3e70faa9e1ded0a2880b00344558941fe44fe,c22fbfc7638547391ba20b4b84bb24f5af78e93c7b4950cc7fd2759a52199dfc
9200556504071220100,complete,b997025185ab42acdf67f7a82ba02e2d81e953fa057e0b035ef09add534d316f,12f0d976b62987a54853619c51d74b2216dbfcf3b17eb80ec14b4594a150a0bb
9200556504071220200,complete,a0c682a5dec8ee9cf022e2799ffc0e0a23332e71558cfbe02037666c2035cd50,0e13961792872d95f4480436238382c8ec8542801d297386db665b9c090baeb8
9200556504071220300,complete,081d5628912943c4e366b005a153de234190ac59d7b650a14fc15ac09a8f5639,dad49336ab81da1f5ae4df9256c1b5735522dd0aac66efc4b6be307317cc7d94
9200556504071221000,complete,5135d5c16516817e094f0e3e9e8f1c9d021e92b4d192ca340f8764e1d9dd06fe,69a6df16570e0526b81e80642bde4e152739dcd22d27413fb6bdc2687023ff1c
9200556504071222000,complete,73b77e01688f9cca67b19fad091fb42a628f803f1a6cbe857b9787b6e6e8f196,4e097e0411798895389087c176b929223f914481f13ce09d262f37b1748f44b9
9200556504071230000,complete,eac7a831156f83af7819c97599ca23c355130897554555a9d3fdad0127cd98e7,2597834bf95108ac84a19b9d8adc8ff05069db910d66746def856ceb550615b7
9200556504071310000,complete,a3565633f55442debc7371d98256339795edd819a0e6b169ff9dffa2cdff6dcb,e86476255a848ec154fee3456bf9f6bb494143c798f0bfefb56d8618bb2f28a1
9200556504071320000,complete,0ad526c0ac124ed12cc88fb445624e049239383634e79e3521c18e924e900826,1741914df7ca0a47531ceed8a34bfeed388189a56708d2e0f7b7561e817e96be
9200556504071330000,complete,f95708a4b0cbc1f4e3433d00940d024d9d9a74e149bffb75089c2b40d7e6d49c,edcc746654af7ccacdbb288179c311c8ea7ba3cb1b95d655c9bb017785a99824
9200556504072220000,complete,d77bb98ba02f2ba6f0c6cad3a10d8d5f53473326cae61912de952b6bc14632e7,f35aeadc43576765e251896b7702487e4f42979e745eee1862afdc268a2cd3c2
9200632814990220000,complete,7425412e8fa7a3efecd2aa98257268a7163eb3a04d0c398e0565a3131ff9b97c,acdc09aa66aa89b7dc5ef206d1397f80a43549733bdb945543d17a93d16666f2
9200632814991110000,complete,5818aee81241fa7e3178c27cd83a70f703c9dd733ab355b924e9d4675ef02ad3,ac2d4a560314f031ff94715933feb738317f0d89d814876c64cc551f9037702d
9200632814991120000,complete,a2a19a92157ddb6dc7fce2eba0333fdefc261ec78b5b4b68f239a6a63e19212b,96b5fe9b1987d62f569c722615c3c3318a77649e8444b40b04627f7d44e510f9
9200632814991130000,complete,f12976e479433313278e3973119267dbe671e7a27f0afc55ad7c88baa555addd,9e1bfb471bcc3476e0a3d4477ef47aa43488d342f93b4f3adc927e7bd9c1fddf
9200632814991210000,complete,aa1b16aa4c3c2bec21a03e89bfc24bba38a3ef4b6848a0337364d8cbee981056,84337b5abb26740bae6ef83aeedbe43cc5422e5af76abe1f67177ea556f24cf9
9200632814991220000,complete,32245d61a5c2008f8290fb19e62a586bcf92876606332783b458cc6c426a1bc0,e8f405b4d841d390c48a907fa42e3f0d88f2612af6ff6891b2d3f6959441c146
9200632814991220001,complete,57adb0eb3c1f90f3eb023d519f90133c4c20a78e2250ffecbb8d2fd17f204f89,38538c07862977e7e0f9addf48380ff4a18c73e4b3f9abace4054af21d970623
9200632814991220100,complete,a6cba5cf96ae1a4ddf7ab0e348241bcc97594601b682953b5ce3c27584df03d9,58a8c07d263b2791343f33f38b51e95858069d880968e7f78fd5fab8118070b8
9200632814991220200,complete,21629acc66d212df32c3a5c69da2d1af42ac9feab534123fdf543e8ac516ab10,4c1e9e7443a1366deacafbc070be91cd886acc39b766fc7804ffa62a586d9cb2
9200632814991220300,complete,40055033d26b748b111bdedc2899d73b4afb14cacd476c8b34b0dab3f3e8c39d,d1873f7fd622741733460554cd71c7bb0927ac50793c425a0ebfea25d36d50d4
9200632814991221000,complete,a2db42126a8251e9af85333c9dc3f6c533f395d3021a356fdd0be90510d1fd57,f71d75660d4c548695f5a856a63a60e016585278e1d8bd136c74471af8b1019e
9200632814991222000,complete,c4d93b25a32e12deb958a54302a303d128ba717ee6891051b05ddb4effbf624c,d01fe5006eb840f0c8e88ec4b329afbddd40d97a2a646200c8fc26e12582caeb
9200632814991230000,complete,9cd6f44b89f283a682c4f52b60a36269cd2d37f9f0934e4f5f0ff48b9e3bd5ff,f3ae0f46cbc9ec5d69b8b17116cfda141cdf78da9ae8d12881bbc071445857e7
9200632814991310000,complete,010bda2c15ea80f351b8d8cabef72c06c3e78490906a2af539eeac247bca6599,8fc3bb6121c38864969c7ff34425107e64a0cbebe97c904695dfd89920c9dcf0
9200632814991320000,complete,05f1c47bd19b2fd86dc3591519f452685f900f629c23677a7a801c1c7b3fd2bd,79e7d8692d1bfaaa033db7322619b23557aa3cdd004da378f44beb5923dc9972
9200632814991330000,complete,d10c9b7cba01ed1a7a788345bd9bce855bc1087c310bb225b242e47f14016ec7,334ffd43f1d6d1caee4dd19450c0b00e350bbe3be270d33763a409456cc92867
9200632814992220000,complete,403f3a30a29e48560fbd40cff80405368ed8f8a30045a564c227186209e0bac0,c116210b745552b710016f04062d26c95a62e5eee7443451472a0686e9e1116e
9200651442900220000,complete,7bb4c9a1e058c04001e0f043475b8da86415f1526fd37225054b7f852e2b6be4,f8a8f42aae5befdd73baab7f7a7cf0432f863314420381068d52e63f60324ed9
9200651442901110000,complete,8f4e16a028cbff37463308a3168cdbf5e4a67cc3bfe20ae146109f3920a6550d,67439d4574370b57952fd97d47b7a22ead226971928f7b1edc439779825056a9
9200651442901120000,complete,9ff174ea1f4ce668752a0b29776f2645f91a584642d735d0b83d4a005263b519,a657e07e5cd52472b5c1afc373feb14f6a1b2dfe98f2c38df83cd67ad1b21c29
9200651442901130000,complete,e00f2eb366dfa617522708662b0fcdff4f7d67841a59a972f5c3a41dc84a42f2,85c1493d08cea75cbf3175d554fdeced49a95b6c889b5bed1699dac36d68ffcb
9200651442901210000,complete,d6008beefcdcbb2b5691cbe3accf98088986945fc172ff2ffe2109fe9237f3dd,d2c2c03e08fc8a8c4f732ad66f1c61866f2b09e44e3bdfceae02c63c79d71108
9200651442901220000,complete,f2f7a6e6ab1456840fc58f52dc3b0aa82e124c3c533a8e6013f3a2a8ebbc490a,04b488390ea7fcf218246f3a52d1c1237ac1a4a03729f001e59d01d0943f18a6
9200651442901220100,complete,01764369cab5459023a7512b539f97a305053a3f10a63a34dbaa51b3714a6081,7f1d434d995fe9adb9dd19762f45da58f4ffcba7ebf95316e261cd8abfc250f0
9200651442901220200,complete,498c209e4863b200ddea2136cbb66f752e27bcc9f0b0ee14071097dcc6f42026,80e729b756f95cb82124a4f5786313f025c50fe0866da54103e6e114751671d8
9200651442901221000,complete,c51d2cec2e74fcc87340939997ad7f157266c41f04b6da112af567b4086c5b38,d35c0b451329788941b719a179988400819ef68d9e28903687fb58f608717331
9200651442901222000,complete,45ba6cc742a4e0ea140fc218f924cf0cc863a4f8a15dc2e4393c2431ef7f2e18,335c7a19a70ffac484475498fadea7c06f5ef6b1ce803237f8758e78d8c31e03
9200651442901230000,complete,612c7faa5b5345af7789d0d90ce07c104f1ee6f68a4bcb1593a548fec38caa32,d8505fdfed3ea58339c91da732f570f8778b7e631b06b5747c313944311e9b91
9200651442901310000,complete,32a2884194c0c04732dd29b3ffd9bdfdebfa562100fac86ce034c4c7e15ad9dc,bd00b20c32f6eb5594543dc5e626bbc695b4e459e2a6f21e96402b26615a1d2c
9200651442901320000,complete,adf92c7691ebc75421bc7e61157819fa00faab5b6c719eff960844b9db119a83,fdb2ae8ce80df1569407287c49a107bb1f80493504fb568bce50ff429936f485
9200651442901330000,complete,b8075325410920efb519b9222b50cb36f2b86eea132fd1eb86fc6d27093cfdd5,fa056759d26f8cb5bbd76c04060f267b24cabcca221a2439ee8221ec76b68971
9200651442902220000,complete,1e6db43d2291c6a7bf871c6489aca380171b29293f7e683bf17d749fad57ca72,179d73bb98d0f05f7793d91b75aae2c138920a42326fb5fa93edb5a42f607797
9200725171980220000,complete,daa07b2a4fcbaa07e1a92fac75b1aa6f25409e5c08ce9c640f89fbfeb5dd733d,0badeeeb89a54f53a23cada610422f4da729963c4ac1871c0ed5f8ac51aa54e1
9200725171981110000,complete,c1eec82a195f739fa8087c88c36b55f180012e9017de617db311b85baada2dd5,02fafaeca463484cc5a2a2482678a6e852748e184491cc22fe5a6065c6b8343a
9200725171981120000,complete,1f9ca2741401329c3e9022843da38bb41603fab21fcdb301444f1d9e005c6a52,ac201cedfa2e90eed9892041f176cff52fff0a7ffb0e5558f9059b1469f4cbd4
9200725171981130000,complete,b34163b6b3cd1d1627e0e2b6008d8b348bee03b33c4f971e3dc6966a4fc223a2,55fb670e3f831c2d1b0a5b8832790cbf290591dd3ef85104ac2da88ec643a4b9
9200725171981210000,complete,34d55130a03ccf70cfd83fe28ad570a9198271712b8ed5d414cb910b467c0749,97ba65498e716545339805d783548c82628eac73259f41e0c387657e777ba303
9200725171981220000,complete,0fce5c8d0b807a5a3a1827496889f991bf561f0c180558a41479b2901026fdb5,90dde9c42cb7a2e38f71bf55ad8ec26b064b85cfbc24276328a14c3dc187e393
9200725171981220100,complete,26b32ccfc52647792bf0ec380cb9c6ab58985ea760bc250e1b258fe2bd65bafc,bbcb6fa4f8c10d053aff0557bf7a0ba0edd585474d710298c7ce87b76bab7e94
9200725171981220200,complete,56bb0814355bc68e7e526dafd8d6888b505ebbac9b78402d8d8f74d2d595efdd,a6d01902043510f986f2115a595461b9494dd2c07432c8f60e7bf6deb20bb21d
9200725171981221000,complete,956bc597033a154a5a55b02e2bc9173746343bfc55aeaebcb5796388c07d4250,543a51f51f5ff2529119775e96ffe24584ce3641481dc07ea12e20de856fc6f5
9200725171981222000,complete,64f6e54a1386c4149ee30e78634e7e889ac643380b28588368e224d640f6acd1,0cacf2d39a651b42871a6129dc41cba4b5d347576c042108c1c6b79b6ccb0f8f
9200725171981230000,complete,cf218903f111bef7cdc9fc12d4bc2297a90d38e4c37d5f1b14bc07fdadff55b3,8aeab789efed15287f550ffb16f9d300b70114bd8226ceaf4781a6b92412c500
9200725171981310000,complete,0f15cc68598a3def43ae8eaf99e1e4db25e9694589cc8671b8c0648590221ffd,1d1554aa7a7439e11282e74462ce30a3a0ea726cd87f6a7eef038d638ac278c1
9200725171981320000,complete,de0fe9b1b87b51d51edc2d3c2a0135548b8a1a7f5a214282341126afb2ad83d7,bf9c1f84895f6485d3f5dcb1486a1ad9799203e4f45add53d7f458256413a98c
9200725171981330000,complete,722f3fdf5ddcf12136c9c24274e5a18bfeea1e674436f5604bfc69561b05fcbc,dfc794fa7db0e2f882339bd0f94f5375f54dea02b08fc930f1bd5900360997f5
9200725171982220000,complete,8575593ab54b9478fec5f589491145c9de888f19cc5958a383f0621c870932a9,f53851e3bce9da113c3f6379292a41f3a6c96c240124352e9b254f7906c80ff3
9200726374740220000,complete,157e78269da7c459d57bfecb42ac35a2c5a71d8746a576077945c6f743951504,2de5a95068b986cb42191650281fa433625a65991f4e88904f0b12df2d1f9e9e
9200726374741110000,complete,807858167a094db73a93ed17dabc3c527de5881dfd84132802662f9a3f3630fc,f8dfdf680d50a41af0a23e3354f33639490502fe4cbf8992f229529db38ef91e
9200726374741120000,complete,837dfeb9dee21e52ccabb9a67800d4158e5b4de2582e8682e42cc0281801d3f9,8208eee3a368964ea562f08c75d0c36809428626e0b3fa6094b9bb2d4acadc67
9200726374741130000,complete,ad77cb65fa47b6351dd804f99425eeeabae8c00cca42fe9bf45d1e2ba5a2a42e,13d3a5cd7ba306be7fddaff68db8f916ba2eaf244d365ed051484640d0674083
9200726374741210000,complete,7e6394658c77854913b0b0bf744782e9089f35c6dcb5af40b5b0340089577e5c,1edb945768d4783cc45f0c7f5beae657b84c6be4370e4df6cae5d9c6af1dbc13
9200726374741220000,complete,b4d3c8b23f9a7814f69c54c8e5c3db273a1f417e34a23e07f4e9b927459d27a3,417d22a0aefe6c2becee12993ee098f04feca046264ff5cf64f37b3fc8d6bf37
9200726374741220001,complete,75e7fef73ce88d742064e2409aceafa782dd512002a8e1c14d93e99aa4762325,4cc57778cc6c6049869a3d1e7150700eb7623ce3584377005b25a3db12c53100
9200726374741220100,complete,27e8024e148d14711f9596d7f2e220c52150c7790204d1f6cdf7150ec0434de6,130136a3071105dc0eaedcb5b2fc9d82311d4506c9a5f2963cdccb6ed4c416a3
9200726374741220200,complete,9966324b49a1f7f2287e70eca1646fde69acf8ae3e0ae98efdab8c0b3414262e,ec88d11e51f539b7d7fb08331606e97b81035cedcd898e994015e41451b0271a
9200726374741220300,complete,55b6363ae47e68f8ad3ae1bb8d4a0c3e1e643bc46f741cc6358345e15ecbf550,9b833fb113cb10fefab5f9139a4e648efa3a64d9355b537397ebe15a8c7dd9cb
9200726374741221000,complete,c852715a1f26a242248bc4cccceab50f2dc00b9e5b6323a8363070bd78d5ce3a,759f1c96f873b513d4679d19b0f55def2ac67d3f5d0c4e863fc1024b5888dbf1
9200726374741222000,complete,8a7c4dc3afb047d52d34292302cee220f8133efb00424292b3d0a51db099cd0f,6aa3d77c0b93129f3e98637a23b6314278c73e355730385d0c651921953516ba
9200726374741230000,complete,632b4c6aebed80030250a643250ddfdc858255eb953b6c4dba7f48366750cd37,cd4dc06155ecd4ebb5fa1d49a9877b3790c988a14c784a13dbd05cf9f4f6fabf
9200726374741310000,complete,2a08b3adf199e9323f9021d547e0512d37eb9775646e00ec2bb10a2cc86d3372,b1187aca68aac9a2a77637d540e6ee3467da62835978ada4a2d39be378b4de47
9200726374741320000,complete,5b604812af8bce1960a49962cab5d25ff25b23278e690a18c79eef91f0e78d8b,402094263e3528bade85edd46b2fa93e6a3fb7ef0bf4537654f695957d397779
9200726374741330000,complete,270bc82ec76cca5ecab2a31f105235b2f51f8378e9fde5975491ed3ea87b520d,a6c369339cf2f4125cfce9e8b12a808defe9875a18c3e8db80959c74b46bd026
9200726374742220000,complete,959c75a5c6d4e80fe65ce801d83e438cacd5f815900dc9fab4161c43c4226c9d,fbb20e931ee9ce8689e328cd9b76b809d6ab6e60994af66cd2d1dbc082fa1857
9200793538600220000,complete,fa3a6909fda90b2c4f5e7e3be98c4f43eb2b93540efa07046492cd8968687769,18dddd68964b29949b2117b91d7c36d199baaf9809709bbfed9897d71b49e6fc
9200793538601110000,complete,08cfecdb5f20768d7fb861f1d6f1471f2e5a335b3c67039d91edbec93b496e58,c6f16fd4766ace331d8efd9a2cc742fb5a14ccbd217c6288c7b40a8b328c7991
9200793538601120000,complete,a3f3192d44eac560c92a94877bc2012d02165fbc53470f8a201491f043328e29,4d33eb76098a3fda278e3d9880f6d4d496867fe99c32be8731c378f48a00af64
9200793538601130000,complete,e13c81cecf387b4e89549add309d8d39c245bcb49f05a55c9abb5bf0138d3e8b,3cf379c9231075c0c08796fbc0e90c0a476a320841f8e094997090b581eae540
9200793538601210000,complete,90294ca0496424e34fedc91adfc33e207abb176b089e100ad1f4ef7744cdd469,766e03d0c0152b1fdafacab8dd3c243dcd3b0ee315a80d4a1302c7c6e47fcb97
9200793538601220000,complete,4435dea9b970aac5e0421f1eef4d3f41f7d584fdbdf7b68a685a22e69906ea80,a6a55cfad6f20f6a7b1d3b96625825734078bb8996a32c716593e2e0dfba750c
9200793538601220100,complete,5b8f409936cb9307cae8a48e3ae5236575a2d1f64123aff0ca13b6923d723da1,730df87fb34007c7a408442c30fa9ef1a28c57cb5c7d7206e41e015c0454f071
9200793538601220200,complete,66b336fec5b5769ce36072a41a3cbe411aeb52b33f321baecb4170c55a0cd784,348345bc4c918eef15c21443c395fb66b009abf53f334022fc4b5360a199c511
9200793538601220300,complete,a51a04aaa60e7da653819ec0447fba8214d6e7e69844033c554effac34a42a06,9e4bbccb8b077e30db6f74db18bd96e6cb6efa548fdf96ce2a93cf4876824444
9200793538601221000,complete,0930f20bceb9fa58c03ecb7e1fd0ec6efca1551c48006ca7382ee8f9a5fbd35d,a6834f03e6d7e622a1baa6cbfa7ac66546b759dc93229056e6bd84431ebd4d80
9200793538601222000,complete,647eb9c764f1a0dd0191525ca86d8b0b309c6a33e32f2fd1df6fd5870f14ee90,ecb891460f1e54379f4a20a9e2fa56417aa17a56c6ffa391df6c6f26af24d6f3
9200793538601230000,complete,7dd2bf61a516af260aa6156141c30584156d1bd2a1b9c86f4e0d165fe08c90b4,4c1251ecee32a406dc929c1c99707d9e58d3fc7d449be1e6c13de54912ceb935
9200793538601310000,complete,dd18914a08b4ce1fde0f7366f1626a18d4dda7f7ca40b8a268ff750056d77b51,4d42ec3565dba73d119080e8fece7d01e60704f8d8f9a3aaed45c07b852b69b4
9200793538601320000,complete,f97eb2d3ce8e81d42df87c8071cc6ce412ae3474b61123ea31039f39a8105e31,1a9b8864272c1d8b13db2e08317a2cb9051b70fa24f7702d6df045ce22392d57
9200793538601330000,complete,4802ebf79c614a0a14d99a64c736014b6e86707da484c9e7c10121b0b3a24557,ca0a85dd750bcb3ca4a6f9bad68d967a95aac5dc2ec1c45b7844bf521d3d44ef
9200793538602220000,complete,ed797e33a0fdd96a5a60af65153cfc03b44b8763e2a948b077c2a095dbcf764b,8e1116e9a1051156a16afa3d2cfdd5e1c5ba42a1104aec951aa7fe3572891021
9200818489740220000,complete,3c73543cf8480abd4c7f3e865b0851dea578748dc352f9d6075ffd2450303f35,bc887bdae7fda055bb626caf4f678dfbcdf2d056273057a090a15212d01ec49b
9200818489741110000,complete,4c36a768bb841dda217d8c3356c0b19965f13498196405380ed3ad46cf7337ae,b17a33c9072482be421cac4875bc00de3ea828854cea211788d1951d3d83f8d2
9200818489741120000,complete,2732ff724a861d18160f657ad83819efd982cb91deb07f593fb46f356eee0730,13bf80c0c03dc3bd4b7f028ac2debbf1efe50e657d0f4bffc2583ce1129dea2c
9200818489741130000,complete,c09e3d589558ae713ea8710777ff86bbf6655b4b2026ffe1f115c9a237514dc3,abccc25c1aa0334dd826f7415152ad23689b258cba3ac4376859018913cec753
9200818489741210000,complete,444a684185fce432d9a83df58b8de95610b4c5c99360efa5d6bf3a8df924ba48,2b66c26b09614f9373dbeb777318fef4be3d6e2ff197255ca2c947611642d557
9200818489741220000,complete,772fa836b5725b011f4bb1ab4efc9464a13f1bf4b2cf8c70a89e93484d04b855,d200a779698a48c6dc1321ab81e040f69ddc0122575268e2cb01e58c2d6f305f
9200818489741220100,complete,b2bf5f14b8a6fbbe705e096ad47dcc536d623548005045d680a49cf4a648e943,18cd06d69e105a2175679f3020b72d0fd789d8d00209369aafcb89ed059229e5
9200818489741220200,complete,ddc44fe1b23c1a368c6aba9a0b87a7c4e824ba2dab9c1a9980d4eac97790057c,b6d5674f6354df542e7d5bb9d6c14f0dbf135aec60f9d8b961bbd82730018aa4
9200818489741221000,complete,87b6927abef3d3e795a55b6296f1e34545f14587b000627d9f199e753887e9d5,cd9411ad8923873e92b0432ad2282c3afbf902b37ef933e90e0426e878f78a67
9200818489741222000,complete,67279633f22fafeefb91de80e81943c620f508ed8d2adc14d35857768de426a7,8d6a167c142a855a6a43c448cee8446cf43b1b75d91ab26f3d6f325e28ea2cf1
9200818489741230000,complete,c9fcb028307dc8cd1659b36522a4c18f50d06dba3f1f27ef55e2fd40f4103c73,fb9b18718a5bbcc3fbec49e329368b25bffe2004e9ca7fa11e2811f0c590fc71
9200818489741310000,complete,25d469c1ab16ca2e6ecaedc64510a74378de0c1003e4a9ed24173433ce859d02,95466b45343587edc1a198cb1a910241a9eef90d07dc7549147f85170d5fce2d
9200818489741320000,complete,04fc1ed5ad6929148a1901d6d72f3759fd5cf935d6ac50bb514f0726b2a8a0c0,a08b7130f4e7adfb6407a82ea4d5fea7d141c98c06d80830c0553e4a876105b2
9200818489741330000,complete,bbf9d195c8f5ef37bef1d8debe1bdfa82c67d9db073de22dddf78c754c32032f,7ae47d4606f38e06455978645e949388b03bf45c2dd6d042d98ef8377e5782a7
9200818489742220000,complete,5b0e6e75a44d9a9080288bb5e8defd379a0c563ccd765ea11de82edf8ce9b729,27ca269a0c0f95816103ac181f8fb0e16365a2af0cb5d024d7ec09ad4dc76123
9200880464870220000,complete,35f2ce6124af0324a24b3668ab5ea06a5f7550309c9331c128bbbad085cc4e3d,a87319d1ad691cf8cc23c215a1b120d9acf2930ac5640c0e2ef006cf7a71fec4
9200880464871110000,complete,35b96c165e906bf62ac50ae9896d6dea26d4e7f58d551a7cbcd07b92865b6b06,3f4d7b22349e0322ebdc15dca6e15ef7b109bd716c2026d4e211b9efc6a5e51c
9200880464871120000,complete,e4af19c3e0d162bf97abcd12c51a0fa39da2ee36b2f2134d3445d86f4ebfa8d3,51407d2f7bace183485437531d7326d434002d39c8ff305b31231d981044b04e
9200880464871130000,complete,32fb210a171c21ac3fa4d399b9f09ece7bea9658660912509c5981858d7cc549,7876420b98508281c9382a9e7fd18f14d531c44b9bbc01a74ca1b809582df123
9200880464871210000,complete,5df6e1d14dc4eaa65390225b031c309f6d79871128f544df69af9cea43725476,6b36b665b4c5d6a49515a455d858495d3b20c266e95d9622c0e0457d1b6830bb
9200880464871220000,complete,b3823a4444904aacb69d36a5533e71b6b827a36a53942376b0ce8af87119c93b,80063ead21d89926c7bb8b8ee3099fdd0cc792be8fe3c415b8d812d751a29835
9200880464871220100,complete,4e52a4c361075ed312e0e9d91558db503b781d832f6349a56fba1ce7898880d8,a2a6c054e54d36690ede4cf46efc06b2894b006ff9be01023c51eaca728da89e
9200880464871220200,complete,508aac94ef02bd075f9a627073d80399cfbc533a2c61e55fac58188512c26b69,dd60af09c9c650cfe408f331168d5f37106adf225ed2a207c09dbd6494a62457
9200880464871220300,complete,3c283fa2444b920280f446266668f3d22cf8a05562771a13e2fa5d639efffc19,a157cd0f3f7341cb8cbed37afc5fc8baab0b8f1ba4338f3c42973307f9049039
9200880464871221000,complete,ee63ac9f274d21bba6954e3d32a28b867ed03ccf6c7dfc9d719f72687cd4473f,cf28473f89fc1ac183b915ccf92e23734fbea52ddeea60ba26bc3f0a868b3f8b
9200880464871222000,complete,4d3621082d227e9bf378b97a428a730ca2bf2c1a04a720b6b50a3455d69e570c,d52d60effa542850b60e8baadb6ad10b9db47a7c1451997ec944d9433c7a3dbf
9200880464871230000,complete,9006bd5c7ddfb23e8d67bfb9356df6dcf45fe138c9ea7e2a724dd5a181ec2616,db7bc4cc5c2a7a2cba76f0ee04c6bd9edef20b2ade5acb3b38b5f22c1244e7f4
9200880464871310000,complete,d022a2813d8142f1fd95a3711252ccb694001055ea101ff44f8f615b345920e9,5e9f8feff1405c6b4aabab754dcc620cc33a3ec7c64c01d38e4bc67f630e540e
9200880464871320000,complete,1c800511e4f91957ca1d5c48d344e58f3b2504af982ac0d4a3a6ba1e653149b2,c07351040bf2ff2a17de839fc359814ab0a3cc2da31f84fb08639cdef2846e81
9200880464871330000,complete,407b32fe81b62060dd209e80d91cf79cefc8b5c0b2b12aa77a5264cf269d9a3b,b7075478bd412a033cd04574416412ea0026542d3747ae0f43c29fd89e079e64
9200880464872220000,complete,2715e9b75117e0a038b7b48882dc62a46b4a24df746bf197111e262a5f06eee9,a6328e7d43fcb4a6deb857b7bbae8d6a9f996069ae7ab6b2caef499b72b21d9b
9200947486320220000,complete,f63aca90ce92f2a6f73bbcea09df45a43fb191a0746648be41d1275d0ae298ed,b3091cbfc5a8dab15f4c39f4e8490f12cf4cae3409c0917cc99a9047cf2b5344
9200947486321110000,complete,721bfeefabdcdcfce43bc0a9c4750c24c741e519f04bb3f6e6a75a0622703291,f5772be9316241d6934dd88269176b2bb6309ffab59cc22be48bf0ca517af4c4
9200947486321120000,complete,adf7d8bd834022d970aa3a1914d05b532f60730b085372eecec4800a59068040,f24b942645e4406dcf457df7d6d7668e5fba4e66286a0197cd23cbbe722e17ae
9200947486321130000,complete,a3ec26203870cd57bc1c2907468bf0f4cf967ca0c9f55daf83cae3df72004373,5c96c991a75eeba874aeeedb2826ae13de3f167dff644840d5c8a2ab1030210e
9200947486321210000,complete,a89ebd3188e575ce01ef869ba8e49b6c73cbb112c74fd5e6a4d15e4f0044f20f,116fc7685d11479727eb4c155b70617d9c7b86c55a660a31a3b68c024c4bf4c4
9200947486321220000,complete,90424ae425e3234befea994aa42914fc0360ffa43f7f47edf7e4a3a5de025b86,c5d0e879d7e4c0a36cd8e07bea264f7a88ec5a6bd6abb6d4602baea60522dec0
9200947486321220100,complete,5a710ca4bd04199c9aba62586c5b554fb6170c15f7de36ed6d43c5e277b0dcd8,67b695ea6870d784f93f37e089b06c8ee6ed42034c3b04dbe0773dc44ff29e42
9200947486321220200,complete,4761b21a39c44d37930c8114ec3b71669cde9d644b8a92e147d1539fbc162946,71cf52ff6864e91d77e7e5938a19452b6d6303094091b6d0d4d147956e69b4c8
9200947486321220300,complete,12e9401bb4ca95f16a6ea8cd78a82b535f75ce98ae3dd371e6e28e7fb61a8919,3072a6a714b1f8c96544eebca186212bf348de507908b1e2a01477438e9054fd
9200947486321221000,complete,e9f12d3f2ac82618115874e783c25e8051669fa8a25aabbb99bb7b802bf81fdc,0466eac48fe142cef02d3c97f584c72c2b8a2681c0997912bd62787bbffaa9a2
9200947486321222000,complete,19afa46857c74f70586294c71ad8130265b7b6b1b51c977da17f38cd68d678b1,29ce626c6afdd953676d125605c9ad317bbb610966adb3654e1c3dca3da92c4b
9200947486321230000,complete,089b2e736ad25256675b5731770ff35cbf1dc60aaa57fd9490f3a225a3876bb1,767790828d878fec3cd3e4227ece2a85f7e308160916f249246ce0ad88593180
9200947486321310000,complete,7434e3dbc4b01c7024264bc4775bb12dc2627466872c20dda7626cfcaf3856e1,3c867a12063ca5600f15ee6ea4071fec3e05d1ef519c994129429fa5cf9b2b29
9200947486321320000,complete,d13843cc52260e4cd5be2cf3c973e0e9da30d170c49389c407b74b4426866f7a,198170865df53e3bde2c905e951f0e16d5c812166b1ed11945b571a2342c5c8c
9200947486321330000,complete,02a45eeb0d66c2658cc7a6499f833b443d3cd52628cfa6e7e16cd0a9a02f3ed2,44a0cd2db78d36ba15e8df8e4132490a566d753ceed477ffddb9955c2ab60de6
9200947486322220000,complete,3d7787049e184a625bb9cb99893f3ad4e6578e91ece31c7ae7d6d27dc050b6ae,5977116b5a885477fd90bd3ce37238dd29ed7b4aab5277daeb194a3cdff4b703
9201037008610220000,complete,b91b08b9353dbb5d55245344d9489ec6e853fa4578af2db9e73e8ff819ff37ab,ac57d276ea864e9ad1cc31fffd80e7539d884746bb14f9ecaa9a2aaa7c9b1a28
9201037008611110000,complete,c4caff7a88cf19ee865ad0ae7cef53228b897983b62f7fcec5a3e581adacf4de,1cef40d9dce85bece30bced6bd9d6ff57bbe6e2814e8f826f0580977db9fd862
9201037008611120000,complete,151c1b4f8f4b135edfc494f13e5a28e0335c74a78beb8d65b0117153f878ff3f,fab48ac32ce40014f9b4529112d371d30841f5fe0093a0e1683e78434fd58726
9201037008611130000,complete,287f1421bd5925319c89beae673805f2a0f22542f39b3543c7ad6cd5a8b67a1b,79f3dd9c26be472493e727d88f10ec992df6d1c898558d1fda7fd66572dabda7
9201037008611210000,complete,2c063fad5330c084ed39c6850263d5735e5e47ce2dc905cbd94c15664aa387d3,8fb834b7afd3f57a4f34b8b253e08d3965d1d7e8d4e7c9ce158016c5da534189
9201037008611220000,complete,a43536fad70260ee635cb9b5c16cd938895aa253bc4dec6b27e7cab475a4ca9f,a646e269eaaa585bf1508d58c2bb35b1c97b9b28d4a731dd7219cd401e511317
9201037008611220100,complete,f743a1e7fe51f811677653740cdf4ee50147f2a84038c63d21fe115999d92951,46867b216ee11f30ab6d0466bfe4cf4b8eef73321a3143053c4fd2613aee4764
9201037008611220200,complete,1d2cfd4d8856656861fea314930b226a5e30fc153e4bc8f1057c24ea9e6f4ad1,a06907a84859e141d6d4da8d54b7977730bceedbb63d953d55e3d9515b741e60
9201037008611220300,complete,ca01586d78d7b70960bb85967e9e506a46dd3ad8c8c0b5b77f504a1b967b11fd,144f8ffb48a7846ad5a7f3d1b904fe01122e3b267907eb416ce8c59bf481612c
9201037008611221000,complete,7276c9672fed55f7652daea630dbc247fb39a1c4afca7a9048f3f0860709b074,6e735ec55e9b1c782bbdfc91f510bcc14b1bce8fac10bbf3f552a50be011ed0e
9201037008611222000,complete,9f211cb0f729f973db022da6daadcaf4657e2611e447a4de0e5fa41cd4c4962f,4492e4da52e0bf309ab873b6b9c0f9be45840d4a2c64bf310295deabf59f7e79
9201037008611230000,complete,a4ce56051700ca007117e24b8e8ea98e472792f2f80ca9e443bd0055a0ea3d0b,b37cf77aa5acb2e17326316a34fc30591146bc58cc89540c94a55c7d6cb25ea0
9201037008611310000,complete,3a7964ee98514c55ab87bb2881818430d385f3d5c8ff3b8e287f798a60c4ebb0,f9cc533bca0032efc3600707d7630dbf49786a01b41135748829eb2701f72413
9201037008611320000,complete,be1be65ee3a2cff6dc29f1e65004d7e6708c5a9927ead69953e94e04af0a537b,da386c60143ceecfe571fbe7b8f2b83dca1382b881710a6d34e522988307b77b
9201037008611330000,complete,7c643cb9d21c0d576df2bc3991299991d363a7ae85dfeb318b851836b33b3289,9a5239c9186265d49ffd48d816993c4f88f52845dcbe5873ebf786b08847c5e2
9201037008612220000,complete,feb0f90ff9a70efb4f9f55692b12c32d8a58772e6f83e9b8c4c5a82f0ec9148b,70dd2cf4fcf4b70e204de4c38fb43a5c204274daebf2ec513ee9ae500ea908b2
9201140584470220000,complete,8a1a7a1c7984f9e87d9d4c14ce1cb451cd0b0a5255001ab9952cbfc1ff13ef07,3aaebffb9a9c9a2441559d37766e08e3bf5bfddae7c472ccfdb7a65731237c90
9201140584471110000,complete,58a2b69a778e2635c5555fcb4b2dc237603ff7b19ec6af31a4b7139e70e8faf8,d43046103eedc009752398ab6f96fa55e4a672004581f5b1b4314fc42e118cc4
9201140584471120000,complete,68191213e4bbf7763090157eed19ae98ff2d5fecbe23d1dfd891e2422412ba2d,a606f215fe44db239b4167f72f620bf1d66f7feff21815af166cc18edcba83a2
9201140584471130000,complete,a58bbf939997bb547cad4740939ee4bc08fa72d01a08e0deaa94e5c069509daf,9e8dc965875883f29563747ce9d5afe659f181e6c7467438fae2e06a0c31cfd1
9201140584471210000,complete,cf2605861288c56fb16496688b37e22f1f369332d74906e527f97de430f82b50,4f7d51f70d9126c5e2ab42e4122638287c9499d187eba752a2566de793ac9949
9201140584471220000,complete,56058cd4d30211906e4fede30842b3e1c410438b3de10013c15ec15a06b6fd3d,7e2178aa0ed08139702d7ada7958e3d16fdd40aceb5dbf28f597b9b48f898f7a
9201140584471220100,complete,6b186b58363749889b640a0452a6db629cd31fd6c185515af682ed7a978b019b,a6af305a51217b83a26b24ddfe764e2bfdf8f86df17fa27ba807505d6204cbd0
9201140584471220200,complete,69fd3b1d44df680a3ac5833b56df9d840b87a413f94fff567cc3be8a55b9070b,6186a1f357d522b0975e414d39d8d28b58e4c28aac92cc0813e2dc22c4665102
9201140584471220300,complete,ecfb2453bae5d94572eb768afeaa33fe6affac9daad8969d1fb429aed181e64c,6e978dbc5527ba8ba8f8e68889749a185889890f4072c81f25cb3aeb89740e87
9201140584471221000,complete,2e59f5a71198502f23868a776c13530817a5c99b3471aea70bb16c6a5e297f9f,b46041b5d2203082b918b30463c60991053a1de1fe201c2f43fc92921e0a0e87
9201140584471222000,complete,3d3e53d02c3639b184df4cc95acdfd57a5f8f67a89196959ea2a2af0f25bf885,4880953069e0bea729e51257fe3e2034df8b2f64644b2d251a30353f29533b4d
9201140584471230000,complete,eab736992d403ff3e2baa370eb683313ee79c78a7e7b03ef1913cdcb3fcd7e48,3d997aab6aaf7d8a02e17997f2e249e70abf17cd2ea29187ffdc03624ae5a33c
9201140584471310000,complete,52136aaf3bad419fbcf6cef1d70228edb5df0b508aee0a35ca7181969b49d197,80f160c50804fab1906839639474d92bb49b438cdccddfaf7f3ebeef324f4045
9201140584471320000,complete,05a5fd7d4b37c274653fd7db15a983876c93de61630c5e98dfd810beb4fbae24,edaad237b6cb2cfa5a9c3d5c69ae5aa0211feff83e8778bed3f64e5bdaa81a69
9201140584471330000,complete,84ccc421f91b06e3d00ade0342136da7aa03ce8a0094058112ddbb85e4c52186,af339765aec8eb3754b179e30bb04bcea768346bf180b1340d3f2284c7e290c3
9201140584472220000,complete,3fe4f247f0284b4f0e7b2df78fb5f081ce3997c7865ecdab2ec10b5095dfe6b8,6e730748569d2b1fd09424d62d7d358f199b2972654bf3f885c762c6339d9dc3
9201163733080220000,complete,3c437e646087d40d1b39ecaaed19bf13d3ac50c0d2cac482cb91adcc20b293a6,099c7663a7948b0ecf8337dca7901923e161ed91cd62d26def5df40bad1109ab
9201163733081110000,complete,4d653e89530a0005b6fb65670506476f44d2e47851eab64deaacd937a38dcb8a,58a009c5d20b5dcf59c5f90b5ce3831a41636bfab1f4f966a524d8187d63bd7a
9201163733081120000,complete,e4cee8260d06e70b06f13dacc0edb03356a6f7cb60e010c9405434cc5668cc0c,a6c9f394334a0f19554abd10a6f9bea93556512e398cfb29208bc79705813bc4
9201163733081130000,complete,47f9cdb1873aafe8d1ed4451bc6b6d99bf2fa438b247fb389ff0f7c27c52a7ff,9015c0aab338c5dcffbea8857dd4fbcb99fe77db1625cd3d160dd4af60116fd2
9201163733081210000,complete,bd3136177b3b715cedc78a520fbca823c828fe7abcfc59c6c2550f9eb36d729c,801eb0968c83166cf2b3f36cff3843e5f4e205804776feb5534e366c81f980ff
9201163733081220000,complete,3ed115b87e0476ebdc80b6fa7589a8950d69b856bec1111801e76ff2bff371e8,9cdbd0342f5ce9f979a57320ee5f926061bfecdf4c793e86acfef8054a1d7443
9201163733081220010,complete,209a85ffda978c65274d375e15a64706f1e5e9cf82a007c1fb9387f0147189b8,d932b66d863bccc810902c5f1330b105407fb5546a44e4464896b4a864210a64
9201163733081220100,complete,1419e79af6e772f539f672a96d5a736b54f544d39a52b40f3458138f5b1e390b,ebf7f2ef394c8f2d181da0f075fb9c4f6af9037a6280bd3a067dac306ae4f82f
9201163733081220200,complete,6502dad3a9e254263daa609c30ea847dc715d25e3dfc309051efee3f1fd31339,e6a2b8c36034f770eebd138316a1c6a1fd3059e3f7a9116e15dd3775f52ad2e4
9201163733081221000,complete,797fef2e7c26039987e9cd75002f801572ee224205d464e8abeb734de6786ba1,daa3dde2a466893316d623ee9043effc0ad29646b9a6b77a8ce2aae5bfd8d9d6
9201163733081222000,complete,dc246cb79a3c37be52a84cc3d676ceac637a846b10ab14d02c592664ebf824f8,8ef700d4be0abcd8a7cffbd4c397f8a4ee819e411b7c16195a6026ecca282292
9201163733081230000,complete,d1da78b42fa6dbd7eb01da27b2ac166c3825b1fb65124fe9285187ed6b199c65,8130bcd5fe3d4dcfc773544e8674f765ba5c94d8d1f7ef519f33c96fc9d23140
9201163733081310000,complete,82d9d934291d809cadcd6d8410ff85b9e164df18e619c8b53f0ce91d00096a45,eaf4b5d9f09cfebe3f5a292c98f3e7d60d69b6189342d586fec1e17e334d9577
9201163733081320000,complete,db5e10639f087ec8b3505b6bec3924b5b74f872b682cab83a736f78f14839024,3def77d3f2a94c12a57820004426d7fe9a8bad572bb88fb2d65348e172a16725
9201163733081330000,complete,b9981a07cca54217ca635b47a69bec55868d5e293ffa69431d52bdc10e21cc0e,3bb60da9dfd9ee0043006510be089a4c849627107654716ed95bcf2928eb1caa
9201163733082220000,complete,f4ebb98ac7cc3f86591416a197934532ed7e4fe1368320df2f48fb4f2abb5f5b,163ad5bc00ea3c199209b2832f9d42645ced5aef2bf17235f15615962bf533f4
9201411794950220000,complete,9e6966f6f2d5c8b15de6642e468e12c61e60b54092ad5eb0d9eb0d7e24e3ef05,bd1868f7c9175485dc273c0d6898b92183fc4333499c33c68e0d7c6f41995be5
9201411794951110000,complete,857350f8a3e9ff3d286976deed7d6941a04f6395f2e53815cc900ac334724cdb,e388d8a62be4280300e20aa8425cc9b159f4848ecdb7dfa3b19d74fdbd931131
9201411794951120000,complete,b3a257645ec3867d3a52e49b5bc1895874c1063d15c3a3e317c6776178ebc882,94089789942a38ab73f5bddf82f1b17cfd464ad17e356163bb3340d61beb8b3e
9201411794951130000,complete,de665e5146876952d4bb92f9e8ae638a443906d6e54ea1e5acded2861df757a6,d131589058ca074df0984203c44ac1d9897d218bfaf95ed5e08ea615f16a8637
9201411794951210000,complete,a1b5156816722d6314943f91115a4c43a2d0164465fe496e70e79be87e5840c0,f065e4b4a6cba5a0bbbdf7d53da22d6bfc1eb4863559b8426babfb2336692741
9201411794951220000,complete,7067a398a513f6aacab4dc0d1ac980f0cb9fbb6cb33f1ac091e7d5b937f0138f,cb7693137e31ad46a4a9ac8b847f92299d915bfb67af37f38b16ffa89653a971
9201411794951220001,complete,f2cd79e0b629b6ec5babb5a15b08a5dc87b2503a94070d68f5cd7ef070f98f79,59027a6fab4d4c6d2a401c05b3545c95710e5b7c06c3e9d42ec4251f3263895b
9201411794951220100,complete,dfd859228cb9de956fa589a9f191a1648449d9b57b3a791ad37f4ee07c25c480,7b79013390127c82116bc341536c3bf0f1a6389fdaff508fbb67509a3e07ed25
9201411794951220200,complete,20c13ddf910fe7215b3cada1fac74615aa3b397861e102daa34002cc1a645277,8a6baf7ee81395e7d2ac17e9ed2ff581dfc608244f3c11b505e0a7f836bcaf55
9201411794951221000,complete,63bfcbb84f2a2de6e96920a458cd2986d34a0c75be3cf2525394a5f417ff1602,2200059b903a81f74b9b5b8d12fd565c5340008cbc44471539aecf2f664418f6
9201411794951222000,complete,2837c7cc818ed6dedc83dedd0021f70511b6f062bacf2b88f3049d793f6caa3a,088c427fe8894d3779c6ac8fe87dabd008ef050154bd582220b8d9c03daccf47
9201411794951230000,complete,54e862aa3f377662299658acd58158e69c63eb82a6da44217d823bc47edbcdef,45a703af1805321ba992241cc6feaed319bcf682255c275305f7d68086ee5c1c
9201411794951310000,complete,2396023fed461796ac5bc4bba1fb0878a84ca8b4f83e12b3c83a06193f8cce02,5d6db04ff9484d7ef0177b3265f488c635a8f51fbf938993b4979134aee83664
9201411794951320000,complete,7866b9c8fdf5f626db30447984d48295ee1af6bd4819373ede3f46250f664f50,e7c164e8526b3c22d16aa20df3532f20e9f524e88a61bb8c6878c6f08ef32e73
9201411794951330000,complete,05f8bac95e8d54ff0a24e29fbdf4de8e0fec0bcba1eda5ee598331982e8215e0,4df76d3476d09c51f42cab81393fd595e147666482ae768d46638a964ce8366a
9201411794952220000,complete,3e81d763037bbfe1280c112c7a0b8a5c3b70a1d5d683e4096170858924796a80,e3603c7236704d426c13d35088ed2c14dfff7a54a73b17b11ba6c1af809c0e81
9201419762470220000,complete,878cb9d627d6042b7e70c9076f2a1516096ccd43031c44111adb88a21d181393,937d33c7fa5f7fdadced7e570e202569be29805894ac6d0a0d5160c7e10add5a
9201419762471110000,complete,b87f07142b4afa5a6f3d50ce8dcd0885a221e370a2d5f3ed12d2d6360da5c518,de2d778b36c9c3004c3e05add49ccec1568ae63125d2470e393fc6c2594be910
9201419762471120000,complete,fcfda66ec2bd68c867f318cac64916bc6f29f5f2ecae49325a775900c47b2784,6b73531b3de96d9746e402791abcd47f78669fce51d7a029e81bba31ceacf84c
9201419762471130000,complete,f95c6c71957b01a71ac012c8ce04db615c21c3eb12fa503e96ef28023e44b0a9,6230c9a148225124dadac0eb1672682108317ff9b64de09c821ef362f4814132
9201419762471210000,complete,a62fb270eaa7ba52deacc0201550c1bce719e9bca597f5973019322f0f220cbb,3f3135a1c26aca956d0fdcbb5d684e307672ac44a2f95ebe90e9bc480e023234
9201419762471220000,complete,91a6511ec25b7822aaeefcaf03a16b3b0d62d9509eb5d236262d960590096d01,72bfd4d66b8b9e9e626e32993769e6227f1d743d699ee6f676eb6923c95fe809
9201419762471220001,complete,b9b100a8d0fc492efb97fe3a009d05c93e2077618bd9605b2db5149d3649e77d,35e7915545afc6a7974ecc9b6b93b758d93e35d42c8a3e0fe01be615cc49b23d
9201419762471220100,complete,1d813c36f72cabe97c19e95aa78e6815353b0453b4aac0c9e3ab4d70ae7c62a4,0d9b22d029a4915b3cfc450bc074ddbea6baba05baf534b0d665232eb8c0c5dc
9201419762471220200,complete,a9c84742a6d218942eb6f7710c41ac05706c41d163d8025fc1096960fd84d5d3,8eae888f50c81c5a7b3cec628ff0a1599b2491315466894bdf5a977820a1747b
9201419762471221000,complete,f8a12653b8f4168d464b7765f54bab1b6bb35788ab38047426f11f20e9a96e14,c47a60a3cce6613ba66c8537a23df26725f0991fe364c3a09de5f8ba2285d1ec
9201419762471222000,complete,3c5c7ede1cd8dcba4b89b5aaa04c4f53f795cdcc881ece2322b03a59b8b8c985,631a501ccc86c45e21978d43e5b6fb418328d5f901210e9ede80bc8699bd6a34
9201419762471230000,complete,45bfbadbb5169169554f04dab7af4949a732b4f1ce7b109e89a129f653496798,60ccc6cd7a189bd9b1e232100281196740026225f446f33d032b888e3af4aa4d
9201419762471310000,complete,d2dfb9acdb35664bb59da32bc9c32c61157c557388f64ad26215e9554f6dffd7,4c4d435cd2add2c129e43bea17e8525b011d81317aa6f84c640c6989709de87a
9201419762471320000,complete,76756a77b6277c7648c70b19114fd080d00be558c5897124939cbe6d634b6afc,5888734fa1e0eb13acfea2ad37e37dfbf82cda9cdef5f1a3e227ff6a511ba00a
9201419762471330000,complete,398c39b8897ca6b373053bda43c558b368043afe55ac11a99fd5c5f00458d215,09d8325d0f2c4973d3c3249241a53681a32280e4f776047420f6d12ea2105be6
9201419762472220000,complete,aa3ebbc3f11b1e45da9459bb83e66b3bff64f2493a33b1a56fc00cb78d0bc953,79415fedfc6415a51fd305ea7acbfa3243beed4ab7596d7b9f354b7708aebc5a
9201498638490220000,complete,f8ab12442727d7380ffe695caff2a7b8e32820e7ec0f387086c6ab798e3ca905,c5a75bc3c394ccde2f16b89206f67f8468f8c945af70a629217d5fba7cbb5fb9
9201498638491110000,complete,857d1d80946cec20cc4f0c6dda96fc1d98870fc1e85a0971f39ca2e4dc26f48d,880a2ad75e4182546c251440daf8fcf51f278f584b3f7d7a41e22bcc0049c3d6
9201498638491120000,complete,b66ac2bf2a3c2dd1b337e72e0bf7d6454246f8535f11a1633edb74387417e86d,064d7948071a25763f6ddad6130eb5c3db3ab2b4015f4e501cc264b14b712b9b
9201498638491130000,complete,5890ba6419f6a36f4b53818c10e04cff0b9818702c499de8dcd68733b81d22fe,c1dcbd987beafe4cfe847d2eb6a75bf8f63d053d00544bfd48a2d48391fadaa0
9201498638491210000,complete,f4f9a96f5dcf937275c775368cd114ec00ab56613117e1e51788ee92f55e96c0,768d5953a679257095a28ef4218b583ac54326afd27f85969b9cc083b46806c7
9201498638491220000,complete,f5194411e9c93ad674b1e09a8c0e9f37e07af9a0ec2fe0439844319600f6b0fb,b9819c22fc0544a24698f477f84197414e5ae535cf12537369c609d2a010f4c5
9201498638491220100,complete,5f6c7082f0a70d1a5aee3cf6e8109c73aff8891d2157e13288814a0756993a3c,93f697af8776b8f33252de1b811f2dfee05827073ca66a0d240e6c2f87fa8332
9201498638491220200,complete,f6fcd3cc33d3481d728a957beef0ba6f89c84076eb5e17d23a42ac0a7a444db0,99b0c6419e06a6361d5bc115d155f1855f9c3ca74f4939c48693ae6cd44ce20d
9201498638491220300,complete,66650430a9a73475354645351768bcba0d260607ccbaba3be6738d58fe8b3e3b,2d0adbeb6bb848baffb8ce8b7cbba812c7fbec2581b0f1deb3047414f5621c98
9201498638491221000,complete,9160daea74594e1c2d7bbfbc4e608ef463cd0beea5cbfb1bbd1ac089de792298,4a4d459d6a954da7742eb4af011f12a8b9e5b2b02ad81630213deb9d37c4ada0
9201498638491222000,complete,ba9942b6affda1f620791179e0e045c65c95c7b34ab40c06c9a315592176dd4b,dc19f9b4c5b23a3f1fb4efd296c03a2f8c1c41c0cd4b07c78bc3c62e16116ab3
9201498638491230000,complete,615c417e7df56bd65ae84ff340a90b644b75d0b6047313fecd5fc4edb04b09cc,0b3b67424c0b3d1d3e8600e8aa33b0f11297f47b83c365f368a99fcd394a0322
9201498638491310000,complete,dc1cb85f72aa51482a91fdd451a2eefc71e84b24bfbee3d760f08ea4506ac74f,0e40bd53c9b5648f80878feeda16abc9b75ab23dd73398043f5021b3b5c37527
9201498638491320000,complete,111cb889e595aaf6b226609e4de092c6a77f1909bc83d5850917c3654647b36f,4fd29e0ced6225845c68905e3776478f4ae6acecfc9c11f3085bb75e7217c6a2
9201498638491330000,complete,525cfce04d74ca6e6167de8d192948469333943353ba44a9838df97b93c51a30,cff81cb6ba2ab324a83d563bab2fb59d57b14c33a32bf281e3ece52ba6f1e5fc
9201498638492220000,complete,0c4bd9228a99743c66b1e2669620429777d954b3add092644b84273b99596de7,f3555e7e9999d47adcb5288831e1ff4b878e78e3413be26d610b9517ae9ae106
9201560646570220000,complete,ad8e8003e1b8cb1ad5258cc8466c0bcac0f72419601ef197824951b816baeff0,d03f9b0e56f1ca124862f28e50914609b0f985d6795288541c30a41b154f6f39
9201560646571110000,complete,2205c0e15b32f82c15076f6a8b3606b8ec0968c5e0944a57e0033b54a21eb7f7,e6902d31a4189f1afcf6426a55d95852b7484ab572233e13cc09ba36205bd720
9201560646571120000,complete,84e36413e1e1b340b2c1ded1ca9cc8ba5651fd5eda770520567e1776e44c4662,43e0045eed7ab937729062ec576755a8c989d23bf239e523ead1c650817f422d
9201560646571130000,complete,6e068fb0fd6525823f8fd01e4c7136fb38da4639f15f3079384cce8b7972709a,fb1dda0ba1344b57bdea73259f5e7a48427893b96202c7b0514e1848a80a3d55
9201560646571210000,complete,6c9cfa25ac4210fd6fbf9c3f5bfdfa061d027afdd741e2f4ddcf0f3fd90332a4,5016fc227bf565df0de828a960869abce8c24d08918d785b6e36b6ae33489781
9201560646571220000,complete,f702b8b61aac2bbd9c85dcc2236dd1858225152880a16fa49205f5843e6720f5,9e3288a856b79e06c5c8cf17e654ccbb09796a9993cfdaefe2aa09b040419206
9201560646571220100,complete,e7eae7912735387fd1226a6d0c677d55c0a8690e9e0b16b03a50b7988d54572c,55db5f61273f7e657934e9c41d6215df082dec727487cafb7c9c473d6056057c
9201560646571220200,complete,1a92cd301f6735bd1f33c12ca30006f3dd3073c87c2cb98ce8f05ab81b8f434d,0332f5a7730f76881d83ebde7917ba101499266c135a3e2a91ac5975d1172494
9201560646571220300,complete,95e3c3f069360525a1687df587c05d7304a6457df354781f35b7af970baf191c,cc40caa5752b59550c4f0a9c49677897fd87f48811ce16d21a147f4c93d27b20
9201560646571221000,complete,725cf88fceeb3db8a26c56842422ecb4b9d46cca284f5b22e9f0cf71ba0f53f8,02906c5e06ee6656a192fc1f58921aaddc58ae5c79e9594f18b49126e80f5235
9201560646571222000,complete,7ac8592d068ce5eb2d4ba360b2e546614e94c301def500ea976eb546ba341ee2,a92da038eafc9f51f6bf80bd57af66e8069c1d5478e9f0c77b09ca77fd04d9e5
9201560646571230000,complete,c602401553a209b5446c4766a97518eed1a37dd18ca353415935842ede735259,ff3eb9a169a553cbc92a19802a38bfe169e17236a9e6aa9df6c35a019eab92f7
9201560646571310000,complete,0ec43a0b714143f40f5820854762b8cc212d58f2dd1c9253ca8023aa0b71d7a8,b16c35dcf5378c930d99aa5bc5f264b4f453e5aa82a8b25eb6335824f83eea90
9201560646571320000,complete,1d7653578f01291f6c48c62ce3d660b8bd224c2f790a6711d27f9e243820c268,5bbbfd4d3503b946636515fe1e356f4ee86044fe73f81388b0b2f6b2f3a896d5
9201560646571330000,complete,f55a39bfca20e02354c00d28e02c551d5a00233962a8bb3da671f7018039f22a,c73b913f851cda1e05d2dd9e6adb9ccb55dc90caa1b263b8703905dcfebb6c98
9201560646572220000,complete,b63fda34ec0af07ea4ae7d5d5ceb57452ff27fa0e4c4e682395b5befec58e79b,6e2d9c2021a26609112560d4d7ae0db93c84b4f793f38de30df4f04ed1d1bcd9
9201580681170220000,complete,4fdb02d6df78ab83434d200b9172f381d875f6d803e1bb216ac4dbf734053b07,f8883ff2eeec5ad92aaba49e4c2e6b0c38c95773c716a0b62fadd7cb8967ceba
9201580681171110000,complete,254c6903fcda0707442a9dbb1d755086f7b4325020000569fc3eda82207e9eb5,1140ae70d384e06601d009c7062ccb3267d6caa04da56d03f70b293217802af7
9201580681171120000,complete,5cfb8571e1e20ddaf0135beaa02e819b173bc4383e54c76d138443773948855d,21b9cb6cc3e8ff0071ff143d9fe63465eece556c812a81cb2916fce5c7159d34
9201580681171130000,complete,fdeee2a040a73755e76963c17a75d4345653ed323e55d9a62269f811f36da207,f90f0ee38065a721cd6ab93b417efc1e6beef56f360f749f02205c159f043c41
9201580681171210000,complete,420bd1d2d75a50258f2ba9656e7b53f71e3e04424c554e8ba7bedd5a45974d89,fe4fbde28449f91185889ec717c428e9c473ea2099bfab800cdca8cc5ebf7e64
9201580681171220000,complete,8cb5100d5f3bbf34424e215ec1deb4858878ec0697a77ae4ff5701c68e44c595,c43e3add3c9795b1b9fa2978fb972d9368e1de84170de429686d5ac5ed5f8517
9201580681171220100,complete,7f737174c41d636cf3b20aa635f43f3fb4741c967bc374ad4f79e72082025aa5,f134462a51b3bdda1f63bb2b1961dcba986f31858a2b3c8987ebfebc5148ea49
9201580681171220200,complete,ec802bbe61cc636a97f1a97c85677a9cbd9af5d5633285a5345caef46d8345ac,f8a4fe742fe45a120905072af21fdb16c5565a677dac291b3deff4875082b76b
9201580681171221000,complete,8f4f63003a0f64a580800cb4f03de7caff8f55f23caaff2d7ea7967bc67753d5,fd54070e12637a7f64075d52f69476f7990684f42bc27d5c1e92e2ada73f6b8a
9201580681171222000,complete,f77b4d089746126351fb915c6f2dcebc0aae8e48742bdafe26d6608b6f3e78b8,8a00a3399aad1f71f596081cd82f1a2d99be1535bd2d4132fbafc9c73ad536c8
9201580681171230000,complete,b288680a033f4103d12210d87f5d462cb93c46248d1b2e661a0560805bb12aef,b65f525205e7671e25c03da152862e73a9a9131624adbe0a43e6d04b9812980f
9201580681171310000,complete,c7eb5d1ff7c8f19684a1621647a669fc048fa24490aa331dd824f3f336be4f87,3b6db0f7811fa254df3544e4cfb8f615eae6248c154201cf5e3dfa9e51938e70
9201580681171320000,complete,3cb70ac00aeba6b762cb7d6b90e39c18cd12d9156a48d11dc3a79d0e65d45fad,244d3d5131d26e60ce0d71befefe6e298ae683e923918b61590c141f4f1a2a47
9201580681171330000,complete,bee5799fb49b956d5129198f731d287f87f4c2ac2edfb892be805ddc9a8a7630,0c07f3f9d15eea9554b815d82eb0d2785f719e4ed157b4b9a47e87f6847111f7
9201580681172220000,complete,5e12796bb715ecc1dd3e5d9171a6cad6030dce27b6553cf24027e7645bb656b2,2c8cee954605381f547280f5043956ea24003a9b1af46ad9ce41fad2550f766b
9201599731520220000,complete,489fb27ba9970bd8edc8ab773e1d564bf9c0d7646254feeddebb44326a4fe090,d6e16f7078a17e67e3e9bae82b1440f1f4cd24ce458e17b83dc6f4f1004cb7e4
9201599731521110000,complete,181a0075c7e8bb552dfc3020be1961e9972a5ab5f043099b60c7b7201de43c1d,f11066df7f3f5640d28ab50d9036eecf993ded04898695f35d2e2a4ad9de564f
9201599731521120000,complete,5443117ce93a28cc677f053c919cf5cfae8ec52bc4e1fc0b7db11d2f59e41318,40e828972540c6d3d223ba1f216c357eb4d23bf43c4bc1382f7e388e66f3a4e9
9201599731521130000,complete,927c553b87e1e0e1c34003aefda204f6a09185a8a51839587b39285a854f98db,b4c1e8f79ee5c1accf983367c9820b847b1b19c53522cc11bfd5ea872d12d3f2
9201599731521210000,complete,131386c8cb9bb54bcd4fe6eff5b73ddeeaf8ec1559060c55e297f6c5dd4804a4,c769abf86b48bb554dc13f6ddf81d1e8b0510e8ed35fb3d351d72ff3f73a81a7
9201599731521220000,complete,b13c4bfaed7e3b8c7de9fa0540c5869fe8ec32360aeaa440898a6abbf3b89451,b4993ceca500ca7d8db77f2639e019ea50cde76cd77f6d5b1c7726a57c8ce032
9201599731521220100,complete,0d83e7c5685cae698f3393964b45625a24ebc0a4e47086ee1c35b9ab35f914e0,21f4b19412e4ca10f2eb55f809a403840ef631cd3f0850e239f7cabe0bdf4e3c
9201599731521220200,complete,3dd01bf1ea4a834cf1db921a55c3cbe1634e18a544af9569ee644cce60c64cab,5242387b2aa48c844fb27cb048e03db41e719c2039819e6909c7412af92d3bc5
9201599731521220300,complete,7f3c2f5021836990f039cc45ec0507c004641cb18eed609cec42e0636e542993,60f4748530fe5575952dda46a8f079251022f67596f34a1c7ad68c2ab0089528
9201599731521221000,complete,4a3b1610091db10fffe456c105070b9706f5b224c7731045747d219e7b942572,1fd6e4d635408f9e54246d14a27a022787850906e34b5e8d014ad208bbf0914b
9201599731521222000,complete,133ed43452ccf285304208b572c82809f9080337ab06b6fb02ffdbd5c9e9abac,a4961647de69bf2f49e456eb7ad2ed7a2767e02e0e2facc44f24e6bf3e257da9
9201599731521230000,complete,2464251ff96f4f3f8ad035416c8bc53bef2b569741ac25aa47a3757ffbaa50c3,6ebba544f33a515fbae3fa6bc9388db3206d2c610c86f6ac2da8bfe7b8f78294
9201599731521310000,complete,a0f5da29eab34c1c35f9806c273c77e27df1f00e7564fd14ce68bcdd11e552a3,b14986e504670db8bf822b3d84ff28a2a0c530496981ecc8cf2393b1db51fd12
9201599731521320000,complete,7c8684469f29b3b8110a417316fc62b21f4144fb9bb92d3e652fc67cb4959f91,65200a4185a14c480830402786c0e14bcd956130eecfa1fefe248cd5949ff387
9201599731521330000,complete,b4d14102203ed8d401f19497eb5951bd92ab26a6fe4871f499077dfacfe0980a,7315db16748c3f316923fc534f3a9f73999bcca6b73a12134b857e8c8bfb401a
9201599731522220000,complete,7b90a3f5c3e054f854932bd882415fab181644a7da29321d81a90c4c5a0b9855,2639bbf0169cb5ba223027f28051a7af621cd98595813cf99659e9bd2226192c
9201674865430220000,complete,0c3f8a5a08d9fb1d5698680eb1b7e8d3a98a289df5b5ab54b2e7fd89ccf417eb,403c7ad3985dfc26677aa152580326ef7c1c6825c11e23808041d6b713e4d997
9201674865431110000,complete,a6557c51b0af12dc949647a283118e6cc7f8ba526e3381556b4103643585e197,3735d07c6b285e28bb68e82ba6e712dbc0b2aa383c810e4979e5ca59dce38605
9201674865431120000,complete,2338e37e9f3fa59484b0b10eea524962928e45dda56bc5effe8e951b2c4d80d0,cde322d08299370de37b93392880890da78a8897ebd27ec5ac4540448e84c5e0
9201674865431130000,complete,21d4879a1aa9760148fd488b8e34504a9d69894a9517435b76fd79629200996c,0ac89865dd2a98fe17c686554b6ca6575416e7dac7bc2203986050e0936f5713
9201674865431210000,complete,414b51b66183104a8d1b10a7aebd607e02805aee1e584d2d84c90f3a014035de,ff2d4d0d44bb640d9d62f4e7e202cbdc44d443f89099564e532cdb795db1b740
9201674865431220000,complete,d90353c04cd62e15f764745059517c6bb57e40066ed821bbea03439f58919c60,d9eaf3436cbccfe9ca73b7de2f27552b8804e0255bb5ce67c7bf586c2a554588
9201674865431220100,complete,a55dada5eac3f44ecf543dd7613c759cd4804ddeae6b0d963b01e671c6853919,3fe5a10f348b64850bc41a67c687b5704fee41313e9c92526a1c61b34be0e019
9201674865431220200,complete,ad526d557cfb688e85ffe989877e694c07f3df131dda8566deb02d6ca9a8d531,362f1227117a229af6ee1beb74be810ac5e04c43ccf2e90c7fb9460b36f6ae47
9201674865431220300,complete,2a8aac721330f58edec75c7e1230c0ca8d35b418d8edfb21af3b325568102b5b,f8ab65169f23e16f71bcc95317197edf1614e494396ad9a6c01a2b6ae8e9e4eb
9201674865431221000,complete,35160fe333bc18e0b10c20e1897c3cf90e7ba97309997df778ff0f4d09f8bdce,3202eb61f69b072c3ddcf2bebfa5a5eb975e8da4cfc24012baddcf1377a38c00
9201674865431222000,complete,d9e6faba820c293df765915d9827e43497eeedebacfb101809a434dab8a73dd7,0ba8271062bd22cf5ae68fc4e912f713919b3b5bda6fe754f80642d4e9bf303f
9201674865431230000,complete,b02026a3b441bb2561f3cdc46a0e72c78b8f1ae7b0904f6e7ee45167c9a33aef,3c031f1ee80520d7557caa04e49244253746f8d5d9436cd6b6014561804de32d
9201674865431310000,complete,b132f3578b2515694bce2feec505a43e8b9f60cf87e87bda858d55f8da9b304c,d422616336a916a1181f693f80129df9e95a5fb8c301813ed020fa68dfada5ef
9201674865431320000,complete,09e6ec365d4a9d0cf7ee44a07f976633e06a960413f2504a41d137f9ca5bf386,d6bd9e6c6beac65d77e61d635bc4f0f91d44a3ffca1e7db2222197afd715df00
9201674865431330000,complete,2284ce7e53365d6cdd5c74e9aa00a6ec8add9bfc7ef41498c7f7d751fae4080c,d9fd2b71bbddbd0edda563bbba75009f69970a41683a2cbc91ef9669b3093173
9201674865432220000,complete,5ecc6282366d9d93e9a3c5097bff50472c73b527e1f905fa2669684eb4152c39,6466a2dc1fbe17767480c9dafb7e9732a82ed02342c6741d7c685df38a88e261
9201880872040220000,complete,063383db9a84322707f6af4e7a1c922df28915f5acf79253a3330e0ecb137b19,2c718639f2acd478d618df17403b98cbb0d877a3518dd1a590f24270224cca1c
9201880872041110000,complete,3a076061e2da3d996cd67d9b1b9277967f9a51b2b1ebdfa385ceb45009af81a9,b7d252c381bf52ea56f72a4f6a626bf4c845b5009d7554825ac85247b69c8d26
9201880872041120000,complete,6ecd813243917993385b100c754165c61995836608b3cf092d314918f62466f5,37a468290cc186aa218e70605aa745dab1d9fc366827697d2caab1da06504b6f
9201880872041130000,complete,68ffaa221277b7371aa1d06d2f9fdeee2936a39fc15e94ed3b17d9458f42dfa6,72d53bb6e16e916a280dcabfc36ab1887956d7b28ada72af0e3796266b9dc109
9201880872041210000,complete,d4d280e860b5713a1ad88911684268fa897caa30b651e9597ac85ccd4fa2dc08,8a60184db0bbfbd4df1ffdbb35ff23a9fff57c7d440c647b82966f8963dea9dc
9201880872041220000,complete,179fde8934ad5801f6ce05d11003e8907ee57cdaebd52edf7b861131024c3272,ef6867ab99ac63a2cecfc2dea36e2d614021d9778b499797fcd0e151717d237f
9201880872041220100,complete,2f3cffa539c63609ddbfa5afa9429d42b14ab6263e7eeb78b8755c892261dece,2d38c12fefed6c8a5d62dde5f4439940ccd02c2f4866287f5e9e23d4e3cf8866
9201880872041220200,complete,1394fb44ca986498a51dcc55e4c76182ab4ad8deec3821e57eb10b05cbe9b3e6,3e2df3775a718540701f995237015b147588464b6b5a4b29b7398fae365d8479
9201880872041220300,complete,e343341f247394fc65d3f2808fd7f487f49c873745eb068b03f5b175ba9ee427,96516d88c3d08a855a1baa008f25b58e569f6935805d2b088bfec5d38c503167
9201880872041221000,complete,e7c1d91131f46ac4b3250791097a3f2436cb74cc30b0a7eecc460f6004d1c016,e09074d6362f9c22a722edc5377ba4e2340e1440717519e46bf82b229c96afce
9201880872041222000,complete,c38097e8173f04f2eeb9cc8097a738301fe514cf836f10a9eb3f529984c50b99,b12da01f3780f7ad45f05e21fa54581dae6db6c1147607e5c81c48c76e4c04e6
9201880872041230000,complete,ab66035abe24d0ec9ebdd8b9f115192d3a37c1afe67557cdfa41fb46d10d5a67,2d8e1b9ab5c4df05c4f027dfd874b3c19acb375c1e2eb83d09e224dc515ea41c
9201880872041310000,complete,1e8e96857472698906884300a204c39575877813f1e0ab8dbc5a1c537f10c38f,1db70646b46edb8995315e70a0dfe622c70198f198e4a975cab668757f9c969c
9201880872041320000,complete,ee81800daea83e00c8d2d20f71ee5eacfcf2c42317749e522166ffb9443347f6,e7b4dfc031f73d8f32f77af72b9aee46862c240be68de90e8593674766d88ebc
9201880872041330000,complete,d846b1dcc5a44fa9803f9b1b2a0f83bab8d42ae690149fbd9c0dd9825ef39ce2,a3a67086516ced8d1058b398c9d355ead019867464ed6a4e12bb88989cc086af
9201880872042220000,complete,20bc621e9b5203047f9238a6206b74b3af7c6feef985dad07b3e063f1c97b9e6,f5464c2fa014274e095bf49382bca87a5833e015e9d09bab45f6094a274b66a1
9201929370350220000,complete,9768100d1be423b81893ac02eb406e0e90fbc283d799abf93c41fd816f340e62,937dbc4ed008ab25bdc67de9612fcf407cf1941bf2f907b499d073ecb08d5bac
9201929370351110000,complete,78307ee78ff8c4ad880aa8b17fdaaa587527b6b8df0d8d9cec722a27fbb2d3c7,30e31d60c52f32b671df062870b3d27c2b363e3318497f229e7ee228ddc803fc
9201929370351120000,complete,9b3d67c66145b9f44c206695d643559eb49a806a30ebf983e39c1a97b42d9f67,923096a065367e999197da290b21d800242d47643e3385db2a59869d7ff789af
9201929370351130000,complete,338f02193784e177c0027571155388fa40cbbc42d0ef0767d8c260e4c371cc90,70141c4d0d35593ee33106096d96c642ae350b1c97e0f8dabae0d56e288e31f6
9201929370351210000,complete,9f3bb055b81ecc6bec65b99d85c38fde4e3a8cea87420b5e9395a49ab1612ad1,6a786d763585389ed54b28a32cf5c53c812ab79ea5c5fc01bb4ba8e91fcb20f5
9201929370351220000,complete,9eb386764fc55b3da47c50d788af453d1b83d275ed0fcec8110e39adb76c03f9,7e30d0726ed4ea40545cb8247d0ed2e57e97b84f58547f6f286769b8de195734
9201929370351220001,complete,6749c5c29fd5466df0946e9d039963a0e2e4eef49cb032b7031d6ef78b9e5ca9,2e71c9bff4225d14672e5d228e643ce60cb3a9fdcad08c492039ff5b3fc5c383
9201929370351220100,complete,5d68015b1bbed58595a5b56ab4168f6368a285f93404a5f1fa854ae4651ede08,871153578dc93e812d588a0b9a4d966bea91c07bd40a6732f9b06ac7b3bb76c6
9201929370351220200,complete,74cf96d46bb2263df0b1a355b3c5b60add15913ae8d472015fa9121ca73e4599,29865dc4b6adad01800cebda88e392c44b8e38cfa641dda18a138dfa5095b0f1
9201929370351221000,complete,f16f4148ee0cfdac3d566cdccc7c7145114269a25bb4ce3fb7663bb0b91244dd,3316ab17d613c5d7b28b4800f34dabe369bd561848ebf484753a35af4d934cc4
9201929370351222000,complete,9bb33d409b45cda6675eb9e2405f4ddc4d6d02a70f4819126182f15c8a6cf292,e58c541861f58cc4f3275892cfa6d809babf4e3e966ccb55bae3029c09ba6174
9201929370351230000,complete,8356994aff643116e1aae859e9e2e4bfdc7c9add724521d0f56d724d2fd3a729,1c8a389120b35b653a5787167217375b116127b2eb35db32065592c0ed27c1ec
9201929370351310000,complete,675435c0065792bd69411c10720d983997032cdd3af15204961f360af58ec480,9d51188d2decef68546f785f0ef9e9b7ac66bdf84ee8a38ce2498f6b519be790
9201929370351320000,complete,270a2341d40d28cf5eed61963ae7e10bd4994d79d009f99adc07af683928db26,da0204b80bdee0715a86a51713c2072c7aa25d55cffc3ee11aab4c1d983c991a
9201929370351330000,complete,011a6ef842716a931ff9c5799ae2822784613ee2f7bc0aec2614373da9e4c4d4,bc4af295fc2fcc00cae61c3889174a12008ec0c48f66783e6a45e3482a5abdbd
9201929370352220000,complete,c0b4d1d013b93afe438ee76d0775b47de1f8b1da8aa873baf801b40df2231015,d3aaf1243c45b4b6be54bc846bbaa198ffb4b9ad5370087e8547a3845c4bc5e5
9202018609260220000,complete,e961a53091aa639dd5e2d91ac047c7d5b9f59418e3de5637130b83e8ff107693,192b1825b55fdedaa4498e88a3b533b0519412f58b3b24886c5470373ded0e56
9202018609261110000,complete,f0d125bdfd2ed9fdd0efbe21b94900f2bf0ba856bb5dfb37d8bbf3757fadf1e4,067c9c767eeda63defca66bf51d92c34b9910d6f6bbf60791ced112977b34124
9202018609261120000,complete,bc7b93f0b87621780f2d5221a8ac393582685488cceab5f0016e280023d7ff98,4755585fcd274f296f4737f1ade12964b9936f7469cb75762bc232299714608f
9202018609261130000,complete,d939dd59d8d70c3815671e47bf0d5a00884a2bc2940f820c4a6a8ff04a3d32ef,4459d7438fe7efb2fd4064c9f01f29578b1fa313d15137042be22fc1172611e1
9202018609261210000,complete,8b731e5a46188bebbb47bcfb1d01a8e8ddd5ea5e6030eb106cbb0168d6716ac5,cc80c6984abb4a9a09845b931a019703328fed1112e383d17c0f567338f3841b
9202018609261220000,complete,5dd1a63074d1e5c75383352670601205f7328cf56e53dbdfa3f4f5c478383ed5,043bff54486e3592f753c42279ccbd9a9d4a714c76dc70ed8e7380f22c1fe381
9202018609261220100,complete,44ed66b43efd79abbbca53a16ae68c298d6bcbea7b743e5b1119c067d1bb004f,e58cb068f440e1d7d611aa9074751bfe822d25c55b6db30e6582acb8cffeac6c
9202018609261220200,complete,a9cc9c0978493d1d6f8df37cedbf75e5d30dff8591936f6e50ec9d256ae62500,9322544929c5fbefe400208a246a0a0ff1f8222314bbda67839fbebaeee7f922
9202018609261220300,complete,62027a8b0239853afafaa1c23b87d4b3070534df170765f0c02e71f865d695f7,40f7d249ba242811427b0eb5470ddf5e8b7a60c6b1dad29db11ca41e3e47049e
9202018609261221000,complete,d30f925f37b63c2f1da98697f7a0822285dc8c406af3635f584f018afa0d9815,d8d9bea6a166bc23cf903295b1dbef1285767621efef9ad568b448fd1282e30f
9202018609261222000,complete,8f133c6d4bd4de3c6db53f78e6b8429a8efb0aad9877dd7eb91398e83861c9e5,36cfe4f7d768924df8928a93c5a66ddd02de833e2d52cfc79e6893b82aef5506
9202018609261230000,complete,3af7de9f20f6ba740c6e4ff7d44fd787ae997667db3401fc1bb14c6e12ad65c8,2d1bb20a8fe3e2d2323627ab321fe9cfe553eb0e2cf907731dae21129f07b948
9202018609261310000,complete,14e553c362e3c8db83c8cd2d8553a2d4760c9307cdab92c8bacca5301283159a,9c6a818b57ae315f28d341853f1a20917ceced1092b91d28761fe4c7cb8d44c3
9202018609261320000,complete,095e06310c3f99034c920334238338f2d3bc8010ae7078c499ce19fbc34fce3e,d5b8a4108295ae01681cc04cb4e6e7802dd24376d0a615c3c807cde3811d8d35
9202018609261330000,complete,1dbadffe9852302cfefeb1b9528d9b36fe3a2440797e053f80e3f3af5acb3cd7,68fb9c138563ec5a3ab74559ba039ea5a5e6a083fe470e738dc2c1ef003e8091
9202018609262220000,complete,4a8b54cec70ab9939bd6adc86688817e5a46e74fb1b70690b78bbadaf6be88f7,92bcb090cd08eb3d208e9bceebd1f665843c3d02402880ba73b19e16b8b7a3fc
9202072067510220000,complete,2d5f61f9ae25a7b4c934e0b005c0d1358c11aafee41e3c2a953c25a0d6ec240c,8f703c352ff16a5e24a5af2730b8c9e237db80411ced6843b20b99807c25f728
9202072067511110000,complete,75fb00d57095b2ce4f381205621bc3cfd79130ed086e64c5201425aa77bd2c44,b24c90a60c36093fe5e002d20f22a65babb24d785e07b2d6cff7c47c7731f4c3
9202072067511120000,complete,6860e05d7beaad2ad3eab9187f14facbf0d848c358231cba4e2074c3ebcd7334,d3b044fccb9eab9f4b802debe1b9d4070e689729c43a47428fe232a0039c3a22
9202072067511130000,complete,8a7122cdd6c73328344ec2dd6d0d111e8c3c9a01db83c4fbf26c87bc927396d1,1b1cfb68f4076dcaf13f51c983949ca9d2abddb89828a91b4c9f38dcbf2af131
9202072067511210000,complete,7d99065b06a152d40ec8f42b91671113d783fd0c55ddaa24c7769694815e324d,42b1dad7f4fdb77f777b6c2a1d47c0e11bd48756521d7d8a8e1490de682286fc
9202072067511220000,complete,90757e0a291a8b4b2c597525fe574d9490e8cacf0853fc498e1fe6c5f6b3bca7,e3705ead5e4d3271836a955fc79eb91f9e605cd97785fe3653ab6cc667c430fb
9202072067511220100,complete,a6ab0ec561ee1da4e594ab5065e2476bec88808f10790c5a3c556afab7b8bd46,0194fc9f80ab185db4dd444e9e36b89430331dc1ab695fa50670285c5b9d086f
9202072067511220200,complete,97401e1ca6dea372c31227684547bd87c7c7972b5f999a110d5ead70e57c17ea,b3d70edf7fdeb594070b18c60964d31d2b1e132cdf50cba502663a09319a0267
9202072067511220300,complete,1d7d19dde896ddf729207f263fa9555d3e20c2b1bd9b9f81dbbfdc314d8a3ed1,ae58f329848845a27dad6f35ca60308a2096674149e10694bed12d151d2aab9e
9202072067511221000,complete,e2717a983e392f167c2d96158f8ab3cbb9c51de64e36aaacbeaa6a5b2ca76d67,9402fe7996c86f32aa3e4dee51028cc63baeb44e8e181723117eec4e6faa7078
9202072067511222000,complete,1a74500859046620f25d5ab48c5912d1536af13f59584d92ad167db6cee6e360,53e3cf9e85cdaa7cf00e7f7edff7efae39e030468e68721d4cd0c4fc14fbfcfd
9202072067511230000,complete,7842632c2217d6620dee51d6764628e78634dc29ed82d60250984bc3ccc42dc2,0a24ea4ff9e20413c958596111afd32c5b3bd2aacf10f991bbe1430447a31bcb
9202072067511310000,complete,767b9feebc014ae61cbae60178641001260330978f56efbf409223c2d4935988,cb6db7ff036e63e607c8a390a95a042d840e79fc4d2c3fb8b3f9155425c86c45
9202072067511320000,complete,f342335b1927ec57d4cbddc18a5775dc4b242e5c05e7e7af8446d98f66722879,da8588659613cdcb79b494df1beaf235834e11705496f49d98c00526adfbda6b
9202072067511330000,complete,4382fdf6a97b5fbee632cade17c650782e990b63fd8e9a5d37b20a68449ad765,1839c910c68d9cb341fc9a83b2544e98883c9dba19ac423b11be545187b87521
9202072067512220000,complete,6666006d2164ab661741abb4999a37be05c594f6a485fcc6e3446f2f5a40ce2b,4af60c7aa737e96802c307d1d8fb92f020b80ad85ecbce16f750c6b4f47d6e11
9202205551220220000,complete,b598c27834e3365e2ec0e37abf4095433abed9bc8fb6cf72b4efb18e6f61c5d8,e52b4998643c32526bbf378ba6420f8066e0e56676117d63db33eed7ce2c1b5b
9202205551221110000,complete,923dc1c6956a49545fc40bd3f2a92a0fed489f725f417c086638115d6774ab51,e15981af01d423926bbf62b90ae0b995428a84dd8a2cea820a3b5ac4fb5a28de
9202205551221120000,complete,9e90b9fcb827168f20e91f0220b63711cacd45fd2679b2648513f026416143d3,f96fc72b7c9bd7780a384538b01f2362350b7d31ea7165700b8694605dfb74f4
9202205551221130000,complete,424a390e35fe8c311d8833514decb7e24d28b44bc28f7fdc27449798e1929817,9ca0d73d40aaebe732ab57703628990c24b95a9be147ad9a09c636e01735c43c
9202205551221210000,complete,fdfbda3d661eae3cdb76d481b91a6bb366cfe4aff7e40d14d21dd4d6c87dfd42,16da5047f1cdd0bbbba0fc78368fa4f2f1b8baefc528167f89c16dddead0dc75
9202205551221220000,complete,f2d10cf6f6507227c8da8ed8f2e36ac438254fa0df70994c7581b95bccb45a29,27349cb04d7e06ea912c4fd4ee98fe47ad0e0e0a29eaccb8b21d80aeaa49cbd8
9202205551221220100,complete,d47becc0a2345e4baeba4706f29af869d756a1e7d6b023496b512515ddba329b,54904aac1ac48cc1a77367857d2a21cc0d0d75937b718a5cad8a785914572713
9202205551221220200,complete,a698b682beea0849982aa07b7343e4d6af86aba53482279aba60b05620c56512,252f2892cd2d07ad8f00a2ecb5888874e9619b9e442024b6257164f2f24eed6e
9202205551221220300,complete,b60a1d4defdbd163d0b7eb65e783e59accb172c7e58690ce2cd6028579a3bc10,7d6053a4b96c4e73371beb75113f639232d0408016d5a4cf6fbaded2687f7947
9202205551221221000,complete,1dd9568e52d9bde20271cc94ea31fb81f86a851ee613e50e45ff3fd501933d20,eef41dc75a09c1a048fb2c0bb13f50ec2a9dd2ac0d259d19fcae521b1a52a84b
9202205551221222000,complete,b01edad2d2e23bb90ab57af0899fe1067ef0aeb0c6a1241c940e93a11407ea8e,490e8ad30bad38c06f131f40eed177de5375b855bd8e4efe8487a393957798d0
9202205551221230000,complete,07297c17efc82ce013c583c594b4a7a7cc5db1d465aae344d3d384908bd4c606,c78f29847d3764089e58fd4a7bb4647277194d9c50173632928fd608512ce841
9202205551221310000,complete,bc098b67ff258a2c6eadcfb0edde7e8c19d17799f314071e677fbfaeba823bae,aa5424fc3060ad711a8f895cb0b1bf974bc7db5769c35c3f03988a71cc063ccf
9202205551221320000,complete,bcde1fcd2d5fdef9cdcf985ebe031e71c7f9b05c07604cbb36d68b3f007cf87d,a930d62ac9d9b7aecec9c4ab921ba6bae0ba97603ea2164de6462689f5418bc2
9202205551221330000,complete,e34f72c2b78471ba14ff8bdca611f7c7a9e683c79a0e6e10908b19517c716965,78f02a29df594f9ce52c4bb0951fb26a9cb8f84c61510e148cf8741ea303eb20
9202205551222220000,complete,1a6df94282694174febda0e13993956aacf74c34d55c87e0f45d0e711cdba1d0,8a822035a77981d4cb73f5d7308e3eaed736ebeb67116c0d18d666347ff6ba19
9202295813360220000,complete,ab36be1f9425ae5b8f3fcf01fa8f4e0aea49425244acbe4d9660ef663c55001e,0a30f8a417b405ef4c40b82f7632ff098a075da01c9126a46e96b5a8eacdd927
9202295813361110000,complete,fc9c80c0760044e660c75e53fa6485ae4a12334cfc178848b9a9d18f3ab717bd,4d65b64bd0e4b891dce0eb312f6274ce5c23fcd1bd7366fb64d37f984aa3d3f8
9202295813361120000,complete,2fbcee0a057205057afd1d2ee5af52732ed4e20dd969437a5c224e24fef18351,6ad54d1238c7db17ac5194736cac02526b9bbe9d6219997e9ec26ae28f504060
9202295813361130000,complete,19457d61721b71c62999328de4911428e9c320ae4b6018bafa4f02142f8fa342,6fcfece8e9771b363fcdd117ccf59d9e93d1070fd15a621e7648c852ede163c1
9202295813361210000,complete,caf1546999721024a9f53804b602657e9472eb776d1f6c1c220e665da35181e5,fb14cf33c413b5762541e450ada5ed7a3bc4a503edb6224ece51d8a097fbc070
9202295813361220000,complete,94c5bf37599fccea2df4aa02ae16078ed9d580c2c5f9fa142720e7dbd1a31306,fa1a3853933ee97b0817acc606029f43bba91dc001b07d9778ea4b0e4394a2db
9202295813361220100,complete,024217e9350a1b2ff5048d2cd605f9ed9cc2e5b09d2d9fa6d466d9faa2abbb4f,4714923399dd49ff7296c2462eb1b3baa1471242d11605e97534ea89b52ed2bb
9202295813361220200,complete,df34864ce42c39b702c17493e7388b05c3f4bd3a3270e80470ed46f34f3540f7,51381630459ce96fc390eec83f3ad4a5f1fcb6b8ba43ebdca6343183a98412a6
9202295813361220300,complete,477f2d835f572c4553bb0409b098be875a5a3385c1283afbf38e067de8914fe4,33423407ab2cbcb357f2c298988e0e7182ed26d1231b5c3bef9d7093bb2225bb
9202295813361221000,complete,383d36b19cba16091b91bbded822419c18229db8168bd552aad92f85a4b134b4,b5d53808d03117b0feae20ecd0e9cd32ff9e4d3c2edf2985f36283a594fe0cf0
9202295813361222000,complete,7aea640b090677eeeac2b708b6abf9a4e66c36366ddd1ffb2900b34cac96b86b,6e3020f1eb4906be2aca52e68312c88d1f9cb7f4f5f77d8f58fa61663f9482a9
9202295813361230000,complete,ae4474105e6414ce9046edab21eca17800475a53f9ff1b039cd4244e49795de7,56ea4c64d32422a179e71f34bb7396382be8af3b09cdf5ac8f3cb390e4b86d29
9202295813361310000,complete,11b16498219e41f88c47b49e2c122251e839b138441d0a130daaa4fc33e67f96,dbab7121a74b3bccbde0d8cfc801d1d5c1e096f4c41d59f7d4511cf9b7ebd2bf
9202295813361320000,complete,e5bb3b9debbee235e86b5155b75e029f39e7747d9d3b242cf8b9c5ca98d9bd7d,0c7dc1c04935b9a4f9bca4e5984c8d3079d9d4a43deacb4e440ba5a650f031d4
9202295813361330000,complete,aaf29320b9642f202f88afc738203c47dfc6f4dd85e4bf1e48e269a3aa1a38bb,e8652dc3297c8cab0a6c6000f5ca2d1505aaa32f16f8100aba63baf86b3ba171
9202295813362220000,complete,43ea014cced9d6f9258d070e96d5f5f6bf31515001b7f36443901d0841006552,59faa5111965881fe08f59141721f9813ebec174ea72be07b163c47c86714c56
9202300291400220000,complete,2f33b37b6ce595750e1cf1b84385039c56067382e00641cf71459fe90ddb7670,6a45285e2a7ba94cb2c94da30e38e34706cf0ef3d9814e22ca92a6b99cfb775e
9202300291401110000,complete,de2267b7efa096da4a9a5d49164444f4f0124a57388bb3242eab8b91cd249cac,ca2f2bb743299f19d9c51e436505cbe8b64fabf4d56d43eb21a072b9188cc50d
9202300291401120000,complete,21ec56486186d3738f244cb320219b8f9f21c0080695af51f6a9665a06cd0f3b,65f81dccd7f7a822aa2b1d3d62f10fc37b977cc912a74cbd85d5fdbb03b09864
9202300291401130000,complete,c8ce3aba835375562887c29a9087ab2c694e15e09028463ef6f6f533de6ee1fc,5fe926d3f43cac079e74346d1f9aacbe56f8e4f177b9587fb9dd0f4daf4d14ee
9202300291401210000,complete,9e7f864ee49dd471f3b7adfbfc1680deba4f6a342a557c0da9fcb1b6d78bfad9,7813792957d5f7482a3c4b4e85661833bc984480b53b4402e2218da5b18c8d07
9202300291401220000,complete,513929674bea3104b38a49ede106d579c085e8bf25ecf0e147f429308bf451ff,47f3ce51dcb83e4a2e7a24dfee5ec9479badc7697ae151089fb609f123c236e3
9202300291401220100,complete,65fd583084b40821ea3fab170635f0637712e1c79b30aca0b9189ec29c7a7a3b,3ea565617dff44fa473b269b41a658dab5e51f1037ec17d945033dd196014f37
9202300291401220200,complete,556258217b8e0948b3642771860060c8cdf1dd16fc944337494818dfb3d45faf,327b128b842a3ca0cd66deac5671c5d1c65d5480b87fd2669e442cbdbc62f781
9202300291401220300,complete,b8e499225a13aad53ea2a93a0ebbc28f3273b9012a50051c9267c348c3e89dc4,b4657b47003a61798b05657c55adc7f78a218094efa91287569a6aead0bc8170
9202300291401221000,complete,b9b07df57b1af247ca584d2642669fe182bdbc433cdfc91e1c93d44be87b3014,1cd5fdc516c17f8c6392da8d6b66b2685dc5c93212ba077be5237ec11f3beadb
9202300291401222000,complete,0fffb72e7b81cc9377ed61f0086a214998f1e545e08ff647b3ca2c2d32bf7d45,047ef44069e3d48b731da25368f6f2153d3accc67125e3f15b50a9ff8312d812
9202300291401230000,complete,bc08b91f1a216f7787df20968b642d598b4b54d0406d34a629513a4fec35ddd2,b99730a2b3166e796d3c1a9a8991c737f75cb174273982dfc7ba9fd9c24e1b12
9202300291401310000,complete,4fb85d3361afdd77be4a550ad196723bc9afe101a88f22163659fe392f79213c,81d648b67a1761453cd82398c3dd3275c7cd407e8ddc7a2a86cee3bac4876dfb
9202300291401320000,complete,c3474f89c876f1059d1dd047f80e9695dc5a69f4305326039977d895db30cdfd,5159d931ff51ca33f432a3ced941c4a69af3536a71fe6ebb1ef8483a0207f13d
9202300291401330000,complete,04f89e342a4882711f324c9c9d7c03f4a70b8c9fb6b9a4f79a467dcf1026e4e6,4d7f0fe094b9a0ff9ff3db4dc765901f56d2a6a71ab209255961bff9f93c3eb7
9202300291402220000,complete,45362c36d878263ef9ce21c494307b5ee028ad081c992de2340a202826e4dc53,70d4e179c5ca4cc22be7e332ef9d0529b776a679ca92f05b597de54a1f995275
9202303843890220000,complete,99ef0a9e53da75d5a1b4603c484ee78e464bf86fccac34ed934e0fa958f90bfb,e0fcb54a241a6f4c606d54645fee06265710b658b1388a86052d0ee7c93d5154
9202303843891110000,complete,400ee55eae5b45b1d9cc6954409c07d27f2b81ebf35eb6dc56794d8c6d5673aa,ba7e5080406e4bb0af638d9fc62d5044d66bdff8a05c4bdf65ccefda2965158a
9202303843891120000,complete,cfd40fc7afbdd19a6fddd9a7beeb5adfa3a508e7c0e19b627b1cc0bc412395b0,0b561917d3da0936c4485e7f50a031af15090f0a07652998b60dc18f64bbf4d8
9202303843891130000,complete,0be75db274e84382d32a5814b4e8d919e89972c031780f292ae8ccde340e9034,b907f8d6d1bb0aebd6e140cb8683aff60ebd65b414d72e91706d23a8ccf18948
9202303843891210000,complete,905a786d5a21489c681b7b6be33d6062f850ec8f796a32f9fd588a027ef033c8,cc119103bd40ac0d2eeb4cca0529505e81b123676a03d69cce79c1e73254cea4
9202303843891220000,complete,789692f86ab54c0f268ce56155636ee30d3ac366f4737cf1d8c91faa129aa2a7,e181ec75047d18568dd164abe7c3699befb840834d006e7ab50b6cd6fc7d9bb3
9202303843891220001,complete,b4f9d4c481760bdfef109f23e6ee360cd898e9fa1b0c4660be34f440fdbcf88f,5d27a85956e811286b1e12e13581c6139e4962c5a088e42acd3d0d748190b11b
9202303843891220100,complete,8691338091a5cc985ede793b601828fa7931fd586121f70a075dcf69df1b0028,c7257f903a73c86faf5367f6c402ad0bd804608a716dde492285202736db0cda
9202303843891220200,complete,0b879ee32c3d7b566d99a1ccaf9a1272e26e6ffeb4c5fc406c69f80c35a1a996,88eebdfd53c8bbb149c7db2a6400a15bd96d1631ca85529eb51e71a578b58258
9202303843891220300,complete,34257c6b0791d58163e94d54a6dc14b48660e65385e722e2463c422fc0929d60,48783503feebb15e9ffa25fa0f59888291cc77342167dcb762917c444eb8199b
9202303843891221000,complete,0f2155b2553125321d2e4912c4070ff51e367c03ccead2627e9fc590987a1f82,f91107a25bc55036b0cb2aa06e37efa4b35488dbcd54c385f630ac1608d7ce28
9202303843891222000,complete,506e15549dc4738473efeab79f8486b8f113eb242c8862a27a9626f2e733f9ec,2331eb43abc336ca86b103b00cfd5a31f4258aa9cda3111097714110488b5505
9202303843891230000,complete,46c728192fe6ecfffa20d7684ca259914e611167f049be4cca48333b54c90cac,6caac197be4067741e77ba718d4e62fbf23adef032e3ac97e773c980b9f636dc
9202303843891310000,complete,627a63f85c83ef8306dcdb5eabe25393c093a9dce26a1e74ea4cac95662af556,5f33bf68c029da32473eac436c81893c5b0853df60b2eec97c5eaf6d143cae4e
9202303843891320000,complete,71e4cecaab51b7fc55944dcd77135ae88ce7e73aa667611bd33c226266faabbc,405b984e36cd034b3da27ed3a214f6cc198942ec1787624f3c726bcb10a38a12
9202303843891330000,complete,0a1f03c3797545fedf708723fb1771d63c3ceb94e4aaf546a64e72a33340d07a,e584606161ca2b21e258ccde93823ff9e1d6fb4c0a2cfb6e04d8d70466c213c4
9202303843892220000,complete,8845c35ef4e4cfdea89e36cb43b32416ebc2697e48df1a04e418226ef80743ea,46762b1ec58d3a1e805ab53a37b87103c88e39623bfd7443a593f941a4a544ec
9202312777910220000,complete,1660cd886c81b80c057c827632002576c117711a717e140980eb8616544c479f,f137bcf3b59da5b442657419d371066059f682c008107cdcf150332811e75432
9202312777911110000,complete,f0dac6372c5ea72eb4a0a8fedb306f90b107305915df7949af9bc10d7d0cc2ba,2245cd1a75cd8e6f01333e5a59b2077efe6836eb303d4db3049e3e12505d02ef
9202312777911120000,complete,ff5115b71c10f41860adcbd3896989acd7ae71c78d4e77e1c4b6ab054cebd62d,06fce5f758a5891788d4599bdd897c3d1af2b4620f37a273d24aa9624050e81b
9202312777911130000,complete,681381d0f0565bbec9ccd5788afdce54640d653afc43b9288df925c0a7b16b13,9d94acc8e5c6d4ccb4eea87cef5a061f95ac485893c7591c4c2a289734e3d7a4
9202312777911210000,complete,2fde4b509f9c5a400aeee888f9d35f9f22bb023e2593c59b8820b9f644d65f44,43a88783126db31fd7e73c4617e3df38921df180e581d14fd3bb8b66b8b4b441
9202312777911220000,complete,b7b827c0bb9e0d9413b534a763e0a56aac64828560eaa2c7ca250ca2fb912fb6,2bc8aacd94b736a08633a9c9617210efedb5aeb359829ce4b2704b05ab5b094b
9202312777911220001,complete,2a6e9e8671b75d4640963a248a7a00d41f3b4ba71c2ac29e79dac1a9d4e50b24,07426ac7da7ee7e32557edecf0cd262e525f619be6c5a9e90456ec4dc0276621
9202312777911220100,complete,a6df729bdc88bdd3a2ecf3bafe2a0173c829e8071cc273559c25dae5caa37abf,77a3f527d108a409a3212b134c9e62ee99aeb1e200c9a1147001b1ed9decdd34
9202312777911220200,complete,85c47108297fc61061bc40ada5b0b140b7078f29ec8b5d6bae918eddffcf9a6b,3554c38004d4a84d422c4620684ea254a0a079841c5fb03b5c3ecf8aa0d20858
9202312777911220300,complete,77106422c771181c3cee2c2dd46ea8e63bfc5b163efd9a774528c4389b302bab,146050d54611ef28d5da936eae2f7a2978336e0d871d8dcba66c5c7657429834
9202312777911221000,complete,960293bc4b3bb615da342a02a73385d07ffea2fe7dc837c3cc8e47f20cc1f900,4006c5174b3a3e76fc99720b30a1c249b26f6bb65b8505dbc4294e2d7b26f600
9202312777911222000,complete,8d18642f9b84f59a80298205f1e24160319c578622bcc8dd978c7c5c050e21a7,37d849a1de6637e12de4e35a69317c2d91720fed441c8fa2b6952223af21fc9c
9202312777911230000,complete,1396abe8e2b98cf323c4a5b74fb6cc348511b0575b4fba433a68d5e0fa9cdb7b,056298cee17ae596380ba33745aaeb2eeaf86ab1dde6e4dbcd8e8c72ee3aa1c1
9202312777911310000,complete,e83ed072483c4b741e0edfcc67f805757a3e69e275a080b400ba9c50b9d66cbf,e2d032e7d1c57595cee0fc81057584a0ca452a0577915ae8ed119d3c26d9cbcc
9202312777911320000,complete,3b9691b1caec92b306f5726ea019529fe598bc43eef3dccda60172bcf63bfaa7,c2be6c6149c2a2eceaa579b7edc86bbba8dfb2cc34c8865b2da0baf3446db077
9202312777911330000,complete,f0f2d58a881122dc05db36c523e31096f436e62731513414bfa98556a0998d4d,70a287aa78fa16b8c0fab2c35bab3a3045612da437c179b8332ad4e91895c0b1
9202312777912220000,complete,d658b8a0514495169bff47f36815fff932714326ac04753092d3404641f84940,f76002c924a01a68ada9510b5e3f75df5271f1fca03b9ab4551d3e320875a39f
9202329791740220000,complete,339a2d188ba653b50096bcc35d3d7f241bf15d77b07f55c9157f98da22adb647,e4779fe6db910f95e9cde64799ed8119787e4cd27de164f003d5e5fc3b1f3ae4
9202329791741110000,complete,3b0b3f7ec57a861b93bb91f97f228e828be1e38729b1727b63ecbca9aa0bda8c,bc7d69cbb90c4d535322c7e3ed8c887e5806b82ae15061aef6597eabba1332ec
9202329791741120000,complete,48556027f816880b584e265a94f8731797631834694d4151b9dc430b590c65e8,cf2219a9e0986f4809fcba8f582236260c6f32c9478b406dafa42fa310e08fb4
9202329791741130000,complete,f175067379f2e0baa830794a0e1725aeadafd87a78d57f5153794326e79c82f9,1a03d009950917e4cc6d8077f96db4bb4b10dcd187541d06ed87575bad3d55ec
9202329791741210000,complete,58657c298b052323a9af8a9bd63aad755c8bb316b8a09afa9e293fe6678d512d,ea40f1b2ab2475b2b1e4158ea498229d69b60269fdc9d2accf9702233c8203e9
9202329791741220000,complete,187d214c349336810b91381b5a6eeb205e6dc93ed17bf92e5cfb7235ed07f946,7aca0f07ce4c98335ac0852df6b22f2fd6fe5bb17fb772a19c3d2d71d97ac220
9202329791741220100,complete,45c97a74b32fb6959d7c6a648e8cf55e132b4d848591ce0c5878d4fde51db19c,fcb31696ee94e2dfb8e47b785ac9d11f40163b5c0873114a1f0d5d50304c4c97
9202329791741220200,complete,bb3ce566fa37624d2d2460d29cea802a979dfa10d4621216a087243afc708afb,2c4964b8a6ffa6329cec571a22e74a42a8790773069e949dda76a1872a9185ed
9202329791741221000,complete,86d91710bcc41ae2f18bdc7c2618a84b66b855fd1c01828c096b4960e5256d27,1f905efb8c2a7bbd137774e6d8f7b43388c35d1648fe591411d3a2d429e97d4e
9202329791741222000,complete,df78d48527976e12786c432c0ba87319a10c46afe61ca7c103332240b3a56308,819a5c0d03567f46cac1a1d3ecda12806178787809eb00fb9873343316931317
9202329791741230000,complete,89827d5120ad1334c14569e56684e498f0990f7f08bafb7b954e67ca979869dd,f742acc663c2b00ba30ea32ab4d0a9f932e22b61a9a4f3eea0f852777230c1c1
9202329791741310000,complete,dd3e2a705a8acc7a7d8d5043178c95baa25262bf42a14e579bad296fdc258223,ae9254aa4d4d1b32ece7e4f185c4b465b33382604d61fed05fd835acc5877e17
9202329791741320000,complete,5f11badc8b3c5bfe07a8cedc1db712a09e8fc43a601c62a213a8b117fa57db5d,f13d3acb233d079a584bcb6f80e4219a072be2e0bd1d3deaaa30d3746d4c7e8e
9202329791741330000,complete,531191557c4510d5022ae689190020ae27a17e8701e697a545be9b29d8f34dda,1f4588b2d58efecf672dd453b3abcc38050cf24374e157df1057de675c87dbd8
9202329791742220000,complete,4671e00ed112160b26b5b74a19d7ab5e9d9b5f1d259be51d235cfad31281d204,81f53bf26df60225d643bca0c5a20ff35013ee5fa88ae197d93056b35bf1c340
9202388156710220000,complete,3dda7aa2488186c2370d95094c1af0693ac7587a2b0db410b476a756e8b39b7b,1875f3ed3f49a6e8b4897f64a8896b0b7e68088588617cf05f2aacb06cac30dd
9202388156711110000,complete,530af82e0d91cc881c997f9ea0621d09a9775d86ad62256593309be4b9a02be3,2286b0e16bc8e0b8de3c64b7ab4ca04ed68f0cc937e04afb7ee0e4162a92d654
9202388156711120000,complete,d0ac1c76adfcd6ef91f29e4ff46cc3c599e98f4f85aed3731eabb5d488cb0b4d,43005b0e4f0bdce7c68745d6878130d8be03777b9cc53a03742fa4002e67712a
9202388156711130000,complete,8799179a0b71b97d82ae390ffd6213db31e8ea00d5e85939f13943d9aa5c44f1,859cf10cf611537b18ca607cf6e4ee235cf5e6cfb7a08128c26c7f5f981cfa87
9202388156711210000,complete,623a50a1d0c904d60a5d9427dd55e0078382c1e1ec3fb7cdc8ab39a590de4284,d4791bfd6831d6faf817d789cb83f77bf86980e4c9967760169b684626c6a404
9202388156711220000,complete,63c374981bc9d6753d0cff269267f3b1fdb7a4fda899b8f275b6631ca1b36405,94f5d7842cc0afae636d1ebac91d34c0112e12d86eff10e3b8e5bc52b10bc080
9202388156711220001,complete,94ec66b3f86ea0bb5aacc4a3437a54c8e5dafa1154ca63db5241ae2b54c1088b,d4f2f40b388d26c4d72fd280d2cda28e2a7efa1aba72cc2f85000586985ec620
9202388156711220100,complete,b6c3e20be87b514c73c39923f2afa0a0ac9d4abe78361e97e7a101f5f6090d62,fbc390524530f43cdf63ca1d5f516b1743e7f0f4192fe05840529ff04852bbbc
9202388156711220200,complete,f597c93e5644c72eadac974693b11e091706e7b464f1f09ba8edd839be7a7db9,20dd69a6923bb68ee9575e0d1603a12893856c7576eb199d5527b4d658160b16
9202388156711220300,complete,e29828a0dfa46b6bdf525063dd21c9ef2a8f3d729bddbd31dfc5d273c1327e44,ded41b2a37d2d5a73d78bb6349fde22409217f28a0bb94d8a73fb6a21f3d7757
9202388156711221000,complete,a16174d134e15224c177d141cce1b0d5854b44b667e5fe8ee64cefac6242d306,270e7514075b1859e0dd5e1a447e357e54aeab7f160607c729e4e9c64eb0a7ad
9202388156711222000,complete,7322787390ae84fd24fa888279312c09019338d1865bd5bf1a22a48f65af29d1,caa4942dde381039ef2981dda30877d8dfe065be0df411e475970b67ca3f948d
9202388156711230000,complete,5ed1f43f5612ead72c2f16ac0fb8e31b057cc4996ebb60876131d75b51b11751,5bda01e9c0f2be7935ac04d767745b5b937ac585a83253b1575fa7f54649dc20
9202388156711310000,complete,22727d789505cadd907c12a3792d8e6d054c5fadfc2703894dc389dfea0cf596,ee44ac065259fe33f059aca78d2808c74236fc9bfd7620a8704abd235da48587
9202388156711320000,complete,c9287129d05f832cf524f2add0b76b8dc4ba2d27a70e974d74baacff1b16d5ee,1fda245a402c91f12ac2909ccc345681a3db75d29c14afa883dfce0e6bf93251
9202388156711330000,complete,37a65a1277039a776bcc7cc037228d48e4d6384214132cca7a42f6243151642f,cb131f229a22e64c4b95d6c814bbdcf693b30c89f5e8d3a21698ad8e7e90e40d
9202388156712220000,complete,c1b08d0c41f3d821c708a526ab8b02c847d6b7d7f911cf4333837abc59b0c271,3635aeecaf8a643f97f20dc53f545ba4bc7f02ccef066822999407393cbcc391
9202641725240220000,complete,5871e9d1121679248a9d5165572daa52411fab811bcccbda8f877015614f330a,0fa75f7c3d3a022572b5d034a9e30841b256edd03e2b5f16f5b80c332d0c412a
9202641725241110000,complete,f4a516a3e9655c7d690838b5e059e8007ae24af2266b449f1f73c3518803144b,0378e1eb55174d96d640281dd47692c032758ced18ee19f9971ea4cef3dc2358
9202641725241120000,complete,4c1bcbdd7f4a958105468ca662c3d9b284c1c35892ae10e791637cb869f40726,8133f127b4bfd0a788a23b471b26d0348dedfe0a6d0b253357cc8f04ce1df684
9202641725241130000,complete,faca1eec9d4cc5a723d663813279e7f81259118bd5b6e7f2f6770b42250c484a,548f89734b1700fe74f8ec69594c31761b73af3afab93b263cf5709c034bc872
9202641725241210000,complete,a9f8abd0368512395b389932588cda29076cb6751d3449281345aa94e57e8623,cf25a369748d84366590b92cef00a427599fa8a937bf0757efa10b39a968e3e4
9202641725241220000,complete,b3daff41028fc40dea49f7a06858be5ba909275c16bfc3f9224dc74d1c8e4b75,d7c7227361a455f4b599f9b225be1b4ec43a635f68bb495b698075ea3452cb86
9202641725241220001,complete,b73dbef412912e36636e9c25d889ae93cea096f14db5f34a857a82975c89c6ca,87195722d8dfd4d77fee0ba6e541bc6d29278ebd87025a72b17f11a7683131ff
9202641725241220100,complete,6d3e8e426c07af2a6689176599d2bc6fdd859c1dbabd01c47800b57d019ed9a1,9ecaaca013016471be71afeaa0d5225256ce8fc4c8748c18762a531f7e83c8d6
9202641725241220200,complete,0dd725b4c610215b10d2d71d99c3c4c952cff192c19e6bd08318230158aa0750,a496e49732d9af35238dc93e9249a8694c976a8861e5ae0a084f4d53255e3d17
9202641725241220300,complete,ae9974ff0f687849116b60266a508fa81ff82b7fafdb8e183af2c7498bde8b8f,d4529176f8d6930687a66efd26fd1381573e3b3e2416fc4b5f10f7936536b534
9202641725241221000,complete,75c2f1e7071e06e7dd16fea7e5bb9ca9515540a984551551b0317dca123ec770,29ace906cbbde611a26de6019e206255c2cddcecbe4062c456af58949153e0a2
9202641725241222000,complete,2feabd4031821fce60c0f39403bc9fd1e93efb23ed1e36051fc0fcba99a0ac45,92313c48e14dd31fc3895fcbf58ee5b74556c7eb48514c9ac04529e148e4ff44
9202641725241230000,complete,9d282e9de2d6ea3b74f4660e4c307ff914eb2414fedf7412e6b6ce9c0722abbc,790a90f8cf112438ce0a12282cc24432290fcd76a08e160023a12a3b2e073971
9202641725241310000,complete,e24bb7d81518f22822dc0b8dfa496b0f5d68a3225fb87f556ea7066d202e7b79,277e96bcaf3695c56a1fd91c9f045c5d32f213730d1abd5165e784e10d7e31fc
9202641725241320000,complete,f1f7c68b7e30e4af8bffbb09398552c57330b0924be95f95201dad2914e5ef4f,758285d44a596be693dcce5a1b150797991c05abd1c8976c1f38777dd41b59ba
9202641725241330000,complete,4033ec83d1a94a340715e70ead88f78904228cecdfd4567fc61de09bbd942e53,a9e68297ded11d3e9f95162e4c5679594d21f9d9ed9e83f3a9d3d0482ec3322a
9202641725242220000,complete,c5d11e270a0240589fbc86567fd323572007b51d974dcdad442ed9729fd41d3d,d8bf66285dc5da4c2fb97cd1f556e221521c826dfcf78c1935e6bc4e3f3f2223
9202732066730220000,complete,319a86ac8fa7a1117af1f716ddf6d2c574e38ae8543799a97a4e3662a63e0c2b,9a917ec171f1585117e382ff99c2195fdd83e38e4e0f877d2fc83db9f1c702ac
9202732066731110000,complete,daedd3f1378a42874d451a46f4b397eecb80337a92bf0507ec4e3d179df17b47,662fe202c76809063c939d073b0c4cdc9dc2d0c0e18f84635e4101ce742f80c0
9202732066731120000,complete,8f5406a21b90e134f5ac506e430b9386faad9a7ab88a928d46a91465086207a1,704082dc4a616039139cbde37e4a23d28a308f1c078e233c7037ab276414ba76
9202732066731130000,complete,b18153397ebaf4bedd17871c5786d49e769b9e581f4fe028b99ba63f22dd8c69,d1122b273354e5efa9a891e20267c281012ab86a13e0a7ed37429313c221a526
9202732066731210000,complete,452e7fa022662381501e798d094c5ebd6e15b93d3fe583407cd40228ccd2f363,cdc42d64d464324f18b79058d675d09e0ec1bd2eaaaadfacad65ea31433d2542
9202732066731220000,complete,02cd2831c7f612c9100df310384ffbc6cceb58732a10796d8d2bd7e8dc71f1ba,46c646daeb09f065bc3c2d95473edd699ee4efdbb1229caef559edd6a22989e5
9202732066731220001,complete,8108e4e57d039bdb6881fd1edef95476b0c62b9eba3d801da634f8002802f845,85f7974620a74cbab8727d76a5a6004f80b2fa33990ad92551021618d4afaf83
9202732066731220100,complete,c4270d9d13c5824c8068bb5a00c2155af24fea0e984b72b0d720827b2b336bb1,d5ecaafad13f10a2d3304cc6d763ffec86afb5a6e71999818b079fb29155739c
9202732066731220200,complete,013882dc48e84a37250c4fb22d19496ca64c43f617b5bcb1bd39fc03b3a18da1,5df73e74a4423f33170407e6161de509c2e80be5aec2d82809767141bc6af121
9202732066731220300,complete,e30d2a29c5e4930bc62b9f443ec6f989a916119aeb5fc5fb127900c3a3f7db5c,f28033e2893cb1877f23ac57d07337977f111bae0b3305def0cc29e1a19a28f7
9202732066731221000,complete,4fbc90904535ab6665a5e92917399c51ab8aa2ae230c1f64be3ae0ff8cbc9877,8019820f35920ccc0f0d89d237742c3a8bb1371b786aea578cede311786b4c06
9202732066731222000,complete,6f07ac240292f63743a0801be917337ee316d27409a1e7f6cedf656a0558c18e,910692e54008146cfd421ad875839eb468d4474c3fe1996d40c027c29ec361e7
9202732066731230000,complete,013bee93e10d64bb2756f4c35218a875be456a63da07161cc38b3700814e91a7,c106d3ebe3d395e80060e0c062a42b425ecd2b698f53f1a1a1f6a36065cd3dcb
9202732066731310000,complete,60ffab447350015ee0d10f4c20dd9e2c0b125c6c40385fcc340b3cab61088ad4,d76b2a1667a47c32a8c304e431356f4661aba68a1bdb697167b1512459311a04
9202732066731320000,complete,3086fce3d0a18d80f68ff134d0984b48cc4ec79b222e00985cfae09a0a8fe86e,1bae7b006f027ace7cc31201356815d395389b79331f13a67fcd95b96bf724b3
9202732066731330000,complete,2a0aa57b8067fbc96c6622e69ba8edd13857ef57e6ef008718281e35aa24e065,ce551ca9173a02483011e1ed84cf9b4a2e2849f8e969519ba41b81ec0aa692bf
9202732066732220000,complete,b829fabf065ebe6b2915f257e3ce7d8f5a8471d6d45dd054d53685aee59d7c88,7865f9b85a3d4f2d9b6ca4c2ce5b4a7c93491ea65fa03dbcd4fe8634aa81adf2
9202827837600220000,complete,bbab20938a17ba6e3b9d12b5098858b4a98d2ed109784a576311077d6aab377b,26d96d500dd6e210b0b3d6edb6a334dc661414e9355d41c1b1f3416f0c4d5244
9202827837601110000,complete,b1549d01dbeccd9ed75cfe330d265600b2129fa34c961b587dbf4e286ae291be,389d3ac3aeea73f36193f2210fb74704164b142e6366df35a78fad341d0cff64
9202827837601120000,complete,070bef86bf0b025aca35dcf21c9486e32104f5ce8bb3658c7f8ef07758c5b1af,c1a324135628df62e0cdcd4dff699c9520042765751a02c0a27642fba788b85a
9202827837601130000,complete,5e0bacdecbfcc2fc30c0abfd09cd9464f506fd9790db176be5f6bb3f4248a608,1660b53214143e7a8c305da99b0efe015766241780260f0d7a5a19cc4d7ecbc2
9202827837601210000,complete,4e123e5cced6eb5413cd579e41a23d9b2b4989c136423d202509202217e01abd,b75eb7dc2a29b573d130aaab2e7157fc66067ee94ed06f2c375cb63ebba00048
9202827837601220000,complete,48097a994dde9c091db0717ea9f5db52ea12fbee2d8985b5e7a2a96d04de0b8e,574a4d81a8b9c064c4e2f9031d98ba691cc0dddab115b214bec09cdb1e981731
9202827837601220100,complete,fc2563651dbdeff7974fb9fa6f352575a5bc19d155b9d9989829550a88d27c00,aaf55fe32dce50b8610c5e6d7580b57c84dce428936b43a435659cb99ed34813
9202827837601220200,complete,749c68ce7ecc17eca10a4144e14c1ff59aeacc17ade89985d801541a6e641e0d,b0b6c0a42a025e9ee1c8da06abc48b47df8c410e61ae188f5ef5ab672dc0bb54
9202827837601221000,complete,26c618a3c14a135d61c517fb579b6e6c32bdeaa7bff108cb3755996fe7652267,f9fda1e5c4bab39a2d9bf5de4b9726edf123bed725e0b9857a6906b43decd2b3
9202827837601222000,complete,302e4edafb78ae44852aa9f5a07f5947452b78965a3d9cf7e04a81fd9357f58b,2e41cc00baa80436a3efcac01d85e5be07529f86c6dab2d5154c81d0c54780ce
9202827837601230000,complete,b5b70aaa588b38140d9e0f794cdc2fc2bbea02e270c899f68cf029a046e12939,7d7f7afa375fd68b3f756b3d34fb9f1554b6cd0df1dc22bd69e32a7875e1e031
9202827837601310000,complete,7caadcd27cec9b0aa65495e0446eacf007263210e1f704dd16524c487f818b69,648cba513fbb37c5f8fb477ed0d38981868416716233fe0cc54f3172c6af9f79
9202827837601320000,complete,ba7a776d862047743255d6648a1d1e8c3d3f4c4576fb8d52f00e0e1e5307a492,f88a6a806e9fefd8952391eb4e457e546e85caedd88aaf625bf74bebae5ae6c4
9202827837601330000,complete,73a081ac0256b6fbdbfff7484779c7c88410f18e9c6d60fd8e8f18e7c656f026,9afaea2ef0a933379263567d190dfe2f99fd959175114242ca78c4c3e144decf
9202827837602220000,complete,efd7ab0d5a8c16fe0170b2e7b4fe949750a9c19711717df6957d34589635cfd2,67a51ced835a482642dc5d776a6889a805bdff3f3c4302ed62a803ebb30ef6f5
9202879268300220000,complete,d5e7cb2cb091d91c86b35a5b72e3a8539ae7a570fd0820492934e76955ffaffc,99d1f3870d77024264a049ee8847ddb4f9f3bb8ccbd14ac9842b4e61592b6586
9202879268301110000,complete,30a13326b663abebca335e6f222a16158bb23b91421bed08b9a703135029dfc0,497deabd82c9f2a3f340656e0e947b30b362754b387ba22e02de346a2d1d5945
9202879268301120000,complete,865c74e375f3b361d391d5db12c7805127b15aeedaf03e9419f111bbcb234152,069f7e4fd837b4a8d6a504f94e48f792ce21da2169fb03c4b416bc4873bd6510
9202879268301130000,complete,4cf043ad1e16716dc07c79b19188282d00705b119b2fb0ea900f9b7129a79c5e,6f369d624893582d981c9619cc819936195c465d34b31310ad8569062c7da576
9202879268301210000,complete,00d953ddb80a3a21caa269e389cc20ea28d842c7a5a1ac7b4046baf6676a48ce,c21a10c78457e5accb564a7e4d4b6df31b42cb221faef5c3f91f695e9f140361
9202879268301220000,complete,f48a4a189f44d3a71cbd28bbbf80cd87ea8a7f5daeea90bcce47817ef153bca7,d3eceaa639f975559130b791046c08b7b81c619e35873be6b928632e485e2854
9202879268301220100,complete,725cf2fd04b9e28db715f8cc65ec4d7befc1447567f65f71c11d18a81808a6b7,8b6866c5404520d090da57ba628e776f2f26fe67bc304d0c635c12fb03babbb1
9202879268301220200,complete,90546ae3d817d0b2fbc9165483a0294a2804d4f44f7a1e5de0711343aa48e7df,25494ec584e7fe63332b570cf5c90eb8328659c974f5a1faabbcc2c7f4c37627
9202879268301221000,complete,2dfbe281d739ef4208f3e628f2d50c0935fd2377ad62a694e6ed59d11fa2f7c6,ffef23ef0d00571fdde164ed09ed4c06f90cfe6ef040106c4d23988a26c075c0
9202879268301222000,complete,0d518b8d55d05e18e34a39d845bb651bfb250757fae73e8e5f2d7cae02a7b026,9769338145cbb439907867022e7e0608cdfd090ab01ebef0c5d6775a1af68eeb
9202879268301230000,complete,0e5f31cfe8d03de2e4ab869e126a1374e1d934a16d3a860a396582f6a631d4e8,3b86f3e823665068065fa1096493e8e0e7d4535cc89f98e513a792f0db913f6c
9202879268301310000,complete,5712025299c2fb8b62cfbc20bed4bcc5059a663257233e4653fd762f9eddd96c,a5925be63021c77d953e8d29e303e7fb7c26259a524a44929fe8b1584a5b3cf0
9202879268301320000,complete,d3df6b0f497305572a687a89f62c76b73e553f4ae684ba749ea4963e772465d9,a76ae9801ab3cd54ec7a0e2946e08e4ba13357a5c87f2c25911b1fe2c74946e8
9202879268301330000,complete,99b3a155625c9c13fa1f31fee48db6b0583ca07479309d7b36445541ab7cb196,48e85a187da70ac38bb9dafa5dd6c3272d457c9e013d668959a55585618a8bc9
9202879268302220000,complete,682be5a37940b3a7c2d9f4d598e98a3d2b53220d0ac18a37687b832a68f0a15c,9f622a78779e9833a562ef88e7c76af54384abd91f38b12d5b3e1716aee4c7f6
9203040240580220000,complete,4f5e5da481d85799a706fe9362ede6682d9f35cdde14606dc3556d54ec88ebc4,568d502697dd08dcba33a396c18b9b0b14c8f65330c4ee64a93bbf08fc6ac836
9203040240581110000,complete,dccb5d6ede6694578950209da1cf220b6cdd52fe20b66d121e7ebdc5d9e90032,4e4b91decb030a9e40cad57d4cf65e67cd2474d7b2c3f62205be4b9e59d2ab2b
9203040240581120000,complete,17f2571f32ceb466e32b7c4ace0e44a6ff265378286dd6e4f6be870c049aa62e,2282b530d0abedfcda1efb24bd33c57a7163608b63ef90ca031ca926d80802da
9203040240581130000,complete,38e11f912638de25139da180e02759edeb87392c0819faa07f9c9beaf4b7f855,1b7eb06b0af84a320c0a14b50533f4310ed89e36c62dbf22934d40c24980ea4c
9203040240581210000,complete,aea57d9b0926f41371f503689e29e191cb78e1c5c5500bfff5e351126a18ac35,ff58084d3fdcc17ceea1df83af4c657219a206b5a1c4af2be61e17a78179eb77
9203040240581220000,complete,0820e7b816756f617985d670ac65ee4518ba5a2da68218c2c6ec7e88fc8089de,a1974227cece827d9056d0fb66c20f71242a48316522ed0794de13fbbf2d51c5
9203040240581220001,complete,c7b1ef88dd483579635aa4bc12a18428ef31c9108eaace31cbee724206598c83,6eeea5e832f04c9ee648db1ed910db515d8d0759889f03711a3ba7df2b54eeec
9203040240581220100,complete,2e762a141634ceb9de26dd553465fb57ca36b382b1e819cb25d62a4b71606f11,511750807e257cc73530557923e19d743f00494dbdebe0eeeb2466fe80d1f0f3
9203040240581220200,complete,6acf8c32b7beffb116348604be015fc34f41b8769c6b4757696df040ca46e30b,8e3a5c2bd1e64701e9031b5f7faad49f327caa9a594a03d71490e56cd1c9ac6f
9203040240581220300,complete,9444998a64cd15855587aaeb92249601ab93d3ac8e6966a2b59b089c362d1023,57678412d5643e0b0dc86cc30ab69260e7dfea304b1775934dc747dadb5322cb
9203040240581221000,complete,dc7ebdb3e6a06d4afc5250744d9c7a638d75cbdaeeff690d8af2764dd5dc69a8,1c61f01b49fdc5fffdcf7542779687bc92fa446fb8bc08a0d5469c7bbdb6c661
9203040240581222000,complete,edb713408937d490739f1922ceefe0a7f6de767c26524eb24eff69741e000d52,fbc81013a72e10a784aa027b5ca64527af6190c5cd7f98a9b8071fb1b4255bcd
9203040240581230000,complete,9ace32384e87c430f26b84f47b3162a2ad553b542f030bb6a4f962d852edcaa0,43e2f15e394175b43f4e56dd25dba6836616a2251cd8bfb15e2d8771ce014e22
9203040240581310000,complete,72f6a6a6c43b1a82b83f49f0444e20e7bc21b2d9ab67076c94b6f57dd8739fa8,7540f65cdd3662ed998d95aaddb5896f46a0be0c636bf84fb1266bf83143960f
9203040240581320000,complete,293de73186cf40e0fce74e91104024b74ec6071d61a29b72819ba903eb168a4e,776ba22565bbd2a93c9957b28680ffbd6d61c91a22c6f63346942c90b43c7bba
9203040240581330000,complete,2926a2b728cc12e58312cde3f4a5b291c842a392a6a612a826b70f44cd6f33c1,45a542890a6a736f51b6ae2367c759ce07b0b51efacaf2f1e1deb9c5c954f6cf
9203040240582220000,complete,e5cc32ad7bc8b85ff4ffb18cf2525ab2f7aa9c3b46b04e25b096d53d819deb2d,83a201df5f5506df02c33d51e2175b4b124294d6ae28bd0152f101882a8ad864
9203131099450220000,complete,e70fcd58372ae5251efac6afe39aabe39c1ad105b09ee4bb58c45b20f79d63f4,6abae169ec9f86214025e54c0e9f70a7b2994d772f63f3cb183f10da0d7bedf3
9203131099451110000,complete,ec90f5171f6f72cdf66e7d1249aa51b058798c5da9351ff2aa26e6dd683cfd9b,059288d2613b2e75eed19f03bfce2c52dc03bd65fbed3709813569afc6c00763
9203131099451120000,complete,7e6fc4e3d96245ede01fe7302ff487221be9ec6e9fdcfd7bcdee0d93a0f9c6a9,5d4fc301dde9f827a595287b070bd241cb3bdb8d854c75aa75259b95adf16bd3
9203131099451130000,complete,23c0f7ec4d536ad911f3ab1cb45d1f59785e077c3f1605c613664cd0f0379f87,a2a4d1a35e0f5ac73a5e0cf7c104bccd27ee6bd6666e7a8f04950924ae4254e5
9203131099451210000,complete,d1ed9ff5e6c09e7e985df5df874c349d243ad581ddd881aeedd08cec8e6bfdc5,a29c75c03782940ea9ee2e2f28ad8630572c560b40417a9767c87265de531c28
9203131099451220000,complete,839f12f6059d9a8fa1476b4cf4b510ccee90e96351fd2e47ec046e43fe9357c1,7ed69c9d37e71f01f1100f64508ad8a1d9ed9249f86f008e41d0c9289946f01e
9203131099451220010,complete,a7b51dc7d12e6681b21d718254d54e8a0943be9fba833df1dd93cd8ea22b89c0,7c6322181f0631cffdb88565c188c5a0b1af122d1d6ee334bd87b6c142d6706b
9203131099451220100,complete,66f9d6a55f2de6bdfbd663e7cb5b7c29b8ea7ea8ac774ac74e056805111fb368,f17f13d1ef6275fe97fbb7b9c4014e104cfef354cb472b154a8472ab9c13a96a
9203131099451220200,complete,ce6074d144afa4d7629208d7782e41c8297bb8838d494adaf828d2aa2c3127e2,ed1c419361fbaee0092dc61667254f4c48de1e6787af4e62e0d56721168ec58e
9203131099451220300,complete,adbbedbeb8a1b7251d5dbee3c837e155f9399db8779eff0f3212d1f2645da82d,68d1f30dc50032bfed7da50eb45528e3daf84201a0f319ab6a0e9bf0d6155afa
9203131099451221000,complete,bf2d34520d8b530dea3225dec66dfe45964ff42492c420fe87cc60e6c5014ec9,fac5a42f2d565ef2c16b47a9a18e88eab4031352fede1192021f95bad888ad6d
9203131099451222000,complete,f5a36b704585e1bde397702bf0f6ce60bc6a056177d19b6ac4af8fef17eea8d0,e1f6ef900f7f9f5d06cbd3ee0102fdf29eba475fdfa269b94b3886f6cd4580a1
9203131099451230000,complete,4cf2451e00778b34ede9d45e3e3903c6acd6d46449635eb1ca6dc5a5530b225a,c79711e93f967e10d79ddff388b1e4883d1d5c67de4267a5ea5ff342f739db52
9203131099451310000,complete,056d7a33e95f1fbd12749e397100becb4b9f02b98a11a8356971ee6f1693bc99,b432b879b6f5dc3a0f5942d0930cc1137827d60ccad530c4a035ae314eac4bc4
9203131099451320000,complete,532b116249252abc39297f2be5a09671a029ecd00a63c823739de3050793a611,7a00ceaa1db1620f9c11c0bc0062144e0398a6bd8d8718270e92b12917cbfb2f
9203131099451330000,complete,ee9ee5f6a6d2f8fc462e68704e3300a93569a2478e5063d129e9f8acbc2e8c6c,dfc638031d567abd7a651c08874d0119a534e71fdbe8e9bf5d160a6aeeacd716
9203131099452220000,complete,641a276a03bd4d8dc6902255051dde7007448e38c267d34bfe860cb60034b811,16249951ca529fb668aa6662d961cb7165474b5e2e12aeeac801e2fe502412f3
9203171531720220000,complete,d8b74405b481783fd0cc96f663fc50de091d921cced7881c9319c2dbe9c89f03,d50c08e3bf7953aa635b272758ef63705f5248b0cc461604c323a3386411c99c
9203171531721110000,complete,4f5e37d249bba4db5364e9576771e8c6ff125c5443094b2e19d7937dac715152,26c6e70fdf48ce7b12fe2824f1947d49ff6f9e1426ff9cbf8e94870e67134ba0
9203171531721120000,complete,0e37e9e55e1ae7e1c246eb1483fd51348a20d72564dd552be8d92164e7b34b74,604e3030998e3a4d79bfa60fcf46baceb9f5471ab233e88b1a6a147d0883a589
9203171531721130000,complete,b0587d81dcfde30ed8e486d1176af99125200e8d4e9316f212fce3e13aa47005,1197c958343f659425c7604dd4bfb22af759501592266851bba58b0407c89d7d
9203171531721210000,complete,274c9c1737337c5d45c1569bb159f649e5c056a1d78ebe86f78665fb59aee80d,434da2d55e77cc9c7f9110f351ea5219bd1236c6f4b63cc3a56e6dd903d72b2b
9203171531721220000,complete,829facd889015580e6d8e9f1b7718b890ae8d737cb7f7a1e79e652ab9ae46661,31774124a5cb5eb33e36c8fa4eb0456901ea3aa1bc40f74dc5317b6daacb4fd2
9203171531721220001,complete,ec90db205df0a63605a52bea04cdad29979b41589d60d4695ce38f5b4b7e2124,f4c642b066b5a29419f7dfa3207be8c01e57147c59e702588a1278aaa8cc93ee
9203171531721220100,complete,b7d1e75037cd8e67e25232cb7403ef8f7a020b446092c8efc6deb978cbd20e3d,ee8abd87b7c55b1cf95f512eaea5bb6b1af6a20922da68449998497fec4e8626
9203171531721220200,complete,b7c5c4516c1f7c720ce006123bc3ed1bb4c0598ec45d2575438824185d5dcc9a,df2bf226721c1363d20f74d2a73d92d7746cf6726b7293bfa08c808239e2fc74
9203171531721220300,complete,2fbe8d7363e4ca983c0320c0bb2dc0a84f63575a24fc69bea6152f0d979eec1e,7685fe2fb6820076567f1e0f791ac74959831bb07cc07a21a808eb1f6cf7424a
9203171531721221000,complete,30c564ad6db7796fc3dcef164d43ae8dabab6f6ee3d51351f3afe4d9ee89475f,a3e4ce3d57e25d107148b35ad952bd9436d92c85e887bdd7c7757b646c5a6bfe
9203171531721222000,complete,c3f83407ec5db650c8f03cf48ddcb730615035f60d34bec6df541fbf69be7bc1,dc45a869185e1c7a0244f87a7121a0e5983d7f9daf3220b4c0412f01809014f7
9203171531721230000,complete,aa4bab5749c23129040e3542a317c3b329791db897b85ef6ccc0209b96874c78,c6e78f179fe7f6fbe8f954d6cb8cd79ebdfde37b068768bef55e2703726f0d7b
9203171531721310000,complete,f30aed9f058108cc1ad7d242cb1b8340febe287e430478abd699c828d9f189a6,98be604972628b1052461003df415a2a11e9aeafd1e41c0344b74495cb02d21e
9203171531721320000,complete,7a3b14c1123f68d657034227c0991ed973557497f9df3ded6b200d4cdda810a4,0013497a57dc20793ea9c5df068c444b5716d4aff0953d2f4bb065f171c13738
9203171531721330000,complete,029121f886c46e13ec74f2c7bf4046be4f8216a7742739a17943b526c1909cf0,4e5422b0faedae07777ce33c157ba34b6e2f00df7328f9fdf6bd07826a26a665
9203171531722220000,complete,393be5a2488718c224f061ee2aa018370059835e545c22d82143ce1b754fcab8,9572caf2af497b61970171f1f9d14eaadb691bb52cf6f2fcb00a74cf0d7608ed
9203432963480220000,complete,b575239b62e54c04cd8bb7537f97f70a0fff4ef56fa5e098919f3c2a0552f33b,10ff537a88c99597e29f9f9b7f5093abcb5d86434498b65e4fdf69142262167e
9203432963481110000,complete,75949b35646cea29adf3061483d27002fe56629cc8d618b7ad2f2b3eeee32776,c047c4e55b7f8e496d9ea1f22b7c66aa7a18841ab5cb58f653a04499bc31dd1a
9203432963481120000,complete,c115b02657d54ee2c02c026a32e10505305f1813c74bf03f008e67d989436eba,0f2b572abdcd9a9a9e0fe3736c713231710a6fdb66bbdfa393615b59dbede6ba
9203432963481130000,complete,9d130870d91adee45181b596138c6f4ed30ce64420079f10a3ff350162cb752d,27c767fddc8fddbc5f3cc90901e22b9e720fe28bb1a7b79b8f4971876c1db7ba
9203432963481210000,complete,7f2f59bfa00c423299eb7f0bab44b8dd5fd326e2f4eaf994ae308a6f0ef94c55,fd647b5b11f7a3abc0ae30169e5462aaddf710c12f25a7c88f2636606d0a1e3c
9203432963481220000,complete,4f869d28a4c978b4a741b702c9b588602d8a7fa81f6b2e03ab8f1f1b691aa2dd,a89f1369bf07b98e12e8232aa163f5b1a7d01c072cf91d3e042008f08ca470cc
9203432963481220001,complete,e3f9251f1a24627020d2b125398f000a9af70fbb121a53d7b1a8ca8d91a4279c,ee917d5e5101a18065cc01c55f9b56ee68abc38ce19b001ba1a943d128d62191
9203432963481220100,complete,f3db5b9d73418c4f323beb67c8013fb1acc303cd5f81b07c1cd60f0d545c8cb5,1410e0439709db6ea0ee234a8ece989da0ed13511bb7e6646cc000642864ab34
9203432963481220200,complete,a3d57e62f0c5f407e50316cd3897e39a6ad427b68f71eef6b95965516d353b16,2abef3081d11fe21fc5737a0a6665cde0603917f1697b979a1018beb734a5b98
9203432963481220300,complete,29faebf94a15696e689ef1bb71fc00fe302ea210040c146dc4ccd38565d987c1,69d4c197bed30224f2a5c8fa9b111f3959a83fd461385ef49d9a5b8e935400b6
9203432963481221000,complete,b8ba706546ae48632ab7af7f4a2aee74df5b9d4b0be5fc502105bf43a0ac1e80,758b71b02288d208488398ea9fedc6770e0d572ca3ebb552064a45aa024800a7
9203432963481222000,complete,0232d560ffe1d47b78b9d7d6a58ce685fe77219e5a564c1f9c8d813de7d202c8,36b9b93639fa60b8a6a3c0d30547dbd4983481f57769b589661ee54112edb06e
9203432963481230000,complete,882ceff82a972dddd198a3b868bac4917790ee0c5868d89a0c70ebad7dc5a7fe,09dcdde6961be0690605570bdadb88b9a7be4e5f8442a22e4a121f621fa053bb
9203432963481310000,complete,5ffd6a6b0596a7088dee34432ad0a024786f07b7cf48b51f7770e3842774ef21,160f0c9e8be47d8d1ac6d5cca20e0a8ec7c23353de4a2ce24b830d6ee6f5f804
9203432963481320000,complete,7a94ac757910adc5893e2ca6c25ca5fe7d1bb20f6b95692e3a9cd26729d71793,c1dad6bd50e04cf8634a78deb55d350ebf1fa333b46d0b7d1c352df84b82d10b
9203432963481330000,complete,522e7720b57ec74b32be9f9ed3426857bb6ce428acae4ccf59e850431bfe7175,db1e6ccadd496f51706a517a4b4d9be738f3f6b5365651fa451245b6458cbd58
9203432963482220000,complete,afd29ee827527d8dc287afdc6b1be08fa8e86d97744b24fb00856e39cdf8b6c5,3fe21a4abc1344ec6ee11c1b7baebefdbaea0c0dae62613d1a5c9dda3776fa17
9203441306960220000,complete,c83f026d6b4edcf1710464efd047b5e2cdf9fd426e9e8eca98089b0736bd6842,9724e7daa9a254257045a419c2b6b0ad0dd0b30452bb0711a34f818bb976d47e
9203441306961110000,complete,2dd210b9322a6e973a2db1173563b3616a4b74d60a95b8bf64691754cf08e275,18cb5f66673e92bd5feb4ae866d4b665d316c406b29ab89cc4257fd2b1cad7ea
9203441306961120000,complete,0fc08fe305133502b0b209043be574a577b3a58462f9776381915ed36ec7e56a,372c6bf1f9245d336617e92b9fa24f4d34353ca89022327317d29943c1d55bec
9203441306961130000,complete,c56c439c4b1ad4b7e71ac133b55b52da993b51e2e61afb3d9b4d82311184723a,318a75de372d673c05bedd63ec962b58741447e8eb34f5fbf724a76b64f9a875
9203441306961210000,complete,8ed7638e9fee7413c9ba3238f10af9d646cd9b798926cd4f7fa932fbc86edcc0,69cb03eb95296793333a9dd6044b4b75ddc3fd5e348d795d5e428e489866495b
9203441306961220000,complete,a6da07f1fa14259bb70bfbeb4813d583d37ace4aa0f488c96d463fb5061108e2,85bcb3c92c1bd7a2aa6dca6a35f20bb639cbbb4722c0f3bbf72f4116ee515886
9203441306961220001,complete,7826b3bc1323ef74f374b23f8bed325890d97a4ead6b1b1108bda18359230a8d,b719173fd70b69013fa757e53ac8d6523703474cd8405c9f26dafbde9b88a355
9203441306961220100,complete,313eef4932b1892dbe0769247b3a6a3e3dcef54afe0286d64a030c2c55dae49e,e14f6e163b3b3c381460e2b5efd42e274e3b998991ebccfe74cd8eababefeb2c
9203441306961220200,complete,705d959041770a8bf9f667627d0605b663b45a6989d92004917458b35a280ce5,43e5c5590d08a02ce632f5481f639ee2cd81fcc4b876988f0c82ffa488b990cf
9203441306961220300,complete,42847e159bd5ae69e193e0a6ccce2a464f370262f2408cd4b89359fa50dbbaed,eddf9c74d8d913a6879366d33db177563f46108cabe0b3a88ea45f0e8386d215
9203441306961221000,complete,f440da55018b4d9586d8722b45cb529fbed7f88f30bb13129ebada7388726ac0,607a82d473ac88ec67864d28e822aabca5720dcb499fbb6eab6d082e761a7ede
9203441306961222000,complete,a74fae521dda0a32538fd9be08faff85e7d51d080fb7375d3fc94a9a54ab0ecc,b90ccfb4857ce3147a779f5fe358f7b891c9c9351c7847613da4c1641ecf8fd7
9203441306961230000,complete,4abbadb080bc97db3eaf050022c4b8c3580f88e177f4f400e25e8e91e9099320,48815a22a5e48da0cf0da912338080fd182bf1fad262ca63d5844a53d7a2e44a
9203441306961310000,complete,36417520e235420cd5e9c8b2d062bb452c871866b0a1b26ef20f825f3d3b281a,bca2aeb3a947cf652e44eabed549f873709faa1a4544a6c504d9fe4661927795
9203441306961320000,complete,7e000e54ef55dd6d2d1f6b3b4251e48cc45d143b56544ca34e47fd6f14937f37,bb08e52887fd08a0ab911a15079ef5588f37a60d1bab9ccb72d18f42bb5461ba
9203441306961330000,complete,119837eadd158be41e72cc3483b993d5989d7d005102f03467e090a1a894bf58,bce83cb6ee436f7b49865bb616252598de33fccb2999d90c3b8eab89321a5df8
9203441306962220000,complete,21c27c0c7185538f4809e23a201c98a4a817449a7bbb9a815c7540faac766b2b,5d1873b6e3585ee6eefad9e1d0cde124949fac935d53c8d9f23e19f0a821798f
9203537273060220000,complete,96015b61c23bacb7b3823cb44632ce5b7a16b2ead67bde7063ccaed4c68a448c,8a3182a30b89ba7c5a68aad64f660113bbccae0a062eaf5b2a13d9bf6f192fd4
9203537273061110000,complete,febf802a945ed5dd5df1cd3944c140fadd16f4895ab3fbdf082fd7dcd937f3b4,f86b962da0540da5f43230d43e5eeeef1f0aabb340a3c19933cd5ee6bc609100
9203537273061120000,complete,f6bb72d1f9fc35efabb35e73add2b4e280d2eea593549fedf9118951fea0b3b2,5366e3da7bfb4cc0b2736b2d48b46643ad26d5e6b7818872bf558d710bb7329a
9203537273061130000,complete,d8bf04c4ec1d6fd5dfaf8f5bf8e6424c76afe1eb300445fdf7dfd12a87a3b63f,fe3bbaafe08065406ecf85101a428cb8022eb32b725004d67867870edf744039
9203537273061210000,complete,31e13b583c567285d6ed7b90fa1d91ab24f6aa5b2e86ae2ce226637d1cf4d7b8,b38b8fa5521d797e17e08b34462defbbfe62b225473f84ad2c8acf2678d67df7
9203537273061220000,complete,916822460b28dcb6790c052c826c59eda237a53c38e7b1d3e85c13329fba60cd,aaac51c43d22e2c6035d804a4d04806e32f24dff0e00efdfcc94974d410eba1a
9203537273061220001,complete,0163d04cde3f02b53c612d0ff60151c5aa3ee3b7f4500cce92fb2ecd91b83fa8,6c1acbd962fd405e6192e7dd0d8fd0c297ff633c977f2e74cc62879366f95e98
9203537273061220010,complete,e56e2e85dab0fe25f436f231c0aeed8d1474ad0b51e8567116f5cb9df761f90a,238e716c1f586c12633be42d3ac263aa1984983d71d7a143dbac540ae777f439
9203537273061220100,complete,d37d039c09c55fd482e5af8dd1d785d76bc8900cfd22bc905749aa9590d124b1,38fb8b0b86685edfed9afdb56107cbf6fd7308aac1639c77f27eb8743f619263
9203537273061220200,complete,08f174edd055deebba62c268d9629b775877d9288103bada01d252e6ebeb966c,b25f3d1087a2a03d0b1828cacdcdc07c9e686039d8b8f661882a754416ac2858
9203537273061220300,complete,668f3594837c10d5c035181747e4fe16df50b1c68e71c7ecb04a87f7b40b45b2,77247b6194dbcd42ce6d9e5fcb1ec25008d4f9e280b887aec4c9296d7447e16b
9203537273061221000,complete,ad4692d85353a453968ab58aa5abd0082dd373221ff87e1a291f8be820f62bff,a474a6fb9f5d8f65ff050058b74b0fe597700d527df0a13a8bf246b530067df0
9203537273061222000,complete,a83cacefb5371893ab35facea58e6ce2215bb63cf6736a961d692728701d3b6a,d7ba0fc8a27dd783a4f21df04570614a8d4a3d8ae36ddd99197119c678d4b6f2
9203537273061230000,complete,4133df60b504690823582f3ab8adb2d2d59602978d6d2c5d3aec0a2e167c5d65,ff50dad748d04029c5d42b39fd17cea5cb5df9cb5ddf6a2d41920e1a7a6f78c7
9203537273061310000,complete,c857cb72c1b8135adedaa0cdfa5efe3e520f0b043de86e185441ce5fa39d3d3f,d90c5491a90fe4c95011c23cd038ab874ee71edefb4b5778883f9ec3c67cc64c
9203537273061320000,complete,20f1fd1b61373d30103819781335c6ff8ae71a21e58eef9c72cb2066e60deef9,5a13fbbe8270aff19e9ebbf356d25cc17e08db6747e43539bfaa3ce5de2c9442
9203537273061330000,complete,6863a7f6e89e8eb57a41c6ad3cbb5e21d8a7fcd4385b9a5a1dc67eeebd13686f,9caa108840f22e61a612540d6cba09b1470c131f5e3c97a7660b45655296ff22
9203537273062220000,complete,b38d9737dddafd1095265b94c8ddc6cb9831ee220c06fc8649e8f451bacdb2ce,cc0afe1a7b0975c7242475a3f2ce058080a044ff6969249db5c2bd9de003665e
9203702395210220000,complete,b64971d28d0786d5fd329e5881309771eb14f9cf7f3bd69346417084eee8fe60,1eedba63eef7569b0c671040cfc520c9bb2bd1a190f84aec46533e3c61565998
9203702395211110000,complete,1f4c83def1c2e18e5188bd8f0a1e369f5ad928851421ee2432b4e0af46aadec7,dc0030673c46fb5cf812adb0d83552b85bd1826b665194e9893b8caa0e8f8c27
9203702395211120000,complete,5bfdd364e61a7fa684d354acdcf5d3698f269f85523698be1ab12a505f81cf4e,58fad61a0cbeeddf7e534f7a9e71991dda18f434117021eac60eba95e717489b
9203702395211130000,complete,470e9856b727d3be308afa4f36c2d069dcb137205377b9509b6aadcc1b332fda,231ea15bb13398bcf7d13ae57bf437ff96d6ddd1605f0eea064672a3f17beccb
9203702395211210000,complete,ceeb1a6a585305657b95698ab05e05e4a130c3818153ec49e69d0f330c67cab4,b558138d199ef822dff39150f56c2c35804ca1331dc194e647eea0bb3dc28f58
9203702395211220000,complete,7b07e85b1b81b2e96920eca9f49626d955f5d7b244b581095d1ceb72ca768f64,5580800a3e702fc66a145a457f31b961a719b629a537a401ab3edbdd92cb11cf
9203702395211220100,complete,cd79f84f430de230075e763ad2f2895603a63f606f8e06da6b849b928ca73900,3c1b15be867b22aa44a895758f32bb9f1181fb228d5b2f25331f836ccfb62c81
9203702395211220200,complete,ac11839245485149ba3e9ff3993497b5e7a60b2d275f8f3148bdec4ad94929b7,b987db51a1ad2cb94b609dedfaffac891c78e922bd0434a7fcb4d5fa12e23fca
9203702395211220300,complete,c46b6d1043c74e2e1cf04834280d1f27c6df143089417445f104647626bef088,3ad31571d687632b610953b2f30180ae820a6abe405681856efc6ba66a8371cf
9203702395211221000,complete,2f5db8aeb333cf2b997ffe5b502abd1accc16e93509689b76fb66c60e3acdd9e,45c76112a6f477a135a72c5b2ab1c6b6813212a0a2a0e05248d04cfe18677d50
9203702395211222000,complete,b7b1346f5f3dcee71147b760afccebc8dc29aea224cf3316eaf07682bffe9907,080be66110526f1d177f1ada9f86c0b58e265e11ba8332a8e397ebd1c2fb5176
9203702395211230000,complete,664bdbabf3cb02728ad2a846c82a05f6195ef1414e7208c8ff7bbfcaad1ecfd9,c181f6506d8e918b75ad0bb7fa9e843112fe0424d14d4aac654eb24737d575aa
9203702395211310000,complete,e6fb53fd74dc3512f3934126115cbd977750ae5246f58728e68844dab04cda0a,0024e69cdd1805846c834ab12256a627f9dd5f6b34e8e7c0466d8dd8281d67cf
9203702395211320000,complete,ade957d43833b76a17bccf114b19fdcb26820efe4d86fad0203c06ebc3fa9de5,54ee9f68033d1d99125d5d65cd09e4c5f4225497509c253393906621df69555f
9203702395211330000,complete,6976aef992778d0eddb199dc54ac225dc8c47e4fcbcba0634709aa358801c487,7a5ffcb05fd1f678fdb82cc70b51d1bc5dc6a1c420b51277fcab298d21878c3b
9203702395212220000,complete,82113202ae6e40d58f8d2b816885df8bed83d3687c37ada0450242547a304ed9,6fe04b9625633be53a7194f9b3260bacff659a56198c57c93449bafa7665f2c6
9203751997990220000,complete,cbbff2be0d22c83f153f5cab84de59b229335709cce53ae6c4a383648202fd95,9950909394a2cba5871f1ec296d362015b15ca0712881f52cc6f9ef102b1f2bf
9203751997991110000,complete,a381f7efaca1e7bfca10d474cd644d367eabc30f2f772b09d8cff41dc0eeb810,414e780eb7f7093506166d8bd1b2d37bbeffdb5f013ea8aba4d0b3c5f043dae4
9203751997991120000,complete,e908ce1178942b87339ff547c8a1864db83dcdda2d0a8ae87c9a5474ec5d18aa,22450fbab01ad8f39e3e72a400bb69b945fe125d95e74825d158bd3a93a1af45
9203751997991130000,complete,28e85dad56513c8f331964a51ff5ca1120120b18b4e48170f921af546f1f7356,56564dd1b76ffc2a172791cf59775d819d59ed5392b72ca8f44a521c804a83b3
9203751997991210000,complete,16f408457537f02089e8fe7265f8a32ef075d4540f2cc72f427923d19f0f46ac,32093008e323fe42aa80b7b54c3a2152085cc5ba84e2dbf21f8b5d6478da01aa
9203751997991220000,complete,1373be0611702a95ef0f76938eb4bf3be601ef219d674969c59141a42d646099,c6f156891395941055d8457c763020084e476913c36aebec804569bbc8b5a106
9203751997991220100,complete,ed834b5007f59dab85c76669a0ae06d7781e632aca894907c1da38333d66c034,9d9ed7d370d019912c4530ffc226e874ee9b235b9bf186ee9d49aeddfce2f19f
9203751997991220200,complete,2af5dc0e38f0763a64a08676df5e61be28f21da220c1ab0e1193100684a1140d,a53d4bad845ee611beee9d9b42758a11ae9bdd1ae24ccf45779ff7ead7638c49
9203751997991220300,complete,c8279204eac8f6c29ab800370feb360370007603a7c1c3d461061cad21de1451,0b6957bb73bcdeb476bcbfa330cacd667504211de7a3560d5caeb95415bbb65f
9203751997991221000,complete,bba0e1e7b6b62a0d9bcefba4a21fbb095bac2e40f8b8fd48449292c3247588a3,ffd07c88af6c336af9a3e74b30e85b014234cd58c29817fbe2885e66b5c292dd
9203751997991222000,complete,bcbab6bd9c3a316fa959d58cc59fea8010711e0c13258fa2de98c6f39b26dfb6,2c0e4701a5e92d396189f5f98070be3e066b82a33f82bd50ba2320263be0112b
9203751997991230000,complete,5fe9d65f24fbe52cb191599e5102570831cf1fa0f678ac2e9499d604590dccf0,7a35c17f040ec77588449999fc8a6167e6d306f095cd2e20b6e490c2d28d7b97
9203751997991310000,complete,ccf1a48f192d154946f16b51242d214bf25acbfe029e8c6469b152e9fc7e26f8,ed733b73e7bf9f1d0ec2647f18c2c5c1dc76fde58b65358015adad41334fece3
9203751997991320000,complete,405c1b74f598e224ae7928b0450dee10d54baef956c856714ee0a4b6e11073d1,72eff3154066bd285a277d5467599f07884544a278c1ca9547e55d0c7cc7631d
9203751997991330000,complete,d62d1e2da4d19c5ff48c63d73ff024d039031602a21ddd9d98d1da7cadb31a05,1cb422cd852507f027120a49fd9571ca396e600a7430ccdf005f02a068c3691d
9203751997992220000,complete,9c5e9cb9d25448b55137ba6243b2752590d6644580915d9b6106caabe894df22,9b7b1950bcc1de0d72a29a3f0edaee7022e3d65a6b9284d7ac2953fefb1c20ff
9203802985200220000,complete,f14ed67828a4d80f11665c19d3cbbf7e20e189d5fcab89532e8d16c4ce9c6885,b5f36c2b2dfcad41cac550faabed0cdff618d9076960cd0db75a498f5f33ae3c
9203802985201110000,complete,ed4c15175713ed09a62679475a36ece1dffb0fb33da1e1b52d6a6695fe93ce5e,2cf2e0968278f648497fbc301cb79971251c164171dbccc6d31d67c58a390b80
9203802985201120000,complete,695b87036a6624198e3deab0a5926ab5b0261fcceeb2e42d18c35e9fb13572cf,8176247850d5b816ae2a42e16cca77e12e7ca13e507f6550726c92755de82cbf
9203802985201130000,complete,7f171b93bbc25248474ad07a2f0015de11e20aee60a69a89c08f75b9304b1a65,54d114bc2f538be8ce2b96e8f9016b891fb58729adf1d1045eb043532bc1883c
9203802985201210000,complete,d76d586dc6c7137dcac89c0ce15288f00ef8f11c192ff4583bf142fd037111f5,43f00bdc630a57cb154769be4f6362552b0011afdcee6faae6560f16d3e35f47
9203802985201220000,complete,56554bd487855fa2c128b72a959d3d6f0f97c00050e984e869a61cfe66d271b9,0f5810a8a0dadc5cf14a397872401f4339f08c3a6ada674bb495f20d8dc5be73
9203802985201220100,complete,cfdf9aeee82e1ee37d92a7dcc7f383c24e39656439d081d8c6d775975645810a,57edca0f833bb471d3de273d3e2a2704791222715d99f2fa7a496fdaf48cb346
9203802985201220200,complete,340cf9d12a0bfcfafe25a54851f02bbdef7198271971cf04d6dd65e91eddaa53,50d4473bc956035cfb2a6e3a6ffcf8944a9dab32f6d8e07cd02732e788c2be35
9203802985201221000,complete,a8150b60ba3cd77ac84f0505600d664e6fe50c81b11dde27962be8350c691cc4,7c8c5e6bd41f3c76dcce91ed0e1295439e2ea19103a204048ff8b8268ecd9b4f
9203802985201222000,complete,322f9b43ff90741a5beb843154fc474bf22a3d76b2275e0617659e94a7ed2a68,0fdc246930f8c669104daba965057316ef584d397fa64fb3bc80590323866fd1
9203802985201230000,complete,894f99e9e5efca260fa334fc8886b3afda957021a5fa7aeeb3fe5e17a4d2636b,5e0d87e45208c757f5f9011ea4f1ec70f4c341984859eb5c2f6884807dd80d97
9203802985201310000,complete,fbb4f0ff3555d568b816c38691b82a1606be682b985013724a1cbb816efcacb8,357235c20f329d1f3bfc590028ea8c8b7180a5f35938d1a9d3b04f02f3c272a1
9203802985201320000,complete,8aabedcb291ec71639a031696b3202cef86bad9c36ff8ca40e6381ff661071a6,c1799d0a7874ebfd222ec3734e852ceb4554b1fb1136774b0be2a7c8ab316fcd
9203802985201330000,complete,6e7857fa625261345bf5585e186b65cedc972bdf5b98250c7bef9adff873549d,e44c4c1f4bfe2f6b86b56b381b6cc3ee037d797aff0326eeae6591631525f60e
9203802985202220000,complete,1097602c8206469427e2e16ae1bfa21bc6c88da3f70e76a37cde2256ff29a1f8,18336c7812fc88ee6511a8a219a5f2c89deb58b0115d12d688a15b0d1157b77a
9203940154960220000,complete,ebe8ba6259680aa8b28dc06b7ae334be82600731efdb8fdb61e704bb364da58c,d473f7d3ceba642a35e020c0adfc183a78ab27dda9007aba887480c37e0fa48e
9203940154961110000,complete,460f633cc16ae428d7a16ad68620b437fb30ae56eabffe8fc6a74cb51f22921f,627c8c59e927dfdd8d5f1828d070fec54255b21523fdc84489161ea0ed64ff96
9203940154961120000,complete,f270909310c5b83f2b207314cc86a8634edb148b59c2e03b033a87b0ba9666c5,04235faf6c731cd8146e1b2945caa5f50ae37ec911141272582dbec515b25e1b
9203940154961130000,complete,b17cd494f42aadeeb2805806c0a74c54ba070168b4661bbef6b1db3d078fc006,6b30f0b663bd44b623393b640d806656894c0084ec39353c1a0c35403067ea60
9203940154961210000,complete,7af2681f65c2eef841b991420bd8bdcde2e9486556717432e9847107ca1b7205,0bfbeea640021833677b47ef50ccb97be4b34b82c84a0bdc03c50a076e9045a4
9203940154961220000,complete,8ce4dac82414547baedd081420d097083db43f8074abc03cb179e5cf70913735,1e4c4071774c89efbdc162ebb35e77b4f8e9cff0ba05cca22f04d6e9cf0567ff
9203940154961220001,complete,26d4f76bea60e3c27378141702f044b7c0b24041cf84d887d0777c3e775fbbeb,52203aef2b4cb60cfa5b84bfa17e3d8074b1a738ecc761001bb7948922e3300e
9203940154961220100,complete,c5209626063b87b776f8a65928d5d6202fb93f4a1ba40883640447472ac1edc1,9c8e8721da44e4832367c64464898832d9de3d281a1e6a147b5f4e5504c6ed0f
9203940154961220200,complete,f4c46446976f69520cadc39358577ceb683b128e32470de6cad4b68ab1f401e5,08490508c6a20fe01fd3088d1ddce5e871af3b0503e05d4f0bbfcdadd7296448
9203940154961220300,complete,2213e3604ac02ec8fd406a63def55cc4f0db9a785a261a49712fe712ddf313e5,967961b472cb35a0da236547011d838e42ab4ba8fa1f5f42e2da55df2c2464dc
9203940154961221000,complete,87565e0f0540b6b53ab2c5b32ae08af019296fb558a289df06fa4d5504e82ce2,64bcac0ef97205f097f7d4baa06d9b1c739ccbb1259ed9e9d98795f919f935d6
9203940154961222000,complete,658440776a050edc0a2e5bca53704a10a6f69d1e95e65f684b76ae1f341d4a99,c4a58d664dd32a1243c3e5ab8082b30189b7e808f8b16cb4e8b792db982c913d
9203940154961230000,complete,42bd35f2110ae7924f2e82e530dff1334207e186c1bd6c0eda9e6a813c4cbac1,316b2dfa09520b20248559da13ad04f2f48038c43bbe31a61feccfa3d2b1ce88
9203940154961310000,complete,61620b1246d647b134cab698862287e1715027676c6f098050da573a26740b01,52e551ca8088a75e31b38642343338cd839e3e2e632168afab126cb463b6f4d7
9203940154961320000,complete,4dd9b8a561e635c4213ba896e7946f719018b3705d6cbd285a17373788b63a32,b318125ba44d5a451d40aa0c660a7103b2d8d87293030e47bc2795100b57cc72
9203940154961330000,complete,bebe893beb32f3135781f83e469724e279216308309ae467b1a84d29fee05b98,5309948fa70c494dad38979d45c4df8bff050b97352b5d7c1f3ff127e0a7f32a
9203940154962220000,complete,1c6437add244e3634446210ea1325b2097ea289440a1104cf0eead035e0446ea,efe7cebd3ba12288699a8b2ed2544317fc76a24073d59796c9a62d00f61cf599
9204097327140220000,complete,55d8d66f2255fc5fc282cd874468467b14694ee621aa6a92a64c46dd3a3af689,737c34561ba04e7ecf37418c579b06d735d3b830ccf623915c6de4908e654178
9204097327141110000,complete,be865d2f1c05693295e1b516b41aa53e8970ee05df6e4376d62182b236c4ae70,a8dcbbbb3caf0ea293032d81484c96749ce16f0d5db9fdc7403d033fcd245a92
9204097327141120000,complete,255fa910c1196ba247231e23ed2462b12a4494f01f482f3cde2f6a91eadf52cb,564badd2f5423468ad5f3f311ec0970e82f06462fc43df7658d0f3412243aaca
9204097327141130000,complete,8d5f5e47d65b1bc9eb7bc5259ec2da118604c807e623ff657a26846d834c1f88,c5c63ba56974405244082193f5c257485a443add704bbc9571531b7274a4829a
9204097327141210000,complete,bbbaf241b58fce5e8bc42c2569b865e072ec50d23fad9ecca660840d899e0d46,60fc4df6916a1cbe202263a58b0029b8493772ddf9d41ee2a9c75e28d1392a66
9204097327141220000,complete,a6a5f9bc9f60785c77472df33514b3fbc1ee3c4e1d6fa7b9731cd3626734a4da,783ccec607f1f35ea9db4fef12be88624aad0c7b9262ee8b14de743554dbe575
9204097327141220001,complete,994375764ad3275f5a42545722ce0f58a06847803e3d9e7fa4343f18c8ab97e4,acb1bbe21ed8c6f2bac62bdd94f156c5e6949fd80fb52b0ba56f55c2560959b0
9204097327141220100,complete,8fe0e7843c89e9349bb4acd94200e0a11742d7d01a7a1e0e03241c68abb8f8bc,4c762687be6ab414447fc2959792e98a133abef209affe3c579cfcdd2c916d41
9204097327141220200,complete,0926b3e2bc3b6918d0f62b8d4233cbd805f0d5d0404793f1bad86fd480b67292,6a23634dfe48575d729c6e9c0778c39bf2dc92919e997a5cbe4207b24d6eb5e1
9204097327141220300,complete,dce7d5d07667c05385c902ed0c8501bffc4109aefb8fa8ab071ea5b4dd90d435,78cafb7b32421c6d1c8efe49addf3c29410c2a395226edda985c24276eb37fff
9204097327141221000,complete,0a40bfe48dd10b5ac246db256723604049b2afe968bdff2eca5b10cde1a3352a,ae506417bf96d3e411c7f82d0b9b275362e517f948b1f1db4e9af00e768a3ca1
9204097327141222000,complete,3d07d703eabf45697fdc19b22b690a3b0767418f3ebb3544b0ea1ca6c388833c,9b475271c3e41648e944dae37b2d47d3facaa594f3355b747ec629fada91df05
9204097327141230000,complete,98a0ac4519a47238fd826ce6784968066f911280b7afbe1b38b04c57930b1317,7546324661df2dd61519ef265287e84ad0bff10c551c44a16fa0e71236be640d
9204097327141310000,complete,5914eb9cb4cf6e1483f32dddb03031dbbf4bd4f066e4b4b1febb15029369f692,1ed4da27bcdfa45bb2b6c5fa60c3efc9fd2cd221efb883d1133d2fcf8af19fbe
9204097327141320000,complete,3ae7a4d59b003ddf26465d1d36d39e849f8391bb4148f015f2261bc74d29952e,dfc4a1ce68ea0410777374a64026808e3a82d1c299dfa36c2001a1c7858a21c4
9204097327141330000,complete,494d3e6b0878fb64705e1d6023a16f2fd79843e49c0ff54e25e110ac70a5ab4c,7fe34a3dba45277a73dae67b5101c827fbdf7f27b099bb25b853ad6f25386e85
9204097327142220000,complete,05f49e36e41935e127c805bec404c520bd6712abbfac286a8e24a2c44ffdafdc,b44d1ca7250b9567b193d578becd69597b6f4e4ad14687fd1ef87c38b49fc737
9204153372240220000,complete,98c3f4cf552b15b78195db13b6f617fbe54f8569a1fc5ce41ad5a8bf4438572e,19daba14398e0328814f3e9c9b81f72698ae81414f6e24f52195b7354b209f6e
9204153372241110000,complete,f6abeb23adbc7e62916e0fa246b08fca4909436b56d07d4767d7cf10bd31de3c,6f406898bafcb9c0e242c56e75aba39f6b3c50cc5bf4291be637376ae16df7ce
9204153372241120000,complete,6f19f1657d545aae8416f873609f33be3b0f54c6c7e5ee62e467820e85df356c,1605d7489a0cb4ac46be939385fbae2d2f8548811573390392a0085e4604b716
9204153372241130000,complete,a107b9e2858a8bd8a769f6739c37ba9a7e2ea72033bbe5ed5612becab20a5dd3,d8b2bc324770885b1eb76da02082ab55fd891218ea507c7d4e510b1b1019b971
9204153372241210000,complete,655b5a4b2af156b89b07d7ac1640af4f51f2103da0ae2020ff78b84fbf7a2439,9ae1c133f7341c85f6ad296e4844a041f5751ace5c76ef9e656310e21a612431
9204153372241220000,complete,5a07fe37d88ef314cd1063654317652f5d4d0bb30b89c9e029bbc8e56a9a4d43,6cb99bd17abf3a10639a89003c82911e410ac196bbf43583d5245fd7829782de
9204153372241220100,complete,3d2bc8ab9dafbdab455fe367563814f454286320afd469faead3b2eda2dc0f19,98f6cf9efbcfe4e8a9cc86d566b57c522fdbd69b0c01c304c767bc43eb516663
9204153372241220200,complete,a72dd0199c4c81dd9e5bcd3efb6877540a4c5e6ccb84c3fcb27637530407f4d8,76754f6f975af33a570fd21dc6651cbf530ff8f790480f9c00cb9ed043628ce9
9204153372241220300,complete,6dfae34a5118ce353273087e93a6a6ce6adf78fb55c4197f09f0d56115ad4707,06e8ef51706a56cda8debd8e8aaea6f2980ec1a472708a139393d14324d540bd
9204153372241221000,complete,c14ac1cde9bca47cedaff7e560f23235c4fc42206c8f116a4553ec9354d2b73e,f2e2327b4a9a7ae972c8ef77981581bfa86fe564af66ed0a9aad8befeda3cbf2
9204153372241222000,complete,873bd18033e15c97938ae5169482c5fdf56f8d75d87960d82ad950f9a854f1f9,e7bd5a6b7adac4b781ddcfad5fc046400c72415f2855d74f80896fa24887b498
9204153372241230000,complete,694159f9ab369a45ecf3a335bbc50c83ff614b06adccc5d2b3123f42c9c205f7,74d95d1c6eab877b9097898b54d9a091ad7826d445e7a47b5814c0bc37923387
9204153372241310000,complete,85da34ec2001f2fd9e87430bd36f0735d9216c2ef086e0d28c52f9480838f16d,ed8a0efec02312eefb9a9aa9db1de2a3f3197e0442713e88a246849adc31efb4
9204153372241320000,complete,ddbbc4ab93f0ef4ce9b915e034aee8871adfe19fa22ecd3b04593ef5e20d509d,e46675b38c2b60102cd36dc33e0a80ac5d31cd949b70d1d23b4a5742108ba53a
9204153372241330000,complete,bdc412242ec073fac744133171d95fdb4bc1229419b10f451cf69769c72ed9ae,a80506102b10f984f4d18d86eea811a522d60d9cd560910603fc5c28573b9048
9204153372242220000,complete,fc87ed0f8bb134d7ebc79ab5171e496046ddef0a7121a3d7c8efa14cba11cfd0,b247f9d5f6e35d5e66890c822d07baef876ef8fe191fb18b7e1f0f483792c54f
9204236580360220000,complete,5b3bd7a6b6a71932f6b5fc631e6a493261acde8b91728c07dcbb83d56e2d08dd,a3eaf2d3259817eab091787e4ac53fd7ebb6c1129f1b4d88a22c051f2949536a
9204236580361110000,complete,b46a821d63d5a450fb39de4dd983c6a00d961d14524e897d7b9a957e1a8fe4a2,9349c01947e6daa0d7ca26c3577eed9821346d605f0373feb86f928585d23501
9204236580361120000,complete,61d22d3bf57d3ec484a3ae209b72eb7f110888fb4102a6fbb8da32756ddf9169,bc27d558535e0a1312ccff966484bfc2eaadda6c111ef99c3c9e90d43b3a2b51
9204236580361130000,complete,5a7ee6acdca5f3ae8f0e7b113cc2c34d9d7fa8db22c9441da1f8893933aba8e4,5dcb5e244a96841d1bedfae8963a650f207764ca491a5b3aabeff521f24ba4c8
9204236580361210000,complete,d729e654bd624bddc8c56910900bbea404942a4bff25e8eb206293dc56dff336,b3538d7301f39c04105771d750916c44f1bdac29536e8c3fcc7de049d5f95fde
9204236580361220000,complete,a6d4b6f89cc9cf0856aa8d6d34a2537274fbef2c9cdfd72b103a7b222834f7e6,53823ded9cf37f84e98b1b83a35cb1ba630e076333a7855e9bcd0654a9767edd
9204236580361220001,complete,3c74557d3994adbf413ce52a43aa8686aac2bd19feb2c004531e3bd09f9f1b95,2eb34d7c67921afad5ab640a8d37641c29e89e99cd8e90e2bd2fb16a3e7b6551
9204236580361220100,complete,5c2c3d9183513ccac481d720022aa7293ad3eeb1e372809e8f17cb536a1783b0,c36d8c92fdf92d677b0d16e147afcce27123682bd9168a589243097e6b314ffd
9204236580361220200,complete,1b116c98589e4add8516d04d7f1e169943140ded0dcb92058b51322063f9bee6,8e7f04a08f7443b7c1c6bea2419da1ee3c2b4f7f344ce18f3ef2b078365e5203
9204236580361221000,complete,82a73d382dbd524fc99090d5f0447939d4a457fc055c577ff03d45d254c73fe9,73058a1cf2c557ba111eb4550de07531444997cef93a38868376f8fbe117f59d
9204236580361222000,complete,7bb5256fe55f47918010c3b5fd90ae8f2c10fbe5a266d7e1869f52e499003aa5,c72049c012ac5f673f943d0962d44394b1de056e77d07ea0bbdb3ecf1806b25e
9204236580361230000,complete,1a397fae321bdfd1b14ebbe431baae99f02b833f8863e70b62ad1c24a9cc12b3,c7df6796c055d751a21ec168e5bcbc4837c1e6b4abfa97cb4fd8e8e9974a48ee
9204236580361310000,complete,b239274ed76054901309482500ab81a4859e8bd7254140d08d7e4176e23263c5,1c3e53a231f3f0430aab1ce735dd58ae4a9f625a5e24bad9a5c8c8de8ba49c8f
9204236580361320000,complete,3ebc708f6253816a2dfee40bf1d594b0b4a08e8ef25c859056a5623c96069531,968b6cf3fe24e089d77bce4360c493d02671475a9717c10ea27c323a07bdbfa5
9204236580361330000,complete,a7c82f3969c184f3b061dac2b27776f2a4124138ef68caf4dbe4f98162e66ac4,5fbfb31c80703be27f4620b32b3b32704b39501dce3c3fa4ef1831d9bd88f592
9204236580362220000,complete,50f9befbcd18b334f811ab1542e2b0e5c75f5dffb8cdec3673cbcfbd54e53007,2160bdcd92f13740db978fa0d8852b063fb595d285935b8fafb9a716d618bb86
9204286708870220000,complete,8c5bfce6744afb40160521b0747c935c0c963d73e81aa08f084aa5bbc603c69c,b201d1ba45d57c3a33fae5a51c7f5d3973963eae5169591682a6ca0f0a01ba7d
9204286708871110000,complete,a57409a9cacc768982d6cd460092cbc093b6b80be1afba630a2a167b28b9b7af,0a9984bbd2296c0f13c65e27e2242534b8f6f4d936f868d718336e4c8bdc745c
9204286708871120000,complete,71670c0c02a956ad9eac36fdf8892dbe73f727619de1965abc8bbce199d13e02,8215f1b55b2e2f2606fcfd03af64d31945e4d3ea82fdbc158be79486052401a3
9204286708871130000,complete,eeb6198adc7117385229bde473d8214561ac3477681034437e57b64c84fd78f9,b12bc5a95f40e9c33f7df9ac7f7e526795f26d7cc84ff94674466d6411b8f522
9204286708871210000,complete,0acad6cb90138bc1fdd5555871e1c551c62e4d512a0219aac8896e91930ca79a,c5463ba14b211439042742a681f51a797245604bf6bc10e8a7254691695453c9
9204286708871220000,complete,7041367e54f5244d53994445baade6e6e3dad35cb49831d18896541bf2212717,a95b1edde2c6a983723de7c45d7c5533f26bab8bd2a146a29c28acbd8ab547ef
9204286708871220100,complete,f43f075d184c42bb03fda5aaf5c407ca6c70c669e28080eb77c0d5322485510a,d749f4e5f27bc84b9ecc887f789c6421c4976de18bbdd1479b72a26f54dc2a09
9204286708871220200,complete,e5ddfd27ba5b03b2c124595c84d49141ce2c56ef763586dbae6f1823dd79c8b4,11dbf776c1727e1836fa56274c1b3f2c34a5601d0f522181d58043c112cb8aca
9204286708871221000,complete,b8566847502642dd61cc01c10d9bfa1657123e6ec430d496870c7ac1d2a0dcde,07cead792559578116f49aa16e7aa5fd4d56b2b90bb2faca1b4c516fa81bebbf
9204286708871222000,complete,9a01ca0f55bf556953b2350577bbeef8ca99508d1f9779983eaaf8eb20e2b55f,13de52c47275e1c23f0e9f8229114bf4b849de7f70e7ab4f404f8616983bd65f
9204286708871230000,complete,d234cf531aeaf75bc324f9e4d5fba09cafe1da529053e9a3b64421dc67514ec3,c2210cd459a7759fdcfb8ae9da967007763e1292aa1a0fa65982531247d032c0
9204286708871310000,complete,2f6e2b8a9919e6f7d5ae176f1bdd6b0442ec9c06aad7b39b1c964461c1cbb74a,a3c99ba860b39e54c8e4b0ee4a05f50f48019cfadd75a0f3242440e9fc40ccb2
9204286708871320000,complete,4680bb42d89a2104814447c5b013174b426dc89197ba71970f6f17ffa52a92ab,3e8989cad5dd8ca9c8e0c336d0911d42d686a1ac420d2123419833ff930a78f7
9204286708871330000,complete,70e01caa13f5aacdd6da49814a54232d4667d97fc6c3c582d448386c4de566cd,3556c4e19930dcd2e0694723271375633c84b3a6b66fc3e9c48a369f605ece80
9204286708872220000,complete,785b904db8ebb48ba48113bf65d297842349cc9eb76a25f1c738873a34ceae13,859b09a9adadb0cc5dee7ba3799cd70a57ada0858293bf6b879915122960953a
9204415007920220000,complete,9475a9a04d0151e50063e634fde20b88ede9f76054dcb7071b8b8f6280edc8b5,bd34d3e34ecf972c759a5a4d8448d7a39148064674b1218a55a4de8d0438bf04
9204415007921110000,complete,6c3e17d8f9ffef05b9870c77ef4474cc78c206e4ffc3543b5ab461ebd76b40e7,98763f914c524cdea8414b0a1c50a1072a0c659a706f238e8b68fcb3a349d718
9204415007921120000,complete,4559efeac8d837096042d46db663ecd0e67bcf64fe10d77bd7745fa10f708e4c,fd79d4cf72ee1515f197b5b9efa2e5fe6aec83ea6d45080157817f69138d4b88
9204415007921130000,complete,a88f4fe0386a2abfdde0b2ca5aa80c9cbb6d52c4eaedd85a29e85cfac2cc6856,7166ca95b2bc63646c4527cc001bb962a2e3bc3a79bf542e0309e1c4c752a492
9204415007921210000,complete,fc72f3d93c594780e3a2ca258cb9628601ddb2dca745890a528c7e267466c3d2,6946716c5e60830823685f2c8b1559cbfa45288cf1867a7b5b9e53399dd28c7a
9204415007921220000,complete,5cebdec0f848bac8d577d8c218a74458f2ec19082ff4f59f2786778e6ec0dccc,fee375d6d87eac1dd695b16c53574de28f4864794ed4450ea22a7cce14bc878e
9204415007921220100,complete,83ee9a6c8cccbab4850fb667391dbf62eb5a877e81fd2ad27501017b1a34d8c0,0c0b78507004c81141e5c493925bdb9b1ce14111dc4a8bb64c2e544e87052b9c
9204415007921220200,complete,d2d8fa5802b335f11d0a4b1a9777c1324ed4871ea3cc8bd5c72de4de52f27837,5e9fc5fb66a64851f670665db338f365a648f512df490cd0f86c57d0276630db
9204415007921220300,complete,09716639db4086fc39e840ef4e80c4a754301834de72b8fa18544175b532fca3,d4eac3a2ee29bdc6eb51c196cf9d078a54f4b0e3c4d2b6112e95d08b02e61446
9204415007921221000,complete,066b39b40233b35acb31e50787ecc9efe8389731bb4f874b9e33cfab4a139f0e,03ea9558b99683ff28ca9f0ec225b62f32c125624a22c20309e3b0fbaa299f44
9204415007921222000,complete,4ad60ee2d17013eafa408239749592cadcdd8cce1b2bc1dca3f6c48da705beb2,4e5544b72c7f23e55eb5f6b4ea2e490467d6dd209e9b63c263c105da57cd9e92
9204415007921230000,complete,039ece20e68a86f10e6a8d5a037569c9456bda4450e2df59b9cfb387c7dffe61,43cb485c504a869b4735736d9f8e8d69552a51559bab7eaa14010d1c74e023b2
9204415007921310000,complete,b3c7c4aba55c0f2af415c76905195aa484b320818b80a88c79995d881df9a3e4,6824a1e09468c5c51e565d5f0f5f0e608d4017baeee053feaa7454bb39694eb2
9204415007921320000,complete,498ab58f83ecc1c03da423c7c45bb941eccf750ab8a904f08a555c695078607d,1de6d0bcb443fc87b0568b140b6618eef50812e1e9e8d4f946131f28076df0df
9204415007921330000,complete,164221f036c0aa0d63a3f50c2bf5cf2f0f5ea81a5d1b7ce5efe50c5b7df95cec,477ae4bd62e43385002b5f3e77ff6dbf2dff7ca2743b7d1bece74b7b13020b0b
9204415007922220000,complete,a7bbd391d8bea4a3ab830e060980bcbb8f4e8606f1ffe9a0099400cb52c6b6d3,13051432135c5d22e9b7fc7f7a9b766d9c3515ed5de12410e373e3a3695992ec
9204429622890220000,complete,b42376f8efff8b3266a2d9732cbf2b8e5c9ef8a7b9f267710fca42ee8ade55a9,91df9aad18af403a7e3cbd12faa101311548b6d3c018b2a8bc1a5c66e3cf0c8a
9204429622891110000,complete,cf577c5e75d4af833f8338355aa8e1e98d268afe6f49502f5a447b0512b3f640,d31ef386cfb6865dde1a64437a513b4c0a39dcf0d4a2fc94efe27d0dafadb5cd
9204429622891120000,complete,aea4a04f04b649d4579575e468fb1f514d0737599a7f252078c0a5ff7971fdd4,a828be41e690587caedb444520a3352a7987acbbb989031d11a90b700dcc4e70
9204429622891130000,complete,ea65d830fa921430a29181a5389d53343cc76b0b0f1b968f9b8653d6a21319bc,31c7ddbdbad9970daeaa6c5b7251da1290fbe9b137f60e77f12b130ac5ccd83a
9204429622891210000,complete,6581e08f3765d25f4584c6092516a0a64b0fa7cad44aaa7a6567c17a0a17a26c,c31d44fd71cadcda8d300c06643104256ab557d7a135a871aacc03579afee37d
9204429622891220000,complete,a14a3937c4991c8df5999239dc03bc182fced01edbaf0169e4069c5fe04afb96,cce5ca19b48e1f48a08714714ca32b5eb45df193812aa2a65ec46dd006aa51d6
9204429622891220100,complete,13ba0def3be974ea83b0a8081cf3a1580ad93f1cdff47ca1985455a15faa70b4,727c75f7664f89ad637b6f48d43e4f1d5e3033ad4a01acced73a8ed9abeb7018
9204429622891220200,complete,8d4cfeb64fc731fc917689fd674c47181d48680c8fffdf6ed30008c982b3a445,c61ef6697663745bc283e58292461cfa64b9b7a368bfb73b79829e9ecc489b79
9204429622891220300,complete,a19b32ce7f9691dbf6023fb4fb3cff94e6519f480d5cc573eb7c06c66c255408,f0988bea3c24d6d83429129f72ff3ce9de87bad5a19fa3d76e2d5b4e4ba2c7bb
9204429622891221000,complete,1b3756baf7928ed7ceb321dd888aa817a6fd9c13e4698524263b359c63740d22,25462b95d1ac4b68d247af15ad99c85dd9dd7d5ddc0650da14ec2a6e4688d95c
9204429622891222000,complete,afeab0dc54f4d9514c8e2d770b82e3a24265d0fc7a078a547e7adeb3f98d7310,0798cb57e08a36f6a0c96be8e47f0a6295533e5f519b3e9536993b0e09b628c8
9204429622891230000,complete,e9ea9e3e70ebd4276dfef0f80e3b2d09d47c9981f57d69cf49a5b98366339bc6,c07dcd2b9bfec1dcd2bae2834269ecd3fe60afc5afc454fc74a567ca0919717d
9204429622891310000,complete,363913d4405fdaf6bb1319716830df36474e341d7979f755a35f1e879b486c6b,05536de35756251dfbb9f7138cd1820ae7b5197d43c286f041ebe97339b1d58c
9204429622891320000,complete,8b0fb451d34737bf26e816dab969e34d5be4a3db3284d080012559c75db7177d,e8610d52113c6ae121b7d88b1cdcbc7d3834eae8ce624d6cd1309c6290f4b80c
9204429622891330000,complete,8372ebe8f6a590af0afba88c7870e1a5ca63184c1c898cc1ec1f0ec7a156d4c3,9f6ffef12b798e37275671ac213f06ada3257ce2962b348d9091a936937d65aa
9204429622892220000,complete,9093bd979627485c23bf49b54c691dde776f60045932eb26f25c0472b8815c12,6f56eac4367a913084523ded23bd6cc2a42294b8a447d53a4630b8ab1fdc9e03
9204532101320220000,complete,65655e9d4955f1ba95f07f4b1230bc53486f35d61e8da0c72a70aaa1bcd35c2e,da88e86503eb55f45f5c956dacd34d1959e2b0d99fc247f4da90e71aef736e7e
9204532101321110000,complete,7e54f3c17c9520f173c437c00cd882c01ceeee9d30665838bc7b90cdcb0b325a,2edd7b3f536766fde6aac09a1bd69ff6b89aece7b96000ab471e17c893bccd26
9204532101321120000,complete,f9c9bec8197576ac459a55bf32912f54060a053730ffd3a9e7ef34ba13e881d9,b8f458c15b91151cc19559764caae2dcdc62d0fc55fd1382c910ba24dd982dcc
9204532101321130000,complete,8a6668d33e5480a4de7aa830bacd79be3927af773e3069ec42999a3a45a5f6cf,d78cd283d8b56853b5b32e2f5f609546f78cba9fed349b0a9a41c76b5ace40f7
9204532101321210000,complete,ffd4a001f8f5ee7b42b5a60d30271c855dacb90123bbe62ae90c9132f2eea91e,c352b212c97e7ea6ee41d189e6fc2ae9380c707c329fb2f0a4c9fa61067635da
9204532101321220000,complete,063555f6e7d32af607f917da2939fdf098c2e06922ef1b938e2482f73a28aea7,f5087713204c8ccf05e91e15e415db02206efd4581ce956a53f4dab323d5b476
9204532101321220001,complete,a69d020dc6c1786fc7b6e1b4c3ce3960aeca78b054ede7c571c85906395441bd,990c59988c5408d7b67b1626be577176e4904577184e7c49ae9f46fb298ce15b
9204532101321220100,complete,a9480d6313fd4b3e64909ad5d1f43105c20fc9e83d8e488509a49729b81805d7,bd99cd87ce61f751846c33f625d4be1502598e940aeba403baf0c0a4d7c3c6d8
9204532101321220200,complete,64379ec641f2785848b80c346f7985511f3898744c2cc939195a5f47f16fefb4,c93aea16d82c36069b46edfadff0090c957123fb405346ab1eb5224ba1a0f2e8
9204532101321221000,complete,6360383bc545a2f67063c7fc91f8f9f937afc84ec57b72a184beb4905075401d,bb5e7ff47df0e24433f789af224c8c6ac8972a17d9fdbccb7968a64563d5d397
9204532101321222000,complete,409806c959ae5768fa4888c0a448e1ecd0aabb7f2fb7e277109cdde272a53e23,3b34a769034a5b1b5be19ec76b2082f93d7aeebeb8bbb7fbcaaf4918c100e61c
9204532101321230000,complete,b9920df9df70433d66de912f66b478d943d35565d4f1e2973223c0528d81e0d7,814e870bfee3614ffe63a339e344754f2f6ab46c89182f6f4975ed7a46cbaaa2
9204532101321310000,complete,46cd710eeed57faba2203406ba456321ee400de7c4a75ae70aed0981ffb46311,58b9e25908823d1026a49fb55a832b73dfd8e9c57b854658359da60dfc5fd92a
9204532101321320000,complete,b6d9e67bf1550736668db313af3b1c9e96af34ff353ab8f585b884fe771cf55b,047fd364985f3a12942699c1e8b23e6109030525a58ecd7381303f0900fdde3d
9204532101321330000,complete,07634d8de94d7adfa6971427e22d92469d10db8d05037d81129e7273767c544d,d28e907f580a74cc833efb40a874ba2ad496a74ae1c2cfa96134e77ffc6c66b0
9204532101322220000,complete,c8c4c10b6838f01cd2ae389a7e547eb20bbffdbcf226efc37f4296b941f09e55,ad34cb8931cae6039dfdd4e4ec17612b17f7e8bef680caa9d569cf9599474148
9204612032260220000,complete,f3aca3c78262f4b5e068e4d6af74bbd5822074ae054514e037d2cf67fbac3bbe,0a10d77d2cc315880a99d5f220ba2c3b9acca1b7196d5f29b9fc4eefe1652d9c
9204612032261110000,complete,6b1c0bbf5f49114175ef6c8d295b0187cf6bb5b5ab3d3eb29378bd92b1e5e406,b26eeade0356b4e6e190699dd3bb23fa3adfb18303715ca5ada5015fa11d7566
9204612032261120000,complete,bb965aec95932ba183fcfb0ded7440fed21283afa6f531058f35e76518d5f1cd,90fb3efa3d8065638e55c2d8b8817b31f19ec5da89650337568a666d84e0192f
9204612032261130000,complete,be22a701d5f6334ddd932ec7dd9f201adfad3146b589feeb78ff5e9028a4d23d,cc17a2c2040ddfca5416846cc4b3a92185ea0ef3875869425a8988d9c7d2e6d9
9204612032261210000,complete,ff2ce76cddac0f1865d2752cec0d604909efc6d499533ca86cec2e533dfd9324,11741dbb648204737f03518d1a20d9ca7225180e40e6f306ecece06bf6cada10
9204612032261220000,complete,5765a47a96235691cec5278e753fbfec9e2718789d238fe6fb3c37ad75d1c9eb,c5261e397af0ff55bb9173768f63e948e197fbee1307d8851df8e09de0a59e2c
9204612032261220100,complete,fd0e0e050c9a1fd9069c74243877aa32aafb04be9ebc1ebf9f27692444e92f69,985c0272fbc00bbdcd0a9282b10747c83792b7d87d99dc7bc023409f534a70ea
9204612032261220200,complete,144493fd25caede61fa115150335fc651b9f5cd1de5533d8a2c0d85f4c73e48a,e65215461dc8601a0f261ab7520a398d6f01f705271c9839ecdb65f2c12cc277
9204612032261220300,complete,90f353714d6af1be2a6c4b4f5913d0d26c3f4bc353158898da70862bfeb26a2a,bc5ee9aae7d7427acb3de8d612bd6809d3bcf70aeced77c17f4ea048438a7013
9204612032261221000,complete,48992d8136d4f7daf64e0af914174c26e1db0394af5d332df9925a5cb2d377d2,49267eb16bd79a9776cbd6113f6a51640e5a5370bdf3e9ae91d7fecf98b6981e
9204612032261222000,complete,bf9c6df277c4e5ae31ebe434afee20d0dfc148255e010d684bb63c4a16776d0a,c6d028f37ad31bc3889051d66fb73bc42fe28c40f79c5d11d4ce7ce97ac3fde2
9204612032261230000,complete,00f3e9f64e3e01f0ee2f1526437d5ad4cefd561aba9b53ebf9b4cddca489f234,6f3bf6f0f2d0107289370496a4330c8fcb98e94965a223650be76d3641e8ac64
9204612032261310000,complete,901d9e834dc5fdb621374eb6c8f15bd213213d4d047945f6393514f6de0f313e,c4871121e7090c45eca3073b3504c8da494eea59eb25dd98b6ba83fa1c4cb082
9204612032261320000,complete,1469e2eea46b879843e15f5dd02985a5c8ab60097a0815b1a8ef16a401b289ec,67e6f4adb0df7a592424327331eb10d1e2d136cef17a6f8a57408ad9c0906e78
9204612032261330000,complete,750ffc1a062bd17230ea3b8471ac0c84bf118943fe7df3ee967df4c8e0d96ce5,8eaa7dd4296d9272e7b927c608c36c0add9178e5918eed3309d2f2d47baa0598
9204612032262220000,complete,8718c013851eac1b949ac50c4158b586b57a6de07eecaf5619642aacbb04a288,9eb05f5feacb00b4fe3a4d6eb11378623077024ee8148abb119476be5e55da86
9206005898020220000,complete,d1ddb38fdcef55ed58e1128cb570bf3d6196ddb8076ac956d3aebfa845c718d9,b46bf7e30e44c1ff8d2c2f595a4fd14cb92a048dde10629c74f17b020bd93817
9206005898021110000,complete,c6809c2a2d31f860bcb3e0f2b41e2dbd7e7e01f0503be13cb39c4bae100d5121,4b097602a5b30b276159ef8c6673f194ca0a9a313fc87692f5440f6f6a974acb
9206005898021120000,complete,2e8f9779e3292b899c3b474a62446a10b2d11f25a6b08464b66d2cdfb6c62626,68a5342d1e8ff63031dbe04804e77ea843fb5a52ece0d9a3fbe5b20915a726e0
9206005898021130000,complete,ab81f6240d8acec92e5ce64358b41da4ec45947d51202266e411a7ca7c1c755b,5aebe4f82774e33420933f2d6c7d73dd4aa6648f6cdd06861561da6c2afd224e
9206005898021210000,complete,578c03dee97d4bfd8e69046a511f6165ccccd84b52dfc9a6641e0414bae3ccce,1bea110f29fd6d629c008f5c6d7c1fa73f2f7320b8e42de3e77276c83aff965d
9206005898021220000,complete,2379d16754b8a92745500d01405968910121dd5b88c12cf29d07d3913b02b7fd,08e803e0f048d04582c8c4e50627d287c932d7b6794f6ce8d26cba50db1bae4b
9206005898021220010,complete,09bb83d7e1e68568baf9d9792cfc5856913a6a872d4a243980a3f9c9a5e7a21b,01a2168a29fe7789bc9c8927b7196aa17fc232e83fd5ca7434fd2bff7e4f26dd
9206005898021220100,complete,21a14f13dc4e33ce3ef84b8e8a0ef49c68aa4b6880fba1ed5a3d8caaddcb590a,de20799f31117512d984aa69c9f59b8f61d1dfdbe421ce58a7cb2920e53b96ad
9206005898021220200,complete,3ca0eecd1937204efc3925feb1775958eef7e8f73735d0008a96d497122edb26,e56ff722a590b5810b7f38903edabbd96e9c3869cba61e1e70a273124378b816
9206005898021220300,complete,221222c2110304def11ccace1bb7d6f4520ecb63be9d00564ee4055d09d75c3e,99454b9805a8e6a76ddf3fb5cb4231ca095c7aeb4fcf2ab4ea87b8bd44210216
9206005898021221000,complete,083520105c49fc7443680add90d5dd512e4fb2a675186598306ce79515fedd1e,5df2d702b2649f9228c49eff071b576be95482e23a3a618fee113cfd3307c5e6
9206005898021222000,complete,b4540d66777da9849c1d860c419cfabac7b5629c011c5e9405aef4fbfe3b6927,08c807ba00552b8c98f2563656a2d5a38a44a3f1994a9d8702ee32eef5f02c22
9206005898021230000,complete,4d16bf2809239317c21462eb407a1262412bcc4cbc8d7c2b3f82d6c8dd0265a9,8e65be748f682d988a264e60636b033a322a5f44d65beb26adbfd2d5cc5e14bf
9206005898021310000,complete,25041c628bf0d9d8c8055055289d3432dfe4edb0b8079a531a435b4e22da6b0e,e87ab4fdeeb977cee6c5e6594e2e263beebef8d55914b023b9fe83dcaece4383
9206005898021320000,complete,92384d26ecbddec0970d921133c410799c34dc353d2c2e0ff96a56adb743c560,4fb96acd100cc49f4fb38d45fb80a0473f8a97a7309d0375386424a3567ca4f9
9206005898021330000,complete,6d5adcd2c38542e591eb2cffb8f332aae0f7fe6a107df45d9cd8f8cee25b777d,ef21935ff8670ba0d50d0a8703e7bc46ad26d0158c8939ecfe8baf2ab74f3687
9206005898022220000,complete,fcbdc2e0060500a0f2cd62287cbcc5a4cdc526d3c379e29b26f4eac709dda34f,42d259e12535fb1dfcc8dd927a8b80452958424ea62654e8fcc145e793d4d2e0
9206103375530220000,complete,072f0877c9a84954b140cd6bbcaf79e736ad53b6c8101f6cc8df067133aac7eb,4cd827b40b3e213d8b6018d72563b8215b2bd11c7eeb6c6701236eb00c76310e
9206103375531110000,complete,ff6ad72305ff69ecbeb06651709cc49cb800bd8f7f85daf92dff548380e4c87a,1249169fc3ce1d18a35baab25e3ab592531ba2f16e19ed97c503866eea2e7e96
9206103375531120000,complete,73681203c6635298830a1ab8969724ee8aa0cca6c6eb0f2f4f102a3bfdc50718,9793a85858f1fcb3bd24b116accc24a13dc922e2338bc2465ca8aac4ed5b1cb0
9206103375531130000,complete,cb9e0e7937106383fc82682717799648f87dd69c52b9526991c9d1562586be1b,554c6c6f93a2bdcd6d8de21aacd7f28e87dfef9ef00911c77768d1e0ffa89f31
9206103375531210000,complete,34975c8ea3542c589e3476083c4033649eeb8f173b2c36011770e1a427e5f233,945648f47c8b9bbf84222e9fc996340865190460e22feccca36829ece3525c14
9206103375531220000,complete,7d5ade12546bd2762ca8d01bbbaf991b17964380342e9b07c48b331f67d2bec0,0f521a2b43ec498a23ac52b82dc99c4969d4d4a4ede49bf52c1ab93cd7c77194
9206103375531220010,complete,bb28eed3e3fb0c991743f617d22fbd1448ffe92ee8b5e18d23ad5d919a205b47,ebed33daf076df8ed3a2bd211e40bd3b94ce55fdffe56201cfec81ff7f2c2452
9206103375531220100,complete,08894be037c1b24c89cbc05326ea6b0a70ba185201ae6463c869c6191aa2630b,6ca4bc4849e1f6a50e5c98d9d0bd61a5948feba19cc01a80a7e7b710a053781e
9206103375531220200,complete,db4350c71d8c16f7cb2357c2ecc39028aca9e2fa9abe5aa4bb2ab9934958362f,9c1cf62930d9314ac05985e751fa8f5a44976154e70453fc546d7dab3c4aa063
9206103375531220300,complete,e0fa75639bb749c3f9ba37402b6fe04e0a660495a01a4266105f4a652e235fc1,4838e2fbd8fe25909f43262a9ef9d41197caf5131f402691b19586483b4c27a6
9206103375531221000,complete,d2cd9e51027c72f428c6a45ac8b6baf928d3e00b568b93a0a4d6375a7ce4b2cb,3470ef1d27d9f2426fe3439af7f100a04d765f64e37f8af7cb4d47cbf4c84f88
9206103375531222000,complete,0a59a4595e836cd2c3d6758b41e8d90b0489138eaf07eea9a528d4db0e1bdbd8,8c59e53a5c2ba18900f9eea7652cb3af11ce729f2b614f2504a17bf52c514686
9206103375531230000,complete,92c69164904d25468e8c6165fe0fff5892ba21ea64db18e34bf871c3103176fe,8d7409617b5f27586f25c8a635e003f3731ebccd5a5d2e99b9c3b10e4d23d266
9206103375531310000,complete,3880e3b0fbad046beb7ead669cf4f26800de8746fac6f8d8be62b07ca967e584,4623562bc44989c3d6afb203119d47c30a169f95cb43e326eb20162088701442
9206103375531320000,complete,364373e7407df771d0ccd9b1811437f4359a84ff9cbc5a3d2c5eec6801bb4bd5,d1d9630f5d6cc5da82c54468c8d3f89dd83e324a15eb14e75c8569bc4c9c0e76
9206103375531330000,complete,3f817aff602594f153bde0eb56bd97b848f5defd278a72d7904ed0e9d0949245,af46e8fcdf5b38f94b1f246cbfe6d39bc853d17d8262a66e2aa7e270f1c170e0
9206103375532220000,complete,4d74117b4d03fd7e7b5a14e5d826187ff020a101036607ad4353ed83cf57db74,ee21e75bbff6a4389082876b4043de18d2aaf7bad4d668ec8ad195bf8d996808
9206311612220220000,complete,3e5b0b1bdd573626d5a7db615fec3ed49c1cfe5309c7bf78fa6be56ca921d94c,79c4ef03f9a47abc05cf6dc6837f50da9edd4ddc5bae2a6ca70a6f5df371d82c
9206311612221110000,complete,ce3f3be2e14acfc19531448da39cd1caa655d5149f817b681659971f9a25e660,cf66b9ffd7e6851b2d02f82a07b12c6d30be37d4a87a0689fee748fb66b9ba75
9206311612221120000,complete,2cf75861453c344e1939c97f8b2a356d384074f1a8e83ea63ba9b4a7cfda89c5,43364d75d33f51cf9094dfc72426d7c6f1b11e1fc8731cefd6cbcacbf8cb8d35
9206311612221130000,complete,b3b518e8ea63061dd8e5a2d77202b80fe0223e5ab16cb92521d35895d0b34d72,b31c92587926208c90cba5b45ee73dff5c14222045d55cb34bbf78b8054b6250
9206311612221210000,complete,3227028b1790b61826da61f027d8d31d9fbefa9d6f3da2cb412c4a1c488284cb,1ccb1012836f5b18ffe279456a0b9e89a3e0f7f506fde63b2aaa7ba10cbab1d8
9206311612221220000,complete,2f029f7ec731b37b0012863d4d6f283ab20a74f678c36f55232cd730c9961e45,ee6ec7dade7ca7b61202e51c0b07a7209ba7c2473c872a029b0be464b04308a2
9206311612221220001,complete,a96a89d59652287c0fd62f3e03a94b782ba715e3d0074c86783ca508b102c3a1,795498090b900df98622f7c91e2eefbb77a84109d326f25c757e90dfc5655d9a
9206311612221220010,complete,451a024f6c955f7f08050ee3341f8ab6d105b56642253b12f5c262910b1d45cb,8bf19938760380b31544ac46260a2182b9d893a3207994da9b4584f7906b6e34
9206311612221220100,complete,b46805c8ed2278dd156ad1d5a1f3b00cad602b27e51ae96d028e95b1bfcfd40c,cbc28f8fff30f9dd93a195a92a9ac4fcd5a6d5998314ab00c165f25d5cbe6d65
9206311612221220200,complete,d401f4f4de10cae5eca8c1722d3e89a0d5c61c069219423a20632ffe96de0e0c,03c4123e2304431187c42fff5d992e99ebfdd69cf24f1d70b6aaa36c92436c03
9206311612221220300,complete,db569e85aa13905adbf6916f9438b8976687cb384fbb34d64e773dac9a306d03,e14a2c07c7f3999fe023d5530b01373c1ed0c1e1f336e4b41a251f831650850c
9206311612221221000,complete,5179ee7cdd71a059b006e54ff35f03df49bbf31650cee9dc5895801c7b060e90,28b78c65a29fa9261cffb6a72835d30faf97f49b2a0c6165391a807361bb24e1
9206311612221222000,complete,7408bc5977425af51abe5951a133f7e2acdc0b7cd8eaa4d11ac1bd3172d3946f,4f5fd9b26b8199122e789c07aaff04daf7fe734b7ef55acf9a33893852d8675c
9206311612221230000,complete,50e6c0161f136bd0fcb9ff3e1bbb14d4503c157690dd03433587eb6a3198bd65,a364b2e59cc82f531b8f2887c6a535b124519b55febe7d791b1e3d6e7fdc72ba
9206311612221310000,complete,f3d8844f4116240fd4476805e468bbb281a4a3f23bd0fcf1131c8ea0253dce0b,36bf9d1f7814b35bff153b21d1f47e746519a3316ec77f757eec0fab874e89ee
9206311612221320000,complete,2b5429f757fc5d517be43ddbfd5c9cd571158b1c55119c68eb31353fdf8c6d2a,0491951cfe077500e9e6983914a2c8d921ec1c9856e3a95b5edd5e694282bcc5
9206311612221330000,complete,bb37400dbd3b5ca6036521a12e43157ca6866e002c641b5ad8e640aa360494e3,a67749beb0e7f94a0130ad7feda75b3d6e23624c1ab4d22a543b43bcde9d78f5
9206311612222220000,complete,0d5ea9b40c32deddca01cad2e74768a37b7e5e4c6436554ecd76be84ae2c62ab,f330ebddf751bfc8b1546f2445cdb5af61c830391216f7d1dea8fa215d7787a9
9206313449570220000,complete,7f6bcdbff91a10ad9a09698ab1d70bb05d43dab5b36e6dc75f5fd5435d699da1,40af501ac7e9c120420ed9bd131ded34c8549cee76e6663c31c671d8cc65f341
9206313449571110000,complete,b4feafc1e3369ea32d081a5e156a42581c942bfeabbb9cd1847c3aa9dcc27fdb,1ffab27177e1b35eebb6ac4443a4a68c624bb057421cc58e92ded5205579c360
9206313449571120000,complete,508e79f883d504ccd59164d414e802734daf1459e93af1a788a480980caba780,d8655d8cf6f76fd1305630b31755ad6be551b431f35cba8a80dc5048af363998
9206313449571130000,complete,19ed4be5c683c46148c875a434100667023a1f4e9ecc03e508e96b3569bf5d6d,1e304acaae365172a03c07f4b35bb96865fc08edeb161dd943b4d33b524049fa
9206313449571210000,complete,900a7306b7df1e43988f875d9ce3ceed453e9f1d9a93e23279ef61c74c91ab4a,f0df5b5118acb148c3cff19206ef024e2b1389c2a71d5892cb8ffca8ece02fab
9206313449571220000,complete,b6d470e361c11b12e7a63817a6e8cee5fcd2d93a4e7b3993729878511511c7f9,04c65160f8f88817c564c2b5f333fcd9419edf952f8a1f2625adaffa6916cfe4
9206313449571220001,complete,b7e0b5de5567bf0c78320179b08e9160e537cc6c9ea1bb8fd808a46630ec28d7,3f12dfd98e4645e2878f23f8e401d35434ee1153327876abde405195de4ef5c4
9206313449571220100,complete,fb24ffdc0ccd3f0986e1dc596742007d669ad12b38c8d6baa168fce55b626033,9ff1d73083a1357043ff6d29784c55932acf42f932de07c7a04a7797bfa14347
9206313449571220200,complete,cf12de2ca7d800d8ba77e742569f016dcd8eb3f4664e509e062c8cb9e4e4bd73,db83da2c9c0a74f73d76c5232429c224bc8387cec66db9e018f29695056bb73b
9206313449571220300,complete,a759e773536203e86bc9ee9ff7161fd8e987248eda74eeef7d3a9b120b6fb824,28da2af33af82352aec77c27bcd94d413d6d434f16d9b760d296d019af52cb40
9206313449571221000,complete,3302fb6870e5f4047f46d26443dded51f1ecfecdfba4b2bae5e6dcf34b78b920,2c23cb2118425ae0fbf203bec2e85a9760ac23ab91996e96fca27fc910b51d75
9206313449571222000,complete,b43ca372267ee9e26d8d93a9f228f4f6f2ec4c7afd7cb7f4b341d61a23053139,e6e34db2e147d7e0e47147ce96b2b7eb56798f02a6779b30849c3b5532999114
9206313449571230000,complete,ca178278a1a96cc6bd82efb7448d2be851d68da641f3a1ed894aabfc2ef1dc02,9e9c735b980b170a1e0de376a268fc8608b0eabe642ade2297f00eb0afe74a54
9206313449571310000,complete,1fdadcdc679383e79b48cbba857471124e16ac4054b2317d23b50b973a82364a,3f7297a9a23fe88c96ff0f6e4edd0d3faf7d15f33da3928a61b839f212a39a37
9206313449571320000,complete,da3c41ee00f8c7b6779ece519514464fd5d6ade01ca68fbe814892cb4ac64581,619bd64cf24948e26afc00bf8acbc8c78ee935d9a6a086c06d5ddf4479a032db
9206313449571330000,complete,01f84de998d34d7d1ff30daa0122f4fb749911663fd7a6bd52c80be0fa277a2c,cebe0cf87b11fa4d4967b7ebb30af8de23e7e8990963599589db992a2ecbf35f
9206313449572220000,complete,96582d603db1fb0a9a6643af8615a17e75924829197cc2a4f7f1e882b6a7310d,aba9e6ab6983eceffc72a68da6e3cc5d166494b126a57f9efc0aba8d66cdccc5
9206325438790220000,complete,bb1783c5abfc8c3ce159b3ffcef337fd7dd915fd736685b736075882e73f5008,84cba1feadb3629d6c08cf349c93fc1fb71efc83d8efb48dc0e539d06dc562ec
9206325438791110000,complete,71d681224f4fe5da22aa7205a590b330763e811e9594f9e415316116831ddbb3,d41764280fcc1c900977ef957bb4d2005c87e7f262cc2a8ed2f10896eb03cb95
9206325438791120000,complete,65ba92645de9ff360a262a9d8591906239d9b1719d4b66312496d730b89a6b5b,4d9eb7d340fc07b63b010d9326304cd03f32010d09e48ae491b0dc948328fa98
9206325438791130000,complete,55618373f248fb56bef34b56b1e6f0bc29fb35df52d3898acb7160ca322b04d6,a6ee9b07a448a87c8e51c1364dffc7eea484307a7354f06c9a71d7a2f61e77a0
9206325438791210000,complete,35c5f4d34245de71d4dde134d8d1502e0ae9810286f7de90e10bc3808fc36082,5c21f1f214494cec4d6c2a4181ba2cef994cef60061cafd507892d3855c81265
9206325438791220000,complete,2c9e8ed8f1334375f0658a12535ea7f3324d13a8bff91cd5159e8656a93f7e30,c90f82ab064056323cc9e0920f26b73fa49fd80408f607795874c9a6cd6640ba
9206325438791220100,complete,15b36dfe62f7ef024bd5f55bd111dc700a68872ee56cfb3994ebcdb5cb0c3330,5cf7d14dda1d7d4dc2bbf95074cbd35f95300d3329dae1a40e2c6f4378e683e8
9206325438791220200,complete,511d2b0f8b2255308230238a86cbb8acdd73559c0a9e3052a636d53701e8b965,78ced3eb4cc28962483ab8d787ca8c45c7f4062c241f1af9e462dfb156b28a93
9206325438791220300,complete,e17d2196af0fc46e325db8a1c740ec35e0c85743b581577d185047c0fbbf9c53,c547aa8b9da43e54dd78a700a26731590407aa8ddcf9abc293e34815d7350810
9206325438791221000,complete,fa465f1b77cf30be7248b3da4a86c0a193909b10f73fe8e6febc4c3e83ee239e,1e5b8e6efba9a41205247577f2c9f10c3335aef62d40e0a0e0db84f67fc5dc6a
9206325438791222000,complete,4ec30c668a7f5d5d94537a8c9b247f28db7ac35d365a68a66c2b71fed9590c9f,55b19e6144b8676c20ce716161b6e85602b4a902bbc124dcb89693f26ef4033d
9206325438791230000,complete,50de9d97ab3edc50690c868d42e94ce2cb53752f53c3ecbc90590521dd17aa9d,3702818848c2833aa4118d78f5772bbe22b7bb0886c862cf0d0be64b4fb9b2ef
9206325438791310000,complete,726a26931c756d50114c995d9814494792fb776b699021d26681b6d31e6864a0,084b0d10af30d295d68ffdbe64672804f1ac1fdf89fdd3bbed31a8fcdebe2aea
9206325438791320000,complete,45ba7adba3f7426eb97c4a1c5c907b5be7ade319ea0daea0eb931dde511c1f8c,0caa282e17af4c43039ec3dc8111c1aaf2dddf7f4bf3dd9461723dab8052cfe6
9206325438791330000,complete,05ec02756203f5a9ab538b2924cc647c0eb9250e4e5a4bb01a9218dbca9e7c10,cc84efea55bfa67a0d582381429bc4a2be086d6d7687bb057a8e8fc8d1af788f
9206325438792220000,complete,acb8196e821d596c0da608a770563e2149819882356b777c1261c98090229ec1,0d40991d8262ba612067df2e9bcc27a6c42be7b3a8081338381dfca50443b227
9206402014500220000,complete,9980f1cb65e5f7f3e8522f78abc5b3ad6665f274f08bf39370a95b2bc6c3fdd8,4c99ee7492041d3b6e7d6e518483d0a9de4c85b239a8b0294eca607012d76565
9206402014501110000,complete,0e79ddc4293e3f1805f48d91e8874d975863ed419ce06b0911281761d4673f27,5b6e6ce1b831f85830febbec8699b631819f8a801f08b51ef8f6260552cb3f83
9206402014501120000,complete,4cfeec6421b66d08dcdd3ad278c2aa708c54f29befc17851e91de12d378b9435,56fd9a7b81cdef1b2b15dae9148e5e98cd265a96c2659884fe47d018e126ab9c
9206402014501130000,complete,633d27105871a5127576ee204a748da030aaa15fa64449bc76add986bf935d6e,8a8ab234d6bb1cff27ca9ba2bf47f2b533d3e679a3de3b130a2ef254ecad67a7
9206402014501210000,complete,aa4c0cda765b0a4871472f3c80b9d33faccbe34daacb593328bbcdcaad5f4b96,396132365ec4fc85466ce28ed83c1638a2f15fc719c3311f18c8745cf5579225
9206402014501220000,complete,aecd30cc48ef9f95f645aa0f6f654faee6944d69800c373911d6eb75ffe1ad53,c19e431aa8a36e6fd639ece8f0e83de5b7053f679ddc795d912924734ab5faf9
9206402014501220100,complete,eed2c35265d0ceaf38373e2350a3e095c21571bdc580285bc25a5224bd4e3d9d,cf4d82a027f30f1355031dc76f2bdf3d87a9a096fde9e4e78cf6ea51f8e325c2
9206402014501220200,complete,c11ef7f885985c893fdda4be9d72e2d98a9fa04f6f2561dbc205c0d3acf69924,fbbc39ab9dd86d4d92776190f9386f10c8d083c97f4d62acd01647a5323dcb94
9206402014501221000,complete,ec6e598b44cae7d771e79eb7332b6bcc97c700ad50d2d6cd117379809cc808ed,a868a7b3b1167b71e93c995c7d4f7af8d93f9616c2717c42daf3ae3da0c26d49
9206402014501222000,complete,627637356baf8b61fee172d738b2a1c4677eb9b256e016d9d12cfc61b4b9fa89,b236d79d74363bb56fbd1780536be5b2395e41d01278c62b2fc9338b5edf4c83
9206402014501230000,complete,34a17652052d8915c5cedc9722cd456e9a5e294ddb84af22dc471ffab20ef040,b9bd485edc83145bd2f60cbed9f2b211c25f317efe00df2663ae09d1aeaeaf4e
9206402014501310000,complete,d08865cfc3c0f0e85ae9ff1745fe1afa90cce57921174ec6329d84bab6ebbae3,acc1d0f021e28d5b15ac3ac8752e2d6223a0d5946795365fbb50fb4f5e3c3cda
9206402014501320000,complete,5e5ce6587837f89293e90f582ae167227c449c05a34c30e1957e0ef57e07a2b9,8eae82efcb00696b61150d9190588e486ca03dd6a8a2278d08a046a15af04b7a
9206402014501330000,complete,c4447518600996fc20dbfd608df163659caf88fa3350c9a16703f6a09280fa1c,52eae0510f5a2f51bd1087eb2acac314888ec5468926a5e873c3e657d967e726
9206402014502220000,complete,3fccdc5d752c8f5f05b9e3ce0485ad2ae662d59ec91f9a2e2475a61ec634167f,84ae3781f240593266b9ad60aa5530b037820c52399ef6a6467ab126c36d6503
9206514625820220000,complete,37adf6b897c116e8fe5ed3ecc6ad9d399c857ed8a53808aedf0d9d0df5d42b2c,8e2a872ebdde4768b9432a938b2cbcca2f40d2c67120c1d7b3871fa2eeeceea1
9206514625821110000,complete,ce3f4ea17cdb16a71cf76d4e597d023f60f51c2a086831486c2a2526428219c8,8f435553989b55f7f938a08f08c0e4ee7b9b0370ada647fc4be93f49d33e2690
9206514625821120000,complete,68f88d865c3d344639880b9cbeb786df652bfe5ae34ecf06858c1a1f4286eb3f,644925870d679b5d247c0e28da63e3f3621be8a5418cb4f006cdc0674fd13862
9206514625821130000,complete,fb238b24ece969ec25df9b0ec26a59136451add0bc5e5fbd8443946bab708a05,898d5a06b244f7a56b90d9cb0a6886fc96b40bdff6c74f9f1005576138d2ff5f
9206514625821210000,complete,9e2eca470498c2b7a7f092dfb572023126cbb37d4978e7cbb4c789dffb8ff628,dc0f9c8529461876f97c59545820979b35c007c23e7288bf8d585822724e09a8
9206514625821220000,complete,0e419a771ce307ddbf96e68c5b0c2d45884ca31db138dddc41b33de7ec32e87a,b6b43c1c0f5f4c9f29cad9ab1c34b33cc73d582167b3535e139cb3fab4cfb491
9206514625821220100,complete,cf95c61b98f99e00ec1bbf6803d63e611ed4c5e46001b35bf363fb01646ea7b9,9fba54e40c6bc4cf5a719f49c8c3f5d9f2031be813bb458a4be5f2158dde12a6
9206514625821220200,complete,8fce28197483740062c75c86fdfc454c32fd0238326f1ae75f4a6268cb3147a8,4f30849f865aa9e681873cfe89e0ca8c6026c43d3a971fea145a84220dd85c65
9206514625821220300,complete,6769cbbe01cf88c638b5067cec5292d0eb7a14d504b0f3505df167f80f0ad4d7,2832dc7908a3b2e03514516dde521ccd584b413fedc520a116b40988449452a0
9206514625821221000,complete,4f849e2bf49473d7fb4d759ce6cb6a3b62adaf8bed3cc7d552acea58a1e6814c,f79c2059c489d55e4beaaf3ffe1204bc123c3355851601f467165483c004c94d
9206514625821222000,complete,59fc144302332e61581496a0bc0673cb8951ccac0d2e9239f4952a4e47619f9a,4a18a19456719870e13507f19ee5f16826e8073ad10c46641e5c7f026c501c42
9206514625821230000,complete,4de3f9f1e709e59567d88844dc9cf0c62771bbd5a58af5936857b06954bac82f,ee6aef4d7dbc8d36e21391fe6973962a4b5a5f984a1b87a592096757e9dfd49c
9206514625821310000,complete,bc91522f4dec5888e8c0b248a3f88b7b740d3c478533fe6c3dc60e393d7d2ccd,20d519ba6175d55ea3754f2e200921e05282b89f9ebb66cd83cec81b323a11d4
9206514625821320000,complete,64c00ad3996cef4a75434d8d6d484e271d02c2ba81cd999fb48ff4f8a323d94c,91ca935007ac24eff40eba7c5e38690bda5ba3e2af2d772c1996bb13ff18a9de
9206514625821330000,complete,203d6ac5d77e9d3d16ae48eea10a40139882dc19a27dd38bcd602737249bfa9a,728d17b0520d2ba2f1ef24c8a4f515cb823fbcb3ad14f89df39836274aafae16
9206514625822220000,complete,aaef1c2c0c67e8a1afe6732db27bbc4e9fe774b5c39ba5597709d52c897cb305,2963dedbf84702fff4ddf1cbf553a013a10d78ed3d7c058147ec1cd6030665f5
9206611196730220000,complete,78de11648e7e5dbe731a176c38c5363ed2f3c93ecd1a8f0daa7213500b057621,d7fa5a0e37a01fd22d1e74bb5695bce0df63e12f34aef0bd40bae0a36ec57046
9206611196731110000,complete,6c32f905583cd40517b2e88aa7cc8b63c980cf017ea3085887ccf84bd9af392d,4d47a11dc5a917ac54475b0588f9e89bff7d549e97fb3f86f05d385d5422d23d
9206611196731120000,complete,11744cd1a92f229e2b1164cd28992bfc0628d935c298a9208f42779226dfbaf8,909465efc924fb99898b636bbaf9180070b3ada56766a038e589619ffc7526ef
9206611196731130000,complete,b6e03e0796405923d74eda8b1f0819519a3151be196d9cbb73fba95700db513d,37cd25ea2244281e9114053e6aeb41cfa65e14488d989bc25b2c207b0e180256
9206611196731210000,complete,f593373f2bc4ae101296f33f08b180532e4cf1cbcfe650ac2f19abbe696af306,53ef60fdeb7beba7fbecb1594b434c74186e282c746108d9d064d60f79c53d3d
9206611196731220000,complete,d584ef4f48d16cb1034cf1ed7dc0f23b55a8c04cdcad6be3046d20fd688649ed,500b16c105a483b0aaf9799270143b25ccf524359e0f29bc472b43d42319e790
9206611196731220001,complete,cf87753ba7a81efe347fc979ea4066be1d553ffec7a61c42a9a2d20f32c38c66,96c21bae47f226d4f93e763aac5c7bf19ddf9f1e88c786e19135fef5ded7d2fd
9206611196731220010,complete,2ce6166be4bdf1e48ab303d6ce98348494b7fd969a00ed20a7537f212b40df8e,400a88841099b8c0170b2def646796bf0db8edbb3676d3f4efa314ea7c8dd06b
9206611196731220100,complete,9da536c904ea7a82c6e7c9f0c986876f99c179ae2b96f932577e8890084498ed,082aa297cfc0e416b092bfa25b98758c4a567217319dc8d426d996b4d9197d34
9206611196731220200,complete,c7c52b3c9481f5735e90bc5004fa84ce35b48c4bc8b7a870cfb4ee17d8d6cc7f,00d213db6913abdbf22c69708a945a740f661591ef698582f6846115946158b2
9206611196731220300,complete,94d0351cbc010ac0b7522491afa950e25e8225deb9e6b9027c0c6c42edaae6d5,15d8e1d9e5b2f6bbe35c6bf9abdaa2fb7f5a56c36b90a7a2325bded6e240918d
9206611196731221000,complete,109873a3f82c9ea08a60bc3acc037e8e3c606563bb05c487ce1a535c83d1b730,61965880db27934f67213e1e66f159b5cff83382a159b5762739bc95b442e23b
9206611196731222000,complete,d1a9b734f6ea13ddf04692e745f3873d766462bb331c580ce9563db73f4a7d2f,eb616a20dccc796b594e9785942e931a965ed38d12206091d4e546fe9bdfffa7
9206611196731230000,complete,f8ed1e6cadb72fd5c5da45e7a029c48ac51b4957198d44b559ed5e84b4fb6a76,ebb7d630c1e49e4c4be350401d01d04b4c336a34be60b9b9d021cb8506dfa52a
9206611196731310000,complete,9922f61882d8cb32e3c3fd038faebafb422b5fa3a86f38fd6d5d6a808c9c14b2,646eb761cf4daf56f92b12ff6503da8a230fb1be6e05d2822a7b3c65015640e7
9206611196731320000,complete,c690fbcc8e857665bd216c61673e5b2db6c53f06aea7a0d8eed33e2313eaf996,64704e05a4acf3b7c6def87ae53669dbbe36e161ddbf6d8796c30c2f40b4bf3b
9206611196731330000,complete,f4d40705df665fff1c27668d9a5ef42cc49b003f0aa33552a793fdebccc3c438,6c49ea7aa81cb86b568cdda70ee504472456730b7c1cef1a7a511103ccb33d2d
9206611196732220000,complete,61c81c304962d0d060ca802a225a06dcbe3673cd62feb090562211a47ab7a5d0,ad7f146714cf84e0ee6c179694db3698add816ebc56d7e0ce64a3287427ece09
9206838374510220000,complete,902eb13b9bb49ad6c729d3c60f48b981e5aa305fa9228c92220993dab46ff876,410ecbd68d3727e1af023b84d06135185625490eff21fb7da370f53682c69824
9206838374511110000,complete,32f93b7ac7cf8d98cd65cd7f368cea79a72cb166cdb0060dc18138e7847ba0c5,320d638b516a1cae544853321cdf5ab0163089c63847506547611c2047d84697
9206838374511120000,complete,7ce6dd66a54cfbb1af1838dbd69307be089e70846468d1031760f64202007c13,b38770b7e55fc1733efabfce6e1d1835f025d9bf8dafbbb266e3ead7a6906e94
9206838374511130000,complete,50fc7b227d664440768a078e9cf1d8970e0cca33fc587ce42f631f924d50bd2e,dc5747b3eab6fba1e52f5c284576a2604f3dbddbc7b3e397330ef32c66dfea4f
9206838374511210000,complete,f51fc7c3d8de563c0403b0ba4560348d5762173de0bd0c92d62845078762e781,809cbf88adf4b3c651dfc1e44b2e3a36ad0db143066db0bda1874981c2626b48
9206838374511220000,complete,2be8f4c13e70c872d420bf2e271688d0bb60036a585c99b2dee1516fba9a4ba9,eccc9e35cf411ce6d10969f69d44828438ced983b39f0dbd39f3040c61a3cd74
9206838374511220100,complete,ef1a10ee1556c4797bcb9225005610ec93b0b9ee629f95a2c9dab14ee7652b1d,dda410a476c0a9b84c37da9a88d881904ad723b63d09d89a3cab098f1cd32ccc
9206838374511220200,complete,338396147a72a68ce8dc6b857a28c46d14fbd05ceb2591ba78e380d72448a864,19ea46e5120171cda7d4aaf7123d64344a53e6badcc6f98afaa214e0afa8423b
9206838374511221000,complete,5c4e0ef1631934790e57cfd81fff86f6cc46b08f8a4604c36a1cfb7fe2841393,c6f9ab119b5205832220b67729dcccca363bc1504e0be02a042625bc7cb9b547
9206838374511222000,complete,9a66afbc6458c17e12fa7721cd1ca3984f28b62a71414ec585ee3ca45ab6e2cf,fe875bdde9a9159d941177a77cf469e95e7d1a8d66efda10450f6dc791d64553
9206838374511230000,complete,ab4ef12a3639289d54410fdc5f66f414eec32893a761f644c7a07fcb5895ee3a,e81e7c5fadf24c0da96c95b77f8c7b880fdec46c1b4a5d06a2c92258d86c1bb4
9206838374511310000,complete,9533c0c0125dd570fca219991ff9612a87b5159c644164f2064acc7e28618a9c,24835d9e7ebc09a7216e1e7bf9be9822002f7e1bbc7489f6a0a24204906fb8f7
9206838374511320000,complete,6846a716533b4274621544c6c404483ba525eaff1f1961790c7ae88e3f48a58b,4446ac8db57016b67a9e4286403543bbaa7142c0dee084b5a3ca19154ebf08c8
9206838374511330000,complete,0f1f6d2e9d18c7274c385c9b1a6dd244be2b6275b0a4ca73e2175ab067354e02,6b8ab00dc20cf1a91050c867357c72eed6befa848b4c90c289336739d0d041da
9206838374512220000,complete,49f8b8671a818bc0772861ef1d310147dc80a9504fff285dc78644d4886fcbef,04b15edcf10aaa587ee1bf36c3f977ed744a76f95709988585532c91387088f8
9206854105700220000,complete,57cc34e57ddc40148eaed4a0ea39eddfcf9e80e534a6e63d2dc3106b76f13ff4,569f45d8c1ef52344c9a330eb9dc06f3e9a3a2036dada0af83eeef2aeb957f44
9206854105701110000,complete,d1fb65cbb9542a62464282f834bef0c4350b3b146e67987284b4526a28c90f2e,409761187b8a4affd86d89fe19336709dbeb20dd9d819303a94601c23e82e3c5
9206854105701120000,complete,3ee0d49e5122231c6076ac2f683a054148965efbde6b8c3ad54fb22291ad7320,ea9aa526ddacf917f454923832c76cf0fb64b64c73ed90e7454c0a4fab789a36
9206854105701130000,complete,50a9bad120d63adc8f52f511269dec0a5063fc77249a281cd69c111545a77354,e4ded9ce93ff12a1acb19b174f6ccca03b75b8792e048f709546c202c66af48f
9206854105701210000,complete,9fa8c1e34342ae5a0cc998f0b547d75a0b1e6fe946bb5846a9bd8113ee944540,7d091f0a9520ea72a603f1c830b1286cbdc591b3419436f22926debeb57dae81
9206854105701220000,complete,6e9ae87d6578de41176504e35f57ce8b4e0dbe765713723c0a2ea1403874c975,a78a1cea27f5a26a0d8f9018b81f7cbd82efac1d8d8f032849ed6198a570ba8d
9206854105701220100,complete,85f58dabd68181e5c2ba742d6f4270dfa2d5ba02c64751f1a934f5c14500f011,47700bd80e0843e92f8c8794b09e4ef781f48366936b98ec452a97acbb7ce3bb
9206854105701220200,complete,53754cfd2c1757ee45740ab0da8a629c3eccc59ee893e85d849231db768ccb39,57857113e1e339be2fb405e234bdb09c9f260c30fc2f17607c48960d5d22a386
9206854105701220300,complete,14fe3828227451d684daf8a80190637e589e0205a47b393e84aa0a12e599c9da,f736748996b467c57b93712f0e07e78d2a1e0c16e7418566fd424cc5ecc5d302
9206854105701221000,complete,de5a3ad487e111081de7957f6dc53213e5191d39898ec08ecd971fd1f35df81d,69118522626992302892abf0862d42ff2fec79f992f981e20786cd6a90a87b26
9206854105701222000,complete,623c240c33847978b3c9e372f39456ef8120ed96c1bbd42b9139aa0b0bac46ec,364378de705ebea96e50d411e44d24bdf75037e830a5cd734dd57c2040d41506
9206854105701230000,complete,b31775f78a6ef30ddad69841252a993e5a71a7d7260b0984eee984eadb0bc44c,bc1e90c0e6b761e6fd923ba2a571fa5d561971adda9e2d1f2cebdab69282293a
9206854105701310000,complete,ba917ee54b780a1c7a42fdfbbf93e309d1948d2fbe767b8becfb9a16df1c1c4f,c1c5ca51705eb8de6b0670eedd4b3cc59d597954c85c2c34cfc25b658dfa3a49
9206854105701320000,complete,7ca61be4d54188caa8d24a00018265dc416c1652590b8c574375f011cdd1dbcb,b17df9b1801663ed36d7dffa8d8d5caa1868e7afc7eadc43aa76368b1edb6c3f
9206854105701330000,complete,7d8bd7db4cb4ae29a7ef666e566e16a3acd74b3312dc193de747bb011fd11944,0ceb3b82d519b6bd40067254a147881667f90d659e4658c272378e225ee266c3
9206854105702220000,complete,e5c76a8ace14425a00923dd7c6427163eaa575824c2916a8af1d8c90f7d23772,2e2d992acb1cea27d8a7843fc075669e918e3047f60c558aeae21f8168ce6f3e
9206860442190220000,complete,e4120fa064e8c49ad39281d1cbc1efbf5727650f0e623c67ab8ccff346afb9be,e425f65fd1968dafb0df451496514ee9a5d7f198aa90f10e7f138399029a60f4
9206860442191110000,complete,fca568876ff813c5c6690f9303190f9a1310d07ffd5e6fa89e8edcf9e37d7d5a,2da68e32160058f7a1df276e0fd6bc9d2dc5e27cdb8d4404ccbf92ee58e65a11
9206860442191120000,complete,6c634cfbe3cce18890e898016d3e3a92e197840a430bde7e67f595605307f635,ac0c013f62640143264587be640770e19034a502e509cc3fb498bee7127e6302
9206860442191130000,complete,14a8cebf072903b6a886913194f1b77572156e72bd7bd7b2be9568602626d1eb,ac9c1be241e4a82cc7cd65e8c36c10856268e165144a17015ad400ff61ec73a4
9206860442191210000,complete,d4b2791b521f3a0f4b2a7c2bac99f17ce082042c971de757cc7ed511dcf312cb,44ed9d98138ecbbed94ba3c6737536b517586fcee2a2f4008b3956bd4da9fc6b
9206860442191220000,complete,80f3a8d6121fb667c97b5cc8c6c4905df6e8e19fb4923bfcbb0c0e08e5c500bc,09d84b7a4cc0984485160d7bd83d408a2cb4cf0591f7cadabe8aa1b4a9450d08
9206860442191220100,complete,dc7677bf48ace1d4518dd69fbead05ac267d00c27c36b5ab5bc5793414d7e44c,d293378550b3211837a52440183dc0b2fe89c4c0d9f65ebcdeb7e67e2bd0e610
9206860442191220200,complete,cc96eaf5817549cc962b5a737ec679716d8e981f77c4ec1ad219e6670135eeb0,b2a2a11dad25c556097242756ff54c483fb0a55994c8c0d81041d52195d5015b
9206860442191220300,complete,98b63eafd353c4cf7b33225cd48a7632733a41244ba8c4a4f221e540c42855a1,560bfaee2324be2137fb6a1e417660d78bb6e666cbae244d51ae0a3b84024836
9206860442191221000,complete,b552b5dc459cb477a4392f214da740ed1c97ccc37e5a32d36676982ba73080ab,e38d4fcec074e4270b351283f148a87d120f8e268c7c98c202bb197004e373d6
9206860442191222000,complete,46545d45bb95d835613079ac18bfd6fd7210d59c8daac91ec490e5ad80250697,acbcf03cee996eb0341a185b086045aa15aeb3ecfd8e5cbc979cc4b56417a52e
9206860442191230000,complete,f4d8595a4e79e73a3dab7bdd6d727956a41ba59524d7fd3d94eab648c430f433,abe339ab8c5eedbd15c64cfff2922bbd6105dcca7656a80a924ff768c938a704
9206860442191310000,complete,6d16b44f4ff6d6db1975f84eaba92aab02a6d45b14f8f466b9c36b377dbf7918,012186d1a053821ae05cfc537312a1409af6a07c940da50a463082419c68e948
9206860442191320000,complete,f5bffeec60b64e550546aa6ec89e070044234fb1a764ed0c8c7270b679584027,037e324c45519539e35dcb00ea4aef8ac434654c11719b4ef6d072afbe03034e
9206860442191330000,complete,dca80dd0a504f55685de983c169029179e1f99c64eb3a4c2fcb7727b64fce9d6,d6be7895b40ca47c890b21cee83d8cabe1cb452f58684e88cac6b0fdc50e0a0c
9206860442192220000,complete,7613e796aea889596baa5dbfb2db547fb7572eb0f242a2012cfe96fa020863b9,dfbea5be2666152ba7305bcdc8a26469bdeca4f0435c225f6387cb111cb2287d
9207124068090220000,complete,980bedc8ff65d72f581661f3f1ff0774d509878ca2003e3845f968d802a06f2f,400696ce3e5288c62a3051070769211db4e211e5dfcc85e433b99b5a92cc0522
9207124068091110000,complete,11405f981455e6f5162d22656648fb8b9ea36a8287cea3b067cfc2dc165e98c5,d20ee81a9e3ae5d53648ac34bcb40e3a36987cf950015a0c857593383fb594e5
9207124068091120000,complete,033d9ef8439b48c848f5558561d1101c43484ac442c22a8fc596af7715998549,0cac81169609ddef4f47e5c57f09fcccf30f513e3e26b0033be5b96f5839a910
9207124068091130000,complete,a00124d3976e4afc16338cee040a0a475137a483ca1dd805cf3a4a1efa0efbba,169c29a5268b8e3bd6db8dc11007a2162c8b662eb9e3648c676a9409189f9239
9207124068091210000,complete,4edbc148742cfa91ed65debf1c15843348586fee67811efd34a9f34099636a62,3836e3f7885f646949ec80e35efbe45a8224e1449c5bffb398fcd2a5e10c80ac
9207124068091220000,complete,ae969fc5c3d398bc3c603bc3d4f730c7116b26d45a80db7bde04e8af3bb45223,297ce1948bac4ea46cc8958170fed81491ea67f891f2c95e37784ef063bb7378
9207124068091220100,complete,50d4118ced80b3f6341194a420b23a7e70ec3dce2770b6661801c95898dc554c,baa7a86d08464007d480fe10863e2e19d8e51825bf48eae17ecf8c73334f4845
9207124068091220200,complete,c3400ee5eb677308964a99460152b8c8a74085f1c96b40cd4673842a787560be,09de51aa3f29c2e074d397643217880271116d3e3a07ddb1b4812daedd5db7bb
9207124068091220300,complete,b94f8075bbd16cc1e6bfb79f5c3e1cd5a7f907520a497f6f9b36ed0f6fae2371,abc780b0c8b5cbb70fc12e4c65d2b7895af71b2174003c33f5ded0938e7a1f3b
9207124068091221000,complete,c5021cb21cd3545c523e5320c523d2a6c66491bfa183625f840ab602f511000d,c670233202cbde5dea98639946d1d05424cb6a17c4d18e48865ebaaf80da3b57
9207124068091222000,complete,f65cff6ab0f657302384cdd09d00de68ca83885a57dff4dba56c8e343020f1a4,8488d0ea024a563368404922cdd0d5e300cd3acac80c0af5ae2f1c29bce67a06
9207124068091230000,complete,eca50dc733e842ed3a0d9e3d25862a2e1c3ceefac0a5e33376ba70c88970612d,0099dffc234b37f0572da2deae1c356849bfe8a7b69ea78daa3807575694c850
9207124068091310000,complete,74479782e98e00ee904ffcf19163730a94648cce3f1c2da64bd666beaa3df6f5,7c5a3217e3e87639feefb21fdf8d73d1a143ceef872d64e5c1d1267c3c3c0f80
9207124068091320000,complete,712209e4175434da604f964bcbe3c322c52270ef6d47b110ebcd5a728604393d,6d2825599f0c9bb0a4be4419ac62f7e1e932e7a24d5b1542f5644a9d8c9e76d1
9207124068091330000,complete,f0c36d11916a8b393207977fce4d3f3dc94e75d41245a24f00090a0d8ad143ce,c8c06a7e78f0bc44ab1bd889c5da826817cf821bd2b9b4c159f897446c231744
9207124068092220000,complete,fec3f5974d32ee7c0398773ed4222fe1b2edbf5db96114178a26dcde27c62470,0ec4f2cc08840ab28f3b925ced4d434ad960c80be37d964df712968614d622e7
9207241288060220000,complete,393feba03ab6a2350872fd27b13c34f946d394c7bc816d42beb91a6c8a0ebee2,04492583cdfc99f50e18f111807c106f3bccb0f671ded82e65b03153dacb1eed
9207241288061110000,complete,ed3a211633ea45b1ea13cbbf9772c8343c151877b86e52380073bd70bf506d31,9a6024ddd9581179a7c89ff0eae2472943ac440ba12622877bf6b8c6a8c1df49
9207241288061120000,complete,13b8c53e413f55f7e570bdb73c47b8d3c4a9712c553c15340cceed3e8f80a4e5,45baf1e310127d00a27229dd59b6fb33334e48225f4482c63b4411fede8c66ec
9207241288061130000,complete,c4f351524ca5697d71272f3ef708d89939b7cd777468fc1a26aeb9514eb36406,975d03b9936da3bb0c1274d944d5957f41041aa896bb459803033a1ae0d07b1b
9207241288061210000,complete,0579150d0f7f3b5a9d3e06f4f0943d43a366cf492626a495e7b5fa11e10e49bd,753b9207f23621394b8eae4910d091c4c1e0be69fe79459bc92322cf41c7458c
9207241288061220000,complete,3f2aa7c2e3e60197363114108588229437936a101741314ceb35b0e4b8197233,a5f39e13b7cd0ab964722b293168f499184a2db6b22d00ca3b6fecc961abe01b
9207241288061220100,complete,df6c7b411e4a8a799ac6012f0ebafe594073c07c207a77b6677e9f833871df3a,11891830c5f61ebe4f34cd0e41e29c7fbc6df413ff7b94591818da1e98a69353
9207241288061220200,complete,c3fac967d55ae895d5be8b42a69d93f502257f6121fc45184ef30232c56c683d,2f3aa5fb9762b420c874a99c834a6d24fd2e69fd1f980229f22ae1cadaa372ec
9207241288061221000,complete,8e14d34b7f27a796eeb1f146761befd0bc887ec01bc614d24f05df3c5634ae99,03e95480b1b1ec2f8e1edf0e01d724a4dfb3b25813e94058a5fd776f58f8f9db
9207241288061222000,complete,8e5fa49514b7b422b4362660231d2d63f8fd2fcb7c7398613a56bcc1615aecd2,973ba4b7d8709925bd627d696467238825d4e6b4cc25cd415433ba71e9a4e516
9207241288061230000,complete,ae8205ad0e39cc3936ced5fdbdb71772af6bd12b166072410427135f14013a87,a6e82c2450df05ee0c23815ee762490a7c92d59c3ff44e10647de6949970a04d
9207241288061310000,complete,61ee6565415382887e65699476c12018d2506d57434d5626595618a80b3961d4,a5579dca45b628fa43bd6c03c38ec981bc9bdeb381ed44104292742b84169ac9
9207241288061320000,complete,e57032dd05dc56b6ad56cc652dadf82cda9fd90f884f1b10c91687bb0dc4639c,e4061ebdb156848846db3494ff2bd75700d0795be449533f6df87510d65fa4c4
9207241288061330000,complete,dcfb790a05e21edfb9d9a157fdbafe803635d4d1c0d85d5a1027daeb4048398a,aac21ac19e0030f499c71bbe916a5d30a1aea28f20ea4fd258de74d78be493cc
9207241288062220000,complete,33a50915144acadf01d3cdd6442307c553084a41f3ed42f6d4771bc456911e97,4c709b98c6d360ec95d586f3f21b6ff9ceb0b9c5917c4839aeae65b97e007468
9207330303840220000,complete,adca0364f2b4f08bef0f38c29e0a506cffb71ba121b01d656efc97e3f2e7b712,4cab4be9871aa567a5b3270741447233830bf0e5f6b99adbe3c61073f41a74a2
9207330303841110000,complete,bb48a209fa069b549cef0bbca41d77dc7a66eb8b16728338e55dc77047359342,a4df1ec6310ccea8f12ef5871858e8760761a491b3360ac4375213f303fc7690
9207330303841120000,complete,f81fc742ab5aad33f52129cc8f55d87bdb30e80c7323136040a9ae19997ccc4f,c47a7c0d0592fd2ef035f6a0b3f50cca5c11a8f566eeb7d6ff17d84efb1b31b1
9207330303841130000,complete,2506f3479b6720b25de26147c7b9fb395759453017cd5fe896252fa64ab89b82,aacdee448702e3b95a06953f06ae37da3d4eb0d6c4e71b0f93781a7b7dcf9c1a
9207330303841210000,complete,a5e1540804b23ab0f50fd37096882a5c03986d2ddb46472182e62f68e88e54d7,ef485d6f6805273d2f2f45d6409c2521a853cf641c297f7ea8b26e02cc82a4af
9207330303841220000,complete,573049811b2d3a4213b5c6c1809afa2baeb1a53768ce563df95e4ea525e0cab7,0bf28bc03b88b819066be3236969962da33768ec0f48486f5b11ff68cc11bd24
9207330303841220100,complete,d3cdff0eb0670d7d6cfe2cb979d0d684b9f6195459ce9b4b92f023acf7c175c7,44c7c1f74e00e72a35a9566463dfa9b7d093ea44b8c753977c977e927fa8415b
9207330303841220200,complete,ce765bd23d50919b0c4778c229c00f8a0b9a79a9ec8724d774d9d927ab636dc1,f9126a338ac3d479aeb5f92b0255e90e9e43c0e31afe2043dbd74b33664cbce5
9207330303841220300,complete,a8324d478c54243eba3481a355e63530acf355b0b976db2da4e3c67a4327c2a8,f3a222e6ddcd72eda1f7332da5d8808c13772ceef473d8015b3b7243d29befc6
9207330303841221000,complete,991669ff47af4e8a6aca2411d181eba91cb849461272cf422264a5501d4e870b,2a8939f63e0ff80ef72c1898e8b7f2c53ca45018dbd3ddcc5f3124e5fab43210
9207330303841222000,complete,da4a53d01c9498b567089da66a8d862e98929087afa5f1632c6abd8f7ee1420f,4361c870eeb6ad365052db57484038928d8ce18b8927ecec8ac74b6ba47f2be2
9207330303841230000,complete,90687a932941b11e33519e8aef9ec39aa60375315d1aa9732e3011c06aac74ec,234630f1aa79d8342d3e89da6769e594e3fafc8a5c69c8979bfcca96e0d0a15a
9207330303841310000,complete,8d7e2ad74f4c09a0ba88edcee99f1e713c0c60c4b1fc477cae333faae17c3638,e61a510d8245edcb58caa931a85d94d5f866a2ed8b89de2bd1d674f8070d9d86
9207330303841320000,complete,5f788e8d356c862b59d800dce42f6bfc9d7f5f6715bd24bffafe136bd2ab756a,75e6481ccd6dcb14340a91db714f5a2f186ffed19f58c740c70f9178cf16a4fb
9207330303841330000,complete,f166d1d6609a8544cf854a85bf6ac5627c67b35a62d48cdcbd864e064ac1a924,4a45462f89890e2e0e5bde1403b7ed81bd336544f3bdd4c17aa681f8d484f8cd
9207330303842220000,complete,f750c21c6ddf81d66094316095c4f2f8531974720549af072480865d39990e10,1a827eb078c829bee09499dc96ab7dccaea36aa6d832f6cd46dbf19d1194d93e
9207620005030220000,complete,b0b71e0f6bde7aafee3bc58254d94dcf50cb6b71f0fabca98f4437d67c629e5e,6748190ad17e5c2d7e69ee991b00369529d96ab67f22c6c819f1557f957c337f
9207620005031110000,complete,2b33cfb29fa9d4142a40a201d19378436346ba32b4fbd4de8a84a7268939a672,9006c903db7414d06f30d292bdb9f82144bb4be37bf2532e32f50ff821c80ffb
9207620005031120000,complete,d59d438c2338c2044467f1d9168f1c70b534a1284d12e0d1ad14592b898c6ef8,94ce3065835e902918af481d21eebb14a1f50d6c17e2ea467de57c7164c9514a
9207620005031130000,complete,4941a36856a8c5a5f5b218e4c993405431930ffa8f2092092a2147a3fddbe8be,e79353c945e0bb28796a9c7c0e347744996c28af2e0430ba82be0f95abb82490
9207620005031210000,complete,153b0b917a40d767cf54b68f2e5461ee8c91d07680f5a7243c2675c11dc138d0,c74c0d2e3aa5a5fea36c4745102747905fe46b3012f95248c9bcd5030d3eea4e
9207620005031220000,complete,78f7e6b9486c7abb93d5fdbca7ed6feb477ea1aa7a863b7921047db6285363c1,854dea22e5e7d4a57ebdd1426e73fec06775fdfae044cf63a56d8e31d9be83e5
9207620005031220100,complete,340b82c6946bf63f24fdb44f98c32b66fc93fa09ecbab18bee9c2e085b3f93cf,65f51ffd0df10db9d204483b430d09e545971a83b2e85aad5c22b9dd6139a096
9207620005031220200,complete,4f895347f500a95467a42a60bc57efb8a6e37fca53d3fc4ff264c9c4b4851caf,6eb19b63d4c34683b7119c7a5f7787454f593a7621d3d6254fcb1fe69cd39039
9207620005031220300,complete,117ca2d0d831202a4d29f049ca1cad5d79c90617339ffb77442e3fc4d1906aa8,b744a98d19168ada79bd5985aa8f1cb00295f00c86bf1e705aef6a8357a04ba9
9207620005031221000,complete,543df732b049a39b9824c57c9eb7bd5b48afc58407a33fddd25cb69bb0044b0f,c6c7d3e48f98066f12e76cb507f1015341c4530cf713ba55601dc2c31145acc8
9207620005031222000,complete,62273b2184039139ce3ca4ed8b536719c66717072014ac1ce6e4d2b87fec77b0,4f0eecccbc6528c768e83d613a6cf47a2ab536e0db8d171a8d8002768c7b1c70
9207620005031230000,complete,f13d5ceb9794c1c23919fee912cc663de23790b117f9064620262d329837a7c7,19b8da8ea4c8b18b001d9d16fb0c0825cd17a9aeb949bb3045b480b2223fca93
9207620005031310000,complete,78d37acc80a54b077505ad610a83db9fedb4ab09c9859db2e8175eb927231e3d,1ba5308b56fa8db0bd4c4ea515cbecb9d3654fba9d93360a8fc94ad4479df3f8
9207620005031320000,complete,154138500d464597308459b876ab7e64770437ac2280bfb2ae4840051c37b0d6,152851c9aa58960904724ef9934c2669cdf240c53e7de68b3fc46e020a9d641e
9207620005031330000,complete,e7771900ba73808400b75029a68d7643c0f0124b7cf2074a019c9c2a4f972f82,690ec55e9f971712f9a862cb3dc28c8e83399581f3f128500e2c910f38f303a9
9207620005032220000,complete,fc2a927a48168c5cafdd449e61a1b3864c16b537e5965bbfa14391577b3c035b,72a2c96d6e5ca6c4ee347173d1f98fef311a6c65caeb6db62a4e151e5c9c701f
9207755642850220000,complete,ed1d60f03bf188952f7fe5e1ec61769c0a27e9927ccb9fbe2aa931b5a8570cd9,f3daf453409213aa69b4b6380592c6d88634de4f01c35500dcafc3bb577060b5
9207755642851110000,complete,3865ccf0d0b4d1c01c7df269a595ab12990f7ac3135acee67e15fac62027565e,927f1763c8a809699fa0200d7c3857683b17dffe75f6ef2038287a2cbcc2c97e
9207755642851120000,complete,3bca345e636c85095366dca1e79caec81a8888211df6ed6540e4ee25d7cb5d9b,634374b1a682937f18766aa8a10ab0718eaa230fcfa607d21e523431e7bf2a3f
9207755642851130000,complete,fbaaaf2473e7e22127c8039680140cc29884e7c2578946d319395303eaff7d98,ad56216ad524a80237e1fabab5f0f383b51257e4b13097e4c6a3344de1059d5d
9207755642851210000,complete,e54873bde10557484f746d9903f49c788d390e57a3388d02b6c2d58fa006aa23,83a7d0f38a111fe4ec2b20a51e236a4fec7addfde37865f47f397b51ef0daeeb
9207755642851220000,complete,fe30d5b41e34ab66d2e8d8fc796ed29b7106ab3298cf6bfbfbc8c1c3d566874b,4615493b54ae30f61539f378c5e369821a9224fe1f6abfb4b81dd9812e5ffdf6
9207755642851220100,complete,169aa115b5f241248cd0f2a1e0f650d578007f0fdf8c8304ebb6abd8c53d179d,f4fadb94321a2fec9255ff7727390bc72b33c6afc45f0ce6b8ecbc7ab40e5aeb
9207755642851220200,complete,6572a85a9393867982c1472c4cd5d8d7536a7a72a4862ba672b59013809ace15,7a4c7e761df042fa1a757741b930728b0fbf021d9082fd008554af15c99085f1
9207755642851220300,complete,32517ba3fbee8c15a8b5b6fe0d4072696c2c6fe67e406637b7babb47ba1ce431,6c12651738be71cc6d988783f4d5547720250a164cacb8a930d45d7d4b8dc968
9207755642851221000,complete,9a4957930a8bdcc0889f8efbadccdc4824455d30781f38fa943dbed4ccd23112,1ae954e4b89faed96f58dc5004b5f840011a7b834d07a94c6d6b362b21b59857
9207755642851222000,complete,664e21c9f179a5ba4a1a277f1e54dbaab508beba684761d602f01a72e2a261a8,fadb4c5dc4b77a7fc87a59107e458eca14ca8d0a8af41c3b0a985fac18d108bb
9207755642851230000,complete,235ae73d26a6c6a7de3c5a472fcef316bb2b2ce33a468f2978888c658cd83f6e,37bc2b8e22d4e8eb17f953c458596a8f3c9984bef2ee0debf4a4edf08e86778a
9207755642851310000,complete,de7284d490b04971d0fa60ee10cea0b17008beb05507edd2233357c1de006224,17c88a69a75d9163b56d46ff1d0a726492968c95e9b0961e9fe8988a7a8ab57e
9207755642851320000,complete,93bcebb73d210a7612d5a854e058fceb3e7c6879ec4b16f784b2ea3fbff257af,e0ad5dfda74efc1daf5aacb51403f192cc3256ec733ea31ad4ee7a1ad12ac7e5
9207755642851330000,complete,ef62a5dc58f72d0c34800c5b4677181905624d275ced111edbb01a764792f49a,b6caf89e03260d027a8484cb8ce589cbca81216772ec050ecb3311dee756318d
9207755642852220000,complete,d34312b28a1ccc242c9ed9704d05d9e94b86e9caae84f44262a11b57c9eeaf31,af0bc4c057377711fa7b194c8d6f9eb8a79abc558d3ac46068fa3523f9cff8fb
9208001263770220000,complete,6350445aae40f818a0bbadc4b11c78c57fea425709874a31eb28acaa4d098d26,d7c309e0942b886b623a0285fbaf3a2b41420980abef27956bd8e2af1ef15281
9208001263771110000,complete,27fce6887acfdcd38c8ebd0ff8ebc2ca3983aba2cc1833c5f48182bb6bde5950,4ca7bc0118a54d4342ddd0cab83eeac5bdc1d9796c0c15c07087cb1c6c174738
9208001263771120000,complete,a6c411e4529a9d9c7e936446fe544864cd7e9d631bc357669bf552b689a5549e,b448b9e0d38b46ed1956f0fae8265487cb578b533dc9cdbac000779ae1f53fcd
9208001263771130000,complete,9661ac9ce02145cf52d121e747ee773dfccd1bf13845ab585215426aea5a9d7d,9ba01aa0818d86c33b2d7f4cd8691168bb3ecc55f01c890a42af61c37e5cf812
9208001263771210000,complete,fb53565f21e5c670942da050f2ac5fcc67dfc851b4d9ad61b2397d433c45e924,61d886c62e5081d4f454244f2e78cacbbccb0a2fe336cea5ed3db5f4cbaa4371
9208001263771220000,complete,a459af353d1e9e8244328b8ab3952e095bc2130db4e6ec21ce6d56713adbd1d9,579880dffb8a2d3bc87ea53eaef673f6d0a0315c7efa6cb0a11aab24b5a82a48
9208001263771220001,complete,0c746cf7b7a5a6716e40ae70e3cd77afe677050106ab592856bdaeb609f0236a,b7569303d1bb4bc2e22fa6cd93c91f7083a202f470198b23a193bec26a131dd4
9208001263771220100,complete,a40800220c3dca11f6154fbe735876afdbf41eca9efbbf27685986fa89c5d711,f22b08732b4bc8243a18ce53e7bf39124747a0ebfdf6785edc306fe8a3411fd6
9208001263771220200,complete,f291a561837c386a8a9a5c4ef89f54f40cbe81e6083df6f343382e22db55a4d4,b025dc4e0a513bc1a94157144220eaf362419dd0b17cf8f9901f73b7177fef39
9208001263771220300,complete,f70b3859a810c14a1f51c6c2ac6535b70addb0468d163a5d8cc55adb2ec4a1d4,3fbf2e23b70f9c8af6b6351afd288b55703db6ab76d1f9153f4344c2235a90f3
9208001263771221000,complete,76700ce428df2c0fb7f236a5bb62f372e1829b5cc50b73b9e89f0747a1cf4081,853625cff4af4b0863550cfe5a95fbcadc31ae99de514b0de0355afe1076c324
9208001263771222000,complete,6b7af6f857cdfba3999b7616b77dd726d8dbb92b80ffe5a863ee77ae9e594b3f,e5ed7f17ca00bc898d89c4a6f54ede9041f603084223e6def43a54a9a9ebee0c
9208001263771230000,complete,82bc149f5a9b92815fff4ad1fc2809a3dcbec9bc60d23c22ef91db4bbe27ec67,bb8c572ed8cb5906f95f94054fab51013857befe07aec9fb96137adb7293e75f
9208001263771310000,complete,d487de178d6e3a43210bb468d11a8b9e48523b8c10995680145dcdff971f250a,908b4178e03e84e2d38b607ad3d7f8479ab5d23b013a77a3206519ef3140ccec
9208001263771320000,complete,429dafebfd4bc56664e1008f9a631526609869e170748ee8d3e5ac9c42adcbbb,915b02242468a156fee875653223826ac900fa7a3a6dc99ceb08b93f721a5b55
9208001263771330000,complete,a0339201a951453bf321aa3f4267e469ae545e99d3c3262bcd5ac9868cda1c70,acf6142f7080ea7b73079cdcc472f7d63e4258c25a26dbd31d3e6420c920d780
9208001263772220000,complete,5b30f586d78275f8cf26723c8db5cf8cae129e0b2076940e3df0873f62aee8fc,bbc3272cd8026ea191282d4e6ae60626907163350a47d32bbe03c9a75546494e
9208001538450220000,complete,21cfbf3272bada8d761750bbc2e16d93442e2bb9729735d76f4a84f09b69346d,e2415a8683ce216c038c1db758f6042449b03b8df2a4800abc732a9881489fd9
9208001538451110000,complete,170ecd56f1b494edb5396331072211c2aa68692f49a41c782b9a91109e3a6b6d,757a26800d15f8e59a3ccde793c498697078debb3ed8c08b10861ce71a12223d
9208001538451120000,complete,499c61b0fd65b11838008668db2e9f97fc7b404e37513c460babf9db9a504e2c,ca743f1ca01abb647a67730e681475c3a268ae8281c267e95cb1c50a0589b4f6
9208001538451130000,complete,05c5f60e66f19f922a79ff335384261e863c8c735f6d8bda2fffd55d2ee85238,530ae962f5dc3c524492f06eb36ea1b8a835920b5c854d85056f17af4c29dac5
9208001538451210000,complete,077e572ab94a716ea0977a1c9eac8bc735793512ce74374731248a46d80f0c3a,93a5113fbfbd704913d9af03774b706d212298adca016e51f229b685b756206e
9208001538451220000,complete,b8a14bb742056243720ce99aaa9344e215da39b48d15def15ed099752d3dde28,72ab1af10dc4d406fb957410e565b3259a068eac41412d3446b1a4b73640dcda
9208001538451220010,complete,5d54d975ea3ae76e1c408466f7d3f564b886872b88740cb2aafb9fbf6ba91ec8,09c693b3ac893e5e9e2a2508db85e583f89a2fce424bde301dd6ab64b4cbd0f1
9208001538451220100,complete,3f468a2662fc463071773e39bf817306e76bc096172fc2b6c28c5dfa7fc67473,c4cb75e202044a24195f2019de1ec881c632fe160042211da62ccc5acd7c0568
9208001538451220200,complete,d6116528306e21eacdce8832b4b5b50a1a1e70a413b5bccd03488b39ccb578d1,b27ae58e2de428d2b5a3dd68839149adc2818178867fe34ade4a2bd0be2fae97
9208001538451220300,complete,103a51011185a324e3dfa720598bbcfe31cf0bddccd2dd26d44675de0f186448,76d49dfdac83de88a64e805b4d546a5d6ce6480bfc867c75e0a93b7d147a7bcd
9208001538451221000,complete,7dd465521e82fd26acfb30efb20016c4e1e6f4e5b188a1eef5b303bd76d10d66,5c75b924a0c9f55f1b3ec2a10e7bc7729fb323c51d71a6800b94f18b7366b4fc
9208001538451222000,complete,949b3bb3c06bdd844aec8634fb85b824fffa190ca4acba8c41b873eb411bdecf,54f1136892e95bedee8e1317e120e9f9898f2c3604d08e036f7b95daee979bdc
9208001538451230000,complete,1ae8a414ff1086b01ce10f2395b7c0abf72f8c300da81fd8069f321237ab0949,e025b6333edd6e432cc1623af956fff667a0c76ae6d5150cb1c12a904ba0a27c
9208001538451310000,complete,8b35e98afa88f408909f70ffc1884b9ebade31254d5546b16ab6ef30698f2303,63f1047c5d694f2d8c589d1d6ff56d5ae5fde56d23565e25dd47c05f3c91aa3c
9208001538451320000,complete,d08833ba8566fe63f9ab5eaa99c9ad37e62f5c8acabc5f7a858749caa799e5f0,d75ab2c81829b2ad97db5432d5607bcc9f3dec63730fac88b95c6270b9eb77e5
9208001538451330000,complete,95a3e82cd8891887e8468996821f351cf3d7c2ab16f274f9341d4085b8937de4,0839ad4d2cdc38e3947b4ff4f9e35155fb9eb5eb93a00bdc3c7e8194f989ca5a
9208001538452220000,complete,f82ad300cb8030f21f304fa729319e72dc393b59a00e2ce02798c5af4b6bfc55,72eb739a6e20033840440943bb6e595566a8ffb0066f41ca1c7133ea44f1f2a9
9208004208120220000,complete,83e2e2233f4a23971c9c0c13949a6b486454dae9c39ed53701b89bc87dc35810,396712c48b40e126b035ff5e1dd41549489d9ee648f5ba84454517c7b7f16821
9208004208121110000,complete,c8a87350256aff899bc8663d65051c83ca10a2def780293f712a4209a8499111,858cee215f7fc5120aaf7b850eab28400cdab6a19129fb5b87d1ba81798da297
9208004208121120000,complete,2712c473ef40efa8f854bb8b16f4800224238527281efcb963f2feaba53b7229,41a4658455475352e09b6553a48da105d25cfdc6ba5bbec81c6646f255f70b8d
9208004208121130000,complete,d13bda02d7ccfd91e3c3175de424dbe877593326184d8fbae81b15bc04423f5b,2cae17693b3b112c56f80adb83d3ac6c76e12953e970765616c2b82c2595ab36
9208004208121210000,complete,45b8a42f54dc57836c0fc3ab0555fb5d75339af88a7869ddab753d24a8eba7b3,50f4de216c3ff0359323f8db9aa962755e07395fcd6f1667ce5010c7450fa1cb
9208004208121220000,complete,e814790d1fb96ead3a10bcc457b5f976e18da8fa49f870541370f584b8a75ec8,0a5c4bacb7c8f9f18a7860d3ba680d6c2654daffcb4fbf39f3ae3dd1fe1cab27
9208004208121220010,complete,41f2ad591a5995a09f46d9592b650e07bd95c3249d759e127de619c1eae50a4f,6c74ef6f33e0b0e4c516a5dc91b422217dc8565a237114fcad88e1eb575e6621
9208004208121220100,complete,f49dafcb3370c8b2f0e81977d76be4de333d5523cd6adf43b318f4488d77ea23,f2c88c988142b37e9fe7e322c5da2d70866be51cae5c8a6ab4b469565e47048f
9208004208121220200,complete,80773558a2f211d7fd9f955ad418ae2ffdbda1cbca41557b94509cfc7a745707,d8c29a5fd1440793bfc6b131024ec5cf4fb8083fde2e7ec4c9aa1085a78ad58c
9208004208121220300,complete,ae38c19b54676f04509e66d243bcc50248af87f417a14bebe5810bac5a356cae,ea689d85d3c3491e867d066ac4ee7580fcd03b37249f1e302971c918c4d5dc8c
9208004208121221000,complete,797e1a62c1d7b44b609f62eac3330f5c561eb014a4465a8cc36e4b8656166d44,b9e17afbffcc2037ab6dcf9799e544927b70ac61f6ff175c6f6fec5867a17e58
9208004208121222000,complete,24deb788c8d444e4b2e7a951221d0fa349da151d15279ded64bc87668817fc46,f4450fdcc85af2ebc1964e8b5c983895014df0c94f880bb2095acc05a67dc8f2
9208004208121230000,complete,f8202c2e72d4b3619336968b410f08614771b4f151d1b2d7453abdd4c2e3f74c,2599723658366f13ea55ac2065f1cf0ccbfc7cd209d465bd8627c5e36553553f
9208004208121310000,complete,3b214bd27675409c7d66f3fb8bd66444831289e3428aa32a0dad7185e66026b3,bf07c0c1686aef32abaf4d83455d27fcff13097f055f0b5986a7a8d4e5d60595
9208004208121320000,complete,b150edac27aab1f59a9262ca526684806afffeeda171bd48408dcfbbe3fc4b42,55a78a92cffb2acc3cdfc4782fe436121eb9019f083790cc92d823fcd0963136
9208004208121330000,complete,50ac8daba653980db60fdbc16839d0f1e9e72ca25c88a642c8d718678ee11185,2abf222038b6c65958bf62405fe31ee22403d03a4161e028132d041260b3ec69
9208004208122220000,complete,34b415255a50c1911800869e854c161c9482e62366503c2f30a5b6a2aeff715a,c254c5214130309fe2e40cee5e06ef25fd37aa1c694bb4844d8cd4ed12e271c7
9208048997340220000,complete,fbeff5f7270f073067cee354535430a87fa07cc14febc78644d7db061ac3b248,44d8cddf075f22fd10f48b8da685c822003bb3eeeb8209504740cadb0376bfcd
9208048997341110000,complete,bca4448ceb67148708638453acc399fae84ba457165803a489b1cb63da12bed9,99101c28ff578771e9e4da3e70354521bcfd8e632a03cbfa58ed7d1cc892d27a
9208048997341120000,complete,055bf31f6595cec21553696aacb6ded7d0336d040024a42c4b49a057e2eddc9d,d33cbac2c718df0346b9dad70d70f39280a855b44dd360c7202bd9a9d3e55c12
9208048997341130000,complete,f3453678a11db456d210dab1cbb9725c0cbb853512ec0753f0cf6433f053384d,85422cc9c02a68b8a1e8c652adba551bcc3dc13d2e287d5854e9d2019ac0d0de
9208048997341210000,complete,711ceb58ada0ceaa8e0b91d948fc626ca6afce7c6766cbeda0e84e3da45f8145,089f735e71392b1df1acc36ad6139547ab7dec9808a1be4ec1d3e5a061ef0539
9208048997341220000,complete,1093635fac0a7f287c9e96ee2cdc5a739b716f1ce15ecdc2b0f176fbdb534f70,7af2c9b102977fc80527ef82a59d74e5a6105cc1872ad52b71120c6537858352
9208048997341220010,complete,de1c7cb32861bb865c32f1f7d35b5d478cc20b3752e26f0ff0b1748af636403f,688d9f4e11b3d3ea360c6880df10e60f16ccf3c962f51380bb26a10d3df95f3f
9208048997341220100,complete,45b98c6dab2a7a084c90643a40ade5aeab4587d67338fc8bdef9b2afa385adeb,87f25d06d4cceeea99f4a2da4d055116a215b8581865e29e10eb192fa9eb5085
9208048997341220200,complete,a517352b0dcbdece7417fdbba3800de18ad37b639bc4f6425fb55c8293722649,9938581ad92ffc584400b183d4498e8bf472e52eca9def2951c7ca25fadaff77
9208048997341220300,complete,810c01527e9677e3629e32ce1c5be54b2d5141a5f6694da171fe04e91763c1a9,c6b6293f4c44346e7039a2e8438a1fa64fe4a640a9b79370e13743e7f04ff5d2
9208048997341221000,complete,e03349d71dc70a0fa6ada23ab2bcf2015c790787b2248cc744890de2282c5648,bd4607bcfb70e1b44a11d129c2aa076c5e09507a4a584ddcc6a24c38ef8b90ff
9208048997341222000,complete,c4c57252ce8b9964695d5481491e0bff1d76b945493c58b46f5303b6a4e3d62f,f1bb688b3d0464f236fb0124d574dc885163a87d790f01f576245f33c4d46bb3
9208048997341230000,complete,8485c0690b8aaae416e63e515ef07fdbfa264268f9819b5fa6c54fc3150fc3b0,75a3fc07d329ad7ad7fce2ea117bbbfcdea09bb2ee0ee0df571eca2235fd276b
9208048997341310000,complete,cf4ab3b08ec67ab711fcceed51ffd0c6aa4db13dec579fc47247e46bd2b87cb8,b1c48806287372b0562b5c621e6b20d4caf4b752beb258b54f6d654afca125a7
9208048997341320000,complete,842250cda8d20f6816ba855247e191eb28d418bc8c5e17bebd1344d1498250fd,d8f575b03704fa93c26e58984210b8a444b5c925845e752be84494244c346e46
9208048997341330000,complete,32de8ef66aa946c6eac65fb3e10964a42e5f747e7bb75907e3af2ed1ef6fd41c,5ae0af3588c320fa9943e974f3c3ec849e4e4b7386012ae109c209fffdfd600e
9208048997342220000,complete,9d214d6f48f6ee40e70bad43e0889406d4c38c20807d1468be7a61d41fbc3e5a,20238b5c00134c37bfc466c9dbbf424aef6eacc6096fce19445ef336e0c8d688
9208424510900220000,complete,1688bd4db4ce341fb20bce8eb2d80f5d11ae0f010bc4d8b6908f77a560fc4a57,a5a3aab4142ccd0064052805e54cec8a90127699e626c6f2bf02e5b2bf724391
9208424510901110000,complete,2022c362953e6d35ebe25b429ef3dbed1b8f4928dbe0a711a3785be3419e37e1,e6cfe8f0f9b1d947ab64d3c28697d76f3b2548e171eb10e915ae9ab24c059397
9208424510901120000,complete,790bf42687bc04d2c1f2418d5ee0b17a72699199ab49207425f014f11de0032a,913007493cc9191d4ff79c82cc293d64c893cfec31c0eb050ddb5fae42201bab
9208424510901130000,complete,746fe065486dac687f6588c25300a5e0d1c0a4b95e1fe9cbf7935bcdadb616a0,3a6943ed23bcbdf54ce5e2abe809a61028559d08bef8c3d335b75c62be998b23
9208424510901210000,complete,c590cbe796efcca6e332a38899338ccac348362a1a0ec52cfef84f24a64826ea,bafe19ce2d80877051e6a94bc05fd038d96d2e35a90c2aca9bdc5a92b6e50a6c
9208424510901220000,complete,8c20063e112f6562e97b2b182348c47f312a5a1aa8ca62887153168935cf24b4,e5a0c5cdb7f0cc17a1d0ce4d03e3569aad9dd19658de71f450447bc2bdd31776
9208424510901220100,complete,dbdbced16901255f8b9a452ed6fa89032846b69330d2e3209b0907dcb7e27b6e,d584b36ef8ee54dd184cb90cd22e8320d7eaa6f0a2ebca7236dd0cb9c4470466
9208424510901220200,complete,d620464b35804d24085787ea7d4a79c6d6d6cefbeda45e1822f9512430059c4a,97158dc75a52b5a35573e94503d2ad8627e95af22d1615f991158d75161bce2b
9208424510901221000,complete,cb690d5d25ef30e8e59195fad7597b71a90c64add6259acdab48819fe08e3e02,3121d2d1097b159b0818788740c6a10efb801395cae00d9e63b7ddab76b6ee8d
9208424510901222000,complete,d67d62cd5535ac246262fa2f0abe1b6e2b193a3cad0344e9ac156012ee42f7aa,8cb09dea76cdae69329157cb13c885109a5a3447910b314417b1c11749baa202
9208424510901230000,complete,622ca8e5864460487f3d310224a178d7f2490e82519f9b70db1f42a14f1f37b4,d207f09df372d119b034c599a15c925dc0ff7d3bcf9ecec3edee3ebd91cf6ff6
9208424510901310000,complete,496404c5711419e666eafcd51e65d86a506a4fdad511f7ab06f89388830f2019,d8ddf57546a925ff6d4ca3befdcbc072bc10e3cbf1f2e2db13c879261e48c69a
9208424510901320000,complete,7ea7eb0c727d6bac71baa9788d267bc667d391bd6f103f08720eb5f1b5d1eacf,1e8d2b471d51861c9d6d3d8cc82ebb944c6532ea4cfd55b75d6da7f970576173
9208424510901330000,complete,298ecadcf4f09ebb18cbbbc7bf6906561799c26f3cd76105ed4800204d3411fe,4230952ed857c1f6f21f2ac99147b68b3ea4f909e419a4109b78a1522762cc1f
9208424510902220000,complete,bade1547201959dc60c1697684bcdb1b04a3e1d88aaa1b5a71a582dfac653b05,908fe2810f037747d0685c4091194811cb89b817bb148921b7f1cb52ae3b19df
9209002281440220000,complete,547465d78a1e2c85547536e86b1907e2318a9fb0b970744691d74af630e0e402,5be5fb8f3f96734b465baf61f27517ad6ff258b6e2d4ff91f1e879e6ae416d9e
9209002281441110000,complete,80630143e3cfd19f946a0d1f881a92d2fdf0ac92e71742c81b6a76d1e2917289,8a12db47dac1fe3d067556b81360e971775cb13955a7c6afaa52ac44323aefdb
9209002281441120000,complete,4366844fa19bdfc92bd4246a2956c279c7d3e0043e5c99dea38e578989f6d9ad,01bf1136018688b4e33aa71d690202140659abc791788552f24fd69b3bf8b616
9209002281441130000,complete,c19541f3dca3d2dd0a6a6f3113921f92433df491a2eede3e9ccea0f4484fbb81,654aa2f47ae686f749497a59ae21a26aaa1c5d8c3d601edccd782dbd503dc804
9209002281441210000,complete,1e788c414f478ed98f59609a64a2960aef3d9d195ac69d7f446832dd90932966,af7a7474e034e5f3a43d394e93709ced6013cd2c30ea57d95a8bf17ceaaf0ee4
9209002281441220000,complete,f2328720d227afa9d614a999a16cb49c2b62d6f52c9458ed9c16cbd1c1d6ae0e,b8e381b98cf31395503c4d67f363b9695e6d33850dabc27cf6813b08463a89e4
9209002281441220010,complete,b5f85ef8893b7b0307be14a834bad8b3359037909250308ca7461fa97aa8a449,3082fffa7111885eb4a2e53af7d8cd63c4a4deb4c0c103962e5464e4743da514
9209002281441220100,complete,681a7f50088bcf69749dde726f52715a735256b71e09868184f06db47ee164e0,370ade36786022be12d37e5696c0f8275b61e2e43c51c12135faf68af765f623
9209002281441220200,complete,a117c77dacf17a187159f12ad9a3d82c98e540f2dcf6818cee4f89f59a9a2ddb,a1d9997be8eb5e39023a944997301f257e5835577569e2f10bb9de296c1899f7
9209002281441220300,complete,03f01013658acf00e6f01380dd528bff199d31397452336c2c71d688a87e0cba,b5711cef116f2ff3ea97b53dfd0337546555bb6be85648ef0b44ef84eb784198
9209002281441221000,complete,afca04bb00afc01de3d3b38cd07f34329d5711a85ef996878385d026800dfa2c,4980333c4dc15ba20cac3d803da31e2cdd5ef9411817bd5f1554e9bef2592608
9209002281441222000,complete,374bda0d39b73e6a367a0cf4748d62984075a68dc0af5f62ade9760ba5731116,97dd9a90b1e48351b9c5f49d6eb5f3961c69a6bcbebc8d5001edd6434c0bc467
9209002281441230000,complete,ef850f253b01eea23b044a31ddad2996a1eb93da02d1235e42771b86e9b0e75b,c4dfaea22029d08ab5f3baf1974f068e785c2dc0bbbd01f1e3b89e45ce6b02c8
9209002281441310000,complete,69afe3c006a54b91bde92d47ba7ed32088d3e0ebebb4fd4570f00c99b52e63ae,4d11e925a15d73e8f537f193dc14fa4c3cf83558d97807967138e0154a84a181
9209002281441320000,complete,b27e680d7a0c0c15ed0f117b07ae41a5bf6418bb9877d664df747c6e87041f40,6d824de6af62bc666cc638650e5adc0f29bfd265b089e11dd5a5a16ad6929581
9209002281441330000,complete,313be8a0ef0de315b4ee5182765583f655aa920796c1a47d335c8ca0a2167464,e26cc791281cd7755f591c650b9f65b82a9c1cd781679b442147f10a7bdb9850
9209002281442220000,complete,a47dcc841c8ba928531cfc16791f9d4d9f148dd2244c919d96b42f9d854942d6,fcaa86154a966d35028bd15e16b695f12a0b4a6f9cd9a2a9cba548bda92b70c6
9209007625640220000,complete,5bd14018148a973542bd25e560fcc43df16bda2d210d2b2e7c6f098cd08c5131,5a9a5abf21aa59356b5eb4c86b83ca61f09b040d1a9b1c74deaaa5c81ece918d
9209007625641110000,complete,6cdcd7fd955632e4f0bb70eaf5c48da771f0795562a062bafec712badaf661dc,ea7164bfde9b87de056c352161ea44e74492e2c32f47faf2920850b6f894baf6
9209007625641120000,complete,0e602db7717f33322c140627ffb49e90597ecab90257fc3c373c7d8687978c3b,a01d822fe88de14c9654e290c47b8922898b9ae91eed59174bfcb98da0c908fa
9209007625641130000,complete,07e4e747376f2a7691a788dfddf8f11247ad53c916f818835eb42fff95d2da88,38568994004e3d3c6b8d9916fb6d7527808da1d4e954906b7939db692d8edcfd
9209007625641210000,complete,c915b79d62ed1e49d34ad3095657b1f0333bc518fc2884d6c3ad4f696a3645f2,f78797e385be838e44d1b497934665a4c94314d11972ca64b1cc043d466c6c46
9209007625641220000,complete,8a3e060a6f11621dbfea020f1387190e3b49b18b050511830c6eee78f532ba01,9bf90da498ac7af1d1c8105523b5857111d799a9a135e829ab3d9cc543eb0c02
9209007625641220001,complete,487508f69f32ba866b4cc7d92c923c733f577c5aa9e8b0d72f41cf5ae4aaad43,8e361ed17c4fd845ad3d004bee6b2aa0c3005780626f77593dee2e510ab51d97
9209007625641220100,complete,1a3341d96a8f6db0664f77e78dc74bdb6176a0b57cacb9a6b7a718b75caa7e55,2ec79f8ff2ef0b7f35499fa0d02495abaf2241828d7a9efcd387a96345659cd4
9209007625641220200,complete,2fd2f007d919ac4e2bcbc4a75a5a86e79c2bcf58c2e2ca68f4778de6dba67c4a,854ac7d3bdf5be2d7cf6f33345e93f3179842b6d1195cedf0c50266a346451e1
9209007625641220300,complete,469e25303be81f5736bd4102efa76b8abbc78cb1864689f292fc1b62faed91f7,ffee987ddf7c672c70e492d0db120bca34fe48315731dff9e3fc5db66e57d10f
9209007625641221000,complete,c544ac29cbcdf82873b350ff5ea18c6ddd27205feb840ebbf22b5d4b8755d8ba,659df2bd77c835e7f9d3bdbe5f352b096eb45b0c698350cc72c3a77cee0444f3
9209007625641222000,complete,547f4adc768f20f98c813f3f9ae24bd9c76ef80b26c546d5092c81a85e1d8790,04726f8df63f4a3f9113e7253d89e232e7a8f1dc520dec6bce2e3103c32ae7a5
9209007625641230000,complete,f254c02d85e1cf0c12027becd5c23351d00ec2d13460912dc4b16095f743fa3b,da783845164acc3ac424ab6bc1b7fd5f52f48a07a8b5c8b15ca2e64318fbbdc3
9209007625641310000,complete,b1704026f327fa688de3ccf8c3a2e51218a8660ae7ab768f2f6625cc3113eb9f,f794511397cf9d3ee0d574aa94165003b8f149af431a5ed2c09d1154c2b733bc
9209007625641320000,complete,18e6b213e0e9ce3f9f7da1d217dafa28a894909af5d613417905b31ac2375219,4d4ceef634e177a37523d9c3ed6dfc6afaefabf0e082863611bfe4d83cbe10b5
9209007625641330000,complete,c0d5619f9232244353df3afd5289def9a5644854fb86f5e74a536f06aa6d239e,f3b91072bb4184f908842f5307f802400707d1d205a4e5e2930e2a13de994c68
9209007625642220000,complete,002ca2c756e178281503a5f173035ff32310429b5dc8154d3f32bdc166e285ef,e503f02936fe0e4beeabe94beb3f82975d133f37503509603d0cf849687638a8
9209025145720220000,complete,3484ba4ef9f20934943e6b35f74ae655f362170b708f1f7f94865dbf04e1ecd4,12ef0530fbb471cbb86c61275efb149336682eda0049bef1e0e2d45bef1e6541
9209025145721110000,complete,a02ce89c6d2b740064a0ce1777f0b401674368ee0ac31ca02ba6bdbba3dc45fb,2906b74a94854cba5c2cb17608c11c328cd449ee8edcc83e98b352fe234126fe
9209025145721120000,complete,60f8ee063646328ff9fdbc1b93eef981cb4150de3e017f1c42b8a1fffe155b05,e0885f53e2949e20a76b55c787fbcfddea15fdda5ef0716761660e9c2a200d0d
9209025145721130000,complete,83bb3f289930424dbde3e6f5062a82a712b0eb91fa402598cca99c7702df2029,717d1b70a8c56f1e7e9d221c26243e5043ca0725d46e1800a1fc085f2f34beb1
9209025145721210000,complete,b4b9eb9cc69f694c065d8436089fdd7ad133bd7c566bdfe333a46b011aaf7afa,267c58540b32140825b4f9e009e6d408f15c6737d3aeb9806ac7818b3162303d
9209025145721220000,complete,84314ab52860c3d170e4183889b587d919601579478251065700a0e156b6ac64,ab4ffad88eab1f12f231435dd1d685d8e4bd90b21605348d499a81aff6897164
9209025145721220001,complete,4a23fe3314095c43713246e8b26e1577453494c48e5c5dda78be8611b916c917,c7b627813e6189a2d125f06ca79f7c21066f749a45c561ea35f3bdef759ce0d7
9209025145721220010,complete,8370283c877863b11b94da5ac5eab6afc3e1e9719e7a3291e89a533a0d38c126,9238a67a1dfd50b3a12cc8106681d54a5a3f8a1ad1bce7040462e84e49daa9bc
9209025145721220100,complete,5dfffcb82e3db4437dbfa8981c345e74b763ddc4a539ed3e81287175f57cf8de,6416a2cd7912e92f7ab77b7fa3097fe652cf5848908f76236d0dc2993b9d5051
9209025145721220200,complete,0160e37ae0420147742b709f047a270d7f6f71def10470ceb155089d0f77f171,cebdaafe4442eb79e7303fd116ad794749dd9aa0b7f7fdea2f3fce39aa4786e0
9209025145721220300,complete,e0706e231d68aa5658e0a4eadf9378d2a248fa489130c04decf5e117de6eebd6,446bcc5ee8f56610f9e42043411f723fdfdd759272e68aa246b36eb7d7186018
9209025145721221000,complete,e085dde8aaf3f0f8632c32f733890f1b97327e3c2ee8a7597f75db55ebe1180e,587118b0cfcba0f9f0a6f77893a8dabf4599fea85edeab8f3a2aceeef5d9d412
9209025145721222000,complete,692c3c8a1df5c19ae28c5baeb50764064b4d7efbc7a42f583a34c716182a585e,c614e7f2c719b6cebfe86bb279d610efefa47c7eaa450d1f37720ea4366d2edb
9209025145721230000,complete,c46428eae3c1a13342c4b87d67ea4c2f07f1b08b5e58e74ae19ec37444f43cd3,b8698dd448826a6f456f648a462e520bd4d099aa6f4219398f93b7a07fdba3c3
9209025145721310000,complete,fd4c5c16591e3ba5b17796c20a10a71a895d6f702f9ba2dbb227a8755687de15,758328718a08bc645340c0c4a82e623081f5184d227922d6f4c44f00e5316890
9209025145721320000,complete,ea2fcf663974db64b4dfb79d682f92f40893bf2b824d5bfeb4d3f77354c2fc2b,2c10abbf92dd59c8b1cd6fa5d3d12c1428b6b1c10b0ed0b8e318a29f5e7d5734
9209025145721330000,complete,9c757861342bdb78ea1cbe0c12076dacddddc9d9b0d29dcbaa2c085df7274f1f,b1dbccedde8f5beb4e3d101fd0b0851fce48897edaa808a575819fb2409f3d13
9209025145722220000,complete,1a6affe8c662e6ad1615370097a2d343372a2997a6c1d7a049160d1bac0d3741,404828554bdb2b66dc4dc4bea0b9957e0742c452172ae59706d67ef99e0ab604
9209510160500220000,complete,62922de4a8d565cdab2dd825bf74ab5c4d1e16088ecf44f4765ceb255e8a13c6,19ac9ae698e478d1f35e5a437194993177ea9ca3d0098d76226e613a0701fc00
9209510160501110000,complete,4899a4dc0339f4506dfdafa56315a4bf017837c7ec8b1f845acc67320b9d4845,86946457f23a192a6350ca9912d9ccefcec28902ddb21c3ad2bf7a0ed7323d0f
9209510160501120000,complete,b509a00af5b64046f5c82c5e16fec671a63b6213fa2ee75686bf11b65041aea1,db6b367595297d200fca61a0d36ad0abd0d5f59ab54ebf3b04a43c1a5fdfad8c
9209510160501130000,complete,b502dfd4f564995d60b2784aaed7c00b341fd0b7f3b48d40e6f0b8752fc206d9,79163d745cfbb357badb8fcac78413e0d9349b2fa7fcffd8a4f4a85bae818883
9209510160501210000,complete,60d921fa75fd29522b2d36819bcf141787c7faec2e8e8996cb303d2829509d03,ca13b7e9cf01e52e40f5d34a28ca747a6b4d8ae5f61fc80c8fc6ff6ee6e0223f
9209510160501220000,complete,fbe23535b4edc520f01d378a74c0df8af243eb76f4a62dc5e8eee7d4d8a2811f,65d0c69e89bb64902d7c19d3af5a0f1a6cac92603b7d74135b7482547d927f36
9209510160501220100,complete,546b3b586860ebab28d026567120fe2057107612abf92890586db4672d3ea112,cbd443ec98cc4e980084f4a19cbbe43db24046d3fafdb875322c929a9b364dc6
9209510160501220200,complete,35c5bd0be8af06b4d9c4f39f3a61e601aebf858d5e83278e15159c0777058923,93935bbb9fe12d821743c05f3c4daeb3ff4cf9ce08b462ba64ad2843ec867a20
9209510160501220300,complete,82bc6b1840be13f6f64b5ac83f61f93d2ec862985566dda5150f0c780d0cdbb8,d6546edba530932c16c4eafec4392997e208dbd7016bede1529a671cf4039746
9209510160501221000,complete,e1df40c1e900cedcb9e7f2282a60b687bf2e51dc3ede844e7a1fedff9b0c7cf4,ed6043d793addd37a87459c1fdd0199e73e22edf0a7d1565103710484a5d763d
9209510160501222000,complete,7f4b06f1fb6c33ca5a829226fa5755a6bd693622f140d1c97e3147554f10cbd9,abbad5908c2026074998d1d8d60ae9654468de67f6463db2728f9b44034a4c76
9209510160501230000,complete,8c45533b663dd829e2f616704d524d10ebe7142ce76ec55d56c3d0f3c8899310,43c7bb6ad2f2dfff74992258d55aca44564f9967652b10f2c54bde895d51de6f
9209510160501310000,complete,30a95bd4ce25b0b967d9b2f5c250a64298d43e6592f0c38b848316aa77fbe9d0,a467c1adfdb2a19d9cd1679c0e3f287087f8b051ec8b98f15b3bb7c1ca6a60a1
9209510160501320000,complete,9fb2dc2ccf07b7e5f91ca608e4952bee52fc2fd9c0ee2f2e62de0d806d810b39,c35b2a1126a157a573ab22b989c3af4f432061d6cc348fb1aa355b451e601d8a
9209510160501330000,complete,f6a41102f37bd5c6c07835e0489cdb915f7ac6867ee4df31daf939995d6c605f,301e86938a1042bf949d0397940a2e355a5774d171b9f6ae6bfe775913705da4
9209510160502220000,complete,691d9d38427a0e73c8aef81892c98a4903ad97d9596543b1fc80d7ce297351d8,accaebb769e3e863d850589325cb586a776ad13305c7b5433aba5c455bff57cd
9210015453550220000,complete,2b3403d129d1a02478c5a6abc8613a4611814b006a038351d2959811d4af93e3,2306c3ee3b878cd07743d9b5db448f8d2d4fb482807785e48022d35f2595d2ea
9210015453551110000,complete,443636e802c155e7b0835aae0275548a796f52c910a6f25867c469dd72a0c880,3871fb788346bced1bcae8df91de2d27d80ea133a0866b120f50a7a4dba6954b
9210015453551120000,complete,a1f820aab54d42fdb724dd50fdc7895061b40631d5b41021919c5e6947fa6a11,411e95cfbf3d701c81f9974a663cdea35cce9ed57107202b9dce894f9d99aaff
9210015453551130000,complete,0787d3fff2fd7e24c99b0c2c6591753bc3627fe6f63da60d0b37ead5b0606e3f,dcbb38751ed6689c849f46ad76cac533d6cd114e14ed552d2446de571ff3281d
9210015453551210000,complete,3a9ee7c6972d48f3f06d5a292f2e736857b44ccce3f70dbd9e63db459ca74a5e,75b3b0f239325fda586632d969ba28a6c584fd2b1914708c02ad3c5574ec8e52
9210015453551220000,complete,af62a677639002a5b33adacec64a125a5fb78199e6b56f4eab64d1539539929a,faa776cb7b4767fccdb0af1598e4c63ffedc0303f42a9b24058e6d7da731fd94
9210015453551220100,complete,4289066bf89ed31874cac87492f391d28cb6bc4e8936e62a9e7683fa1748e699,fdbfe846ab3ba4e7298fd86524770357b005c248c36a6616da6094b3de405937
9210015453551220200,complete,d4b443df6d956bcb61d93126e6e1a28a0ac2300ae964461865e6c2bb7da42a4b,a266415735addb0edf7fc87553679d100d78d98b0ef3ef9c9d77ce2af93dcd5d
9210015453551220300,complete,177a69a8fe53aaf2395f65677048991b05efdd5a0b429adcece142321562e614,29e0cb3a8c9eae897888c1b6dc5851b84ff1afbdbb3d168089c908e4cdd09a72
9210015453551221000,complete,93be23bc652b9437e413aebc1f7669f5b3c0c06a39203b71996bd1a499cb0771,6d45306366f4279841bd1c0ad171f670b66eb2abe863fc4e8def4b47c26d2340
9210015453551222000,complete,da69959090d727ca699a41d2388e97df86b0a8515a9419118027120f62dc75ad,72119d562fa83b95743c2f78b34beb5d8fd999186dd3064714acb57cc10fc947
9210015453551230000,complete,9c895382f48216abf77bf0b3563f7eb056cc2bc365628926b3e494c6ffeaa6f7,ee2759f5b025d68da3b78ce7b032c84a07ec664701e6f16eceff4291b8d51150
9210015453551310000,complete,50cfa8239bfd9b119afef39bf305c235d346b207f1a90fafe1c61de20880f46e,a6c6908114348d8884ed71782023ffc888c7daf10b766f6f145cb10ef6f45633
9210015453551320000,complete,32fb73251d063d852d48b1d1728bab3715243798a29f191648a74fa264a77635,0c2bac7b98c83bdb8e3116cc5a3fb0ebf071b884904d038fb713ecd227cb32d2
9210015453551330000,complete,cfec33e8935bb86c7834f08047e7008cc0622220c2fe5e8b0701363bad926c7e,021163af214de9d2a2d6885c013d14b69df1776e79ac78c4a86040b314c9df0d
9210015453552220000,complete,5010917fa0a646033895152a747e77735363d29f5f060e72bb2cb6f8425a7535,9799c074ee121f8856b31135fe2828ce1fba66709918f48dae9278e83fcf29a5
9211022426920220000,complete,0cb47fa3e24343dcd8d38869bd3c2d15ef29c5f2c54cd1710501bf06c161990e,61987b6e1b76b32c0d36b85168ac03a4169283e649dc90bf61882976c1d95a08
9211022426921110000,complete,dcb803962dfb56a7bf6afd69e9cc9c35ed97f46c47c845c76718f5349db4bb1f,02e61d518c478cfffe4e77b093da54c127b3042426c1b8eb313c5624cbbcb274
9211022426921120000,complete,be6eb09358776314c334cdbcbe5f8adf5c96d97ccb9a8a3681e07904ab2f413b,81b838ba0ebbeae5d4fb818194b11ec36ef2ff92432095618897c8e873502a31
9211022426921130000,complete,18ba59eddbed9aab24b1da38079b952714a44b82b8dbf7ee405c5ff75f3f0adb,db4212d148d3b75cd1d28ab4ef3773d37fcb8bd30991459ca347adc5d8aa02cc
9211022426921210000,complete,5e0e18e1ab8ed26dde8b3ff53657dde70ae9cec9f140bc34e11131e6a6cb2f52,59820affb386f9c3983a4ea5706512178d4649e294c5608a15d7c42ff242bf20
9211022426921220000,complete,9b4fd4549caaeafdbd45c3a0e4bb423ab0919fbe4bce8feeb15aa371033bf289,537015a847366b3a7ecf9f0cb018d7b5bd9af2740ff2455928254f2c436006e7
9211022426921220001,complete,5b9fa72c8c41f26896a77ea862520a3883ebf418c379b31c0b9c1afd6905c33f,c687c67afcdbec94556f46d0100dab98ba73cf502dfb5181a6b343cb2156b68d
9211022426921220100,complete,a146e12d846151bec1fc6a83539afc11daf954febc6a6ee45b1a848665a9adc8,cbe81fcba8e6d94355d0fb55a2d3b272184e9f15d0032a1b922a8e4a65dbb4b5
9211022426921220200,complete,f1833a9db8da70f8cd0ef89885c0dee712a91dfad1610d2682325d00b3ee4c15,1ba2064928e41ad439dfeefd301047c7f67cb8d60a32c791870e0676923e27f2
9211022426921220300,complete,f744d4edf0149c0a5823007099fc21bcb0c62efac32151d074300965626cd439,b6f8a240d46765a4bf35f417b1d12086a5b883e53ff211cb67199869fb57840b
9211022426921221000,complete,08f7ab0791ac0a64412cd7a5bf4c9c633ef324919d3c047d56dafdae93ceca1b,d637eb293f8b5a8fb00cefd7deb033b5989293cecd4fa527855f4c8e461836ff
9211022426921222000,complete,6830a66faa97356c7ced300c4427876f90c1772a10f19ce94c46afdb40ec2c99,894b420c11c2cb0c6892ebfc46896b65380f1c973f47643b6178a6a767361437
9211022426921230000,complete,8e7efb96353a0067cdee4f6d792e28d78057dbeb3d019e1f8d787df597748e34,78e9fa781890abfc7829b13b13d8ff97d68592995a8ba197e5183df307677de3
9211022426921310000,complete,ce2847512a00f2a6c6e7f39635c535c711ea78bd18a1108d35badd7e812ef094,b1bc25a46bad2c074354dfab68c6f8be89b738e9b6c8d1c89b4bd061d07b9840
9211022426921320000,complete,dc589a37548cb5d4202df9371b262b8f1069cb5a22d676b0261d671a8b2ae4da,b791732a8618f66b669c35e63db5cc051846d843773cb6c91f261afe2dab0a6a
9211022426921330000,complete,e4353cfe787f3b74f600badb56a7bdbdf970d5e311d3fd6ef0146e1282fe059b,b148a9ee11fdf5e76608c9c04fae2c14a8760637f19f49a1c3c050343411211b
9211022426922220000,complete,5b2b0825c1dc3607434634a0f3c158a2f3a5c2113ec98341c955a0694ce8b447,6a48880872d1d8b065b9979c428c53d7a575a67f30198404aabe096ade325358
9211023464720220000,complete,e32816fa337eb1af03e4422143704e8d2cfcdfc94ee3a40dd477b26b582a03da,f6fecb8db9adba7c53824bbacfcfe3baf52037ee89076f70d159d0481f03bdeb
9211023464721110000,complete,d7a6b62b59ed0f88650fba5e52d591e5de9928e7912a402207cb7396423e678c,76257739e37ba65c8b912617600fa78d30f1e41fe8f63ea7f10482257515bbc0
9211023464721120000,complete,c506813c0d4a04a2de9b64b8f0ada1e73282fc06683488ca76bf2fbc127ee15d,ba3a2ac3b7316fe55e49772a585edc33cd97c5e657961e7f3f3dabd695c1a942
9211023464721130000,complete,2e11995f00727b2f8756ea51dfac7dfac65e781d2354768b5ed03eb27a3c7ee7,3396b30de860e6da8e8260c8b5782266021ccbc2dbe249cfe3a134d09a6c7b4d
9211023464721210000,complete,32a3024a75428de58de74d028ef8591e70450fbcc410118c14db76febcafd0cd,c19b9c127758ce82d1ff73f131d0c1ae6c6f46b7da23e612237aae3dec486134
9211023464721220000,complete,105f83724bcd63963facc1f6604867d83e0b51c8b6fa1c2f8294918886267b1e,b3be6a7587d174ce443f4376b476d1871ef86f7ef62d9194b9e6c4fdb0aa863a
9211023464721220010,complete,662ed09e9c40fa0f83940965c046cbdf0c891913a6f8384c53705f6124761e05,ac99cd706741ab096010c4654bbb36f8bf8e21f7fbbdf30b3b7f9e699325abac
9211023464721220100,complete,868e0a7da3fd5c78ed6bda9704d61feaccbaaabae695c22c303063322fde13a8,90ea6de29ee45b803d916c6d0d7d6f6f2c23f9ac61e172f23a4388daed4b7a2c
9211023464721220200,complete,e3cafda8a90cbd4d29379f81bb615a937f5c5cafec198bfac0740b41ad7f987c,0584802882ceb558f7fafd964910356adefd0bf005a16cbb6046107271282465
9211023464721220300,complete,7b9243c57404c46e980865356ed9675f9a0cc8ac4ba536426a2d458ccdd1d014,af00f1cfc0af39662523e2e0c17d0c20a69f5f1e6bf71cba452d4b3cae9ba89c
9211023464721221000,complete,44833da190806baa1b6db7d2125561b35239955235ce8ed81f3db84a20499f74,c7b0e5edca582ef0250a3843e2335dcb26dbeaf6663bea053689dd02e01b8a3e
9211023464721222000,complete,68b4c6cd06615be77cbbb2e229f8c004f45550d9b8024b8693f35c8e7797dc5f,0ed37945262ad1ce73108f35c731ace57ef07f40ec14044b8f7fb7d4cb247f52
9211023464721230000,complete,c6dd5bbf6560a7da0cb7a4c879366478c9fd538a4318a700eb57f9be40a52324,c02b514bc7578491650de9d626d6a4d2e312e96fbf380929ffe75206a5607404
9211023464721310000,complete,6d61f58bc3f3c9e27a769f5515ecf1fb3bf9a92da22ee2bf5d0cdb3f9c31ee97,37259e8a12eab213333b895e4a08a562b21e09077eaa6b3624926d60a67942c2
9211023464721320000,complete,540fed1a9b81b0e905b4fe2ed33f35a7a6f26208fc0d15b88a0c28c65ff234c0,4d747893dde05fed6cbe95e73ed2966e1e99483a88afddb347fb1fed2671ea24
9211023464721330000,complete,7ddb73144232375257b276d3eccfcd6f65b80e57e8e0653bee74b68e0702eaeb,273fd30b9ec1ce8d653dad940cae66546984fee2202dca3e201bc826570c2f62
9211023464722220000,complete,22d3b58fc02e67cfb18680a07e1e6a098149b422e6ac9e92e205d065785f5bd7,a5b60be51e7ff3836db079b664121a20382cbcac9691599782e75f8c3200ff35
9211085050750220000,complete,3895a1a60c71ce644858498f760a3704f7ee1610ce7becaa1fac49b7aa0fb17a,b4f6e99a3c78e3162f9a3da1a896621b58d1eed715e205bb407f8c591fdbf131
9211085050751110000,complete,f23184e012aedee85519489ebacb5fcf998d0fef76384686416ea970abd3284c,3bc433fea3a0a6b3c38867ef0f09097a729f381e2b8229d7c688375f2ce8c35f
9211085050751120000,complete,0baee24ecac13e9aa66c12df35fb5da136ad90f76f01ce4298ca164cbc852726,e1370ae745c6cab2dc13857f79ed2f5d1a7c418c9d5f5b92dcdfb39b75d85600
9211085050751130000,complete,851ad18c9682fba61578a33c15d383b439becb802a939fb8d7d457043eabaa57,a39d3e83a2a4ffc2d8043ae71e4d4b5742449e67f19f6b2303cdead4d7cba6b7
9211085050751210000,complete,837a9557895ee2100a1b524684d512fd969ffb905b462e276fe4092c4342b916,1cd7420992ff2811ca318446c580b6fb4fb892a92d2d6a22b2ce36e046ac4d29
9211085050751220000,complete,9c1a9415eb91f86970d129063265c420ba337b632135506c55236419be894805,ad77e085df069cace34e0f0fcfbe385c91dd960727d1df9cfc90a825d1516d1d
9211085050751220010,complete,0fc18167586284e08a701733b2483bec4b37e3d435f0b6dcd8467a10d19bba39,cabb0d80653444959fd0872c8e6720b19cd375d6371d72f3e39f55e079dcb534
9211085050751220100,complete,919f60ef70eb496da99d3faa37003f8834756d93af8561edff60ddc415753bbb,3baec6c7b6d97cf0b8b9306801257463fc1fcff2dffdb4f27a3cf3f944b7cd18
9211085050751220200,complete,3ae42b75e03f38657ff4216a808ad585c55ecf5b1a72b9c5c8a0d108cf8c73e5,e2f60f4c4a978490ef3d92205dc0b31f478bd5d80751a584f6c06c6c0e7cc0bb
9211085050751220300,complete,93489a0731afc7e43ef2d40caccc84ef2d0e6af82105caf2ee75e5be4c2f4e1a,2823f42e87e969340254b2a688718ed3d5cfff60ed0454c70e6740e0861d61e7
9211085050751221000,complete,5d4778da0681d1b78b2ceddddf95dbd005b10bca83c24cf398409e2a2b383977,80b0e9a29481609e7513f4d4e5ab5309974474ee6671e3719080d35d472a99d0
9211085050751222000,complete,673c1f788e5d224909434a5eaaf478397bf408537bbc4acc32dc398e1f1e58a9,43014737e4f389e69ddf1c0424a279888b0da8f15cf8fa20e6d7a5a87fb15cb7
9211085050751230000,complete,0df34f002f96163e2f6ea58c1bc430e60e51a9500485c7f43b2c9aba12bb199c,6632e6e1577d6e2bdf8dc9745c2485302bed87a3c36fad36852494d37a3e6ef3
9211085050751310000,complete,fd35db7d3636f06b5b2b87d1f23d36c7506bf062512fb98d1d9de7c690694f32,9cb8c24cfa3f10e22f5b97bbd6f15c32e3623637751af91a3d4650057ab254b2
9211085050751320000,complete,2efcc6150471d8adcc61d74f38f1e842bf3b82f7a977d153221095f4992ae131,2aa8fe395c3ca53361a60c758921967aa081e6942e952daa75194c15a2bd2c90
9211085050751330000,complete,e8398d0126fc26dec07c8f7c5cccddc6c1a4232d6cd3a2125ae0709edf2e06da,e640dce42cd5c8c331af3d5c9f35e7c65d4588f164ad0aca4f4764961c0740d4
9211085050752220000,complete,767bd2f16365eefb9759cc37d197573b9881e54ec6f5da05f16566334b4c4edc,93a4abdb3dd7bf6e3359a13d4b7244a064ef65d57691df9fe3f4aad3df34d18b
9211734239620220000,complete,7844a37203c6fbf03e4d4ca010dff13179c29a62f492f0dbdd49f9a891513b6a,6526d220177ac981f528281ff983ba6a7ef24534ccaf4279b57eb7f3f190d31b
9211734239621110000,complete,5a886cda05db21477232c171236897ceeedf5b1f0b8e024df35552482b0d6417,a3230369d39cd706a7f2b5694b622c246852635a2ba1003d185ab1c2c0d78140
9211734239621120000,complete,cee3349ccc815995139a93da2e270285aac4ac91103493756f880f4273189623,854b341354f2e31ec9118bcb202913d46f681fe276cc912aa2d736612beb65fd
9211734239621130000,complete,593bdeb59a847bd92847c4604066553631b8cb597dc11eff041114fa47fb1a45,e154f81ef67659b3e335c46c3f6d9b30460a0997fac5c5d27bef32d0a9521876
9211734239621210000,complete,d42c7b6df26c93c7a9ee654ba646288e7ac54c31e7b862f97e5688af823a26fe,f175bf10d1a14374a3a06bfc9717cbe5da8ead47e16e222b8570acc8d3c9c299
9211734239621220000,complete,ea7214f2ac638727f873bc178ab53467b07dcf862342e6f83f1dc87c54459dfc,05c89b3ec3059e8a9fa8b8bb00de1b591b2bf382477c9258cdece318b68705c5
9211734239621220010,complete,7bbf5f33048c67acc76618e156b4ea6f3cdd1da6641dc9d9a9d75ebdf124cf72,b3891aa9d317430126814f9559f6a75ef3f5544d34c710d8c380e6c85340fc90
9211734239621220100,complete,e2138b8641e6de2b51f73049d6a1a0b20b1c8877ea9e526532298109eaad381c,903447d06f33e3f66cd33c20d99a5502229f0858621010d556fc5c60cce1d345
9211734239621220200,complete,3a7fecade9945e5ea84486f4ef657952c1b204c9137d9aa27a002d6436773e70,561545babf1d887f1145bbb68119a1aa73d3df258451c3bcd7a681223662b8f5
9211734239621220300,complete,43ea759bfa5dd05a90ffeeaad4fe2fe049cd9ac6f6324e8127208556543db5b2,bda6e547b68b6eadeed75fac00e43fa778c934e490c7e52169ee91f888586bdb
9211734239621221000,complete,ef1fcb99ccd18765fdc3c05c9a2b410a4dc6e4ac5257980c77e0b5d40993ffbf,e81c294f0938deb416f4dc0ed48bee1eece0af104c67271c623c04dc0d99890b
9211734239621222000,complete,2685b5971801c6a8061455add334557e449126173f389bfef72fb56bbf00edec,d248df13f33c136273f11e5f7295f87c0c147011a6c4bd706acab666859c1f03
9211734239621230000,complete,ef7bc3997d5fabf181d5c16e60b4d94c3d652d669881b5e80da42931d93b74ab,13cbd24b37ad7923a7073efefa4d1a7af9ed62c5d0f83aad7ee8859edf34328b
9211734239621310000,complete,64ab63ed745aa4598467f306202141caf379ea397a8bc18762a085713e174037,a2e3fab6ca29c990ce12142e2345dcb8a5c6b2e3902e96bfcb248ffa36ad3d6f
9211734239621320000,complete,ac105f805b2079eb4276fa6c9428bcf1be93ff898ec54f6b2620d99cd8489d4d,6ee270e73226bb3391105b96ba8a76e30a26f020eaa943a5ef2ffb068b1e2ef8
9211734239621330000,complete,20a30dec1ea24f76f4114b41ff2402e4b864758954143f1a174798fbfc29c35c,4d2bde51507ecfe867b77bfbc2350cf4e7f58681e9361256bc0f569afa4d6fff
9211734239622220000,complete,b07700e62f0e04d7912b34b7c7069fd1d9d96f7dda2040ee98373dd40e676efe,3d78fa412e2581ff25e7db2c6eb2daef0b51a38a0c47ca44b719467c7dcd5be4
9212011942720220000,complete,a0f8c692faa2e03fec5e4af2dcd038baccca2e225cb5230293a59968cf9ac668,7b70461ef8578f8646cb1e21f7fe1818d56c7e00bc444435bd1fb5084097ef34
9212011942721110000,complete,df828482ae4e5a2023ea0e2a0358888b7cc96b000c08299479e3b8c0439a45b1,8bb344d47e6a3b3e737899991d1325ec42794fe1198171e522eba4407353790c
9212011942721120000,complete,537e5b62f9ac2fb64007b6056f3e1fde8381c29f8fef4c0fcd17e687fa0ec1d9,df0a15e3c6476294595f9f2fece1b41d94b756899d36fdce6a9c53e7dd277e54
9212011942721130000,complete,19fe8eaa764158e5972575f1ba65bd6b8446723303698405dcc9018daee3e4e4,82ed62fc427278788580a193adf6f630ea481aee1aec56461bd7ad1d1ee0402a
9212011942721210000,complete,15b54dabe8f0050e7a476cb93be37519c50ff7a093ace2a6ca1f59120b37fc9e,5c32029f58363fcecf9bfef8523f1b4f180fd638fb0b974c0afc710e4d4e97a0
9212011942721220000,complete,df8f2de90b4624fc3f48c78bfbffb531976e0d6d3f60c166599331e75eaada28,6c55cc5fe2e05b9c1d0b8bc27485c97bcd34ff941eec9c7a7f1e7820329a88bc
9212011942721220100,complete,938c8c16c136a78a5ee4df631e697f690a5d6fc3253eb121a073738b4f9df165,4cf7938fcc72cba2a9b910aa92b435431a64fcaec6ddd7db5266fab338bc9609
9212011942721220200,complete,f55fbf4583753fe98d246379c96c28f55b9637b004ab883302bcbd321cf1611f,2d555e097385600cf67fd1edcc7fc431f18a689b61a43e3481d2b40c70bd42b2
9212011942721221000,complete,c1c77f8a506aceed2cfb76ae439745d777aa4083b7e8fe8223e51a92a44eeeec,28c3c811b0f3c714607249abacd8c417a03a69eb8c00c40c40989baa113e4485
9212011942721222000,complete,a36acad067607da3bf2a177b7f048dbc9be4778e0c6a5952a681b6b99a8ba038,3da68e790621a7d346fa931782d54e0ab3cb08baa5b1a05a0ea1c6d114c2c292
9212011942721230000,complete,a7f0f03c67fd0f4bd0cf307e5254d8ae447e0db9089dda70996ee1323ec0f3c0,fa1c395d5af587545c5938e5a2f501220f3c0f3cc209f937f14110ec6246e99b
9212011942721310000,complete,00ef4765e2ad1d723f8ba827089041e44b62099c4dcf7971481b6cf9d1564def,3277df6f94ee5dc9e6a412c8b67b9bdacdc6e51038dd9079a6e6476bfdd7f6b8
9212011942721320000,complete,3b0730afd8685c910102b08af6de294aa1fdb444aab76527ca82f4a02be0e3af,3876d9b3bfd70ad4c953e77eb2ab15a0b775bed9f777dcc6872d01c31cb05fc1
9212011942721330000,complete,6c65906ac2a03244f2dd3db7623799c5253273fc26d6ae762f2cb41018971431,00b8f74920a68173f6ac3a2aed6aa47aa4f7f6a192e0034aa7d46a8eb524a42a
9212011942722220000,complete,d52164b1af5c67d9191e4ed789a7122b8189b4f86b530d8da3ca473cb0185553,63ce92a1a687a4101e2485477063621930c694b51d45a58a83af8d003af5598c
9213091550880220000,complete,43de0b27a8f9aa73a95cb4abea51d87283a6d97ec70a5b8bb126364e6c8bfbd2,f1da7ad77e173119ce995a2beb7169ecf0e655775980d994f0d123d030ddc9a1
9213091550881110000,complete,1fb372bc8212787fbf5036ee5f77569dec424eb695eaeba5c2a868d41396dd29,c2ff69d2fd0433890a2a1cc5a733a44877b0e84742099091f39892a6f3b6f8f8
9213091550881120000,complete,2fe743566dc03b68bfb73de4ab542d39f4cf061a31033c3634a794c4ecda4f3b,174d3de738b39c8e440553784aaa3f87f59e86cdb96ff4a7d3f0f535e98dbac6
9213091550881130000,complete,09463512ff391b4b01a04b47a497c6210f8403ed68b8e96c275fa42be57a9c67,eeb738c5c2f478c9376974d985fa5349863fdda28c595942f5d18de39801ea00
9213091550881210000,complete,e145e812abc35b4c8aba94d4cfb5728546b732fda7b19a18084208bf4df064ff,979d48349def143095bf1825878f4567a449eeab8f21e2cb0cbce2c88f8ee56a
9213091550881220000,complete,f5f3c5ae65330b3b48dfed3346575760b6255fe404812bb70d8a68dd87c3359c,c661f6db5a6cb65d8c78f93808bb2c24bcfe29b71ba07b6f2ce3313f44e80922
9213091550881220100,complete,f2913b0cf4f82e382a9c3486ff54cd28694661bd8012e7b2b43dc864e5c945e7,80a1bf035e02d9a8ab7536da7b3193eaf5aafae1b4520c1c5399b41178dafa56
9213091550881220200,complete,502c093bae00fd9fe58a929ed7a374639ce8c5b148284deb594056676c5cfa24,66fac826b44ed570a93f50ef6099cb51cebc40522d3a6e1580bc3411fd485f53
9213091550881221000,complete,111d892627382848ceb612ce57726af84dd501c6c59c89bdfe211bf88df2f55a,2a0bb447913b04e8a3eaa2b49271e49ba4e428eca65e7703482184f7755e4b6d
9213091550881222000,complete,313f221728a89c29ddf64de2f44fa68fcc364230237030f3d3bbd52afff2b41e,28d5670144637f2666537c8274f4cca2853bc877ba921e56fed5a9f748ce40da
9213091550881230000,complete,578c3c3ddb252646d4b507c4586a4961437f0cad191f6db5b764cb1067047aaf,58a26c544e6c4482d753dfd6d3d47b12a4006bc2a81701c4d5e84fada455bfda
9213091550881310000,complete,fa30ad7eb78e10dcef34f749be3fcf54e6989ae52365de690b27e6d0d2f455b7,1bcf14f563a61543a4014a4d21ad655d78b77e920ac9d0abf86280edb633e798
9213091550881320000,complete,15873db06a75d5eb625ca8f65373677332926b347fa6b1e60cf849bedce3d6d7,529e68770ce007bdbe683c8b8643ef57e618cfe3b8abc98ad850980cf361bca2
9213091550881330000,complete,438eced46b8ecab89995e2c4c2cc3247501143ffcbb9eb984c6bceff9a00b69a,4cfd14d5420ca5b50374c70ccb02503cadf8a8083c0981ae98293c9a916ba863
9213091550882220000,complete,64b0d5c042b237e5c2fc0abcc3aa39ac880727c0687c51f047c7418d5d65aaa6,5f3e8c2586d4de527845522cfbd26e6276f822991ec810630ad414fcc4889cac
9218604393620220000,complete,f31e7b6bbee3933eeb969cf8f31fe8ac50ded87d3e78f7a383736571057d04a0,b64f14ba50fa033b9161db916298b229dcbfbf3abe136a05b1c567a235fe4899
9218604393621110000,complete,a394c0c1ba846e81cee2a4abe000aa59b924cd71c7c8ef2683bbb30f4cfff8e8,e3da1d66b9f42e3fea89d8eca2f9885b0617ceb97d4c048dbb8a355c26402e50
9218604393621120000,complete,5e2fa3ba4de67c3e679f57a775db8c8ccd35dfac999fabacad8ffc161324f9ce,111ff33402334742ac13d4d9af5a5d6090371b1ee7063b91b029b74e88fc411a
9218604393621130000,complete,5b72ea7b15b07d05f3d02c75dcce5e092c681b1467efe2d1ae2b5e857a753ee5,9dd139d9bab0cced75073f0998cb80e6d6fa14085c6f0ad7c1cb4b829a3fcab4
9218604393621210000,complete,c79d82a15aff6befad26717cd61b6dd5632a2b223a435a050bb8a1a03d1d70a7,cec635e2e5ffd5bce7d2965317d716fecc1d3fef3ef539ded72fe49d62f045c6
9218604393621220000,complete,ae34f245690f0944cda707c511f24fe05d613cd55f43d1a93bc4f865fbc6e2b0,da28a26a842b3562216692525668ea2a020463227a0d9aef81f29553e6f94f44
9218604393621220010,complete,21bbf6def8114d412f95d7f9441c25b3a182931083eea2c407cc4080cc424fbf,3b38bd5c20020d9e96d9ac41536fbe8c5d238bf66024d599ecc05a0eb727e683
9218604393621220100,complete,38e89017cc6af3ac4d5d07137ef1396de1be48dc9500bbca8b74af6a7f06c6d3,cfee0f441ed6bb0e51b04052bea51f0ddfce8bb94e20d0d443e2f94ae18d94ae
9218604393621220200,complete,04d15398dd67bb8ded9fa753415476fbae18c947433fd26387e9604bd04d88d0,1e8c7b5478dba081bda9227c60928b80f6571ac826421cbf2e69ad51a2ab42f9
9218604393621220300,complete,622c008b2aabd1ce05892c1ac94dd6aa9aeaad4171f384b8284719b1dbf1e06c,c6d0fc80923827fd72bebc542ac94989802ff044813f61f45499c8fafdd2bdbb
9218604393621221000,complete,ebbc0757832d2b1abca5b18f4647f4e7b919da357013803e1a79938ed9245211,292701fd2377558a872539abb589114a838f69435e14d97523c27a317bd66009
9218604393621222000,complete,037401883fb2a6b3d321d049eacf676281485486a2dccb2a6d6a5eb2bc2081c4,090cac32b94713306262d0eccb05f92e1371e03ef00bf7871ab2e6a2a7fcdc26
9218604393621230000,complete,6f68223c436ccb7d99e8178a20e19cac94dba3c918a30b72c0b9e980b969d718,67c85ca45f82849d82ed9687d1a81ae2030cc4984e88d5ee1daf459b80bae301
9218604393621310000,complete,8fa803f47ea5117731f8ab5887151ab39399a0f61a036a52e75b0e61235d40b2,a500710ab80975d7781a47e1c94c32d4b4a50685e9f4c7c6f26461865fd9beff
9218604393621320000,complete,2f9064329492110e3abc753bde05cdb0209b8584eb129a96ada0f613e97dcb4a,63af4354ee4d7fb5067117b6ee4481e368a3b55480a96f38992f61cc67769b33
9218604393621330000,complete,6658d07247ea5fef18a3c9301f3da73d605e3237c9e4a543851a6ca0b621f342,8c981dffdb087454fb18761bf2e5f63f5fba09f0e2db70622ef464c508e76ffd
9218604393622220000,complete,fca58a13eed99a91c0b4a85f1eea8305a21322c83a83dc2731695778aa4c9986,c8255e82e396523e2f0013be2bb3b9d4db5332196d5caec7fc396beca8f5ead3
9219440494270220000,complete,cf8e1ccba9230689d7b04a5a381c77fee29752a6f47cc6d80550633e35b718c2,f8b8237f7cf3cfd68870e13b56d5bce2e12a2fc24638406844b77d5ba965505c
9219440494271110000,complete,1a9a052b8a4e2abebdb3433f4b27e8a52f850680931ae68f0d1e2a670f6a0755,86d26895e43a824c6c7f591e97502704daf5e4a0c8284d718fdd2543310647bd
9219440494271120000,complete,f5293732c0fb46f0144941ef6190735f6a5903b071def1ddee4fe90c9ea2093e,178e119da631549823be007fe528070993db53a8510fcf9bf89ac8ce0805c152
9219440494271130000,complete,22775568dd4ca30bfd806d08afdd2759ea72d19dbea312b31dec703d354176d2,043d76306bddc13dddd5e3b9a1798af2d2789a655165fb819448219923187ab7
9219440494271210000,complete,151d331d1a251983a403cf88c81cb3396f4e681b70a35c6aa7670ff436c1f1d0,390fbbc83547c92f18a2614f103a3c1aa73e4cabda89f96bfc592ce029967c2e
9219440494271220000,complete,7601d7109da0e8e17f4025c99efbb874fdc1866653afe5b0501f601e90b889f9,e3737de353daafcc3ce4f4bfb0c495e4cfc5d881d2127a57f8e68387ce4316b0
9219440494271220010,complete,11138145b30955b67ac2df9057efc7edf7dfa6efb1a9f8724bf870c87cf6cdeb,605279b54acde983a7a291c936579e69247ead7a7c4ae898c398724e2a1437a1
9219440494271220100,complete,5b78822420548fed4c8dbe80bcaeea914d31b0eb6ad1b41f301b21b12e3458c9,e039f371235a01f2a91701fe324d56bdd9057c46336afc6dbd84f5ffc5e1cec4
9219440494271220200,complete,87c65d79d47c3eec0dda11a4484dbab4afa20076b6645fca920f7919001bf3c1,de75414f0e2f2ea092589e116d433cd66a391a2d38ebb5ac40f467475c54f786
9219440494271221000,complete,a1e4f6df1ac06c4eeb16b8cc1b37df69fa66767e620a51b48104b567edc0a421,ba0f482039b0c7f062e0573adadc9abf01fbd3093500d098f36950c0697ffd5e
9219440494271222000,complete,205bc2e8558bb552c8f60bf83908b97b0a62e88bad29bddf6c8b877e3b91c885,a7111c728fba313a1c8fba93cc171bbacd66d038005a7cd8889fddac6fa10d3c
9219440494271230000,complete,841560f35f30d9d3ec67a6a424d649694fed9a2560a82a57be0deda6780ec5a5,ce2720625291c23b0b0ad76621deb6afa4e7aead39888c5d6071bb74a282111c
9219440494271310000,complete,d536e130c6a961666603f7497c0679d21a6c11f5751f6082339ba4dc1343d073,1b00945059eb942cdcc3554619cb28c5940402da0bd0275688fe723e55c90064
9219440494271320000,complete,cc6b3c8fb073302afc8b7fcad14635f0d8de182a96fa9e2220d67ba9ccf2c985,62ab0be6a494a4c9e1ce674f510c2eff33018324e71abc338b398ad2bc78165c
9219440494271330000,complete,8306ba488ee54d06e77e60b04f5d9bfa64e60718f55ecb4603b4ebce4b79427b,bdcb680a0dc947820c8e07894723c6c053c360d57d591cac8633b3c31442ffda
9219440494272220000,complete,712f377667d3745ef50a03b081a84a0deb5c27faa33b3b45b214ada0d86a4e4d,12cf74e5aa4d0147386c9af8c9a5371ddfc2e9fe7488d7cc2a5d47fd86b619e1
9219892588830220000,complete,0113ed011d82cb73d0d91e1d2762b8b4f4c14d6c387e6582796dd847575d0eb4,ca700cf9008d3a202e1a8600ac8513a42eb2a0d0346e9cd859b2bdbafaf2874a
9219892588831110000,complete,a80fe631ca42a119489cb6ba012a639ba44753ebce1a650992dbf6e06c5fdc5e,4d1e25ce6c315ad6666a3bbb0834392f855d4e3f29573e6f70a409630a6198f3
9219892588831120000,complete,05a30053fba87a2dd2a83208be062dcc58d22eb34b92d9ed5a4e2efd5dc32241,6c34feb008972658db1773bd8ad799677be03f240b104ef23678e1a5822989f7
9219892588831130000,complete,2f60385f8221436e451fa82ea549eba1304e8914ac69f575aa1df1bf7462c61e,3022bb00a6ee64281cc8f083f96ff61ea4fd8e6bd72475f65bdab3face47c25e
9219892588831210000,complete,873fef7819cd02a0ebfa13edaf65004f7d943b45b649b0ad5a992401301b0f89,043ca8334d112b49ed520c82ffd6846e62be756a0b3c0d61a1001b187bed6efa
9219892588831220000,complete,6baeba5580cc0c3f0966a4fd68707ee68379d25dfa6c84a050d340409b508e7f,2f8206a76fed99b0cd27ee14e30180d034abc4b0a527159383fe27e4c2d785f0
9219892588831220100,complete,c84aa3079bc19b14ab91ae4312a8dca5e6525ab56a1f670232ea0a935b09719d,ab10ab50d533357823f2234cceeda768b87da8155c9073d9f28ff01f40df1d04
9219892588831220200,complete,31dd1530275f75072f14932caa7703832208ed2746368e8144fe4aeb9a9b73e2,5fc2753a66d21d272dcaf6f5513895af70b53e044f6ee50f32faf2a21e5444e5
9219892588831221000,complete,f5b65486ef2a033cdcf8d92726d04a8b64a8297432e4370dd979d979434b2ef4,52cc9ad8c36336a83579bdd158a510b1b7b0689ed6638fb11b905999d0954b4e
9219892588831222000,complete,073b549e780eaf2fc8eb7f86a30d51bdb145043e0371cce43aa349f1c9072df4,a4433aa308c6ad9db8d4e81265a5d4d37d5d4561a932f9a52b9f49de66333e4b
9219892588831230000,complete,40b0552a2d266d7af2595c03d88ce3f39a3b9835fb355f19229b57bb563b0bbc,2ff08ccafcb9f1cfec8d4c32baabe9e6658b87e9f81333a6fe5f27f24363dc7c
9219892588831310000,complete,0047ea2fca8154d0e4e91ef059dd2f0ce07f25600e9e8367120e3135a0965895,57a56a9114b4c937fbcdc35c3c4d1a6d4bb6263ff9166faf404b19918aa47a65
9219892588831320000,complete,fd9bbe29b9f4467d1ac2875b04e40427bc5d00211b7662e0e5d28262f8b2b541,e69c235f712d5ec61d0244965c8969610c708baf03bf1b90ec7e1c4e26340ef1
9219892588831330000,complete,f78c83fc3050118be4852a148835d6f7ce1cca74fc4ae08718ae46a1e684b00c,1d367fec814d8475f92f42792f9e6e4ff4bdf1cc3d23261d848316b9cfc65297
9219892588832220000,complete,7b6d3520d74615cbd3a17b10a532dd4aa4151a75f88605f3c6086747edd9e101,cc4ef65e5fc66cb8c6a56af3877820765d8450b98e81c7e40a4adce638d9d09b
9219898666340220000,complete,4150d1b04bd97cbb00827af6097259a28605988dd2e7ca5539f54337c0d78e2a,80bd1f10a0ad71566bf00fbddbd6dbabf113bf7eb1a6b7e1dd1373eac6804ff4
9219898666341110000,complete,f08b5cba427446a9e9e5b1af706e84ed938e0ba25bc372b5929fa6fb61b62806,92b3d643a15d97b7b405be8987eaaf74f9183245f5970b8d3f960662b01f660b
9219898666341120000,complete,46582450d08d5d36235f6d392b5cb27972cc6195cbc06609b404b144c2ffdfbb,e28cda09faf09f9849dab2cf391ca71960f16ee150fb080b73a6d7b605b5fff4
9219898666341130000,complete,42d53cdf3b63369a5028cc3f25fc5bcc4493defff61bbe8ace7a66a30179eab3,94c067854e59aec55f6e9db751c5db1b692d7e4293dc56756c0349959e3021a2
9219898666341210000,complete,9df2f4973dcf640efe36caa2fd21b488a4cc9d35df33d77223f8362d51024746,8da71c97d71c58bd4ab49b436fdf2c22ec71483f0955c5ec613be7c572242567
9219898666341220000,complete,8ec6eeb4e9da615e28029a3b4903ef7f7754323b1110bd193ae9fa4ca658d0bf,c24b36accef58045dd22324ee0bb6adc8e72f8d0dcc33a685a55c9d81853aeb6
9219898666341220010,complete,cb784172e468145cf0cb0f163931120521a036a149323cb93c0a9127da106481,b40bce89b63939b939cc34cedfa5d983358f3a8d17066c2baa984bc5252ccf9e
9219898666341220100,complete,85fb9fb73cc601659eb4539227cfe01bdf3b8937955dc516364212cc48ce7686,4bdbbc83671634d0563a7e5aa1d94f11f212d5d2d365ae1a2ae9f4832214caa6
9219898666341220200,complete,ae236b87a8e041399e066465bdf4fba4d8a72782222e6573819060e6102c050a,b6fb9363bc2322b2fdf2b1a3e70d48d36daabc7c7ffe846ec6160f2e668471fd
9219898666341221000,complete,ce6239fe2e5bf4aec7fb834eded629ee3f32c15226d1551bda1b2dfb8286a65d,7e751784690d3e58ca065451dfb3d7ea4650a39d9ca2e4dd21d6af916f751504
9219898666341222000,complete,31743b28001e1e1e568770e2d865b32ef032b97650046c52e7d4341e98196abc,d793a07d8d521db7f9f245c89447dabc0d6dbaf2573f8aab879db4b0ee2e7b13
9219898666341230000,complete,cc98a4264e67c85e91952bc04bd2615b3203a7bccc2bf46b1fb76d0dcb01ff4b,35b925b2fdb540f4464437ced9ae92c0f8a7b78c1c2b78041144b28951aba430
9219898666341310000,complete,59e822a4801f5947e2d24065034ad49b0144f980ac4fd254a9c8b421885f5668,8ca6efea4dcef14459d71e8f5cb84a09d4a44acb05856e0a40cb40c94eec3f19
9219898666341320000,complete,0deacd32af9008bab04a3dde9acad7ca76655b216b54022598e3c90a7c50f11a,713bf3ff07ac25d6f40608c7eb73d2ee7805c8b9da6a25957bb420abdc0f1a7a
9219898666341330000,complete,7158ab54814ac7cf0e4181e2a9856a6630bee68fbe6bcec92e80dfe47748ada5,474c0e0e553f1f2b859ce2df53ddda3db0cb65e9b00144c9607f4996a464c294
9219898666342220000,complete,20e3621eea551cfbd600697bcc8c7791bd9db8d9fc1166996a7ca41023e15012,5f60b334f75f3b76bd0a142b277f1398706f8e1e526917e14bfda4a772d7a2dd
9220264456100220000,complete,fbbd8192cf8b1389e61668e3837743f027409412da62483b187f48ab1e75baa1,4b2698e7b48158a733c6ad87e536553a8942ea971e1447612bc5d8deecbd539e
9220264456101110000,complete,d95d3e8edf40d3449687d34fa64d27f15cced93fb294fac4fd7eab5589550dcc,59619b853041049f43a1888a09ca540d731a08c32806ea25de312fc5c2d55bce
9220264456101120000,complete,94911041a30dbbc593fbd8f56c5c67f225a9fcd66d48ee23e3f324d746dcce8a,d189c57a4c01730997bd2f7786aa92ae730c12a00dc38fc4d4d7ac0cc0112a60
9220264456101130000,complete,c107bb5014be2c0ffaebde8419cce5acae255391480db385bdb28be9883214fd,03c5161a39f591fb23feb01f3474ed259e98ddddfa70e59ea3be7d3733329b16
9220264456101210000,complete,98e9310fce20988f80d9dbd5fdd666ef5e0b46f1cc456ae65671815138396845,895e7163d298c5c9cf360f8ddc14a95377214d3c444518f6fe6d8ac7700b4dbf
9220264456101220000,complete,e4552b3b49c6500a8d5105390dd79c83d352f920c69410c32159a4d2e630f047,fc278fd820ab6b0a6f88ef5ea1af8ef9af7875801ca346cdfcc1dae406a9104a
9220264456101220010,complete,67def948dc94bc5bf38e4bb9b75993990a2b52c58ee528783895bd852033214f,ceffbfdee3ae8dc9fe672b0c7f0237f435e55f13faeed34d3b6356fb896d137e
9220264456101220100,complete,060b214d3d1cd709d044b81063de687b082612c041fb13e109074542fa5dc832,a27fbe7e0921d2e72f6168e87def7e170f8a841fd68aac0c87a949f933868100
9220264456101220200,complete,1f689dab6ef5714e628de36368bf008006be2ef5215a3a86560a77836e86ae11,c31acb4a9b44bf280d5bef2efb27ce717c278803a657388858a44d9a497bf988
9220264456101220300,complete,d070b80a15083b89a56c79dd436d3992a1d09b5277530d60e8e2b3310f7b74f2,6d61ba93ff6aea3cab77023a11893934e9c16caba3bac02d7f6cdc983736556c
9220264456101221000,complete,8f24725f7986d04eb588d8a0cdc7e4232e32757ca33887c4c5e94333e6663981,3466852d57976e5133324427b84a760e0e26b9f244ea77685a192d326b24f6e3
9220264456101222000,complete,600ec8f31e93402da232bc310bb4e5570258f30e93dd85cb22c50ef68abb1461,6de4c19e914d8e683a1d505a73d6a9884e135abb936562b326df170365da221d
9220264456101230000,complete,ec9da24d78903fe875808da0497eb0b4a03d14745e464af17d50cf698565b663,bbd4ff17518ef10957aa6f9d21f02101292164ffa9e4694e63d5e75cf519503d
9220264456101310000,complete,21342e334fe3627e16a77e082ffda9dff5c2da12974b4bc67b1cb5f2344fde7b,aa5e8a25eebea347490203f122ce78f75bcc5f1fd24b15e4998b3ed910bf8e8f
9220264456101320000,complete,42e9ac7c9d4cf02be532feddd636db69d4bd1d26d686faf7999409dce855da5d,ab46fff86713ea0bcdc5195130bd330379a1eeb7be32a0e435a55184aa02f2c1
9220264456101330000,complete,27c19056117de969eb7ddde7427c5f800dff8ef0b0d1997096a86a5435e2cf49,98b933d5ed35312ea05da9b06bf3961ad3612c5cfad216e0290b1b0fcfc3c8e8
9220264456102220000,complete,7fa1205fe1f3543f90b834f511994fb3646a845858fa6517d15577fde265ce76,f60f1dc7c574cb3255e7db8a057728b6a891edde0e50435fb64df266ea60b954
9220459706330220000,complete,f2a1f062d2ad9662caa24d680a713efc76349d8cc4da8ae7192452046bc4754b,57438a153f6735ea92e9d18ab83b79bfadc5f1d6ef437f1db2c169fda0ef727d
9220459706331110000,complete,b7da475f993f49b2466479759c556ab3a274c2802ed53724a09933408399b92d,09050e0e92be152a3afc1dca0de8d972855328994d778ea5a0701015045565fb
9220459706331120000,complete,b467279ec3b15d469762427590e359d8eaaef7351334231e698b7fb0b05d770e,2038ee60d35f769d50b7bbd900b68ebb7f08741d8b8ec5bdd515e2ad8cfcd2b9
9220459706331130000,complete,d13c07ae2a6ee8eba09486d123161367e788f2d38ecac532f7bc7185b85cba5a,b4779d56d1fa1133973ac9e2ba734b76eaf563c0f89bf9008f32a049327c6c61
9220459706331210000,complete,4ff2f3675bcbc9793051d362b884793e2fcf3885068ca657381b39616cc3d0d3,6ba3c281f1333be12e69d72f8662a01e53823e3c32d09dab86108a04b5461475
9220459706331220000,complete,81fcc99a394f951c1555b274aa290e981e95fd800b3b29b1e47fc17dc56264aa,92dc2d09efbc6d0fa333ceb4ea08c4bb2d5825bcfa87adf8b8c59d3543ab4047
9220459706331220001,complete,09a1eb9db2836b124f16703cabef79202ae9a983d51f9691e89d528ccf4e6d37,31ded31626507a9591be7c2b26ac68a16658910a15b37732a45d374e84c2a6f1
9220459706331220010,complete,2235909062fcd39653833740b300cfd454bc96e03b33fe4b4d7436db75b2cb25,e640a81957e24baf678fcddb16cad7892ac8d225c41c07f4b0039a55e11f2e09
9220459706331220100,complete,e8709d9c74ea75a1ff9a34b4b866530d591090826104cea0332f7dbfbc9bb35a,5991f310a7fa2f887bb5a8b5cb8e314d98fce7a7b761b73ccf97eea442ffaef5
9220459706331220200,complete,e0a298878395fe76ebccb69e203e40c3c3f9dfb2c7a8a68066d62c9119b03833,22e44f12adaff1d5fa2155e4d08fd5bce083b4f7bc8d45a637ca3e53fc547b7c
9220459706331220300,complete,232633bd7ba4f0d5a2299e1408c85263cd256ee7f603ee95aedec05d218a2caf,fc2573ef0836732aab123ea06172236cc71fd6450e53af5dbf74e0869eb66187
9220459706331221000,complete,fd7f14a80dcd854adb0dca702399583c76841b4077e1af4e148d3e80798ed0dc,2c6088afc5b4913343d30ae38e949745bdd9501d9b1182b18d0c0d48cb2b2724
9220459706331222000,complete,a65dd5f60bfb5d6f7276c208a93008eec5425f8222f551ebfaeeee85625dad8f,56c435bd2d7a9a3f2debb2d8503f5a8898c00a72b43048ef9a6d93a80f1aad52
9220459706331230000,complete,edfc6ba3ca40036abbcec056d0ab832598dde896acc8af29eda02a9f4a9b431a,d7348791051be07dc450d87e703a4357e58ff78bb8db3c5a6fa1b2eec7458f3c
9220459706331310000,complete,b6c4f7c3aa99875598680fd4e76827e96e30a7452730963bfd5e3c28dc9afae8,06fddc4100af26525b5f9026374a17d247c69a42972bf831be8aff7e279b230a
9220459706331320000,complete,81ed134b23d8090de91ed9a84298ed647cb045d852b0daee5f7d07a77273ecef,37eff25f024a97bf75b48047042daad5a1037f0c528e44b0017a3837f80b47af
9220459706331330000,complete,183d07c9ede30841efd2e9a36eefee95bc760dcac8405e5333cd0dcabfafc50e,113e69654e888637a241a619c66f8e8e5d5a18980255414666427ce24f4cdfd8
9220459706332220000,complete,7d1b972412cf48e7d4c75bab9fcdbf720da2782c5d30b432bfb5c013afe1560c,00d2d728db45ce6dc5b04bfecd28a01b0f480ff08a051e36147922c092146398
9220555040100220000,complete,da64704a9d83913496ec87dd540fe5e30364641e91b92060b6e9d3d872021e8c,9bb7e19dc443e4c9fcec0dc078556fe6f0bd726b2676f7458b27c007e5f0b30c
9220555040101110000,complete,365013ffca95b28c4a624b92e5242cc6d15ef8efa3ed1e9cfc8757b19119ff86,72209cb6a106b141bd328cb58ec1fdedf09cda9f11e52438d91eac672292de15
9220555040101120000,complete,19a4fc91f93102e594478e28efedd726720c2c30f45c16255dbc8b5b6b8cc9d3,4a1b569b627b52f62d7e0437abc8a4e03cc87deb5e40092d429cdb593e553328
9220555040101130000,complete,c695929f04cc8b478b88cbc24e44a48d5c217beb8935b9f2482de33ce66dd176,ef3dcf1679d5a8044a1efe4b6fc3a5ffd9e032086d8224c24d44cd7162206e75
9220555040101210000,complete,0f17459c17d90182099084f930f82dc9cc029cba8e13ec71bb4dbb4a25bafd65,ed66b90a8d30f3bb5edc892648c67f10620a5a1ecece49f5fe439c47fb047bee
9220555040101220000,complete,2594d31e46b7738a3a011a60264e8b67d29085be68eef10edbc1000d54385bcb,c1826606b2cbd4abb4cd495e9eff94ada36f4c213d9bc63044a832381c259e8b
9220555040101220100,complete,6168ab03841a9bd22d571c80a4a707d609c4188722f55e8f0728e55fad0a84f2,b4be33ed50f6bae52f7057dec1efa42e010465c537a05f12ba34dafa7bab0f64
9220555040101220200,complete,4cd1649befcfdd25b4ebfe73ac2e8cc8fbbce4a12baff7df7bbe6d03e97998bb,ffa04fe9219920728b5fb6c05dd26d75b502d24145240ac86f223773af23d1f5
9220555040101220300,complete,108b9ba0980def713bd3db4314358c0391daa7a5313a071363ab52fdcd7f296e,f57da813db1aa1e2a0ee8576ef7d8159e0f226837bd3916f2fa8da35c720ae02
9220555040101221000,complete,e22873ba63181d43b9b0867a6d5708e82900ed2e8fcd6f2a2e2b7ed356a008d5,ca60fe2327cc2ad13a20fec4f920c2d9c8378fa6c3fc47b8397aa45b470b47b4
9220555040101222000,complete,9e1332b0c0b9eb9ee872bf567960103a736081aec932fcc99e00e82c8b2d28e6,7f52feff13211ff227d3becf572476f9de5415d2eda22c98b9f91a2ddaf814e6
9220555040101230000,complete,c0f961b3d16711d0dc28438ebfb3ca3ba4f584677e577f9aee86f05977f56d24,7f3770c807661adf6c9eccb8b656f406dfb7748ba30dff437127cbbb2557cc96
9220555040101310000,complete,91f2f087a2ed17509952c2768be9b61f9541b2a0ec7f01b997740ba35448254d,52becef117e6de640be6ed0a57332b1452acd346a8eb1ffc561209fec0b8de75
9220555040101320000,complete,98fe36165cb3d79bbdb57ba5dd010251b5cb64c96fb899845e9d4b85b8a2b3c3,cffddd7e2265003912f9eb6a8f0d12ffc64b25d9a9c82ab1df3dd4ce30fd9611
9220555040101330000,complete,8a05567ec62c1afef3e868a1c3f71c10039d1f6893ad79ead93eb8a8a5ca969b,63b287b72c71d930573127cdbaa8cd3562311d7ce1bd4e67dc917d78d78b9a9f
9220555040102220000,complete,61b6f99756cf930cd71b623b3a237b995b01139ef3be3b98ec901be2a14617da,2a1da64c93afadc1cdb305b7489345e5ae944cce2cd96c1e19366850746ae49a
9300011167460220000,complete,91fe4880d4eb6840ea75817a2f93286d145047e832b23e69b94adcfb579e1983,86d2618e5c42ef437b0f862c48a999629d50805619ee6ca23466b76a99c3b15c
9300011167461220000,complete,17188f9320ebd99ad89da17b72ae7978dfd041efef2575e8e3a2af0deb4519dd,2b972e86dcbbd9a23260f4a5d423a02dda179bbcafbdc72f29f77d1ac48a552a
9300011167462220000,complete,d00b7d7818fb8950c12c1dc9c3f25f42fca0df51bc9e4d228e7717155127c4e9,df052f137399814502d291a1ca7f797893470951b2da2adf17d51d26b7d366ca
9300056241840220000,complete,82f436590fc9849899ef8fdf16a2e46a66f4dacd87e05acac36164afa48829e9,1145c8948f279d34107e83a950f7909eb40d7b0a6dba0406f3f950f0b8fab1c4
9300056241841220000,complete,113b8306ab1d31cece5e4c8d8b853c02000ec012e383436aebc4bd72faf668ff,be6bca7ce04772f27531dbdead07dc36536ca6c2350263ee618bdc8e73446ddb
9300056241842220000,complete,cb889dfaf799bcd504f5e9bacf19bdc7f934eb0b3efd3239dfb0a62519c5be20,ca5ff242b1dba47f50d7744342dc63ddeb4798026dbd6408805442b85c0f0d6e
9300076758590220000,complete,f80bcbe834c95c09fcb9f3d660981195722108e1c519fb027aae778ccb6c4c08,7ecd5b7985321cddf2ea3a43b173db1bc2ceefb6c1e3dd96ef6cfe9122812b36
9300076758591220000,complete,8126d7f3a6e746ec1b4b8f86236345d5e114b85b22a7921caa1de285740ad56c,eeb2c9b338306f0550a50694d1241cfb1bb6081f95d1b2877469b19523b8aac3
9300076758592220000,complete,ed851615a403b60c1308eca43609eaee444ec35764f2b93df2953c6c45aab343,9320382e631673caa018ba06683c6c496a21038e701efb2964aa7867a22bbaaf
9300084456650220000,complete,0bb07270929927a7958be9e30e29a925f0e7e5cdfe2b5d246664cd65a8a9bce0,8e058bbad0ad40226c24f21ff59638462ac9bfa009373310c5b4356ac0b7cb07
9300084456651220000,complete,7f81ea9f636b5b1fed459c30ed4293ddc65d0e4daa395873c4f38fc3df896e88,0f8f16df322360bd7779e754dfbf0f1cd2f56b4a278d665f614b1c323a77a613
9300084456652220000,complete,d9ae99a3dbd2692b3e33af2e9f2f467c895d1f89e020e76927d9b948b3aefb83,2b4cca6b1c3175968ae638cd01fb7038d2ade010982ad1673f2762135c73387e
9300135666240220000,complete,080bfecdfd9bd4f961149195e286830a05bbdbb4e9c0bd0cef2fd23703057a2d,37a3bcc16499639abe17d285acaf7b11a4ebe273ac335873010592ea19aea71b
9300135666241220000,complete,587676ef81ded5c1cd1b7de93f0fa5e8e2fcfa5554f4fb4ef7744734de08b295,eee4ccc46dfa9cc6fff313d12391ecee9dc5ad363951ffd85a6afb730a2c0231
9300135666242220000,complete,32781678629137ee58c0dd363a07b587bc68672cab27b5977b042e80b866b9ed,bb4433d1e893950596b70d1a22727973479b467c8c64211035c17ba9044b3b0a
9300144486100220000,complete,2680cdd643511d93f10a617d6475795987736022cfd7a172ea07769489b58d0c,529862afe1c6179c4c35fbd53408e1bf9dae1cdb1031f947744d1aa6c92dc83c
9300144486101220000,complete,9d92304130565ee037ce6ec44a56828520193ae3f6c2cf78a8553859b077d597,445a66f036c9aa87e4e0b164c952dcc9cbd3dfa2ea4e58284d5fd6763c3d098f
9300144486102220000,complete,ea1ae1e766a4038674bb61d585eb23b5a7124d9c56db1c6c2f6f2701c6ff874f,0ed767c364526060473827a3b6bc701050ec470b7dc66a0b68f263a409f7bf15
9300211870720220000,complete,27d1438121ecca7fc4943344aee39df0a6619871a21dcc15266623c6b42fcdb6,ce207f5f68b2c7b5473ceb6c46469fa3b9345b144d913c547d59b73df6c16f1b
9300211870721220000,complete,61bd2a9660632a0ea3149061fc6bd657ae5328f86f55de2a68be4fcb79992787,047d7c51cd036d169704910552e8f0ea8654ac6ad406798a481b883a4e5e2f38
9300211870722220000,complete,45cff6636c09b254fab4aaee79ff6467f751b7d1e58027895e2e998895f2bb5e,0f4fa61fa367aed84cba8452af45c1a7520ed411fd098f471791775c2105d51f
9300246033970220000,complete,04d51d9ecb0451ea0cc04b6d6c7ec28f8277cb878e07fcbe80806737ad4aee53,977346cec6e33e7109a55dd6c07e30a1c3631bda1e19b8c381772d1cfd7118db
9300246033971220000,complete,3e816d68ad3b82f7eb8a74639fd3983b8774c5b76fca3a9e412430adb647e5c5,107098f3490d717d3289739677902621c604e38cda64f4136031b68967b7851c
9300246033972220000,complete,fe9ab18cd4657660eda85fe78b1c98781dd01f7da60297d6c2889b777736cd28,195b22233ee22935bae45c02eee1d051c2cf40f992056c7c81cd237ee91a7ff4
9300298623440220000,complete,71e707bb3c7a77b8d844b6fb01ac6a23cb1db010e5f4175d8a6b8078283c00f4,c4335ab81ca1504ddc085202b2597c4c3b5d92a0db3681a8e24d9fbb6bb8783f
9300298623441220000,complete,f2818dd207b53ea89b2cd91a6077cfee1974e5660e19e003a246b5e3958dcc64,45ecacfa477248674dea494b967c272c7bf1ee39d76dadc622e2c28eed0a602a
9300298623442220000,complete,169bd445b59fff628931cb48d62c07228933b5aa9dcfa76af5ed69d7922045ab,e22b52e6167feff63becd22fe8ab03144078aa930c0106adc76212121eaf5699
9300305453820220000,complete,6319d499d3fab5f1338c9302891770671f2bae20dd8cacdced3fbcafd5b5548a,38e942b81c1720044979be6d809a62568f84fbe2731d48d9ba7a7d7e3cc10105
9300305453821220000,complete,487f84d87ddf2db14c5d630c21dffd3f018cecb8b8b1423b891f648af2e1fc7e,5d79ab33cee8e73a582dcd03a38a8a2adaea27b0c58c343ebb098534ca8c2704
9300305453822220000,complete,e757c0a1225d719152d06e2ac95138071a36eada8d96177ba44e468b3a4be2e5,1dedd47a1f501d906355022851e691c78d5eb538e760e767876c8f06da34a91b
9300337175650220000,complete,e87dca64fa7699f10353bbe24e868b11d1952f4bf50cfee436a695148e3aebf6,0f059dd1008f6d3da7ce06fba137972895f53c0992afa4304550e85f5c17e918
9300337175651220000,complete,238e825409a3961f02f4b5998caca55523ddabfb259f2cbbaf27339008caef87,b7c457dd869c2faf84daf24b2a4aea0f91aaaef7b6411a9d59ed6197676b61ea
9300337175652220000,complete,4d0b9a15e795e99b3e2d4412e6266e2f97561f81af7cfe49de760a495a98a509,03ff993aebbd42c434cc791dddd4249e200e1fea31b450b1ef614951ab4da2f2
9300468476350220000,complete,6bd859d56320d2b8e3b20025e7b8aee479d9457b9265b15b293d0d1ce0b16fd1,1ad889354446daa63fc54718b94606e52991742939f4a7888db1f15a6d17de66
9300468476351220000,complete,9cd3380dd5f67a697fa6fc53ce5ccdb627fb3253d568e0a54fe91d4196e66a22,c1f92bd63352b73d5c1f686879858467767b56a87507cf6a4db55c8b88a12378
9300468476352220000,complete,a2f53135cd5cb64a6dcf8fd14252ee5fda9e336942506e8ac069253d82e38f63,c27820863da74370ce8dc65bb5776c69f52f8d81a6dae516227b32a640e1324d
9300556504070220000,complete,289a3aa8b54d6970742155767f8ce1b85fd00a4364414e7cc20a7f5a023b8c93,2ef3f210dd3af54251297800beb599a85ba4b1773e4cc8fa28329c04ea65d93e
9300556504071220000,complete,cec2aabf90c1679a7978feafbd2dfe32c7666770c3a2e4bcb0e68215421359b1,414e805c83ccc63b44b54198abbcb5dd50ec108abf0134429be560b3cc867981
9300556504072220000,complete,3e2422bf465b10707d559961da5bb4e38556c95261f3e2f48b91674907550d08,b7fab580b62d2044d7f1449ab805972c5534937c5903b979bfb43ad742f728fe
9300632814990220000,complete,910126c6b7a13cebff021ec392ff2deae82e5b9f78255befc22a5d50a8b002f7,a8cdb3004acf6adac18719804a859efe530c19544e93083521135d4674b8e05e
9300632814991220000,complete,9f7b20f8babebd14ecf7359b03fcc31d8a87f6ad71fbcffa985c9314dc79d11f,d992a1a812d3959d14e4254906ed6baa316e5e470c8629ac74d3fd0fb2022ea9
9300632814992220000,complete,0830e992a7894674b6e49557fb905f10084a6683be772873c371d76314da124e,1137ef20e7a29a32fe896ac5931dfc267c1d89afaf8d38476e3e635354dc73f0
9300651442900220000,complete,1157aa9522b37ed8a9ba5ab5aeda05e251f56e9273107e6f58a95317bbdf1a51,b013fbc03948383ee57be069089afeda732419167f662e00036c6f2f00226215
9300651442901220000,complete,ec1fb836320c5ba6da74c3b008ea4d1fccda67870d854c651c39ca61b8297595,e86ccede3715ec938fa1750f982992c659774c6d6dfcbe8ae8e31b94b6b1921f
9300651442902220000,complete,a5a2147ced4d99d2e3ffdc5f654a88e290504d65892e4b4b9e84d63e8bf17546,f10695929744022070e82e2a0656cf28c5cfa0725320f9bcbf66451ee2993738
9300725171980220000,complete,6c2e33cf4c51d7066ddb1854538223ac6af013b053a2007cd04d2c5e167a76b4,927f5833183f06b4003af80c3c73f71c773a533a115a386e869fd02c7c65dc7a
9300725171981220000,complete,c19b4f9a930aed11b4e836bd0d4999b3e627cd080fd127e5fee13326027dec1c,b93b48a667fb7d59859388164fc77b3648b15ccaf06deafcbd63fa9829d52fe5
9300725171982220000,complete,abbf04b86a7652656477ef6150be91c3174ef6b802ae35932f3f6f45f256b2c5,cd08a4b5e8231885fa45f4f37a87eeea0145d0b8fabeeed9588f86b2d5449743
9300726374740220000,complete,25e8b3a637057eec9e1251d2792408011d9ba1c13e0f79aa38e06f74809d075a,e0027fae39727a38a73bb9cbda5f6519897cd83d03788fe6222f31f6544c0f92
9300726374741220000,complete,58b33b6946bee49ea8fd8afce38c6210732575bfe573c0ce34fed1ff9ea44ec9,55142c48d4a730cfc241217c947158d71d425571c669bfae48ecc3e9c01c25c8
9300726374742220000,complete,2a7dd9ac1ecf24a028f6c3c389e819af2dc9697eb679b4df8c197419294eae65,f77362ce3717115c80ccec7395edd2532158828b89c6545f35b511d359bfe637
9300793538600220000,complete,7e69cbb8c9487504614c812619d50d0848a6b39bc51ab7677990e0a8b8abb6ee,39d49cb5dc41cb52133e5058e665b1dcbf47e63a73b0953fe819703fc55f4191
9300793538601220000,complete,4790ee0d99246df9950b00a6da2ee406e7c2eca21963afc1c497dfd9cfd67b92,fcdc69103c71502a825f6e7534b404e5aad6f3be6d5f3e612d06f9b2b09c9d1e
9300793538602220000,complete,fe6e65e1a3d26f01f1d8d23031f11411751d63e15aba733284d714f118584c38,e996e615d4ac599649e22b445fb823f278199b8f46ced90169f7a6639320dda2
9300818489740220000,complete,0251a93f5fae364dacad4592f7206310f988ae052b352a85eaa03e347c4c020d,ccf7030e34207c039cebfafd119dcbe1444cba73a9c9be71465e4eb14aa949f0
9300818489741220000,complete,adbf410e679b984a4291a84095f4934c525d4dfe6551775d9f1d8e14242ba04a,a7602b25514bc7b4906c7aef964b7edba7b0643666291d6f42b35d14f4d793b2
9300818489742220000,complete,919bd52ab09978cfad93a461492e6ca2a9c8aca0946c87a47a790dedafcc9853,ca8ea948be04be9547dd2302084662e79cd0e2be7613cdc3b5a4e4ebdcc89f5f
9300880464870220000,complete,84ef6374cf28827e020e436a8d213d973297524a69d3e22ede566d28998c7023,8d5d08e4c3d32df3b7b9ac37616fbf2a384ffdc23ddeccbf45de249ce1015eec
9300880464871220000,complete,78ae9823e5901d4e54a2aeb30c06d71885620b582b3f917932e1491b13d1b6c6,0f127eb8c1a25904895a85aa91849aa710e04cefa48261aa1fa31f942e577fc2
9300880464872220000,complete,eb10b839eb807ba9cf7044689759160e771cddcbfa9c583af7e8bcd47ce2cee7,e2ccc84097aa6a3171629a10f247cef5e796413a3bab9388fd0ffbbf4abae8b8
9300947486320220000,complete,4708c45c15528264b53dd8f671e040993c0669e8ba1e9f8b16a1d63bbba84d7e,32c89e4ec16cdc66e5a9ed38c816a88f191b55ce1c2c2f17a4b0eab47b34d749
9300947486321220000,complete,9f92eec28bcd2cf57c28e258a913b0c8e5f8402ae8314c3590574d750a3a61f0,1f568ec3bf0b01fe68488ed6991f23237f305f7d76a4e9bd54e99f44ae6239e5
9300947486322220000,complete,faab31846f16e7af8f63cf8546cde3d45993ad1431cf3de13646eb3ccef2c2dd,95d936ad598d45df5c7c70bad14f403faf053fbae0d909895059bf9b164d5726
9301037008610220000,complete,af1e6f534ba2b6fbe711a8ab1199d85b4d65dcf2f59258f406d82ea3959e069f,67a9a114356f8f0bb70d0750985515e0e2b9b580de73618568759854841d77d1
9301037008611220000,complete,194b9070771e8879c7bd5625bd6da73ee69f43f00974d07a572cae098566636f,46b88b837707e40c894898ea9d92e05404c945d0b9fd54e14777a69adc2cf48f
9301037008612220000,complete,6e2813433579c80e53222f4930cccdff80c3a21159eb4938dd3d323e1deb0774,ac42518de2e15a4bd41d742ec78d3c60f26a6bf77349d8f08f7fe497d005f4ce
9301140584470220000,complete,791f86db946fdfc2d2205c713c054f87a4c88f66d781e2e9d671f00d78a7cceb,d54bfa1f299f91b05649cdaae9247a5cf9c350c585d44e97bb1cbb7ee98fce23
9301140584471220000,complete,8593bbf5962e5d539096bc5744a0e0542b30ab0af2fe4d01837493f13f1d26cd,03e2237619b57ae9bf290ad564fe7f9cc475e7b55dff2f3740eb1f230297770d
9301140584472220000,complete,2817ca8ccfb7da05727ec4bb2d68452f59ff332175823357f86fab73420526f2,f8d59862a3532bf0af8326bf0b23c26487fdddb4246e41e7f9f3a66a8531d89a
9301163733080220000,complete,c41cceeb323875aa8ebd01704f8707c6a2fcca32a990b9e8064b3681aaa0921d,723da1f6c43fa6a018232ef4b729702cd7a4aa886ce4752b071765d20a6185e7
9301163733081220000,complete,20f87d7b8a2c447afa2a2494bcbf7f662f04383dda6e38300bd10ade62ac74c1,bfc407fc08494fd779993d52ce3a0ca5cc3dbcb05bbdf047205f2acdf3c0262b
9301163733082220000,complete,4236b840dbbb14fc1380f90e2f80a01fa0258fc267e3df541a6f71d70dd3addf,a6e934884426ac56dd02f172cc958d2aa9f3a9e5e498bc61c9e0c6d7509e7ec3
9301411794950220000,complete,540b363384b585e2636c8ff3e35669be76219570cbfdaf283b8e249f0126ad4b,52627bb8606573b2e9ef108d7f4adae29c6962ff24e39a45adca2213ca12773d
9301411794951220000,complete,530ba931e24b3f1143aa0d5180bd2e14c8e49a761e9b8a90135430cbf8151f17,a3185a27bc9af8ba7035f3a41c91061963d92fecc41d71511096968b1905981c
9301411794952220000,complete,bb65db8c1b92f9fb468ba979ff86615aee2f88d331b6f6d2982f7a4e817e901e,90b7c90b6e99edbed2599a7e7335c9f387a6085c66ab92e3a6c8019fa524e2eb
9301419762470220000,complete,329325f3a92e7d5a399a1443922ef37a9333e5c7f9a33f25a0a45053c2feb16b,b9a0fa7516d40a4cbbe245af47325f4129fc9322b93ee4e4caa75bfebf82a76a
9301419762471220000,complete,491492ce470bb555536909fc9283aca27dfc643cdcdd9f20c8b449d802db4338,98d026a17a546b75512e609f97db4a25f3864918fd5e6ade0280265a22873b62
9301419762472220000,complete,b2af925bc24fcbfc248e011eda66058f6503335632a2f2aef61cb46c86835a3a,636ffbad10f60a1e38089da94ccc1e504419d5bb4a4e73f5711b8578a7e2c696
9301498638490220000,complete,a7fac11054db0e02d383feea18592c22f211009295a96b9bdebb02d5de8c630d,ff24cb8d0a4a6ee7f34df8922318abd70c5ba4c708c1665b88ac6db494b840f2
9301498638491220000,complete,5728f8e886e31c0f901ed10d59cb44cb3e300251515418e4f6d387345ee7cb1c,f0c61ade735a97d9f16033621c5270ecc02eedabe397cc4080cfcde634a05107
9301498638492220000,complete,29cb95864d85c5909d6e202aa43576c9454662c20ad8da5518226c6b494d0436,e38603232bc0596122a70daea57395e71eac113f7d896a686fa505ce63477077
9301560646570220000,complete,fd4a42c232f1104d7e1facc6a8b279d1d2aed2dde0e146520093106306710933,f1eca4fb8e42e1f9504e3b5dd0e85827edbca04c29a4fb30e9c449eeb7241082
9301560646571220000,complete,b6ea735561e73741c9d85ce616478d81ad5c7a9418569eb1ca208c5c23cce000,8fdd43f9bc4a68e48a6b7c7416fdabde5b0b246acc3a0590bec70f74a2360989
9301560646572220000,complete,3b1eba7e7906e6c4946cf1fa3bfa3542807dc32e19e6af2b37e530ad54380622,9d7d2c4ad89c3beb5631d46ca1866d08d7b2edddc911c80626e6db86996c767a
9301580681170220000,complete,dbabee48d86c54f07c42be17412d81d27368c5bfa3c0f4e3501c133fb7a5880b,039af1b7a292274c81c65eda52687dddf955e2800abb09ac7d1898288311924d
9301580681171220000,complete,93e15743fc13bc90e3de414e47ccf10b80bc2d1c68121adf42f24642e6cc156b,9db144a33546f0e0fbf3d7ad569e08743558f3f45148658c7c7717d0de592743
9301580681172220000,complete,f762c2501444b42310e76ce9d41baef880c541304b3db120d6a0ebf1ff2ffba4,b472219d818640fbba80e2f2d049452ed848f13881b32ce637bfa8538eb706bb
9301599731520220000,complete,ebd78d510339d350f6ceab43ad08a3d41c724e65f822773be5390bdab7abd1a0,a04d24b0815af578b54d3d736602c5e956672145136254ec2b497bd3a1f31f31
9301599731521220000,complete,390585fa00aa35d8b9cebcab4976f8f621c1dcd8f313aa120b11b7b956b3f96e,a30dc304455df8be3d6912b03bb0dceb4a22532d010f96c6209ffda2180173ab
9301599731522220000,complete,e29ea24f4b33bc27510373fe262ccb308b314e67fee2dccc5450778a7f550fdf,7417adacd1264fe4e39737fd1e8d2e4140bc0f97037c016da7f01b137b6604af
9301674865430220000,complete,150787e07aa585aac448e57dbf27909e6b482c940180d8da64cf16cfa16545a6,c1f57fcd6459e86ff6a598a90ef28012bee5bad453e88df1a7445dea2305e871
9301674865431220000,complete,e39ddd91878fe3129c3383217848b71a35942d8c2b3b8cbda29a697e8c9ba84b,2dc7e7612f3e4bd2700d268b4eb739b4b5c4610be8b8b413d496d8d8d6ffe90c
9301674865432220000,complete,b0e81c7c598b99074fe0d5e1a79edaed48fc38bed8aa450aeb87244d5e160206,65aa3b6f573702dfc296673934ac8619791bbc2a5bf76feafcee0f18c82e31bf
9301880872040220000,complete,0772b05a31b8adb896ad7e2fae8382f4c35273efba5fd2f7e44448aaaefd0777,ac1f92176ba97b1d9bd555f94d87a5a2e8133e4c9ee1dcba0d527fedd0f8ef61
9301880872041220000,complete,60e895cd6f410291a6814a38bbdc904e82ada2cd299ee220a5aded9bad287532,9c410f3bb3d279e50756f4633660f413a3b3b168a9b964333722e613c8f361fa
9301880872042220000,complete,7a5ed9ea217bbb426c66daa7303be23651c03fd5b68b1f3179f95587fbf7a5d0,ad249c7fbaaf130aa22515daf6076558b1a8d1d9ff6413e0e897a42e83da50f7
9301929370350220000,complete,63a94bf5f736e86424de28136105f2b1fee9ec705822b603fec1bf8fbad8f83b,f6bb938d92ccdd673f1b9c0c59bc4ec3508519d88c85c539b401a4e0bf637704
9301929370351220000,complete,84f4bea7b1f776c724ded2e6f367faedddc7f05e8ce6ceb407fc7a6e75fefd61,3313ff3c60870a2bc03a28b182e55268ff766ce2fbc9b0e36d353787ee957e30
9301929370352220000,complete,6fcbaa8a65eca907968946a84f2cd5e7c4f89ca0dccc8f86d5af8b365606cd59,b4f545fd459d94414e9e89ce68036619df45d75180aa8ae4faa1cb320579b4d0
9302018609260220000,complete,685dbc806f401cd6fa20bc5b437ddde9b70c7ff9a4ee56b4c7a9276a86c3fb94,6e31ce72ceebeb7ec9e650d0d146e1e83e98d66fddef725ad8d89eed9efc4d2b
9302018609261220000,complete,d645a3da38564deda7203bf4f97e51927bb62dee4ab4880806f5a1e03ea7c7cb,07605e566f8fb6164d5e72d8fe61b71d5719420d48b79f62374fb7677a523eff
9302018609262220000,complete,ec0c2b99d48f773ce640abde05e83a5a81041c7117ff199f537c5816bdb34bcb,d58915b13e51ad527ef4346dd716bfa952deb20e0518277731678696d6551e34
9302072067510220000,complete,15f37d680d9e59355ddb2a971768e6f912aacba3f5afe69c3453c0f44b9c552c,f4db1a53db9a1b991834a76ab89fa2f9a0ea98a9d40ced2ff5300c802dfe7610
9302072067511220000,complete,62740358659328e42866b9b8a3a54fc0803452cd8b1a43e5611acd618c38e930,ea8a030059a02615851216ab476b1122e4d1d1f9a41373ede3d3b0b0984869f3
9302072067512220000,complete,5e6025470be197f7a7386401ba3f59434a3d218d71bdb766ed0af69cbf1e8586,0545fc3d913f0db0f6f941b283cb10104c163c4c9694611b40fc770ab7c469b3
9302205551220220000,complete,0eb5298dc7e32ecde396666b8232c66414dfc53992865c4cd38be1df094ee1f3,63b66521b058a2ace964dcf00f9a5c4e21e308c4308a5d36effcaccc49a3d30e
9302205551221220000,complete,a7023344d93acbf92de3a3dfddadc037a36ed8e18fbc1c56b31771e23e8aa28a,608280e88279e99a7d48af066dcb75d7c3fa23d2e07b55f7948dd14d98e1a08e
9302205551222220000,complete,dd7cd7bdf44cce4dc736084031b303ed8f315e63bdf5ab312abce3c10423f920,07412b84a9fbebb71c416966f3e533d1c5e4a067afb55f85c8d640ed2257596c
9302295813360220000,complete,c45ed14c33c8a7163caebc60a26c9573963058f45b29b4086f2d49496ee1aada,c04939303cef79bd06c2a9e9e78cef16c473e069c76cdf0a3994276b412608ef
9302295813361220000,complete,ca510f7562243cb856eaed3cd3c993a72d323ead2a646f735c1c8d9bfae39239,24ebffe3b7f35c095161e562aa8dcf7da72fc9115ae3b24ee8be97d080dbf7b8
9302295813362220000,complete,95cc50f45edae5ba5288b383daa9fd480e7156030aa8adf64584d3e04e05e972,d0f3c69df0eadb27e12d943fc09fdd81d673c8ce1f43621632b97c84a23ee75e
9302300291400220000,complete,d9fa2a4a399a5eac9920c72eab7967f4874709afb048ec4ca897b40c56f06b5f,1b6a69faed9aa511cb81ad4293f742d6adf16ee89fb87233568f4a6a9983e07c
9302300291401220000,complete,ef771aa284f4c7cc764f7af19e85e3fe449114274af0b22bb688a49f79cb2309,9fef3d8b36838cd8559d5ab228f5db0dc348d676b8d9f306999d5c58e26e3ccc
9302300291402220000,complete,a930eaa9cf247e53e19c9708fa04a08168987d499e9ca7efbc2e23771d6c0498,af898d117053dd71b502d993956cecd432279fa053e19a8e23d9be7d9a5e0210
9302303843890220000,complete,cc4a474156a8b530a3ab3866b3dceebc879f06086ceab9241b23577fcedb158d,2352fda28e8a513f8f49013f6dccb81bd18a4234da14f50d4754fbc7b13c057d
9302303843891220000,complete,90d2c1f20b5187b3098cf8d45eff0d2440c957b21720130712ac4c76e9059bbb,fbf557bca297c304d1302a9e95bdd220f82dd71f2d1dc29a2e82ca5b6feff486
9302303843892220000,complete,4b9e2eb23cf861086bd3ef3930052ed730174304081bf94d6d9f4843b4372dfd,95e288443923502baea22cf16530b743baba4418c593005a7c0397c050226f20
9302312777910220000,complete,74ec03cc4009a1b3b7c3179badc43f7734e4b2d7b6c3f8034dc0cf4c6a5c9cc2,95e07ca7e24feec91e56b786ce05c7a9f134ce84b29b226594a1dd39b7139615
9302312777911220000,complete,2f01be5da554cde19c627cf21937ba4848fab65431c80912e8b285ea6812bf91,aad1f635d530bf7171bb168c3c26e6c54ff65b3c3a252cd03f4772ca05730d22
9302312777912220000,complete,197305ad80bc80f51e0894e863d0babb3a7eaa2ed8c6941ab83167c85c8aac6a,5c2c71794f260435823daf53fe19d0b741c3a722bf300c39d7d64f2e902df643
9302329791740220000,complete,43841536390a0435bf31bdb298a8dfd321b74926ac123d21e8def5445ce79e81,af2c505c0023a2b946394ac1b9111084e48d4cfc353966ed82466026f53c387d
9302329791741220000,complete,858069a4f8fc151465af7229e96482929864f97692fcb1252e95e08739b0a832,cb037d3bd1bf26db6aa9b79d755d630dbd0ff0265d4a434feb68106ee4ef0475
9302329791742220000,complete,bcbec075c9ca9b120e8928c76941beddbb4f648fd704fda82de3e96e2935c5a9,f5dcdbc8b21caf69aaa3184e49b0d7063b1fb4634cf50de9086a67f2fcc492d7
9302388156710220000,complete,5615019864fe4d66e8aab2cf33acecba6ca06e16799cc6ff0f91941b03204944,f769d346085f8d44710f455f22c26732191aff4b140bc0cf66abd472ee9015c0
9302388156711220000,complete,c59bdccf26d8630a35bc162314346706f550a3316ef6a6e16e0ea0da8287da25,81e7bd26a068f97a2804e4b3d0a8ca610bab90f99adc730b0d5deb9f3c0abc7e
9302388156712220000,complete,5c6e6d832d00174f6df18087c5049c6138aacca52d33d610d274a0b3d64c4fd1,e4b2b50748e336b22d15baec877fd814f9e8c8144c70b7702148c5c5cecd7884
9302641725240220000,complete,55f3f250db0d6ded44fae38c9d1fbc5c6934a5d601e5805523d0470b476c2edc,bd3375b67a8d5f9e213edec5e5e7318e60b90c1a8daf7d8b5fc899afdf29d31c
9302641725241220000,complete,a7e65b7cb4c592f28da18e976c5b1b7200c2cd6a60cb00e0418bbde4bcb5775e,f3e0e948083e521d7e9c4cf0479b855b8d6b733026891d33b8e9106a6b4b5bda
9302641725242220000,complete,c6620e723235a1cdfc89de19e1a25aa39f52b20069e46c9eaedb3bf175ad58c8,a3af374f9db82c3a167c833c16a2e80e8514a1e3844d5f374f31ef2614a35728
9302732066730220000,complete,082e5c2098b9e6747af7ebd7143027144e85402603a93ba9ea1d460f32ef5eba,fb313fdb017d6fcaa438975bd7948bf40feb642f66d80d6760a44796d2e2b51f
9302732066731220000,complete,f954e62145e95c44dacf46be479e90bc378b63e72f0e33e1974805e782ee0429,1bc7a63b0dd695119aac7b07eb7bce68b4ea28127314fbe4afeefda02e5315b8
9302732066732220000,complete,e0eb251e676e6bb6c5cf7b10bee25a212c890f61765c2ce4b993bd483f9b3b3a,7f3a0424cc705a9298dad03541df9311e72e90bde114fb7ce811b58de853960f
9302827837600220000,complete,afad359c0f72ec1a5d800db95dec81aa411687f0bf5f957d04590cbfe2bd4b27,cce9d3e2b806f3203e4b5200990c830d70e5be310feea6f44811987f12c27b81
9302827837601220000,complete,b6dfe015704e4b8cdc7bf859aa541236e7c5af568227e643b7dae642f9642575,c49e2df09c876c74f186d9190ea1b224838c17d4a45a9dd1612c2a67797c24a6
9302827837602220000,complete,d0f523f6d864f921387c6086dca059936dae7b72364d1e51c26cbc5402fd3428,429f525cbf8a0e96fad1a1b321985b3a4b6e455f48a92ba2dacc5c2a7846f8a4
9302879268300220000,complete,85d0c06bdc1d22dab6d5a2b899c7eaafe229e303d3fa316bfb6ed31c6e008b72,5e863348e8e302e7152ad047b6938620d3d734ba4cd65af539f7b6401ae5d6d1
9302879268301220000,complete,46a4c822a37728762e33cbd8232c71ecbb5e8d6826daad5ea2d5ad58992aed6c,914c2e648e6ed6d51c57f15fa901c069996feb007467f119404e0ebade72a12a
9302879268302220000,complete,844606409605aebd70169dc28c34660cf7a644601242101f2299c2ef767e29ea,2bb55d2a7bed68308abf497c216bd3a312a6af771f92496a36c08175566477a2
9303040240580220000,complete,a71d979755fcdfd6e50df924493e9d28da2cbbee7aff36f02f865f8423723e39,ba6d610a03ab60d58b9e535da8be1eb2f5444d3a686684bcd8828cefbe64f16e
9303040240581220000,complete,da0b6ade51cf6951f241ca1e06fb61016b23409bb081b5a77424d17e7e2512ba,65d064f4804ce7d7cabc26216ff272941e38222f1cc483aefd254ca01a14b9e7
9303040240582220000,complete,f4ffc7ba27279b6a81c38893cd7f9416a1be2bfe125407403bc9112beab873a3,c3335b4d7762fb56f37b7e31bf380b48d51a9c8dd7489cf221251060bad36e52
9303131099450220000,complete,5ff9d94d89cb9132e188111fd6bd69dd60b0b87dd16b33dfe924b5dbcb10a892,4c33c7d816c82eca2fc99240d259e0551ee14b6f13253c168289b7c195b2e845
9303131099451220000,complete,aa2722d2eebacd9d9e4dc6b8d5fac45302f1fb0f6d5671e31dfeb2d3159cd902,7b86c9fd354bc4f515b58ddd15e0c41dd98286fa2667a43f6c8a5b619610011b
9303131099452220000,complete,ac3da9d760679e15832bc7a1faa337f8f150f12147e367c78ad1b40b09c28bcc,b28c185fc2d08e283138d0b9ea69f9444226645c16a1156c86ce9a890b9b25c8
9303171531720220000,complete,c92e67ad8945d4d682ad74c102178c1595010c8f1ffc19c0140c1bd995ae6627,ac35235458ba4176307698ac04b273bc17c7567b4ea225bbe83d3c150622af73
9303171531721220000,complete,36945cfbd214af7e586d1553c30fb2bae518d54fe7edfe3efdd50439a67a1715,547672412d58e3f27cec1a9920d8015119a8cfacef6a65ed72f276f7a6f80306
9303171531722220000,complete,41ff285fa7176c178c08797f2cc01b9528acf0481c3025b725a92d06958ad8cc,fce5ce838cab1eaeacb26031a48124ff4eab0b2ffe5c24813118c665cad6486e
9303432963480220000,complete,5f98881222d2434e8c0043422872478826436e0ccb92673772ea80f46888ccd0,1d13f4b2c3b85073c631c157bf5f0956471349e243a6e2a898ed8cea3b01a5ff
9303432963481220000,complete,290b29dd1c1c27b5365ce428a659f35b15a5ca498690756fc0826e3f60a90783,d3b943583a7ec931fb51c99f2816193dbecd8f6d36a3d4aec71963ad35a30ef8
9303432963482220000,complete,00f95feedf04d06b99f799b55be9e6d67a4aa20173df797da7f8df2e98921ed5,9c3aa33ad3b81941951a569c4dae66af007cd98d847e7a1d98906e72b0829963
9303441306960220000,complete,71e9b5665a5b803c100014426bb2bd3be999ac96d6e4b4ad6ba0de5341b0cfc0,b7cd863f3925c472d984eaf8b1410ccf675144ca48225b486b716161c8e7c9b8
9303441306961220000,complete,acbd0d7f7914544252e9fe9a098192a72835aa8af6910c1e14210c2c8367b236,819c262f7fe2b75c191ac8ea5dbd9ab77ae41fc81da11b6bc45c536c1395b710
9303441306962220000,complete,c033da247e9feb6506919e0e5e0541526932912d7a94b1c80d74f65f21017e4d,02f3cab2f899a3c63f9029218e872141c233325471bc8629289af19e659a197e
9303537273060220000,complete,4f602d4bf6ae31f7dd4878cfc5c3d86e550d6e0e214dad2da55ddffd23a45a81,70f300e650c19622ba589b5bfb0397dadd357bd731037ba5fa003fb6d90e536e
9303537273061220000,complete,275b55d411b1e26bfa88a299fee2456713eaeac45b929da5572ef80c50033556,eb2e6ff1e81a22e1c5dfdf63fdb55f3a83ec979cddb65c00115d20786fb4547e
9303537273062220000,complete,0039afbf72daf29dbb9afb5868428c751f079e9133f58177a39cf5e3a53bfeb4,58aceaaf89a242b71fcbd1f21c51e67ceec17ebb76c60f33dcba035735d43335
9303702395210220000,complete,b486ed5dabd0b06cecba1ea0704e431b07aab6cc5d8e4283731d83fd12e5f900,098fb84b8113a522ec16a845170c0bab81af46c14cefea37d09ce9518f987a7e
9303702395211220000,complete,2a0a25a76c2540991ea5bb7f8a186768b7fb7a9ed9098b2a857ad82f92359d46,81832ab5cb699acd3b8978002395977a14017ca51c06ce2c51c0e8223392ffa4
9303702395212220000,complete,33aae89d0bd122a0053795347f0c87344f60d4e17be33c4016596de7cb4e1ca2,48d8544e55d7ec1ab95659dd5804898925f1b22e93a740c49a88571251223903
9303751997990220000,complete,a6e21629aff69d6f2457ced10239095b4a49ccc5aec4c284253b3327f6f5f6d8,2c5aeb952a0b6793cb0c614c34f36105f1a5580b890044e83c80241c2bfd04a8
9303751997991220000,complete,0c4dd2d6e28cbe9d997c7bf24ba4919d4383f3a3b381ff7a26a82266c7086a75,449bfd91ac9b5a41b9ca6b8e7c263d82873b81ae96e4761e9cbca0486a1dbbaa
9303751997992220000,complete,3427c2896eb54aa929c3235d457287b8fccabe6d36fde0bcee801af8dbe27cc3,e1c504cce77ceaf2ccf3034de6d4b06e8e6f04e2f06cab75594e09ee89f1784f
9303802985200220000,complete,481fda1db87d4769b406644d74ef49d43092a3a996cdbd58fe87afdbc6546435,34a8b140925a09e2cccfb20af5396451f088ea003147aef07ba90c47f0949dba
9303802985201220000,complete,f7c76188186ee02ed22850355d9476a73e5b2bc4901c6f56bf2ec5791af38a4b,ddc9806b595f6cb2da0e509ce2fa61fe799c23aeb288587b1ea74ade02fa2e80
9303802985202220000,complete,ff82c025545862fa9d8886a803682f287c390dc4ab9e387e949e20c64c0d3ebc,6b8fe76ebf0a6fb755d0bdb8d1a17f8b1ddc4e702574e51553b9355d45e7707b
9303940154960220000,complete,c178524bef9beee88dfb308f7da3bc79cc28f7e23866bb71dc4a79cdd6c04d7a,71eab0bab343a0e893564396c5b4ac264cf01c2615d9baffc54a8cbe21348a35
9303940154961220000,complete,11144e6324c8f8768e0f47837a89d15981dd79b609ea7a9442c0e7b074684339,2f61d334b4cb75ec6a5787960a26d88d8347e4ac7a517d5ae810124a22fc7d76
9303940154962220000,complete,c3d5479efcffe0c9bcb4055afe5edf1db81c13f310f3b3396ac31427a7313051,0c0dff8081007b86504a3693dc0223da3159f5fff7c45af3f1f8f33e740ebd8e
9304097327140220000,complete,9002433c78480d470d24830fa321b3911158c6f4fcc9276170bc79120861b84f,81d2b7e557ca15254a06050eb07375b5933f65d86211ba5cd636731f44f9ffa7
9304097327141220000,complete,310da2c6dc31dcfc3fbb619fc405c73d583487ef8eab64665d5eeff0fc8036f6,4051686da7c269cfa21412e07768ac03ae0378f5d7359fc0bef1f1c813914f43
9304097327142220000,complete,33de3f87187220be7dfa3c603637d993e8e0aa4025215bc9d2c06be629931f5b,03a7ab30f54f00303f8fb5539a427044b9d9d01d27beda6fbae5cd24fb65990c
9304153372240220000,complete,7d51df3f4067d2e29a7ad212854c9e95c1c9fc8ea2bdebc46fba8cc39ebd30ee,69935a9252465755dc5ba4b9688761d1ce31a83147a59398c0954b6388a13cbb
9304153372241220000,complete,a037129c155f158b2002d647967a1680b118d22175583872ad5a9ea44af0dd7d,1e71d17bcbef67755317b6149826f094d02b113358c90a705b9a26b4864a3526
9304153372242220000,complete,0b998f8ac1c6f1fc8ce103c3f3ac50d6156a2b89550bce750e288765428f84fb,e10fee090086966135696681c5bbe0e33d851d2d654209890de91c2c7fb430f4
9304236580360220000,complete,9372c65f70598ab4417e613f1a3640d6661fbf7587e54a99f27a215c9835bf37,e49ac1342a24a446e8dcfee724c8fdb9fe5c0ebba683c1f0f54a0409a8980543
9304236580361220000,complete,3bd86f8735b112721cebc967ec84e2dee7f8b1e4854864175b9d5974365c0e10,fc89b15df4ed7a892eac8e7f000e4680671c3a304061707ed7bd1ff6a2622e7e
9304236580362220000,complete,3decdea77edb8899c79fb423b32c82c06ab8444ff7d81c1e62ef5b0028083d11,980779e4ec49df51f6cd790b0a85ff031df910808e41bec60cedd56b1269ebd9
9304286708870220000,complete,4ae22cca17b1049f7fcab2c2ca21915a92a05b08e6fe913b9204421e37e9f476,669528ee474ef368156b6b964cdc183b357d7d214d774e23b1a4914d46413eb2
9304286708871220000,complete,dfe22ab5eada87c985775a90c912a0962afddd31d177cb5624aaf197cc9d01b2,a71941996461c063ab665816e8237914bb227fea87643dd6e9759224000aa237
9304286708872220000,complete,2d8b3dfa389af7d395fb63183160dd85b6163480f701508ac040dcdbbeaf4d09,6046df62de663f994f78888544a4d6c57e4f7be782948ecbac0cf20c6d82afc9
9304415007920220000,complete,2aa59f5dd3dc10a346fa697ea8f8b82f7124d761eb3872f4a7343a277f04307b,ae7ec7e0d77ebc76b1d86af2389d7ccadd574c1411ff9cdcd5546f6be49a5b16
9304415007921220000,complete,fe42ed38f9a8f36fc81fabeb34b35d63355c4b6e8fe7e7903b83134fe799e045,3524b33fbdad27152044e2f74e55746791ade1e53d96a218d007ed6f26ac7db4
9304415007922220000,complete,e457abf34ae8e467278e76de3414791f9fc03527ba3ea0d7d10c8033beade88a,fe2e9fec2e6ff24ea1527ae419ff7fb02a1f335e8cd1a7a9ba6c1591131e3a1e
9304429622890220000,complete,af96e43704d5ed124c4163107fcc7039cde98485a9e8e79b3b97a909f5f93913,a933ce04bc7ab13cf2c533766cd118013c353bc9b69a73beeceef9ccb2aefd65
9304429622891220000,complete,500b834b2a6d8fd4c7e98bd1f65c0cbefbf93068bb015f197c3f4d6b5ab3d36e,0e665ba7bf2f46c3ae7d57b9d67ee596442dcc9430d8499208e06d011402d3b9
9304429622892220000,complete,7c21b20d8b22c72d7294f5794f7ad07e3329aeb09ef75b7d2a3832d37e636ad8,500d834836f221621308de39d20e8e687203f105b00e45cae2512756adb123c9
9304532101320220000,complete,722f5a33c5d11055c2ce67a659e0e41c1bc7299cda431c4ca689ecef97fe47e3,c42381d2793c13a60f34868c41460f2df8770bd6346cc45f8070a2c1b13c06ed
9304532101321220000,complete,2bbcf9768d4e94764c79684631df96c10e2f43e00e9361253e40480032e61b8a,db153b9d8276463b4e2afa1a133b06e04efc00842447422a2e66a85a8fef96c9
9304532101322220000,complete,2ecde4df412dc7779e15100beb1755d029a74023d88ef5a2e2627aec35b7caf9,0ab4e6ba8e875cd3a635e3b3a198cbdd14317e6359a16843a46f1c5b5adf0639
9304612032260220000,complete,1552531eb9e99a8cb8af9e1f6fdc51156f9eb47e061972856b2b17b93ab3e2b2,57d8b915b00a95078ce564f544873798018d601ea995dba0769dff56aa6366e1
9304612032261220000,complete,dda69b7017e6cd31a96dd98f1cdb0f587de32aef71d44cd9bb6049655bfabd89,f4af983804b1a86b09386c0586a349a45dc02de7ae7e6f294d7673f73ecbb37c
9304612032262220000,complete,5419a8e65704d7b822244fe2439952b4fc16a30f7bc230928ce8753d3d9ebcfd,342374253a21252ee6982101956ca7bd1a185dcabf150901100f5810f42a1800
9306005898020220000,complete,069d057386d200dd54d5646923e10a8130b2c2e647d1b60aaaffe23279a93cd8,9331dc8ed50e3322a8134677699d3491ca176074834cfa63d41a71d38870215e
9306005898021220000,complete,392cf19d6160cb9d523d47fae4d95c09d9b7332d376a1428e94f5bd0c32eee42,b9d1253d26450c3953a478717c25873413c2897f6e04b27652ebc0289d291358
9306005898022220000,complete,b32872f6663d47e52c32f188657f8c0cb5f431a6d6d5feb19a9b1bd2a211a049,a347df50db088beab5ba34e194fbc222228fda3dfc852b5783a3302bf7b9ac69
9306103375530220000,complete,84871e5de9f9af3a3c68d3774a1a6491f025b05e374536f683dbb0d0dee7fabb,1b4c059ecaf4a23a602f41ba76e2d42e36a28ff06c07e351f48112a6882bf383
9306103375531220000,complete,2ff814bad0b92c15e67977fd756921c0e2954be3894879a7d6a1ae68c7e7eb31,95fdb1c92acb0e245eee4f04e8623bad5a456373ad8105c20f2ecc8119c28496
9306103375532220000,complete,f2dc52b9fc51413d42ef2f0eb0b0ec140c29b89c20c15df600648d791b86a190,e3831a746043c866497535cad4c479ca3ef659a813c1ec731b8189192c02abbc
9306311612220220000,complete,8a6e832283a6d72e8ba1479754db062a64d0b20443e70d3b9e50213ace58ac2e,a0ef481ec0085016bb682e4610d6f8514fbad6df5a0592ac716e1d483a807a3f
9306311612221220000,complete,61112255a63dfdd6c9d59e8b983212794796f33b8f77452e244a591c029d3f8d,8141f4df0ec3cd44fa199880907a8d8e32a20362aae1ad3a48a243ea4ad65209
9306311612222220000,complete,ad7ec72e8f3deaa55130f759efaf8f49e1ac2dc6689b0c512416253507a497bc,ce6065834d847dcd12fbd0f959c0af85d65ad619f6f4c5a3615f80d76864023f
9306313449570220000,complete,737c2be7e1fd28f60cf3d7fa4863e32180a51e5b493a93b6a05846892f037685,257ab306f8560ffb5141720780169669a3f6f175baae85d4e630ec110740b294
9306313449571220000,complete,093b439d7a01be0743eb5811c47c490fd776e93a47872a315498219033b9c0d3,67e590061fd2fce5ce966db710adbdfbaf572f354580e6cb587766ba9b505c77
9306313449572220000,complete,dc6a9c85b5e81463b6370fabb673fef74c1e6b27b10e72706d370862019b6480,8e7e4e1e102c5f6d3dc6c19df4a89fe8196157e99bdd2e1b20153ccf9c607258
9306325438790220000,complete,14ef3a8075eeda3429c6ab08be95f7a11c03d94ae27937be2ef4a1dd0817bb57,0ca4cea0ff10c47487e94ebea263527763d2c377c99136325b6a746b8bb3da57
9306325438791220000,complete,125f53113a9a8c775fd2e1d831535fab666d7e068f09f3eca4c8b7130c1f29bc,a7c24f26315b1a36d97d87be8c0a3ae8f3ced5c4fbb7906597c7ddbaadd080fe
9306325438792220000,complete,842f7651bdee5ec8f2abfc66f4f5583ff8417052dc5b21db24e2ebea627e4144,bd8e1f9491f1ec3db7b7b20116d33039a2a6bf1274dace49d37626e5829ad93d
9306402014500220000,complete,62f6f4c95326fac0b91767d568c133c2b3fc88bb8399844ef3a196af487b41b8,7c06e15b35a4e1e188efe9bd21153507fc28f59a925914414205b61b45141a12
9306402014501220000,complete,97d16ced9545c58684bdd697534f609c428badfdf25be471941089c789f19d3b,6f51d34d48d323dc65cb24e0e74cc9dfb14843e6b7ca49fc0d059169988ddb56
9306402014502220000,complete,3d695b529b795c7165ca38a433fa2d15b772609326d1644042b79adcbf33724b,42f0c93bfa66cfcc4e1b31af1fdf55a44815f3800918b19b3edb3cc097d99156
9306514625820220000,complete,be4d86cfdf9022dd705b9303a1e2ae7b8d4d785b0b16e556e9345ec41ac3716c,857894cfb2da9553f0efad4891663d515b80c0b0356286a86f586c65b11c6e1c
9306514625821220000,complete,81519f6fc7a3dc0fb6f6173986b5667aaf6d2a11d6f0cba1b08a09e6de21f530,55b1f412696a55fc6cbee794463b1157e7b86028240999eb62f25a7f9a4a0a09
9306514625822220000,complete,58165e72ddf0839fd6f89930d1de4f4a427260a49ac66d3704abf9cd5aa33858,babbb2a0e4180a3812e47da368f90bd64af7f1cfa5eeb908d63d381fb6cad6e4
9306611196730220000,complete,8117de419d24cc4fba5affc7fd4940e5e6a950a3f4b930c6b797576eca3779d5,d377d7adc3448cb325281d4ee52b1a38cc76152dfd08f6409ebd97f7f5f47d0a
9306611196731220000,complete,940e93240843b1f52cfdbe27faec385afc5e1c638dc4f1a4e4b5f808593daa5a,8ba023c466129c96d98692b4889f428e8bd31f71157350331c314758137a8d18
9306611196732220000,complete,66cc373a34a4e227ef0abcd5d577f0f2c9553767d132948289597bb82daa7969,d9f4060db73141779d97880b1a8cf5ec548ce6156268a88457eb8cd6359792fc
9306838374510220000,complete,e7a6bf08d590749e82bae9e0a05d148517e838568fc21afc2b15650dd73f7eee,e31ff95edf8a6422e88a18d6be692c7e48a4ae2306b0f7a27e9757b96849613a
9306838374511220000,complete,8053acff5183fc931b95ff86325247fa518c73c79d1ff06da45b3f435eb45f10,ca0f2e23078c5e26c7be5f05460e407c870473c2e1493620b3df1eb94bbaea86
9306838374512220000,complete,f2229aad62077a3a2f1c2379fa0632a1a83bfa2f2c9dc6dbfab93ee719371769,7fba28b4b8257e2e7d173f4a955d728bf09631d9abe767cbd31a68707ec3febb
9306854105700220000,complete,3dfc652049d14a35023efc854a6ddae2f5fb6b201e6c0946a7ef40c7d8ceed33,af8a74df3e3af95986abc151e2e49917159d1177c1efb95c558625de6993f35b
9306854105701220000,complete,0d8bd5b897bf63b71d045829cc115896a5e260194f58df18efa46e9cb6b422f0,d264340217a5d7bc110d1781511be56a40662450e8968548e2aaa1e047bb7e4c
9306854105702220000,complete,d2e7a7accfefb730a6fc1617ff1d4b0e27b0328caca5a36d52d9f1a987037d58,2b38eb58ba196fcf2e6baf19bbe2c87dd518554f9cdaab085e6c5700ce99a7ef
9306860442190220000,complete,b168da2f37a74540a578a8c9fe921991393eb89cbc641d53eaeb8768104a5dac,f12b85241c2a96bd5e2accbd678e363ddef3412436b7b1f6e09c045ecb29a2be
9306860442191220000,complete,f9549bf7ae066f64808680604d9eced5de189382cc49070588c43a8378aeb5ea,1151343497e8bc35eed042c937e2de15764a9f571776ca498b1d7ade1c78ec82
9306860442192220000,complete,b54c427e19dea648a9027613242455a8b7767976ba6a6bf76873b125a0b9b9b5,6f0d71ed6efbf2b6f9e479424c158bf3c0ce3f2c5b6ef77eea3ce19a9e5b763d
9307124068090220000,complete,011f5ebff3572823eb3785d4dc5f505deb9e1a66005b3b1a9f414be50b6c04cb,c884b2c98923d2047980eb1ae4ae9a56df126c82e14d3f8e8a8aa3c5452ffc34
9307124068091220000,complete,4e606009be3cffe3e6662be389bfb1557140e3e5113c608c40e4ad07f0319310,e4cfd212f4ee71526f62ccc772ce53b3c486bb4c3258e4a2779f7eb3be300d2d
9307124068092220000,complete,c2ba41456541a6438dd85c74117ef24667173b517104e6cb3ddc0507493216ef,5861d8518d611f65e1abf01f3c48ea263a8091ca5616cc283795f0e5dadc6d02
9307241288060220000,complete,119b8b380b5787c01a3732c30402781dd2b91b68d789eb99f97ddd0ea96bf0bc,e5c3c8b8bd450f6fdf8d816da37b8b33ebb1464ea0221fce54295f2f89c472ee
9307241288061220000,complete,b8f5d3af89878cf6f35a18d508f2c39e7932c0bdc23ddf4fb68f1eb48c9198a3,1008f7e41b608987920722e03256f231fb504d511ac6eadaa8c01930f85d09d8
9307241288062220000,complete,e364cc7a6e2190324bd4b878cfe157395b40723af71395eea0abc248e0745f0a,1970e58080d425dd9fa83d26de11df5521ac611fb41a8161d7ec6780e5401e9c
9307330303840220000,complete,d6cb8dbd71ce1c68dba6aa041c3f47dbe40441e246dea9aab1ebb1e9854d84db,006ecc5d31e14b9182fdaed26ff1d18c9ca2ad72cc2e0047fa11b8f157601eda
9307330303841220000,complete,e14cf90d2b19adee0b2b836707ecfa588e84dabfe5a92a37fb1427c274955c04,cf75003c456d1dd4657ffe5b9d5c9122d68c7b0db3d29e19d7cc307fed2a4d83
9307330303842220000,complete,85f1150c42bd342333ff916189bf7dafa7ca5b92b3f8aac2df1a2f19f0112d6a,bad976c6fd10affdcdca63b9da21a6c3ef8e92f970b9a68cd1597c38ec9b8001
9307620005030220000,complete,a10ccb6b3fa623a0cdcbd6b9670874f4a6c7cfa5f49b3fcc9c2598dd5d3af804,9b300be22592bdb75c605d4e1ccdba04d52fa38c672a1ac5c47267ece2ef354d
9307620005031220000,complete,5455aebfa999ec66c998dcc63466851ce7ea4a48bcf522c33eb65fcb5143444a,b053d0bfd6e238e7fa62cedbea0b739ea209ddce87644dc64113e528c4f65e27
9307620005032220000,complete,5049deb47654ca9cb531ef4e146d033a309f7860535b2b79a0b51b3affbbbcd6,6768b61eeca760a0066b536d8122a93c332e6276b865508161cc270903cd8d8e
9307755642850220000,complete,3444d952b2a4eea3e6ff5b4751fbfe0cc13df4ca8ecc0d182e955ffb99a6169e,5f6f23114223b896222667933b0fc64d29d0b6c51aff6cfebd16978eb321c257
9307755642851220000,complete,55fec485f51a3ab63b7b5526878ebea57c5d466ca263dfbf1578478c95320ccf,1ad455e69c3eed76fc330722b30e1b004a45e934ccc8b5ddf30f1500fd6de75e
9307755642852220000,complete,41135b5ded4f1b5070ab4246e5e9aeda3d7127782e59cd4cbb8b56fd35a28b4e,cb8a4fe0d94633b2a53b578768dd14deddf8fdb01d2c75dcf02c49922ea19e4f
9308001263770220000,complete,13bcacf90e3cd94c933d23ed03d82d242cf0eb724cf45a6882cbf3d4bd2f1664,e87db9526a08bcc1b5451ba3f03b16bba6ff59894979cccddce7ea9ea8fa4790
9308001263771220000,complete,d0d867ac0f1a13f9606c2cce21e0beb96ff3414be33f4349ff1ff10b2ccd6804,08e62e89fa3d3d43b4b6538039c4f7f82c3d543dc58f43132d077c0cc08841ba
9308001263772220000,complete,9a15f6e5b40c680e6e9f85ac66d1924c19c08e078ac60ee283a9cb42f463ed6a,1f1b135ea00a3aea64e7c2e67a4ec04a17e8a9ed5c7bfaef7ff7358835f04554
9308001538450220000,complete,5fd05eba161d00a0c372742ce0c9c75b1a7eb6abb445b8dff0e1e73e6f59329f,e1d0a0f9db2560b9fcb0e9e197a345e36f7de2614b566ed0ae3251c2054623dd
9308001538451220000,complete,c3db1e03119f2b72f4544b3b8f57b171540d3137f03326582465da1ae02ab163,9f50bc5eb50e9efb34ed97b40994dc1d0d3a2604d5e754f540f4bf6bb633c28f
9308001538452220000,complete,8cc92ced2ab930b51cab4800bfbc2af335cd7940f081f5b2fade4b3e9aff51cf,a4f10183523264ab7f26233e09c1ca7cd8f0e064a28a00e4b1be27570ae1a33e
9308004208120220000,complete,43d31023bbfaa343c96fea39d641fbb4c6bde04cc2184294c7e8273361199a74,c9958187bcbf1a7364cb94c5785eb52a324b138ab51f87caec83b1a2fbbe06ce
9308004208121220000,complete,8e68a2511f5846b88c69610e21711f27336a213cfeae8e3e410e0b6f16e3ede5,8b3487d8c0301de4e9676fd4594bbc754e240b4c8184b3b5ea4012ab165cac54
9308004208122220000,complete,1c2af9814e58b56ba6d2b77249849ec47ca1a154586843b105341a760730359d,acd4d6d4ff9e6d0e3260a26f64ea186d797cc236b382a44612988d786ac9a402
9308048997340220000,complete,ec8f772e29ed166aa3db55e593b755cdfca4b95868ddd4b158c0276715d9f977,0f185498b6be4ddeac723e104dd85beddfbcc2ab00ec7195d81e89e136134c1d
9308048997341220000,complete,bf90b461b4b823c46641835e4afa9f28e4db63d0fec119e8f53873250fdc5d39,dc7a9bfc1f4affa3cd177ce121ef2d15f517aeddc6eceaf83806bacbb0718f21
9308048997342220000,complete,d65de17a896163c20294acfa8673768ae28f19518309dd867caa2d262372051b,06032631c56ca5e1b51a115ea90b673135fde4e930d2c804d6369dd910ff44b0
9308424510900220000,complete,dadf63f4ada8e0fd660fe642b3c4c238b1d944b9c11f01cc7b3e974d93f390cc,ea2be61efb6f9d5a5fc441031242e9c44eba1e1dc51cd4f1fa6a1061046e6b41
9308424510901220000,complete,6edcda17b16154c971b9b234001ac57f2059458705c656ab3fd3225901ae7eab,f602ba1129477febf41e91154b044887f1c3d30d51b212852213dc5ba04e3261
9308424510902220000,complete,42b1da998bb84f0e7c8bd5868e160ac2948e27e511e4aa7aa3332e154ef7ca9e,c7f4de3b338f23684f1603b5871cec2cf84885ad6d1f7dd99cb2019f01faa7ea
9309002281440220000,complete,8e1cbe88175c4350f23bbae4c10a1f567baca1ab727c0c078b88906f7cf05c18,900df6800a126a80b09c8cbbdd984f4460d7190eb2cab2f572d891b809d5002b
9309002281441220000,complete,19feca4f001869fc3ec69e39fb2d1938776f8d2f7cc339014dfbd7dab5353b04,cc214fa3cc93f21f7f33e669a1d78c482fd7fd6ee932a4fb00ca8c356d48319d
9309002281442220000,complete,d7035617406a701219f3ef6e12cb0425fea8a51eb1fbcf90a9d3f06d7fddb666,8924887adb27d86d5b04974900ebf5e19aed3b967b11e30d186391db6f0b4ca5
9309007625640220000,complete,162ebfc3acde0ac8e61fa9096185d2b11a3237a2ea8238d60a7c9abcc40e691b,63424fbda83e7707ff435ac7960acc05d4d70e7d2210e93c1fd8476005735666
9309007625641220000,complete,6b9c7d199c94520f854e0880255968fb787ea60a62273bdddd50f4726e713847,b3e1aba59680755a6416a135718f63ea40eeb705942d0746257f6a9ba9f854ff
9309007625642220000,complete,2fc620db50aa615598d773af5231b6f03f88da9d37769e84472766979c4f9a4a,58a949797ca6f4370498ccc7ce2fafca434c6c4ad5bac0d825ae9a521769f438
9309025145720220000,complete,3da20370fb3ebc43c1b4393fba3bdb7bae1118d54178424c17f179738ca93906,4edc7f3c5b19c3c460c582fae0c3d12d7f63f7e8b7b68aff98876be523f92f88
9309025145721220000,complete,702dabfcab4f816a9e493ec15d7a95c54ef2e8552c09aa0906c813908d5df0e0,538aa6f0b7f4189cbc7d192288d6c815ce4b4bc8efae7fd40b964a4999167a56
9309025145722220000,complete,20c8a6cb126a5f108033b70a47d6f3e2295fe94303f04db2067b22153e094913,03698064df4610f4dc72d40bde4484f609bd3599b5a985d9033478ac1582dc4f
9309510160500220000,complete,aa3bbd1ce7a8f6123e2bc4bae84f36fc584925689b51e3aefdd2dbb904ebe72d,30f19940c1ff32559fcd1a8105e9d01836df6beac0ef2c1661e181b641e52ab1
9309510160501220000,complete,79a16e930c18876d566ab9de83fcf38445db11ee90d517fc780444b879be6598,21f93261f3b00152e571dad4c99b522ffb5ec8cbd23101d2625f8f33b46a85c1
9309510160502220000,complete,91f4d5537c83e0140d2a28d5caaac9c4637686a1c77a4f4b38b6bb1d67938800,e19730230a6bf49d901e1bdde3d5b56be5b5c91bc9b04d9ecaf4594cb75b3c5a
9310015453550220000,complete,17ea5901761ed82cb3da1561c87f2b2ac70addbbc058b76022f00b62310455f4,11cc36c42ee9497dda6572f854dfccd68407b6f97daf6b3fa14fa9e2027631ec
9310015453551220000,complete,743f194e243cf3a839948771c891daf658222100141a3258b94c56bacfb86dc2,7440786155298c582d9f800eac75052de5d578de45b6c0416abbf00e782bd81d
9310015453552220000,complete,f10d6a58084bcfef8c2e15c2150bdf896a9c846c6e7858f09de58e0702fe4a4c,4ccdf69f6d17e8ffbd4ef8b12275e579b4acb4d1c691cd5cd1bac68410441667
9311022426920220000,complete,10bff0f3f1db4c567df576e23ff2ba9c3298e0d67eb36834095476ea32ea7761,da03ea9edafdfb9f6805abf528f3948fa19ea7cf42cecf54c315a9cc2247eba1
9311022426921220000,complete,872827ed87b7912485c25d00ab71a048586dcb4286331f5ffb54b7ffdc3c2c4f,70d43cc738267ebe16716f80cb13e53f621a403c2031890f2d1528351624b24c
9311022426922220000,complete,a4fd6bef021b73047c68a68acf206ff8c1aa0f0d5317d75cdeefcd26566fbb0b,f68db8bdb0640cda263c30b5c2fee075777144c1b417e8c44c4cc720fdebf326
9311023464720220000,complete,48ce8040bc66e85d2556024d21d91f1a604e9fcaaaaca4666c84d8cbba175fe6,e165d82f9d74f351e0e810a5b79d62985f7956c2cba63ca163010d379162770b
9311023464721220000,complete,9fb03da509c3a9273a3f2a11654d94b017bda7826c612591cd0df3531aefd999,6820a6cee3fe8e8059742f669fc1469460cf3558232b735f2dee497b7c5dc6d0
9311023464722220000,complete,a98fbe1b7bb8fbf44f4f879692950b550be8ad59237c433d2ade953ef6cc713c,6f7b61bc8976ee72eeb2679dbd4fb05af1b7cca6c872116ffa84bc298c6b0637
9311085050750220000,complete,7148b1f2e008c4b187f8a63a788d207e68dc307b1362a662946dffd8c39ca5c6,e8250c7ee1d98ecbd9d8c34ad47958ce7920d6186712ef3ee574889a129f67c7
9311085050751220000,complete,125cefdfae0f8a915d20076b00dea13ac1b3f7e741e0afa0ffaaae17ff557817,84d61a80a37b10cdb483e6d775488ed5cdbbd6f78fe8f3be37699076f7b87c98
9311085050752220000,complete,abcf5a1a16a36fbf74f3ac9bbfe57f8b04f16235a69a45cd20ef339966435477,fa6de0841e79277a78eb56424a148882486bfa23a75faaaf3b6573c0372b7263
9311734239620220000,complete,42026c5ffeb712f6e767cb9643825a1bc78ca15520e91c90a0927b0b5f916ce5,9a8cc8b69cb5857feb4636eb20aaff133ff92d40ae37244dbb620e7e29250396
9311734239621220000,complete,610f35c5085dcea7ed2f8307a9d3667da072a62bf019bcbc244d7e2b7ca3a15e,5093503fe77e907ee2c3e1a0f910e014cdb2f79e11645af573f737715612c20f
9311734239622220000,complete,da6f867604cce458c09758a45e7408ec98139cd3782bc243cbb4dc3fb541abc1,dd52586e1461275ae961e00c8005339d3a6021fa4172cf2684db137acad14806
9312011942720220000,complete,5b3a6cd20c8782898a10ac72f25678b787db9a58c144a454ee1c7b51344192de,79f0568627439fc5a07d8b3583ad9d85da15a5087fc6fc17614cb289ab59b221
9312011942721220000,complete,8d8ce47e36731fb479383c8383b7d3164ddeddb82de02578ab1ff4903763ca76,c7950effc0c12106c019625588284d72454a1608d3aa4e190fe93813ae4bced8
9312011942722220000,complete,5669588e2376373d0eddc39ebd8890c25cd3265275d7747506bfe2d6f4765184,a4a5de468ce3497d36fa14d7437a3629e93428650e7315b59ed3c4c7f85aaea0
9313091550880220000,complete,5d538ef5a6a607304f0bb02ddea42c33b1011dd3c06437241a4b7d377deb10fb,f7591f91cacd32ba1e2ab6d40ef7eab67f709a2a30f7a19ead45e8c43a0839ee
9313091550881220000,complete,738b3efb27904de160d7f9a45cd1759e2c5396494fe0e82741436ee0d577cc73,042288b76526baae37b0cd90cb0660478b2b098bb323c7c884c346f7dc1e417f
9313091550882220000,complete,df350ec1f7e2eee473ccab7e1d4276d975e47f4710b0ac241a8b78bab5624ccc,7ef55658b7dd184fe1ee500e07553d62a72cb3cf8251e056b79e47b2ef9e2e0e
9318604393620220000,complete,b747840af7d95b9cff1b876859ac4ae7f59d099a46e70c175475593a39766fa1,e4dbe7cc6e5953c32701e59503713fc4cf697a34c23601e74814926e375059f3
9318604393621220000,complete,48e71843f35e3a36dd0f60d67f9f76377bc3dd56b58ec78f417ef0edfb82d6a7,74b33fb5265481b4447609409c1385ecbf372f449d5ed3e15768be155ce33845
9318604393622220000,complete,cf0ae613ea4241dcafd208159cb764ebdb5ddea55394c9dac8bab4e854781309,4d23b101d8d1bfe0cdf8d882e084fac32811a25ff10fe760b9a709a1cf66a443
9319440494270220000,complete,5c526acb446b61616eacf27692f7ab1872a0c71708a600832ce878118f212942,7c5d45d0b360a18a1825aada31e4d60bbf0671f76e3c50d7716f17ef1b545a44
9319440494271220000,complete,dd435475d8cb38b1ec5e39fe5189de8607d1c551363d6b42dc236cc7b5e90f82,e0415a7644b92b49ee14ca96c7641720ca56c1d99d80766a19e69e6e1451b346
9319440494272220000,complete,942e64faae7b5354a6407ac9a0fb5c272719ac7239e433d2b373459075145aff,467dfe9960d46ed026106a57b39b2d4c375c2b82428b68ba839165aafe85fffe
9319892588830220000,complete,45580aea05958f004654fcd95a08d85d7d1fd6952837bd665ebb618df64d5b3b,b74ee139ef85f571ef9c967eeaf8c68c2c0f91faa7bb38ca6237330bff2328f9
9319892588831220000,complete,33bceecc58848737e7593c8f4fb9014d7a5d6b750b0bffd9a30ad28ec43519ba,5681d298002b8ed90c6c231d3d8d7432af6bcd4cb7e3fdb75a141b6384b6a651
9319892588832220000,complete,9927fac0f42b0730e0ed73b23ba4d825c9ff155def520ce9ef7055c02e12de5c,18ecd870fa753214d8e20fa0e3052551fd16b8c3c8b51cb318c96a1b8f3b6cad
9319898666340220000,complete,019c77cdb1e06dd8d4902d60ffc2561d96fb27d0ecf1fff45129efac2b870bbd,c45a6be25caa13e5e024d9c88feaffe8d40f438a4a4d4ea0e9dbddae08aa2ccb
9319898666341220000,complete,fb68790ae4271698615e46e08c8e95a619eb3807b190be78de537acaf2230afb,dbf0fcf82d1f39feb1101a4399c413631e9868c48a50966420490cb9b71866a7
9319898666342220000,complete,9d186627324cae729256679b5fe21e99e9c86b4de3054b76d618204ec92b8036,ba5b6d66e355b7a797d1188900f2c6c56b9af30b2dc09e47c23cae6784df7af9
9320264456100220000,complete,d6ce3481fc98e2b79eb9384aa6b9500344da0e4ac9c029d32be645185ebd3dd0,fecb22816bdf761b53cb0876e99d7faf53aca1939e3f7c0083ddefc9d291c8b8
9320264456101220000,complete,8cae0df8b52b32cc6fcffd29c24c688fa34d06bd33d5d64c5433c1e49a29f06f,7ec75315b4ab64effacefe862be20edd3bc0839111e8f4ea09c406df2a306b6c
9320264456102220000,complete,781fb715382d987d5728278c727b0d69185aa5b1d2c54e04f09c904fa5ef7303,4d6d5d71ef10042b7f484436932cf3e975d28594bc402e856cdbcacf31f02921
9320459706330220000,complete,8807e1b1746ee276777e2d218120636ce8e93fa669f047988c207be4f60f5b5b,8b67478a73eeaed909bfb0c1dd800297c6473af684d76d998dfc8e31ce894c47
9320459706331220000,complete,b945910540b7f1140c5f397ae3102cf318d64d15cdd9e7f307c8eca190d4997f,db132737f564e9d88d2581ba7a48d9ce5a1f2f3eedbd2bd2e6178a4e91e8e624
9320459706332220000,complete,71b97804321f55d7b8ecb8b2867b6b90922ffef245905290be4e7320b923c6dd,c07996c11ed25225499a73a3ba1cbafc27075228b8717f4ff25e030908c2b86a
9320555040100220000,complete,76b7b94f045fe24881ac1a9578fe2c0d7ec381d678956dbb45d20fae9e0ad983,9a4c51c85ad7ad9989ee09cec9326ff62b733a5459a8ce8bb4ccede057c26307
9320555040101220000,complete,efc02faf9844e7f7aa7ff462d0bb896bfe3687409bada6a5133761831e474ec4,2fb1ab92cbef9d0ab0d42cf621a518779299914634a832afe0dcd14738ee5afe
9320555040102220000,complete,047701676e65244301a991731a1ee3f26fda367cea01def168a1ae95e7cf5f4b,98a9fa9dda1de7dfeb590c86283a7f2f03c4e6453f411a5d23b6c38ebc471adf
9400000000000000000,complete,a0904da2f649db6cd17df52fdde6cc809bb1f91dd57d0bd9e06d08cdb1732807,e387fbfb68792de5e3300ddf1b02c56248132966eb6202ff71f49ae71e907cd1
9400000000000000001,complete,42f431889298b89993d9d17c2c0c7952d8115458f6770a1a735d092d23bc686c,cd676b0aae566aa95f8dc1c07cc235849e7a01e792aa3166bd8cf928faef63f5
9400000000000000002,complete,528f9babc64414e664d8438fd71a8ca2294bad2e427af475e5c9249b56789fe2,2d08178a015d4252748a3db43c09283f637ca99f9c398a330fcc2f812cc703d3
9400000000000000003,complete,905a6d71ca95219ac620ffbb5b1d7a3297708a51536cb74faa5b8f34914fa978,9802a1ac5cc04bd92712a088620111ab59645ee7de3a2c60448a9ea87d5d5f64
9400000000000000004,complete,6d06d09b2c298948a9a77bdf75f596650bf9a4fce33a2522cab6893e6ad237f2,c6e6512e90a53c1db696f683e4a0746a4d596bd776c53a159e4a5d0c58565ede
9400000000000000005,complete,9bea9fb72c6399414de83526434e3c003d8f11e32445a640eaa69090b28ae60b,a8498b1b551cd13bfe1d58130ae241b29593aec081ca6b0ce243aae07b42e946
9400000000000000006,complete,a3ee8864645c45b745c8a1b23ca32c3c2233da253f1082306b193cd7e3d753d2,29f7cdb76d1716bf5b0f3d61591b9e1df44b09872fcec99a1a823a1021e1c21c
9400000000000000007,complete,3c5967acb8f3d65fa2f65a5cd05283573a1b1e2e99d0c4b115c60d386fcb30a5,71fe3ca489cbbd1d03f7717451daf059893188ca7ebc6787df5088211b04cd26
9400000000000000008,complete,b1bbd7934e59f7221de8ebca429451d6e70bf9ef3689df5ae69a7280f3736303,410f8192c78584532b2069eee31d8edcc1055bae5e94cfc7c08c259a62017270
9400000000000000009,complete,98a67060bd3c850047f93ec94f8de8bf59ff3db4a5a12a495dde6890b519dbbb,7eb49c438a0a7ae16c582cda144a59fc14cf5d80048a6e3a14ad45bf23fa2fb2
9400000000000000010,complete,144b1e0df7b22f3ab020a078e62600c7b577047b05e3c2c347aa0a7a0cc0f703,2647d53df5bbe8d0d26c201f18b6723a8b944535e453436f0f7cdd7cecbdfcc6
9400000000000000011,complete,5f0cd5aa5f71c4e70449fe530be336b2e0374ede043e880985a767acd860bb28,1e80137c25636924210db56b5a34752ce4478bafbfcf7c773a65408a5292a1b1
9400000000000000012,complete,10c599da9979879309d5d589fe8a539f1c03666285e28d74937c098da3593c9c,679495fcf06c01710d927a84f81e276d6ecb99bc7a13950199338fbbdd5ea312
9400000000000000013,complete,5830ee72537ed2ee72a1aaa115b6a85f14b3c5af2159a51a83518dfeafb57944,c820b4d40f11fd3e8d2d5e1bae20282c66b53b2aeca56fb0d02b3ca36834c8e6
9400000000000000014,complete,2bdfbcb019c597f6309f5ab57b464ab82fbb17eddb1754cbe8395bc085abbd57,dfb539c510ffa09bdd98be7977833bbda798853314d173512f1afc9a051827ea
9400000000000000015,complete,8f2f57ec5920a69f1c78cd8839d6ce43b55dd2ee661809fc62e3e2ae7327cff2,e6d6dc378cceb31171e5680b8ed741d2cdb7455b1ecf1ffbccecfc36d1027340
9400000000000000016,complete,8fc17fe6d79e61097e1b695f9d2cac7c1b04aa24758b976cf5e6e6dfdb9bc6c3,b48194b296b431bec14e669c37451e475dd7687500d8a314f9abae391aa95429
9400000000000000017,complete,ddd2db5d110c038cc60f7eb79cd180a450130f8a27e9dd2ccf327df19d940e81,b7f6c904507d3526385238b1228491ea943269d4a60b3916bc365e1859184fab
9400000000000000018,complete,48379218b5004a4c4a9b664414d3d6045357fb938f7458eb2dcdf30d63e91521,3ba2c82016dbcc771838d0b022c75b4f0eaa56ad0c1a2c5bae5d95aea09246e7
9400000000000000019,complete,eba00ac5fef5afccc41491d4009015735c7e4e450e684c3fa16e733cfa0a5a1b,06845dc1194b819457fdc3578cdb5a5b066e978ffed18c786fd4572d74500774
9400000000000000020,complete,364406fd90e7ba51ca32707d310c4be179e63bbd4e4a60dd222560e5b6db5628,8ee647a23dcb72e12c96b9b3c5cdd9116800e4f2a35ba434a71ecc78a3bbb58c
9400000000000000021,complete,a916f974b0f1bf6b449e53619ea969a050338544201064cfc816ce1a9953db90,44fd4ca3f561c2bb1e8229621c59ad447cbb016e0ebba1a6b127efb548c66f96
9400000000000000022,complete,d69f1e7cee1b96d483e95a304486c91c6195c4099fe363a502ec51ce70ea9d5a,610b5a1412aeae303565aa5bd24444045c6d620980da0d2eca7635956ce93249
9400000000000000023,complete,b8b709c2bfef78420a7f6afee3605abbc8ebf59ca17a44f9154b8eb2a252f29d,676a940603a7d7cf6213ca3c25419bbd4724f8471b1ea1d95c60db9f11796efb
9400000000000000024,complete,73824ec9a6240ac054717981ef4cb48559d347e74b0c8307a8a091528cb3f626,78deb35e6d1c511483279ed9124f7e87028bbdb088c9287b00ca42643d58ca61
9400000000000000025,complete,f8159cfb14280b5a0878bfa6df658243de4aaad5a5c2f2d20bde4be937c952a5,a89e256a56865f49160f8da476b53d5faf019a5499aff9ebefba663aea435eea
9400000000000000026,complete,a5f3e35381f90c4f6dbb013a2e29cb0ded3721d5474a7aba0163b0d2029d6d95,91f167a1f44ce23545722b00cfdb70ee85adf825d3db287dad951b32abcaf74a
9400000000000000027,complete,09c8d3e28ebd04dd6f000f78df1e2ea7e9381fb4f856d22236abe0fb91447c4c,36893badd09f3e97ebc54d2424e5aa5d42d29d8f9b66cd54a638d018775eeee4
9400000000000000028,complete,f73c4ba5afd227d56e48ce17906aa541f8b9db5b2d90cc26e0918a69c5f436b6,0390a53633cd723b54682a228ea457048a965a989545583168ce3655db8405a4
9400000000000000029,complete,8def6ce28ceb4d2111a6cf89e6a29649eba6a933588130723bf2bb0c78b8b13d,949299d4c8abff60175ed09501c77ca96bcc4afb30451147828fcfe0b206ecd0
9400000000000000030,complete,455ae58a85d233a7a7883b10245fbf9840c0f4724f36d98debff3ae24d3101e9,22f558ada3c907ca6f05eb40dabce987c8775e92c32126cf3e25985271d7edd7
9400000000000000031,complete,8f6cc3ce7dc359f276605546d4b0d6e96cf3ec9cb88ce3a38bdf87966b5cf274,c81ef9013534140ae83374da35b6837ee76872655b65d781c2b65e170be4d8a0
9400000000000000032,complete,a42560da33770af8fa2e1f48e208d90c3419397e0e1248e5c42d12d54bacea5f,003742b05dda8a21e671b2b4d3a267482d7a47e3a0b4289a30188029c6581bdf
9400000000000000033,complete,e84fd458c422f19a8dc6241b18f772889140034b2d4562df8575c6d65396b1fa,c9809e62fcc6eb803dc75b4a833ed6a4a1656727ae9137419c0501b570879da7
9400000000000000034,complete,4073fc0fbdffe0d815fd7803edfd763f9122f52713b769e3612a2c4b930cc622,34bb91570775fa9f08133c28aa3ef617c37a7f7c16592c1ebc64d474f94f7884
9400000000000000035,complete,2e2ef96664f891dac8d64b2918a2629d6b8d2310c58948ae1a185fd2c6b1b2af,fe6caa8bdd51a1f6b5a72cd7d97cb1a152617bd9622c9d1816a97268ea737778
9400000000000000036,complete,d30c75364b9983c6b5ee2cae2c0467976a70b5cd0d8b578f3ee4ec06ebf91e9b,2ab56b77fc570e8e61dc6965c7d5cb5905741a82b05a0d2e31a2ca88dbfeb288
9400000000000000037,complete,c68bf3c31ab8cde4da5f8f6432c107b22fb872c577b7c9479fde00ad76bd91a8,25293b20da684e362a186b39904abf6ea585c535026d2e6afa190c846de8f0fb
9400000000000000038,complete,257d220c6774ddbd20efedae6aed5a6113576e11cfc9041dbd548bbe25905760,45e22179a5e4f4a86786a903b493429d7875eb22932631772a26e0ade08ee7e8
9400000000000000039,complete,5d2e5cb434fef54e0720c09c1889dbc0b7e6da4da309c9c159f27cf5c2977a8b,ba5ff4194ee9a32a6d2665b14db7a60eb76d3f3a5712c0cc2eb44fd24bdfe25b
9400000000000000040,complete,d58b7d92eb00375090f0e9bbc58830976467e4e4959ab4d68df5d39246a206bb,87820b331fcb52d01afa2fbf5be936789721e793b93598b9b63b628976ec55ed
9400000000000000041,complete,1e8b4cd1e42b94aa075e43ea3f344265a6c982a61eb2a01c26ced09cff9306e9,727c9551d6ec0ea58de33ef30828b9b09731e44879b548fb1b3720a022b31328
9400000000000000042,complete,adcdd0b47996722a37d3a773dc1d119812d0e635494ce24d2bd5af955fcdeea8,c3ea997ac26de96381d454722c0ad6419c8a985797c1a3fc74b450a370ceb8cb
9400000000000000043,complete,eacfb7686ca68c3534a763634c123bfd9c7da97828a9137908b2b140d1f1e5c5,15914e01ef7b9da1196e8e345036b98ff2a7673a476a3d22f2f7bbb784901a4b
9400000000000000044,complete,d02b98391e40fcabb92b19ef14bfe5b25199ab237c34b438c2c40164c7d27128,779d693fe24e8e99e2c52e45f6a38cfb1a8c4191a1729c628136d16fb5b805ad
9400000000000000045,complete,391449085006046d2a11e9c671434f8dc1a64736194abac282edc88bbccbc8b6,a10ac8b03079cfd276a4a03e2fd82a45b7d245c1efe46ef980eeff01a4f35b7d
9400000000000000046,complete,374634d8dc7ef9001a12208138d0c0f449f881cfb5d4906ff38778d22fb7ec94,a5a4dbc677cd66d7b5848e03fe360416af11d107bbb2291722f3b14f76e579b7
9400000000000000047,complete,ba2f4ad7803b1c5be62e0a337357ab7aafb23dcb794bb46cd7030301f0bdf81e,5d9318fec73b8b2d8912fcfa6a71440e5e86631b643caf4e90fe71f7dca24e90
9400000000000000048,complete,97e179ba2a2917ef6ef1bc8b188fb54968eee76e80bd9826cb2d4ccff2151609,a8b3017c4dff4ecbbd3f7eb9ebd580b8216b2375fe5271c86b190d2160916614
9400000000000000049,complete,66e83f69ba78ae4eea296a0e9f8048c92a1ed26eff6e2a8339b32fc6421ef2d8,5262562b826458b061b94fce385a908e0676247623f5f21e4c9e00ec0ed320fe
9400000000000000050,complete,4f39a6faa29638654fa8e507974523565cddc131b2c0d1de85e76e2c1a7d94a8,0b31c5a0d1f130d6f45f74e2ea045992dbe69a4de8b3eac7ab314dd8044ac6e3
9400000000000000051,complete,1419c97ab03f524996cd04977cc2a5c727bcfcaf87a748b2ca5c749aab1d8fe4,a23d3d222f5720c473c1e5dc5b7e326c3e254a177ff6d63fca6c709950e9c454
9400000000000000052,complete,e7c22cd23c8df783f050139b48e7883717676ca95e2bff24459642fe574dfbb5,96c2bf71a92ab8d01b374bfac1b4d31c22d0c2de6ea4d33193d0d7948a03ec58
9400000000000000053,complete,acd8fae9ac04ba7c8f3e784a146d98973a1abe117f88bf0c45eda5c71a4b38a5,f4edd41fffa12d079a333a84b6a568e4434a9367e9ee02af92036a4b71d852e6
9400000000000000054,complete,60d55337f20a89e7ce6dca465072891413f0f2111063d25b513dca610e7e38b0,376655f53ed9fef99bec4bbe92820859013ccced24be537d3d576c1941c6193e
9400000000000000055,complete,96508cc113b044333e98778474f53832f9ef2c5ef583f9b5f28cf1366f1c4b97,195c7ba1f0ae49276bd9acbc59dddef8bd8ec01d2abe0a15e19a1ebca64feb63
9400000000000000056,complete,8db25c2777afc562da8324e9e49d2c4a9a92069ca244bc842b344b4605e48ef3,a314de136f57fd20373d0607d127175d950ccbd3f89a1a452d35908a663a4d12
9400000000000000057,complete,7c74e95c305a1af3d6a3723b06f13fc31190aae0b4d749323778d4884cc2916b,c4ca4d70d9610feb12f4031e6e3e817f31c3ae9bdfc547df31a5cd29a0cba487
9400000000000000058,complete,6c3485cca91989809afdd6fe2fab18676cc023e5d5e6704a722bc1f8facc818b,936b33c67fc72c1291d4092d24a0f4c8e10d65813d3a27c324857ea2bd5265ff
9400000000000000059,complete,9804943b856f19bbdd4e5a44509638af73ab7cf4e70d579199c8fe68b4f233cb,7b420433089451744b9f3c3239413077df1842a069d69ecb8402b16572aeff8f
9400000000000000060,complete,5c73ae37a5ff2944a330ac8f7dc8a042ccde3e2287f0bf6a77b842f58361bbb4,af65324a5eec3e2827cfd4b2d98f15ea3e44b8f5a3dee7f26c950f5016ca131f
9400000000000000061,complete,38d815774fd06a3d12cddf14479bb04153bf3d42116c7043b3cbd5de0d8425c1,ce30cf238e6a07b168391f32e1cbf8d214c9301460662e0bde606cbc7e08b875
9400000000000000062,complete,36ff1705c23d56deac73db943f1debbd044128225f3f5e07b568559182fec0d7,32f122faf640a0cec02523508a3d95673e9a1146c828581cc0bc251963a28a08
9400000000000000063,complete,cd8d68f085b490c60201c5e1700c95a28282231613ca0451a91d66ee8be0d97f,07ac12cc39f8aaa8bb8cf190e95e7989fce3edf7e4b9d8ee14c738216f681e9e
9400000000000000064,complete,78eedb72c4a5ab7f424764e916465ab413a3ef35ab564816d303255556cf0935,297dfe71757918d4967a710d38c804d3026e43323b80ffbd74109766bcb4d0bd
9400000000000000065,complete,9f4c7287399f83ad05d671ae70c889039890a19e4ab3000bf24be1b5187dac0a,5958190c8f19942b34b0153197db4bde2d6b8cb816adfda2b8f2457611846fe4
9400000000000000066,complete,8cbd69c4584f4fa33ebc07294e892ac86b56581de6345c8e0c611c7e57917f79,50f52c765d56468e5f12821b301a48114716ad733866515f81e04aef9b2b68f2
9400000000000000067,complete,bbe4b82bf80efb453f719633df088df1777a2aaf5fea1ead4b6e29be9ffbcbc1,eb2789c2bab6ce161ea32ae0dc1b8e9e26ae1cb09cb9aeef6a2f68c8dbc803af
9400000000000000068,complete,604404d3c17dca8401c2493ca79dd44735a403a87775415b56c525d28cd3d12e,36b60ab7ef8c7b77adf64ed373db9613062646628bd9c12448aa7281b4ad2703
9400000000000000069,complete,3fbe77203d68a9804bf6519751e4e8d42490adb8bc9d2a5e54b1113dc674627a,581e3db9a3909f21c9d306f0c5af73194daff7b1f410b31771c46fe9e5178ffc
9400000000000000070,complete,3e60ce8ec90ea3185581f8abb7467a4cf3238ed4cc6d59f6850e68d2ed0c7dde,d425be9d93ee9b8398376db708e51a0dfa36874b28e5a319fba43369674f5860
9400000000000000071,complete,936b38dd554b26b1edc164e97033be94819b632b15f07b0235b39d28634b2cc3,b81360c742a91c2382b318ab058a5f954c18755cacbc9785b52fa0af08721776
9400000000000000072,complete,772ca81da3307a876b850339bb5be218f7a565647b179e9ff58a0f047430408b,d58ac04a07fe85b4c7e68fddfe87363ca11d623130da8555a190ebf7dc9be03f
9400000000000000073,complete,859f44831a57ccaecc8bb6e1b35a486d8258adb84a7102dcdea5e07c26661ede,3537d6bd6e7d00a4fda3e2502e4c3fc6fa9ac6ed2319c23a3b554ff49333af9b
9400000000000000074,complete,92b31a20d4a2672aadd40c0f3da4a7843f7c89beaeec800e31996cea86170123,12ca6096dce765ea2b76e96e516a981add44e9cb82dff7ad006534477fe8c92e
9400000000000000075,complete,c39332fee07f4106c39113b6425ea417ad4540a65f5f1aaad88ecfbc54de8670,b11381d7431765b42e9ccdd4714e8f5984c7bb4e6b552f49e12bb96b71728c04
9400000000000000076,complete,6525cab338fdb6b8d232617cfe2a829cb30a7769dfcfd6d5c26fc566dbb79464,ee77ca39d96b60fd29de315f51dfafc913a326e962da5ce798869936b2c95612
9400000000000000077,complete,4cfd48b3650a13bfd527c21c2ad06be72941f0a85684eb13d819caa93f5c3d8b,88ffd278047a88e43399d08a56461bdca90152a8ff8688ada684cfafdd29895a
9400000000000000078,complete,4eb8b58d6df9269b90e5e743084838c0d275dab8c0ba701cb7f1d2975cb97385,39fc35d0049500001076bcd8dde4b3a5f57132886ffe040dce989ffb657abc02
9400000000000000079,complete,1d65c6cc7a71f512fa9b464b0f200ee017beb222ac3d5248cd2bd6fa4e268159,f1c3461394758eccbd13485dcffa5efec6aa9afcdf3a294ca1836ce8382a63d5
9400000000000000080,complete,816d79582c54cbb822a2feab003645fa8021ddd99a9800d86b16cd2752a0e8db,3de7a690d3144558468db3c374bdcc66b264359d1f1e3c7ada9de3bc20999dd3
9400000000000000081,complete,bfdf7f23dcc4d4030a20d1213bcc0b197e53840ae524b8a78d3094074658abde,84122b888a0769ca50efb0820424f877ce3a6855bd03f61d37ac9044aab9e2f1
9400000000000000082,complete,fa8952d20ec106f21ca90c2566dd1387148a838a43d6705ff046cd13b5fd1793,1066da5552043dba4c889859008e654149857da64ccf05e624f0e68e4b5bf8c6
9400000000000000083,complete,5bd95dce9684f665f63fc2031d17bbfdae3fca2d9778a99e86f8e58edf53654a,47c27a0abdc05bf646af665833a1745c1e0faa4589748ea3cdaa054c890af3c2
9400000000000000084,complete,7eb0a4358d5b2ad58672bf64b68bff076af763211cb30bda4feefad12a70acb6,c60abd4cc6dc594c0e876fce6b68f18f4624cf85a830972549ebae7d2e2bc0d5
9400000000000000085,complete,58447071e13830b64411e8cf296eb635faaf4fdab37c2d775e05340dd5944580,dba3f83e919fc95cfe9beb3225ea7a1879490deff262a1d76833e13a88734e9a
9400000000000000086,complete,cca3d1409ca986e8e27c4c82f5f7739ed4571fc83810f3d6b4188a1aab543687,cc9bca9e02258926acef04b493ea95e0d58eebad18fdba51be4d58a8e63451fd
9400000000000000087,complete,0a6d0c1d04437a732decf98ab3c5f6b68361d687701a754f37f17c6eb31230ca,ffc33ae9d608d8a50935fc90378010782e34c5d245a168e551dc93ae954b64ce
9400000000000000088,complete,0e9239a2ba6813a881e68cfbe334b86e765379a23d2cabae17a554d3e7aaa10d,5654534dda6cde504aba73de43f61184aa6f6228973ca4c0471e2d15b9470b9c
9400000000000000089,complete,60ba8868bc47f4cfa08a26b1b41277158bebd2c3814743787a6f801aeb3020cf,bd5d612a0baa77100fec25e0be4ec8f22a1323d5f3c24ad8a013c461ab292ae3
9400000000000000090,complete,0eae1e67cf904d8775b9a02184cde1184b3c146bac161d5a35aa0d9f46bd74b5,34e6700b5613523c8c85d92de2da81c1fc851533bf709e9206ad172a88bdbb2d
9400000000000000091,complete,5773d333d41f2953b952a6cf0694617fbf04e70be4cf23846dbb17e080fcea8b,384f125ed5562a46cb5d3c0d69c05244e3635705edf0150f07d8cc9a70f698e6
9400000000000000092,complete,3aeee3e0640f83a617665e49a8e7718257f272c7c907456e46da090c3ceef826,62e5aec3b54434941de21a2bcb2a2e4b392bffa763d3d2becbb1b2531f2d21b6
9400000000000000093,complete,f9563e406774ba6859b30c77a10af93a3d6665211623f6a8090e4d88e7e83aa5,b14f1aeab1d15545d89de0dde1efef3e841e39525412121a5addb4e79344a4ef
9400000000000000094,complete,136611ae70d64ef3031ce93ccd2955df05e580e3d502779d976f05bf51071f58,0b3738d1400f28a1932442a0d786c890b9811e1c5de14e03b5adb9a060b2e311
9400000000000000095,complete,98368f63470b2716269ed7f0df911ed950be1eb93493365108a700464bae5c93,f8b7b3ec71252a66cc804568b498033ee000ed8f155246d92004d769a7409870
9400000000000000096,complete,6f3168610fcda29047288334a6acb411464d6c73341a447cfee1541e21abdfa8,43cfdc7654832fff56901aecd75687adeb9ecfd9d402ae053230d2920bc85c01
9400000000000000097,complete,2c6a0a0f09bd89d7f9e04f69112f729c5472f8c1458d88eae5cd3b9035b90c3a,1a079c35692e27a47e65ed48b08aa7a6c641fbb97fea1f83ea190ca1a58e8180
9400000000000000098,complete,1855da535c42fef7aeaa9a79c66b0fefea69e9ca4d4158974e2f2dbb7762af25,e082aab3e2853d8288ec9f501be99944b165be110ad01223d95f6251fb28e6ac
9400000000000000099,complete,e012d86d3051a4a091593140a7a1b1f73ad873940efbabe2522dfc39da38e2d5,e325d124358cc8b2e02129aea53d3d54ea5ad4e2ff4b0d721ea996599a6eba31
9400000000000000100,complete,352424e3ab0aedd6ccbd44a445641180c9199f070306e54a8c44c0dec9b99104,206c5f9474d1292e7a2352af457f440238cfa4edeb4ed803ffa14d7b3cc11f70
9400000000000000101,complete,4f612def25a6efa8064b45ff30eb806b0b8866763cb7a212954ded6a4a30f724,c9cf670534d63cea8470de103b171be4077ebc8ff1a460786a08fc9afd37ea55
9400000000000000102,complete,f6fb17d03b32b82b87dd715df31204b6c59d6eaf3dfeb191c76bac0dac6f2dd5,eb149cba9220e41332eeb6a2169b15e497b93a99b80ea9fb105c42615281dcfe
9400000000000000103,complete,0a0e96b6c85a2af28e649d0e4fd5b7632715e22a1387be7ce10e51504ffd27f6,cb1c8a4f04cda37303a61e01da8ac3fe38c2fe1b092b007367d1268c649b2ff8
9400000000000000104,complete,a12225f697a29e8a91a78e746974ccb55d7eef8f4667d50a06a43b9c8df5b2b7,d5dacbfdb3ecc12522c1f30fe63f4955531dc4a577438c15a50539840be287ff
9400000000000000105,complete,f761c19ee4969db25f9e35e9045e5a787a273f45b23d6083be83177cdcff7453,7c3924d5e200d7cc6e84eddfb41c80c6176b15297e0578e11413b432ca009c4d
9400000000000000106,complete,d23b7c7f35c6ed07324806d866a1a66c8f28318f6d642d2903833e411f9a2821,c4106128bae7c420ad6881120d5ac6c7c1330f345fac34dfd166c6229791de5d
9400000000000000107,complete,4dee7c9f4055e0077c3f5c2bdabc944597fe3e99b10bd8eb8fc81763b8817a4b,558a57e04098e5874d668baa653edff3d9add3e200ed9b189e14727fb4cb20ab
9400000000000000108,complete,c1642c7257fea6942159d06b2af23a56cd11af70b3f7083e6699144061f8ee44,0a40829b15ea25f56047d954c8c26c4d4b82ecaab2ed212a218325c614191db9
9400000000000000109,complete,edf0d189700460bb5f82aa7cb5aa0d2c03f32ec01aac00ec1e64de7846433d17,368949d40ef0d57d420e6667186e5a0b450f704ddac03b27c897f8ac7c809d08
9400000000000000110,complete,a4d9d4e0d4b58f9af095dbff4052fbb003d6d51b55a9567d7f6f12315de83d3b,9832365e5cffb4cdfde5523c237e40f95d2e43807e45c2027a98d5ff3160e66f
9400000000000000111,complete,3dccdd9dbf0290af7ef2885ac5dd4a40b0eaef3b06918d65f0a75690f715ad39,2d05b4f41b8ca2d6010aa74a02f526dbaa8da8e91c9dee3861d4ba7e2b6b6535
9400000000000000112,complete,0c71f00e4afeb776189a711fb351d47131dbe51fd4e6408ac4209f207ee9f56e,8122c16db09320d8163f1738bcc94b39ec72f0fe6824bfb441b08f6f996737d5
9400000000000000113,complete,f44565be2fa050a234202e81782f1096c95dcac4f96540fdf38a935b698c0e30,6fa59692718abdcf1715af67b3ea2f69cdeda60d9f804554bcc4147da1f866c3
9400000000000000114,complete,c94e986554570b4e9785aea6d6d1eb572f12c8a91056361d05d934b34daa508e,f65559cd40d97455e389d9e1c70818f58f5e2113d35c58c0eb7d72d31876e2e5
9400000000000000115,complete,b0f4bc090beb9770cb229a66ba3af7f71c51b613528baeb653c22f7854047aac,aebe13d13443f40f555c3fa6557bf8d5adbc97b492bbe7172b2e67ef637e41e6
9400000000000000116,complete,8b47c852ebfae171116f5e7a01cdac58a1dead7b128452c2a033c6f0315075c3,040624d67d70459131ecd4473c981e385dc92cef3dfed40d6175fc81062c6be9
9400000000000000117,complete,863a2d2c1b94576a6f2f037af61f9025b6912257f9a091e6af78a7342c26b03a,cef0ba0867fa80b0d81d37e7b9ad45db2dea7d6072c29b6a311147ad240c5116
9400000000000000118,complete,879fb5e5791f7bdc4944c46a22ebfc0c4feb92dad5fd5e176bcd7efb715f7917,0b96115a4734fa89477a901b472b8c2f9f505582b949293b8cb9416af0145328
9400000000000000119,complete,5ee1c40fa38eb7aaa37f854062f62fc2f7e7cb3e43d6717ed9b31822d0790438,6e0c853bf976de22ab4d7f533ccdf8dd8cd5f005a62221cb99b7e07b0687150a
9400000000000000120,complete,09ee65a0d3b0c8392317f0163454fa674fd1c3bed022bfbd0d4c46450d93f9fd,5b98220c5c8ce61d0d817e469b478f2e2778c6695c611e9cea30d90e726c29b0
9400000000000000121,complete,bfe81fd82f7d93279e4b68d8300b13bf6336376ac9d61e0cf614b1748fdca3e3,69642f87893b04e53ef265209cb0b72e5fac6f597ad042100fc1ff8b67096b0c
9400000000000000122,complete,9a1f1cd8905f3cefe327cb3a82648d78cb8f900106f61dbf88e06c5dda225004,ecd9f3edf03ef7c96180fa8335f9e3ae7626532362c516cfc37c8e9f17ca63d5
9400000000000000123,complete,1631a4feb042e9058635585fe5e208b7e61da716cbc9ff618e0f1dda5c157321,5269939d6141a3a2d9f9ffff22261f4ddfc8b199f2e3829bb3299ffeed96d137
9400000000000000124,complete,284523d5bc055cb2c9cb231d2a8febe3705bf8470fb1ca461db2d0acaa6bafbc,c14f7fc635f2014c4abebe1ec8a4cb38472ed6548d558115ee4fc3a76876f0aa
9400000000000000125,complete,c12a4e56bbf1fe520ae11fcea6be20baa60887fcc3c3cf472c328d20e827a516,91961f03ef336cf50e2167ac9052430899d6a7c04a908cb34aa1e7601bd8c3fe
9400000000000000126,complete,21e5db3e4acd817b4555397c7f10eb62c922c21a198a58858c0c33a06147cf20,acc089d21ec6b0797e4aa99429881284a3fa35519ba55719ce2fe19b57b108ad
9400000000000000127,complete,6193e553314df3d61e2c80a4bf2129d68a925926c5e67d008e68e3ca685f6c63,120f886ebb91e42a82ef1e8715d0cdb36075ffb9f3414ee9c92d53a2203f75ac
9400000000000000128,complete,0bc0d0322ae62bca3a91728317523048b73c24954275cd20d334780ab513c147,6f46705d7e25946fedf88782e67dbece8e16cdc2fcad7dd009d5e725536a593f
9400000000000000129,complete,dbad0d98f17e1fc2ebc48d2209ec3475c4902c406e288755ad1cee5e38f663e7,7731f7b13dc94bc37777abf43ee9c181a908c7ed362b801f6b3f8d6058072fac
9400000000000000130,complete,2c30a131540253ab8f7ac63162e500d13a6380d6970f171c7a3e800542c951aa,d647c99f982465c2545aa635400277421f758d804dd4a064d95ed6ce55d56a24
9400000000000000131,complete,2b786f4b0577e54b43f15beccf4d3d35ab2fe984d2ec5d9e6f8da83c21fc94f8,dd60dbe38d098252d6a547b4351fe651e191022a68fb823ff02e2e07f5c4450f
9400000000000000132,complete,a6b4dfd72bc276477e0d303df3e287a7441f7e1c3ec014b5885c262408c88970,a55754d17ecd9a723b2d1d735cab0bca96510ba9d1e64c2303ff65b42f9e11c4
9400000000000000133,complete,f8276d4720da0098b73daf84a622727d516082a22b78a1a9e4a7cf6a341f578c,ef9da74770f261b5a9b1bdaed9cf748d9706b11d64e4c287180567c7b3471d5b
9400000000000000134,complete,25b897852a0daf50b93596a1315eaef0c37170eac7dbb2753478f5117592d96b,30a6c8474b37431c5e9c083ce99ec52051e549bc2b632a7a0329073a762d5668
9400000000000000135,complete,609b45502cf2874058f1009770a00454f7e786d478993a83792b721fa64c0293,74181b677c3864bb32b5514daa322896b724a154c52f248526e7b9a6546d64ae
9400000000000000136,complete,3505919b06f8f77e693d952275aada0c84b0188cc2bedbc375e3337e1c9f52d0,3e759b8ab08be95058ea78d1c2f7fb45327dd3759486b49ba75f383ece704917
9400000000000000137,complete,d5dcd6e5719684b3d5185cc2959f158c32f43cd7da6d49d3135bace30fb9a99f,036a164f7d7d9bb941d6b741035346e0401405cc4367d91d6cfbfd4d11dfc86c
9400000000000000138,complete,7d94575902378185cf5c2562da04c639fbe7e0f51a53e6f27534ed8d917a4d43,49ce47ca5c4b30e9d45fbad0aa6d99e51479f179195667722ce0b4569d8b5e74
9400000000000000139,complete,19aa030cd216fd8e90cc65112624e9798cf8b3157f87fff222a3493fa20bda4d,4df4112e84088a88e6d776af49c789e8ed917b5986ee3ee30f6b69165b18f48e
9400000000000000140,complete,3e9e04054391a1dfa9d5c6f12efd88edf6e4f338e6d01060e432e4c146922b6d,cf03b4599acc9b83f42c478fd727529092d5a8a40a61e8e31991219ef47fee44
9400000000000000141,complete,c1d999fbb97f594fb2a1b19efc6420512183d6e5faaffd7031b13d2973418517,4c761f06cf9032d944f98891c85c681b4cbb7bfa5ab34df388a6cf2396ea2493
9400000000000000142,complete,13c16a93e419c69e756484c1445f2747b98905b38343cc1fee93ec72ef0a0b66,38adc84434f5835b9d61451ae9cff27c27ca19021c623ea441a4cabcbd6e6489
9400000000000000143,complete,16e9ffe3d2e28a3dcf40e02b372280b2d81f7e50bbb5ab9148228ee819a60233,c1f9432f1ab6b55692db385a647699e526e8443c81bfc61a77fcc821dcd060f0
9400000000000000144,complete,26a3f72920b03c2ae23ecf723facafbca752cda133b0ba30c0a0bce119f9c51d,ba7016d64935e40543c954c750c52f4b679d6cd1a76289235ddc31f25ecf4c16
9400000000000000145,complete,14dbde170c8a4c569b90e6aefd7e4b9c53664e11fafdafd63659b17f6426d1c7,34f1b6c4d20ef1a8603994fea531e65f3ec5538e29709b6b95b59a694e533b18
9400000000000000146,complete,d6bfefe852df45ba3cd19365492d4becfab5c6271284027ec7bb0fc26aa577ec,b0c18e0d488c7ee6fabbae87b7c2a2b2b6efae5efa190ceee549a9fddfc48e95
9400000000000000147,complete,7d8b689f3cd65356e2afbaaef733f363d5326a33592b2233f2559a45f40fa447,47283b983938da07e0901c7fec24b3c5acd69cbebe0d20573979cf618453c388
9400000000000000148,complete,2098fbd477960bf6637cd6d6ae43837cda01b71ed34a8bbaa7408e6b0737b1ed,ab1e4bccee80b3049462776a67673baeef9aac671a85ebe45f79888fee9bf932
9400000000000000149,complete,0e519a2714fd2f515e759f6d7a18239eec9f0db583f55515a2282a3fc14bd2f4,4bff028a6c5a0d17435bfc4bba37abf8953b06e821bf45dcd30a157743f0921c
9400000000000000150,complete,bd06773153c8c8b9534866ef8ae83eff269c481ef81ca3a41f305808342957b9,16e6ed46e54c69cedc051090ab47edb5f9f35103c0d57ccafa625fa76fe5a091
9400000000000000151,complete,0654b90f488ad2ea810f26f162ace143516593359037f958a90fa8b72ee87672,cbe1685404ebe774e71f5fa8b2dbaf92be104112f6b109a137a5974bb49d4334
9400000000000000152,complete,1be7a40032307feee73f2ae3c735f60a67910ba62dc829bde28ecd2c975be1fe,b91f7c6425249b38e3a44aba6308bf919f6d025ef687e9962870793ffc9f9dd7
9400000000000000153,complete,0f8e76b6e7a560dde7b29a252baa38b001b9306db46f3eb10ba48d0cda6d6371,09e1af8e230a9c7557966fdb819b4f477fc28529b173931cf63144d1d1baae09
9400000000000000154,complete,ee8f92cc265812cd30bb067c5ca4d7531da877155eb417526c3e85ba18256429,7cbf28df8ee60f241a6ce9a64832d90b0b336564f9aeb27aeb7a6e1294eba140
9400000000000000155,complete,f1c333bcab849f327e5200028b2aa9527e4226896d533a4e605a3d0703b2ded8,2686ab7bf5de3a360a73167754f7ee6dd18c2196e1abbb84fdae7eca6534b813
9400000000000000156,complete,67b10270b3f29e92988d79cb0f46d061f518b511b71cafac159bc06ce1d52d1a,b8529dfc1b69599c3c286690eb194d56c88aa992cd28bad81b6654d9018bd097
9400000000000000157,complete,7f44ccda6984df2a2e167230b97e9a4f06a0ef75817a14170635ae9e0f43d3df,192ac357ef03e57774506a31e34be8eea2d72e1f64d0ab2303cf3d4062ea7747
9400000000000000158,complete,3db816126a25b47c13963e5277a3f218ad856ef5d59c54f2f2fdee61796ddb16,b352140480361c0a1e09965f2658484be4f692b1709d9e2ad162aa4fa6389808
9400000000000000159,complete,7d8022f8f0f95b3490e99a7d93731447630553ab111e8223e07e27bd4a06d526,7764ffe52b0694f4954327c834c0ca33b55bc6e9aa15676a80f6ed59f604092b
9400000000000000160,complete,6cdac72f800d14d3d2fed0c2fe2cc7b621ca9d4ff448ffce7d44f5ce72361190,868989e25855ea30ad7c03fe1062f445389fcb6d013bfc5a1c1097fca508059e
9400000000000000161,complete,fee3a43e3ce88e216a24c443a4a7548734591a26d10c1a2691be583e07af5304,17ae52f86d2e076127ac961a371b31e7c18d086970a21f64124d447c503433ff
9400000000000000162,complete,6820a12e55e32f9e5cad99ad94ceb84c9ebea95500fa0775b5cfbc00b1525d0b,b4ec0854e102c16cb17f3a8821733a655156e9ba6bd6ad6807837236f46c1089
9400000000000000163,complete,db9867d93eb8f08ab37bec0b60880d2427e93e07fe6a08ac5fb420ca8e8e6097,5c7145cce085a0011a174226bfde296e9e14e6857287ab924384b41ec64cfe55
9400000000000000164,complete,6a5ed96ce3da4e2d08e9544c359bed41dcbe32d544d6eb523e02062099467aed,3fbbc04cae776d0c104820628a5f6b871b357d368e718ec4103e41d42ec627a5
9400000000000000165,complete,bcc0529b12172b2c70f7b13616e1a7ba61ce59a1df616697af324759a146ed5d,bb4104790968a12a7fa83aa7b02c233451fa54ed9958c3fc2cc1315a1e18c6ec
9400000000000000166,complete,16b99e16b1cc97ad4e77d261ee3a185368bffda5e5387eacccf19a8bc3a8ca8e,0c93ea64a3e258d091963de950a4782e140840ad3e56c760552cd67a0b806a32
9400000000000000167,complete,71fa712b39f23fa4a202e6aa43d6e2d635d182f03907c30f2ec9ddbc59e4c4dc,05928687232e4aaa3a5661b6990d16f3ff01ab5235d00f3615637584b3af03db
9400000000000000168,complete,fb95b9f7e8ec5a0f9e5be19bc317af00564b0fcc596e3cf81190b8edd396b273,b8635ff67c5f5139976e4658a8c906672cf1633052c137096595834efc18e6dc
9400000000000000169,complete,747996ffee16ad318ab59a3183925431c6140357cf75a849721e6d8a03bdf698,c2fca1b4eeafe92afadd18cd4a3e93457dff4191bd928433e30f7fb2d65fab60
9400000000000000170,complete,bf96e5ba6e32211c320c86e63d97cba1c7e35410dd59363c6d57f735fb36dc76,7cd038d44b3ed6ba39a9c21fcff8c1d8372f4b1390ac471d0b0a32711b72f303
9400000000000000171,complete,0ae3190e6f95ee82b7e936422f1a47dc49df318edfddc3e33c8b485e5800a3e2,f26d7cc3d8df8c3e76b4606cd6b75a72c303a3bb818087739176f8e9630489a8
9400000000000000172,complete,9929dc0fadacff074798481070c9b7fe2b257068ef160e423c16bdc71dc0fafe,059ad5e1ebdb996f80ef41b529645251e1626f8589666693e6ccd5bd2ccc6ca0
9400000000000000173,complete,d7e4bd0ad3d467ce7e666030a507f60a971069415f0ff8df52339a3f74a95202,bc50514b5c89e9cfcba72cb79a1071ee5db87374ff09b7dfdd825f30d14c8c5b
9400000000000000174,complete,0f6dcdbcdd8ef0a0941e43a9d7454bc346dff4d77cf275efeacfedafd789ada0,b9b5bec51c0d315646c3b03f566c3686bce65aa7bbe3a13c13b3973850ab4da1
9400000000000000175,complete,44d662bcade4dd48f26899d9b8f1b8f2698e3a32542b8912680ab7c96549549b,95684a9a7d71a730115d0f1e0f089ad1b198f5bea9bf52463d367690ae1d6b11
9400000000000000176,complete,21384899f8940a4897402d1cbd4c242ffc458d2bb0eb83c9f50b2df130a9b5a8,767684781c574ef2a40874e2571b8478f588f4c4a78cfbebabb61dfe714370fe
9400000000000000177,complete,7d7bda2c587c795c3d168516a0e7049bbd81c988ec33fa698e766c518302bee9,57b8ef22c02ad324db9ea3d1fb1f824c92e0ec836271e369362901a1cb4ab99e
9400000000000000178,complete,235db7dafd7d04990c85d10171136b805facd5bba0eae4949b47deabf619b569,6cbc4c7081072e7916875962e935417ddd80fb0f5aefcc8bb8055988c746cff8
9400000000000000179,complete,e6e7526a59246381a9398858bc6e2759e158e4d39d8491a697e3e9d4863f0f42,6399e2544e8c08fb00882c65b4882cb1064f8c995e57b5ee2151de0c9c3013c9
9400000000000000180,complete,394b92de252d63f42af1dfa3e8c2459bae6552313a46d6382c637d79c1eb4119,420a9e663ead31f6baa6abac6603712657d34f2941165068997084fd7e8ee281
9400000000000000181,complete,30c549a8e2beee207c2701c4f00354a0b6391632efb35ada453f45591ce7a3ac,3cc2d0d324a9a1e17828c10528b5c47600fd51f7b473509b22833741e2191a30
9400000000000000182,complete,2489e8eba4bff6b36b3ae5a0b6df3ab62c3c3bd1a8da6c1407e53ce84b803a08,5ebae87ace1738e3c687ce16de754477b8c7f94132d9c0f2bca898ba8bf7fe5c
9400000000000000183,complete,600cf70f6ee880882f30de932dedf0532c379f9a2da3e045c803f084de007525,5de7e4eb787cf7d6c8b2b94e4e3af0b1c76140509682d321d4da83477c0e4b37
9400000000000000184,complete,c75e51b31f90b239ad8bf6115cdf8422519bf2f083830d0b2af53f1d603a0ab9,bb69428832ec44cc4db47b54df5dc5698884eac4e78417e74ff35cef26b23b75
9400000000000000185,complete,9aacfb55bc480160c336c755909bdfa008984a1edef364300898b98f8120c30b,8ffe90f0d5ebd4d1e2d03591085ee1c495c12aa1aa7bf358cecaffb89820242c
9400000000000000186,complete,86798f8b13f94205dbb7a61ea8913e1f7f885e361e666c3f9b788e65713a766b,e2b0c1cede80321b082a43ed4c42ae88c230319724c28c1a61a6c9236002b763
9400000000000000187,complete,de5e0fa1c8ebd83661aaa40b0e343af074ed713d8a385bc24a040722d6219758,a82b781621b7865103bfe5c2a97e8cb38205fac8119b189beca2c37274404368
9400000000000000188,complete,95058907c5202940765f73cba978634acfe1a0cd7d8318db301a51ee86985db5,953cd3074944f08b0888da1881a6ba6f48879d92a44d64e4db07208450501efc
9400000000000000189,complete,bde87b96867cec80b93a3622587fcf675d23f3084bfc01632f3e5e1bab6a6ac6,882c19fab8c5a53c4c31607e938d435ad85078325bc2085876e010d4beca3a8a
9400000000000000190,complete,92b7bef582ea096cf943ce61ab555530b504fac79793b2ae62cd0efe75061db2,c1b65cc4e6b15d44182e9118ea6d53c8e4420945e2f8380df514af5450f89d68
9400000000000000191,complete,ad5d1531c9a319d0bea82a52de18251e7530ae848eaf81b6d59887d3eaacd4ac,028dde371c307e48d2ec31ffa170282eb4ec2f7fb3ff16b26c53059736dc66e4
9400000000000000192,complete,ca1c6bf8f99703137f4b67c2c5775ff4393ecac7f51ab29cde4f6d4fbf24c71f,3cf632615f79817a3f20aa9f8a09f02c666e501fb493c151ef5328c748c52532
9400000000000000193,complete,bffa6a94b8f4afff360f415d185ceba9284f5b658a6fc8b350730d5b85931782,fc28f95ade56ebffc21ce3288e71c93c88d15ac9341396e2835e407def143aaa
9400000000000000194,complete,da3b89fd9a93594be1549c2eff6858499e66b02a933cc456a3cfc850e86b4db4,d73dd7fca2700c63821dbc2edead8a1844879aab60b3bb33e89decae5ced3395
9400000000000000195,complete,f59ec674d0ab3cda2026e30868a11bbb65082a5380b77c3d03eefbba54f642f6,1bdc2c61ea7dd7767a52a3c365d61121df19394dcbe50170d640889f7bb8492f
9400000000000000196,complete,c78f18144101296ac58cbfb256770359fa42fdf80be9fa35800c4bf5cca0e5fc,423ab25b75e3ae491afaa0de3c23b527aeca0361307db675ede4532cf137621a
9400000000000000197,complete,c660e49bd6a79af5694cc7b424af2515f9928cebb0bb4c6116467f79b78dcf28,115b16f06aa17e55811837f8a3018235473bdac64982bd2bb20f2c72cc9e2b62
9400000000000000198,complete,b4d39df274a5827de713d227f5c6c4c8bf87b203b6b014203f762422db9bdf97,ff8b7b7fe30b5a3539efc7fd74809cc40701883c13d85555ccbd8212dcfc2d4b
9400000000000000199,complete,b3bcc17ce0cc4e37b5f2ae9cc0ee3aa27efc83702b997b6005ace5ef0cece237,adfdef25173e92821baf30954383d5a689c1f1ed0e705171b6021882193559d0
9400000000000000200,complete,9701421da3900d81eb15aa29b1e0c8bf81a0413d589dc0886663731185ffc69f,006b5e98ac64d182ea7b7b076b1f15e0c42f62e507acd3930402a89488cb483b
9400000000000000201,complete,db2c87856e9ff91edf5b7e805bac88420b92c9533b7ffec27cd0ad3ca985c4c4,4b90ba338c001e78c66afa1e42834c3cccec158283bbe6e3affa39e03236bf1f
9400000000000000202,complete,bae30277404d2e537ffc57c086ec8911e68847a32ff5bc0101d98fea62284f21,a55bfd9c03394184f9a8b0447e61aa5a3f30546bbe0d8c61d2eae053ea7d9001
9400000000000000203,complete,7251016ba098df7f56ab3a661062a6760204c2df9c71bdd7a8400757440e39e6,75700b0cdc9e9f4d25890bd0cc5a25fb54b4f792218e2bc42d6f72948cbd08cb
9400000000000000204,complete,4d52fd8090dfe7500cd4f0ff34697be61971e1a0109481d82390b1ccd0ed906b,d2cf947b105615599351d36adac1f7cb1642d10801a0b64ba3936acf0a563b4a
9400000000000000205,complete,cf7a105a70ed4937dd1c54c6b408ba46532ec93d53be8e62e18708ed48c5c40f,81334994f3993133bdb3fbd4c3db75e02cf4cec8ee9b6130b37d60492190ec32
9400000000000000206,complete,bd09236f28797d8dec71d12568fb89f0536ae3007144975054dffd370a9844a7,48c70fa3006e7a5fded55f0c462a75bd9d56a7fc0c3d22dba200294207c9a820
9400000000000000207,complete,4dbed7e69fcfd2fd81db6dcaebed6b6c56173b9dc3792f2137afc0fb153d7b24,e5cc586abd209811abdeedb5909f80c23a22f10ba34fc9657a410836afd66911
9400000000000000208,complete,2a995bf51d9e8ea49f71ba568ddfa7c1695ceb7d9a9aadd74dd2fa0da7cbbd98,0595b2faff4678d6552d94efe6c4b53cff88f815be2ad0eca4ee24633ffd714c
9400000000000000209,complete,d738ca9db615311442397d18203ce4e4037199a37d2c522898558db34ac59d22,acad929af0f79dedc31ad4fab8b4bdecf0f3103be37c409994890b1f2d4cc189
9400000000000000210,complete,8640fe7eab5c4e2d5821f1ad5946d7e724e8aba3ce64147009286b2ad00cd529,1da95cf0502bb98185cd68cba4cebafe99de3a72efec4414579c1d4560e9bc43
9400000000000000211,complete,862202e36ca4fdc66d7d2a5701065f57613978073bc2353f6cdf722a94697809,b5d67f1e4a4f91937630fdc34ff8a6f211d00def77f68684cbad510a5a906636
9400000000000000212,complete,ccc59d8dbee0390757243af36076bc36eaf8be4818b6e3ebf0e8804c306e962c,3e918c9f8345e68a8625be2ae220cbd6175c44880aef01e08a9f8d97a2c0d8b3
9400000000000000213,complete,29102af55b6576562eb73b30429a74c18a7e0b3dcf7c6525767360d57858d681,7f6bdcb01ea64b2254674176a47a7975b856f731765044b86582217611190c21
9400000000000000214,complete,4c417dacb6f6c1ae86574d931c5b57c2688db7fdae01557aa81cb313b5492713,23d873419359f6d59492db5ce814b8dbd481b7657bfd40c71ab05a6e97481b23
9400000000000000215,complete,b3614bdaa336e11d0dd9d47a7644c9a7b030ee2231300e96391f2d499232b2d6,5735f3f72f2c9b9b5fb32d61f629edf5f44e2176ed6bc232cdff8e713ef464d6
9400000000000000216,complete,a40ebf0d84fbe95b71bd83482bd3e91b9823c4481ff409ae0133952837f62d67,4e8f66b061b1a791bef13b079865347df4cc5da7bc2816321d49e37ab4b82de6
9400000000000000217,complete,5ea6f50bbffc01781461e4100ea2ae59ecd1c25b045e7f71e21b172ba1f47af0,751ecf41c8da0d88a23cdc60f42cebc24a9fddc756dc4ba01865ccb82c210882
9400000000000000218,complete,f0d40024916f92e650c502fec845a117797b0f4e850df1d9fedbd9ccb44ee59a,31df6d2349658ecfa7e272361f44c67ec6846e4516d34c8c9c1247735bebc1f7
9400000000000000219,complete,eb5601e32966c8b6074ca09300ba3bacb77923388d7ac9152f61719b7568f064,359f2f7b879a7529b3daccbe64bd6ad9ee7913619a51a76ad2555b8acb393c86
9400000000000000220,complete,960d792cfdfdeb4b99d22efb158891ebad3de9095b3fc5dca4cff2c59463cc69,e9cdac59de9979e715481885adec859ee225459b0954b260c4a9cf730f915988
9400000000000000221,complete,8d1711db01ff1f6c2198bbcbc4207fa555b14ff77625c347ffdecea2433e56b9,6f2a33b5c1a75b01586004cbef1a949276f2854dda41ed452375cb3dea620733
9400000000000000222,complete,9f9cb16863b98ae42606ea952aa8987a7fd8ba1ec2b1df2f9baf5de213d67a98,5d0fbe81a825cc9cb9f8aa04c951f79264025ce122b7ce551a49be11edc45e0d
9400000000000000223,complete,4f867e8d9a1edcc2931b0ea1eb4ae42a42f50ca11713bd410cedeec05f0e8ed5,04e5fbec6abf2f4d81715216c37bd5b86b2c42d5155124d7ca210afc2f543ef4
9400000000000000224,complete,296d320592238dcc0659e64c109d38071b4a27e095cf547d7e6467855566ceed,075b2c1097243ad7e0595876f9c01e030b19ee314deaed16635e0fdf1b1f9038
9400000000000000225,complete,35d8de5153a64a305fb3527d03c73d51c4171f126f87e8d6b1d50cf489427f17,5b1c444ac3cab0cf54a498388e1447a239e295e7b07142803dc1639624ae7c75
9400000000000000226,complete,dea7d15ebdc37a8479a613ab452ff52a4bcf3c9f76b095b315281ae5fe94ee46,ce3dc8dac02299186b093811e8e396d968f27def19b66e5258ffb0264356242f
9400000000000000227,complete,7f4ba3d8fc4cc67ac5013165001190f651533479ba6c41a98c48726442ec5a2f,a397fa91d3bdcbe35c337786beb58034f50b3f731ced295f8b34d882c3e2ebdc
9400000000000000228,complete,4aec10a15bdfcb228f8343d591eac3eeecf8bfe9d1a0c0c6d90f2938541edbb2,8d2ad3d063d6b207cb2f9c4983fb481260550d30827ed5b1e6a4fd2c06462269
9400000000000000229,complete,71fca4df0e9d496bf56d616cf77ae596540ef2bf3a6287f06f0e958621d33087,8ff4d484cc70745802797b652a7da71d3bc2b1f8b434b65b0c2b6a92372f6291
9400000000000000230,complete,91e4ed7d36710baffe313cf00a5d53e08b9ca5d7f38356c2767758ad4f911892,7d6be683b58176b5d98d1b6b6b7bd4676c6aa263a85d95ce702feb316e4c9d8a
9400000000000000231,complete,9fd7e9a064abfc1c9be1cd4cc853154cbec2e12e438f91e6002c4f730f911287,3132e96d30347612e1d5dc68d809817b96a4e10820bf60b0d7f607968942a699
9400000000000000232,complete,2d0e08d15c35ab2de83ff4b10560a29730b2b5f831957976c7039781c5a9ba99,ecb920c5542a7ef239c729c37cabd4afe0435b0ccddc5d4ecfac724c9ef6acd7
9400000000000000233,complete,9bb9a5a96550fef8570c9f17dfccfb923a7045fb463bc2cb38e055449e063ff1,53f2aa122ddc0ddfc46860fe883d89a8efb86133f9e36b6a8ea36c83a1b41fa0
9400000000000000234,complete,7e6c5fe40a16c12298409ce7c3bcac5918f03405c2a99c0591346d6b0816248b,54a072662eb92a4ab17b9a58f98d620446aab84fd18577f2258e2dbf2a4d348e
9400000000000000235,complete,248aafb7350f40962d94f36cbe242133b8233daf05999269d660d4b272e35cb6,51964b2ca228354045858db1fc3a10f9cd282923d07488bdadbaee36070ffdc9
9400000000000000236,complete,673fb4f8fa9b21134caad7cd2335f6b665c6482bc9ab6ab24db5b7e3c152b3e5,ec3305ad452ebb1b8e866641d7260f4d97507a83f13758dbf3c4a02b697fdea4
9400000000000000237,complete,4d84d43c7cf3c14677692003b1dbfe4acb763b28151af9fe184fb7c57c2434b5,e30b4abebd31fa6ca06a02eee303bdee5b3add94614d488297cc9fb88dea7c29
9400000000000000238,complete,2459dd6c9fcb6ccc9b8c3d52e65760cf299c9220fcecd542e103f11d9bf43d2d,62830c1f4ea1e9fc5c068a742f1f8764e7f8d0e7a99a76d348ed208498746b4a
9400000000000000239,complete,87793629c7996395e4a1d3568385854bc8bf4b327a518a6b39eac4a2b8028b30,d274721d4d3a4b9652666308b97f5e3130359a3c271d823d04d42d76fa2b52ff
9400000000000000240,complete,90d996a48c32cf8ae27e3bf027e6ba7b9740099c0e42d64dddc2bc9e0d019776,cadc2b950e282265ae7af6e445a3be5a55682a01491116ec9c2b69afff33461e
9400000000000000241,complete,9377a4a044518b355f0b26dd08eb491f5d759dd3df98afef9c4f29f2f6192f4a,840c8228a71750bc3d9a19f7221e6f41e6daeb71f89b0946a8e3e90a059cc883
9400000000000000242,complete,7497376e54a2adf6162ccd61802823b6acf4254dbc85e22a969815d9563dae9a,dc9de8610c8e0eaa48878bd3aac4465fdcbf52a19c53f729c7d794f9cbe0b792
9400000000000000243,complete,c52649748d17c9ef5cf8d71fa46ecc546286af54b3203c705b88a6f7a968e87b,c4b6c0c77cd896b6637efb7ad0eda85de31b342e209032ee7b7edd35b5db87d4
9400000000000000244,complete,e8768634268787006e3294ce59b3bdf97d200b38d3e741156aac27cabfc0a8ca,e586f71fd05bd1aa9fbb6b9d93278b0438e988d4e13b410715fabdbda7ac636f
9400000000000000245,complete,83e5ca31db6f84f99e3e786b043366ef4ae1620dd80d3e036c20d15ef4c953df,112aeb04113c248cd3247d1f3b6a8320c19ac29d9f0fe13fab8132cebda43294
9400000000000000246,complete,89d390c126ccb01e63dcdcb85d230bd9c4443289e42ce72d640eeedc2612c1b3,3df0debffd93730db4d0b12ad976d3edecf8e2c3a6786a2496fd6281f1f352da
9400000000000000247,complete,6ef20879abd93cf209a2c6be8410194ad8d1ceccf8230f66ed98af4119a93e10,dc4dec71db3f9a7a6daf91fa8dc5f47df39129799dab511ff668b232ea5d1d4b
9400000000000000248,complete,7a2a008c916bff6aec51bb5f7edfd354935a6572dc384d2c27e6cf56ca91bb7a,cd9af423c966b1e03ec4ec39bcf246327769a6e4341b2685d2c90a2e234fbd84
9400000000000000249,complete,2cee59c710ca13a1906425fb3fa9305daffe4c67ecd91efc83e1d8d47877f07c,914f6ac4d531e2772cedd845b000790269f96affe08849cb1d732642ac74730a
9400000000000000250,complete,e4ead1ff3693cfdf4c389734999ae2de9a3f7b3fb082a5094a91e27791b2913a,a149d60975c4665db9ade7ae5d069eb64f3c804bb38d1116caae9d81c8c09b8f
9400000000000000251,complete,66b846e66c97a48e42be375864b935b3c0914f2fc8a99e822e2f5221a9705429,94bb3753a6c191dbb27ef58277091698e64fe6d76a53eb993be0e4601a90b7a1
9400000000000000252,complete,23f3a7a518349f49aa23c25e5b2c463fcb34cc308afb4d8ff87bf2fec6bd3a20,a84fdc499dc18733a0697a28547697bfb754b9b206c5e8013f51fee172efcb6f
9400000000000000253,complete,8a3b9340b46df939a4cfc85cd762bb85d4e5dc714f8d9912ccae582a8792a98a,624aa9bb4f84c9f230947283c7c824d7cf20d69e4e7bda6cbf0f4c621658b57b
9400000000000000254,complete,6f0a0fdaa926ce041f41eb6a26a75f75c134b68c000de15d5436eff20b05f682,131629b8db80e17b710bd3ce783657363d11cdaba03ba5deddab07247b57ef54
9400000000000000255,complete,a894b02b68053e1b15b4f642af0687d2218b19a8a4ce832b2660fe6df449eb79,de66980f05f016c2e1df0d17ba955a8be80f5b101b3ef0e569b5298a19701216
9400000000000000256,complete,e788907a4da3204a4221a9c1c2e1ab18c4f10237a219cea1d016e2b301441535,23eecaf94faa09f630c447ff1ec6cc67c30ba25b2c2aeb971a621ea415735845
9400000000000000257,complete,2ac743e421a421c45029a1ad739d84112b903f2277640db010ef81cd3bb8b0db,35710e2b1dadca2ddc851a19ee5ef2dcced3740866c7d7a58aad096b50437fe2
9400000000000000258,complete,119f0377f0b8da5d332f73a2f7542ce0263618726b379f14ddec4cc0be05541a,ffc5830b348a43aeb3fa5ba0fc6a8e016bf1a8790cff5847202cd37a230924c6
9400000000000000259,complete,b9453c6b3608c999c0a3fc2ad8d4a85d4f4b2465741f71098a34cbbe4d466db5,9b96fb048007271e8023da670117927ce6f33cdceff3667be32edc7b244ed547
9400000000000000260,complete,c1c7c7219b41985ef945a7aad36e98420d767da36a6dfd1828bc42e707889554,19415caba45e943940d630294a7c48d7200fdd9e9dc21b470064c6667d829f50
9400000000000000261,complete,3ea2c10b01a99177b4608ef987933ebe6eecab0c7f7593dd1db808cf66c45071,613e7d5aeeec06209d9c6c8212c3e0c106a70ca828ddf4a592417441bbc0532b
9400000000000000262,complete,83bcf176bd885ae5207e2bb5fe5163b0415e7d4e6c02a067c939c4e533acd9e5,061e2605d05d1b15fe87871c8003ee91dd6c2c64e8143ad9b50a336ce60ee758
9400000000000000263,complete,fb3fa2cf9788509802496a681e5c4f03faa14fd20b9a4c164ff56e868086b6b4,53ad6780b34e36cdc5473c4bccc26bc86fe225fadfb7ff0c9501c2c396433610
9400000000000000264,complete,d21ee8bba2ca1493c351cc2a2b9730c23f0c8e75f95b8b49151b78f3b1e77d4d,182b12924beb19ecd19e7d795f605d6e40e855c72a58370ff4cba9acc8d7ba2c
9400000000000000265,complete,9ddbb93bef122f1d5fe29a9ca801b5eb982b662b43e8d20cb6003f4d89d03f69,6e34a54f0ddd2be0873feb3d4d0eb6fa164cc98c9f8863e10306e58beb7cad10
9400000000000000266,complete,84c23e1fd198aed699d333c6f93fee47b7b3312adf8e73f4118183fc369087bc,e89b4850474ae1158302c1ed0dbfc55c8e696f70b7670da4ca7719c5a2f1631a
9400000000000000267,complete,e390cc1e5ea8b0a633829640f2593388aecf4c2ec33d6bb2efa63bf645d5a7cf,9a6f9216a1149abf1086f3c84868746036618d86a222a6ce69289ccfc16090ce
9400000000000000268,complete,e394cd0ac156181a1553466ddb552bc0eb0c056cddd7b694206c34cc58660779,d6129597a52ddcc5dea3cef9096e269421581277bb35825c226b6c0a03955621
9400000000000000269,complete,e12dc2b654f53b2d7f925926ee5455818a22249817fb24bd5426394f4b426fc0,d222397d84ce9fca75fd6aa8fac9bc35f0fb242bf1ec6c356effe7a2c8efdeb3
9400000000000000270,complete,d122c245417d7ae5efe186e88b6ff9d6fc11ea9d0fb434b9294ac068117e87b5,ea7b49df6ff289dffe1d70f545a867e84c01b8338df8f732d81eca52126e466e
9400000000000000271,complete,30ea3be2a64ecba12dd4d2ec8cc365efa1ef55cac54f79a9a57059ac21d83a84,fde4450819c4b1da2e59ec2b63ecef73bb67595f0b37a64b66f5eb3fb0dfaa6b
9400000000000000272,complete,c8035f1512ad042d235a7f1a106fcb5ba6b46687aef8b5338dd9354a767c8b13,6c24fd09e5d2dffd83299264b6e82eea4085bca58ff2a638458499b766e2876c
9400000000000000273,complete,76d73cc4704e27007f3eeb0350926586a16f3726ddc66a8448d7fff216f55fa2,031155b12c51dfd2e497c7e22d6f082accf539687f3eb832631a33687ff0160b
9400000000000000274,complete,d4c55d5152a3f54a5fd659716cce42a2ef69cbd4a9a5f7706a5795fe0926c931,bbfcc1f85520b16939683e695e7d6e73d36731592e8a53a29f1940a43adc17d4
9400000000000000275,complete,cf3ca756e8cd5a4b1c5de720d2c4bacd97d720bb04867de1d7f65ab4dfbb6103,c79a72a6357ab821b855fdd895338bde2293e68ee9ac872185d5b25c6cae83bb
9400000000000000276,complete,cca5819c8ab0df63591cafd6b2618c5a7da223dc974e565d8a681b2208dac81e,251bd59c20cabed388353192a3a8f94324935b920b146f72c10db93e1a5af352
9400000000000000277,complete,5cf1890747d7a807a773345078dcd119e2f154964b1e46558c1d1562a173dd47,0de992ae3965452ec74a4cb6c77d0b266a5deb74f9e46fc9ced03a10cfc8ba61
9400000000000000278,complete,e186cf8b6527c66e5f9ce0456a86db933658e29e9029c9b035e6760400e7313e,0640608506123ec11914297c21b0467f3db1aa3c5ddbabe42b6decdf0f52c440
9400000000000000279,complete,f7183e8d0908b84d6cc9d50f45b8d59c3a9d4c5c75d1f5fcb7bce3f308e7e8df,6e0a46ac6301f1940b3853ed2108173904d4dc03dad2c498426c55f89df3ebeb
9400000000000000280,complete,1180a86306033e91214a3c9a24af471b0c6d4ac0b361312f2c31c311feb3e2f1,3c04d3b34263ae1954bea0fd0e32413d5f8ff2df35a1d3279032b0662bf08dcc
9400000000000000281,complete,c287804934536f3c7056487e0afe3d9fabb407c136be463adcaad47cf079262b,bc228ab61812bfc66c2d2bf997efde9365147f061ca2997588853dfdf0358460
9400000000000000282,complete,54f2243d027824f3ca987c753680bb31f6d4af60be89bd9f28776f7435fbfdbf,31224afb1cd8c1a9566b5f5e92ff9ae68a625ea6fd396085396d1fe82e2e16b7
9400000000000000283,complete,eafafdb589cca98dcfe8ae4f096132449f3d5d7d21086bfc9065d12c3bdb20f9,25d54e1c8630b1662733cb2ea04044ff2fde0246c923fe20808ee0459c0d8aa1
9400000000000000284,complete,c06a58a912c09a30aee27c9d2e88894f528f775498c962f2c5f6b62e09dea7d5,dc1a884a2859d9cbf959c3b5d184b5537e1b399aafcaacf4f63ce6bd7597a51a
9400000000000000285,complete,dc2e84e1eb9e42f5392b9f0da2f2e04f7cd2597e4c8f8ae8590b67457b796d41,4750ce943dda4060dc7addce04e071482dd0243d2a515e521fe43c6250b0ea97
9400000000000000286,complete,e9cd55b7a07232ada0fbeedff82e0f9a1e2ab6fca319e3c13a0101e489cfa75d,6b68a50c69bf7f15fafcefe530f9a290a1be05428ed7aa6e4a8120d3af4b6df9
9400000000000000287,complete,65d4ae29f68383e12de93c9f4f7647743380d49f5ea61e42072bc8cdc6232c1f,7d83b88918a22c2bdfc83dc9c6ee00caf3f701d9ffef57af7729dc86e31e492e
9400000000000000288,complete,1a69a9d74c3cf840bf243888703ff58b600471e8a68ca4787e7accc7bf8da182,202c6690dc3d80bafc75a3480cb64cda5d294180c4586829f90bfc43f870f804
9400000000000000289,complete,e5a238a390c73f41d87042eefa509aa1d23dc212f2b7cc6aa8bde14211b91b92,39f66b415b0654909fa05b1d9c36663adee85096f296dbb858a81db5d40b865e
9400000000000000290,complete,53e27e72f8d98d31b747bd94a1835a036e95086b4c266f808deeee5130a2d24d,adc708d8594881da0585d6eced6217f3bb2423a9c9da8fc2a001cf56083fccb2
9400000000000000291,complete,42714c7663830e127417cb1279e55e8c82fb6cc250dd5975deed99e50c494559,495e8b64b64cb98fe3dd97466864cb7621f112694ba092a6553905b0558fc54e
9400000000000000292,complete,167396cf5ce7e03f1bc4e130e2e17b93691254e4b661186704b00b381c6fdfea,7d024241684985d82c68d8cb3dd9999967005f99feda274730c3b334dcbf2123
9400000000000000293,complete,3d3f56d162618aff172baa563df7e4e4497e06f1fd246a1d91aa84c3f4dfaf19,660c002ccdcb58db18171395dcc2d267fd03bfdb40b5f5ac384508cc8ab72b52
9400000000000000294,complete,b8cba3436a06f140e1bcf186dc9b87099769379ffa66a0f59583344c4c0d1877,81312f16fa21a031ab758f0c5abc24ea4a15fa9fc1cadee8fe9f9a272f63aa4c
9400000000000000295,complete,88e97a163585d625b3cd48be8c52d0606bf1d590944f7e7b31e495177bf877e6,0d3e639e61fc87442bfc09abf292eeb5518ba2c51e745f6f236209e1b88629e0
9400000000000000296,complete,cacd40868ff77f598eb9c1c90e1390967eca8063bbfde2622bd13ec9d967dcb2,a3ede8ecc11d62452083b7abbabe9c862e78f6f78ff48ad6b7efe129d8270037
9400000000000000297,complete,e0acb336a0c6a1e860e0016e625021d25856c7bbcabec694b53c92ac4c3968fd,853f655ddf98ea70e3adf51dea0f63cd55e0144402a9d45d6ba2128c555e0c46
9400000000000000298,complete,f528be38cbb182454e129ec80140c5d64bb3c03a497a52e8e161b4f5f546ae5e,d889fe9557dbada5d1151a675f3b412aa32e2771bb500225f86432c3b52aa58b
9400000000000000299,complete,d08aa3abaf1510ffb03a86e70fbbd94e48dda46bf971ca2a977da43fc110227d,54d32ba75566cc1e573a5a0d94ebc57b6fd05ab93e03cde13482045fcaa45d31
9400000000000000300,complete,f4f12d25fb4f43648c0b5acf0e26891cb2ceeefa16742aeae5868a20bd4a8abc,7cc01518a8fa746efc3d4e1af941fc049a73ae118b75751bb086ee4cc252f822
9400000000000000301,complete,1d92e8f18cc9300e2da2d6f06fbc4be70a85887b3bf65194a571823bdbe7b7f6,56e5c577d6d7798480a260a8e86a4a9f66fe2521f701ed9799c7eed55c51db2a
9400000000000000302,complete,95c81dc6e4c674b514aab33dc93e3d0184f413add444ba18d6aa2388fc21c885,41cd2883d1905f9243acc1448ae9143d183e652772592d7286aa214439b4cdf1
9400000000000000303,complete,bd7ebdf467364274cf13482c4d9042ec202cf49a513856fb6ad4b65248837764,49de8457e33a34201600c5b0ce1840b06be0eda28530d0d735d40aee447838b9
9400000000000000304,complete,ffee05f77263d50a86c1dcdb91aeba49b20cace1575d1eb77c304aefaed96ecc,efac1957b8284bcaa05ec5870b6bbbdd8f3cb0881f7b0d7282d0dd245eb19438
9400000000000000305,complete,96b6d82c7755d4fc8ae8002acbd7ec5871b66a67b5586a49aafe8ff138400a4d,39c13686dd2e1dcd8c69bf6174c40e1e675b00626e10afa1f3d8196a2d4c92ce
9400000000000000306,complete,b61edf85845e46decf9debc5d346c4ba74e49a44256f133b9215373be8b77084,effae3736696d3056bd1b48d1ac5db0f8c4ede06fb249381452376dc0e6c71ea
9400000000000000307,complete,b76ca8d4ae22ff69414b68a57b15b681990c8a17b3f181e758c5391d637d0fb2,41971021f659604537ca5f2e2dd3979385b21444ffd4fb1846bcdd62f1caade8
9400000000000000308,complete,6ea3272cd56b51430616b55a0123300a33dda727f935d259957644a031a4843f,52b15873159b7a6eb510e7e05bab2d895e279c655d40c7c3c795e35270ca9607
9400000000000000309,complete,e8c2a3ce673140c9d8d78e6da3224670553608a43ae4681b0bb372b1c8892e84,20004e07caaab1b9715bab3d10e7ab071e2b74767de91a5580f04aa11a75c379
9400000000000000310,complete,b77e9d5352f6524999b1c688adbe4f57c7c6fb2c4db050e074139ade829a6d68,9b540da3e05946d39bd3ba122a6c5d6c635d7350f552e1f45f7fea3c232ba8b3
9400000000000000311,complete,8d8148d8eebe9cd89407d6a0efbd0c10c5b2a3784797bbb8e680b1699fbdeb6d,689763ddebb5c3c33f396d707f945a839967c0fb308c8e8032c436da29133052
9400000000000000312,complete,434f779716f2a762cd45d02837b7eb2d09c7c936ee9e33e85fd48cd1f64fbe59,5d85e11d39f2fdfbb9a98b0a300fca802821ec802d55a75ffaeca70770228844
9400000000000000313,complete,acbb839ddd99decc7d2d068f9b8560da1005c7d97820397763531157d8bad63d,1b6938640168c64ca09ae6846dde3d06c59dc1015d5e1e7e8cb13509d8b5533a
9400000000000000314,complete,14ed15c939f0242cb8f4d11d49d58991c6ce2e1a9b32edc6842f2b171def2a5c,7b2b393d0cb0c4a75c130dfce2d5ba9c1ddd51e84f0d21519dfdc09e2e848b67
9400000000000000315,complete,0c969c394c1195f862981313dc37080502cc87694b99b6457e99abc35f9ad9a9,6fc82bdebe02c6608ff1b6dfa7d3cc721e3ff1027dfaa250f2fbb2f936c60366
9400000000000000316,complete,6261c9af87970652ffa28ca12cbd64974dd3048ab6bd8d21bc9d15758551cdf8,0a65f6b3fcf7845685d5f7ce5e8a5081052e2bfd94cce71b6a8771c9f9966be4
9400000000000000317,complete,8db82f81abb08859f7a49a7b1554c6dbc1a732f36b991da2f2ebeaa0e502d316,a7f00758831ba4a68a9fdac2279a9fb975847b1b76828f5d2f5503d71b7939fa
9400000000000000318,complete,67855f8b7b6c6ad26f58904938bdd4dec04889715c353a1ac975c6169c371234,2a5f8a7b95910b3af82483b817a5072341cd61b2b2d56c4c3ea70dd74bfc186f
9400000000000000319,complete,e34efc31e86c5bb6891deaca5b00814778ec6fdada38afc99d3ea0f2ac455282,45e7b20fe5ebbafa711f0856888f7e13e084bf451f36a93030c17fdc2ddc4538
9400000000000000320,complete,4594aa5bc0ffe9c8e22acbc9eedfe15d138866d1a68748b089e73914383d6b3d,33d72cf0c41c0fef02bf3d7abe415baf7c3f72dc099196e709f8165d7ea2b25a
9400000000000000321,complete,9e4f00ab01b691c860b8ae38f73c36a18f3f17ee05eed104cc9908b1f3b75d8d,f3e266cf2402df89e6b306231f7fe3e11e741c008e002dce2e9d1c2ef08bc167
9400000000000000322,complete,6c9a459efe714e862732e1abcbf1d8bc744ed108ffcaf4cc1be21f840d940a56,608cee06c407caff746a155d3c26f8b9bd0a7c93fb17b0bbdf59ecbc6ce78a50
9400000000000000323,complete,d46b5bc97083d9a0a6cee296a9229568dea11587ec3e5d24df5c327d2633c4a4,e82f046adc08db448f6a1821fcdfd52524d3243d11849f8463de1b87c6d4927a
9400000000000000324,complete,d150a12f6beb43b2463225855753259d9e93a0a152ef9e0bd418ac01547340c5,0d1835978b2a79792813a5b0ccebe38847dc7afb061691cec045b1741e8f1d73
9400000000000000325,complete,86761d847c9d0decee0738957920a0fa769a12a6c359ec00a2736abe07d8dab2,1a5c5c46fbeede171d7239908fb13b8998aac5bb7e54cf08f5c54ab9cb66df3d
9400000000000000326,complete,45bee11ace86a9141db6e3352fde6704dcf74928ab3fedbd8e48e271aeb2cff1,bb9eed20eea402df373da801a9db0a676f8c067ec54448e59122a7c0ae7e63dc
9400000000000000327,complete,002cce4c5be400e231afc0c0dbd31b3245db8444b4bab69a7d0d8ae9d8378db9,d134b0d5bcfd650bc768f2e284ca79a0540e60eea09adea3be5de5fcc2a2b9b0
9400000000000000328,complete,662bf9254dfe7a7ed3cb6910b02441bcea0000c9feab7191ceb7df7e17582acb,6a945cc0f7fa94ffca63ca25e82ba1d1576df152b0a4170011f1e42e8a782eae
9400000000000000329,complete,f67ec9cb7cda61d3bc76e46127a749168b5ea511066a6536c13e8951f76427f4,72d77d78d5624d31f39963302b842c4d5db02078ea23296eb7a6fbf7bf667231
9400000000000000330,complete,d387795f653e75231dd4c62cc9b7ad5ed43cd6318ff26d57fc5c6024a65bf40a,6a5a684f45cce4f0b9c5eb23305397e1a20c2cc13a63f7a5db487120c6dc599d
9400000000000000331,complete,394c7d9c384559ea398d127215ceffc785f4a6c8bfd6fac1ba4f962b889efd99,649625a761309f0851c805aaa86e0a086eabbd6eeff662b42c06d72d1cde8236
9400000000000000332,complete,3196a271dc07e02ceac4f7d5972503ea3fb62b0e6eeb916a8e341dd0f5245788,efc8f4231ded5d8dcb83f390be9a4f89974578b9369b447f7642383473c58a5d
9400000000000000333,complete,4ae2dbce15c35ecf6ee48b1ce68a69706b41227a857a43d00a30592dc3e73267,7cac0642747a5b890f221be7226d5cce60495e76d140448495f155a3eb9bca0a
9400000000000000334,complete,ef6bef67f2c54e670c1417ccd90338ddc3ddbeeffeb8d4a5dd9f07f802fd1023,d67953ddaa125a1d84bca22db227008b20a810d19f87885ab64a24af1231ee43
9400000000000000335,complete,f8f86b2a4e56c501ddbb37e4018cda09ba5e88dd25b8b9973ad8a1152cc971ac,814ef06f830fd5ae64ea7ce099751ca444ec3804ad8908dee005196779d9e3a0
9400000000000000336,complete,807867eb9698b07a1a7af4847f238096df51ca4bec5925d89fa1820458d5d4f6,433351d559f58a3c8cf788b07656b273c1fb82bcda9d2618fb7afbf431f43141
9400000000000000337,complete,db5a16637389331e1c3f0071735e1ecd22d0bec8cc0fcfe49b6ee63df54eb0e4,e328bd8ae77819a73372b7b12eafc07560f2eecf62296721de7128f5f6c62a6e
9400000000000000338,complete,63156d971023231b4ab360e4ee1eaa5d5f7329eb2b310d53bd51284a0315a7bd,60ba439beba7bac4769f95d12c377a20592bfa7519f7cd37bcb7a9c0cb0b03ee
9400000000000000339,complete,a91cb69d1397366a43f254291a8d0282b272034cff7965709c394b32e2ec5183,52b87b837c728aeaf254c2e3e0a6e7df911ac2759bcd959182687fffc93896cc
9400000000000000340,complete,d4bbb7492fabd2ef5b635e12041078880079cec505b10a4a8ca72a18d547a9f7,dbae21a4ba73b61d3a5b6c5f42e6485d1bd78ce734deae5022eefc0a1e6ef55d
9400000000000000341,complete,57bfead15947c10ec9d3c88e46ac6ad5f34c36a1125b3aa0f8c0ad3dfb698c94,566b24775db70fcc03ba027c59cbf634f2709e1bddd2bd66522a041e12f4d933
9400000000000000342,complete,9c1cc89739975ca88a03b8af085f30e985e8a40bb7777494fd7d282a1139c575,31e166057c1d0c3cd87f934ba46c5eda4a23643a17d0f58f4c10e288bd03aa35
9400000000000000343,complete,eed5cc657aaccd693dd619d237a93d07939833c12ea5dfd41d073c163f58f69f,63aad759920adcfe6decf633c0aa9f2def3042d70ba43b3d80716fdeb325d072
9400000000000000344,complete,a42804c3528770bbc2e7438897167586a196710b64208a626001d032653a31e2,670beb340653a6070feca1f5033fa5f396c8681ea8efaf3f565b7f4d62b681e5
9400000000000000345,complete,d215e5e60d30ad194796de42849f28071167dc032cde4676edcb419ef5d5f332,f66c478513f9a3cede7011c72e220026470e112b39f8e313480efafae006aaf1
9400000000000000346,complete,baeff284a0b05de26e8849d438fe547882a750cad8c457fcd7a3a194f9495753,b8288831ce5279d828f94013485da4d63f4cfdc8aec63d0b537e4f6af255a6c7
9400000000000000347,complete,5edb76b1f3a4131fcda0f901c82f59e2a4200e029c82096869aa57adfd95f123,5200c93a245507ae2a101aa644c381b88d947bf891de7ce3f4ebf163126cda23
9400000000000000348,complete,080919a2a1ecfdec32530d3ca3c3c912afae3f3719da1d16e7b1557d048c6171,2b9b5d024a6861b7a1f877df31a709cc0c6aa1b62fa5499fe06dca6e47340efd
9400000000000000349,complete,e418b0e2f9727564a4a9630f14d76f9989fa8c6d5dc80e03c4fdfce35ea562df,d52e32bbf505b1dd3caa902c37622d7deac362945529e19217586c1bb118ed0b
9400000000000000350,complete,b5ea3b18035c145fae2298e010237f8db44f8e861623cc9e192203a20277c3c5,c07bbcd13972e6458a6a949ec39ee816f38dbb7d1bfbd92607936e0f9eb3b16e
9400000000000000351,complete,5924a3fd496f2788252a5f94baba27bf95abcc22319862f325a03d25b13beb32,ba0f6452a4980eadb1b80283ec061c80662e67aad37ca6bd69501e486e336687
9400000000000000352,complete,b2cb02332e6ec3f849bb8cd0886b744fc6e241802e4aa7235c883bf157bbd71c,a958cbd2c46d39ebfa1277f06ec95f80d600cdb0be85d14994c53dc24b6d6060
9400000000000000353,complete,96c9486023de47b5d61f33ecd3527e0c4cf7cf7689c4a5cdaa24d252000bced8,96a34c2069c60ead1fbe80a589c91b10e0739abe55fd471a3dee96b62860d186
9400000000000000354,complete,f9ac47c04e6a9882be915c7e7c99a2a87345565424bcee79fd17a0e6bf616974,f8706a0b1a34ea241eafce3bba5a67a0d8b5a83d61cb6b12790ae7a98e247bf2
9400000000000000355,complete,02e76c23d5c891daf29117a31b6583904bd43d554d545e49dcbc1378a2f1baec,71366649b5916f84aac947464568fe54219ce3d0a3fe28b08cd18b8f5bf152ff
9400000000000000356,complete,8ae9a11528ccb45500b907c05639c31128860c7c39817ae110985a2a34f16548,1d2875ff058ed9114f4c5a6b9529a305da2c7f48ebe5e2381cebef555a013023
9400000000000000357,complete,082f53e47085d662d7d2de7adc7cecd0fb0fc2f8d5032f24c67c7bc264fd2fc0,18852bc5b52fc09507a8dbd438bd0448c49487db24b1e4486a3b2db85d28e4d7
9400000000000000358,complete,4a191caa1233ef7fd22fbe642953c8d227be73ee55647c21ad0d965ff6d72952,8c506073d9cc4926d91587cf62340b58ad54a717a9e0c9faf946372481f9d348
9400000000000000359,complete,6805d5e9bc2824da43495bfd3285717dd509ad74501ff5d2452eacb068b64a77,b5d2b69aff40d607a0c52dc1330d0af8e98d1bf731454dd059b0fada884b5ade
9400000000000000360,complete,b0c6040b9a4c10961358dbc9922d374715f23017e0ada30df3a2da9eaf93694a,e4086a19db77229487a98374dbc7a21a636055b32cbd322a518a678527e95a80
9400000000000000361,complete,7c3ec7ab23b41fbcc7f13785d8078d1c308b3a7eb04ff1c1b4df46863cce0ad1,2af7b8f97062d88665c9b25c04638d3bdd7d24d4b009247d3c591d46999ddd25
9400000000000000362,complete,b6f8e07aeb7907a068acfa39c4b48115d2ef03c8a74dc9ab779371d289bcef3c,f0d4b37867d3870ae6cb6043ad08301fcc7dcb5c67456a73ce6d7b6a0d14e1f6
9400000000000000363,complete,5e2793b6232ae6680fcd9694147dbd639c71b4917ff60706995d91593cf6480b,925f9f64fe3ec36987c131f372b0c91f56e8355a3e57dad485e8f4e72741148d
9400000000000000364,complete,0ceaffd78aa3954afed09f22413330b3b043f4294a0d5c90d5f346626d3b7852,c221fceaca7e2bd762d8b49ec40f4482a2f3eb5e09e0660c591ec5dddb989e84
9400000000000000365,complete,a72a062414812178ee88f59a5adf50dd25fff8d4956e34e9561efb373d405943,a9afefeacd4b7a20ef9ccbc406389cb0e5067d7bcb883c3ddb68a2ebad1eff43
9400000000000000366,complete,97cd55f3d5ae295c6f402598d44988cefe3985c23d72dc78e655e30a21eaa35d,9b176be6e9f74fdd51171a7cf366fbdd0ee5502fd30b9cb84167799a67cbe091
9400000000000000367,complete,61560275cbccae8ef911b68d244ce0e35880d3bb22eb67007340399096c7841e,d9da96731938de6bb97bd32e439ac859658b63995b14d1ea337fe6ec9d095443
9400000000000000368,complete,ee369685742cd5262b352fd1ba8db6ee5972e3328523fa489c7c4423fe1b9879,605e54a7413675b066eee3213527bbc3ea7b540c5d5eed8031d2973ffb3be96f
9400000000000000369,complete,f100260dc105df9844da8a057c730f0987957127146499ed8b8783712e522a17,f9d20a63652b9ed8766b55b5961368c3eb7e7fcf612887e24cfdced1153d181b
9400000000000000370,complete,9fe1aef9f06da5830401e09d07568179652c4ceece1c389b6c7755f80c906eca,b7070bc619d7be9432bdaebdd7a133b522e34dcedc1fa1df2a667ad76e689d73
9400000000000000371,complete,35ddfb52e58e39ff0d49784bb897b37416c22a8e25a7e3a2ff696676891cd5de,e84d43a37ebe673f0981992a8cdba2ad47a63b90a0e88127c84993787fa41518
9400000000000000372,complete,bc36929ce1bb0aa709025ba07f6fd44a6f2c649154d1d9a0b7b51b9493adbac9,93a96aa377080755af6be8c2d0b7a54967c1ad3e28b684c290fc78af907fbc66
9400000000000000373,complete,bb8fa048befbfc9929f60e570888672fcb71dc2fabd6d079e4e36482a45cc189,4449e5fda3dd870acc2a7ce23a3e23fc0d377428ff2b4f6a034e1ca151313243
9400000000000000374,complete,6a7633af889817962392d418ea541581cecaf4c12cde91e99166030b4d5211b4,04629a035e5893593edebb022cb5aeadb84c8d2f61ec4bece859c90ac94abe97
9400000000000000375,complete,be73c1415b7c4e53a80e39f9de55d78fc81c2eaa2e6e9e2946c85aec9abc0e65,de43634a982210043b2242180847f27b4c3e7957dfeaea7c0aad34c5f3873ffc
9400000000000000376,complete,f01b25becb3af72f11969e47a4a60aa1fab9231e60ecaeeb5e603134057ff67a,bd3460eab4f2dd143d2c8e711e79de74923f36a12592842b04de83d7c14696d4
9400000000000000377,complete,1c3429cb36dc01246161c48f7452385b5641750ab7e3ff2ef406b803b6b6fff8,a27dc28986f39517c2595c0613e4743ad7ee1a182e6379041e1d7f3cca9bb64d
9400000000000000378,complete,f679282fa29a65b6aa92fe30753875d268d93a429c9bab078e4607301cf766d2,7cbb1afe673b61aeb9cffc61b96c0070b20a40544db6a1eb80de73b04c2f428d
9400000000000000379,complete,85999b6d25691dbec300662b68571594d0218a9fdf67dda8c2bb94a18771deb4,61f3137edff693bdd143b5e3e688917daf8c30f755a0ae9cfcf18195903d6b1f
9400000000000000380,complete,4001ed2204b8fbab19b02f67611a17148486e0d2395f55d44bba160887c89d7a,cef0d4b75d06b871e1956bc533a3a8f8f5d04433b5907964e934518f4c88c59b
9400000000000000381,complete,47c78d9f34dbdc5c33ac17e84e79c89ed30e05f5dc5212be5514be82452c29f0,29e86362d986dc9145d48abd5ac9453e3862d336349bc1514e90f30307fbcd28
9400000000000000382,complete,daa8ec848da15d24cb76c706305f510ec433bd8036390ff3af60b8181a0f1c98,0de04920e45d89df7d70fdfd3dc1bc2d43d69281d4733dc42d11e81eb9eeb913
9400000000000000383,complete,2b5bd2e7ce0f34a6c08741b14eeb2cd8d3c48d40e6b50fb217c1d103ea40ad71,064e23e784800a7ac6f8211457f1161e8b5a0b2e9210be08d000d2326325eb91
9400000000000000384,complete,6c5366351ec5bfbe665342d7174a3081d6b8caad2869ab1bf14df2ed3573ca7c,86ee46f2444251a018e6966f135bfde8b5e7663cb1cb8d4991341e789ff9f29a
9400000000000000385,complete,1419f25b0fe08e4b49ef8dced6803c0669b743ffcad40fb0a278d958e31ebe17,f38349f4510eb41be01d96572c45928f05f299f727ec9e1213e11305e05abf34
9400000000000000386,complete,b41657354275677c5f5fa1c9434f917b0c3b0b6995164de47acb223986c6dff8,abf5c06431466102da661373c2de453c9c16582f2cea5053b51f28ce2541b3a1
9400000000000000387,complete,aa1efed260a827d91ebdd1e8c2aa6f9371550b107ad8244d44c5c73e53c7168d,ce2125c75f2f3ffff480b48804842716c8aaf33778b9bb407a9e5d378c094ce0
9400000000000000388,complete,b76f0144510e706d7431d72575a01b86a9eda0df19f25d06831678da993e0499,15cbd7a8b8aa36d779e09472ccabbdecfcfbbde9cc09a9a083bc460779ffcfa8
9400000000000000389,complete,ab797fe97b627342449b63ced6df5bead0ae4cd899680c3c4ffb6394b34158f0,2ad18cf59edd65aa36a8fc955b3ddfd8f5072ae3156945a09f17a88349c7a20e
9400000000000000390,complete,ffb30c8442e4b397f5d3a250213e2c01e6ac5be9877fe52bfb62fc7690e51a9c,975a875c2a63ad4db031551d49cd5e606f3c0e4a07125b2b4c31984fae47f6dd
9400000000000000391,complete,939aad8ef33be16e7a789b5c18b3fdd6a27f352dcab501e9ed06092ff03be17e,bd90027c58a1fac4c46d0703eb6e492d5a0131078859903cc736bd4def33f714
9400000000000000392,complete,3a2e9fc5cbb1fd817f4516193b09917633b88a7794465cf95da418d685352413,5cf65043a24619e980e8b6ca57dd5feb30fa8b7e93e93fe9125a02a0327f340f
9400000000000000393,complete,7579dc0769f23a098a7ae23aca03a414a3d34ce991e2efac137342eac4cbe9a6,609a222e52f7b25fe522243fb80f17a1ec48bd61d9e1f60547a02ea7be9de922
9400000000000000394,complete,cbac39e2e46682e357dc67101e6719b25ab40f393641d00bf0c4504646eb652e,ff7cf02c1c65fcdc7744cc3e0b67673361d5094b3be5995387597d29704f8ce3
9400000000000000395,complete,ac08279a3910a01de1feedf1d37b041f3a9a8ce152a9a7d113254800a6247fb7,df7b096fafb6d8ef6c8ba67426ecd7633b1b636cd96938929085cd19e150f73d
9400000000000000396,complete,6f527749bf59bd3adb97894ab31331192ac4141d21267c6694a71f3b17607221,0c1f4eec2b952b933f3c13cf4d8f34c57e7d7942304b9d910dcb05327f3bb9db
9400000000000000397,complete,23597d7a5406fb9a2124c917da349c9bbaac09da9d36a96c2ffa7e1d95d99704,ff23f6f4a93cd6777a5d158cfc1479bec0094a0961cb3f1a6a76f166e2e30e72
9400000000000000398,complete,25197a9597de2fdea496fe227075c4b759145a5531536657927f7cdb7f327c82,571f6077be6f9417761f13b8fb9ce9b9fd9cf018823dd9a901943cf83e9cf6b5
9400000000000000399,complete,9693ec80f0aa562f14bfaeaff542adca52fc5be570c2359688c52dae049d219e,fb8bc332468b6f2120e7a31ce232e589f09aadbcd513906ba11936c151011e34
9400000000000000400,complete,8398bb583c02453760bcd1377a59402d821e0a74b010289af66a5ea78ffdc886,b3e776e550e06d958f66fa329eccd92e1b9ae18dbb472d2dc892cfdea8e9632f
9400000000000000401,complete,a6ebb4abecdf72acededcc8508f859e506cde68b532202fcfa091848f9e5863c,e9b00043203ec199a61a558d4fccf99e23b7d31bffd3ee4b7dfe9e6d41462f6d
9400000000000000402,complete,1afe9a65b526065e6a88bf0fb3deecafec48a9f472dfd229ce5a58504f72aa90,67d2dae3ea43658a43d4003e0496f50faa5d1d4fa8b618cab268069c87ffe601
9400000000000000403,complete,405123e6b4de9e79685ca2c665d6152d789231dc6669cdc852172c85c7e8fd66,b29d806978cd72ecfc6f18fa9997a54e570915547a16a6195d6075acbbc041a6
9400000000000000404,complete,a3f3acdb3b38b922c133c0acefaff13d167e69b9e9f015ba7feefb07242f479c,3aa8c005c441d1342782edb0227d05e972cc49b1f4e10b4fb51fb4d69be7e6c6
9400000000000000405,complete,e9536475c5129f78e6e92e3d0ce3c510d5352c2914b76a2e1b719b8b4fe38684,53273bdce44f601039ec125012874b724de0fb14e0ee5fc5150d56fcd225b7ae
9400000000000000406,complete,a36bf0b47a81633dbed6d85d84b94113831d5704ad93bf50b7b21ffd67f6be8f,67893da4052c9f81f2bb8cf6c1625f4fcd4e7d346aacace28131488636132af0
9400000000000000407,complete,089fd8faa9c5259af9a966a38c26fe3b62cba7a24bb30082d6f0e0919fbb005f,84e5a84ef8cb3931eae24c6950a21aec62accb2bb6230d1de939966d38dac91b
9400000000000000408,complete,fa6ec8d1b100d53a4a0b358a6304ac2ef0c4343b8a392841ba32f2ed5c6734a3,2c26a3324fd079bb1af076b351c0406b2fa99904062a86b75159cb5531a4717d
9400000000000000409,complete,7fb5fcfc269a000e34213c2505c121a813e0e66e4e1a67216ca28be6560746e3,adb19aac032e6c57721cd96b08e5343f41c727a63a91d00f482aac2732eef981
9400000000000000410,complete,8b2b0d3ba2883f7acde820a7f26685d95beecdf4d24d2b8fd76a20ce4754e032,bee11b6352219e31b58c98f3249b0314dc0250ef8ed3cb375eff3a45595c27d4
9400000000000000411,complete,612bb384be52000e6845448157a5876d6e2d443d9b5dd0f3c69884ffb7efad05,c5f1c7b47f251cb6513ec6bac4ed8d82e4ec4f6616993c533ad5da025669048a
9400000000000000412,complete,a0e018373c6767565547ef041c1344627e6541797d32d8de4d95f1b1f8eec40e,a265c74269db25c0968e2848c1691c6fef0e9e47bdc0dba1fb9f299c63c50747
9400000000000000413,complete,b219dc427b529749c88ecd1e8f7d9dca8c6bc285e8e0483ffd0876001f18fb98,00a00a171cf84419e1d513b13815f79f688301cbef9397cddffda99a80e86dfa
9400000000000000414,complete,29776229dfd4e6cf3f9772f7724107d5266c230919169ac9d0785c1b9c90be94,1cad9b571bf9752d2bca6f9f56bd0bb37f67514101c6b01023b012f66072a66d
9400000000000000415,complete,2197261a08973dae43ef84b603b949ecdecab7bcbd5303117f8eba2250991d8a,2673635d00b7bb659ea1fbfad4f25b0d2e1952a2e9d5e12ab09b3917a9f4bd0f
9400000000000000416,complete,63effae6671e495f1ed1deb0d50e901b0ac526d063108fa69a0e371948efcac9,82a8a9ab079b583a4d907fb3296b2d655c6f7ac865c950b65117c3dcf4419d97
9400000000000000417,complete,514e01d5240bf09f852ed2259f69a9e71b1db8fd6480bf6421f710bcdd265e8a,2e5a225f6722871592bafc264e46f5e98c6c6f04248b7d9f427b3a31adad18b5
9400000000000000418,complete,56876caa0b2dc13ba292158a24abd006e3f58f70daa2853c9c32ac0c7e004391,9a9b313abc976ab82c954a93b7fb0a89464e6f26684042752a501007f188785a
9400000000000000419,complete,a4d9d05d75056e1b451c5cae8a10a152036e5b2a9a772ded7598c949ed4ee8e1,a5b5c676196aab2b78ff78e149890da80ca3c506d3bbaab12a0e92790842c68a
9400000000000000420,complete,375d703e7f309bd640adde014d7645476f12713cbc66ef5ac1e384f9bcce1208,3afcfce8021d2e7999ce015552c72178188abc84a7949e2e6179d122033086c5
9400000000000000421,complete,f8898e14cce941bfd2e58033815725e22fa1621556634eccf7b4a80f73444ef1,a804204ce6e812efd22eb2faee2edd31d1dd045d5bc45886175dcdf9ceda1b17
9400000000000000422,complete,4cb6fb37271d41fb6e3c2f9e4f3dd79e52359e2af05a7597e51890c6cb168672,e132264f85beec19135fb7e2d8af57f06165ed4256c0824e644af802390e6a9f
9400000000000000423,complete,5bf8530076b1e0e4f27d902c1b8c59307b315f6c81936d560200af8c35c399b5,5b14fc55483220464819f741b42f6e0772e874739f86238a15a6e4efb9b358f4
9400000000000000424,complete,afa5be97c1d2db1647a63999f206c7607491b823cd82e7bc2c8da14d3377a032,79779c82ea7f41558b637461ed571f758513c7850fed0a75f747a330233098ac
9400000000000000425,complete,5b0f0a5c84e853ab8b10b8101ed244daaa7fae0613099dea80ea23f11f031496,18886ae6c1737b63e70e610ec7df302a4c455de3c334a4e56b8b9a29a0fc9b95
9400000000000000426,complete,717e5a7a371e78f3ee34b7f96c04d00cabccc474821328a702d184fb920568b3,470146ba5ce7a58c0339ee01f215ce69e60c7674a5c64cacb0dc587fd8388364
9400000000000000427,complete,df642758852d9cebcfc590c95311e7b3dc3b3953e88261cc5344bf8a7eb1968c,cebaa17f393b0d31d40badce159380364769dc992553f26e427b82ba0e3bf3b1
9400000000000000428,complete,c607cdaecb7500b5e0117bb3fddf267564fdbd671f94841981842b1229998ef4,7c37416734f7fcb1ae85de569aa283afc7a945849a5687108e19b584ed6e7ca2
9400000000000000429,complete,1c8eee936181a545082f6d8f68dc25ed42fc83462bbc773ea813e3df02d46e82,b67b158ab18ea1a1f345c6ec0955937db976357de06b87cd96df1f7c48a1fefb
9400000000000000430,complete,e50a9731b347ced5906f9339f26d8aa5247729f60174ff12703639f536ee0284,626427280ef5274977ecaacf88b2b8a102db1d85937182fea1322ef9221ddce8
9400000000000000431,complete,48f69254b995af3eda411346ea34ddf4d165ec96755e18151664e16c2c8d7914,4870a439f934de2bf0aacadd4c1eb8851fcc2607dbc2b8e5f670080ee696d6e4
9400000000000000432,complete,11331467680db40419dd2fbdb22bbc8febbd113c42081ef98feab1b1d3a8f15e,f09b455f412d35e8d730d1e28c75396f0a0e884b1e28bd1b0286fcfd5a721f71
9400000000000000433,complete,e339c01a920d57fee654298f00af4041630ffb50ac6de8008971dfe00169da12,ac1f16f95b1197a1f33086c1991806c5338099db346d0edcc7f8dfd448ca886f
9400000000000000434,complete,aaa42751242a04393e6abac2990f97d5a0231aff064db38710f13137b493b8d9,cf2797129a3e468af247d1619146bb571fb3b3c64b9642343e6dde57d5926cee
9400000000000000435,complete,b7bbfe23637d295ede639d17bd1f8ba382015765e07782afa69be9ec12579d7a,ff5cea63f3b59119c48037ac06f23e67514e31d30ba185ae6ba2c55334150584
9400000000000000436,complete,6454a84555902738deb0a6a302ebc17561ddaf29d133c51b18d15979b9bbf808,945a15ebf255f29cfbb05847f9ae6fa646d4ce8fb0f35e8f31067a91c369a967
9400000000000000437,complete,cceb4bc68d1f062df701eff70f023c8b297c772f1622d0cd555509a7a3597872,4893f1f37d3083ae0a4d1c78d8a1eedf86b0fd00e4aa65975695cb5a6bfd9300
9400000000000000438,complete,c1c54c6a1532c6b7e6d07d88ca6648b6f6646a823e15fb6a247200695a2d37bc,799cdc107a7b6e8f23d63bf8d442f2af310576dd3a935e1432286057a0dfd2e7
9400000000000000439,complete,43ec34427d326237c8f842f3400c38648ea0f7307e9532ff9c5f702654c0c7a5,db285e7a8c86e21189fb8f6d1b270f543376c2790b0d70a92958e22930148cf8
9400000000000000440,complete,180087850dd831a610cf940aa8c12f2b62a3620259b0d87e711ab0cda0232708,0001c7f49a12e593ddc2de85b3c5f3fef861290d4fcb0bc63cc5913ee95473a8
9400000000000000441,complete,d20b8f174ef7ad6a8ed68d5acba467eb3b9f1577e6d6d5756727b5bccfb3ba3c,4fbd6c8be3390374c77e23ea019b7f423ef9e08c301d095335940ce43b328f5d
9400000000000000442,complete,dab7410862aae171dd3102fa47e8dc06008c97c2a33f18702dc036f19f6f1a16,d08f9afb3bc3419d2b4232cd5ca99a604e78532dce5bda95cc1283af830f27ff
9400000000000000443,complete,bc53ce9b729089a9b6940e5afbc31569aa6d3c8769f1e7e9247df47e6bb084a3,fc66f5277808c8b4de48fc6308dc7ffbeb6b8c5c3221a5a8ecbb3de71c85707e
9400000000000000444,complete,6c72220c8e6b6387ec9d6b2b9ca9c33564c960c3b3b59bd3f680be6b8f591771,b5d31b4615eb581627bb47f6dfe2467adfa18dd2afe028534ceeb54d23ebcc49
9400000000000000445,complete,83016555d5ca09f9dde6fbc3116cc884b69b8d34ec3749eb1f3c1a64626aa678,eabbdd71984dc807061de2b2faa8f8d692d4bc61da160c5ee740666f768693ba
9400000000000000446,complete,6c07bc88e5ff1b116e253949dae3aaa9df632bfe24d773c9ce64de3208968e2f,e8f69fe29b22030a0a3ee5e7dcba16ae07d7be8c85c2741622187a7c5f01e727
9400000000000000447,complete,f0259ed511b59c8845bbd67251747cdbc29f2a93dede4db8018f3b0af416d11e,65c30cc3336ec15034573a6d1212add7f860a9d514a7954015e4f8c2bef68f72
9400000000000000448,complete,e9a6f5c5bddce1216b2cdbeed3972294022870edcd2370ef95b23eeba9d5fb43,cf06da4a90ee1488aec80ac273969c1a1c75ab1bd95b22500241672cd3bfd3d1
9400000000000000449,complete,daba2ae923b6958a1e19e81224d4c39d7e1807163510a1789e500eb8254471e7,852dc7193cfdc40e81f181837b80d9c8f2924cafac4facf01d95fc81e909d9dd
9400000000000000450,complete,e6173ab65e7eb8b264e7a5340c58f62d72d2a7548b38570c3492257399e89c13,bd698fe0b2f62a81b817d7598da36e8ae01b9cd8fcbacba9176efb1a813cfad2
9400000000000000451,complete,25b635df8d423d0f7b4adbb3d5705192c7bcc0a62c356ea523dfd2a5bad8507c,173f071de9e226f844eabd9204e698a98439930dd37a19cd22bad029eb81d33d
9400000000000000452,complete,6c3648cfdab4b44151c2f4507e013a6cf579c75676036e2afbbc162e0bf63352,9a754f09c4518c1c74c3deb4a9d8e9e361cc1f7cff81b8c33a0bdee34c8adbf2
9400000000000000453,complete,793d0ca44d9e288717564eb8ed40cc1d9dec0231afeda1ad0382aef0f4501ae9,78897d9ad905575a61475e3705b6e83690049fe69712021f47f888ea6cffd899
9400000000000000454,complete,39555245d185f143acc8048e9a3a474503e06169dd8e6d2a91457b8ff2319483,26f1f10826be927215f5af6d613165608fa1298486a1f158bcacb0dc4f68788a
9400000000000000455,complete,4fab0cd3c4fc9a7225bbeeff75f8bec13d27ff8bee22ecc09ff8db0b96c05588,52a5a60f1f8a9ed8672f88a35191470f0b50e66ccb4b82a9182e71e4f7f83e90
9400000000000000456,complete,2fd9c4f95b62af2f4afb3fdd2a72cbc560280cae9e32e284554b979bc4593a3b,c0d497b35f400b57a4bcef79aefc64aa4c7de17cc75001843fb797060919cb6a
9400000000000000457,complete,f304ba734d42b0e8ac1b806cfb46b4ef3e31533d28ef2067c01aa6cf63ccc51a,2aaab84d4bbee785ed5f058a6992a47876077e86f6d4b456589d5799d4097ed2
9400000000000000458,complete,e0305aabc3131836665e10bac56e2a850fde707f6a412814e9f9e129d70a4b0b,ea0c8a83f7c450d5fa462d7f72d6b5f6d14d4ba89213fa29c91f8a1bc1d53215
9400000000000000459,complete,8fe8e74520cf40ca2a5b6de504e0228da5fed6b8cfd8a0f9514a2011871da48a,7c0e3bd7f6bd18dbace072721efa141705b5dafa7d34d0f0652ae7cded254043
9400000000000000460,complete,bc98258661a07177137710b6cc48d5449325304979f27bcabf4a01a036ee677e,fd7369203b30a85542c1346ffc3b5251af5a4ce21f79a0fbf66d58895f4334c9
9400000000000000461,complete,0183a6cfac7fc69440a9d9b3af4fde36aabd1b3681a6f393d50830813267c7f7,62d2edf05f79a3150beef89953015388a55459a9e2f68e2d4426c80506c74ab6
9400000000000000462,complete,867be2dee0af9113e6b1a59d9ac26d949d8455c4eec2fcccc6b6262107afd5dd,2b664758b0199a39762520eda11b74dd651f33a69db33a0a92bd81ca1806d127
9400000000000000463,complete,d31679e918cb69ad755defb7ce90bb8ddce17f05739c95e00478ad8fc9b0fec0,0072076c0a4edb6b65279dc5fc601dc3ee8ab8d30f422b0aaf22b3afb1e8a5c7
9400000000000000464,complete,6245fc00f758df0e2300a1c6ebce36700c584a2919b5e7baadf13550e14f14f3,67ca38f49bd6db34ba21c3f2811b2391bd861f77742defcc3df56d91b524fd54
9400000000000000465,complete,85ef075f4307acf36a11790c4b27ba878540c5e3120a7bcb317f0f7b4a6d3682,eccc9082d707ffd83da4414a7b7c3a6a3874bdc125a4c06ba14c12b0b0f9edd5
9400000000000000466,complete,7801b48d4859a9e71f8e468a3613bbf7291fc9ccc67637406a49c39035f0091c,8a021948c14a72980878222789838c25d5874dee4b21842f4b96b86b1353a920
9400000000000000467,complete,597642c43b413d62557c7e48a854ebccf08022ebf2d0406d31f1c523637e91d9,1655e21bd9f3426ded9f600f2899ed8a9e51be8af623d1e6b4e10c96b6951270
9400000000000000468,complete,0cc900621ab6ffadda736dc96bc3a1e74e6e3014b9efb5c0697c6423ab40c20c,4e7e0ccedc05d96c473b2dd5643d02e82a0e2f637dfa1234a7afb661cbcb71f3
9400000000000000469,complete,e8fd6dabfb0f0b3a91bfe14b276375ddffa8a487c5a0b2278eed0d51994507a8,d68dfa246dd13fe0eb92205b3ec5321a338211ccb244ba3fa81ecd5c463f21bf
9400000000000000470,complete,dba8d15e02ac3c3ab7fc414c2d0ca258ba1be424553325fc11dc28439fd8a370,6e47b66a6f7ceec3e8e3f18f197fc4a515a3e8334476be69a5224d7a16052641
9400000000000000471,complete,9fee093a4111634e07c345d4eab1dceeac312ffdedfe59ca9b5308fc1721915d,9ddad6c4af30f2e107ba4b7dd23020819c344b9bab571243c7092bf190f9a1f0
9400000000000000472,complete,d400a809bc5717374bb197eb4424cbffd93abb58f33acf69c4da3b14314044dd,6e8a165546fd7591dca10ac5c2cd4915f0ee40e69451f14a4bcf21c3e033d829
9400000000000000473,complete,f9c942ba27b110c0b1d603573a3ab0f7ff5f2733835dacecfbb3212d4c09d993,1fe800387724416a2fd8495e9dda9529a00c37041c513e4c9dfb1dfb687a4391
9400000000000000474,complete,26252f81a833bcf95f22206bedae9347f49f52cf40ee1457e60f341e8c07aa12,7c14c3c128a354fbc2113f201a1906e95084264b15771a8a09fa4ab55c507a78
9400000000000000475,complete,ad0d848019dc1f1ea2dd82e277a4bb008561e536507094d005c9fdefd6351a40,e2e7d4fb5a4846f606ae8415938e9c6af854d37e9bfec675c8e46afa26aec2f4
9400000000000000476,complete,a1ba5ffb1f673700ea2768457b273ea8d8aea92c9564fde82daa64f962f9981b,7175751107993ba9ed83d9526224d714281afbf0dcb8732767c888f178211660
9400000000000000477,complete,7ac207fe26c489786b67f4d1f951efd3b18bf54956e14d866310564036d2572b,6d6d9e1de167961693d086ca6ad5a471a63589dcb6e5c653dc0582d2b280d752
9400000000000000478,complete,75879165050078f5b12144fc394505f160425459d31ccaa99694d3e9c08b4fa0,464cb8578fe963cb067ef94626b5a7844d1e46c388008505cccce62ace97f1ef
9400000000000000479,complete,f588206bcddd519604a9482ddd2acfc406d8d35610f24773b6d865028846ef13,43b461f727f732657bfe0f418578225a9c1695aee93c866f2dd7fb0f0a14be87
9400000000000000480,complete,74582bc5244fe70e663c4da54bbaa9cf821f2ceaed2b06742c60fc0e00a270e2,84964f7647bc73974744c67b3b66c26ca21518926ccb2ccda8fa601d8251924f
9400000000000000481,complete,18b5205a577fe13f7fc561aa3a25ec1cb1bb327d6c74fa4f5d7604c2b63256a4,7980caac8d015c53f4a8aecd1d3720ba399848e821b27d612432754295f2152d
9400000000000000482,complete,daa4e04aa77bde922200626d7fabd111eaca8ed6bc01b7615d040dc1d60cc64e,0bdc99362826ad83720ee19073692f99dcecc050ecb25e9d698d37e1cf17aaaa
9400000000000000483,complete,d1b9b3855003942f69a502356b71926d7eedb324391fbb2dc006eee383fbe9ab,9dfc41912699dd56163407b4eeb970583b641f87b4e85279220168db44c00e11
9400000000000000484,complete,0c8553d85c13764d2bcad0d671786ae596b22481288de31177e9f3953073a558,5af68b6fa06f52c9be62ee0074178aedd51c7994c9cbc727edc7947b9540af39
9400000000000000485,complete,9df40a15f98ef413a6dc4b931d6158386c2931a9fc0fbfd4101f0c2d58ab468d,33057da6b4f92e57d8dd14ac7ced131a33bb209706e964eb967ff6b74c219dd6
9400000000000000486,complete,84c22270f8dcb0efebac521d52b4395399ff335a3aa3cad130ac16829247c9dc,b427ace0913fb46ba2b28ceb00b771cdafd1bb3f128b413ac7b82bec07c1d902
9400000000000000487,complete,5037044f26db7b2cf528a85e5c365fb71dc91b1ffb292aced693b5d9d0b118dd,402b69cafd04894928cfa86be7bbb1cae21e09e48fcdfc620dcdab0b888e1c23
9400000000000000488,complete,f6a9948e781d6c2970e3c5cc11f714e4c3fcd2020609116af9c3af6a27d406ee,be3b16fe2d57889933a16bc220639be508bbb56856d473f2ad9146346e978c01
9400000000000000489,complete,3929304d15739aae105f684b0504c9c45e0bdd32ff8f9df8b11f78f5839d2737,a0e63afbcdbdeba7483adbfc63b60f0caeb524fceed4a4e11555b0dc16cffc0d
9400000000000000490,complete,78a8d457cea815011b468e2bbe1905377e414e61d5f30536f15654c51d94aefc,57fc6aa5f080d9c6e2d57cbc69bf20122dd97f382b34535fe49c2329048bed5b
9400000000000000491,complete,1f3778927bd6cba9e7dc6de078180a066722379ec08c52475b0697477ba4bc72,3b4c60536dda066d35a5224e144c38c3653341e1f6bdf0abc5a156fd3dbad8da
9400000000000000492,complete,0a8691517619fc9870adba6b4a7e3565782624803c670638650e78cdc583e19b,dadfcf6a232b8e9f536f786b38ebabf347185dbff1aeabad874bc2376213c553
9400000000000000493,complete,ead523a7b3c5c67391557301ec4f23fdf399b8422e5266d4220237e15c2f1bf5,86a38a372cd0f1b7741e0195fd49e00ff2b3e93e9e0815504a11effa3a991530
9400000000000000494,complete,719c46d3617dbeadae9ba23885afc7fe6abb1cb9e4eb5b86688b40503e6a7d7a,1f964f0b62f814e6878ec405244327ba3b760f518d8c3d6bcb38031052a0a2ac
9400000000000000495,complete,eab484d3647c37951e116f682f067585994fc3b2d693a66ead9ae2bf9f0ba7fe,a29fd2db201748bdcdecc26aa12d981b268f107209dc8649cb14a82a6c7a50dd
9400000000000000496,complete,ebf2db557c796192c3304af7950c892066d133ff12c12c07c2d67e8914a0538e,5ac288adc09b9435b2f0be2ea80c094c0c8d4ab533799972010144f4a7f4a355
9400000000000000497,complete,c00ec1b0c710029392dce417139a1feca6c2748aa94e59dd2d875b7c677d6db7,86de9422638e6cdf6a89e1d776e217c5f069baac8f14ef7c70e638138bcd7efa
9400000000000000498,complete,9f0f75e745a64eb9c3a4ef69b3c844ef9a66cf01ab818015a5d1794fbbb21d2d,51d602290fc55f5a26561cd8b869cd1d88809ad8f3c24f60bb0f111d9dddf7c2
9400000000000000499,complete,d8516d7bb37769aced29ea9a7f194afad4b89724999ab749be4e25472e7680ec,d4c81c60fc55935d8227943e140e70ef870581b712061b40e43dec41fdcc7b83
9400000000000000500,complete,012a050ef48ab24d211ce478b51d73af87304161998ae686fbf8979f10b8684c,c5bc38ab8b81638852c317ff13eec39c5824c5198c66658afec3fcd19eea7896
9400000000000000501,complete,9e3ca792b36b4ebd5bfc532504c53484ff858565f6c0dd891ad83e79d287c67a,3db48a053a9a12c69dd7924d4a6239c25ea729cbfc229e5a9891e4ed5bc237af
9400000000000000502,complete,d1eded33d32adea23f011e3ef2d485314aa2ca6f92f4edbe1836e2e3d7d40a67,6580eef681bda8b3522f417ae937da5041bddaa10abf36a429986cabc2790880
9400000000000000503,complete,9f443124312c8f63186d7a74dfec625769e546ae25f3e01f499e146feeaabece,45afec4e0f2a6627c00f9cd9774d0f2c3062c432929e4925edb248c32174d566
9400000000000000504,complete,c14740d8497879a59f10279a052643883617a162afd57bbf7bb8c85874abb63d,ff3185de29181b29732b7a9927f718b212b504cd2d1dd0f1dd3eba25bf180b68
9400000000000000505,complete,46f5f9068ac309da6769deb9f74660da2436a85d79880cf677fc2c38b7993332,f81b186418e03892537543ee155eab35526c08ac257e26e50b12eacf2b106038
9400000000000000506,complete,679fdbb4a1b4b5434645ada54385951a34640eea8bc42adbfbcf30ac6b013050,67e78003ba4ec2857a80a3fedfb8dccd3b0a4105b7c5b54f7cc2226236e92ac1
9400000000000000507,complete,63079cd27c6ae6459dc8823e3df222cbcbef1a92873dabcf1afcd355d850c16f,14ca49d2e113577246da5c271b9feeeb85b6e775b84279f0cd8233fdfc872d0e
9400000000000000508,complete,245d49eb2472f893422d18bac6a60fa737768ef2ca47031ad59d223b00c31bc7,10abe19562758a4ba18ed87278f9c3113ae86fdadd8bb3d6f8b4b18754aecb98
9400000000000000509,complete,6c1e21241529e22f6472e347ef9e8e5f721a176a6e0a5339459c413a5e2fd5b9,fc599d408ebef7a00cb60591d93026135ee597ccdf0430ca940f3c94b0aea8ae
9400000000000000510,complete,71e8e5c35a06238d3f1247b8d57fb034ed6aa2048eb26f67220144f333b551d3,0067ee1f13b5a2f5b3458c51aa1cb7df8ee24ddeb63eb1786486baaa7be2dbf6
9400000000000000511,complete,f3a707b6021c7e92be929c330b0337b79699088d5093bd789d037eb5f0e6aa21,466dbd39337875eb2c1b9962dc60d18b7bda598f92bbaa180bf527c236a66e24
9400000000000000512,complete,0ec30406e13de05f6318527485adec26752b1512a3ab383f3c4c0f1beafd4fd7,8d2a65507e03f2ae7fb8df66fd44af76ed698832dce7963e19e7b3ef50a5b9e3
9400000000000000513,complete,ae3569cdd85f73cac3be283751ec7812a760539a68c438f9ed9c3591343c8a42,896589c93e06188b45d0440907355499b09046f5d94e7f763935326631bbbd92
9400000000000000514,complete,dbb119f487dd7943f4346b9dad682f728783f00c801ec8fbc869d472709e0c1b,c78606d2e354d7fbe0764689a957f9f36c82af6a3e6540d52466c2ba0d1e94eb
9400000000000000515,complete,327bbfbdfe3fdf156b72c4c813f7da8ecae01a0c3cd361e815e0a06263230f41,f1bd9986ba6c6c25c67fff3d5ea51c6037d1bd57122b1838fce08e9b352f618a
9400000000000000516,complete,77226671e202eee9e3c4c803ad0f3c527db5845e6c568d0bdf961a9c86bbb1e1,98076c1f0ae5a0df472645c239604df1f70710636370bbdf3385ea07cba85015
9400000000000000517,complete,4817d9ccc11b6cc6eba81e9894fab5ab9a55a292de9bb54b3b82bd9058d78c83,9cee9669eef09adcd993b7bc9f3f499913d624e01353f0667f0ed9e02bf0a8ec
9400000000000000518,complete,9c8665c133a638dcb0d77afdef3f16e99d19bf764f5fe19c59f2da91c0caf273,41961c4dce4a7700cc04fd1ac55d4d08866dc65dd5fd09df1429ef73cd32c112
9400000000000000519,complete,3dea01d286abfbc0ab3bc6d1a441c67d95a030061b47e34851c7f71c98415f0c,7944e4858aa63b82b8dbcdabd56799cfd6a6e910d0c1d67f13cee590b97750bf
9400000000000000520,complete,7ca0d58e5a482f23c93d38fcda1de1df55950b87d14f20afe01d1ecd3b6a31df,25e25f5b49716f5331d2d2d45cf948256be457e4ee4fd18c11ee6206ed45ca02
9400000000000000521,complete,135aa1abd70660f957ff0c87e74ad7bb54fc7e1a4307dfe26fb4138e5c26c06f,38c494bfe445ea78f00811b494563f4320eb4c2badb4c2be24e2f572846ef874
9400000000000000522,complete,e2051306c65b0a8d1c9064a46b21ad5ec1ff5fdd065a920011b88d5d4bf8030a,2563df0dd4ca17729c834c21f75daef2293fbd5deb02b50d27f87875cbdd369f
9400000000000000523,complete,5dbb50f9b51cea766bdfc3dbfbe123926b62fd925036a4f79cd89eb568b49d06,beb3a4a2b258d3215e27c401b952e03f41db8a14bb121c2d188bb8dea222d5b8
9400000000000000524,complete,e72f31fbd7c40928167d2f19976f26111cbabda2f14eb27640845eba9bd7d208,925926b2777549a4285b11f57deb7c220ebfa56e4a84e3a554e4f1156ed68e64
9400000000000000525,complete,c72a4fd0638e6b4f6ee9f22468f187248ce79b9aebf60145ca8a4bcc317e4d16,827bc4bd91b81cf6853dd0457905ffd1069f813579256c0332c29bc1fb0f6d43
9400000000000000526,complete,49cae3c60718e58bdca2559624c4ad10c77d9b96d25b7955d877465c0fdf2010,3c1a037ac085f96054ec9f2f01582887a099cafc871549281f4450cff57b73bf
9400000000000000527,complete,d591b506d85e243a9ae11db4497941669095bd2461dc0cf13c2bf7c983dd2ea3,1af56d1ab5b52b67cf135bae6c89e97a192986b762dc6eee0913af84ee87dbfa
9400000000000000528,complete,8a042ecb98279181252080a191a1842f1e869a0f10c95f9415a32dce1f1b4f77,96c364147e5baf4ca61a75d1e555de556a91fdbedf5aaa44be2e25c49fd27859
9400000000000000529,complete,581f86d237a29a66e7d441e44c0013acb64ca0706ff36c24ea8128e78c30f60a,80caccd61367d5b31b657cd8b84ce3c1ed8854f01cd8cbcbe6064045d42b7689
9400000000000000530,complete,78d635dad4ef3f8f9a54daa29e208173995f221e7709069a1ba129ad7a032888,d20c1334063437116826b08423b3ba07b6c627709fea57221e0ea2fd34ec439c
9400000000000000531,complete,c459f1a8e78120d4ee4819ad4be33733a1a18538bfeee87720e2a128cc984755,fa7fd9e7c03d72c3efe1098afac9e349801102eb253fcd0277a23f3afd415ff7
9400000000000000532,complete,37c885c71ebec73c46d521d163bd306c50d739b90213b2c555f5cb45536df1c9,aaeea5390b4b68e0be07d44a717d17238c7653439205a4233353e99fb53ad5e0
9400000000000000533,complete,ab1b3f756a2161b307c6dd5ebf258b6fe47a2d77687d8e40c5795371c7e30d9d,f49235528d1708b36de980d50ef267299fe4306387df8061a763673c7309ad34
9400000000000000534,complete,3559c52ea0fb0a6dcf3d41827cc4c1ed9ff0250b6f103cdc2aebc0b4f78204e6,602f2e1b7e0c1b08f2f9c9819348d6db5824d229f71f071467dd19fd54ad766b
9400000000000000535,complete,8e4462d3f38562bc1648b22e6e63be5e5f929a1308f719531daf4282433fbbf3,3bc3c7ec4d6a1bd34cb28adbbbfe0abffa68161f2c4155d4de897dbfe1352881
9400000000000000536,complete,13cb5731b9ad42279744265e7e398a636e63bd2095c56606a87f4867ed64409f,3ef913752ba6b1499f7bf0c4a03c799497a63e63994a0e6e99e0b47a1a081442
9400000000000000537,complete,2ed6aa1864e21c4a6e92b2df5c12da843529dc749067610a621927493d7b4b5f,3cd4a8eef6c8729ce7197220c7409d2cbedbb121e3c3523cc0f9dcf1493ca985
9400000000000000538,complete,6ecbb3c2af2328fcdc091f7924329f924d2b60851d733dbe9e8062f7d618cdae,b27baaca81146974150f822af149e78b09c583e7834e6842bb99a09c779dc744
9400000000000000539,complete,7450fb3bbc2d6267d00a2b3273d59d2616572c5c4b5cb06006c5f79a0d47733e,f69ff9ffa7d1487318ef52a30a889d6dbc9e13ad3e4618e0840810172bd21bba
9400000000000000540,complete,ac29742f8d1515e6c0e78f5724f057e2ef194a00ed8607e2966d5dd39d9f2f10,75761e3974f8f66609007f44195c879e29d416437880a3bf31978907329e7a92
9400000000000000541,complete,2074f52faaedda247233919c6c47a7b867812720c2da7da42e76effc034a189e,a2bd244339c7913e493ddd5264d4f9d97d58ca76a9ea361eeee90263242f815c
9400000000000000542,complete,d9b5d9aa5820e292c46d6f27705d892e12030e1c40da43201de6e756d9146c51,3a80c28d722d88431bf44c0e5a50bee972cdf7d44a49ada548d6bc6d11e2e242
9400000000000000543,complete,169e8b846180cda20ded1d7f392169375bc727bf53cd96621572958a046623df,5eb2a0ad47c6d9bd0ef2c04a1121844c82864efae8399b62c4449a879bcb5653
9400000000000000544,complete,f8f2a9a2d57276a8a168ae945d04372aecbba9fb14efd0c165c97353b84795bb,3be3999e048a47e80e46398011313b7e9fc6f52611cfeb05900316e1fa7598ad
9400000000000000545,complete,ad9119b6b65224f9785bf3abd0a81f3ba9041b66cb8faaac35cb48c8cd26b1f2,a1be4702abf6f9c4feef933fd13edbfe787b8365c90a868ba1179e1de1f11e37
9400000000000000546,complete,cf15a0d435499a1dcfb23ed426bdb520fa5acb163e4e093661c371a39bc3aefe,e59ea4982abcf1f544be63143e0c1ebc41b39a2d2ff437f5a1f90ea8ea3f8bf3
9400000000000000547,complete,960d544f7275630e93a4548c65621109153be4ff09b905e1a02394894d355e3b,0849a2b7f193c5eadbabf7311f4d7e628b7131e6e0b6c3354fad51f8c514c4ca
9400000000000000548,complete,891a2533eeb795faea8a85a2e782f4a5e2f83114091069c8143c022c5efd96f6,4d429681e690edecbc0c48697faf1d33aed015f82b4f39026858de3063e62821
9400000000000000549,complete,0c8168bf27d589bd79370c6757f3efa3556ccace25c8386efb8b2d660fd278b7,ca5a326dcbebc049b0af67df279619673f619365807102a4a2692702df59d7e8
9400000000000000550,complete,9721fe046c23ce4f665b0d0300d7f119f5c72d6480257a1e5c4337d0e7a87015,9572f2a46eb3f60cf259ba0c02286d2ef575852b6c06f56d39c09b9e80ea736a
9400000000000000551,complete,43c2ef687858e973e6271e906056d77042807ecccc95f3e32bfad50594877392,4c38dc5d8483a02cdb5c8977e8cfc3e084376849cfb0d260ecfa7873ea5c4d40
9400000000000000552,complete,b94fc199c02e805346ebaaef3a20732a8de92301a8431b5dba3ba9ef20e3b0f4,1e14bd23ca0c19dd7da36c425250942344d3748c2966508644d3c51cc9c9aff1
9400000000000000553,complete,51f0bc33b2688149ac2a0111ada40f0a028befa10c974cc710e4294b03daed47,5c74a15e2e5b2ad03f7baf0a8ddcc16d9eddeba2d88b034a09d88fe0a67fd34a
9400000000000000554,complete,62beb58bd1da7820047b762955430edb0dda87fd98e6f06f7441f3f897ed67d3,53d34cf72ab3a5c490e8fb0bf5f1ffdc1cccfea7b8247a6c5303f98b31ed3735
9400000000000000555,complete,e7d41b8011122a22c47cae9acf0440b6e11ba70247866a09c8dda040df9d9d63,d5224db6706484e966f59dd2262d2ba03ab9fe6837d6f343b1a67f1bc331b162
9400000000000000556,complete,9c10de05bafa157cefc811221310529c2388a00ed35288a776cf5e0ded7ccfb2,8061a2d6a0bf2cd3f0284bd62d53f7e9a5684a08e2d4285080eb08bbded70978
9400000000000000557,complete,4e1d09d218ac034ec3982c7f0576db807230811ac1ca96983bb273bebf6bbb4a,2b702be6bc96b74fdebc919fa0c0c86bac8c72bbee1aae9b20c96755be7da1f0
9400000000000000558,complete,4d1b8171c5194d899ebd69bad44ad4414010be932a66e23df2d36ef1e2df6206,a20e214c6f9b99c351b1725692b1191a243851e837530940b9e6582ae4022be6
9400000000000000559,complete,04fb382450408186708d1dabeaeede4d3c4836aaf5fde6c1b1453ed40ed9bec0,79308915ef9dc2bf16fc694af100063fd48e1010b08bc393af659c0b614f307a
9400000000000000560,complete,e8bad5e8b4fd95591d60ff9e60fc4ef87635f0d48f50b7e06a04e62412afeadc,1f7ffdf5e97bfcc64e6a7845c121ec0ff56ef5762aa3c6e56f5d2ad7464af220
9400000000000000561,complete,c4dac94c72b4f81ccc3011746a060ebb92f9c93ed3b92a3cf33e48d8cdebeb51,3c8a6821e84c956343ddc634f3e686120752b9e487a430b557d03fef52924810
9400000000000000562,complete,2396c9d28cb0f264d789325f1d57f648732cec92c4f60a2573c3b734ee987c9c,75d262da20acb5579b06cd0ed2842a06f2e3fa3db430a591ec5eed0c2eccbb5d
9400000000000000563,complete,f16459da0fe157014ca3f50895886d4024ad1376036d19bce2bfd465ea9b5a71,f7758e32ce8f4471749f495ee3d8746327757376d49035bf83cbcb805f58fb31
9400000000000000564,complete,d7e9541d0e89edbc50f56099aceb6fbd569191b34f01acba007ff81c601d34d1,54942bea3368b9c448694ed109571f86d00c5e2057a2f2c7a351036d65758252
9400000000000000565,complete,ed16a0695edd1988d08b96d5aa6b116dcee3f6278faf526c629338e632d2b501,106c5738cc3f3487a6220c2f42339c8a42dfcf54df8358080a662f024cf409f0
9400000000000000566,complete,53fd7a917d035032f5255f88d3d7bf6b420534eaa2acc090bd268f1bd4e0a497,eff0ba4d05da1de157c2ce1d78d58d4dcd52f9453f8a184c05e739b776e582c9
9400000000000000567,complete,5f3a613255e0449119459b53710f4c02af1487c5da081c4958c00f284b35d018,c1f36bdf66cd6420fa38ccf2033d5cc5d6b66b065a59fe557fa5ad91c4c2d58f
9400000000000000568,complete,f9f1a0ec5762b8ea8b52ab11446db2364c884e4451e70db9d9f0767d17dcb1ec,9a28772aad921a744b550cf4c1d86e8dd2315f84165a2ef1a633ecbf0d850be1
9400000000000000569,complete,4d39cd1aace6c2ad1c042849bf8e4cfd6e40d0e2d105cf6456c40fdf750d555f,e1e68ba772eb08578d685668435784f7a6207cac2652c5fab4b728884bef45bd
9400000000000000570,complete,62f1cd6310cc0a642ee1ba20feea71ba207509a690c65f30989066b6433c5da9,ccda33362e93eb6d82a7c9d1a195eddc9a748c56de26e1e41f885e5d5b1a3c90
9400000000000000571,complete,02b2147f4ba35e2c8a9b3fbef53d25f7c7de428118da0ab79cc9158bdd2caf98,d629ad8d71ca1ae77b34564b99edc01ad21de2f59d7b8233644633aac5655eeb
9400000000000000572,complete,7404559759206d29a2d22986a90010d7f9c4ca93ba06dabc9b119003be74ad7d,412b18b8876e97f013c394684d62fee04a4c56ac8a28f1866710510b6cc21aa0
9400000000000000573,complete,bc2ea83a67954aecca1e34d3a5da43906a17fd100929c311e2e375436e9cce24,0c39475fd6364ca0820bdfb73c602bfac6a69640b4512c3bf294b5f3ad5a1948
9400000000000000574,complete,8f8d2f5495cd8ce7b7fc517a5f98d233936040b9d2e61963067870c520fe6b88,62760b53273dd2205037f6c5bac1cb1d8ef732e5dfb49e0ebce5f0c6a00c40e1
9400000000000000575,complete,7a83375004561faf60a7bf3ecab6362f6a2313ab84a207a20bce27d63137731b,810d6bea31fd1f46eaaabec64d4ebe4de2b98ad4e35fb2798424976cac56a262
9400000000000000576,complete,21d418f00c0c3aa1e4f3709cc533543dc7f46653019fc8c205d03f04bf2b0e6f,1d2498d09886a746489920c6629f773e42d9a3c8f4c107e6136413c3ab2fe4eb
9400000000000000577,complete,4d7d35e5b5bc3cbf313c69ea9a9331dc9aa6cf77084e2f61dd146352d26b4ed4,4c4f1452e1ddcc916d38e07eae1d92839998f614120ac010e36a7a04525bd9bb
9400000000000000578,complete,e81df5dbc26745461704de7e9068f134d812903d94c8be29cf915bee1b60c33a,52707c96b0ee414848b639de39036c0af0b50e21e488b91a589dad978971b1f0
9400000000000000579,complete,f2452cdc6d8cd8d97a4eb5bcf91a0bf07f5a631765d1e052cd43b3cfa559e288,933b24e4cc2abe35596302679a8ae7ceb1d965991c214e64783204266c894ef8
9400000000000000580,complete,24af551b1e84c2f2e069cc87318df16f69985b974d4c20f64018169acb651d94,d50caef301a06bcd620261d089b38d19d8446292fee415bc8170dab73c3dd722
9400000000000000581,complete,64a9c2006c19aed184bab9e34cdec65cba303dd931c502e1d70f69cad03a1156,3cac2d9ab3137d21d6934ac03bafd5a66065977a5b035bd6a2d7ea82197b692f
9400000000000000582,complete,349a92463dce2cf46145a5de78aa2f6df5759adf50611cb56bd591590def77c6,96c724b23f902ee446fd3acb1ebcadfeb0b0b42884812af0095662bb5982608c
9400000000000000583,complete,5b4528388bc531e0b9d916c0091d04ef5cb9c151390261efac2f38330af36201,ec1831d367613bf3ecdbf6b1aa7a3d2ef58176c3ec5ffbcc4b5c4082c2b15bde
9400000000000000584,complete,1ca1330ffa432b40bf3aec6848bd9288c2f41b540f6e26dce944928b3fa60ba4,b2b193ebf9b75f9f2f5c2882d3bb5fbd6dc247a317d25025372298f850057565
9400000000000000585,complete,1051a3410fe49d1028dcb58caa9991d071fd5ec51465b7553ac721cc84d81c02,2bab3ec466a41caa333f8deec7f558a2ffa5bfcfbce2f9bb9d46d74ff1400657
9400000000000000586,complete,4456a339301389acd0cc21d6417a3345bcacd2ab73358308fed8f3adb1119254,1f53c1eb9dcec871e1155e8d9615ad19103bcb19bd35517ce2fa7016b1ef0926
9400000000000000587,complete,d6de78bd1406a2159f3d5b9508ca872f581810edacf2a28abbbcb92cc73a83e1,98a57612bfb1b6e3a638b4e0f87ae95f71ff48c062fca863aca7fc4bac2a3f1e
9400000000000000588,complete,7c4b2437d218830eae9eeb85439ebe8832d9cd7a6ad2dff63e04b68ba5f01966,00bdbc9e000a477a9364e80b60e65a12195fbf21be204785ed672b2dd5d1bea0
9400000000000000589,complete,419c5d1bd4dbb923462f5bb2f333edb05c4d04cbe6a2681aef186d723bf0ee6b,80bc7bd345334e3a54806ea081eba289753469172afdb3cbc24668bce9cb87a2
9400000000000000590,complete,ab127ab7b4079d513257a08735189a8f10f0e5cafc479eb3a41c7598cbeeea3c,a1cf989158d49f8d379b2792c4c2b43b5bd88e0e8a446535b196f0fc021a19da
9400000000000000591,complete,fafaf9ffb93ddbd023618c226159122cb0a712ea60c0d2c638da5d583d716f46,49387e9a07268a6f4d72c1a8247e617e5b0045d84f5c2d0e72e0ccd833b71f28
9400000000000000592,complete,9ef32ec06387ad22122724971b297c172437e36f1858f39e4d177b8030a2d737,896ae31f53f319794197d1f771ee030234319e2aec4a5a4cee850a10c35a0278
9400000000000000593,complete,28b9aec7e301cebd3412050fe273399618dfbf28a12b2c5eb71df51821ce56a6,c7a4759d0c9ac716fd7f140ff67c5f8d887a793fa60a2fd176fe194675d5abb1
9400000000000000594,complete,ca11506403fe24b1b2b3d7ca5b04d1a51ea3e41359a0f6a0d1b982db629418b0,e9c2a7e15a5d07ac31610cfefe6484128e4415e55f79715eb2311d117554cd8a
9400000000000000595,complete,958cdf96484446183cf79525221530e50f70d2935b90563aeb11fc9c06367d50,5d5503c7d81bfb4db8a171340d22420fb8bda9fbf1779ce8093ec016fe093a37
9400000000000000596,complete,abe216e6d3419ebe9d9e65d7cdddb000935368efb12124a8f24bc0c9ea61e38c,21e5df8d2da229c1ee5a272a374669b9497453b2173343898f12ed38022d88a6
9400000000000000597,complete,01abb3c47cda8a7ccfc0da80528ff00b6460321c0fc9eb8d3a4fc42a5e97553d,3fddf89ceced5c7c42036e56e6f78c44c2f010021b1f4a33b6e9bf6d7be4a36e
9400000000000000598,complete,d286582d73ed6496b9303bbeb5173a4fd8a160f35c1eb331718120dd4f10bc7a,8e5e9a3cf16288d699205b329946f78c23588512b30d3312b770b1a880e2098d
9400000000000000599,complete,2ffd316aa6d3e99c7c7d4ff4155f054238f636c88cfc4b3edb634793be31fd88,21098919e961b7489f42d974ba45bd009de0e0921479952ab88a986c2e8ba5b0
9400000000000000600,complete,7eeb1bbcc76d82e4db6e556d1eb18025c2931c8277e9abc8737cf43353975740,f763b60a7a7641610fd51df92fd8967ac5ce9cea428a837f1b2d1c24ad399543
9400000000000000601,complete,243295796d9d24bdfd0c4393829f8e0f15c5b83b0409f842a6bc1fd866ea7051,345d347be9169d24a9cbb06b6007bbafce9b90637d7622462f1671c563455755
9400000000000000602,complete,4e473a8bbd4321ce6e403c668b58968d4b8a48c4030fced7087c882ae3c4c076,48c0fb32d703fe808c395f4fdf89270add55dab91f5aceda8f27c7737ab599da
9400000000000000603,complete,ad2b1253d6e8895417829af344827ee13fa19c860edfbce7a6035313fc2c5ffd,76351c3b87b607553a4c94c1a660cbd65125fbd17f60bcae050a9b3567ce3742
9400000000000000604,complete,b00e2eda52369d437cd83c3dc3f42d2d054b0b4687d37a587ae73de3bdeb60af,272c107f4b6db78780f39d505dccc20f22842075f7f8ab77299ab5211d85832e
9400000000000000605,complete,0b56833c13e18821a99a29845936d6a130fe0154fb2b44f82115a0213c1ce289,1f67f4f765948f7916e048a53b0ea6067a3e13b875c5cbb235ff5b29c0541c57
9400000000000000606,complete,80dc07fb7c0bd93e0753555609aae696d1e8448da073e996ab7d764f27897e2c,a386f5234deab505280b6b231b935a5337beaafe67a6a05d1f69861b83785df7
9400000000000000607,complete,7c8408e84c1d64388d5e86afb3a2e65ceeca5c3670fe07e4d9351c5e9d19386b,53f221ccac0011fa2452ad7e821c4c5f39226f621dbca37e29c643906db0d6e0
9400000000000000608,complete,431aeae75824e28ee57251ce4018b49eb46d93a842cf55f49e02bb99aae4286e,9b33ed8298427937e2d3a5d002ee58abbc6e38e9026235402d0cda7a184bbe5c
9400000000000000609,complete,0928d382688d523dc9e463fb2a8ced25a67c7b66293940368045f608e1702b1e,02474d504f590e1f4c0885c24887d73151779bd40208a12ea498b8dae0316e7b
9400000000000000610,complete,f54a8983a6c78d65e95a7134ab8dd4c94c7a5d11cf57dea2d6115c8074014bf6,4256781262de4b562da2974ab1c26b75b991e9013d943e7ba3fd5f462ca557fa
9400000000000000611,complete,4e7a5a222918be21d2a4c93b4b8aeaa7cecaf9e155e7aff6a1e98270d8691158,5e0302d56bf724968ff2f885a615cae57fc374f8eb681f9f22139b2cf7e0b361
9400000000000000612,complete,4cb5f786ca7e33ccb874d6e841f889a9fb92431be55446ac875277045addad39,a22b58b7fea11639947b51e25b7c3575b956263a53127df61bb243e427812260
9400000000000000613,complete,30fd95ac1172385eb31a224d06195c20dc836ad5bef3953a54a391780da0c666,752afb40131fc4bae5015b917cc22594c2bc8f493a0e9c90cd55d539f60ad643
9400000000000000614,complete,92ad7ff05789e7e902027a7f881b478d1395d4876796d8bcd6d489041af1728e,75d03bc3622f9ff24bcbcd17dfe63efb77646018c4d81a05add1cad81d64c74a
9400000000000000615,complete,fab2c343a7cebb8b41ec1ee517c64e63f8e89aa1a4497f4fe2912cb88c26a80c,c11d04d980f9762d88909a92910d84992d02cf9d2e5c6940cec442336aa36098
9400000000000000616,complete,6c3a7550dee9692f09d545982e9bea9941729fc9b810b63baf03e1f026649cd5,a382d51f8287f10b97349d2a152110ade5d91c13b40c3c041811c3ff985e70d1
9400000000000000617,complete,196e07bd6e5271520ddfcc50c2699cef1114a90eb030de60fdcef1af7be94958,220dd7a98f19d4bd119ccf1cc373d1c70123bc6ab216f87d3948b6d676bf3dbd
9400000000000000618,complete,65429d8131374c29aa0587b0e5b7575484acc3bf3068951f674578f4121f6d2b,9b07ef01ec639a02989c6fe431133c313c99eb6c27aa62effa021a46d6b31b04
9400000000000000619,complete,96dd43398d25760e0a2153add33ea636ba107b103943c9e67e086a50e573c97c,9e2c8ee9a9d1a7e252274c7d39180b85b3811697da49a2296a1f98c5cf28f7e5
9400000000000000620,complete,758f31a87f83894359f524b846f5323849c750851de533587723f6bb08e1dbec,457d1785e219136e8c5e43fd6fb6298f87bc297c40d00e95dc32fac4d3be4802
9400000000000000621,complete,4ae594f65c5e6c5cf1ce495ef3448c301ef6a533db17f50137ac93e5d121b801,274cf8ecb92e0fe8f53f8630583762c9943850301cd812195597c4d3017f256f
9400000000000000622,complete,d3ace18dfa48d23a94e13379081e7942a19f9bbdadb490e61ddbd3d6cdfb457b,6c9556a087316344bd31c0caa9b29ebb5dd08479a69d4fdf645a19a759805370
9400000000000000623,complete,d7ba72035353aae3b3c5ca38c8e5ed77f4a4147bea6d3a1b0680fa3edd5a2f7f,21ef6b7d9f7710cb793bb7460676f9dcce3c6abb1fb6efa3964f866b4707d662
9400000000000000624,complete,039949075d1c73ba3f8d9999ca6f191f8ad9f7e1df0c6faec00067cd3e8d7d28,6f7cfbabafcd335cb107820a2ef1235a48b0d508df36c134297688cc53337413
9400000000000000625,complete,ef240f53ffe900152efca398e1c7515724eb6f175fca7bdc26fb896fdd769289,1d78d14bf2c40fabf01053db5fde19f0a121463c673932703b8264eb4a23533d
9400000000000000626,complete,3c232a4db8f4cdd040c5000defaabc7dd49c272713b7378ff9860ea8a2f4ccf8,1c51119754296df6f3f7eead73a4dc6bb0f9aa4b2bd0b71eefef9036f84369cd
9400000000000000627,complete,cd1a9c9ac12b4fa874998f2af93d7d4d8bceda0a9f6c88e9e76704e948ebca5b,d070b928969065d305c997c5a6c2daa69379487b5d1e09926635bfed8c6a043f
9400000000000000628,complete,097a5d7fac8f3982b7ce9bd23b07bac10e126f2346b4394e454100876b9ca6ff,a6606bd76b7ba515c98eaf8e122333d9a8ae9f85f23c756ff2176f836a08ebba
9400000000000000629,complete,d75208f3303a4e4e4cdd11e0fba496f5a75c5321e550a2bb52e727bcaf8ae5a4,b2c869f67bde9836292e1d4e2e65b0d222f1d007b2c870def5c17411823fdd54
9400000000000000630,complete,396590919895ea59bf10ac8ff109531ec22cb647310b0e6f149c314ca4f3e840,dbc628271e40e094f3cd022204ace9968b78bc6b02ab1fd09a80a653c785e4f4
9400000000000000631,complete,090ba4fed7f31b0390f366216558d2ab644390d877e09532c36e73d3b888bef6,f30ea2ae6b60c041b2572d7813f8f3f4a6c20c52f3b10495a05c13c42b8acfb1
9400000000000000632,complete,9fc14dd1a15f3b2cc1b2327391b46500618b78de5c11c915dc9d8ba92bc83534,65fdeadf9753b0687817246ba0463a0c2589df9f9bf915a020043342b72f61e0
9400000000000000633,complete,27f1876c2a405cc9a5bcdcf5014a82649a980e9902246560f1c8916745ff4f2c,f1fc12d12212133f66bb5a93f84a1b6be7c069779fd174cdd3b0db572e42fe5c
9400000000000000634,complete,612b965d588e0dafcce82ede7a4dbed8c93608bb4a72304734c5f310bf60b445,39418d0001b2a5d8ddbb5cda54b0db6abbbb9939b78e70acdc2d60e4104bebfa
9400000000000000635,complete,28f9c0eb536186bcc48c92d512bd96a933ebcb9664d5471a7788fe698bd22660,e137e24786dad7a9682eaf37b37b2d400dc42cd887cf5db689bce1531343ffc0
9400000000000000636,complete,6390b68a5e9f10298764a18d6cd18a72f86cca10ead272799c9cb1fdb0bc7c2a,be5717f836501ec58bc485dcefe6cce9822c493e5afe9f01893bae875192f328
9400000000000000637,complete,49423d238ec920cf75b51fac8c1e5ced13af0c24f659d5bbe1e6d7da16411711,53735372278f8c6700a977128da907759861c437843973465dd0ff75c861766f
9400000000000000638,complete,9b38bd28087f34e374c1779b04570618ce23d71165e3fe2050996d9fd1f30f10,4e83d80a3179f8fb5c7656d7f2f81b901f21f05820500f71d1c3a33cb59f232d
9400000000000000639,complete,411dea5cfeafef3a4b693139dc2d4b3783c5674b3046f28dee35db3415e0fd37,42c6d1fcb89c9d3b9e25f6ff76eeba5983aa975bd586251fc95ac845aab49305
9400000000000000640,complete,a58a2046336cca1db37cfd500eaa2ab45f66a010742ab20e837693c9ad60e10f,960769c3c54e2e034193eaef84b30ee6501db588f6c44db610321f083e66c451
9400000000000000641,complete,34001eb32713f3d6b5735131365229969c049569727d8e315982f1599fd4cb89,9d1229ceedc600c6f1c68f5465a9e7f8940f45f78c0e6aea5a27034974a7b9a0
9400000000000000642,complete,4e67adaab342996ee662e127cd93191676006ebfeba9c447b617a51baca3c7aa,459e15e937bfd0ca878d40dd5e1292035eb12c58390329f7c7e2543fb11aec29
9400000000000000643,complete,48e43345f6220b3964767b701314a61aa23a165c01fd644a54a0b374f0c24e2e,71e992191d36532722f5076029e333cf2a2c2378c3698f2d69404b46c68a8d92
9400000000000000644,complete,ee41bbd96a06e49867214571402cf52e4596e79d599cfde2cee5b7be37781ea5,7705f164b1468d9e4b4ef53af8f72066d83c0a396bf5ff4034a8d8e482bc85cb
9400000000000000645,complete,e59f1cf5739c31dfda9a69ad00b5bb26957e563bd3e6a2db3badeeb3c4f4b038,845e604c695bda96989e88876a997cd29a4b7a045db4910d79e87973c1314d8d
9400000000000000646,complete,269118c31d28745614629babcca788165886f58377cdaad9d0c26dee26aa6b7b,f5f1b3fe9c3c0534e1a1283a4f2621df5f94fb72e5caf14f90021c7789718322
9400000000000000647,complete,9c4657f3ae74145ca50934a1aba0382257df80baaa6032975e7b8d8c45282c57,41925519b426635b6f3fd5d20e2d2b123dc88f651103c2f2a83e7078c2fabcef
9400000000000000648,complete,30852a926b9b6db29c175fbccdd905f6adc38ff6adb84f79392274df3062e5e8,483a570b80fe59777511bf7ea58eb295e933f5c4ba9e87df9964e67737e2cb53
9400000000000000649,complete,0549ce03b4620ea984895150e9997ed955aec538e274b9b521f379c45635d8a6,34545bdd64763ef8319a51b3bb4f29f254c4a0748756209f59ea467a7097530a
9400000000000000650,complete,8f61b74133541cc6e07d7e3366f07b1a1cfd8094c3128a7b8d544703498e11bf,53c17104f6f2318dacf64bd0502126272d9a9e0874904410275636d00df5bcd8
9400000000000000651,complete,18ebaf85c8d82bde44299c885f5efffba6cac34de871c450fb4d599fcb00d613,9433043ee708a751282b362eda09242be835cefd0c144afc1334c9cc1010132e
9400000000000000652,complete,aa9e00e6b840560730715d18018f1281ebb387cc1648fb226f60d38b0aef9951,5ce8c5e8e7ab72aed1abfbd032cf66ae140c99a3191332a1406bac1ec344a39c
9400000000000000653,complete,c15789530b1992895887e5f178fd86e5ecad56875c9c404cab60fe7715d8bcdb,a849bc1d7e87390df00c225dd84e9958980a97e45f78227164315c7c83c3510a
9400000000000000654,complete,d2376b2e8f52c68293f115a30037aee3bc44b2e1012622f5201c00663180b467,27458d6e2a90cbfde2a5f1f0d1ccaeee0d0b370cd1c474b5395ffb41973ebe0d
9400000000000000655,complete,d651456aeee4fe6c04e71c1fd0fbf59708a43b44376a40b50a6a2015c0ded24d,2da643560e41c4f96d1511bba04460c4c89dcbbdef1a2f603b8c58977c5dbd88
9400000000000000656,complete,23505d17b420321ae79d4768b9445c1a17ab11abd632f7163e0a756e6e76609f,62313f58acfe3fe6e9e3b5ebcf65b0488ddc4537d4fc30baf7dda51cf272c6bb
9400000000000000657,complete,afedf947c4f27472cd77318c77def0934192e8be34010558c15a3610194cb184,8f0a5ec2da3a39f9560feda78f8aa7b1244313e4eaa2b2f80177f8c9582a9e48
9400000000000000658,complete,938cf26a96b4d4c6f3110024b4875d3e9ee7d4b0c73e218847ffa1055627921b,62409c14fc0065986687706d53da989bffdef0efed2fa928865949c43c757ef8
9400000000000000659,complete,21600cb131427d44d4af07f3fc719ba98bac74d6a5d1171e177632cf4fc69819,a83a670331a3399f9a34687670e4456550c9ddb19e19a2655e0ee4ba183d5c81
9400000000000000660,complete,5137fc324a2b52d0434c69c453cb8d87f2c830bfaa83fbbf3ae59b8e126cbd45,04272bf74e689b89e4acf80a29bd79a138c00fcf74765c6e4eca7cb4e6616924
9400000000000000661,complete,3c03845c6e89cbd80e3976d25467138e083b44762e17e9ef247efe67f67d8c83,087bc53f1b452e700cdce8185a398aad0f1fb273faddeecaf49f7fc982c6eabe
9400000000000000662,complete,19bffbba1024cb105f9bc4519beb02e956bd6d45e0e7ff9446d91c1da57c789f,f7bb985f667f40fb3fb88d12ae1047e2783b062d981285cf6d84966649877238
9400000000000000663,complete,f257880c848fb3d76a2b00e284f1f370ff0e8a357481147cff9f48a9bf4ce447,3bb302897830682452e00f90494419334f0e3255cd14f51778f89ae57ca8f6f8
9400000000000000664,complete,7e59ccdd7df26d09724c8eb5aad9feb81c4f2b19006fdd83da64ed0d017731b6,94c185f32293b018487c2c37d90ed1323807e9eb751ce7c3b332a687aebafd4a
9400000000000000665,complete,15e14c44fd0f19a353545f14c800d3c7cbc75eadb078c35d2624d4390c43fcc2,6ba1040d467ace2df65ae1f4623724be8c5df289cbf19e3e870713981a570b14
9400000000000000666,complete,1e677f62c53caeaa1453f9ea07559fab2eee75f754e895a5e9187b455ebc15fa,69dc64c9a85aa8c7330209c53956a1cecee967a62541d60fb8d21fd44d450b03
9400000000000000667,complete,f90d92ff2bcc2f6bc3187ef5a6b4680410b3c5a7db13cbfd63552752caff6682,0e3386875d7d22d2cab44ef88fadda9bcbec5cf237029190add473914d56e9f2
9400000000000000668,complete,e248d1d2a44b8cd887a85064e8d7c4c53501216af14c26afcc788b92161658c7,3d9794fc9fcd24039533b5de708b9551e80a2910d8f689618e1d78476b4d1e7e
9400000000000000669,complete,83126648b3e47630da291d9192d99e97b46d5bc8a1d00d7a30d706e75d2ecedb,fbf7bf6fd1fcc0851ff5461ee43823215609f53eaa52c9ea9c20b272454a55b2
9400000000000000670,complete,edeaf53c607e6a5f4fc7c326421eb02bf96e39397edb1dd5e383767f232f3d33,864193fce245df8fccbd80c56fb01ba514d58c0cc5796e3f35d043c3382b38f6
9400000000000000671,complete,904fc48df7d9bf86aab42046295bede9b43b7e3d4982c8a047ca11789cd4bf10,d7e67249077d49ec0dfbcdead0bc6d4caf2849462ca23c155859a6fd49ce90fe
9400000000000000672,complete,a4ef758af2d1f8879fb5cc15a49bc1e61aa24d26173a747978ce2621aea265dc,e427734db4239430de42e54ffde538cf4101332e3ce632f0554b14d8c13d98f9
9400000000000000673,complete,1a5189c50b728e4e666331c83cf9549070b4370940ac7215801747a76dd9cb52,3153cf87c9d9ed686f4313086121dff8c45d3a150b1902138849457be644a5f9
9400000000000000674,complete,61865c09c51f1cabf40f209bf734f332eced6fcc4862f4779343a41a4bee5e79,cdef6efd6bd26ce233c9688fb094526df71070a6f42e05a277dc173b48bf361c
9400000000000000675,complete,9b69e51178139af7452c8c336c4a2c97352c09b346c86e6cbea849f9cee129d3,6b0409bb810bd868d6e0fdf8e490895b6c666ad8efcda1589450868e21b615ff
9400000000000000676,complete,1f952b01693969e2ea31472c8ff1af19de754731b5ffc12fcadce9a643edac5a,84c418e6d11dc2181d82204c49f5b516677c66a76a71c4a9d1584f3bf4c9cf8a
9400000000000000677,complete,df30b8d9c1adb05eac1ce0bce4fa3b268510ce912c869f23dba0240f03eb59e4,39d328b448f05f2cd3ecc8525e90e74dff1ba9b2050443262deadb389ad50a59
9400000000000000678,complete,b7b7eda198a08288b16666257cd9433131a06c0d9d6b50d640fc55d158e17f1f,ff302a58cd5fa66baa926d2c4810dfcb9bab33c190c512dcfa1da1b10f2cbef7
9400000000000000679,complete,b9600f3ba005c62f8eef94ad39852d77da979e814dba823d29c4969be7fbdcc0,c273f51d7dc223cc8a3510185c5e715777d4f1c54a5f9d1b1cadb073e69761ca
9400000000000000680,complete,afea874be4593f44304a6ec50e8c4d4761ff85038eb3ce82f98ff60c27f09a2d,56d1582b98262475d339398a3c16e6b09884088abebf683a7e9bbfdc65c63e02
9400000000000000681,complete,569d554576377b53a6b5ba6ad3b708279be90874bec37d2d5295abd6f31f1617,bbe6fcefdaa2a4f98c9ea2624eca9bb753c7b3b858195c4d8962d5e5dbe4a3a1
9400000000000000682,complete,7b7ab0a9b5248aa4c202f4a3b467d09d112caf985961cfdc3910b7b1eae7578f,7d152432c08600fefc5d7309a200cfb0c44c4166e6c99d0bcf2ef77d38285101
9400000000000000683,complete,60fe3a90e0c92d114c087f99a4f8e3f1341a56b1fadcaa7b69de54c503208d85,e0a9e4f628cad8aea6e8bd9fb29bbdcb5df689b9a7b329e56127db78fc6708b1
9400000000000000684,complete,2a064bbc96c787b6f156e5b9dcc014a293a2e74d6c55237e4467cb38d9e50160,abf665943f01c106225744de424dd83eb66d4843a0518fed26b36f3255a9a00c
9400000000000000685,complete,b184ff559e5b55528c5dae7095f8dd0dd38db533cea109c3a09bac7e3bf5dbb5,0c1e5f5b58d671b5597f6b4d2497e3edb8ea092a24c748d8c6d9179dc30c7403
9400000000000000686,complete,fae7ddfe3d0ee0867601ce0dac7b2ead0baba7d4e68475a9219d57a8d6c318bb,fb08d82bfde05ca2d0bcb27d71f1be31f4d01514bbdf7169b0c8c418650767b1
9400000000000000687,complete,d3a7efaf492b4b5bf4f4be48dc82655c45d185c5ed692395ad8360d5ed571595,f27c4503397970773f4132f92bf3cf7f22dca56a2191a8c84b23fce3bdc4d45d
9400000000000000688,complete,941dbe3d7bb3b7c44e4feb4aafe1749a8123df4bfbd53b00168b790760ecfa5d,9a426345913395b3a3adde2d9cd0cb732eb7148a0c62417cd1486d05b43b96f1
9400000000000000689,complete,ebf3b548aff6058fe54ee354816d146346d1a932819ad301f5e3877c793e9ddd,473cd4930d51dd099856df2a7f9c589a1a873efcccdf37a7ab683fdfc18399b9
9400000000000000690,complete,672adb199f44ff107a688274d5d0af95193d05e535d22a9179599e9bd04fdb48,b8bd0e587b96d0587092606ba8e9abbfe8eae5db65eb2e06f42dab25cbffa7e0
9400000000000000691,complete,5427072d1036ce3efd99294531aafb2a25b43b0193c886d2483bf489f2aa84c9,cafd521eb5638e1152626546c0c6825ea9d48a0ff83a2fa317c8292df5dc9069
9400000000000000692,complete,50c9facf6db6e82daacaea6c6f4008d81cc33c2f682d3a0ec2246bc93d286504,ae434ccceb64b8703c5f34ce18accd34749d4a8eed4709bb54113d24b810550a
9400000000000000693,complete,2e8f1927c3c3660582ce8e937cfd619ef8023dc846bb322a49f91802c37f8ad8,e27f32f10e6d437d6e1aeb8854364a65448f20a565fbeaa4ecdf0aeedeae4aa4
9400000000000000694,complete,7843fb593a77f6b972d892de61ae0682e3b930b0e3367b84de4ebe8d34669844,f3a63c23e03fa0c8c39c87c161c5016aa38a0b665612e3d5b39b9bd9d2871458
9400000000000000695,complete,40edae0605047c889f01d64e1cdb279af2a65be2064f00a452b02300e75eec2c,45d4efbdedd7afe2d5a7f3d26e420a40460ce7727e887ca3509cebe4ff283eb5
9400000000000000696,complete,4cd0b9382ced545fb56eda4b2eb3afc6cbc0b8be5db9b2424be388d6f8cdeaba,a0fc12e5743c8754fbfdc5fa851067edc895ef974d84f8d822c6e4505582d4b4
9400000000000000697,complete,2eb0608a2bb9c839ec4044b32af44b1072162ec4f3204870e5d4951811b774e7,7a9690aaf93ef84763d6a8b0aae861cde8d04b3f4ee9d1c15f616da54579b71f
9400000000000000698,complete,c7c53da49f515a48e8e7c927d8a0eafe4e6cc3851baa204f72baafb49112a2db,6ae9ffea9e3049a3ce6632cb2d841f22861465313a587932ab9806489e63af12
9400000000000000699,complete,aa3f4f4ecc38682361dbc6628ee0b092f277944ea9280575bb1a251bc762bcdc,6f3923ba8e632c7a4deeab6d1e160cc086cc57c88cc245d3608834d16849c2df
9400000000000000700,complete,6b76b40939ad6b5bb65fd255e900d81f6786e2bdc9ae9e152809eb59f9226093,0e718f5e3c5c2d1c04f8c9d21b947e0e7808a6b2e801a9d4cd3f2afe3e004bab
9400000000000000701,complete,f1033f9eda213d526dd6cb3b109cb35339a48a0a00dbf4c9a9e7a168e1c96e90,0761a328db430094ceb6292e246c994ec472b91e33384389b104642d56030a76
9400000000000000702,complete,b5097441284b7c149280109738c68034664556a257fb23cba180166b381b2fd3,e9b26a69b18f7531cd5c9a5d4fcddc54a09292182bb7b12848e05d72d59f1a71
9400000000000000703,complete,475f32bc6a625c242bbcf7719d5ced4ade1acd2bdda78c6c8fa0873f2057c311,4868cfbd85542080fd8797d6c842c36cc4d74ceb77dd2736f12e184a2cba3643
9400000000000000704,complete,57eb9590de76e7ce9aa0f06eeda9990ff89a37430aa1043e43ece2ab13dde3b0,4e119be3c3e58cfc93afcc580c1a38227316e544cb47d1c42599ad9e36306449
9400000000000000705,complete,fc049eaa6f7809339fa852f39180db57eaa100057419943ebb5b72073b1782dd,58af5d5335b48f9b644d1bbd60dd327a02301940b740e5d258b0ff32e65b551a
9400000000000000706,complete,cb16be0f15cf1d80cb7676a103f9eee3b70555829a2c7d14dd5080724231c7be,665c4351d4bcd436dae60c6edec81dbc24e36592736a27e778ac4f8305661e0f
9400000000000000707,complete,ce7f75eecf8b8c57f382b973a03c0d2ef084bd6040966fa6444b981079c067d4,2f80386e02b4f472a182cd007e014f00fd4adefb354c2ce94a3784d027b094c5
9400000000000000708,complete,740b27e8f98cef3fe18b43e0c203f97fb8bb65a27b5892ec0e23f2664b1a1416,49d30346eefa75603539cf1fbca03dd819e5527a8380c74a5f1ef806944c1747
9400000000000000709,complete,fa67bbc3c67d8aec21d17f3c87e9b14f225d1753829181a8e79151522147fffe,9f8b8aa891dd66c8a8a4b41803ff849504fa095757971baf28cba4c1ad8bef1e
9400000000000000710,complete,3e7cdc5ab4a1e3ee5bfa4ddbb4e0ce6d73540a1b6c1fd092f30a3ebf016565ae,a7f0ebd2b1eb04c57581de87d04c3eac5dee3915f7cdd6b535125691f4c926e6
9400000000000000711,complete,02469cc0b666f349d15aca3b40201a951ce7da203e4242a1be7a45c9c82d0535,12ce7e9b6e9c28de7c6602b21b3d57082434641cbe8ab3bcdb290b01065acc2d
9400000000000000712,complete,243dbb7698a71d0d59ddeeab6d6e87c51e1e72ed110db76058e6b4314915d3b7,e7283f4bb7c7408ec8e481b57fa78888fbf271dcbcd90a2917ed531823f2ea33
9400000000000000713,complete,c74fbf2829f5f03b34122955b0ce736033eadddff80d5b5d071ab301eca731a0,9ddc500396444f3f85ed482c4682e5a27656016a8a1b2440702c2b085f7a0cbb
9400000000000000714,complete,0753779a1338f13cac50dc354c76fe4bd27d38e46c35441525a7a24353509d6e,bd7074b7c2f7e7e7afaeccf05e37008dee38dafc573a2b142efea3d4c3a822db
9400000000000000715,complete,07ce55277022f150032c3aa595ca1d777bf035aef4a2e70baa339216c960cb44,1a5315620ba6188833f6afb17e1734d31c36f1115d2f67d1515d2ab4c913ed50
9400000000000000716,complete,b8a9d9f68f0dff8a530c75083f1524954dc5cb5d3c63257dc104f22f085026c6,ce2c9df2031c56eb04cfdd2a1363860edba29b50f5e5ed6a90875d72becc80af
9400000000000000717,complete,4141bc558764a962a99a58a574ba58ba5c9724310709fa46c67b2f752e209f23,9d0eb6ccc790dc3ae32029082f8bd74723df400206da794a5b7bb41fd6859219
9400000000000000718,complete,86907ec6b9f29bbb7422c9c71e8124e8da0b2b72423ba30e2c34e30840d39b11,f88cea23f149ba1cd56ddb01bfb493ca1a315a0fe756fba42ab763fbcc2dcc10
9400000000000000719,complete,7e48c26aa1bb85123b63f7cc888f891629e8a4d31efb4ca3e474b3c04855266c,c3157bfc3b8f37764ff260399c6d4990a6713ec7e5555ecde7fe8d77a01093ff
9400000000000000720,complete,23d5759f9fee5610c9706db838843d25422f81d09c3fc982d4f796cd84d244c0,e209660a848fe10f518e7961dc0ccddcb89043dcd6c0ac71e81a19cec361ec9e
9400000000000000721,complete,a8e90725e220ec67fe7315f4e24085b2d950bbbeae2024cc83de00ec5eab8cf8,5c21347d7266a43a92023f928612ea11a43bcc33e14eff0764ce787d5f2e7849
9400000000000000722,complete,1415762c60bc36e0e64c3133551f3aa68fa400cdd4d5840e5e725d35da0d6257,1ecfa110ff99c1dc550c3132748eb57bd370d066eca1cf4b8b24b8d22f1c505e
9400000000000000723,complete,6786fbc7d9f4c038a5a2eafc1fb642fb7ddd354c36e11ccc98429842af9985cf,0546ac8d6ce2770399d535d57859cf4632064cc36e1649ba8a67f0d798d6bb49
9400000000000000724,complete,8c116bbb8ef9ffd84eea903b71fee9c8ab79bfa302aa31376c22f3301dfcca3f,5c1caedc6a1c7a097931fe7b222fd4e89f622a6bd287f1de7481654f3356e8e2
9400000000000000725,complete,90054579eadb05ab3ca6911eaeb8b2c24041deb1f8660818a5b252a798eb9f85,fdd3165bbbcd16c5b125d1ca52e9b8eb3a7dc177c18359ab678c8f3c5411653a
9400000000000000726,complete,0ede0358d749f81ca3c7f0179a37b087dbd5b8afa13560ebaa967617dec6424a,c38e19b08249182063e93440aed364f9ac1f569035a4102451df67b88e055d90
9400000000000000727,complete,251f91f5758516b5b51e843b2bc80648048a021a85b120f0cd22a37f2811c3a2,60b39bd8356d1138ab173b796fd8efdbd2ac5f89869f650842d064ffaa4656ad
9400000000000000728,complete,ea6a2dc3756b2e6d92e6591c4f6dd5ad3f86f20567bf04a7c5bf71bedd3df735,9525ff8bb85a54ed9ffd0188ff534290d60b927daaabb716938da59488a5dd90
9400000000000000729,complete,81fb66b188f282e42fcd0ffc788f329a7a0182b55ae71ecc030b166802939533,9a59129a59c6eeb233e0ce5d6ff2e66489da4040d1f545d341f04c8f65cf3282
9400000000000000730,complete,fab246fbdd8cc57db557d30f0128612b4d90fb8d37645f88774dd122e37d97c3,9edbb292fc74e72d4422ab588d489a59ebe26049e2a5244b6785cc7c8b4529f6
9400000000000000731,complete,0e4c7fb1fd153bbbf0c14ba63a46f79ebed26da417f4cca278e07ba37203d77a,f9123313c11dd2bf7d782e3e19ed6073885cf292226286a27b13835acf61b543
9400000000000000732,complete,9c63cca1c4bc09693c3ccbc02c300073de0aeff8f75c2fc808bc778d2550c77e,68f6bb0ce60cc134fb40b4bd5c79ceddeda88fd6692377682877a399b4b38d0f
9400000000000000733,complete,2410803c7c0ff94587b273599c61417123a0c46fc24aaa4ec8f26fb5a175042d,f64e6994a5bc2014e2999d0724e5f0bfa944ca2fad0fba06d2380a297768b116
9400000000000000734,complete,a47b52f6e0c59b809f4ad6154751df0ba72c2837e2324e23fe964802993b94be,41f11ec82d86e976354a2d7d83c2443aa6f5ef4ea0c7cf1ba8de4b4e29e13650
9400000000000000735,complete,a9f85b5578990446f4764d41311f58d9d04504a4b09da1edb1635477e7b273c0,60ab7b4a3713d33581993ade488e1f614ebdbf97cbf4a307a7ff845289b9fd9d
9400000000000000736,complete,8a9071bb868d3f60a0c63f6fb39bdea954c917b51b60319c3ef042e613196c9e,ac0552fe3af0a6d7dee4900620cfa38a4005f8f740bc0a885c0c9b8a48f47ab4
9400000000000000737,complete,dee60cfb1fd5760881f410fae3894c32a9243620cbbf532096e2846486d4bd70,21c2151ef7e4354bd901c6a90dde398eda7db65ef9e66a56eebc7dbce14a1674
9400000000000000738,complete,f2c0c981d23afd3454d58effd3f3c500aeabf1043eef02991b56a7f977710b4b,ef256c240f2df8fedb874ead2b4389708c9832d293a54ac1be554612c0f2a8d8
9400000000000000739,complete,66996cf6124de7befd47275fc611ce3b49cc614a666445d57e89973a8282e92d,c06e5f877e450934323a25cc345e052bc092acbc3b0a8ff7daef8c9e4bf2eb8f
9400000000000000740,complete,faae93ee7884ba158a3cb731b6f44e0b9af4c1df839b9a35ea06ccd0c0cf7e48,b00ad556766d613bee4d8898d0ddce328b97932b26d4927c8cbb5713c0b495a0
9400000000000000741,complete,46251cc3e0ef03e1951b82b587fc3ac332202d5f92332b739d28ba51f69d3f97,6db04465737b947f3dede8b06c09adb6583ef45441675ecf61cb602ee70bb6bc
9400000000000000742,complete,94c3f00606055969cbbc735670616e288e1bdb2e772d565066679a91071f580f,605f23349d2b7202f8082a571400f649f788b9e244e3d6f55053498fa6c000c6
9400000000000000743,complete,203dfd3c4f593ec844ce4252129478f3fa267be961b071e36e323bcf8397b9e6,b85fb5d38540e6a5727fd4a11cf10ed4707f8d1e31c0e69f157c99334a470392
9400000000000000744,complete,c44237bae24d72c19762334499481bf4166ad11b36263e97ac52d37cca204280,7a57431d7e43f8650150ef2046cfcc264e9cec5aa6d734bd2802864a6ec64143
9400000000000000745,complete,3abc07e5e90f2e6a822ac50e896d17eb9309f8a0378bf97aba9627ef5d06da62,3e4eef0357b43d66c3b4fa7f3bdb1457aa3f71f601451239c29ac8c0a8fe6bf8
9400000000000000746,complete,9c3131792e612298747c29693f24808d88597aa7b871be0a0553d12346b10d8a,2600352299778c94a251cd690a5c920c19d4a636f476f48e830e61721f34ec2d
9400000000000000747,complete,779b705f7d18fb98eb749f9bc0bb4123dbb5588cf65ec075bac65ed084044184,d44d195b71283c279c053fc248119b9d16db86e080ea3aa83852756622b29556
9400000000000000748,complete,a1b9d759dcda39fa001fc27de1d0607453ea329fc79114b3c01d981a63e79d6f,04bc039d04c97c0e85f70aeaeb8922cd35cac51bf9ff426ac41eece2a2137897
9400000000000000749,complete,fcbe025017e36b8072f61c60e633f9eb4bb5db43accac3214ba0e3f13790dbd3,cff9c161533e7f87871237d420a79b4e1f91398420fade5127ec737ea6ae137b
9400000000000000750,complete,cb0445d4867509d3c02309f085ffa37fab0b030a5c8deb1d659490fadc2ab02b,d6d7703ebf61b7c8f56eb5bbb7787b338c22e0735390d3050a64504ae4597d11
9400000000000000751,complete,30fc51fccb719a83e36a3bcfb2a358319b354b34e3b4bbed98505380925c233d,4f91cecf59ea06f68dc95a18ee935bf78479d8a97ebe77ccac1533b13c828ae0
9400000000000000752,complete,38edc97cc8d301545fde6c0416b70e71269acfdf2ddcf2e246b4b42f31c65080,e855bd9cd780d5dd747c87d9fc71ed0457e0bbea9890bb2c2fbc0e84c7733b10
9400000000000000753,complete,4f7c64d11d9a85f1afa459175349b22985da700dc7133af90517df83e7678433,cf0b624d2c417365c3989681e09303d1ab9bae41c151c9a6151cf2138a45388c
9400000000000000754,complete,7b9a042e71e6dd2062dd890fe060231809d9d5f85f8c81f2020027a820c1f56d,19a8e8a5f50f0e1321562d7104466cd1f052b1b62d6081ad10940ff45af59097
9400000000000000755,complete,3ef862523734e528dfa89a3450af2dcd5d928ea0d30ea9c68fde5cc351d8a569,1b59cd1a4220163db462abc73096e66664bf87b1e6e865517ea6afcfa3e25726
9400000000000000756,complete,38a6ec817c2b36c3486258e68f25044c3243d3c896f2d092a7eea4b2abea4ac9,a4137354fd777c52df6a48dfaec765a61ab2085e4bb0c7874ed9a1a50030675f
9400000000000000757,complete,33898ee51868d0b84eeb025504476273f2015f54339b7b57307df711bbd454a8,c22ecc60220b27985ce6d7ecffbd799648c665d756af10c161a721c6d7b866f8
9400000000000000758,complete,38a46bf888e4711818d60aa9d647c79461bfc18d0bac9285cf5a50f3ccaa1a8e,6f4d0f6fc7ecd7767baa4814c1d6bcccd9c1056f76a352debe61e00615d1c687
9400000000000000759,complete,1e450562681640141287ef0e00444f7b911605bea034f5da9e7dc41a2aeae90b,f8a35d763087da93d270924b60ab4ed7f3a91a3af3d4621f9d2ec80be0a04956
9400000000000000760,complete,45065d2ff2c7ce619cb117e3a413ad1a868bc7337a05e1977fafc99544639fa5,dcb283c79b7c7a2e378de4a27a69d04a2eb387aa09a0da0944d96d904e6f20ee
9400000000000000761,complete,62dbc256555ce868dd0fc689e4ee92018765fcaed55f81b92c78bf3555dd76d1,92d9846fff5ae5deba11e3e20428b0271ad49e781d98c8625c9864df28370698
9400000000000000762,complete,3f87cf3663a1fec8e034369fe05fcfb2193ad38522cf24952d93245aab7b1db5,cb474d780d76cfb708e0b6e7fd4c20a2a8a4cce3cab16c7e7f2182653e94f8ca
9400000000000000763,complete,bcda3f538aa609efd6851dbadbd25194f191367d5dfcd49d21460dff2836cfe1,6ee126b04e4b412a3915fcc2c98907340e0aa6d035256ae127ce1e0174322714
9400000000000000764,complete,b5db8f72596cf60e999f94338f1753e83e5b003616564e9af77a4e034f8e66a3,759a56abcb1a81945bd62ba5982995d365d192a07efbe0311a31b3eec8d4f098
9400000000000000765,complete,43dc49afd9b16210f289b5559d31fbdbfa8ab633c2c854b1553e5b67e076148f,55e214c3906fccb707454134ba804a0f54671ae431af0ea44d555be286208bac
9400000000000000766,complete,61ce9ed7b8b2457ac076ac4d04a197dfbb8b54898b94a4696d059eb9d863de88,363762d06e4f50c48f6a6a9299b31b5debd28f4de8f5d3fb3db8cdfeb6b6b198
9400000000000000767,complete,803b0cb7b301f177f500d98385b26d8d3a41fd975aa87fb6ecb19c8d85c1f609,6a928c9676fbab2ba943b88c8dfcee835805159fc4aa34a9bc33ca5a22b7f0b0
9400000000000000768,complete,dda57992d889047892c1f0ed3f090458c998f01c7e51efae442b6c18aa462cde,5bce452e5e910b4727106775817c5f66ad6440692f3e3bda1d22a6575b3d4118
9400000000000000769,complete,7bb02f531b65a86d5bc13b1328305cd43dcfe91a9ac897a9f5db48a7065c4d4e,6157c1c94fced55c27c5c746ac0c3aaa3edbaa667956a7d70984243621717e72
9400000000000000770,complete,dd9ae09dcd86172588129e66bf088998e1a99d70893b5ddd27984e0889c0ca10,e27c04e9b68cee5e24a74e8b90585e00319c9e1cd75959d2979f6fb95358463f
9400000000000000771,complete,aa4b9f841e63b4228c8cf533ba7d2ed6f6c2370792cec62217b11b460e22c9f6,e7dc714b4e14dfd28886cbb20301b730b14cfa7e304f18617c90842e2f841cb7
9400000000000000772,complete,9d692313600326bebd4cfd36b9ccb142028e1293963cf7269e927d1ca747e101,7ee41459baf0e621196183d18332b387060880dc619a6a1147305b9a29454412
9400000000000000773,complete,6e75c1f8f4497bc0c0696c2c11f6707fe86bad03114d1851884eb20caef5eed1,70b3ad256ea1ec878779672b588aedb021083c7dc1981e4384cebd95a1057af6
9400000000000000774,complete,1439f309a155cda134b18a5d66f284ff4bb524bf9a4a0658fcd7a1dffda9f480,26bdb6bf1d8e35ee7e8f132020da07cf737589d4729a207bf48328386e92f704
9400000000000000775,complete,d80d6778457cc26109c1e89f158ac28dbfed28399b586c821aeac00ec583e2b1,617643b214e6cb242b5409253bc8c0773ffef824b471d8fc0a4814102553439d
9400000000000000776,complete,e5db450d3652452085f25bf0e8af21a917f317a7a98cde931af190b3f621c59e,59285c0b79b6afaebf3e13fb7a10c3258b0a45e048ccb1c4efd27b9323af9308
9400000000000000777,complete,200af1d4dd245f1239dca48aacf1749160ff9eee4b42a50f5c8ae36ec81b7c0e,9b8605753e061ecfdad9189a9c5825134cca8a1da20151c90d5d92e61cdb07f1
9400000000000000778,complete,9211eef45ddaa74e65498a0bb6aea6d41c307cae084dc30cbe383f815ee5f134,bba9be1b0889335cf71c4411ab7c9bcba026724a4d8dd162e320917fa037cd8b
9400000000000000779,complete,d4de903359c37cb73be61c0b1a7bd5de2f488f5d46be96921e57212518324afe,962a6e9bab850b87395627d64ee9810164d09aa98bdb02184c1edf69fc060864
9400000000000000780,complete,ba81c91dc27f71d3bf8402b1395ac05f39f2b24e0d73c43166499cc17fe7f706,bf4fbd08195400c12c077779df1df809ae6603164ec7e4e4998af52cdd50ee66
9400000000000000781,complete,e507b9647a6bad4921323726e4c9193c0e217d4be5df26d2ce4e914a2c815cec,c91128ff4e7d25fe12385ba3ec8ef9140c59c1b0e108047f3f0ecebccc9dbba7
9400000000000000782,complete,770c24af0bd00ef186528f07e66839bb21022b76a14774176e9ff23ca0b139d0,ff6695e1a076a7a23e7d7a35bc9624f4b3dbbdfe658d732b68bb57f62c1e763d
9400000000000000783,complete,d7dd257eb4d388283e732378cd125ae7d9233efeff545f42e7d0d20db6211c10,b52dfac3d83941752a170949499931438550e7dd9e1fd9e267f1a9f4bdaf208b
9400000000000000784,complete,b09c01d150c8eb71316b2ff2b4c0a836bcdb773ca7a488e74fd41072b623b7fc,bfce41dcd218d5d20d563d217471db972b66fe7da965c5f897dddf02abb3d57c
9400000000000000785,complete,efbb4134891ac308b47a5b8aab9f137ac07729f68082cdab2802b690df95e48d,b678f4a1c127654dc66701f78d92d6c11af565f586f8e02d814aabecfd3e4fc6
9400000000000000786,complete,cf37371c9c9cc2d6db3390ba30182d8d143dcddad8229b4480bb8267a07feaa4,a71f0c77594b7fd00d9df69e5f81520f502dd3ad9eaad12fcfe4cb01a5b2044f
9400000000000000787,complete,a8919ec72f0f6960e5a649e0dc9f601f87cdc0c5b28a042c6ddd26d178ef99fa,c4d451ddbfa6127b336560970ebfda6eeda1d3a1d810fbe8c0017b31763d0ad1
9400000000000000788,complete,75da9ab449f9295984f061b3456c5d5321a08de750e8c07bf67d7e9e15c5ba98,7d41d8b757422e3d0ab0782cbece2a588cdbde5dc3edc8d91719ede1de5cee4c
9400000000000000789,complete,bcecd6c8008448cc8b3f5ddbd3fbb8141c33e44de4c5575c10c3cd8fdb1502c9,9942a2d6d0f25557334c382c098a9777d09a96fef0d4ca2e3c42c268978654f3
9400000000000000790,complete,2349376fd013007e766fbfa3cfaf9a53b40d5cda3871261d7463bc0af11aeceb,d5856c972007a071e6905c3c1ce52c7359a9e165ec87519f7dfab5f360755b03
9400000000000000791,complete,f40733e12cc559455aa0ca1973975fd07942b3acb3cbce70b1b1d8aa38c8c2e2,e85373dbd3e70b61eed3f158916c32d078a82a1c65521eaab69354a171103e24
9400000000000000792,complete,f0ebd88884e19935dc33d75b81e01d7fc1202a83dbb9204dff086865d29f8c66,0aa69891889cf95569d19342a817dabec9f380f54e1047593bcb78954991f549
9400000000000000793,complete,1f172443de9f380fd4174a427a9f5ec2e1cca17f10b4bdd0070b79c0e2c36f0b,e5b4ae5b4f542b3891d77819bdc8dc03040918d5909d3e96b3d4c51a9ffcde90
9400000000000000794,complete,b3e96df0568c4652a76068e5b4217ee724a9665381451adcb3a4e71299357ec1,3e370cf9713a1dad7e3dee45f59efb12057919061310b73e96b1c7724ad672ac
9400000000000000795,complete,7552738d4a19bdd8aa91dfacd310cbe1fd06943326f942beb0303519b4b3fbf3,3c0b30062f079fb8b70dd0dadbb944f42e8c17e30f29723cbbb87d54e79ddb25
9400000000000000796,complete,0f543a655c4bc3f7a2e75c2bc8ad926778ad3e77693efdf2dd5c0fda9e8e201a,ff8f456e575bfb51974cc2c671f16691015f7e8886168586b088151e4b997096
9400000000000000797,complete,e196e1677b77b22b871fc08096bb1a47af48a3d7ca32b5b0c87f654265de5743,6188e6d74f197f0794b0e8a8ce1b7bf8d7b227747d6ae55a0bbc9caa7239d90b
9400000000000000798,complete,fbab98e0c5747cbf7e28ba5f65a3d3ba65284ade3a783a1fb1ae39f5b4a354c7,eb3617f59113e65a664f50fce034efb744bc00c88e2a5ecf4f8a09400f8a87cb
9400000000000000799,complete,666974897d1b4ab64497f3d2d8954143f99123cda45c0b93d9dfd145759efa52,0770ee3f14f0bd64a95647632bcaa2f0c86259545216c164da18f6530502d997
9400000000000000800,complete,a901ac3d1f88cd5ea2d317130635a9fb34920b921515bee73161ff00ed591aee,f010df410af1a30020de6518f324e9523c28d6a0d0c85293e56ce2d3a586e017
9400000000000000801,complete,25d68adb2383cb2c79ec67a57cc20e2ebd5a1c7b1ab1fcaee2f6c2513a36a8bd,73417ee190b7a7ce51e5448d286251067532083ae8e2b076cd8a88e86fae6f87
9400000000000000802,complete,d53c95df61dfe1fae454100e02aa8ebaa2562b845fcca67b550b3121c3c13c07,c8b9ea8e9dab265be64f3ce2bc83d1be3e792497d242411235a97de6a29756b4
9400000000000000803,complete,359a7fa4f0d8f6c706d55a6218307165cc6e4a363ca030d75b6a627351f75323,11e2c4af75c7b78c8cd71c7919621f4b1af9c99e5757ef0e1101de34bb3975ec
9400000000000000804,complete,b803ec47b489a78117b56522710ec3f24de84c57533721c13120f6fc0a2fbbb3,3142a74570fc9d9920debc54bc00baba6fe1e1f0ec4ee2bc3e6ab46a55904e0f
9400000000000000805,complete,7156ad70f5525e305fe7184f30f897721277dbef262b5610e516a5bbcc1a3bec,593f896ce4065d429b576fe0e52ceb06f0e73a97e5a16a79afa27c93a6a76815
9400000000000000806,complete,1cdd32334183e72f7dc82bec98dc38fe92cd2b331cb7b86c1c5a0ea19b5e5268,7e3d97f64f3c45dfa0f5499cf56e0d61a315f887481926535c58c4fa8f0b162b
9400000000000000807,complete,50177bb58f648217b99dd8008e96d0bbcdf1f9d8cb346ac640f33f59e09d29a6,222760b246e88d19e39b6e36fbdd840ba86441db7744424fdae1e15e8a26638b
9400000000000000808,complete,cd648b4a086522057e57ff0d8d6731898c5936496bef1040a3bf40229217d83f,820b2bbfb277392fbd748cc4a1170f24d6b49bf0d40580d65deb822414676d8b
9400000000000000809,complete,b2bd57f0ec4866c643d6db3f5c94466a53cd998fe1561b312d1ad10743ef22df,408b9eb6065460f6ef6099ced148704444c606f1e3c91fc950cde6b74186b763
9400000000000000810,complete,bb71f659fc0bd59229683b2af149089552ffde026792ab02149b376038bdc02d,b4d63141834e972b8f62d5f0daa5129ca8289ca2b0a164f24aa00a648c1b3d7a
9400000000000000811,complete,b261e794e2a22043efb97944723d836b4cbb31ab6028fd9680dedffb25457372,c8a265282670f0a740e7aa90db3de344e2fa32acd97bb711e561aff3501907bc
9400000000000000812,complete,7a9e18d545903db114671e26efc21327305ceb68aa6ed231e330f9021b28bf71,c13453170b9ada420cc0037043085ade671efaf3f097353fd5ff8972a95fd523
9400000000000000813,complete,54dab02b0dc1b5b598017b3868daa149061ec838d585a6b5765b036475587ee8,b9df07bfb44262a120c6ed723419582df4c0df53f6934d6c2a694cbf417bffc0
9400000000000000814,complete,e9d9df7f1db2bf9d6f4525e731ec58de801c2d74bca6e6b69f2226633ee5473d,c428b112e29751ba0c1b9a7e00f19b3ddcab8a38a0d5b33ef8fb113e07cb2f6e
9400000000000000815,complete,a3a7cc35cd3ff4e1edd053d9429fc97a124e5b49cbf25017ca1b91df09445e26,81b67bd6fdffc1b65aef79042a018d7b75ce6594853eafb0490196b96545d67b
9400000000000000816,complete,07d7295d10f968916c97e5c508cde9a5ef9e9ee468bf631a1eadee5064b8ec45,66b4c0584b9ae251272de7a84b5f4873db6e7ddb2015c71cbe0eba366f34d23a
9400000000000000817,complete,66c3f8de2a46699cdbe0cebdfffc97a9e3d1c01fbd5fb6feb13a8ebc8bd036a9,fd60b605ad64f11f0212348d03fb1fc9c2c77a38f2143cdf34cf3c711c31dfae
9400000000000000818,complete,33a80bc2180a24bfd3c21c7be5906223e0fca5b023986dbbec66170323a47b5c,7a569d77c86184d474779b7cab266626c6d884d03cd0337bd5296df0271f3367
9400000000000000819,complete,55fb9171f6df61c360ec6fc479a0c9fb0bbf7c602eff2954f446901e910ed0d4,1047ac0eaa081b3e50e7fe10585ba42634d7890dcef3c15b6846accea67dd8de
9400000000000000820,complete,443bfed4e708bff4a23e681a4fae2f9f4c0a2e0234148ce8a1e33b978888b3a5,6ff07df2d5b0dcc21a351d5e045454bc01ec0a894173ef508e6be9c4bf4b4ac1
9400000000000000821,complete,de7b2786e5152fe29ec8ab3480cf42a3d642b6577e3030019895d037e6242db4,c3f5ea3b3cc9fd236b8f42ecaa64e25847dd8b3cf09f7aa2a894cfce44f9ed90
9400000000000000822,complete,506a8140a4368345e63d098adaf48195e14b6b76d0a8679e6a10479992747227,f8cc61a340553aec309aedbc2ae606946c0a2ea293eda8df7d8a39b84510933a
9400000000000000823,complete,6798464864785a95d9328c4f4cfd0607092c640f58b668f1cb37c5ca0e00ac89,39786bad2a627d42ec8bbfdb3b1f6586a590b0f70a572baf1893cfa965e16101
9400000000000000824,complete,66c3f35658ffd3b2cd7f46ee42969e5a9c02697d9ea12be306c8e8c4ffe0ef14,d38ce52680d14fb8654fa8d248fa83f0d12db3edb1280c628d5e3d5822a2d66c
9400000000000000825,complete,3e533878e24fa66fdf050b3790938fa40fa23c017432a2ed5364716119659016,d743c8c23f77ce5f155d386c1988aceef57fa863221f9f082ab6d5f01768c18f
9400000000000000826,complete,041f044c83e26f3263324c331e5fe80085345731dfd6a2ec80923f9bfbd93b92,c694f291dd948274746f6ab85d4d781fd93451d3793dae093355126b8bfc5779
9400000000000000827,complete,4fd0a3d2d5565f7d1e85c8d88791bd54b7da3c21a09eb91ff49ec515eb718680,b2430be07a7f1eab341db07464a02463833a4dad611490805e4abee84f57c15e
9400000000000000828,complete,60629d4da76034627053ea22a2a8ed5e7fc4a735fd8f83c071d43d2a4de9fedc,81562f9dd484c5dd31895760c7d4f8871659fa4678cdf1b12d2d72de76370843
9400000000000000829,complete,f2527498385d167bd72be07d410b678411efdda007c6fa671eed6211eb468e80,ddd91872511ff3e3d1af8cc5c86334b84d97c3cb835c9a328e7cda3df54f1e39
9400000000000000830,complete,a10401e4f551c93a333d7afe06cc2ba2e1e8143fc6eab793970a0f33d7b698f5,4164549f3b9122fd64cbd0a4d89b79f70502a988c3be1afe3f579795b5ac3138
9400000000000000831,complete,413dcfa10536a369fb84712d122c992cbb652c4ec58f8f1ed547e26f0f30d5b3,a975c4b9c582eb19da6dcc597e9e1d4c9211e530c9ac57f278875bdd7e3be8c6
9400000000000000832,complete,07438678d6068865b5f0bc2c394884e726ebcba8f83e60ec9be967aa6fed2ff0,0d58bb28dc73050a0e7b4ae2aabb9f29333a069b36465a0172494ad3fe5c0eea
9400000000000000833,complete,d9f378a5305ea85a37eca1d9bc53ef661133c3404e6050b2651bcb5a715a90b4,0dd29b8bf4321e50a2e5c28c1ad3e61921d03d6027c1de2e165a6f4bf04040cf
9400000000000000834,complete,00c0d79cd3bbbe5bbb144e215bc6e92548b9f4b813c322e2f83a19c4f1f1d4e7,c30b7479e0820135c982126c58dcbf9d7058e7191c0877190dc4e26a8dfafcd5
9400000000000000835,complete,6c5a5d7aa06130e09ea8e25690924d0073871c01eb4d739efb2e647051d51bb4,e5c7cb18f6f08c9dec0062a298ea12b8a3787539923d0c4f441cfa41ec423dc2
9400000000000000836,complete,b36843a7d71276f63544dd09e092c65ca2c1eaccf5b3eaf771332ca4df4f7284,9f347248aa30eb5a949d2befd201c1ca911ba15374aa8e353672272827896bbc
9400000000000000837,complete,c66b05e2557b0893a984b97601a0dc0c0a0ccca33533090683c63e700eee0f9c,83bc3d70221b875f01cdb25f290c0886657a79a82f11cff0f7cb4cf628eb5177
9400000000000000838,complete,c18a75d13e2989b39e78a29a434c275f50a98fb3d9996cd8672ce15e88710750,2e1c3ef2de37daa450da11d34bf3cf2d56c2222597e1c2826d3a0341a60d5108
9400000000000000839,complete,5079ff9ff2386e5c7d51be24c969786346ac50daccc20b7592698d1bbbe7068c,bb59611a5cc81a0fc992d6597b47eafbb72b876bc313d367f4eaa3dd020ad37f
9400000000000000840,complete,df4bc4b4a2ce7a884214ed486e0a858f8364c8f3819404f845f910f23a3d8366,999b10c9d5b0ba8c98cedd9925593b8f78587a4483781a5d29201b7960fc8e1c
9400000000000000841,complete,3c1e9e9cf4d6a6946887f03813e0f74a12b25fa80c24863fc624c00367436757,b9db42b5e809b258d99a38987a77284139f818c16163329ca2c19a377d335b57
9400000000000000842,complete,f126be202818cc13bd325259f8e2f380c6f054c5408293c38fbd81afbe42e09d,c1445de2cc5da860e52a875083b52843332dc1627a2eac753f28f1ecfbd8a681
9400000000000000843,complete,eb8569ca070ea03a735dd4318c06fc8d2e68bf5b69ca00d17312da8e399558c6,70ed93d3e439a332bca997439180c785274dcc5c49553366439c8fd80b9fd1f1
9400000000000000844,complete,c3a98823c368763b9b064b429b24b22d76f3c1ebc06e1534ca18ee61a7dbc087,5b82620c0e55aeab251abae295f7185b4ec69bb0f2b2292728a6e7190914a200
9400000000000000845,complete,2d258cdeeef9ce15a9b72477ba60a79c3cf8d27d9f24011486b7f16349aa90fb,0312099b27b70dcee5b7c1eca0ff2d12e5bdfe4d148d7aa96492a86bffd1119c
9400000000000000846,complete,c8c8ef20d86f1d1a54f7ff96c681c6cbaf8ed709331edd05b4473e39a3b4e2d9,73e1daf2486e58456ba1c84e107d6a1908fdaace49517a1e39c75f3760cbf3fe
9400000000000000847,complete,1af780d2a07d0affd63992d37dca2d186f072dae744bb9cfa0355bc5120dc63d,f761e24cf3151a77c02304cfdfdff18fb431de115e011dd39f69a1ebe1517306
9400000000000000848,complete,1a1dbbe8096fe1894e2ed14721a84cfe663afebf4c11c27a2e396c5ae1d5561b,5e1b620314657d04ce9792e21ce2fdae21bcdb848972f28431b6653e62f482d8
9400000000000000849,complete,2d83bea0820d46b07235a27b6b90381bd024b6ffa5ee73b27c7e5b62b4e99cfa,5978a8202b482ca5dd29aedbc6ab7dc6f5c3909191ad19f58f85b80f1d990fce
9400000000000000850,complete,8a8ae19ffe545e64e32d282929e9608fae2fbce3c4e590caa19fea5288e27e93,797a91d9fed6d7e97aeedaf4cdb658d26be7e0d7ccbf14128e6972be1019ef8b
9400000000000000851,complete,12eb8d5387e383794be12162a458cc317f068f5a480771bd8852f58c6d619db7,10a56aa801b56fd3c86e1982f0f9f1acf6ddfe5c02f0bd5beb5c31cac83008ad
9400000000000000852,complete,dce50df69352aac28feac2eb649881c6712eb319a0fd962154fe77fc91b4f3d5,8618a73333d037c089e17dd2689e4baa2b63a1026d44ed2b307fb235c0a8753c
9400000000000000853,complete,9389fc5890cce8d2919b654bb6d64513a08f9fd7206cf60e49cc43fb30d3a302,11583291c271781fd4a1eb94ca0f0faed5537647be546a8303c2f802ab4c0b5a
9400000000000000854,complete,f7820a6c3f8397a5ecf9b5c793378f6c438e43e52036d55a1af9a89b4ec9995b,a47d0582986f47e5372ceef6d06d1716fea853512570a6c408c57b79cc02e293
9400000000000000855,complete,432ba83c4ea4811620e7df67bcaed4c5dbf69d3105e098e003c275f73eabaf49,a298ad5b01d95877822cd5c93156b57063b6653550323f7987632a109775cf38
9400000000000000856,complete,7d724fdf188b69fcf1c43610e4c5147722e204623064eab247f284d343a02ee0,d24da9cccc29dae276ba2df8b11e43d49f23b85332f8a30a303ca42bf32c1c6f
9400000000000000857,complete,bdfe312ba29ec2bd0f9d929a20edebe75cf6030742932ef291b6c63ade27bb1f,0c93755f4cfc97d8e396a4611c0db77ff3088afafdbe53f825587770d09e557b
9400000000000000858,complete,55ce3459bc25404b6505cd5ba9ecd822fd0370999dc58f83514fddaa0a9422e0,a6db6b0d79cbcf1290bb9e53fa451615fbd67a01222ea1c9ef002ae2e0e3d4f4
9400000000000000859,complete,d479bf36ebf31abbf108f7cc2035caed888bf486e9211b09322a3d323d4b7e7c,29cd7aafe1dd7d98028d49637192a89812058ba54612f7de80417264ad839400
9400000000000000860,complete,11205184118a01979b19501c704e4bfc11d692385699ba31f17a3ae2f45ea45b,20ec8118afe0502bb47eecddaaba92b7333f5c6c8a23b08b53a141e174db3b37
9400000000000000861,complete,4be9ec0af2b73979579df7e537a7a2d3a5d22bf0e68601d79a273deb4c5cd6bf,c355fde7b0bc0b34fba07e2b2a36beac4af9daac5c540cb90275952cc64a6bf7
9400000000000000862,complete,e58bab104029ce6d8188052fd2039e41757c04f74ff766acbb7ab106417c7bac,79b541253bb33157fba9534f6fd1645eb5a49137556810e579e61d61d68e2c66
9400000000000000863,complete,c868c53975dbad01a4dd0cdfe2b4713cb328b874cc4a28165c38ee27b12e2114,6cf30aebbe79e2d09cde8f632b6369874f0d33718aa598d99a9688fff49114b3
9400000000000000864,complete,2e9795c6af6eb7f067fffbda47a386a267e1af841460f9cd4ce930ddf71f3fc8,aed5d35526a088baaa1a409290523a87c3ebf6fb5c2ab2c23160dba102e6fcdf
9400000000000000865,complete,6c6edc7a463b11a33aded1590e98c2cb9b57b98d965626f7576ce7ca4b4a7910,756fe1bb89e8bfebf483285e06fa041cd527ae8e7d5b618f726b8f3d4e717b1f
9400000000000000866,complete,6ac58fe76d8a636f56ff408cf251b958cbedc030c771f04e8d47b5ba7ad28c9a,8f057132c51ae87eb840bc602deb03ebb0b481eb28422b29ad2ff91c6e5c0b4c
9400000000000000867,complete,545bec2fcb2ab6da6aff557846b8094f8a6d05135fc47fcc8dfed534c50fb198,50aaef91fece97a9ab6e9216be8780813fade49b22f918b2b093e3c39f68ba0b
9400000000000000868,complete,b5358e962b44affb377b69363ee9f7b098cd08ad3c41246ca5cea81b8c5362a9,d8fbd397f76c72747fbaf7ace06738d1ffff8bf8dbf8505469aa3c873a1c161f
9400000000000000869,complete,7e46e5e76db71e2f4e3f61533757bbd7852059f2e627df08d08561f62797d07c,bbbfb4f633541bfabe1a7bc6c7988cc43c1cced34e0b1f571e95dc811a55a44a
9400000000000000870,complete,d4a0389c81f3242a35fcad9d44b584295104336fe2836e86685c76ddbacf30b3,4387d73fc985357ef2e1f7ced0263014cd6dbaf46a2e2d302d66d7cd1afd2fcb
9400000000000000871,complete,e982cfa63bda715980c29f478741b47653a9f619f81089bbe5b973acd1cb2c34,fae2ab9b9f9df5b642beb2ad7b1a29a5562feaaad9cab5d75a76355d74429dae
9400000000000000872,complete,a8d9710f97bc8734e9a9202915f75f5766c9c4b0b7f82cb343e11c30c612fc7a,90162b74bfdc6e6dfb2f94a58379e9cfcad137f8e667871bac38d18f7a2a140f
9400000000000000873,complete,0617418efabfad54bf50a1d9a7cb9b710b29b29de881a67073fa664ae55bcba8,194beaa96b77bab68db50339c6aa1fb6a21fb55c05e1dad8d5f03b720c10d8a8
9400000000000000874,complete,b63d177e44c2780b50edef2648e35eaf926dfc04b7555990e9570b44013c098b,08f20e8820ee2d82f1505a6cc38a89b2c0ffd5b11bd9f7f2407928abd0db6274
9400000000000000875,complete,c30bb11541ca3d2a294be29766c6ef32f6f191e50694207a85ddc8917e3e96fc,01e0209c06321f6431913e2e9a0dc8c0b3fdec14176d3261e7f3c7a2462610fd
9400000000000000876,complete,ba6b82cec9bbaf6ea26b51ce2acbee113a2a62a0b4ba575bcbaf8e9ccb5348ee,7d080fc741cca18139ec545a29bd01b72feb7192998c3b5083fdea932eae1f9e
9400000000000000877,complete,b433992a9c670f821c07d430c27b14d728c128c2b78ea4109e6660f364db853a,9207f548f1f5af8bceb127d432bc4c4152d8b3f98dbd5bedc96e6d0589505d6f
9400000000000000878,complete,223a39ee8a2e6d57aaaa67b693f72acb87f12cee517c2a48770e78baae1cfa4b,7aa1edbc397160d366e4559682614c7ee2a45ba1d10590c46955403f8d4583cb
9400000000000000879,complete,dd2a0984fd7a42962568410cb243c95ed2f9806e7a35c30c042a707577f8520f,9b569363536eb63c079091160f3551e18bce666b022a0e49d16313075fa9cde2
9400000000000000880,complete,c669b1155b536ec8b3fbebabf6f18952c758dbb6b373dd9abbf2ca43e468b98a,e7352ad4e8faa0b4d23636f16574e70d35ff0cd7d7aa013bd69962490c485f86
9400000000000000881,complete,e1974203dc74fc23375e0e3aed097a815808086e01aed422012f6beca0c09177,0659c8d0111010f1b9531ed83f9e874911874f01295742ead94e1c2e40072fcb
9400000000000000882,complete,dc30d6681c40b7b3a1d485245e558ab3964f0e8ab4364cc77e9e334b690b2e43,bd47778b57feedae134c5f1a61b8c82e358a536d04fc7183fb6c4c6a647fbaaf
9400000000000000883,complete,8e501d3edfacb624daa5bc0865abf3c9f473b438caeee83c441e487855c59822,0ecaedd8df5366c94aa4be7c1f9da6112253ed5623fbd75f7f1a82872135e408
9400000000000000884,complete,a6fd7c07537cec70cb176e7969321792e37e841957f507f0235676edf30e7960,df793815620f58f00d5e60288321cdec69cc68204450bfcf370dbc20105016f8
9400000000000000885,complete,bde9cf65faac7d79ea05c6e88c57a07533f45f087cdc4df85dc7f41b96ebfe27,b2edf64120f05809372c9f405b4a3f4234155ed725096aab34ebd9a9daaca366
9400000000000000886,complete,7fa7b4b99c8e7682dc5351d97bca98cf7b2024982def39f8808fac74cd5b4716,edfa27d49d271134378970e561d8b918a49d639c0685e95f817ca311f446e995
9400000000000000887,complete,11a6f5b45ec30ca79eb3a0da7982e4b38811fd340e75ba1f7f930c7866d505a4,212bc2fb3cdddb082590670e6623142b02c193748019eff9a24ab76e4b52aa78
9400000000000000888,complete,e28f1578371892ff6468ec04687ca7e442eb15f8ddfbfcab207ec75a8232d169,3e0b2bd2f316d006fa1c718d826476bfcb9c3b09f49fe48474784853face7980
9400000000000000889,complete,3bb215f580a0fb3b599fcb60304a056b95f1fd7411e754a8723a55a06158cc62,9b92f236c46d1130d0eca5970cd973a753c35a6f5dbf813dbf9bf1b8cd31bc17
9400000000000000890,complete,c65bebf9780364c619c106882a5f2b3ec9c53da38d2354a595673d6b4f90003e,2b601f15e913122fc33580828aab5d5d40a6af0b4db2ae5e6b1f36a78eab3e2e
9400000000000000891,complete,d2c632059254e1c9976f9db6a72c75e6b28f1bc83c2b3afca26b68a633f8ee3a,e11bff53f13279c8db43b63c1b78b4710588e171805b76f8899f4541b5e62137
9400000000000000892,complete,b888755ebfd1ba36950831569328ca3671bdedbaec7cdf668305ad5307ee1057,37d88ca99315e771d589be19cad85323e4311fccd722e3c87b99c9164c4e4b14
9400000000000000893,complete,840c838efbc2819facaabaa3767a00378906e93deeb9ae065b81cbc522cb8580,3f55ff785845bb092ba3b8be73c1ed031ed2db090a4e0c295a7a4f8f94147666
9400000000000000894,complete,23aaa9deb36e3f7fd15e92b37f72fa34315893900113027e82891b46b4062997,7f4eaf1d073fd289f41863f789906c5612709882a139ab6dcbc3f7080899be67
9400000000000000895,complete,320175eb2326b2f19823d497de06e75d23aaa1e28f187db0bdbfd56733bd65b0,afbaf8c9f87708f8bed7459947ad02b138a67dca8a63fb6ade3a1bfd3188a0e2
9400000000000000896,complete,ff975e4aa85435c0dc60934cecd00bfba6ec9c731b193b48c788b864bc8f7d5f,04ceffde629a75feda055c47b582e32d5fae8f5c50954d2b0bcfaccac0a44187
9400000000000000897,complete,1ddbd40cf400543ecbd17be8240da6c535410ceb8d7cf6a1be29718e3bb9120d,957a2b06eedec645d168d20be055d3e582804b2a6d7452233ae3e48c2d5405e7
9400000000000000898,complete,a7f5a1604bb9451f52fa0f8bdb5a397fff5a2fdae1cbf0aae3c9531af0eeaa18,741e66d63f4ef62a634bc41c372cc03a553a43c2d1a713c526c5fe64a5b3383b
9400000000000000899,complete,231cdc80aa4f51309cfa582b2e96037c24f40b89fea6795a9514484cc3cc6a4e,3688788dec2290cf6d1a96cf58c79a36a5b350ca72e64b7f40971ec4b4954d64
9400000000000000900,complete,59f34bd201d67e15bf26e56b9bc983e562555386da95e17cec821730bf4951c7,391b724daaf85ab1a25c04a2d463b485437c641ceeeb881b50731aa3f110ce7f
9400000000000000901,complete,456d72d56401f492e0f340a6ddaa6395fb80f81faac252dfb136dfa9d59c6f9f,d941eb96e48852ca6689d9b5f34b17f8faa3cfc8aafae734c1b74dda53d1c685
9400000000000000902,complete,e533c735dfd77037a09120c96e0c85005a47486d69ad6286c9f5fc8e45813b61,9cc3c747fbb03c3a725f17b22819eccd6fc2723fb9dad559e937bb4c8e57976a
9400000000000000903,complete,fa56fb3df5fbe679beb345dd163313319c4e795678a995a3cba2d104318f0309,03d1ea6a928c70ae5400e9ef17170710d21cd4845d41b35f7633b5f717299dfb
9400000000000000904,complete,294e3734bb66e02eff59d0c4c509608b10eea1019370aba5ea1572e0efac74b6,3167a160a70cac8474193462e8817f27ed977325b9816db3f685bfdd60000a61
9400000000000000905,complete,3e992290955e2f0ee707de342100bd5465a43321482d3da587ca18c9045f9d85,3e7e3a3562f083251ef12d4903410c364635c1ba15812724f8206ade189fdae3
9400000000000000906,complete,2d05a13a728fe36083649dd3956b33533d48dfb284bb9362294bfcb45255b584,77f56d7170bf7ee4f130cbf22b6ee9123892b8fafe473f91a44b812f8de99870
9400000000000000907,complete,af87f8206e443d4c0450867bb3bd62d5629fe3f6f7010243a15ca4fa40b85b52,bcdcc6084c8962c76b09bbf5bebed09f18cb96e3c58910acb72a46f7c6ec03b3
9400000000000000908,complete,12e658f104a0c0cdd10e5fd70a66403b1a38ffea5ad9ddc6b3125733f5039442,8077ac99c91d87626190415fd463217211e703f3ef462d9de25e0884ee37ce75
9400000000000000909,complete,3e0821644d704423d2e3c3a16e05b60cf8ee87b9230bdeab01984147ba8c1787,140cbbb4dba0b17810eb5ef3561facd696aff7ef3532fdbb6c4185531cf8e5f7
9400000000000000910,complete,9b9c2402b8b199c215d49baa25dc72eb54e3646583fe60480ad77e68b5f2170a,a76da48de86c7d089eb8b4ef1596ae44484150da9a1b51c8616a5ef5f6d9ab00
9400000000000000911,complete,001b996853b8901cf35c96cc005629daa0e217463aca2988070744e100ece661,88e1593e032c0d5afe025854117a5b5a2082947df7552746c7365bd6f7114cfa
9400000000000000912,complete,3c0b4e871ce897e0cfd0e1fa0dac31fd4c13f1db282891970eee56595f0d882c,8d1200ce4e605cbea80509cad8d8a5f4f61b527ba56374cffa5324d757855079
9400000000000000913,complete,749ee4de05a2fdad34538b8b9b2166664dd1e0010203db9fa665b9b25e23472c,4c8a9b05b47b6fcfbb8f40b3029309bd95a67c61f5db39d49158e7b1daf87b71
9400000000000000914,complete,91d49261e95536ea28c422a27b38e81a5feb2e696cf04c74dd532928c1a5fdfa,eef21879054c647044c5f7711803d04ceac50a00466114f957c48add91a9d2ae
9400000000000000915,complete,1242b7edcedb55112e7b41c9d5efa0853ab4fa952f93e436bf97ce8d6149b5cb,6118b0bd5baafbce32908a4245b42e049a51d9fcc5dfb0dc91e6133569545f63
9400000000000000916,complete,cc062c5482a2b5ff340a6b816c6a8d28d4c4fd1007f0621d37b38e611663752c,26692dc48b7001b7e06ff335fc6599cbf37f64a053f4432261b7154abf55b831
9400000000000000917,complete,06e961c31cd1c2e67340dd99cad8255727b0200f6fd3e801d317d993f8430007,5130e70e79da4dd7f599a83dcb38baaa91ecf28f9d2bb0048fae3933a0a35f6b
9400000000000000918,complete,029b768052bf1a92ab645f67eaf77007be979f2d5a8083def01c836c9cdcf917,b6c89f88608568a986a0afba78689217b979c45a4158b28ea23732b3d4842360
9400000000000000919,complete,322b43b726d70784f7d8c25c7ee1b0ee478611e3ec389d3faeb3f273fc09b3e9,f5a1f6cd6be69c4bb71a349d8e819678908b3106bf20479241429bccaab186c9
9400000000000000920,complete,f7eb174526411ea07ef41cfaf0315500f94917461f5eadbcf32c732499e57e2a,8a8020df9ea3859d865a84ba242a6ea273f61da30dc3fa10f4c5fb390b5a0e89
9400000000000000921,complete,18a328e661c7909329bfbc22183b210c6d406f844f8cbe72b963bded5b7bc206,7ba004ff5274c3ca85fa965017c186de2dbeee29c324afd453fa26fa71c84c92
9400000000000000922,complete,0a30d7cc3366b39a3f52d04ea5237bc85becb9be05030faffa34d28ff47dd1ee,ee76ef303411088cacc87b718ef29892aee6e651809880cedc06c9741b3d742d
9400000000000000923,complete,9c3c4b66e122f5b3afcf7b9607819a4f046ed7c3762e9ec29a26461b4b549ce1,18287a5bdde0096334a42eb46be7ed82484a9000c4ebef30722cdc1b58b769fc
9400000000000000924,complete,447ea24622993f7a170e04fe702c80826943ecdb173c0af1ba8e8af8ad224afe,4fc40d5048b8735e4dde35f408b98089b91c011e0ef6b48febdfe684cc4eab2e
9400000000000000925,complete,8fcacc3d3666afbb720313fa882bf04396b5ceac2bbaa964c194bbc991b60808,0dac3761e32949699d0ca6c0b46df632b3e4fa95844249a26bf86ddcdfc5b00e
9400000000000000926,complete,8063c321bfe4a2a3fe43d26839c35a9c197afacd09139a1571ac711e7c8bd65e,c4cad36f4e8c5f5cec3aa0745f7dd33c047b80166426345d736559ec5146ec4f
9400000000000000927,complete,0f180851ee166f3987f5069e0ba1794ea2c308f19cbd899658c812ae87f4640e,1a9ddc042cdf628af42640b56ea11799738e34e98e3265b333a09cc23f4ee6bf
9400000000000000928,complete,37eeb973498c69ad7bc020ae76400c2784ea68131a3843fd893de6d50877d80c,e7aaef392c24a0cfe69a7c825678b0a068b5307b11b6f1bc4d5a5df7ebe0048e
9400000000000000929,complete,424477c9513689f114004a68438e2168c34d66a56f9b1c5c673d3cf2069ca0fc,b8c3c295003e7f30567766d756ccd6163f1fb587f644be82f5bc1b211758b4ea
9400000000000000930,complete,0e953b325775d89e1eca5707d7c785e53610970435a07e55a56b97a51334e39f,8793463f93c8b7a51d07f5ed6208375dc3e1ebeb887c912d19fe310f2bc4277e
9400000000000000931,complete,43983b1c5382b4a2259ff3f04e479c9260d08199f849aa0f886ca3af3961f3ad,cef9348678c1737c2581380c82ae1e22faa8a4844c8026edb2944e8baeb1e60f
9400000000000000932,complete,cadf5445ed76597f12dffaa6d7981a112b16dcd7b3e3e5348f52a5c487788467,90cb3a791dca4acc631cec5dca448cf6bdda7011cd3369ef3267e2b266c63229
9400000000000000933,complete,16f5ca618361607f4a3653222957d8eac953f01e5907626628cad18c9b24b4e5,8960e687d76b3425570c1544e2f80c3a982f3e79a127b7fdd6e579aa7136d4f0
9400000000000000934,complete,41c162cae4b39e1b19f261c83059a9539682ca115abb76a9c4bf410ce6302955,84805db2c2832005e076f011b72cdbaff4a339adec408ff3226fe9ed7e2de880
9400000000000000935,complete,acd9f16e16f45f9e8f4f4fdf1ee46a3820c95977523cb505aa1f90bd2951f1e6,091fb065d7ce94d9b343ce5efaa8170d12bbeb13d85152dfb33975117d79b282
9400000000000000936,complete,14a817ca72e9d3eebe972498b63fdf3f2cc56ba2459ddd4d8146ee2009dde6c9,b869dd731544aadf1b0bd8dbbbab96b34c5633ae65007cbf1bf8e9f7db579ecd
9400000000000000937,complete,c2b52704a153faeed3310546939fbbf337c7a940e30852ac9a6178d9e9075504,fc7172c1e18cc070a8616bae747f43b9ffe68b5e7aae1cf5673d60ea04aab4d9
9400000000000000938,complete,d0d9c239db96c5cf83c938809a47666cf8f55c520b523459d45cf67b2a0c8d02,e5d30700f4b22339070fa398a26a026e075484227bf48be0d095489afab1ae2b
9400000000000000939,complete,953afe4e69e36a27374a26d6f096a5700b594fb58dd0f66bd05155ca52bd39eb,fcdc75dfab0b46fa129747a360a8dac68b1e6f7a1b858471624066b3239b0c38
9400000000000000940,complete,80b99bcffc0553c8c2ec68a0e263616de9beb6d7aef367041bdd0bb08da85c70,ae16da37c9aacd2a75bbacdbf2cb4ca68a4c2f1c8de050d9e057654342450377
9400000000000000941,complete,f1d0b2c6515e6fb4c3def271a9438fad3fe594dec5ba08e1d6cf5e121acb555f,5d169731bc90afbfb0bc2b30581bccd9341a446af898e2cc4d34664a0ed8baab
9400000000000000942,complete,36a847e84cefac9b7c580b51eeb4e30e3f5b1f8693180becf6ad0a5419b49db2,150c3895ae5d1ee365f203a3c3d01e09b8e30037d9c315f2866e16b31ccca2c2
9400000000000000943,complete,8b552464fb24c68b3cfccf482ea1e68cabea848a31bdef78a33c2142e21f3dc6,50073849366e2fece6dc121a17078da18827049eb7390e60a82119b8b1a8a47d
9400000000000000944,complete,359be95bc35087a0c350c0301e3255448364511a3fbc21300805a53a8cdc2fcd,5070053e2e3baf5fccad75867c5a89158fe392bc09780db22b44ae10bd217475
9400000000000000945,complete,d4853d240db352faf4a4f2c54dc3ded92d6c4cfec40628e50a1ea532145be376,ff85666f8e7ff8fca0ad0dc7eeb48fd4f21c107410f863a418f9b3767e804cf0
9400000000000000946,complete,ae774dcf21ec4982be7d712ace3a79fe63fb3ef41dd15844a984f0ffb0cb3d12,9bbcccb21004371bce015f9c827c2ff8d52a66ddbe5a6bfe12af549b5133f66a
9400000000000000947,complete,bc41e4a443670c359dab2c821ce7fbf9442bf9fabf7ede20a30f965b7821112e,b8680faa5e41757239ff828c694f2d0f6144d9be601878f3b0f8d164f2596fcd
9400000000000000948,complete,10d1fc58ded94df5cdf601fc02368cd2b63080b08127788bb2474fdd82639763,43c8bec488af61087d358df3e568d1ed68c935da850f40764d771c2c6146670d
9400000000000000949,complete,b6d72e8615b5aabb5a4ee78f20d6fcb671544f1f0049cfaf03fbf8bda9fae014,8d65f3329cdd5e0672a318b5fb16ecc0c206a3a3c6d3bb2a8eb43abfe0fbdfc2
9400000000000000950,complete,91642a2882da0adc8746d6ded36ad18190fa7007ac1c9fffb02cbd68333abe24,4171606f4a7b5e82e4a697973b15437356a770e2075071c8591bb9df20126711
9400000000000000951,complete,0ca59bd04b88423069cd26fc96a08aca639895f5fd2700f3042141cbbfb119a2,f6aac1deeae75192e8672d04b541c907840b8aaac5601cc2dd64f265d5aaf85d
9400000000000000952,complete,30aac20bce70d620ea2cfa19f83aee0535c6b1dcf005c8ebc827696d34866a1c,83ac8f3a5c5292fa07cba4615a485488a1aeb359cfcebbcbb58fd5d21b64811d
9400000000000000953,complete,ccd9aced1bd005559d9602c47fdf30a24b4d64063bf94b7262b2ff0c44f5718a,da94a15a099f0804f09a9e1ae227e20bc3e130bd569961f79fa781f9a88fb227
9400000000000000954,complete,362e4d0d28bdcd9c8ec08051849b5c5e833d2be3065f295a7e0219b205c5b17b,69a5ebbebff4304dd5c6c0e1691e44ed28febff3eee33c83dc64a914bd364a3b
9400000000000000955,complete,7c409421a1ce26e720d1ea1385f32169d26c4f7392593f4e29f2915a4cfefac9,e1d00c84076241b39ead376695b8c33ce0b5a467d0b7720c05cdd5418668b1a0
9400000000000000956,complete,ebf69a914b79d6ad0be72350cec0c8013886610fd51bb8a7659c4f05f0ddcf1b,a77da369056dc297c2fb8713afcc44cdc37f102e12ea31ec2713877227a82fab
9400000000000000957,complete,9c380baca309cde683cb16d88bd27c6909921803cea1596423ee0927bdfc27ff,1dcfb464e0d1c20b983606b758f3ea09805ad9389e61bef4874eac8a979c2d34
9400000000000000958,complete,4a7b4f44c928eb68971e1b1bbf69a34f14384b19e36b433ec8e0c76970d31fe1,caeb1228319dfd541b7aee2379be888035bc98de102b3e7538f12c83614f8a72
9400000000000000959,complete,f1bdd59f5fd88ab2b856d5dfb409cbd1ff5f900316d0871b4de1a3b7a872767a,e2a8ca86740cd90e1d7d64bbcad4a5c7f09079be794150e0200c9acbea27eb03
9400000000000000960,complete,94fbfee2cdd6973576eadbb51399001ca70a87317249c4174e2ea0611a48e9b2,50f7a4c68ad6b79bffb3ebdb1a1432006da8c665d2254b1609ecc5b56175616a
9400000000000000961,complete,3c188add1430b3b2466e16312117290b45309134e3dede083d2897575786f634,6228f6a7003923bce20765e2d92c031b666b42b2d4fc988bd686a3da7ede5f3a
9400000000000000962,complete,7fa0f054a569bdf3c4e812ac2060a831e628f26ee961fe8e57811adf0dc37bc4,d6269b14f5e78b593f8a1046810a27c89cb7ac4229083df9d3ec245af72052c0
9400000000000000963,complete,1d8438501c68acf482c81a143698be71f48cb5d66852276c89619dd8e3e653ca,bac4ec1951d29324e34e5a91b3ed438f1124eff8a3f0dc1107d106019cdff7aa
9400000000000000964,complete,ba40c4fb1c44529010fcda525ff0b08c3dc83f5b2e705fb754b5c8a253a8a2f0,f685be19248729f48a78c8d5bc945d94621058df9134e8912bb25a06c10a6892
9400000000000000965,complete,d15291deb445d96d3ab6cb04d59a2e0f89549b3a1b594c7a076ee08fbc8499d7,fae1780416a7ee8f067290f2c52bbd1ad3b7565d206f6a95f5e953f30cf5cc15
9400000000000000966,complete,e2b51dc674fcc8f9d461d65c954e62f8e6dcdec83e48f09689b59834b64d0495,9bfddb01200812187da4f5d05841e1c9a89413366c4218997892b5df293099a2
9400000000000000967,complete,35c673cd5f900cd69b56987af8418b4d346456273cc8424c28cbd7932d6998cf,1f2f3ff50db703eeca7a8badf1bbfaecb908d891ddfc626d6f527bc8fc1f81f0
9400000000000000968,complete,194c86573e6b4e0f01051c065c5871ef8be2d1f623b92bfe1ea252eded9f029c,919805f5a31bbe387250d171c01a90937d2458e0fc6dc486024a458eb9eddeb5
9400000000000000969,complete,ff4e786447ba62b20387ef9e196416f4c631167c4bea3fc42b6c4cda66ad3660,b86de24db6c04a4e6421c0ccb8b38cb3528a2e19286f9c3b31f1a643b6fdc50e
9400000000000000970,complete,dc87c7d2b13b2690c6dcf2734dd0731b879dbc9a8bb7a50b0cecb3491c0723f9,6ecb3a5eb4632847dde03bd33b577c459b8597634ecb1b69807911ef243476a1
9400000000000000971,complete,9bc5dfc047339a8ae63120b81620a68e18af48ccfd2f671aa0be891c7887cd3b,e039fe75cd46b56d013852b4d72f312679dce07400c4fd7a31daf41ac027564b
9400000000000000972,complete,92285dcb12c41b9ae197cd2f2a8b4a2f20ea617c7c8da5e5def46c0c9ad71b2c,67e0e33dc4f4e360f0a69e122f52742d7b8038a061880ffa790dbb0ddbb1bff6
9400000000000000973,complete,b34a957a14dabd54fd43afb55ea8f930dcdc7330d5ce4c0904c33b0eee043489,1f7afe607a549feacfdcd7ead565464755a1d5630a3d9633439a3f58de87a025
9400000000000000974,complete,a6ead840ef3834c0b2f3cd780ce1d69949918e7320d587de122002483a2d3531,f4796453a33bebace45d0171221e693484c619730c5d96ebf98ee771d76efc20
9400000000000000975,complete,8fc31713cbd3b22220f15f197037dce35416862cead9c00a8ed2946fc62a71b3,35ed899cfffe873a2376440287f84fa08066ece71ac8e8eea290ff2b195d5058
9400000000000000976,complete,08c182a758e5652b3053a9ed8651b20b296cfc38474c679ee56e7eae8f71a0b1,5ec7a92331a7c4d0b956098544c1b0e4a486872a1f84a41266ff9d2af389868a
9400000000000000977,complete,e0597144673f055aa637993ed29e5d81a87ffbc72552660e719a35592b247570,5c18b4e1b928e30b50eccc4af7689c5946dd6306703fcd5daf1363a842e678da
9400000000000000978,complete,1558074e2363574a9c9549a0fb7413595596eff28fe6188ddf32916a828d1c6f,2d3f329436158576551a3137b83ec89ba7db39d5e6b046492fda82346a860dde
9400000000000000979,complete,e7b5009e4cc3e851563e050a94b2c953f925e4d54a010f4404dbfcf1c1418f0c,85d178d88539e5ca0172af7f07228c8257effcef5f3c0ccc0e3ef4964df5cc1c
9400000000000000980,complete,a6d0288984ef6bea841b35b3a7facde093ac959046e7eb719e10f1646a34f5a8,6fe165acc425a5acee7ec1252c0d5704f9f184c0d61b8f87703cfb1fcf7d4fd2
9400000000000000981,complete,c5e865ea4cf45b49309b46461b60dc09bb34dce3e2015d403a2fd7676ecbd8a1,8d94a6137191cec0471ac1415ca221bbb383e155827d7afd22cc4b60cb2a10d1
9400000000000000982,complete,f4e6c16dd7b16788381e0f71f33d6359d528929d1c268415d096cc29f27c02e2,0fd4ae2c21334155e0aae4875a33b2e8e4c957fe6cde890e76784caebb59ca24
9400000000000000983,complete,aa4516ddc8a8dfd9a97075d77c5cc8df2f99caaa9953b17870dc6dc58fc9608b,3cde455c27aa15e1717ba19d19a327295ce78f9159db2206cf84e0372331dd6e
9400000000000000984,complete,8b6556a7c355b8063daf1ef9e9b7e6992460f4484be817813bcb3ee7c997b4ed,b0499a7170ed439167580f8c1093cc82ed9d81cb7b48ce38c974f5d61025db0a
9400000000000000985,complete,171523e6c3eb75658d36cb49240e29ad4cfafad708ae2f541c38530a70296f27,e6e65870c6f183f97dc027f97d9a0ca6bd217b73a6b063e1cb3cad365ef7970b
9400000000000000986,complete,2b21dd9d4363bb45d147675f3ab6a1fc2552cccb35ff263da9b010857dbf013e,a0d4abf52295f3d3e4917fd84e59b2382c11e11fa1e01f1703c37d70a6bee489
9400000000000000987,complete,ea557ae3f417aef30b0bf120beefb2b4a1c37badff2483748205f5f90e87690c,15d4fe41e69dac26b85128f78b5079434f135389e9084056a177531ffaed227a
9400000000000000988,complete,ade84e8d0c8c048fddaeaa5a69d78bf5f35f8924895e52d8c8f7af3b1237b0a1,c2f70076335c7257aa189fb44ba4f48c6e9557c2c850b6d97faf0a1828668aaa
9400000000000000989,complete,25e9113c8429c268896508fd2ffb4bc15d2078163a2e959c82793755ab46b356,60e32cedf461e70bac10c2005fe3c7ba76844ce664ebce59ab087b47f3224bf6
9400000000000000990,complete,1bc7c7ae7f93684d463a54bd06da5b614dd3affd2260d146f7e87d11fa375472,0fcfc43d9c276dcb0a51b5cd898aeb4601df176830cdae368853a515ddc2b2eb
9400000000000000991,complete,1cddb1455f7b331e12c5cf0f0749698baaaabe70b91c30142f3d0060ec8e2e2b,5b65318b93a11043720073ad0ecfdc9eb640d9e9713c8c58073d8adf33040a44
9400000000000000992,complete,56b17dfed0fbdcad1803ec3b5f2eff4696eb4b80c24b60bc7c970524381f0457,533a222756c5efbfc5b313ae8110466a7048790a5f25e92c46d10feb87b5f1fd
9400000000000000993,complete,b2d1fb25c6aede4e430e9b96a99ff7af79e5658c3d94043e63d7070c5189aac5,95f203f3e9cda729cd9564c974cfd3af7ef92d58654fc1989fb1d62bb97744c4
9400000000000000994,complete,3133ee0a0fe06c86b0023580068ef9bd260ac6a5a07fc8b008c952fb7e8f4dfa,0806e5eb0eb9d8eea6349b672c49002184c643ccf0eada17a61e5fb163de913e
9400000000000000995,complete,669e9460ca458b48ccb1172db73f4d98133f718ed7779fdfec86c013baea63bc,d455bdbfa9843677ccbbcfeed0bc437fda965d17dd0b5ff16b63de1e2db12748
9400000000000000996,complete,7a56a56e8dec5d6282026eee199ee630fd17264d7e5df1a9cf01baeca341a346,1d0d5687c428659e8d8e2624d889658e8b3e4a04914ad37175cbf27404eb6128
9400000000000000997,complete,2c22e578420ae7d4f0b931051b50882cc868e28c6698ecd50e677a640d6926c5,2d427f16e2be0b8094b9ad07ca17e8f6ca6dfccecb2b4bf6efea6c0b04f07604
9400000000000000998,complete,f2eb377e6b01557ef6cba308de7a46f2693d1af46668c3b02d162c66bdfe1abd,fe16a473f9cc01ff72d0b7ad5993e097bb49f465390add578c5ca3efcb48a8c7
9400000000000000999,complete,c0918b3d479671ff05b8591a72506790edc1d90f6ddfd9840ceb652c45846359,168d83177bf6582802b176c9262635a726aa6ee9e8b39fe85c1469c2e572f23f
9500000000000000010,complete,dc6be6493a60413dbd6abada57894147e2897e88d2bde5ae178bf8345bbb36d3,878242b947a240fd9dd01a50b2f0663d5b2b0c3caaaa2cd2bc66b0707973611e
9500000000000000042,complete,7c8e90733a13ffbe434229ec22423944258817ad5c4c9442ed8fb2784c150b1f,c501646d2dcb4a559ff28e210c757dc17ef06cbd09bb6cc75a0ed9cc57e59388
9500000000000000049,complete,b36fc4687ff4cf81db831614d51769bb433d9de12cd20b22394a9c56419732b6,9861215637b563b37a25f781fb0cae18ff589f56e7d083869da714ac0e22d3c7
9500000000000000059,complete,a2806c4c11bbea69073cd1e022dba99bed56a74a45e6c90fd9ecd4f11fc068e0,5afcacb36caee674be3dea9ebc74cdda8fcff230ac95b9d5f2d878ee3986c888
9500000000000000079,complete,6836abe0ac8ee143331a49539f5204a8b647f8001a6d4b76d4e6262b2464f8ac,526dbc1923050c4b334239e306c2b6ea2c073f702124e37e89424005e5374dc5
9500000000000000084,complete,6094efa6a566dbc0646f5243c9b7612bb56f8a955a252fc3c4e772746846a0a4,7796b805a8bc433b4c291bcd85af5cb3721b896b02bf81d1a156ab0fbcb78ed7
9500000000000000089,complete,76994409c64eeff88dd59c5b4a86e51bcab871594ce2b91a7bd1372ee914aa6a,71f2ae81e4117fa6899b9e51156753aa3380fa17a8d6f6a3c1270b4e7ca86751
9500000000000000098,complete,bd6a7117d17d8928efb813db45d404cebb3a2c4eab910d809c9c3622590ae01e,caab5ec8f06653a2f83fde0ba486e4547ab47207127be2b68d27107569f4f022
9500000000000000099,complete,ec3a2e6a87579c62cd77ef742e6f1ff87d6e95b9df287091d07e20c1248ae865,79b70e3d73a1924f1b72d9fabc0d80c4eaf349c5ef1068e30cac8628fb3ab2d8
9500000000000000108,complete,00b18826cab68ac9525688fe24f6e928f3c83e5aeeb11c4b1f739071005670ad,1c139ef0bb9d9b6bfb992f7d99c2e73c10b1916696cedb4c4868e7473d0c79e8
9500000000000000128,complete,20e9abaf3a5f82aee159150bdd68c2eebdca6a2fc57a998546be68b8d2786fb3,f8b2be9e4b02faef51ac190b5d9ad1a4e66c347b053638f61ad2dcc6dc82528a
9500000000000000141,complete,0c380a5a6ebd0f75a2a70089390477b0d2345635ddb49716ca48612f51f45c7f,30eed84f4f581e006a66f0cac72dfe4c7ec8fdfe539f2a85e260a0144c6921da
9500000000000000155,complete,8869c66dc01165ba5da479af579788bd3eca07190181d4e5778afd28cb947427,28036051b096df87fd1e2b142ac14ce9dd05c250ce3b73f789cb6a5050716f2c
9500000000000000156,complete,547d717ecd1e5c9d121f2bc7f39c4a764b60df48b7cc74c2db1b34014bd3f46a,df68a0a3c2660ed71c9058af66237ebf087f060b5758098a546d8eb346e88232
9500000000000000167,complete,a40e9058e17b9df0037b0cb78b221afe98ebc16296dbb28e2240394c61577415,94cc6fe8d9149cf3ba09c9694c7b95c7cbf226e73efa8dc6628091c9df1df1db
9500000000000000170,complete,8a2e025c5d9a62eb25e3176969810f99048fda0020687e6c93b31ad2aac135a8,5702ed70a2039d50fe9f99d88192145157287b6cc9f1c522ec28a5885721f814
9500000000000000203,complete,a08d5d3f70e601d54c5e1e4e780a62f98127abaf52a1ce84ba334d484422cf56,45c0c08142c4ecda43b8d89d909f6947a49b3c77be0889ed58f2b3bedaabd8a9
9500000000000000218,complete,a98f797c003919e7b77968cf0144a649777aefb585ad3233827f8e0e9d5323ab,42e5ba4cfd2286d4789aa09d003e88d8a87fd9f92afaddaecc967bc8e0c84522
9500000000000000219,complete,ac256b782bc3ec7d48295e65f62226dea90ca0c17458f52b20033b0d5517ac9d,d0e54bd52f09b51a7c7baee8fd774bf27fcf6e3ecdd12b50d1b82259e2f5997c
9500000000000000229,complete,d1377854509ee3fcd9eedfd4e6c543f1d5015d422bee8a50988aeb2cf3620169,d02f0cf548e45ef8d1a55c58bc064a6abdad7792030014cc3f0c59fa9076a076
9500000000000000234,complete,fba847d07ee457af382bab5da15d3eea3447990d76b81241b490133baee31885,ba2e5bec5a72d521f2df11de1c6242c51c71df9042c296b3a15538b3f139651d
9500000000000000252,complete,a360ae510d62df6c96b88a70e33fe39b14e10ae847d2b911f46448d7d93da665,f5798c843715abc6a0198ce287fab023f5f0b6e6cfc2e86d8263c9c684f1378c
9500000000000000256,complete,45be48067d595fdd15ba97962ebf981a9a276bcb5d8402d7f9ed9ac798e60cd4,17b3b8bcd29af8068bcb1acfc15538421b347eecb89d7bcc04ac177c34b9a64f
9500000000000000257,complete,5af40e75aebce2d17dec3e4778e2037ef24e00bcaceaf1d95c81d3fe1bba228d,bcd08d7d1e5fa3b595482ace4df95368b3a9f80c7950dae1f37fbebafb4a5b7e
9500000000000000259,complete,3a2d50cd3e0528fddbeeb50792a5aa93366507f443e9762f7a203e6926512962,715be18cd8552fcf3c863a8e740927f142a1df10d5b4fdc9e85541de32a1d770
9500000000000000286,complete,9e75f8e054a6bfa8cc252c932ca2369e33d992a1df6ac9fe9fff910ac9fc6d6d,48b1f84273c3a821b22d2175673e4d6ef66b1dd7a4791726536af24ccb23db76
9500000000000000291,complete,fe519f7206fdbd6c9ffc3520c054963e1ebf6aac880dfd6e2386fe2f507ab0aa,b011bec44eb135ce94d5bae171671ad8ef0fe480a6c287ae8674a8f47177fbd9
9500000000000000306,complete,e8987694396c8c86d8bad5709ed409ba030ab8bfd1ea5a5e891f04a272bbb785,88478084dc36c004e2a4f03a07c861d9300888eb1140e180202d0710c0425e65
9500000000000000322,complete,e166f8ce031bf8228beb10d5a73146f0dad7271bed5667cce494ff6794906520,3199d533c7e7140537a3c91cd5188e952df6505d9c46f9d0046066ba946c5d87
9500000000000000326,complete,f86f5b6f2fc61ea09bf615d84dd91418d6ad668f35071ab37fd36727baf0e451,65511f3abad3a86b70cd573a04f996369a16b0861894b6937795eb414527d17a
9500000000000000329,complete,f2ceb51426b3a4782ebd277bb419bcbf9920adec981977102461b680fc4c4bfe,da992882b22444472cb39b044eddf47b9b0c63fd0bf75104040b1a9fa76b275c
9500000000000000331,complete,69c96d48c5315ecdc07880a45409be904eca6026b0283fe60ba6da99f2ab8ebb,6616fbc8360545c0d013be4d15aaaad80c8804da7ecc701906245f3bf9d04c77
9500000000000000332,complete,7b5f95f3a1392c7829504db16f6b33a6fc4a5131b59e4323f3ff1b95dd2055ff,37c83bf0f7f81f48038ef2d1cd1d16e0fbce4c01174e38152a35a548f05efbcb
9500000000000000339,complete,1b4788d2a3fa66ced1a6812619032810ff33fdbd3c7f34bd8a97ad7445e53f10,de5546eaa8c3f1af4a76a0c620f1d19634217e9ee143770683311a412798621a
9500000000000000349,complete,3d8643007a3f32037428e18e7e3a0141955765c3661badab1df1803f5dd2e1f7,7a794adb5b623a0db84f85686af2ebdb5a7f2b4f658564808a73cf065d133649
9500000000000000353,complete,2229847183ed1b14b68d19e7cfa97e84f75fd1080b2e5c902280b684a8d4d26b,816ebd64c62e989bfccf60841c363ab698874133647703bdd098fa53e1c4e7e4
9500000000000000356,complete,38291d8cd3ca71133ca8a4901e6af45a01ccdd55ddb3217d42471e6c57a2862a,723249f71d8391a60c793da8e8d21cd8661ecf00a62685d9ca592d6bd4618a98
9500000000000000359,complete,6d8c44169b4b068ff5219b69db1237fdcd1cccecb4460709b29c9641041c995e,309e8860894bc6b8743d60da4c9bd4db8f4228f18d1ab12a3e592f5239b75777
9500000000000000369,complete,be47909656a8f179b0f271a5eddbdd44ef88257e78fe14925d95749c92d3e9ca,e40b3c6678a2d407bfd158b4f3e1df181247ff2d87de1e8de408fc51dea0335d
9500000000000000370,complete,1c2837bfa811f82c4ebdfa796a4a6016d890611237b0c1d1cac8d5d71a6afb33,aec30c3d50cdb340d446c2b2e8d93ff85252f97e833c77a81ac15523f08e0c19
9500000000000000376,complete,6fbaec630d45cb36359c5b29c00a44831922800d37f8d1e3efd5309c8c38b1b7,ad516274ceb73c1ab967ac47177ea6f4a06ae9a817a159b0d0596eefbbebb01f
9500000000000000383,complete,3dcc6271643695756a164b0505520a3e896fe19f29193e84008188b632a37a38,6f1b9e96461477cd1fb94d325f1bf8804d2810929932a1bf7d0bdd348cb08975
9500000000000000387,complete,e2c33a828331d6a710a12a24c337211a1af99faf51b92df448d3f2dbd4dc11e3,e4f68201a4c75539b6828c9bfccf9cc3cd24aadb01c1118e7be93c17550c6db2
9500000000000000408,complete,67a9cc3692af76feeadca5ed2cd678d911c97dbcfd3c3c5a05b8b41f3fef81d1,5c603bc6431b6e01a6f16a0816ddecdc76c4c68c06fcd871e0f7c3ef22f9ad36
9500000000000000409,complete,bdcbf277d40ca6a4893a7d6e41801c95cce9a10b64803c191f63bd842fb75d53,1e0706aaf2a9b340353c785bb90aeef66e36f6dd5cb71579541e2d7d33d1ffcf
9500000000000000410,complete,39e3a039abaf010145f7320548457064e8d3bff1b7d10e32955328cd31b6347a,23984dc98dea0bab5c04c849f93216fac352617ecb80335f502f79a4e7cc7814
9500000000000000433,complete,84df5192faae3260973a7d5b6e63a37d51cb0517f7d43c79bd60ae506dc82eb8,a2728aca21f93384bad6eebfb48460d2df6e80b5626248688360062b6fd6900b
9500000000000000446,complete,d67314a5ca7cf8295fd67a7862aa47dc63744ae5c8769a60ba47e45adbc0ea86,1b7d76fe88a51ae0f94b7955018abd87e20f50907b7f77ded9c8df8bb7f44a07
9500000000000000447,complete,33600fa5345826882bef696b9e39c8210151bac9d888b6b35290b514e184c1e9,5c7a20c8ec49a8e6dfcb20a69cdee932c25b6954093ba4ece5f90863234307ad
9500000000000000448,complete,2bb7dc7a4f03834bf7956530574df64d6ab63505ea960228f82bdb19d3553650,7f9a337a2025d96985819c31f723aa70ff75291dfba02e60c64eb1767ddc92d0
9500000000000000449,complete,d3e17303ddbb3e4e27a1f012bb6f0c08b378f820c1c2a457bc8cbb7d37df7426,5c4ef71649c602773a273a291596afaba7050003c556ad4ebe7e3c84248d3826
9500000000000000451,complete,639b15cc4bb9de8dd294a18f98bd89e0d00aea6d13bd66d8bd26c3e8fa1c2299,cfea6e757d46cc9c37d1502c2d967f7933bf0d9be4ae589a2e62435b0e02639f
9500000000000000458,complete,99d3a7799765a256c871ed1c83e3142f1acdbfd094aaf929134048fa52cac27a,6225510e38a02fd1263b4e0a2753ec808c659501563dbb9f969f42a641b625cb
9500000000000000463,complete,ca86590dbcb1652f592a63c9efe163e28bde6a411e3704249178edc633671e47,36bb4bda0944e5592ce4a875b4e460916d78426a579ae6fd4e9591fa23749e0d
9500000000000000467,complete,ce4fbdb53df3c91a4fd452976e7f2813836eca0cbc1a8339de8abc9571283acc,1b0f2723ff878070fd84174d0ab2ff056f2f32c8d9688e1993e73e2ec9c1c579
9500000000000000472,complete,c211bbee1f15330aa9f1452a7300d691bed89dd67593a5f786c51db384360190,8998432823a83cf32a6424917be093800839bb9bf6d66766bb5e0e5c3317daff
9500000000000000474,complete,212a77d7a843f83a1d6c7f5bb68e7025595fad81d6424e5ee310fd00778f44e3,f59909f07e5d55b9e1c31f015f10c0e7c5aef2b563c8e2d1d78a53d977e38480
9500000000000000477,complete,bfdbcefc3758dce9570f2e63b5261dacca25707748c8f6d0815e37cd14a53f04,4bd20c6ab5ff511c7efd8d226e0233d8683b6a010c78c93972c2ad3560316420
9500000000000000490,complete,98add10d3eaeef852a4b39f15ce37d086bb0285109d09a2e8698d6c460f88407,b587f63cbbaaa041aa8252ebead82147d4e1ca69ac093dc947178608b586a5d0
9500000000000000491,complete,3245517a1e5b44de391e074ddfe9747b287e67f4859f1b76db9f1228c87a5150,0b4a2ecb2c8d2f6c6ed0c8e1ccc2e610f3930d5e61205c1d784a4e5eea70a4b5
9500000000000000496,complete,ccf230586f425fe07f78b9c27b95c9472d09c11d00630238ab9f9046b6a7c1da,403e7c1cc995915e4a1ba8d5e572700407ea95d7e3ab4e51ded8636b70bcb886
9500000000000000512,complete,387a5d4272dd45bfa1760daddd0a1897d5f9cb2076ab18d4b5563e64cc88da2d,c64e8bcd68432b4f9e0ab70d3892e4164470505ec2cb515b73e568bf2e41f5b7
9500000000000000517,complete,3561f509925fc4b4b3b81ee18a87ba7a22800dafe436377e3cacdaa90dd47a2f,4a35710943352e4d2951a10fab3b8ee7423b4f2eaf6956b5890c130e9066ad18
9500000000000000520,complete,5f233f6d483f2619fecfc7425cf2662616300c8094e3f42efa96564e1ba57338,7a890da6b6e186bb749c056f569b38a98247188d9a4db391477617265a43ac30
9500000000000000540,complete,69b10901ad7a00015bc90de29ce489fd18094e94eafd74bc5959a3d3374850dc,11a79fe5140d13316f45428713c867329a5b2867c0715d8b19848cc966f8fbc5
9500000000000000542,complete,c169471c5ad01f9f26ee831430b9cedd7582d6095374d06d313d6f9c6c403646,498768cea16159638ff94ff87630d1211726f095728ae4b354f05d769e9513b8
9500000000000000544,complete,c48615af127e0060756e5c3f1bcdcaa269a5a9b8084c3890a0aff4d611fc19f6,a8ccde5c35ae3bb86900130b4263be107d66f87f1db885569c2f2d1453a4250e
9500000000000000558,complete,6af292a03dbf301e7195f662a0c503aa0752e565bfaca627547f361a9ef12659,fce1338382281d4202eaacf8dfc97ebd442987c542053dddca10bd0ee9c44e18
9500000000000000585,complete,6c6d8a010c420f7e13c618d834f55866d5f8f4a67d883598467303ec67a074f6,2f63ca240a1af8f51a4968b601d606bb9b4248946f06dc3d0d0a32be2e5e3ea3
9500000000000000601,complete,38a60188b7d07a9a1a2488e0bc573486450492c6b0b780fa474548401183fe5c,bc2a0c7a492fe8be3b355e5bf2004b9279f83757fcef7f8daacd59e00283f873
9500000000000000602,complete,805b6559298701e91c9814af657a79e2bb567609ac3577d0063f561ddcf834a6,0bcdf20732da66c5d94d99560fde45626e120006385a5e03d4b66e7f9f3955d7
9500000000000000610,complete,92d62fd42241327aa23a8a08b28984482d9907f352c79be37ad48c06ecd9f5b6,c324ddce4b377f67c517221417d09298aba18c1e4eb8fcfba4d8ae014aa6c0a9
9500000000000000622,complete,8e9bbbd2ec7b0161061eb6db0cd11a2d1ac5f9577e3d75e70629a589751ea600,57806e724720156ce1872caf956b9f9eabe46e54aaae5ea08a643ef456244520
9500000000000000626,complete,0a29eeb7d76910b9e924486c13f7cecea6dfc9b6aaa1932850c7cb2f03d36590,17b404783453437dac87269036fcf633afed44dc5b7c4c4fe1a2f3e517695f71
9500000000000000627,complete,6f906fa37aed45368d5ea3d5a63ebbf58c2afcf3d27aa41008b5743850195676,b7afd3a1d72da830e0212f1cb4568137d4778d72d568298a75babbaae95f67ce
9500000000000000632,complete,bcd45ccf16ff91519ea3ff11418b10e56b32ff1ef0111e359b959afc40a0b0f7,384b0ef31dca678bfb980bb87193a1d181b2a527f9b673c59ae60e444f2fde9c
9500000000000000642,complete,14e068d12eac5562e924144ab8f7005e32f03b8c1a42afa329cb1876c75aee94,7dbd7a4bc691097cdaa0f7e0710ca142fef2470a6c96c8c85976a9afdf665ec5
9500000000000000658,complete,9c66029fd4c84f8c48ad26391252c3852ec1d924c84af5861233c08275ccecb7,ec029bc0956f8ae004a71fa213fa3978c7e68944a32d96d34f0c9ed06febeca5
9500000000000000662,complete,9e8016e369249c383a71fdbc248b3c12bb5f228108c25b7b8ac9af289236b37f,ce1809379e3b5acd48d55dd00118dc8673da67ddab400341deda7218ac5f37dd
9500000000000000674,complete,9677c416977a36bdaf1dfb887b8054b1298d17cbde7b1688f1bdb9b66616de3b,0c611efc22977782d5029ec90d611e95405922a8b064dcf351542905c45e8bba
9500000000000000675,complete,fb8519081008011f3b8d7a8dfab81dcaced29b7a7f42558f4ce98963159bff1d,70effdca9944668f7582e44dcf91656add560f14a16f2d1197c866d679b61638
9500000000000000679,complete,20e000e54c9c75569b297ebe6f348ca96f66391cfed4d05267131f64ebb4df55,f16b80b496bd39ee355e072f63eef16a3590588a2112ca5aa5929bd2fc5aa5d5
9500000000000000695,complete,522678d429d43131c63311302a5ea093a2eacd9435ca8f6c0bd40fab15cbfcf6,b79d28916327b5056afcaf7384014b140eb4c614670ba035e344932332e0f7e6
9500000000000000718,complete,f8ce33ee1dcd9dfb511c1955c5465351e0db8754302d9fd94b1c43265cdb3e67,ac38c091ef615da09c411ba278635ff70e5447e53153a6d82de00256c54862f4
9500000000000000723,complete,098b6b7f2ec49a84bc0f0503a653623da96cf844aba143b6f048ba425a58e0fe,958766fbb05f57c86b4b3031092f65705b368247262b65a605d7c39c5e04dcb6
9500000000000000758,complete,2d83787886043db11022f8177a026862884eb223488624d7ae97621fd989cf56,a820729b24c128531abe34f36faac5a5d8f65899a405612344936e5475998917
9500000000000000769,complete,daf8ed2fb8a229d6d5e233d231b079dd4df26723cbdbffe43fae05a0ed57cc02,718a5aea2a5e10c02eb3ec117837e16cacdf1c93a8e14c6cb29a02d860b69d2a
9500000000000000778,complete,61af130981eb292eb0bfd7691a91c9a60093fa6952348627ac6f4547ed6be5d6,cf963621db64f76e01cba24e6d557961b5c0819bfd2a213a4e1e5238cd8d3d1c
9500000000000000783,complete,2b1f233da7260baa099d3710e15970f038b19fc6e02c998e6b7779c425a402ae,baad6b7713c3f34afd35ee3515632c3e11e377a8f5d29ec85edc6d66a846fcde
9500000000000000786,complete,fe6f66ae61e03c25bb15333e74807f37e346a7fad6684d77f438c6f3265174d9,d09b49393937e42401a6fa597316803ad0a4eb6ba5124d99eb1c6601c17b081d
9500000000000000791,complete,4b31d557f931788055d218b93dbe407d7e3e56ab6cdff9de181e8a1d7091c396,180c6fd292c42936df9f1ee421f610cf692fea757970cb02298a3aaa7f722749
9500000000000000793,complete,66bcbd7f1f102cfa4c03a292f2b6ec960f833969f61c3fc260ce33ff98e3cf94,351d973213cd2fbd0fd05dce2dc50a26afae85fb9da5e438b49f78be83abd74b
9500000000000000797,complete,6a1a8b10af99ab445f593230ad1920e15d27263c27d6c9e2e6cb951c0fa261d9,73899c06dcdf1699fcdcd1107fa15041be26142574e393a508f2e7cda1f56184
9500000000000000806,complete,928a021318b0f11281157b1cb175f8c8f84fb3c98374b0e5729d285153741a3f,256a00a2b707e57662d548d7e0d9f2d2136782471486f8c85b2bdd273043de49
9500000000000000823,complete,7c501288a672fe9b76f52c0f2fe292f7ce0f6f5e2165ebfc46f294bab8829b35,cb9c901fbdb15415d6dca742343d847ac74be64bb4b84e4c5046965d0993f172
9500000000000000833,complete,baeef2e6b143e5bab1d9b910e4bb69c07b75bdb074c43f3657f6b6f9c9dda2b0,e4529cd162aea1d3c3aa90437436fd8c513ef853026d032e040d729c7f0eded6
9500000000000000840,complete,4a55a3f733a2a0350fd23d02bffcf86ef9f52feade0159ed57fb6c978558e51d,d3a5206fe9b3bd3769a8ae157244f4cefa06c3f79270918094f093836cf19d91
9500000000000000845,complete,536d58e5b5c8779ea741487f68f5be23a17bfc60bb3101dabfd607c9cdaab536,58523bdfa540b91f0bd11fb782cd95407b71f2c0aa4efbaa4870777ecefa2414
9500000000000000865,complete,edaeb441be6d11435ebfed14fffaaea3e9008454cb8c7ef37ef45923f1a70662,e1717231f920275d6078187532867e4780637db3c8de8911a6456a7af8f825ba
9500000000000000866,complete,67aefebe44f75ef5f01aa157cb12ce1bb478deb275f8afef2e6ccf7b510f2be6,bfc9e2108f135c6913716335ee9d93cd6910aa08e1fee7ce97efd43424ce4666
9500000000000000870,complete,e053ca9fcb9896bc7b22c3aed9c8cfdae83c05343c684d09c9ff12ba0057b1ac,82b03fe7fb24495d59b83b155e385b2ccd9d4650161a6d5a8541ebefde216453
9500000000000000873,complete,d95a86875ceb39a14dc238b94b35994efdf037a6d148865add33b59dbca8b41b,81acbedfdbbc865f829bbe47adfed06faa10728ca95bcf72cd65c290a485f0c7
9500000000000000874,complete,83608f52bac30a407c9b61e9e6f3c778b027ee1bcaa5b1594f42c90f4a7844b4,908eae042bf309077b12a581790f2b094d37fb2f1748732be9998f42ef88a364
9500000000000000900,complete,9bba43e99a8cce21127a4713657171d31bdf705581cb30a97116b0c37a7e3f63,0bb2142ba690ecdc1a00bf5c9eadff37090dc1c34b96fb766061ab95c06dde90
9500000000000000915,complete,9580b2d2e90b234c5c2e13d11d5b3119e331b34e4dbefbd74ca79b4e3a2528f5,eef315b891e98606e5dda0795501668f581b78a1ebfaaad014e4771bb9b209d7
9500000000000000921,complete,512abc22159b13d63c3c6e4796f5d4ae7947d5ad1a66cb579a495da18902a2c0,24f6256949bf0ee91e9a5c8ed689a7ad5b85c55f6f90b37332aeec310a4963cf
