oid,expid,hjd,mjd,mag,magerr,catflags,filtercode,ra,dec,chi,sharp,filefracday,field,ccdid,qid,limitmag,magzp,magzprms,clrcoeff,clrcounc,exptime,airmass,programid
597110100003389,50847011,2458262.9686398618,58262.470115700002,15.5946379,0.0112566603,0,zg,341.41406469999998,20.276026000000002,0.56099999,-0.0189999994,20180524470116,597,0xa,0x1,21.5200005,26.1650639,0.028407244,-0.0335248746,1.05496047e-05,30,1.36300004,1
597110100003389,51546763,2458269.9667572249,58269.467638900001,15.5912142,0.0112511115,0,zg,341.41404390000002,20.2760049,0.927999973,-0.0170000009,20180531467616,597,0xa,0x1,20.0400009,26.1619034,0.0371857584,-0.0430740826,2.97918577e-05,30,1.26699996,1
597110100003389,51842329,2458272.9226727332,58272.423298599999,15.6028233,0.0112700053,0,zg,341.41405070000002,20.276010800000002,1.34500003,-0.0839999989,20180603423287,597,0xa,0x1,20.6000004,26.1477184,0.0340522639,-0.0602821633,1.89684815e-05,30,1.51300001,1
597110100003389,51947792,2458273.9773941906,58273.477928200002,15.5759087,0.0112265246,0,zg,341.41407450000003,20.276016200000001,0.72299999,-0.0419999994,20180604477917,597,0xa,0x1,20.5900002,26.2247334,0.0341071673,-0.0359861888,1.98640755e-05,30,1.176,3
597110100003389,52044215,2458274.9417029102,58274.442152800002,15.5569029,0.0111965099,0,zg,341.41405320000001,20.276006500000001,0.73299998,0.00200000009,20180605442141,597,0xa,0x1,20.3999996,25.9586487,0.0486139804,-0.0812954679,4.47644197e-05,30,1.33299994,3
597110100003389,52146511,2458275.9647552855,58275.465115699997,15.5660696,0.0112109175,0,zg,341.41405700000001,20.276008099999999,0.349000007,-0.00200000009,20180606465104,597,0xa,0x1,20.9200001,26.2440948,0.0304963272,-0.0764803141,1.34877564e-05,30,1.204,1
597110100003389,52146787,2458275.9675102308,58275.467870400003,15.5831575,0.0112381233,0,zg,341.41403700000001,20.276005099999999,0.773999989,-0.0280000009,20180606467859,597,0xa,0x1,20.8500004,26.2372417,0.0325595252,-0.0693482831,1.59683859e-05,30,1.19299996,3
597110100003389,52240114,2458276.9008673327,58276.401145800002,15.568799,0.0112152314,0,zg,341.4140385,20.276005099999999,1.30700004,-0.0219999999,20180607401134,597,0xa,0x1,20.8199997,26.1445026,0.0336906649,-0.0825822279,1.71750507e-05,30,1.62600005,3
597110100003389,52344622,2458277.9460401689,58277.4462269,15.5845346,0.0112403343,0,zg,341.4140428,20.2760158,1.37399995,-0.0930000022,20180608446204,597,0xa,0x1,21.1700001,26.1552544,0.0293325372,-0.0833490565,1.19676615e-05,30,1.26499999,3
597110100003389,52442512,2458278.9250265476,58278.425127299997,15.5865335,0.0112435529,0,zg,341.41405550000002,20.276019999999999,0.405000001,-0.00499999989,20180609425116,597,0xa,0x1,21.1399994,26.1942711,0.0287305843,-0.0738523081,1.11626387e-05,30,1.37199998,1
597110100003389,52442606,2458278.9259641315,58278.426064799998,15.5868158,0.0112440083,0,zg,341.41405270000001,20.276011,0.266000003,-0.00499999989,20180609426053,597,0xa,0x1,21.0799999,26.1935539,0.0302896593,-0.0712858886,1.26496107e-05,30,1.36600006,3
597110100003389,52644276,2458280.942842945,58280.442766200002,15.6027908,0.0112699522,0,zg,341.41405470000001,20.276004100000002,1.45000005,-0.0209999997,20180611442755,597,0xa,0x1,21.6800003,26.2448292,0.0260869395,-0.0823051557,8.97341215e-06,30,1.24199998,3
597110100003389,52742418,2458281.9243529225,58281.424189799996,15.5764122,0.0112273293,0,zg,341.41404069999999,20.276014,1.09099996,-0.0130000003,20180612424178,597,0xa,0x1,21.6499996,26.2436008,0.0258154031,-0.0904667303,8.61438912e-06,30,1.32599998,1
597110100003389,52742603,2458281.9261933845,58281.426030100003,15.5825195,0.0112370988,0,zg,341.4140635,20.276010299999999,1.04700005,-0.0930000022,20180612426030,597,0xa,0x1,21.75,26.2387371,0.0267513152,-0.0814785436,9.32713192e-06,30,1.31599998,3
597110100003389,52843315,2458282.9334116508,58282.433159699998,15.5811949,0.0112349754,0,zg,341.4140549,20.276020200000001,0.846000016,-0.0340000018,20180613433137,597,0xa,0x1,21.3400002,26.0073471,0.0300503951,-0.0464435034,1.21104104e-05,30,1.26199996,3
597110100003389,52945728,2458283.9576221993,58283.457280100003,15.5864563,0.0112434272,0,zg,341.41407149999998,20.276020599999999,0.685000002,0.0120000001,20180614457257,597,0xa,0x1,21.5100002,26.2264023,0.0260592941,-0.0405631401,9.03870932e-06,30,1.15400004,3
597110100003389,53342299,2458287.9236880494,58287.4229977,15.5982962,0.0112626096,0,zg,341.4140501,20.276000700000001,0.58099997,-0.0109999999,20180618422986,597,0xa,0x1,21.3700008,26.2395515,0.0301927086,-0.0781121179,1.20123186e-05,30,1.24600005,1
597110100003389,53644263,2458290.9435929107,58290.4426389,15.5822535,0.0112366723,0,zg,341.41405739999999,20.276024499999998,0.305000007,0.00999999978,20180621442639,597,0xa,0x1,21.6800003,26.24193,0.0247850157,-0.0598364361,8.05331911e-06,30,1.13999999,1
597110100003389,53944202,2458293.943239341,58293.4420255,15.604598,0.0112729128,0,zg,341.41404790000001,20.276006500000001,0.566999972,-0.00400000019,20180624442002,597,0xa,0x1,21.9899998,26.262352,0.0234567784,-0.0795537978,7.29891099e-06,30,1.11899996,1
597110100003389,54247578,2458296.9772609388,58296.475787000003,15.6001167,0.0112655805,0,zg,341.4140716,20.276019699999999,0.50999999,-0.0320000015,20180627475775,597,0xa,0x1,20.5400009,26.2446136,0.0325121395,-0.0462370552,1.81126179e-05,30,1.046,1
597110100003389,54546042,2458299.9621547316,58299.4604282,15.6297588,0.0113146836,0,zg,341.41406810000001,20.276056799999999,1.10800004,0.0219999999,20180630460405,597,0xa,0x1,20.3199997,26.1957474,0.0347461998,-0.0112753343,2.37680561e-05,30,1.05400002,1
597110100003389,54842129,2458302.9232696015,58302.421296300003,15.5974569,0.0112612424,0,zg,341.41406460000002,20.276038199999999,1.05400002,-0.0149999997,20180703421134,597,0xa,0x1,20.5900002,26.2132797,0.0331419855,-0.0255384073,1.87099613e-05,30,1.11000001,1
597110100003389,55147719,2458305.9794225246,58305.477199100002,15.6005211,0.0112662409,0,zg,341.41408619999999,20.276012699999999,0.344999999,-0.0170000009,20180706477176,597,0xa,0x1,20.9799995,26.1995869,0.0302562285,-0.0511251986,1.29826649e-05,30,1.03400004,1
597110100003389,56241520,2458316.9182784865,58316.415208300001,15.5857353,0.0112422677,0,zg,341.41406080000002,20.2760335,0.451999992,0,20180717415197,597,0xa,0x1,21.5900002,26.0670242,0.0263415929,-0.0317567214,9.04257013e-06,30,1.05299997,1
597110100003389,56541601,2458319.9193049883,58319.4160185,15.6240206,0.0113050668,0,zg,341.41408250000001,20.276039300000001,0.564999998,0.00100000005,20180720416007,597,0xa,0x1,21.7999992,26.2389297,0.0237455703,-0.0451015197,7.46832939e-06,30,1.04499996,1
597110100003389,56841891,2458322.9224069817,58322.418912000001,15.5951099,0.0112574277,0,zg,341.41408519999999,20.275994399999998,1.09899998,-0.0149999997,20180723418588,597,0xa,0x1,21.9799995,26.2839737,0.0254226383,-0.0868594423,8.56325642e-06,30,1.03799999,1
597110100003389,57141967,2458325.9233707716,58325.419675899997,15.5870457,0.0112443781,0,zg,341.41406510000002,20.276038,0.474999994,-0.0260000005,20180726419676,597,0xa,0x1,20.2600002,26.2017498,0.0338597074,-0.025998354,2.30431797e-05,30,1.03600001,1
597110100003389,57746318,2458331.967252777,58331.463182899999,15.5893946,0.0112481676,0,zg,341.4140921,20.276020200000001,0.660000026,0.00800000038,20180801463137,597,0xa,0x1,20.5799999,26.1911335,0.0360967293,-0.0274725128,2.26954216e-05,30,1.09000003,1
597110100003389,58032820,2458334.8324399032,58334.328205999998,15.5648642,0.0112090167,0,zg,341.41407800000002,20.276050300000001,0.630999982,0.0469999984,20180804328194,597,0xa,0x1,20.9899998,26.1735687,0.0312293544,-0.0260875002,1.35783566e-05,30,1.12699997,1
597110100003389,58337782,2458337.8822222934,58337.377824100004,15.6080246,0.0112785408,0,zg,341.41402620000002,20.2761636,2.42400002,0.023,20180807377824,597,0xa,0x1,21.1200008,26.2182236,0.0329446122,-0.0182857178,2.46218642e-05,30,1.03900003,1
597110100003389,58937949,2458343.8841791982,58343.379490699997,15.6247854,0.0113063455,0,zg,341.41408239999998,20.2760566,0.827000022,0.00999999978,20180813379479,597,0xa,0x1,21.5,26.1741962,0.0281976052,-0.0206246246,1.0524388e-05,30,1.03699994,1
597110100003389,59235149,2458346.8563083103,58346.351493100003,15.583313,0.0112383738,0,zg,341.414064,20.2760341,0.792999983,0.0340000018,20180816351493,597,0xa,0x1,21.6900005,26.1544991,0.0261796936,-0.0446400754,8.98096641e-06,30,1.04100001,1
597110100003389,59535837,2458349.8633110663,58349.358379600002,15.600832,0.0112667494,0,zg,341.41407609999999,20.2760377,0.916000009,0.0820000023,20180819358368,597,0xa,0x1,21.5599995,26.2186298,0.0273543727,-0.0334617794,9.99851909e-06,30,1.03799999,1
597110100003389,59838023,2458352.8852674155,58352.380231499999,15.5473795,0.0111816796,0,zg,341.41408710000002,20.2760049,0.433999985,0.0199999996,20180822380220,597,0xa,0x1,21.2299995,26.2011604,0.0288984478,-0.0302298777,1.21622152e-05,30,1.05299997,1
597110100003389,60739587,2458361.9011509437,58361.395879600001,15.6037903,0.0112715876,0,zg,341.41409750000003,20.276036999999999,0.56400001,0.00800000038,20180831395880,597,0xa,0x1,20.7600002,26.25564,0.0305719804,-0.0241446942,1.45440299e-05,30,1.12,1
597110100003389,61026945,2458364.7747777165,58364.269456000002,15.5795212,0.011232296,0,zg,341.41409529999999,20.276081300000001,0.968999982,-0.0340000018,20180903269444,597,0xa,0x1,21.5699997,26.2034512,0.0264412686,-0.0360568911,9.30336319e-06,30,1.07200003,1
597110100003389,61329840,2458367.8037643647,58367.298402799999,15.5980949,0.0112622846,0,zg,341.41407759999998,20.276021199999999,0.430999994,-0.00999999978,20180906298356,597,0xa,0x1,21.6399994,26.241003,0.0265598334,-0.0537280589,9.28397731e-06,30,1.03400004,1
597110100003389,61634730,2458370.8526909268,58370.347303199997,15.599226,0.0112641258,0,zg,341.41408280000002,20.2760064,0.896000028,-0.0149999997,20180909347292,597,0xa,0x1,21.8700008,26.2760086,0.0233443212,-0.075520061,7.26399685e-06,30,1.06900001,1
597110100003389,61936312,2458373.8685247176,58373.363125000003,15.5648222,0.0112089477,0,zg,341.41407720000001,20.276005699999999,0.572000027,-0.0260000005,20180912363125,597,0xa,0x1,21.7199993,26.2744293,0.0231308416,-0.0777971819,7.06319179e-06,30,1.12,1
597110100003389,62229594,2458376.8013472171,58376.2959491,15.562314,0.011204998,0,zg,341.41407129999999,20.2759985,0.574000001,-0.00600000005,20180915295914,597,0xa,0x1,22.0499992,26.2719669,0.0259700175,-0.0653194487,8.93924971e-06,30,1.03400004,1
597110100003389,62533224,2458379.8376280437,58379.332245400001,15.5981064,0.0112623014,0,zg,341.41408000000001,20.276011700000002,0.625,-0.0209999997,20180918332245,597,0xa,0x1,21.6399994,26.2718754,0.0240551736,-0.0616243444,7.75279568e-06,30,1.08599997,1
597110100003389,62825585,2458382.7612110535,58382.2558565,15.5870342,0.0112443585,0,zg,341.41408000000001,20.2759845,0.550000012,-0.00999999978,20180921255822,597,0xa,0x1,21.0200005,26.2530613,0.0288456455,-0.053561639,1.21200947e-05,30,1.03499997,1
597110100003389,63135531,2458385.8606231571,58385.355312500003,15.6034527,0.0112710362,0,zg,341.41407839999999,20.275995600000002,0.54400003,-0.00600000005,20180924355266,597,0xa,0x1,20.1499996,26.2149601,0.0342385918,-0.0476237759,2.72082179e-05,30,1.20299995,1
597110100003389,63431333,2458388.8185886899,58388.313333300001,15.5864124,0.0112433583,0,zg,341.41408239999998,20.276010500000002,0.50999999,0.0130000003,20180927313241,597,0xa,0x1,20.4200001,26.2311172,0.0357259735,-0.0100836353,2.33229184e-05,30,1.09800005,1
597110100003389,64628480,2458400.7897031908,58400.284803199997,15.6023855,0.0112692891,0,zg,341.41407409999999,20.275997400000001,0.899999976,-0.0309999995,20181009284792,597,0xa,0x1,21.8700008,26.2249889,0.0219515953,-0.0618053675,6.45099044e-06,30,1.10800004,1
597110100003389,66922138,2458423.7250663107,58423.221388899998,15.5854836,0.0112418616,0,zg,341.41408280000002,20.275996299999999,0.640999973,0.0130000003,20181101221389,597,0xa,0x1,21.5300007,26.2540836,0.0273430031,-0.0712177232,1.07736796e-05,30,1.11399996,1
597110100003389,67220457,2458426.7080448135,58426.204571800001,15.555748,0.0111947041,0,zg,341.41407029999999,20.275995000000002,0.86500001,-0.063000001,20181104204572,597,0xa,0x1,20.8600006,25.8361664,0.0342154242,-0.0838166326,1.86930356e-05,30,1.09300005,1
597110100003389,67520500,2458429.7082583755,58429.205000000002,15.5917921,0.0112520447,0,zg,341.41407830000003,20.2760158,0.825999975,-0.0309999995,20181107205000,597,0xa,0x1,21.9099998,26.2473373,0.0268824864,-0.0622238033,9.70286601e-06,30,1.11300004,1
597110100003389,68117038,2458435.6731889634,58435.170381900003,15.5879116,0.0112457741,0,zg,341.41407040000001,20.276008699999998,0.713,0.00700000022,20181113170347,597,0xa,0x1,20.6599998,26.2635899,0.0335412323,-0.0442172512,1.82611384e-05,30,1.07500005,1
597110100003389,68724126,2458441.7435801369,58441.2412616,15.5723848,0.0112209171,0,zg,341.41407909999998,20.276005699999999,0.388000011,-0.0140000004,20181119241262,597,0xa,0x1,20.0400009,26.1689434,0.0373651348,-0.0446131378,3.20697618e-05,30,1.43299997,1
597110100003389,71514174,2458469.6416008454,58469.1417477,15.5983858,0.0112627586,0,zg,341.4140822,20.2760067,1.39699996,0.0270000007,20181217141736,597,0xa,0x1,20.7299995,26.1480789,0.0320327729,-0.060156621,1.71484862e-05,30,1.28499997,1
597110100003389,71813020,2458472.6297913557,58472.130208299997,15.5550604,0.0111936312,0,zg,341.41410029999997,20.275996299999999,0.606999993,-0.0489999987,20181220130208,597,0xa,0x1,20.4699993,26.2745247,0.0371278934,-0.0848510563,2.56839212e-05,30,1.26800001,1
597110100003389,72810925,2458482.6079564835,58482.109259299999,15.5826273,0.0112372711,0,zg,341.41408469999999,20.2760152,0.575999975,-0.00899999961,20181230109259,597,0xa,0x1,20.6399994,26.2074814,0.0341736265,-0.055489134,1.93980541e-05,30,1.30200005,1
597110100003389,73313249,2458487.6307665808,58487.1325,15.5761414,0.011226899,0,zg,341.41409700000003,20.276008699999998,0.497000009,0.0170000009,20190104132488,597,0xa,0x1,21.2600002,26.1927967,0.0279906727,-0.0560368374,1.10224955e-05,30,1.58200002,1
597110100003389,88046539,2458634.9644899392,58634.465393500002,15.5994577,0.0112645058,0,zg,341.41408030000002,20.276005600000001,0.739000022,0.0250000004,20190531465382,597,0xa,0x1,21.8600006,26.0955219,0.0261576995,-0.0634074509,9.03987439e-06,30,1.28100002,1
597110100003389,88346582,2458637.9651779574,58637.465821799997,15.5714617,0.0112194531,0,zg,341.41407670000001,20.276010800000002,0.741999984,0.0579999983,20190603465822,597,0xa,0x1,21.8400002,26.1012859,0.0255661774,-0.065714784,8.54905738e-06,30,1.23800004,1
597110100003389,88644856,2458640.9481812087,58640.448564799997,15.605938,0.0112751108,0,zg,341.41407889999999,20.2760076,0.238999993,0.00499999989,20190606448565,597,0xa,0x1,21.6800003,26.1370144,0.0270768106,-0.0640101805,9.74940485e-06,30,1.28299999,1
597110100003389,88944489,2458643.9447750249,58643.444895799999,15.5737,0.0112230107,0,zg,341.41408419999999,20.276014100000001,0.31400001,0.00600000005,20190609444884,597,0xa,0x1,21.2999992,26.1577702,0.0312509313,-0.0536673665,1.30867147e-05,30,1.25999999,1
597110100003389,89244408,2458646.94422857,58646.4440856,15.6000814,0.0112655228,0,zg,341.4140812,20.2759939,0.652999997,-0.0170000009,20190612444062,597,0xa,0x1,21.4599991,25.9728832,0.029241737,-0.0572692081,1.14201885e-05,30,1.22500002,1
597110100003389,89546891,2458649.9693209957,58649.468911999997,15.5707073,0.0112182554,0,zg,341.41408589999998,20.275993400000001,0.419999987,-0.0240000002,20190615468900,597,0xa,0x1,21.2399998,26.139677,0.0284670815,-0.0637210906,1.11491845e-05,30,1.11300004,1
597110100003389,89846189,2458652.9625696801,58652.461898100002,15.5973368,0.0112610487,0,zg,341.4140951,20.276001300000001,0.569999993,-0.0140000004,20190618461898,597,0xa,0x1,20.4500008,26.1582737,0.0357890502,-0.0528799929,2.40100489e-05,30,1.11000001,1
597110100003389,90146497,2458655.9659107132,58655.464976900003,15.588604,0.0112468917,0,zg,341.4140903,20.276015000000001,0.536000013,-0.00800000038,20190621464954,597,0xa,0x1,20.1499996,26.2115097,0.0338169448,-0.0385198556,2.60225406e-05,30,1.08500004,1
597110100003389,90747745,2458661.9789062347,58661.477453699998,15.5876799,0.0112454006,0,zg,341.4140984,20.276018100000002,1.09099996,0.0160000008,20190627477442,597,0xa,0x1,21.0400009,26.1945076,0.0309389289,-0.0346885063,1.42306299e-05,30,1.04400003,1
597110100003389,91147660,2458665.9783995929,58665.476608800003,15.5985165,0.01126297,0,zg,341.41409579999998,20.275992200000001,0.555000007,-0.0270000007,20190701476597,597,0xa,0x1,21.4200001,26.215456,0.0273829438,-0.0531699173,1.01853939e-05,30,1.03600001,1
597110100003389,91444826,2458668.9503014078,58668.448263899998,15.6017017,0.0112681696,0,zg,341.41409390000001,20.2759936,0.818000019,-0.00999999978,20190704448264,597,0xa,0x1,21.75,26.2130833,0.0290601477,-0.0773666725,1.10530427e-05,30,1.05400002,1
597110100003389,91548325,2458669.9853746765,58669.4832523,15.5705185,0.0112179574,0,zg,341.4140926,20.275987700000002,0.456999987,0.0250000004,20190705483241,597,0xa,0x1,20.9699993,26.2011662,0.0294546541,-0.0476933755,1.25479146e-05,30,1.03199995,1
597110100003389,92344435,2458677.9471052261,58677.444351899998,15.5799313,0.0112329517,0,zg,341.41409490000001,20.2760037,0.875,-0.00700000022,20190713444329,597,0xa,0x1,22.1499996,26.1340485,0.0250346977,-0.0774952099,8.26363339e-06,30,1.03600001,1
597110100003389,92646153,2458680.9645203585,58680.461539399999,15.5987997,0.011263432,0,zg,341.41410300000001,20.275997100000001,0.711000025,0.00300000003,20190716461493,597,0xa,0x1,20.4400005,26.2160988,0.0327744633,-0.0356784351,1.99597271e-05,30,1.03299999,1
597110100003389,92946106,2458683.964264953,58683.461064800002,15.5720024,0.0112203117,0,zg,341.41409199999998,20.275992800000001,0.757000029,-0.0219999999,20190719461030,597,0xa,0x1,20.5300007,26.238224,0.0328760222,-0.0795882121,1.95257744e-05,30,1.03699994,1
597110100003389,93246265,2458686.9660623702,58686.462650499998,15.5785837,0.0112307947,0,zg,341.41410280000002,20.276001600000001,1.12100005,-0.00100000005,20190722462627,597,0xa,0x1,20.8199997,26.1660614,0.0313616656,-0.0561197735,1.56953065e-05,30,1.04400003,1
597110100003389,93645611,2458690.9597919034,58690.4561111,15.5806456,0.0112340953,0,zg,341.41409950000002,20.275988600000002,0.86500001,0.063000001,20190726456111,597,0xa,0x1,21.6900005,26.1188126,0.0243227221,-0.0562112741,7.77768946e-06,30,1.04900002,1
597110100003389,93941513,2458693.9190089023,58693.415138900004,15.575491,0.0112258606,0,zg,341.41409950000002,20.276001999999998,0.666000009,0.0520000011,20190729415139,597,0xa,0x1,21.7999992,26.1764927,0.0250254925,-0.0511688925,8.21266804e-06,30,1.03199995,1
597110100003389,94240231,2458696.9063665094,58696.402314799998,15.6090412,0.0112802135,0,zg,341.4140946,20.2759845,0.912999988,-0.0120000001,20190801402280,597,0xa,0x1,22.0300007,26.1881542,0.0256885868,-0.0676151663,8.6346754e-06,30,1.03199995,1
597110100003389,95141664,2458705.9211820108,58705.416643500001,15.570879,0.0112185283,0,zg,341.41409700000003,20.2760131,0.477999985,0.0670000017,20190810416586,597,0xa,0x1,21.7199993,26.1713295,0.0272745192,-0.0503879413,9.73862188e-06,30,1.04999995,1
597110100003389,95444113,2458708.9458140582,58708.441134300003,15.611949,0.0112850098,0,zg,341.41410020000001,20.2759991,0.843999982,-0.0309999995,20190813441088,597,0xa,0x1,20.9099998,26.1911812,0.0287146848,-0.0401003845,1.2774376e-05,30,1.10800004,1
597110100003389,96047246,2458714.9773915089,58714.472465300001,15.5671988,0.011212701,0,zg,341.41411950000003,20.2759909,1.50800002,-0.00700000022,20190819472396,597,0xa,0x1,20.4699993,26.173708,0.0351752825,-0.088846229,2.3554363e-05,30,1.28799999,1
597110100003389,96337999,2458717.8850276968,58717.379999999997,15.5998116,0.0112650832,0,zg,341.41409800000002,20.275993100000001,0.797999978,-0.0860000029,20190822380000,597,0xa,0x1,21.1800003,26.198019,0.0281018466,-0.092817761,1.0771605e-05,30,1.046,1
597110100003389,96338090,2458717.8859305261,58717.380902800003,15.6034441,0.0112710223,0,zg,341.41409750000003,20.2760067,0.630999982,0.00899999961,20190822380891,597,0xa,0x1,20.9500008,26.1596527,0.0282148421,-0.033119522,1.16005986e-05,30,1.04700005,3
597110100003389,96640211,2458720.907238835,58720.402118099999,15.5576591,0.0111976955,0,zg,341.41409850000002,20.276012399999999,0.67900002,0.0340000018,20190825402106,597,0xa,0x1,21.4799995,26.0510197,0.0295803733,-0.0357008986,1.16206902e-05,30,1.09300005,1
597110100003389,96840280,2458722.9079761291,58722.402800900003,15.5842867,0.0112399366,0,zg,341.41411019999998,20.276021499999999,0.474999994,0.0260000005,20190827402789,597,0xa,0x1,21.9099998,26.1305351,0.0258058272,-0.0561270714,8.7875851e-06,30,1.10800004,3
597110100003389,96940175,2458723.9069595891,58723.401759300003,15.6136198,0.0112877721,0,zg,341.4141047,20.2760113,1.02900004,-0.00300000003,20190828401748,597,0xa,0x1,22.0900002,26.1422348,0.0261033606,-0.0718238726,8.90265619e-06,30,1.11199999,3
597110100003389,96941468,2458723.9198880978,58723.414687500001,15.591855,0.0112521471,0,zg,341.41410159999998,20.2760009,0.354000002,0.0299999993,20190828414688,597,0xa,0x1,21.6800003,26.1205864,0.0264106262,-0.0454463921,9.26306257e-06,30,1.148,1
597110100003389,97240012,2458726.905394082,58726.400127300003,15.604598,0.0112729128,0,zg,341.41412439999999,20.2760453,0.913999975,0.0390000008,20190831399988,597,0xa,0x1,21.3199997,26.1380882,0.0292273294,-0.0284915436,1.14901732e-05,30,1.12899995,1
597110100003389,97338182,2458727.8871143945,58727.381828700003,15.5844498,0.0112401992,0,zg,341.41410869999999,20.275991300000001,0.765999973,0.0469999984,20190901381829,597,0xa,0x1,21.8099995,26.138567,0.0255296621,-0.065893501,8.57667965e-06,30,1.09099996,3
597110100003389,97430046,2458728.8057650989,58728.300463,15.6089048,0.01127999,0,zg,341.41410489999998,20.276,0.47299999,0.0189999994,20190902300463,597,0xa,0x1,21.3199997,26.0631084,0.0306821708,-0.0674875751,1.25150773e-05,30,1.03900003,3
597110100003389,97630283,2458730.8081690934,58730.3028356,15.5953941,0.0112578878,0,zg,341.41409800000002,20.276004,0.602999985,0.0419999994,20190904302801,597,0xa,0x1,21.7999992,26.1229916,0.0263656396,-0.0744906068,9.22275012e-06,30,1.03400004,3
597110100003389,97630373,2458730.8090719064,58730.303738399998,15.578661,0.0112309204,0,zg,341.41409220000003,20.276003599999999,0.51700002,0.063000001,20190904303738,597,0xa,0x1,21.5799999,26.0931854,0.0275909677,-0.0451956503,1.01686555e-05,30,1.03400004,1
597110100003389,98039423,2458734.8996150857,58734.394236100001,15.5781412,0.0112300888,0,zg,341.41410459999997,20.276009299999998,0.470999986,-0.00400000019,20190908394236,597,0xa,0x1,21.4500008,26.1588726,0.0290761478,-0.0686337203,1.10927322e-05,30,1.18099999,1
597110100003389,98039515,2458734.9005294912,58734.3951505,15.5798693,0.0112328529,0,zg,341.41410669999999,20.2760307,0.412999988,-0.00899999961,20190908395139,597,0xa,0x1,21.1399994,26.1475868,0.0328486785,-0.0538449883,1.46553639e-05,30,1.18499994,3
597110100003389,98231208,2458736.8174749981,58736.312083299999,15.5809307,0.0112345526,0,zg,341.41409709999999,20.276005999999999,0.665000021,0.0430000015,20190910312083,597,0xa,0x1,20.7099991,26.1944923,0.031587977,-0.0594722629,1.58162748e-05,30,1.03499997,3
597110100003389,98346178,2458737.9671789571,58737.461782400002,15.5930281,0.011254047,0,zg,341.41410439999999,20.276009599999998,0.546999991,-0.0260000005,20190911461771,597,0xa,0x1,20.8899994,26.0430164,0.0315068476,-0.0495140292,1.5179925e-05,30,1.72800004,1
597110100003389,98346268,2458737.9680817593,58737.4626852,15.5808945,0.0112344939,0,zg,341.4141133,20.276018400000002,0.634000003,-0.0130000003,20190911462685,597,0xa,0x1,20.9599991,26.0448532,0.0324873552,-0.0508950427,1.56186616e-05,30,1.74000001,3
597110100003389,98420024,2458738.7056418387,58738.2002431,15.5969515,0.0112604201,0,zg,341.4141128,20.2760377,0.707000017,-0.00200000009,20190912200243,597,0xa,0x1,19.2600002,26.1284733,0.0391092002,-0.0355951265,6.59789512e-05,30,1.19400001,1
597110100003389,98519929,2458739.7046943102,58739.199293999998,15.6119213,0.0112849632,0,zg,341.41410660000003,20.275993499999998,0.598999977,0.0450000018,20190913199294,597,0xa,0x1,19.7299995,26.116312,0.0403329618,-0.00476969127,4.8430873e-05,30,1.18799996,1
597110100003389,98619906,2458740.7044628733,58740.199062500003,15.6162949,0.0112922033,0,zg,341.4141004,20.275981900000001,0.587000012,0.0590000004,20190914199063,597,0xa,0x1,19.6399994,26.0794907,0.0370525867,-0.0251918938,4.90814637e-05,30,1.17799997,1
597110100003389,98719593,2458741.7013364285,58741.195937500001,15.5944061,0.0112562841,0,zg,341.4141085,20.276002500000001,0.791000009,-0.0109999999,20190915195938,597,0xa,0x1,19.9099998,26.1136398,0.0367971659,-0.027079314,3.49591828e-05,30,1.17999995,1
597110100003389,98919651,2458743.7019076995,58743.196516199998,15.5720501,0.0112203881,0,zg,341.41409620000002,20.276012600000001,0.61500001,-0.00200000009,20190917196516,597,0xa,0x1,20.6000004,26.0382614,0.0307085868,-0.0448740833,1.6624781e-05,30,1.15799999,1
597110100003389,99019552,2458744.7009063214,58744.1955208,15.5766659,0.0112277344,0,zg,341.41409160000001,20.275998099999999,0.301999986,0.0189999994,20190918195521,597,0xa,0x1,20.8799992,26.1320934,0.0292700529,-0.0563835129,1.24338676e-05,30,1.153,1
597110100003389,99119564,2458745.701026123,58745.195648100002,15.6092091,0.011280491,0,zg,341.41409019999998,20.276012300000001,0.986000001,-0.00400000019,20190919195648,597,0xa,0x1,21.5100002,26.1547775,0.0267978348,-0.0681861117,9.41546932e-06,30,1.14400005,1
597110100003389,99319555,2458747.7009140854,58747.195555600003,15.5937319,0.0112551898,0,zg,341.41409679999998,20.276007400000001,0.931999981,0.0149999997,20190921195556,597,0xa,0x1,21.5,26.0934353,0.0279361829,-0.058860451,1.03588009e-05,30,1.12800002,1
597110100003389,99419443,2458748.6997793582,58748.194432900003,15.5935783,0.0112549411,0,zg,341.41410689999998,20.276010100000001,0.481000006,-0.0270000007,20190922194421,597,0xa,0x1,21.1399994,26.028059,0.0339880362,-0.0543068834,1.57584636e-05,30,1.12300003,1
597110100003389,99519622,2458749.7015597797,58749.1962269,15.575839,0.0112264156,0,zg,341.41410309999998,20.2759976,0.893999994,0.00400000019,20190923196227,597,0xa,0x1,21.5699997,26.1003475,0.0288758222,-0.0548408814,1.08607819e-05,30,1.11199999,1
597110100003389,99619653,2458750.7018572041,58750.1965394,15.5595465,0.0112006515,0,zg,341.4140888,20.276011,0.352999985,0.00700000022,20190924196539,597,0xa,0x1,21.2199993,26.0900097,0.032848563,-0.0607277751,1.47482151e-05,30,1.10399997,1
597110100003389,99719416,2458751.6994679612,58751.194166699999,15.5823946,0.0112368986,0,zg,341.41408200000001,20.276012600000001,0.476000011,0.0260000005,20190925194167,597,0xa,0x1,21.5900002,26.0858917,0.0280324649,-0.0557873063,1.02709373e-05,30,1.10300004,1
597110100003389,100019387,2458754.6991197802,58754.1938773,15.5957861,0.0112585267,0,zg,341.41409950000002,20.276001000000001,0.612999976,0.0130000003,20190928193877,597,0xa,0x1,21.5499992,26.1434116,0.0298153982,-0.0657746643,1.17398376e-05,30,1.08599997,1
597110100003389,100421079,2458758.7159412839,58758.210798599997,15.5938034,0.0112553062,0,zg,341.4140936,20.2760201,0.405999988,0.0109999999,20191002210799,597,0xa,0x1,21.4500008,26.148756,0.0275542513,-0.056963753,1.00188072e-05,30,1.04499996,1
597110100003389,100619509,2458760.7001771983,58760.195092599999,15.5940905,0.0112557709,0,zg,341.41409290000001,20.276003599999999,0.648999989,0.0270000007,20191004195093,597,0xa,0x1,21.5599995,26.1608696,0.0266583115,-0.0634277165,9.43919258e-06,30,1.05700004,1
597110100003389,100719413,2458761.6991850892,58761.194131900003,15.5961952,0.0112591907,0,zg,341.41409470000002,20.276013800000001,0.833999991,0.00700000022,20191005194132,597,0xa,0x1,21.1900005,26.153965,0.030997945,-0.0513370484,1.33370895e-05,30,1.05400002,1
597110100003389,100819332,2458762.6983421375,58762.193321799998,15.5924778,0.0112531567,0,zg,341.41410630000001,20.276019699999999,0.528999984,-0.0299999993,20191006193322,597,0xa,0x1,21.0300007,26.1491642,0.0306935553,-0.0377724655,1.36948129e-05,30,1.05200005,1
597110100003389,100919471,2458763.6996965799,58763.194710600001,15.5662565,0.0112112127,0,zg,341.41409670000002,20.276019300000002,0.790000021,0.0170000009,20191007194711,597,0xa,0x1,21.1200008,26.1577301,0.0290390588,-0.0572808348,1.19398892e-05,30,1.04700005,1
597110100003389,101033521,2458764.8401649767,58764.3352199,15.5738831,0.0112233004,0,zg,341.41409900000002,20.276004199999999,0.80400002,0.0240000002,20191008335104,597,0xa,0x1,21.0300007,26.0896454,0.0303490944,-0.036515858,1.37177312e-05,30,1.28400004,1
597110100003389,102318567,2458777.6900331741,58777.185671300002,15.5597172,0.0112009188,0,zg,341.41412559999998,20.276017400000001,0.773000002,-0.0170000009,20191021185671,597,0xa,0x1,20.9300003,26.1662045,0.0335107222,-0.046403341,1.58939492e-05,30,1.03199995,1
597110100003389,102718429,2458781.6884307386,58781.184293999999,15.6050568,0.0112736654,0,zg,341.41411349999998,20.276014199999999,0.933000028,-0.00800000038,20191025184282,597,0xa,0x1,20.6900005,26.172617,0.0375256054,-0.0669528544,2.12160248e-05,30,1.03299999,1
597110100003389,103122143,2458785.7253251653,58785.221435200001,15.5829554,0.0112378001,0,zg,341.41410769999999,20.275996200000002,0.713,-0.0430000015,20191029221389,597,0xa,0x1,21.5100002,26.1547718,0.0354178436,-0.0960473493,1.68568422e-05,30,1.08700001,1
597110100003389,103719072,2458791.6942210961,58791.190729200003,15.5613785,0.0112035284,0,zg,341.41410710000002,20.276002900000002,0.280999988,0.00899999961,20191104190729,597,0xa,0x1,21.1100006,26.1612129,0.0306821931,-0.0657425672,1.3141148e-05,30,1.06200004,1
597110100003389,104019563,2458794.6989143314,58794.195636600001,15.5943565,0.0112562049,0,zg,341.4140999,20.276003299999999,0.437999994,0.0610000007,20191107195637,597,0xa,0x1,20.6200008,26.1351357,0.0326539613,-0.0292555261,1.88961167e-05,30,1.08399999,1
597110100003389,104319112,2458797.6941785286,58797.191122700002,15.5689516,0.0112154726,0,zg,341.41409570000002,20.2759924,1.19799995,-0.0280000009,20191110191088,597,0xa,0x1,20.3799992,26.1504707,0.0361075737,-0.0474156067,2.60153447e-05,30,1.09200001,1
597110100003389,104319157,2458797.6946298955,58797.191574099998,15.5747652,0.0112247039,0,zg,341.41410560000003,20.276008999999998,0.796999991,0.0260000005,20191110191574,597,0xa,0x1,20.3799992,26.1552982,0.0343391635,-0.0536553413,2.33629635e-05,30,1.09300005,1
597110100003389,104413662,2458798.6396045485,58798.136620400001,15.5749407,0.0112249833,0,zg,341.41410359999998,20.2760073,0.442000002,0.0189999994,20191111136609,597,0xa,0x1,20.1900005,26.1643944,0.0368794948,-0.0329763666,3.05699323e-05,30,1.03299999,1
597110100003389,104617681,2458800.6796439756,58800.1768171,15.5869904,0.0112442877,0,zg,341.41410960000002,20.276003299999999,0.889999986,-0.00300000003,20191113176817,597,0xa,0x1,20.3799992,26.1367435,0.0342007801,-0.053042531,2.37298009e-05,30,1.079,1
597110100003389,104917819,2458803.6807838646,58803.178194400003,15.6114721,0.0112842219,0,zg,341.41409279999999,20.276026600000002,0.40200001,0.0260000005,20191116178148,597,0xa,0x1,20.3400002,25.9121952,0.0368848629,-0.0399433002,2.85557526e-05,30,1.09899998,1
597110100003389,105218083,2458806.6831785762,58806.180833300001,15.5676289,0.0112133818,0,zg,341.41412450000001,20.276013899999999,0.606999993,0.0480000004,20191119180822,597,0xa,0x1,21.1000004,26.103302,0.0355231166,-0.0681760162,1.78247647e-05,30,1.12699997,1
597110100003389,105708585,2458811.5877901614,58811.085856500002,15.5951452,0.0112574836,0,zg,341.41411870000002,20.276029999999999,0.524999976,0.00800000038,20191124085856,597,0xa,0x1,21.0499992,26.1363735,0.038606286,-0.0775885433,2.17963516e-05,30,1.03299999,1
597110100003389,107712704,2458831.6271989695,58831.127048599999,15.5870199,0.0112443361,0,zg,341.41410769999999,20.276025499999999,0.663999975,-0.00899999961,20191214126979,597,0xa,0x1,20.0499992,26.2971725,0.0377762727,-0.0420720913,3.16462065e-05,30,1.17299998,1
597110100003389,110911950,2458863.616904018,58863.119502299996,15.5704088,0.0112177832,0,zg,341.41411360000001,20.276025499999999,0.684000015,-0.00600000005,20200115119502,597,0xa,0x1,20.6100006,26.1703358,0.033113908,-0.0530714616,1.7981678e-05,30,1.75100005,1
597110100003389,111911162,2458873.6083045336,58873.111620399999,15.6032867,0.0112707634,0,zg,341.4141419,20.276041200000002,0.591000021,0.0500000007,20200125111620,597,0xa,0x1,20.6700001,26.1082344,0.0335162058,-0.0300443824,1.77214861e-05,30,2.06299996,1
597110100003389,122543983,2458979.9372844989,58979.439837999998,15.5790157,0.0112314876,0,zg,341.41409470000002,20.2760113,0.463,0.0260000005,20200510439838,597,0xa,0x1,19.8099995,25.885725,0.0415332243,-0.00268774061,4.84662814e-05,30,2.19000006,1
597110100003389,124245872,2458996.9575442122,58996.458726899997,15.6297445,0.0113146603,0,zg,341.4141237,20.2760073,1.06200004,-0.00499999989,20200527458727,597,0xa,0x1,21.3899994,26.2156563,0.0347490124,-0.0691413805,1.62902088e-05,30,1.37300003,1
597110100003389,124844318,2459002.9425147842,59002.443182900002,15.5873575,0.01124488,0,zg,341.41413999999997,20.276017599999999,0.430000007,0.0410000011,20200602443183,597,0xa,0x1,21.2700005,26.091259,0.0319995061,-0.0500746444,1.39676804e-05,30,1.36699998,1
597110100003389,126039584,2459014.8962245085,59014.395844899998,15.5744934,0.0112242727,0,zg,341.41408899999999,20.276006299999999,0.922999978,0.0109999999,20200614395845,597,0xa,0x1,21.2299995,26.2297878,0.030861007,-0.0514000617,1.27821449e-05,30,1.47599995,1
597110100003389,126838685,2459022.8879303806,59022.386851900003,15.5725136,0.011221122,0,zg,341.41412800000001,20.276019300000002,0.474000007,-0.0130000003,20200622386852,597,0xa,0x1,21.5,26.2564449,0.0333043411,-0.0737752169,1.45145441e-05,30,1.37899995,1
597110100003389,127133884,2459025.8401757535,59025.338842600002,15.5748701,0.0112248715,0,zg,341.4141133,20.276001000000001,0.448000014,0.0350000001,20200625338843,597,0xa,0x1,21.5599995,26.1974964,0.0309658945,-0.0666820705,1.25053757e-05,30,1.76400006,1
597110100003389,127445387,2459028.9554761574,59028.453877300002,15.5996981,0.011264897,0,zg,341.41412989999998,20.2760012,1.00999999,0.00999999978,20200628453553,597,0xa,0x1,21.6299992,26.2800198,0.0391188785,-0.109740071,1.980261e-05,30,1.06599998,1
597110100003389,127734091,2459031.8427558215,59031.340914400003,15.5873308,0.0112448372,0,zg,341.4141151,20.276018499999999,0.523999989,0.0329999998,20200701340914,597,0xa,0x1,20.6000004,26.1682987,0.0337683409,-0.0378073007,1.95811044e-05,30,1.55299997,1
597110100003389,128046099,2459034.9630946731,59034.460995399997,15.5914326,0.0112514636,0,zg,341.41411599999998,20.275998300000001,0.726999998,0.0179999992,20200704460995,597,0xa,0x1,20.9500008,26.3275242,0.0324556455,-0.0477902442,1.56235947e-05,30,1.03999996,1
597110100003389,128935939,2459043.8622013805,59043.359398100001,15.5743484,0.0112240426,0,zg,341.4141032,20.2760076,0.586000025,-0.0179999992,20200713359398,597,0xa,0x1,21.3199997,26.2391033,0.0288089402,-0.0553748198,1.09657958e-05,30,1.21599996,1
597110100003389,129344111,2459047.9442188479,59047.441111100001,15.5668325,0.0112121226,0,zg,341.41407509999999,20.276037500000001,1.64900005,0.0340000018,20200717441100,597,0xa,0x1,21.75,26.3305092,0.0313470438,-0.0664874166,1.26581072e-05,30,1.03199995,1
597110100003389,129345668,2459047.9597986848,59047.456689799998,15.5591936,0.0112000983,0,zg,341.41411799999997,20.2759891,0.972000003,0.0309999995,20200717456690,597,0xa,0x1,22.1700001,26.3498325,0.030408198,-0.101754323,1.19157276e-05,30,1.03299999,1
597110100003389,129444223,2459048.9454141706,59048.4422338,15.5842056,0.0112398062,0,zg,341.41412800000001,20.2760043,0.547999978,-0,20200718442234,597,0xa,0x1,21.8400002,26.3380108,0.0319983959,-0.0849945471,1.31268434e-05,30,1.03199995,3
597110100003389,129448895,2459048.9921420347,59048.488958299997,15.595397,0.0112578925,0,zg,341.41412309999998,20.2759961,0.746999979,0.0289999992,20200718488958,597,0xa,0x1,21.25,26.3371887,0.0288986731,-0.0577479303,1.11939989e-05,30,1.06599998,1
597110100003389,129544204,2459049.9453006522,59049.442048600002,15.5840874,0.0112396162,0,zg,341.4141262,20.2759863,0.703999996,-0.0170000009,20200719442049,597,0xa,0x1,22.0400009,26.338974,0.0307407957,-0.0902560353,1.22393794e-05,30,1.03199995,3
597110100003389,129745681,2459051.9602109292,59051.456817099999,15.5855646,0.011241992,0,zg,341.41412869999999,20.2760183,0.254999995,-0.00200000009,20200721456771,597,0xa,0x1,21.8299999,26.306509,0.033957649,-0.105397038,1.48641566e-05,30,1.03900003,3
597110100003389,129845409,2459052.9575598468,59052.454097200003,15.557065,0.0111967633,0,zg,341.4141272,20.275990499999999,0.26699999,0.0219999999,20200722454097,597,0xa,0x1,22.2999992,26.3488007,0.0350051485,-0.109682694,1.59520459e-05,30,1.03900003,3
597110100003389,129849003,2459052.9934998001,59052.4900347,15.5665445,0.0112116672,0,zg,341.41412439999999,20.2759997,0.284999996,-0.0109999999,20200722490012,597,0xa,0x1,21.0300007,26.3392353,0.0292464048,-0.0618433096,1.1888581e-05,30,1.08700001,1
597110100003389,129940100,2459053.9045340219,59053.4010069,15.5936403,0.0112550408,0,zg,341.41411149999999,20.2760204,0.764999986,-0.00100000005,20200723400972,597,0xa,0x1,22.1000004,26.3376923,0.036283005,-0.109273918,1.71209504e-05,30,1.04700005,1
597110100003389,129940240,2459053.9059346179,59053.402407399997,15.6068487,0.0112766083,0,zg,341.41412100000002,20.275996200000002,0.954999983,0.112000003,20200723402407,597,0xa,0x1,22.0499992,26.3359489,0.0369921923,-0.102127194,1.7838267e-05,30,1.04499996,3
597110100003389,129940287,2459053.9063976491,59053.402870400001,15.6066732,0.0112763196,0,zg,341.41412530000002,20.275990199999999,0.941999972,0.00499999989,20200723402870,597,0xa,0x1,22.1800003,26.3387661,0.0378052108,-0.113252938,1.88088397e-05,30,1.04499996,1
597110100003389,130044199,2459054.9455877226,59054.441990699997,15.565321,0.0112097356,0,zg,341.41413160000002,20.2760058,0.605000019,0.0109999999,20200724441991,597,0xa,0x1,21.8400002,26.3273582,0.0364936627,-0.0961486772,1.73203771e-05,30,1.03499997,3
597110100003389,130049443,2459054.9980334044,59054.494432899999,15.5977459,0.0112617156,0,zg,341.41411369999997,20.275986899999999,0.869000018,-0.00100000005,20200724494433,597,0xa,0x1,20.9099998,26.3358936,0.0283385217,-0.0638217032,1.20967234e-05,30,1.11000001,1
597110100003389,130140665,2459055.9103159513,59055.4066551,15.5718288,0.0112200351,0,zg,341.41411529999999,20.2760079,0.405000001,0.0189999994,20200725406655,597,0xa,0x1,21.8799992,26.3059807,0.0332915895,-0.0973911136,1.44656897e-05,30,1.03699994,3
597110100003389,130141460,2459055.9182678736,59055.414606500002,15.5728607,0.0112216752,0,zg,341.41413290000003,20.2760079,0.556999981,0.0299999993,20200725414606,597,0xa,0x1,21.8099995,26.2890167,0.0341074802,-0.081617482,1.52740668e-05,30,1.03400004,1
597110100003389,130241812,2459056.9218517849,59056.418124999997,15.5781336,0.0112300776,0,zg,341.414131,20.276022699999999,0.226999998,0.0199999996,20200726418125,597,0xa,0x1,21.7600002,26.2953873,0.0325315371,-0.0752448589,1.38486357e-05,30,1.03199995,1
597110100003389,130241906,2459056.9227893474,59056.419062499997,15.5651217,0.0112094227,0,zg,341.41412680000002,20.275992599999999,0.56400001,0.0599999987,20200726419062,597,0xa,0x1,22.0200005,26.3033276,0.0320576914,-0.0900443345,1.34944294e-05,30,1.03199995,3
597110100003389,130243178,2459056.9355100705,59056.431782400003,15.5778694,0.0112296548,0,zg,341.4141257,20.275993,0.64200002,0.0320000015,20200726431782,597,0xa,0x1,21.9599991,26.2988243,0.032666374,-0.0922774002,1.3795433e-05,30,1.03299999,1
597110100003389,130340048,2459057.9042759296,59057.400486099999,15.5932064,0.0112543376,0,zg,341.4141295,20.276009299999998,0.518000007,0.00100000005,20200727400475,597,0xa,0x1,21.8500004,26.3063354,0.0335202925,-0.0881870985,1.46020238e-05,30,1.03799999,3
597110100003389,130540554,2459059.909459414,59059.405544000001,15.6010399,0.0112670893,0,zg,341.41411649999998,20.276032099999998,0.49000001,0.0199999996,20200729405544,597,0xa,0x1,21.3700008,26.3192616,0.0343807228,-0.0748926103,1.59033898e-05,30,1.03299999,1
597110100003389,130540648,2459059.9103969727,59059.406481500002,15.5965614,0.0112597868,0,zg,341.41411299999999,20.276021100000001,0.54400003,0.0170000009,20200729406481,597,0xa,0x1,21.5599995,26.3217583,0.0326092839,-0.0732339621,1.38799223e-05,30,1.03299999,3
597110100003389,130541160,2459059.9155245894,59059.411608800001,15.598011,0.0112621458,0,zg,341.41412450000001,20.276001000000001,0.56099999,0.0810000002,20200729411609,597,0xa,0x1,21.8500004,26.3202324,0.0325023867,-0.075345628,1.37800762e-05,30,1.03199995,1
597110100003389,130637226,2459060.8762429422,59060.372268500003,15.6016045,0.0112680113,0,zg,341.4141199,20.276006500000001,0.768999994,0.0890000015,20200730372269,597,0xa,0x1,21.7199993,26.3167362,0.0273291189,-0.0762751698,9.79487504e-06,30,1.05799997,1
597110100003389,130637883,2459060.882805842,59060.378831000002,15.5841999,0.0112397997,0,zg,341.41411490000002,20.276001699999998,0.56099999,0.0270000007,20200730378831,597,0xa,0x1,21.9500008,26.3182678,0.0303844307,-0.0828417167,1.20981931e-05,30,1.04999995,3
597110100003389,130746295,2459061.966991236,59061.462951399997,15.5664129,0.0112114605,0,zg,341.41412580000002,20.275998099999999,0.74000001,0.050999999,20200731462951,597,0xa,0x1,21.7399998,26.3005428,0.0286779404,-0.0742070526,1.07928918e-05,30,1.08200002,3
597110100003389,130838634,2459062.8904367918,59062.386342600003,15.5862417,0.0112430817,0,zg,341.41411069999998,20.276011199999999,0.763999999,0.0729999989,20200801386343,597,0xa,0x1,20.7199993,26.2953148,0.0354152769,-0.0284723192,2.08443344e-05,30,1.03799999,1
597110100003389,130843681,2459062.9409142355,59062.436817100002,15.5934162,0.0112546775,0,zg,341.41411679999999,20.276006299999999,0.433999985,0.00899999961,20200801436817,597,0xa,0x1,21.0200005,26.3131218,0.0305894483,-0.0641046762,1.33452259e-05,30,1.04799998,1
597110100003389,130843775,2459062.9418517891,59062.437754600003,15.590744,0.0112503488,0,zg,341.41412609999998,20.2760085,0.75,0,20200801437743,597,0xa,0x1,21.1700001,26.3004284,0.0299010947,-0.0552112125,1.21976918e-05,30,1.04900002,3
597110100003389,130945476,2459063.9589243932,59063.4547685,15.5895786,0.0112484656,0,zg,341.41412359999998,20.276001600000001,0.363000005,-0,20200802454757,597,0xa,0x1,20.5900002,26.3266659,0.0354170427,-0.0526229367,2.11460065e-05,30,1.07700002,3
597110100003389,131047479,2459064.9790053,59064.474791699999,15.6013756,0.0112676369,0,zg,341.41413039999998,20.275987799999999,0.330000013,0.0170000009,20200803474792,597,0xa,0x1,20.0699997,26.3294029,0.0366023406,-0.0635047555,3.21204789e-05,30,1.13,3
597110100003389,131123201,2459065.7362694959,59065.2320139,15.5784845,0.0112306373,0,zg,341.4141381,20.275997700000001,1.23000002,-0.0140000004,20200804231968,597,0xa,0x1,19.0100002,26.1802711,0.0411186889,-0.0351727046,8.56789848e-05,30,1.73300004,1
597110100003389,131125540,2459065.7596620093,59065.255405099997,15.6553698,0.0113582741,0,zg,341.41414450000002,20.275997400000001,0.832000017,0.0130000003,20200804255405,597,0xa,0x1,19.1000004,26.1963482,0.0431946181,-0.0210863072,8.19573979e-05,30,1.48699999,3
597110100003389,131237322,2459066.8775470681,59066.373229199999,15.6062021,0.0112755438,0,zg,341.41411790000001,20.275994699999998,0.837000012,-0.0240000002,20200805373218,597,0xa,0x1,20.3600006,26.300478,0.0333577916,-0.0423042923,2.32681177e-05,30,1.03999996,1
597110100003389,131238300,2459066.8873276953,59066.3830093,15.6191711,0.0112969819,0,zg,341.41411950000003,20.276004799999999,0.871999979,0.0289999992,20200805383009,597,0xa,0x1,20.2900009,26.301487,0.0343016684,-0.0300266128,2.51664642e-05,30,1.03400004,3
597110100003389,131337322,2459067.8776002983,59067.373229199999,15.5896778,0.0112486258,0,zg,341.41411090000003,20.2760034,0.404000014,0.00899999961,20200806373229,597,0xa,0x1,20.6800003,26.33395,0.0322325155,-0.0471903384,1.77607635e-05,30,1.03799999,1
597110100003389,131337759,2459067.8819639287,59067.377592600002,15.5944519,0.0112563595,0,zg,341.41410519999999,20.2760034,0.439999998,0.0410000011,20200806377593,597,0xa,0x1,20.5599995,26.341713,0.0324386917,-0.0541153774,1.79603321e-05,30,1.03499997,3
597110100003389,131533736,2459069.8418332809,59069.337361099999,15.6016273,0.0112680495,0,zg,341.41411199999999,20.276008399999998,0.887000024,0.00499999989,20200808337361,597,0xa,0x1,21.1200008,26.3359756,0.0268018935,-0.0557788052,1.01682072e-05,30,1.074,3
597110100003389,131633193,2459070.8364544925,59070.331932900001,15.5742664,0.0112239104,0,zg,341.414108,20.275995399999999,0.411000013,-0.0199999996,20200809331933,597,0xa,0x1,21.2199993,26.3435535,0.0298805423,-0.0708034635,1.24376002e-05,30,1.079,3
597110100003389,131739868,2459071.9032538501,59071.398680600003,15.5878029,0.0112455999,0,zg,341.41411849999997,20.276013500000001,0.795000017,0.0350000001,20200810398681,597,0xa,0x1,21.2900009,26.327774,0.0278225616,-0.0497768857,1.05618828e-05,30,1.03699994,3
597110100003389,131739961,2459071.9041913948,59071.399618099997,15.5989876,0.0112637375,0,zg,341.41412120000001,20.2760088,0.711000025,-0.0329999998,20200810399618,597,0xa,0x1,21.3899994,26.328989,0.026132565,-0.0569146276,9.17356647e-06,30,1.03699994,1
597110100003389,131745137,2459071.9559530499,59071.4513773,15.6098671,0.0112815751,0,zg,341.41412739999998,20.276005699999999,1.097,0.0590000004,20200810451377,597,0xa,0x1,21.2999992,26.3189735,0.0276040155,-0.0551841222,1.03308039e-05,30,1.11800003,1
597110100003389,131835760,2459072.8622226669,59072.357604199999,15.5783682,0.011230452,0,zg,341.4141229,20.2760012,0.492000014,-0.00800000038,20200811357604,597,0xa,0x1,21.4899998,26.2906628,0.0281158853,-0.0609290674,1.0438057e-05,30,1.03900003,3
597110100003389,131843488,2459072.9395063533,59072.434884299997,15.5977154,0.0112616634,0,zg,341.41411640000001,20.2760113,0.405000001,0.0260000005,20200811434884,597,0xa,0x1,21.4500008,26.297884,0.0267506391,-0.0668336004,9.5650812e-06,30,1.08599997,1
597110100003389,131933134,2459073.8360057916,59073.331342600002,15.5676661,0.0112134404,0,zg,341.4141171,20.276013200000001,0.742999971,0.00700000022,20200812331343,597,0xa,0x1,21.5900002,26.3204155,0.0288349614,-0.0770039335,1.10166857e-05,30,1.06599998,3
597110100003389,131934005,2459073.8447214905,59073.340057900001,15.5874891,0.0112450933,0,zg,341.41412209999999,20.275994399999998,0.531000018,-0.00499999989,20200812340046,597,0xa,0x1,21.7700005,26.3242321,0.0277433712,-0.0859722719,1.00871794e-05,30,1.05400002,1
597110100003389,132134895,2459075.853710325,59075.348958299997,15.5852823,0.0112415394,0,zg,341.41412159999999,20.276008900000001,0.63499999,0.00200000009,20200814348958,597,0xa,0x1,21.9400005,26.2052517,0.0316126831,-0.0796311051,1.29741948e-05,30,1.03999996,3
597110100003389,132134988,2459075.8546363642,59075.349884299998,15.5855684,0.0112419995,0,zg,341.41412009999999,20.2760192,0.819999993,0.0250000004,20200814349884,597,0xa,0x1,21.9099998,26.2195301,0.0323308147,-0.0790908486,1.36611225e-05,30,1.03900003,1
597110100003389,132138469,2459075.8894526535,59075.384699100003,15.5830574,0.0112379631,0,zg,341.41412960000002,20.2760067,0.985000014,0.0689999983,20200814384699,597,0xa,0x1,21.7099991,26.2349072,0.0290895868,-0.0787040442,1.08069044e-05,30,1.03499997,1
597110100003389,132335767,2459077.862508791,59077.357673600003,15.5548058,0.0111932317,0,zg,341.4141204,20.2760091,0.870000005,0.0299999993,20200816357176,597,0xa,0x1,21.8799992,26.2376957,0.0319688171,-0.0744756833,1.32533396e-05,30,1.03299999,3
597110100003389,132335813,2459077.8629718097,59077.3581366,15.5693607,0.0112161227,0,zg,341.41412380000003,20.276010599999999,0.961000025,0.0219999999,20200816358137,597,0xa,0x1,21.9799995,26.2443027,0.0316079482,-0.0854412988,1.30601011e-05,30,1.03299999,1
597110100003389,132435846,2459078.8633352271,59078.3584606,15.5587063,0.0111993346,0,zg,341.41412220000001,20.275993700000001,0.509000003,0.0189999994,20200817358449,597,0xa,0x1,21.9599991,26.2154541,0.0326452143,-0.0792542845,1.37837542e-05,30,1.03199995,1
597110100003389,132435939,2459078.8642727644,59078.359398100001,15.5678892,0.0112137925,0,zg,341.41412609999998,20.275979899999999,0.771000028,0.0199999996,20200817359387,597,0xa,0x1,21.9799995,26.2216702,0.032501895,-0.0808208436,1.362895e-05,30,1.03199995,3
597110100003389,132533059,2459079.8355019367,59079.3305903,15.5802164,0.011233408,0,zg,341.41412600000001,20.276015099999999,0.676999986,0.064000003,20200818330590,597,0xa,0x1,22.0100002,26.1919918,0.0321495198,-0.085187234,1.3561028e-05,30,1.046,1
597110100003389,132533649,2459079.8414049596,59079.336493100003,15.5672665,0.0112128081,0,zg,341.41412159999999,20.276005000000001,0.600000024,0,20200818336493,597,0xa,0x1,21.8999996,26.2059574,0.0324741825,-0.0936780646,1.39933618e-05,30,1.04100001,3
597110100003389,132642839,2459080.9333430808,59080.428391200003,15.5790482,0.0112315398,0,zg,341.41412279999997,20.276008600000001,0.83099997,0.00100000005,20200819428391,597,0xa,0x1,21.5400009,26.0279007,0.0322963372,-0.0693309084,1.4077601e-05,30,1.12199998,1
597110100003389,132730836,2459081.8133510617,59081.308368099999,15.5783119,0.0112303607,0,zg,341.41411890000001,20.2760061,0.638000011,0.0240000002,20200820308368,597,0xa,0x1,21.7399998,26.0762138,0.0345693529,-0.0792748556,1.55533198e-05,30,1.06799996,1
597110100003389,132733604,2459081.8410256291,59081.3360417,15.6119318,0.0112849819,0,zg,341.41413240000003,20.276008600000001,0.616999984,0.0320000015,20200820336030,597,0xa,0x1,21.7000008,26.0619659,0.0321984217,-0.0677891001,1.34950342e-05,30,1.03699994,1
597110100003389,132733697,2459081.8419631622,59081.336979200001,15.6052113,0.0112739177,0,zg,341.41413189999997,20.276002399999999,0.779999971,0.125,20200820336979,597,0xa,0x1,21.7099991,26.0752277,0.0320236087,-0.0709073618,1.35173732e-05,30,1.03699994,3
597110100003389,132831648,2459082.8214987488,59082.316481499998,15.5629482,0.0112059955,0,zg,341.41412589999999,20.275992899999999,0.497000009,-0.0250000004,20200821316482,597,0xa,0x1,21.2399998,25.6788216,0.0410950147,-0.0756098405,2.44462299e-05,30,1.05200005,3
597110100003389,133033746,2459084.8425470069,59084.337465299999,15.5794334,0.0112321544,0,zg,341.41411069999998,20.275995999999999,0.49000001,0.0299999993,20200823337465,597,0xa,0x1,21.7600002,26.1554089,0.0319241695,-0.0749710798,1.34009324e-05,30,1.03299999,1
597110100003389,133133697,2459085.8420906565,59085.336979200001,15.5782576,0.011230275,0,zg,341.41412500000001,20.275992599999999,1.01699996,0.0930000022,20200824336944,597,0xa,0x1,21.8600006,26.2591038,0.0346836336,-0.0865795091,1.5603684e-05,30,1.03199995,3
597110100003389,133137160,2459085.8767212601,59085.3716088,15.5800285,0.0112331063,0,zg,341.41412500000001,20.2759988,0.52700001,-0.0280000009,20200824371609,597,0xa,0x1,22.0300007,26.2569237,0.033231739,-0.10149277,1.43705338e-05,30,1.04499996,1
597110100003389,133229508,2459086.8002196332,59086.295080999997,15.564373,0.0112082418,0,zg,341.4141219,20.275993199999998,0.505999982,0.0280000009,20200825295081,597,0xa,0x1,21.9699993,26.2393169,0.0311630405,-0.0871382877,1.26660971e-05,30,1.06700003,3
597110100003389,133334873,2459087.8539054268,59087.348738399996,15.5919771,0.0112523464,0,zg,341.41412559999998,20.276007100000001,0.460999995,0.00400000019,20200826348738,597,0xa,0x1,21.6700001,26.0960941,0.0330106728,-0.0701479539,1.44561527e-05,30,1.03400004,3
597110100003389,133334967,2459087.854842952,59087.349675899997,15.5918808,0.01125219,0,zg,341.4141209,20.275995600000002,0.855000019,0.0450000018,20200826349676,597,0xa,0x1,21.7099991,26.0969925,0.032322865,-0.074047491,1.36602102e-05,30,1.03400004,1
597110100003389,133335153,2459087.8567065005,59087.351539399999,15.5904665,0.0112498999,0,zg,341.41413,20.2759964,0.904999971,0.0799999982,20200826351539,597,0xa,0x1,21.7199993,26.1045666,0.032376159,-0.0785402209,1.36300205e-05,30,1.03499997,1
597110100003389,133428724,2459088.7924363599,59088.287245400003,15.5649452,0.0112091443,0,zg,341.41412969999999,20.2759961,0.583999991,-0.0189999994,20200827287234,597,0xa,0x1,21,26.038084,0.0297931042,-0.0489287265,1.29593991e-05,30,1.07099998,1
597110100003389,133528438,2459089.7896016091,59089.284386599997,15.5974836,0.0112612881,0,zg,341.41409549999997,20.276013899999999,1.22800004,-0.0280000009,20200828284387,597,0xa,0x1,20.7999992,26.1394711,0.0310702547,-0.0388680212,1.51114964e-05,30,1.07099998,1
597110100003389,133539210,2459089.897324021,59089.392106500003,15.5636187,0.0112070525,0,zg,341.4141328,20.2760046,0.657999992,-0,20200828392083,597,0xa,0x1,20.8799992,26.1544209,0.0363709927,-0.0606575906,1.95521479e-05,30,1.09399998,3
597110100003389,133628464,2459090.7898788922,59090.2846412,15.608284,0.0112789683,0,zg,341.41411870000002,20.2759997,1.01699996,0.0140000004,20200829284641,597,0xa,0x1,20.3500004,26.2244587,0.0345957987,-0.0482895784,2.26580323e-05,30,1.06599998,1
597110100003389,133641818,2459090.9234234942,59090.418182900001,15.5774851,0.011229042,0,zg,341.41412839999998,20.276002999999999,0.222000003,-0.00700000022,20200829418183,597,0xa,0x1,21.7299995,26.2186623,0.0309845097,-0.0882905722,1.24315811e-05,30,1.176,3
597110100003389,133642019,2459090.9254374364,59090.420196799998,15.5662022,0.0112111261,0,zg,341.41413249999999,20.276008999999998,0.66900003,0.0219999999,20200829420139,597,0xa,0x1,21.8999996,26.2243538,0.0286381245,-0.0856008232,1.06902016e-05,30,1.18400002,1
597110100003389,133730388,2459091.8091482171,59091.303888900002,15.5863628,0.0112432772,0,zg,341.4141128,20.2760009,0.349000007,-0.0160000008,20200830303889,597,0xa,0x1,20.6700001,26.3366089,0.0299468134,-0.0470895208,1.45850445e-05,30,1.04100001,1
597110100003389,133744906,2459091.9543247265,59091.449062500003,15.5949802,0.0112572163,0,zg,341.41413499999999,20.275998399999999,0.614000022,-0.0280000009,20200830448947,597,0xa,0x1,21.6000004,26.2933216,0.0300013963,-0.0819493383,1.1728238e-05,30,1.33800006,3
597110100003389,133830258,2459092.8078600317,59092.302581000004,15.6002684,0.0112658283,0,zg,341.41410710000002,20.276002900000002,0.751999974,0.0439999998,20200831302581,597,0xa,0x1,20.3899994,26.2786388,0.0338560641,-0.0421287641,2.1918293e-05,30,1.03999996,1
597110100003389,133940233,2459093.9076370336,59093.402338,15.5864916,0.0112434849,0,zg,341.41412200000002,20.276022000000001,0.805999994,-0.00300000003,20200901402338,597,0xa,0x1,19.9300003,26.2735443,0.0386673845,-0.0239166617,3.58982215e-05,30,1.14999998,3
597110100003389,134022246,2459094.7277780925,59094.222465300001,15.6049337,0.0112734623,0,zg,341.41411520000003,20.276007799999999,0.527999997,-0.00700000022,20200902222465,597,0xa,0x1,19.2299995,26.061409,0.0393285938,-0.0320642777,6.69630681e-05,30,1.20700002,1
597110100003389,134022341,2459094.7287272094,59094.223414400003,15.6094112,0.0112808226,0,zg,341.41410400000001,20.275987700000002,0.552999973,0.0430000015,20200902223403,597,0xa,0x1,19.2999992,26.0888958,0.036988534,-0.0218997244,5.45537732e-05,30,1.20299995,3
597110100003389,134131428,2459095.8196120304,59095.314282400002,15.6074753,0.0112776365,0,zg,341.41412580000002,20.276000799999998,0.672999978,0,20200903314271,597,0xa,0x1,20,26.2708359,0.0354838781,-0.0291878022,3.14609861e-05,30,1.03199995,3
597110100003389,134217295,2459096.6782929278,59096.172951400004,15.5911264,0.0112509681,0,zg,341.41409440000001,20.276014100000001,0.879999995,0.0439999998,20200904172951,597,0xa,0x1,20.3600006,26.1614666,0.035041675,-0.0315786414,2.55098985e-05,30,1.46800005,2
597110100003389,134319086,2459097.6962224245,59097.190868099999,15.5843296,0.0112400055,0,zg,341.41412530000002,20.2759942,0.79400003,-0,20200905190868,597,0xa,0x1,20.2900009,26.1606064,0.0331967436,-0.0268817879,2.19706435e-05,30,1.32299995,2
597110100003389,134335365,2459097.8590136757,59097.353657400003,15.5692015,0.0112158703,0,zg,341.41411790000001,20.276008900000001,0.508000016,0.0109999999,20200905353657,597,0xa,0x1,20.3500004,26.2655334,0.0379685536,-0.0338992812,2.66891202e-05,30,1.06299996,3
597110100003389,134335459,2459097.8599511865,59097.354594900004,15.5761633,0.0112269316,0,zg,341.41411690000001,20.2760009,0.625,-0.0149999997,20200905354595,597,0xa,0x1,20.3199997,26.2675114,0.0363985188,-0.0366128571,2.49464501e-05,30,1.06500006,1
597110100003389,134537192,2459099.8772978405,59099.3719213,15.5820074,0.0112362774,0,zg,341.41412800000001,20.276008000000001,0.675000012,0.0160000008,20200907371921,597,0xa,0x1,20.7999992,26.1992474,0.0314238891,-0.0353007689,1.52282646e-05,30,1.11000001,3
597110100003389,134537285,2459099.878235348,59099.372858800001,15.5800467,0.011233137,0,zg,341.41412709999997,20.2760088,0.911000013,0.0939999968,20200907372859,597,0xa,0x1,20.8400002,26.2063026,0.0322753564,-0.0378085263,1.57501709e-05,30,1.11300004,2
597110100003389,134541640,2459099.9217773918,59099.416400499998,15.5988073,0.0112634441,0,zg,341.41414550000002,20.276010299999999,0.795000017,0.00100000005,20200907416400,597,0xa,0x1,19.9599991,25.9282055,0.0364141054,-0.0386771299,3.29066534e-05,30,1.27600002,2
597110100003389,135332151,2459107.8269128464,59107.321516199998,15.5426903,0.0111744292,0,zg,341.41411579999999,20.2760012,0.529999971,0.0410000011,20200915321516,597,0xa,0x1,21.4300003,25.8176708,0.034856461,-0.0750359073,1.58329458e-05,30,1.05599999,2
597110100003389,135333804,2459107.8434405825,59107.338043999996,15.5894308,0.0112482272,0,zg,341.41412330000003,20.276015900000001,1.18499994,0.0970000029,20200915337940,597,0xa,0x1,21.4799995,25.8067074,0.0353334881,-0.0754036978,1.66216905e-05,30,1.08399999,2
597110100003389,135334353,2459107.8489266611,59107.343530099999,15.5836773,0.0112389578,0,zg,341.41413130000001,20.276013500000001,0.437000006,-0.00800000038,20200915343519,597,0xa,0x1,21.4400005,25.8239651,0.0342808552,-0.0774680972,1.57330578e-05,30,1.09500003,3
597110100003389,135430699,2459108.8123831409,59108.306990700003,15.5771666,0.0112285335,0,zg,341.4141219,20.2760113,0.595000029,0.00200000009,20200916306991,597,0xa,0x1,21.7000008,25.7784576,0.0366543494,-0.0823081732,1.78799528e-05,30,1.04299998,3
597110100003389,135435939,2459108.8647902571,59108.359398100001,15.5971355,0.0112607218,0,zg,341.41412000000003,20.276008000000001,0.654999971,0.0270000007,20200916359387,597,0xa,0x1,21.4099998,25.8121967,0.0330851823,-0.0699699596,1.45342246e-05,30,1.14400005,2
597110100003389,135529587,2459109.8012663284,59109.295879600002,15.5861473,0.0112429298,0,zg,341.41413219999998,20.276006599999999,0.453999996,0.0250000004,20200917295880,597,0xa,0x1,21.4599991,25.946064,0.0358772352,-0.0765255764,1.63971345e-05,30,1.03699994,1
597110100003389,135531028,2459109.8156760312,59109.310289399997,15.5865049,0.0112435063,0,zg,341.41410680000001,20.2760037,0.878000021,0.0379999988,20200917310289,597,0xa,0x1,21.4099998,25.9098663,0.0356510542,-0.0670614466,1.65715628e-05,30,1.04900002,3
597110100003389,135631096,2459110.8163399049,59110.3109606,15.6062498,0.011275623,0,zg,341.41412279999997,20.276008300000001,1.11000001,-0.0109999999,20200918310961,597,0xa,0x1,21.3099995,25.9527416,0.0328621864,-0.0627974719,1.4192633e-05,30,1.05299997,2
597110100003389,135632285,2459110.8282380053,59110.322858799998,15.5844336,0.0112401741,0,zg,341.41412989999998,20.276008699999998,0.412999988,-0.00800000038,20200918322859,597,0xa,0x1,21.4200001,25.9258423,0.0327618793,-0.0632872283,1.39561871e-05,30,1.07099998,3
597110100003389,135634793,2459110.8533187914,59110.347939799998,15.5828638,0.011237652,0,zg,341.41413610000001,20.276014700000001,0.451000005,-0.023,20200918347917,597,0xa,0x1,21.1299992,25.9085159,0.0339600854,-0.0664521009,1.56732967e-05,30,1.12600005,2
597110100003389,135732894,2459111.8343170765,59111.3289468,15.5882244,0.0112462789,0,zg,341.41411010000002,20.2759985,1.26900005,-0.0320000015,20200919328947,597,0xa,0x1,21.4599991,26.1496506,0.0304233506,-0.0734410509,1.19067672e-05,30,1.08700001,3
597110100003389,135733825,2459111.8436224824,59111.338252299996,15.5839071,0.0112393266,0,zg,341.41412450000001,20.276010299999999,0.36500001,-0.00700000022,20200919338252,597,0xa,0x1,21.6900005,26.1422215,0.0299318675,-0.0772575289,1.14518016e-05,30,1.10800004,2
597110100003389,135736458,2459111.8699532142,59111.364583299997,15.5642529,0.0112080518,0,zg,341.41413990000001,20.276004700000001,0.382999986,-0.0120000001,20200919364583,597,0xa,0x1,21.5499992,26.1361446,0.0308089927,-0.0844159275,1.21879648e-05,30,1.19000006,2
597110100003389,135736505,2459111.8704278092,59111.365057900002,15.5636082,0.0112070357,0,zg,341.4141371,20.2760049,0.199000001,-0.0109999999,20200919365046,597,0xa,0x1,21.6000004,26.1245193,0.0287395772,-0.073274903,1.05910194e-05,30,1.19200003,1
597110100003389,135816673,2459112.6720977328,59112.1667361,15.5761414,0.011226899,0,zg,341.41411479999999,20.276005999999999,1.06500006,0.0149999997,20200920166736,597,0xa,0x1,21.7700005,26.233408,0.0282865576,-0.0736291856,1.02890963e-05,30,1.23500001,2
597110100003389,135829146,2459112.7968302015,59112.291469900003,15.5984755,0.0112629039,0,zg,341.41412339999999,20.276005399999999,0.792999983,0.00300000003,20200920291470,597,0xa,0x1,22.1200008,26.2969322,0.0284242202,-0.0873162225,1.03412967e-05,30,1.03999996,3
597110100003389,135830364,2459112.809005965,59112.303645799999,15.5735292,0.0112227369,0,zg,341.41413,20.275984000000001,0.921000004,0.0120000001,20200920303646,597,0xa,0x1,22.0599995,26.2894974,0.0287319049,-0.0812522322,1.04887049e-05,30,1.051,1
597110100003389,135833334,2459112.8387047234,59112.333344899998,15.571991,0.0112202931,0,zg,341.41412819999999,20.276004199999999,0.640999973,0.00200000009,20200920333345,597,0xa,0x1,22.0200005,26.2858887,0.0281328205,-0.0952772051,1.00424222e-05,30,1.10300004,2
597110100003389,135918971,2459113.6950602881,59113.189710600003,15.5794678,0.0112322094,0,zg,341.4141295,20.2760043,0.497999996,0.0399999991,20200921189711,597,0xa,0x1,21.8700008,26.1558704,0.0303530265,-0.074649334,1.20127843e-05,30,1.13900006,2
597110100003389,135936478,2459113.8701275745,59113.364780099997,15.5632353,0.0112064481,0,zg,341.41411749999997,20.2760107,0.653999984,-0.0670000017,20200921364780,597,0xa,0x1,21.5799999,26.1545525,0.0292491429,-0.0690137669,1.09225239e-05,30,1.21300006,3
597110100003389,135937312,2459113.8784723626,59113.373124999998,15.5847149,0.0112406267,0,zg,341.41412830000002,20.276007199999999,0.546999991,0.00300000003,20200921373125,597,0xa,0x1,21.6800003,26.1540508,0.0287414268,-0.0889508575,1.06193365e-05,30,1.25100005,2
597110100003389,136024318,2459114.7485186309,59114.243182899998,15.6092138,0.0112804994,0,zg,341.41412580000002,20.276009699999999,0.490999997,-0.0170000009,20200922243183,597,0xa,0x1,21.6900005,26.1883335,0.0330703259,-0.0846499279,1.44652231e-05,30,1.03900003,3
597110100003389,136024980,2459114.7551388396,59114.2498032,15.5816631,0.011235727,0,zg,341.4141363,20.276001000000001,0.930000007,0.0480000004,20200922249803,597,0xa,0x1,21.9300003,26.1966629,0.031551484,-0.0833775848,1.31465504e-05,30,1.03499997,1
597110100003389,136034076,2459114.8460982349,59114.3407639,15.5703039,0.0112176156,0,zg,341.41412389999999,20.275993700000001,0.762000024,-0.0179999992,20200922340729,597,0xa,0x1,21.8099995,26.2001152,0.0292430129,-0.0994101986,1.11984664e-05,30,1.13699996,2
597110100003389,136121431,2459115.7196384487,59115.214317099999,15.5941,0.0112557858,0,zg,341.4141194,20.276012399999999,0.519999981,0.0769999996,20200923214317,597,0xa,0x1,21.5499992,26.2681274,0.0299370307,-0.0773298591,1.18544967e-05,30,1.07000005,2
597110100003389,136125012,2459115.7554481011,59115.250127300002,15.5661535,0.0112110507,0,zg,341.41413230000001,20.2760088,0.568000019,0.063000001,20200923250127,597,0xa,0x1,21.7099991,26.2651024,0.0310821813,-0.0720792636,1.27641915e-05,30,1.03400004,3
597110100003389,136125152,2459115.7568485793,59115.251527799999,15.5790958,0.0112316152,0,zg,341.41412939999998,20.276009299999998,0.555999994,0.023,20200923251528,597,0xa,0x1,21.6000004,26.274086,0.0324133821,-0.0794499815,1.37376255e-05,30,1.03299999,2
597110100003389,136125246,2459115.7577860644,59115.2524653,15.5731993,0.0112222144,0,zg,341.41411419999997,20.276004,0.558000028,-0.0280000009,20200923252465,597,0xa,0x1,21.7800007,26.271162,0.0311898906,-0.082495138,1.28355705e-05,30,1.03299999,1
597110100003389,136223065,2459116.7359644887,59116.230659699999,15.5881491,0.0112461559,0,zg,341.41411449999998,20.275996500000002,0.856000006,-0.0170000009,20200924230625,597,0xa,0x1,21.4300003,26.2034874,0.0277517773,-0.0605052076,1.03311359e-05,30,1.04499996,2
597110100003389,136224673,2459116.7520406172,59116.246736100002,15.5524511,0.0111895604,0,zg,341.41412300000002,20.276001300000001,0.788999975,0.0359999985,20200924246736,597,0xa,0x1,21.4899998,26.1895695,0.0269933715,-0.0596982241,9.70805195e-06,30,1.03400004,1
597110100003389,136229682,2459116.8021323564,59116.296828699997,15.5694265,0.011216226,0,zg,341.41412450000001,20.276003200000002,0.470999986,-0.0179999992,20200924296829,597,0xa,0x1,21.9200001,26.2425461,0.028956132,-0.08332894,1.09345074e-05,30,1.05599999,3
597110100003389,136229776,2459116.8030698402,59116.297766199998,15.5961094,0.011259051,0,zg,341.41413139999997,20.2760064,0.967999995,0.0309999995,20200924297755,597,0xa,0x1,21.8999996,26.2393265,0.030103242,-0.0776528046,1.18147282e-05,30,1.05799997,2
597110100003389,136326577,2459117.7710618251,59117.265775499996,15.5868406,0.0112440474,0,zg,341.41412339999999,20.276004199999999,0.620999992,0.00499999989,20200925265775,597,0xa,0x1,21.5100002,26.2893238,0.0281826332,-0.0562898479,1.05463432e-05,30,1.03299999,1
597110100003389,136331967,2459117.8249612059,59117.319675899998,15.6066866,0.011276341,0,zg,341.41412450000001,20.276025199999999,0.589999974,0.0130000003,20200925319676,597,0xa,0x1,21.8600006,26.2819633,0.028857924,-0.0740849301,1.07977985e-05,30,1.10300004,3
597110100003389,136332061,2459117.8258986883,59117.320613399999,15.623621,0.0113043981,0,zg,341.41412659999997,20.276004400000001,0.936999977,0.123999998,20200925320613,597,0xa,0x1,21.8899994,26.2839489,0.0280918889,-0.0794327706,1.01901833e-05,30,1.10500002,2
597110100003389,136419052,2459118.6957892529,59118.190520800003,15.5677071,0.0112135047,0,zg,341.41412350000002,20.275998699999999,0.901000023,0.0549999997,20200926190521,597,0xa,0x1,21.0699997,26.2919331,0.0283184536,-0.0481327511,1.1187708e-05,30,1.10099995,2
597110100003389,136435773,2459118.8629965684,59118.3577315,15.5812302,0.0112350313,0,zg,341.4141257,20.276016299999998,0.523000002,-0.00800000038,20200926357732,597,0xa,0x1,21.6800003,26.2864132,0.027551502,-0.0770303831,9.91831348e-06,30,1.24300003,3
597110100003389,136444277,2459118.9480410619,59118.442777800003,15.6012764,0.0112674739,0,zg,341.41413349999999,20.2760122,0.59799999,0.00300000003,20200926442778,597,0xa,0x1,21.2800007,26.1346531,0.0318834484,-0.0631129593,1.37304469e-05,30,2.11800003,2
597110100003389,136519106,2459119.6963124997,59119.191064799998,15.575242,0.0112254638,0,zg,341.41412330000003,20.2760003,0.578999996,-0.0299999993,20200927191065,597,0xa,0x1,20.7800007,26.2752361,0.0309848413,-0.0377800204,1.54646277e-05,30,1.09300005,2
597110100003389,136522149,2459119.7267401554,59119.221493099998,15.5940371,0.0112556852,0,zg,341.41410760000002,20.276023899999998,0.723999977,-0.00700000022,20200927221493,597,0xa,0x1,20.9599991,26.2873993,0.0283070244,-0.0274345241,1.2363219e-05,30,1.046,1
597110100003389,136536221,2459119.8674545749,59119.362210599997,15.575326,0.0112255989,0,zg,341.41413990000001,20.276000100000001,0.711000025,-0.0329999998,20200927362176,597,0xa,0x1,20.8899994,26.2573795,0.0297448523,-0.0423606709,1.30817198e-05,30,1.278,2
597110100003389,136627855,2459120.7837766679,59120.278553199998,15.6029778,0.0112702586,0,zg,341.41411470000003,20.2760152,0.578999996,0.0270000007,20200928278553,597,0xa,0x1,20.4400005,26.2877693,0.0341827869,-0.0437669046,2.27246001e-05,30,1.04799998,1
597110100003389,136645236,2459120.9575803992,59120.452361099997,15.5954666,0.011258007,0,zg,341.41410819999999,20.2760265,0.852999985,0,20200928452361,597,0xa,0x1,20.4099998,26.0095692,0.0364242904,-0.0238568243,2.46459513e-05,30,2.48900008,2
597110100003389,136718594,2459121.6911509871,59121.1859491,15.5794754,0.0112322215,0,zg,341.41411849999997,20.2760161,0.778999984,-0.00999999978,20200929185949,597,0xa,0x1,20.5400009,26.2706928,0.0330293775,-0.0323306024,1.98956968e-05,30,1.09300005,2
597110100003389,136727607,2459121.7812760919,59121.276076399998,15.5548372,0.011193281,0,zg,341.41411749999997,20.2760034,0.507000029,0.0260000005,20200929276076,597,0xa,0x1,20.4799995,26.2629948,0.0352756791,-0.0278983358,2.3939976e-05,30,1.04799998,3
597110100003389,136727701,2459121.7822135687,59121.277013899999,15.569562,0.0112164393,0,zg,341.41412359999998,20.276006800000001,0.578999996,-0.00700000022,20200929277014,597,0xa,0x1,20.4300003,26.2697754,0.0329383835,-0.0376020558,2.11927854e-05,30,1.04900002,1
597110100003389,136742023,2459121.9254275374,59121.4202315,15.5890837,0.0112476647,0,zg,341.41414579999997,20.276007,0.541000009,0.0500000007,20200929420220,597,0xa,0x1,19.8099995,26.1101627,0.0381818824,-0.0438266098,4.1768817e-05,30,1.86300004,2
597110100003389,136823196,2459122.7371431347,59122.231967599997,15.5912075,0.0112510985,0,zg,341.41413110000002,20.276014499999999,1.11000001,0.0189999994,20200930231921,597,0xa,0x1,20.0300007,26.2340355,0.0376262292,-0.0375747234,3.69674817e-05,30,1.03299999,2
597110100003389,136829682,2459122.8020025385,59122.296828699997,15.5681467,0.0112141985,0,zg,341.41412320000001,20.275998900000001,0.379999995,-0.0299999993,20200930296829,597,0xa,0x1,20.1200008,26.2452774,0.0367967002,-0.0369250253,2.99988042e-05,30,1.08299994,1
597110100003389,136837605,2459122.8812249182,59122.376053200001,15.6084566,0.0112792524,0,zg,341.41412330000003,20.275979199999998,0.512000024,0.0710000023,20200930375613,597,0xa,0x1,19.8500004,26.1564465,0.0366567858,-0.027417561,3.84122613e-05,30,1.41600001,2
597110100003389,136919123,2459123.6963883336,59123.191238400002,15.6028271,0.0112700099,0,zg,341.41412889999998,20.276000100000001,0.815999985,-0.0520000011,20201001191238,597,0xa,0x1,19.9099998,26.2409744,0.0383606441,-0.0366982035,3.8572598e-05,30,1.07200003,1
597110100003389,136943737,2459123.942515736,59123.437372699998,15.6084251,0.0112791993,0,zg,341.41413669999997,20.275994799999999,0.508000016,-0.00499999989,20201001437361,597,0xa,0x1,18.4699993,25.9888573,0.0417081639,-0.0338780768,0.000144715159,30,2.30500007,2
597110100003389,137012961,2459124.6347416625,59124.1296181,15.6231995,0.0113036949,0,zg,341.4141047,20.2760006,0.700999975,0.00100000005,20201002129618,597,0xa,0x1,19.8500004,26.1779385,0.0385632329,-0.0299566258,4.4422577e-05,30,1.25600004,2
597110100003389,137015574,2459124.6608635304,59124.1557407,15.6024923,0.0112694623,0,zg,341.41412059999999,20.275997199999999,0.513999999,0,20201002155741,597,0xa,0x1,19.9699993,26.2097015,0.0354824141,-0.0254794247,3.27404523e-05,30,1.15100002,3
597110100003389,137124371,2459125.7488059811,59125.243715299999,15.5648298,0.0112089617,0,zg,341.41411410000001,20.276010800000002,0.790000021,0.0480000004,20201003243715,597,0xa,0x1,20.6700001,26.288044,0.0351029076,-0.0392641909,2.18588139e-05,30,1.03299999,3
597110100003389,137124465,2459125.7497434532,59125.2446528,15.578598,0.011230818,0,zg,341.41412459999998,20.276002500000001,0.619000018,0.0450000018,20201003244653,597,0xa,0x1,20.5300007,26.3028812,0.0367117152,-0.0385638066,2.49289315e-05,30,1.03400004,1
597110100003389,137124557,2459125.7506693248,59125.2455787,15.5865097,0.0112435138,0,zg,341.41412250000002,20.276015099999999,0.527999997,0.00300000003,20201003245579,597,0xa,0x1,20.6200008,26.2917862,0.0334769003,-0.0360009447,1.99461228e-05,30,1.03400004,1
597110100003389,137141755,2459125.9226431726,59125.4175579,15.6089563,0.0112800747,0,zg,341.41413269999998,20.276002800000001,0.51700002,-0.0520000011,20201003417558,597,0xa,0x1,20.0200005,26.1284504,0.0355834328,-0.0343823917,3.2360771e-05,30,2,2
597110100003389,137418422,2459128.6892196671,59128.184224500001,15.5938826,0.0112554338,0,zg,341.41412229999997,20.275991099999999,0.873000026,-0.0199999996,20201006184225,597,0xa,0x1,21.2199993,26.1697826,0.0294919647,-0.0448335111,1.19998149e-05,30,1.06200004,2
597110100003389,137428223,2459128.7872255687,59128.282233799997,15.560318,0.0112018622,0,zg,341.41412359999998,20.275996200000002,0.99000001,0.0599999987,20201006282234,597,0xa,0x1,20.9099998,26.1801624,0.0304532722,-0.0423911214,1.35797281e-05,30,1.08700001,3
597110100003389,137433417,2459128.8391681337,59128.334178199999,15.585289,0.0112415487,0,zg,341.4141247,20.275995200000001,1.19799995,-0.061999999,20201006333889,597,0xa,0x1,20.7800007,26.1544685,0.0310030002,-0.0717577934,1.48376048e-05,30,1.26100004,2
597110100003389,137527660,2459129.781565336,59129.276608799999,15.5603371,0.011201892,0,zg,341.41411590000001,20.276000799999998,0.751999974,0.00700000022,20201007276586,597,0xa,0x1,21.1299992,26.2831459,0.0279816408,-0.0489486977,1.10744368e-05,30,1.08099997,2
597110100003389,137527753,2459129.7824912029,59129.277534699999,15.5506659,0.0111867823,0,zg,341.41412889999998,20.276008600000001,0.685000002,0.0439999998,20201007277535,597,0xa,0x1,21.2800007,26.2813416,0.0306727272,-0.049056448,1.27282137e-05,30,1.08299994,3
597110100003389,137527851,2459129.7834749669,59129.278518500003,15.5651836,0.0112095205,0,zg,341.4141267,20.276002999999999,0.915000021,0.0170000009,20201007278495,597,0xa,0x1,21.1100006,26.2909508,0.0283731744,-0.0581769645,1.12437365e-05,30,1.08500004,1
597110100003389,137533450,2459129.8394567096,59129.3345023,15.5844898,0.0112402635,0,zg,341.4141396,20.276015600000001,0.592000008,0.0469999984,20201007334398,597,0xa,0x1,21.0599995,26.2682438,0.0308771767,-0.0575874634,1.3552768e-05,30,1.27699995,2
597110100003389,137617518,2459130.6801086911,59130.175185200002,15.5987778,0.0112633947,0,zg,341.4141171,20.2759909,0.822000027,0.00999999978,20201008175185,597,0xa,0x1,21.7199993,26.312191,0.0333916508,-0.0997851267,1.43426978e-05,30,1.06700003,2
597110100003389,137624109,2459130.7460205317,59130.241099500003,15.5757141,0.0112262163,0,zg,341.41413089999998,20.276002399999999,1.36500001,0.0399999991,20201008241100,597,0xa,0x1,21.6499996,26.3036709,0.0278353542,-0.066540055,9.95913615e-06,30,1.03900003,3
597110100003389,137636240,2459130.8673238042,59130.362407400004,15.5955544,0.0112581486,0,zg,341.41411249999999,20.276021799999999,0.640999973,0.00100000005,20201008362407,597,0xa,0x1,21.0300007,26.2295265,0.0317761675,-0.0440533459,1.44228516e-05,30,1.48199999,2
597110100003389,137725807,2459131.7629608619,59131.258078699997,15.5890627,0.011247633,0,zg,341.41411950000003,20.2760085,0.748000026,-0.00999999978,20201009258067,597,0xa,0x1,21.5699997,26.2289371,0.0289082546,-0.0789796412,1.09448747e-05,30,1.05999994,3
597110100003389,137725900,2459131.7638867265,59131.259004599997,15.5813341,0.0112351989,0,zg,341.41412589999999,20.2759979,0.653999984,-0.0149999997,20201009259005,597,0xa,0x1,21.6100006,26.233181,0.0302816369,-0.0886373445,1.18370817e-05,30,1.06099999,1
597110100003389,137732046,2459131.8253427008,59131.320462999996,15.5989771,0.0112637226,0,zg,341.414131,20.275991300000001,0.823000014,0.0489999987,20201009320428,597,0xa,0x1,21.1299992,26.0658455,0.0314953513,-0.0633114129,1.37955794e-05,30,1.23500001,2
597110100003389,138023503,2459134.739794807,59134.235034700003,15.597064,0.0112606036,0,zg,341.4141237,20.276011700000002,0.83099997,-0.00400000019,20201012235035,597,0xa,0x1,21.6499996,26.2868881,0.0307524856,-0.077798076,1.21491812e-05,30,1.04299998,3
597110100003389,138023597,2459134.740732267,59134.235972199996,15.5976696,0.0112615908,0,zg,341.41412489999999,20.276005300000001,0.623000026,0.0299999993,20201012235972,597,0xa,0x1,21.5699997,26.2934971,0.0318900794,-0.081757769,1.31241977e-05,30,1.04400003,1
597110100003389,138025424,2459134.7590069743,59134.254247700002,15.6093645,0.0112807471,0,zg,341.41411060000001,20.276019699999999,0.866999984,-0.0130000003,20201012254248,597,0xa,0x1,21.2600002,26.2939491,0.0345342644,-0.0933744982,1.56816532e-05,30,1.06599998,2
597110100003389,138123479,2459135.7395080752,59135.234791700001,15.594718,0.0112567907,0,zg,341.41413119999999,20.276026600000002,0.601000011,0.0289999992,20201013234792,597,0xa,0x1,21.8199997,26.2858429,0.0310416874,-0.0810079947,1.22745314e-05,30,1.04499996,3
597110100003389,138123572,2459135.7404455328,59135.235729200002,15.5976305,0.0112615265,0,zg,341.41412630000002,20.276021100000001,0.352999985,-0.00700000022,20201013235729,597,0xa,0x1,21.7099991,26.2817669,0.0312204342,-0.0734860823,1.256211e-05,30,1.046,2
597110100003389,138129243,2459135.7971443897,59135.292430599999,15.5682106,0.0112143019,0,zg,341.41412700000001,20.276017899999999,0.389999986,0.0209999997,20201013292361,597,0xa,0x1,21.8799992,26.2709541,0.03048064,-0.0895979777,1.17769714e-05,30,1.16700006,2
597110100003389,138213800,2459136.642684978,59136.138009299997,15.5786886,0.0112309633,0,zg,341.4141219,20.275991999999999,0.796000004,-0.0320000015,20201014137998,597,0xa,0x1,21.7299995,26.2862148,0.0301361326,-0.0796082467,1.18344651e-05,30,1.10899997,2
597110100003389,138222820,2459136.732877573,59136.228206,15.5823164,0.0112367747,0,zg,341.41412969999999,20.276012000000001,0.725000024,0.0949999988,20201014228206,597,0xa,0x1,21.9200001,26.3103218,0.0286513995,-0.0752324536,1.07642873e-05,30,1.04200006,3
597110100003389,138224745,2459136.7521243878,59136.247453700002,15.5606594,0.0112023978,0,zg,341.41413060000002,20.2759994,0.846000016,0.0340000018,20201014247442,597,0xa,0x1,21.8199997,26.3065014,0.0277630966,-0.0828209966,9.96927338e-06,30,1.06400001,1
597110100003389,138233743,2459136.8420971073,59136.337430599997,15.5973892,0.0112611353,0,zg,341.41413549999999,20.276030800000001,0.476000011,0.0240000002,20201014337292,597,0xa,0x1,21.7700005,26.2383747,0.0275897831,-0.0619365089,9.93742469e-06,30,1.41400003,2
597110100003389,138321120,2459137.7158296299,59137.211203699997,15.5921392,0.0112526091,0,zg,341.41413649999998,20.2760076,0.569000006,-0.023,20201015211181,597,0xa,0x1,21.6700001,26.1482239,0.0318928286,-0.0741614103,1.3267284e-05,30,1.03400004,2
597110100003389,138323414,2459137.7387683457,59137.234143499998,15.5572157,0.0111970007,0,zg,341.41412380000003,20.275998399999999,0.653999984,0.0260000005,20201015234144,597,0xa,0x1,21.5499992,25.9551506,0.0299959183,-0.0712052882,1.19500482e-05,30,1.04999995,3
597110100003389,138325788,2459137.7625056198,59137.257881899997,15.5699759,0.0112170968,0,zg,341.41412489999999,20.276009299999998,0.899999976,0.0419999994,20201015257882,597,0xa,0x1,21.3799992,25.8488979,0.0336684622,-0.0611520931,1.57835329e-05,30,1.08700001,2
597110100003389,138421282,2459138.7174021895,59138.212824100003,15.5674543,0.0112131052,0,zg,341.4141224,20.2760146,0.566999972,-0.0179999992,20201016212824,597,0xa,0x1,21.5400009,26.1873398,0.0302536134,-0.0713657588,1.18435955e-05,30,1.03499997,3
597110100003389,138422844,2459138.7330264309,59138.228449100003,15.5708494,0.0112184808,0,zg,341.41412250000002,20.2760055,0.264999986,0,20201016228449,597,0xa,0x1,21.5699997,26.1887646,0.0309196264,-0.0853559375,1.2434065e-05,30,1.04700005,1
597110100003389,138426291,2459138.7674923502,59138.262916699998,15.5840139,0.0112394998,0,zg,341.41413729999999,20.2760091,0.463999987,-0.0130000003,20201016262917,597,0xa,0x1,21.3199997,26.1839046,0.0315233208,-0.0683938339,1.30870649e-05,30,1.10500002,2
597110100003389,138519456,2459139.6990901111,59139.194560199998,15.563612,0.0112070413,0,zg,341.41412759999997,20.276026600000002,0.944999993,0.0890000015,20201017194560,597,0xa,0x1,21.9400005,26.2526951,0.0316765495,-0.0809990168,1.29457776e-05,30,1.03199995,3
597110100003389,138521924,2459139.7237763819,59139.219247699999,15.5771751,0.0112285465,0,zg,341.41412029999998,20.276010800000002,0.939999998,0.0949999988,20201017219248,597,0xa,0x1,21.9300003,26.2133312,0.0308084302,-0.075704217,1.2353461e-05,30,1.04100001,2
597110100003389,138615275,2459140.6572362632,59140.1527546,15.5716343,0.0112197278,0,zg,341.41413210000002,20.275992800000001,0.708000004,0.0460000001,20201018152755,597,0xa,0x1,21.8899994,26.2500305,0.0307527352,-0.0749250501,1.24937196e-05,30,1.05999994,2
597110100003389,138619115,2459140.6956371125,59140.191157399997,15.5622654,0.0112049235,0,zg,341.4141315,20.275999500000001,0.510999978,0.0370000005,20201018191146,597,0xa,0x1,21.9599991,26.255619,0.0313113891,-0.0812995881,1.28540387e-05,30,1.03199995,3
597110100003389,138619209,2459140.6965745646,59140.192094899998,15.5605011,0.011202151,0,zg,341.41412639999999,20.2760043,0.58099997,0.0149999997,20201018192095,597,0xa,0x1,22,26.2588482,0.0297214035,-0.0878538042,1.15654348e-05,30,1.03199995,1
597110100003389,138629949,2459140.8039648402,59140.299490700003,15.5746717,0.0112245558,0,zg,341.41413080000001,20.276009800000001,0.69599998,0.00200000009,20201018299144,597,0xa,0x1,21.7900009,26.2271137,0.0312379133,-0.0820409805,1.27805779e-05,30,1.25199997,2
597110100003389,138721329,2459141.7177254902,59141.2132986,15.5893717,0.0112481313,0,zg,341.41412120000001,20.275995200000001,0.916999996,0.00200000009,20201019213299,597,0xa,0x1,21.7099991,26.1680813,0.0321982577,-0.0733081847,1.33200838e-05,30,1.04100001,3
597110100003389,138721422,2459141.7186513413,59141.2142245,15.6054964,0.0112743853,0,zg,341.41412070000001,20.2760134,0.940999985,0.00300000003,20201019214225,597,0xa,0x1,21.8700008,26.2632332,0.0291769877,-0.0799598321,1.07952701e-05,30,1.04200006,2
597110100003389,138729855,2459141.8029755866,59141.298553200002,15.5693092,0.0112160398,0,zg,341.41413690000002,20.276005900000001,0.515999973,0.0359999985,20201019298518,597,0xa,0x1,21.7000008,26.1442795,0.0317706838,-0.0790995285,1.27926251e-05,30,1.26100004,2
597110100003389,138920738,2459143.7117043193,59143.207384300003,15.589406,0.0112481872,0,zg,341.4141305,20.275998000000001,1.03299999,-0.00499999989,20201021207373,597,0xa,0x1,21.8799992,26.3062649,0.0309702549,-0.0957021043,1.2466583e-05,30,1.03900003,3
597110100003389,138920831,2459143.7126301681,59143.208310200003,15.592432,0.0112530813,0,zg,341.41412250000002,20.275998399999999,0.448000014,-0.00400000019,20201021208310,597,0xa,0x1,21.8099995,26.3043022,0.0316694193,-0.0890927389,1.31552888e-05,30,1.03999996,2
597110100003389,138936135,2459143.8656656616,59143.361354200002,15.6074696,0.0112776281,0,zg,341.41416240000001,20.276005600000001,0.888999999,0.00600000005,20201021361354,597,0xa,0x1,21.5300007,26.175457,0.032600265,-0.0752506182,1.40472948e-05,30,1.87800002,2
597110100003389,139013238,2459144.6366530471,59144.132384299999,15.5952339,0.011257628,0,zg,341.41411640000001,20.276022099999999,1.50399995,0.112000003,20201022132384,597,0xa,0x1,21.4500008,26.0786667,0.0287009962,-0.0611148067,1.13095575e-05,30,1.074,2
597110100003389,139032153,2459144.8257974829,59144.3215394,15.6007938,0.0112666879,0,zg,341.41413590000002,20.276008000000001,0.620000005,0.0299999993,20201022321505,597,0xa,0x1,22.0200005,26.1856632,0.0355339088,-0.0938649699,1.66737409e-05,30,1.45799994,2
597110100003389,139123219,2459145.7364055375,59145.232199099999,15.5667143,0.0112119364,0,zg,341.4141229,20.276012099999999,0.989000022,-0.0149999997,20201023232199,597,0xa,0x1,21.8299999,26.310936,0.0266307406,-0.0848869458,9.30512942e-06,30,1.079,2
597110100003389,139127682,2459145.7810325553,59145.2768287,15.6008177,0.011266727,0,zg,341.41413039999998,20.276009999999999,0.82099998,-0.0140000004,20201023276829,597,0xa,0x1,21.8099995,26.2936707,0.0318276957,-0.0988470167,1.31837241e-05,30,1.21000004,2
597110100003389,139127776,2459145.7819700013,59145.277766200001,15.5975876,0.0112614566,0,zg,341.41413260000002,20.276007,0.611000001,-0.0199999996,20201023277766,597,0xa,0x1,21.9400005,26.2916565,0.0323495232,-0.100864016,1.35529617e-05,30,1.21399999,3
597110100003389,139523251,2459149.7364792456,59149.232511599999,15.6118937,0.0112849185,0,zg,341.41414250000003,20.276043999999999,1.10399997,-0.00400000019,20201027232512,597,0xa,0x1,19.3600006,26.2827511,0.0381235592,-0.0412655808,5.83226465e-05,30,1.10300004,3
597110100003389,139523344,2459149.7374166846,59149.2334491,15.6242952,0.0113055259,0,zg,341.41411299999999,20.276020299999999,1.38699996,-0.00999999978,20201027233449,597,0xa,0x1,19.3799992,26.2851601,0.040513467,-0.0576009303,6.82910395e-05,30,1.10500002,1
597110100003389,139523438,2459149.7383541283,59149.234386600001,15.6009426,0.0112669291,0,zg,341.41414550000002,20.276045199999999,0.559000015,-0.00200000009,20201027234387,597,0xa,0x1,19.2900009,26.2856979,0.0417684354,-0.0483444296,7.86893361e-05,30,1.10699999,2
597110100003389,139531432,2459149.8182912096,59149.314328699998,15.5978107,0.0112618189,0,zg,341.41413460000001,20.2760319,0.532999992,0.00499999989,20201027314028,597,0xa,0x1,19.75,26.201334,0.0387246348,-0.0245352108,4.15469367e-05,30,1.51300001,2
597110100003389,139618620,2459150.6901117009,59150.186203700003,15.6158218,0.0112914182,0,zg,341.41412580000002,20.276034800000001,0.90200001,0.00899999961,20201028186100,597,0xa,0x1,19.9400005,26.3491917,0.0373588204,-0.0334642343,3.5120469e-05,30,1.03799999,2
597110100003389,139635747,2459150.8613739614,59150.357476899997,15.5813532,0.0112352297,0,zg,341.41412630000002,20.276004400000001,0.744000018,-0.00400000019,20201028357269,597,0xa,0x1,19.3700008,26.1753941,0.0433043167,-0.0357519127,7.34379573e-05,30,2.15700006,2
597110100003389,139717174,2459151.6755929827,59151.171747699998,15.6026182,0.01126967,0,zg,341.41410089999999,20.276048400000001,0.638999999,0.0170000009,20201029171678,597,0xa,0x1,20.0200005,26.3442974,0.0382668599,-0.022466626,3.40917795e-05,30,1.03199995,3
597110100003389,139717317,2459151.6770164934,59151.173171299997,15.5996103,0.0112647554,0,zg,341.4141315,20.276026999999999,0.412999988,0.0149999997,20201029173148,597,0xa,0x1,20.2399998,26.3432426,0.0343413651,-0.0306108724,2.50162921e-05,30,1.03299999,1
597110100003389,139826939,2459152.7731722351,59152.269398099997,15.5923071,0.0112528782,0,zg,341.41414070000002,20.276020599999999,0.63499999,0.0289999992,20201030269306,597,0xa,0x1,20.1000004,26.3187103,0.0370680615,-0.0386361741,3.10689356e-05,30,1.26300001,2
597110100003389,139836108,2459152.864856049,59152.361087999998,15.5828161,0.0112375757,0,zg,341.41416989999999,20.276044500000001,1.31599998,0,20201030361088,597,0xa,0x1,19.3700008,26.1507111,0.0427357517,-0.0237855371,7.20211974e-05,30,2.37299991,2
597110100003389,139915803,2459153.661748047,59153.158032400002,15.5727177,0.011221448,0,zg,341.41410990000003,20.276014,1.03600001,0.0949999988,20201031158009,597,0xa,0x1,20.4400005,26.3550663,0.0338868126,-0.0471656099,2.29172692e-05,30,1.03100002,2
597110100003389,139915895,2459153.6626738859,59153.158958300002,15.5872021,0.0112446304,0,zg,341.4141151,20.276012099999999,0.76700002,0.00700000022,20201031158958,597,0xa,0x1,20.4300003,26.3505955,0.0359661728,-0.0445534438,2.40170866e-05,30,1.03100002,1
597110100003389,139923732,2459153.7410367629,59153.237326399998,15.5874882,0.0112450905,0,zg,341.4141146,20.2760073,0.583000004,-0.0179999992,20201031237315,597,0xa,0x1,20.3299999,26.3455524,0.0344177745,-0.0504898019,2.37331587e-05,30,1.14600003,2
597110100003389,140029113,2459154.7947740406,59154.291134300001,15.5979519,0.0112620508,0,zg,341.41412730000002,20.2760155,0.666000009,0.00999999978,20201101291134,597,0xa,0x1,20.1200008,26.2943935,0.0358964168,-0.0566337891,3.02820517e-05,30,1.43299997,2
597110100003389,140029207,2459154.7957114778,59154.292071800002,15.5798569,0.0112328315,0,zg,341.41414500000002,20.2760246,0.746999979,0.0199999996,20201101292072,597,0xa,0x1,20.0799999,26.303215,0.0381391905,-0.0406107455,3.31938754e-05,30,1.44000006,3
597110100003389,140033451,2459154.8381506675,59154.334513900001,15.5714512,0.0112194354,0,zg,341.41413260000002,20.276021799999999,0.76700002,0.0320000015,20201101334155,597,0xa,0x1,19.6499996,26.1974602,0.0402224809,-0.0283100735,4.72152824e-05,30,1.92900002,2
597110100003389,140116472,2459155.6683026114,59155.164722200003,15.5936995,0.0112551358,0,zg,341.4141343,20.276025099999998,0.67900002,0.0219999999,20201102164722,597,0xa,0x1,20.5100002,26.3428268,0.0351086743,-0.0293782651,2.20483471e-05,30,1.03400004,2
597110100003389,140116565,2459155.6692400463,59155.165659699996,15.5915976,0.0112517299,0,zg,341.41412559999998,20.2760192,0.785000026,-0.0209999997,20201102165660,597,0xa,0x1,20.7900009,26.3397083,0.0324861258,-0.0494520403,1.71338033e-05,30,1.03400004,1
597110100003389,140117100,2459155.67458688,59155.171006899996,15.578187,0.0112301623,0,zg,341.41412780000002,20.276002900000002,0.617999971,0.0379999988,20201102171007,597,0xa,0x1,20.7099991,26.3381138,0.03321312,-0.0406014137,1.70481198e-05,30,1.03699994,3
597110100003389,140125142,2459155.7549980395,59155.251423599999,15.5756025,0.0112260394,0,zg,341.41411529999999,20.2760143,0.884000003,-0.0160000008,20201102251088,597,0xa,0x1,20.4599991,26.3198357,0.0328625962,-0.055115439,1.99664955e-05,30,1.21800005,2
597110100003389,140210979,2459156.6133069671,59156.109791700001,15.5865135,0.0112435194,0,zg,341.41411879999998,20.276004100000002,1.06500006,-0.0370000005,20201103109792,597,0xa,0x1,21.4699993,26.3297958,0.0250120908,-0.0598339327,8.20812693e-06,30,1.05799997,3
597110100003389,140211218,2459156.6157026016,59156.112187500003,15.5584517,0.0111989351,0,zg,341.41412229999997,20.276002299999998,0.806999981,-0.0399999991,20201103112188,597,0xa,0x1,21.3299999,26.3405819,0.026651131,-0.0689524785,9.44725616e-06,30,1.05499995,2
597110100003389,140233848,2459156.8419830631,59156.338483799998,15.6048679,0.0112733543,0,zg,341.41414650000002,20.276019399999999,0.813000023,0.0209999997,20201103338484,597,0xa,0x1,19.8700008,26.1897602,0.040229734,-0.0177225806,3.69220288e-05,30,2.10299993,2
597110100003389,140320445,2459157.7078946903,59157.204455999999,15.6037369,0.0112715,0,zg,341.41411820000002,20.276009899999998,0.791999996,-0.0340000018,20201104203958,597,0xa,0x1,20.8899994,26.2973309,0.0289701559,-0.0450231731,1.2952888e-05,30,1.08899999,2
597110100003389,140330700,2459157.8104336816,59157.307002299996,15.6039848,0.0112719052,0,zg,341.4141237,20.276014700000001,0.79400003,-0,20201104306991,597,0xa,0x1,20.3600006,26.1979122,0.0332252868,-0.0360037163,2.12442774e-05,30,1.66100001,2
597110100003389,140330747,2459157.8109082473,59157.307476900001,15.606823,0.0112765646,0,zg,341.41412079999998,20.276020899999999,0.522000015,0.00800000038,20201104307465,597,0xa,0x1,20.4099998,26.1957455,0.0321382694,-0.0430475399,2.01544171e-05,30,1.66600001,1
597110100003389,140330793,2459157.8113711141,59157.307939799997,15.5894423,0.011248244,0,zg,341.41411950000003,20.2760119,0.574999988,0.0120000001,20201104307940,597,0xa,0x1,20.3799992,26.1973019,0.0341409706,-0.0304922424,2.27756391e-05,30,1.67200005,3
597110100003389,140418687,2459158.6902439613,59158.186874999999,15.5943918,0.0112562599,0,zg,341.41411140000002,20.276022600000001,0.640999973,0.0170000009,20201105186875,597,0xa,0x1,20.7700005,26.3366871,0.0325928107,-0.0510904454,1.65409438e-05,30,1.06200004,2
597110100003389,140418780,2459158.6911697956,59158.187800899999,15.6051331,0.0112737911,0,zg,341.41411959999999,20.276013899999999,0.64200002,-0.00899999961,20201105187801,597,0xa,0x1,20.6000004,26.3364601,0.0348509252,-0.0472429879,2.03407744e-05,30,1.06400001,3
597110100003389,140432445,2459158.8278150228,59158.324456000002,15.5556736,0.0111945886,0,zg,341.41415569999998,20.2759991,0.416999996,0.0179999992,20201105323935,597,0xa,0x1,19.6000004,26.1693344,0.0455545671,-0.0324925855,7.13116679e-05,30,1.94400001,2
597110100003389,141020137,2459164.7042995901,59164.2013773,15.5839748,0.0112394365,0,zg,341.41414090000001,20.276050999999999,0.850000024,-0.00999999978,20201111201192,597,0xa,0x1,20.5,26.3384781,0.0408486761,-0.0522138067,2.79534797e-05,30,1.12800002,1
597110100003389,141024846,2459164.7513792343,59164.2484606,15.5702009,0.0112174526,0,zg,341.41413110000002,20.276048400000001,0.612999976,0.00100000005,20201111248461,597,0xa,0x1,20.2099991,26.2892227,0.0384096578,-0.0451794565,3.20488689e-05,30,1.32799995,2
597110100003389,141116465,2459165.6675005951,59165.164652799998,15.5849638,0.0112410244,0,zg,341.41412209999999,20.2760073,0.483999997,0.0520000011,20201112164653,597,0xa,0x1,21.7399998,26.3537216,0.0267906245,-0.0798168927,9.39530855e-06,30,1.05799997,3
597110100003389,141116559,2459165.6684380225,59165.165590299999,15.5835457,0.0112387473,0,zg,341.4141267,20.276015000000001,0.402999997,0.0260000005,20201112165590,597,0xa,0x1,21.8299999,26.3492565,0.0286150742,-0.0823357403,1.07372243e-05,30,1.05900002,2
597110100003389,141119872,2459165.7015720331,59165.198726900002,15.5867243,0.0112438602,0,zg,341.41412860000003,20.276012900000001,1.06400001,0.0769999996,20201112198727,597,0xa,0x1,21.8600006,26.3392677,0.0278724916,-0.0819761232,1.00846528e-05,30,1.12800002,2
597110100003389,141317407,2459167.6767640319,59167.174074100003,15.5526228,0.0111898286,0,zg,341.4141214,20.276042199999999,0.338,-0.00400000019,20201114174074,597,0xa,0x1,21.0300007,26.3577614,0.0361995585,-0.0688179433,1.76314607e-05,30,1.08299994,1
597110100003389,141318550,2459167.6881983182,59167.185509299998,15.5689678,0.0112154996,0,zg,341.4141123,20.276018100000002,0.765999973,-0.0130000003,20201114185509,597,0xa,0x1,21.1100006,26.3542633,0.0333667547,-0.0736489967,1.53276687e-05,30,1.10800004,3
597110100003389,141318644,2459167.6891357442,59167.186446799999,15.5678835,0.0112137832,0,zg,341.41412320000001,20.2760225,0.316000015,-0.00800000038,20201114186447,597,0xa,0x1,21.1399994,26.3571529,0.0318605825,-0.0810671523,1.38850928e-05,30,1.11000001,2
597110100003389,141409994,2459168.602558238,59168.099942100001,15.5953312,0.0112577863,0,zg,341.414132,20.276037800000001,0.303000003,0.00100000005,20201115099942,597,0xa,0x1,21.0200005,26.3442688,0.0332410298,-0.0564489737,1.58041803e-05,30,1.03600001,2
597110100003389,141419767,2459168.7002818896,59168.1976736,15.5941992,0.0112559488,0,zg,341.41412709999997,20.276026399999999,0.638000011,0.0469999984,20201115197662,597,0xa,0x1,21.6900005,26.3289204,0.0276249498,-0.0683655888,9.96716517e-06,30,1.14999998,3
597110100003389,141422755,2459168.7301637754,59168.227557899998,15.6005478,0.0112662846,0,zg,341.41413419999998,20.276014700000001,0.584999979,0.00800000038,20201115227558,597,0xa,0x1,21.5300007,26.3270245,0.0285658408,-0.0823682323,1.06419002e-05,30,1.273,2
597110100003389,141512464,2459169.6271749102,59169.124641199996,15.5857573,0.0112423021,0,zg,341.41413849999998,20.2760192,0.566999972,0.00300000003,20201116124641,597,0xa,0x1,20.8099995,26.3562469,0.0347481333,-0.0609252304,1.79603794e-05,30,1.03299999,2
597110100003389,141521530,2459169.7178272456,59169.215300900003,15.5983124,0.0112626366,0,zg,341.4141257,20.2760383,0.97299999,0.0170000009,20201116215301,597,0xa,0x1,21.1100006,26.3238411,0.0331130102,-0.0661497638,1.47155451e-05,30,1.227,3
597110100003389,141522517,2459169.7276991387,59169.225173600003,15.6064548,0.0112759592,0,zg,341.41411840000001,20.276020599999999,0.363999993,0.00200000009,20201116225174,597,0xa,0x1,21.0200005,26.3149128,0.0326689705,-0.0578155816,1.50929991e-05,30,1.27400005,2
597110100003389,141522611,2459169.7286365633,59169.226111099997,15.5840559,0.0112395668,0,zg,341.414131,20.276034599999999,0.391000003,-0.00700000022,20201116226111,597,0xa,0x1,21.0799999,26.3144321,0.0316616632,-0.0613824464,1.39603762e-05,30,1.27900004,1
597110100003389,141619552,2459170.6979675293,59170.1955208,15.5952892,0.0112577174,0,zg,341.414131,20.276021199999999,0.307999998,0.0189999994,20201117195486,597,0xa,0x1,21.3600006,26.3244514,0.029188659,-0.0723797306,1.12575499e-05,30,1.16100001,3
597110100003389,141619644,2459170.6988934535,59170.196446800001,15.6034718,0.011271067,0,zg,341.41413210000002,20.2760286,0.323000014,0.0160000008,20201117196447,597,0xa,0x1,21.4599991,26.319643,0.0279294364,-0.0675095245,1.02765234e-05,30,1.16400003,2
597110100003389,141624679,2459170.7492365078,59170.246793999999,15.584589,0.0112404227,0,zg,341.4141358,20.2760195,0.686999977,-0.00800000038,20201117246794,597,0xa,0x1,21.3199997,26.2704449,0.0304293018,-0.0558678173,1.23914551e-05,30,1.42799997,2
597110100003389,141717498,2459171.6773549048,59171.174988400002,15.580698,0.0112341801,0,zg,341.414131,20.276002999999999,0.492000014,0.0439999998,20201118174988,597,0xa,0x1,21.7000008,26.3117199,0.0252367724,-0.0706238896,8.29269538e-06,30,1.10899997,1
597110100003389,141731042,2459171.8127834434,59171.310428199999,15.6110916,0.0112835942,0,zg,341.41412919999999,20.276042199999999,0.748000026,0.0170000009,20201118310058,597,0xa,0x1,20.5100002,26.0669956,0.0361190625,-0.026917154,2.25656422e-05,30,2.4059999,3
597110100003389,141731090,2459171.8132580039,59171.310902800004,15.5885115,0.0112467408,0,zg,341.41413130000001,20.276034599999999,0.578000009,0.00499999989,20201118310891,597,0xa,0x1,20.4699993,26.0643387,0.0334003195,-0.0247496404,1.97200989e-05,30,2.41899991,2
597110100003389,141809920,2459172.6014916217,59172.0992014,15.5735435,0.0112227593,0,zg,341.41412630000002,20.276024899999999,0.437000006,0.0410000011,20201119099190,597,0xa,0x1,21.6100006,26.3541031,0.0258389395,-0.0652461872,8.8122124e-06,30,1.03199995,2
597110100003389,141811546,2459172.617751874,59172.115463000002,15.6046371,0.0112729771,0,zg,341.41412389999999,20.275999800000001,0.628000021,0.0199999996,20201119115463,597,0xa,0x1,21.4599991,26.3561039,0.0285304189,-0.0734724849,1.07731048e-05,30,1.03299999,3
597110100003389,141915103,2459173.6532328129,59173.151030100002,15.6033363,0.0112708444,0,zg,341.41411620000002,20.2759988,0.832000017,-0.0529999994,20201120151030,597,0xa,0x1,21.1900005,26.1467457,0.0303703751,-0.0671591461,1.25794359e-05,30,1.07000005,2
597110100003389,141920785,2459173.7100567371,59173.2078588,15.5698814,0.0112169469,0,zg,341.4141305,20.276007799999999,0.337000012,0.00100000005,20201120207859,597,0xa,0x1,21.1399994,26.3339405,0.0318577103,-0.0691044852,1.42784711e-05,30,1.24300003,3
597110100003389,141929982,2459173.8020165637,59173.299826399998,15.613142,0.0112869823,0,zg,341.41413820000002,20.2760246,0.545000017,-0.00200000009,20201120299826,597,0xa,0x1,20.7900009,26.0740604,0.0342059135,-0.0376375429,1.81294927e-05,30,2.27399993,2
597110100003389,142014164,2459174.6437631827,59174.141643499999,15.5827637,0.0112374909,0,zg,341.41412170000001,20.2760037,0.735000014,0.0439999998,20201121141644,597,0xa,0x1,21.1700001,26.1042099,0.0295319892,-0.0567878969,1.22281208e-05,30,1.05999994,2
597110100003389,142015041,2459174.6525356416,59174.150416700002,15.5622129,0.0112048406,0,zg,341.41411740000001,20.2760085,0.791000009,0.0469999984,20201121150405,597,0xa,0x1,21.4300003,26.2720795,0.0304892343,-0.0566132925,1.25402585e-05,30,1.074,3
597110100003389,142019025,2459174.6923701745,59174.190254599998,15.5774069,0.0112289172,0,zg,341.41414040000001,20.276084999999998,0.740999997,0.0170000009,20201121189294,597,0xa,0x1,20.9699993,26.3008785,0.0298031103,-0.0374145657,1.30715343e-05,30,1.17999995,2
597110100003389,142225273,2459176.754672253,59176.252731499997,15.5842571,0.01123989,0,zg,341.41412880000001,20.2760046,0.187999994,0.00400000019,20201123252708,597,0xa,0x1,20.5799999,26.2212448,0.0343860388,-0.0420552753,1.99921669e-05,30,1.63399994,2
597110100003389,142415262,2459178.6544051138,59178.152627299998,15.60744,0.0112775797,0,zg,341.41412209999999,20.275991999999999,0.975000024,-0.0410000011,20201125152627,597,0xa,0x1,20.7700005,26.3377934,0.0332619995,-0.0642040148,1.72798136e-05,30,1.10099995,3
597110100003389,142415356,2459178.6553425323,59178.153564799999,15.6038704,0.0112717189,0,zg,341.41411640000001,20.2759979,1.36500001,0.0140000004,20201125153565,597,0xa,0x1,20.9200001,26.34021,0.0330195613,-0.0672898591,1.60917571e-05,30,1.10300004,1
597110100003389,142513019,2459179.631890052,59179.130196799997,15.5949202,0.0112571176,0,zg,341.41411950000003,20.276003100000001,1.02999997,0.0140000004,20201126130197,597,0xa,0x1,20.9799995,26.3414612,0.0296248309,-0.0518080443,1.31625075e-05,30,1.06299996,2
597110100003389,142515084,2459179.6525363531,59179.150844900003,15.6050243,0.0112736113,0,zg,341.4141118,20.276022900000001,2.18199992,0.112000003,20201126150845,597,0xa,0x1,20.6200008,26.3467789,0.0339807421,-0.0485293791,1.93215146e-05,30,1.10300004,3
597110100003389,142527791,2459179.779597024,59179.277916699997,15.5989628,0.0112636983,0,zg,341.41414259999999,20.2760313,0.5,-0.00100000005,20201126277917,597,0xa,0x1,19.5400009,26.163063,0.0370618552,-0.0270235036,4.96099965e-05,30,2.14899993,2
597110100003389,142613185,2459180.6334580416,59180.131851899998,15.5945091,0.0112564508,0,zg,341.41412430000003,20.276026300000002,0.465000004,-0.00300000003,20201127131852,597,0xa,0x1,19.8500004,26.3148232,0.0360510387,-0.040277414,3.48016947e-05,30,1.07000005,2
597110100003389,142615841,2459180.6600182126,59180.158414400001,15.5968838,0.0112603111,0,zg,341.41411190000002,20.275991699999999,0.839999974,-0.00100000005,20201127158414,597,0xa,0x1,19.5,26.309967,0.0428361893,-0.031357795,6.50571528e-05,30,1.13,1
597110100003389,142615935,2459180.6609556344,59180.159351900002,15.5742321,0.0112238564,0,zg,341.41416470000001,20.2759863,0.579999983,-0.00300000003,20201127159352,597,0xa,0x1,19.1700001,26.2962322,0.0420693532,-0.0325282477,8.50303841e-05,30,1.13300002,3
597110100003389,142622497,2459180.7265748587,59180.224976899997,15.5966797,0.0112599777,0,zg,341.4140941,20.2760341,0.819000006,-0.0120000001,20201127224977,597,0xa,0x1,18.6599998,26.2725697,0.0471786447,-0.0516621768,0.000165324935,30,1.472,2
597110100003389,142714412,2459181.6456380589,59181.1441204,15.5838785,0.0112392809,0,zg,341.41411620000002,20.2760207,0.593999982,-0.00100000005,20201128144120,597,0xa,0x1,19.8099995,26.3370171,0.0399251841,-0.0443007909,4.15558825e-05,30,1.10000002,3
597110100003389,142714505,2459181.6465754756,59181.145057900001,15.5716476,0.0112197483,0,zg,341.41411169999998,20.276013500000001,0.356999993,-0.00800000038,20201128145046,597,0xa,0x1,20.1299992,26.3437099,0.0351096541,-0.0528172478,2.61889163e-05,30,1.102,2
597110100003389,142726523,2459181.7667384469,59181.265231500001,15.6164389,0.0112924427,0,zg,341.41410230000002,20.2760523,0.694999993,-0.0130000003,20201128265232,597,0xa,0x1,19.0400009,26.1910629,0.0409346931,-0.0259351656,9.00917803e-05,30,2.00699997,2
597110100003389,142814192,2459182.643351336,59182.141921299997,15.5590105,0.0111998115,0,zg,341.41411870000002,20.276018700000002,0.393000007,0.0109999999,20201129141921,597,0xa,0x1,20.3299999,26.3370476,0.0349246152,-0.0325024165,2.39217443e-05,30,1.10099995,1
597110100003389,142814285,2459182.6442887522,59182.142858799998,15.5739355,0.0112233842,0,zg,341.41411770000002,20.2760037,0.74000001,-0.0560000017,20201129142859,597,0xa,0x1,20.4300003,26.3490219,0.0324863195,-0.054770954,2.06969089e-05,30,1.10399997,2
597110100003389,142913298,2459183.6343287281,59183.132986099998,15.5748434,0.0112248296,0,zg,341.41410550000001,20.276037299999999,0.407999992,-0.0149999997,20201130132986,597,0xa,0x1,19.9699993,26.3145466,0.0384351797,-0.0407164656,3.5848363e-05,30,1.08800006,2
597110100003389,143014248,2459184.6437416263,59184.142488400001,15.6026115,0.0112696579,0,zg,341.41412630000002,20.2760143,0.388000011,0.0260000005,20201201142488,597,0xa,0x1,20.6100006,26.3266182,0.0360818729,-0.047176078,2.21130795e-05,30,1.11600006,3
597110100003389,143014342,2459184.6446790416,59184.143425900002,15.5728102,0.0112215942,0,zg,341.41411870000002,20.275999500000001,0.693000019,0.0140000004,20201201143414,597,0xa,0x1,20.6700001,26.333704,0.0323243849,-0.0433972888,1.71579413e-05,30,1.11899996,1
597110100003389,143118605,2459185.6872136262,59185.186053199999,15.5969143,0.0112603595,0,zg,341.41412320000001,20.276015600000001,0.561999977,0.0209999997,20201202186053,597,0xa,0x1,20.5900002,26.2935543,0.0315454975,-0.0422609299,1.67560356e-05,30,1.29900002,3
597110100003389,143214472,2459186.6457971348,59186.144722199999,15.5964499,0.0112596052,0,zg,341.41412939999998,20.276009200000001,0.609000027,0.00600000005,20201203144722,597,0xa,0x1,20.3099995,26.3311386,0.032957036,-0.056370642,2.00932773e-05,30,1.13800001,1
597110100003389,143214565,2459186.6467345497,59186.1456597,15.6018772,0.0112684565,0,zg,341.4141156,20.2760237,0.73299998,0.00200000009,20201203145660,597,0xa,0x1,20.2600002,26.3275795,0.0356859341,-0.0451566875,2.60893212e-05,30,1.14100003,3
597110100003389,143312057,2459187.6215663282,59187.1205787,15.5979452,0.0112620397,0,zg,341.41411890000001,20.276026000000002,0.577000022,0.0270000007,20201204120567,597,0xa,0x1,21.3899994,26.3430386,0.0287817568,-0.071908161,1.10354131e-05,30,1.08500004,3
597110100003389,143412856,2459188.6294619767,59188.128564799998,15.5832481,0.0112382686,0,zg,341.41411099999999,20.2760274,0.823000014,0.00100000005,20201205128565,597,0xa,0x1,20.8899994,26.3342628,0.0341687687,-0.0575383417,1.70442127e-05,30,1.10899997,2
597110100003389,143412950,2459188.6303993957,59188.129502299998,15.5875931,0.01124526,0,zg,341.41414379999998,20.2760468,0.291999996,-0,20201205129502,597,0xa,0x1,20.7399998,26.3226471,0.0339695066,-0.0407745354,1.77264901e-05,30,1.11099994,1
597110100003389,143413136,2459188.6322626234,59188.131365699999,15.5840168,0.0112395035,0,zg,341.41411310000001,20.276013599999999,0.635999978,-0.0170000009,20201205131366,597,0xa,0x1,21.1900005,26.3460693,0.0309847742,-0.077911675,1.28845295e-05,30,1.11600006,3
597110100003389,143511508,2459189.6158894347,59189.115081000004,15.5851412,0.0112413112,0,zg,341.41410610000003,20.276017100000001,0.42899999,-0.00800000038,20201206115069,597,0xa,0x1,21.2800007,26.3490753,0.0294595491,-0.0741841793,1.17670807e-05,30,1.08500004,2
597110100003389,143818260,2459192.6831354885,59192.182604200003,15.5662212,0.0112111568,0,zg,341.41411199999999,20.276013899999999,0.523000002,0.0109999999,20201209182593,597,0xa,0x1,19.8899994,25.9253922,0.0415839702,-0.0431670062,4.75521192e-05,30,1.398,2
597110100003389,143818354,2459192.6840729038,59192.183541699997,15.5868711,0.0112440959,0,zg,341.4141151,20.276034800000001,0.635999978,0.00200000009,20201209183530,597,0xa,0x1,20.2399998,26.0731602,0.0398790166,-0.0383595601,3.4214183e-05,30,1.40499997,3
597110100003389,143916482,2459193.6652686978,59193.164826400003,15.5509176,0.0111871725,0,zg,341.41411399999998,20.2760067,1.11000001,-0.0359999985,20201210164826,597,0xa,0x1,20.7399998,25.8356171,0.0379397385,-0.0593378991,2.36776905e-05,30,1.30200005,1
597110100003389,144017832,2459194.6786721577,59194.178321799998,15.5757074,0.011226207,0,zg,341.41413669999997,20.276011,0.898999989,-0.00800000038,20201211178322,597,0xa,0x1,20.7299995,26.2764244,0.0367675163,-0.0565331765,2.12345585e-05,30,1.40600002,2
597110100003389,144017925,2459194.6796095716,59194.179259299999,15.5646706,0.0112087093,0,zg,341.41412969999999,20.276017199999998,0.818000019,0.00100000005,20201211179259,597,0xa,0x1,20.5300007,26.2703571,0.0378325731,-0.0562550686,2.48052147e-05,30,1.41299999,3
597110100003389,144409634,2459198.5963373049,59198.096342600002,15.5623102,0.0112049924,0,zg,341.41411340000002,20.2760207,0.296000004,0.00899999961,20201215096331,597,0xa,0x1,21.2800007,26.314909,0.0296653509,-0.0633243769,1.16468955e-05,30,1.097,2
597110100003389,144409728,2459198.5972747202,59198.097280100003,15.57059,0.0112180701,0,zg,341.41412650000001,20.276015600000001,0.648000002,-0.0120000001,20201215097280,597,0xa,0x1,21.2999992,26.3182259,0.0293726865,-0.0678653345,1.17012069e-05,30,1.09899998,3
597110100003389,144516528,2459199.6651870892,59199.1652894,15.6063662,0.0112758139,0,zg,341.41413249999999,20.276031199999998,0.943000019,-0.00100000005,20201216165289,597,0xa,0x1,20.2800007,26.2945538,0.0380928591,-0.0594332665,2.95172831e-05,30,1.41100001,3
597110100003389,144516670,2459199.6665989561,59199.166701399998,15.5911198,0.0112509569,0,zg,341.4140936,20.2760192,0.572000027,-0.00200000009,20201216166690,597,0xa,0x1,20.2800007,26.2852497,0.0376560763,-0.0582749769,2.98978612e-05,30,1.421,1
597110100003389,144815111,2459202.6507385857,59202.1511111,15.5719004,0.0112201488,0,zg,341.41411099999999,20.2760262,1.05599999,-0,20201219151111,597,0xa,0x1,20.3799992,26.2907753,0.0368706249,-0.0412472337,2.51791498e-05,30,1.36899996,1
597110100003389,144909659,2459203.5961394515,59203.096597199998,15.5790939,0.0112316106,0,zg,341.41412559999998,20.276023599999998,0.463,-0.0240000002,20201220096597,597,0xa,0x1,21.1200008,26.3242226,0.0293367133,-0.0586985201,1.18653106e-05,30,1.13300002,3
597110100003389,145011006,2459204.6095204428,59204.110069399998,15.5842171,0.0112398248,0,zg,341.41410889999997,20.2760532,0.925999999,0.00300000003,20201221110069,597,0xa,0x1,20.2299995,26.3149815,0.0364449769,-0.0499336049,2.78878215e-05,30,1.18700004,3
597110100003389,145012406,2459204.6235122746,59204.124062499999,15.5636616,0.0112071214,0,zg,341.41411779999999,20.276015699999999,0.558000028,-0.00200000009,20201221124062,597,0xa,0x1,20.4899998,26.3073063,0.0343789905,-0.0491669141,2.02665669e-05,30,1.24699998,1
597110100003389,145110939,2459205.6087594475,59205.109398100001,15.5771437,0.0112284962,0,zg,341.41413180000001,20.276002399999999,0.676999986,0.00300000003,20201222109398,597,0xa,0x1,21.0799999,26.3235855,0.0288537443,-0.066698961,1.16321544e-05,30,1.19500005,3
597110100003389,145617847,2459210.6773830722,59210.178472200001,15.6101427,0.0112820286,0,zg,341.4141328,20.276033099999999,1.11500001,0.00300000003,20201227178449,597,0xa,0x1,19.7600002,26.2178726,0.0389376916,-0.034561336,4.1911353e-05,30,1.87899995,1
597110100003389,146109287,2459215.5913543296,59215.092870400003,15.5960789,0.0112590017,0,zg,341.4141267,20.276022099999999,0.563000023,0.00300000003,20210101092870,597,0xa,0x1,20.5200005,26.2885017,0.036433544,-0.0504437312,2.21179798e-05,30,1.24199998,1
597110100003389,146109381,2459215.5923032486,59215.093819399997,15.5938864,0.0112554394,0,zg,341.41413970000002,20.276024199999998,0.574999988,0.00400000019,20210101093819,597,0xa,0x1,20.5,26.2932796,0.0375188552,-0.0612250343,2.50858066e-05,30,1.24600005,3
597110100003389,146511090,2459219.6090467912,59219.110902799999,15.5855789,0.0112420153,0,zg,341.41412789999998,20.2760265,0.90200001,-0.00600000005,20210105110880,597,0xa,0x1,21.3700008,26.2547131,0.0294033661,-0.0593089871,1.13552096e-05,30,1.41299999,1
597110100003389,146511184,2459219.6099842121,59219.1118403,15.5856075,0.01124206,0,zg,341.41413449999999,20.276019300000002,0.601000011,-0.0289999992,20210105111840,597,0xa,0x1,21.3299999,26.2567387,0.0279325806,-0.0593897514,1.05929812e-05,30,1.41999996,3
597110100003389,146913329,2459223.631112359,59223.133298599998,15.5742197,0.0112238368,0,zg,341.41412800000001,20.276020800000001,0.824999988,-0.0289999992,20210109133287,597,0xa,0x1,20.9300003,26.1868382,0.0299155302,-0.0403423309,1.32013365e-05,30,1.74100006,1
597110100003389,147312187,2459227.6193730007,59227.121874999997,15.5963211,0.0112593966,0,zg,341.41413779999999,20.276017899999999,0.504999995,-0.00200000009,20210113121875,597,0xa,0x1,20.4699993,26.1241703,0.0369650275,-0.0577065796,2.3512077e-05,30,1.73399997,3
597110100003389,147312281,2459227.6203104276,59227.122812499998,15.5946407,0.0112566641,0,zg,341.41413979999999,20.276022399999999,0.455000013,-0.00300000003,20210113122812,597,0xa,0x1,20.5799999,26.126461,0.0334453471,-0.0527643673,1.94070144e-05,30,1.74600005,1
597110100003389,147913406,2459233.6311101341,59233.134062500001,15.5992413,0.0112641519,0,zg,341.41414809999998,20.276027599999999,0.616999984,0.00499999989,20210119134062,597,0xa,0x1,20.5699997,26.1333218,0.0344755091,-0.061180681,1.97819827e-05,30,2.22900009,3
597110100003389,159543385,2459349.9316641479,59349.433854199997,15.5829201,0.0112377424,0,zg,341.4141181,20.276005900000001,0.300999999,0.00300000003,20210515433854,597,0xa,0x1,21.2000008,26.0533009,0.0338639952,-0.0560490899,1.56193491e-05,30,2.04299998,3
597110100003389,160044703,2459354.9452482769,59354.447036999998,15.5739145,0.0112233516,0,zg,341.41419839999998,20.2760499,0.776000023,0.00499999989,20210520447025,597,0xa,0x1,19.3999996,26.1731567,0.043527931,-0.0375826396,7.46848164e-05,30,1.648,1
597110100003389,160342568,2459357.9241393865,59357.425682900001,15.6066236,0.0112762367,0,zg,341.41410760000002,20.276026600000002,0.509000003,0.0209999997,20210523425671,597,0xa,0x1,20.1100006,26.1116219,0.0375209339,-0.0290077738,3.09848656e-05,30,1.81700003,3
597110100003389,160342662,2459357.9250769638,59357.426620400001,15.5960293,0.0112589216,0,zg,341.41412810000003,20.276021799999999,0.363999993,0.00499999989,20210523426609,597,0xa,0x1,20.0900002,26.1200123,0.039049156,-0.0253849514,3.22649503e-05,30,1.80299997,1
597110100003389,160445833,2459358.9568758621,59358.458333299997,15.5664606,0.011211535,0,zg,341.41413,20.276032300000001,0.563000023,-0.0270000007,20210524458333,597,0xa,0x1,20.3099995,26.1991692,0.045609612,-0.0325747244,4.14960305e-05,30,1.43900001,3
597110100003389,160544997,2459359.9486025437,59359.449976900003,15.597681,0.0112616075,0,zg,341.4140956,20.276040099999999,0.626999974,-0.0280000009,20210525449977,597,0xa,0x1,20.0100002,26.1704845,0.0436110236,-0.0411750674,4.60992705e-05,30,1.48500001,1
597110100003389,160746146,2459361.9602653845,59361.461469900001,15.5762959,0.011227143,0,zg,341.41411429999999,20.2760012,0.279000014,0.00499999989,20210527461470,597,0xa,0x1,20.2399998,26.2615414,0.0344206318,-0.032648921,2.43452887e-05,30,1.35800004,3
597110100003389,160843081,2459362.9296880732,59362.4308102,15.5617056,0.0112040425,0,zg,341.41411749999997,20.276015699999999,1.13,-0.0869999975,20210528430810,597,0xa,0x1,20.3600006,26.2211323,0.0329504497,-0.0470059849,2.11777624e-05,30,1.58800006,1
597110100003389,160946076,2459363.9597297539,59363.460763900002,15.6204977,0.0112991873,0,zg,341.41412659999997,20.276016599999998,0.5,0.0109999999,20210529460764,597,0xa,0x1,20.4200001,26.2678547,0.0337440334,-0.0388217568,2.21009504e-05,30,1.329,3
597110100003389,161041159,2459364.9106445312,59364.4115972,15.6004505,0.0112661272,0,zg,341.41411570000002,20.276024400000001,0.871999979,-0.00800000038,20210530411597,597,0xa,0x1,20.4400005,26.0561085,0.0354808792,-0.0428514518,2.34640665e-05,30,1.74699998,3
597110100003389,161144677,2459365.9459072556,59365.446770800001,15.5976801,0.0112616075,0,zg,341.41413449999999,20.276004700000001,0.430999994,0.0390000008,20210531446771,597,0xa,0x1,20.6000004,26.1865578,0.0339161977,-0.0401699096,1.94710792e-05,30,1.38399994,3
597110100003389,161144770,2459365.9468448376,59365.447708300002,15.6071739,0.0112771429,0,zg,341.41412659999997,20.276016800000001,0.742999971,0.0149999997,20210531447708,597,0xa,0x1,20.8299999,26.1800995,0.029240869,-0.0417599753,1.33739904e-05,30,1.37699997,1
597110100003389,161245928,2459366.9585063178,59366.459282399999,15.5805731,0.0112339789,0,zg,341.41413870000002,20.2760061,0.873000026,0.0170000009,20210601459005,597,0xa,0x1,20.8600006,26.1993351,0.0313447416,-0.0338683873,1.48102445e-05,30,1.28999996,3
597110100003389,161344511,2459367.9444250269,59367.4451157,15.5834293,0.0112385601,0,zg,341.41413999999997,20.276002800000001,0.944999993,0.0689999983,20210602445116,597,0xa,0x1,20.6700001,26.1261883,0.0394119062,-0.0443202406,2.54412571e-05,30,1.35800004,1
597110100003389,161344605,2459367.9453626103,59367.446053200001,15.5731363,0.0112221139,0,zg,341.41412279999997,20.2760088,0.648999989,0.0329999998,20210602446053,597,0xa,0x1,20.7600002,26.1268673,0.035217654,-0.0431736447,1.95268658e-05,30,1.352,3
597110100003389,161541229,2459369.9117721617,59369.412291699999,15.5730505,0.011221977,0,zg,341.41411749999997,20.276005600000001,0.638000011,0.057,20210604412292,597,0xa,0x1,21.3099995,26.1554279,0.0288474634,-0.0607881621,1.1452029e-05,30,1.58200002,1
597110100003389,161741488,2459371.9145398182,59371.4148843,15.6007872,0.0112666748,0,zg,341.4141209,20.2760213,0.658999979,-0.0170000009,20210606414884,597,0xa,0x1,21.5499992,26.197546,0.0308167599,-0.0745952353,1.24646676e-05,30,1.505,1
597110100003389,162041210,2459374.9120250922,59374.4121065,15.5944967,0.0112564303,0,zg,341.4141204,20.276008699999998,0.646000028,0.00899999961,20210609412095,597,0xa,0x1,21.4500008,26.1993561,0.0313816331,-0.06330695,1.29441714e-05,30,1.45899999,1
597110100003389,162241350,2459376.9136015726,59376.413506899997,15.5743904,0.0112241087,0,zg,341.41415819999997,20.276026600000002,0.790000021,0.0109999999,20210611413507,597,0xa,0x1,21.1200008,26.243,0.0326691717,-0.0664001927,1.45336053e-05,30,1.40600002,1
597110100003389,163038510,2459384.8858989584,59384.385104200002,15.5714407,0.0112194177,0,zg,341.41414529999997,20.276009500000001,0.284000009,-0.00400000019,20210619385104,597,0xa,0x1,21.1000004,25.9109688,0.0360084586,-0.0472453199,1.83815882e-05,30,1.45700002,1
597110100003389,163142111,2459385.9219962931,59385.421111099997,15.5984783,0.0112629067,0,zg,341.4141272,20.276013500000001,1.02999997,0.0120000001,20210620421111,597,0xa,0x1,20.9300003,26.2097092,0.0353387222,-0.0628830492,1.74703655e-05,30,1.22300005,3
597110100003389,163244445,2459386.9454302862,59386.444455999997,15.5841246,0.0112396758,0,zg,341.41414309999999,20.276002099999999,0.465999991,0.0140000004,20210621444456,597,0xa,0x1,21.2299995,26.2646904,0.0328336768,-0.0807120129,1.44688202e-05,30,1.13,3
597110100003389,163245728,2459386.9582555098,59386.457280100003,15.5924034,0.0112530347,0,zg,341.41412050000002,20.2760015,0.398999989,-0.0250000004,20210621457280,597,0xa,0x1,21.6499996,26.2731628,0.0301025491,-0.0861632675,1.18490752e-05,30,1.097,1
597110100003389,163644627,2459390.9475931805,59390.446273100002,15.6020298,0.0112687061,0,zg,341.41413030000001,20.2760219,0.737999976,0.00300000003,20210625446262,597,0xa,0x1,20.3299999,26.3209305,0.03289105,-0.0524335243,2.15837917e-05,30,1.097,3
597110100003389,163744030,2459391.9417061335,59391.440300900002,15.6072769,0.0112773115,0,zg,341.41411840000001,20.275995399999999,0.901000023,0.0160000008,20210626440301,597,0xa,0x1,20.3999996,26.3041077,0.0331249125,-0.0593661331,2.11598435e-05,30,1.10500002,1
597110100003389,163844931,2459392.9508084278,59392.449317099999,15.6024303,0.0112693598,0,zg,341.41414229999998,20.276006200000001,0.619000018,0.023,20210627449306,597,0xa,0x1,20.3199997,26.290247,0.0351907052,-0.0538089983,2.51857309e-05,30,1.08000004,3
597110100003389,163934157,2459393.8431411679,59393.341574099999,15.5643511,0.0112082073,0,zg,341.41412819999999,20.276017599999999,0.38499999,-0.00300000003,20210628341562,597,0xa,0x1,19.9300003,26.1495972,0.035373304,-0.0190403648,2.95692571e-05,30,1.63699996,1
597110100003389,163934252,2459393.8440902475,59393.3425231,15.588932,0.0112474207,0,zg,341.41416020000003,20.276005600000001,0.648999989,0.00200000009,20210628342512,597,0xa,0x1,19.8799992,26.1592903,0.0363430642,-0.0220611915,3.33036405e-05,30,1.62600005,3
597110100003389,164038936,2459394.891019159,59394.389363399998,15.6186552,0.0112961233,0,zg,341.4141449,20.276002600000002,0.924000025,-0.0109999999,20210629389363,597,0xa,0x1,20.3299999,26.0780411,0.0330202691,-0.0389847271,2.33377814e-05,30,1.25600004,3
597110100003389,164142103,2459395.9227727256,59395.421030099998,15.587182,0.0112445978,0,zg,341.41412789999998,20.275995500000001,0.568000019,0.0240000002,20210630421018,597,0xa,0x1,20.5900002,26.0815563,0.0335366577,-0.0397314392,1.96717774e-05,30,1.12699997,1
597110100003389,164143710,2459395.9388504825,59395.437106500001,15.566493,0.0112115862,0,zg,341.41413999999997,20.276005399999999,0.463,0.0179999992,20210630437083,597,0xa,0x1,20.4200001,26.005619,0.0380732603,-0.0419207588,2.96542148e-05,30,1.08800006,3
597110100003389,164243486,2459396.9366886248,59396.434861100002,15.5643444,0.011208198,0,zg,341.41413030000001,20.275995200000001,0.568000019,0.00100000005,20210701434861,597,0xa,0x1,21.0400009,26.2156372,0.0319120586,-0.0555152968,1.45951235e-05,30,1.08700001,3
597110100003389,164344276,2459397.9446776565,59397.442766200002,15.5879488,0.0112458337,0,zg,341.41412839999998,20.276005000000001,0.644999981,-0.0149999997,20210702442755,597,0xa,0x1,21.3400002,26.2413483,0.0264542941,-0.0597232096,9.57351585e-06,30,1.06700003,1
597110100003389,164344370,2459397.9456152343,59397.443703700003,15.6037531,0.011271528,0,zg,341.41413010000002,20.276006299999999,0.621999979,0.0209999997,20210702443704,597,0xa,0x1,21.3400002,26.2592106,0.0267735645,-0.0715005621,9.9400022e-06,30,1.06599998,3
597110100003389,164639208,2459400.8942374131,59400.392083300001,15.600544,0.0112662781,0,zg,341.41415169999999,20.2760158,0.47299999,0.0250000004,20210705392083,597,0xa,0x1,21.6800003,26.2448654,0.0307790507,-0.0838274285,1.24830622e-05,30,1.17499995,1
597110100003389,164639302,2459400.8951749932,59400.393020800002,15.5895567,0.0112484293,0,zg,341.4141272,20.275996500000002,0.460999995,0.0179999992,20210705393021,597,0xa,0x1,21.75,26.2598572,0.0293603688,-0.090853706,1.13031447e-05,30,1.17200005,3
597110100003389,164740172,2459401.9039606252,59401.4017245,15.5935202,0.0112548452,0,zg,341.41413010000002,20.276002500000001,0.913999975,0.0160000008,20210706401690,597,0xa,0x1,21.4799995,26.3079071,0.0336823165,-0.100459807,1.51536478e-05,30,1.13499999,3
597110100003389,164844349,2459402.9458155362,59402.443495400003,15.5692024,0.0112158712,0,zg,341.41414150000003,20.276014,0.751999974,0.0359999985,20210707443484,597,0xa,0x1,21.7399998,26.284914,0.0305468887,-0.0824591964,1.22029305e-05,30,1.04799998,1
597110100003389,164844444,2459402.9467646102,59402.444444399996,15.5824442,0.0112369796,0,zg,341.41416570000001,20.2760298,0.335999995,0.00200000009,20210707444433,597,0xa,0x1,20.8600006,26.2882042,0.0457108021,-0.0649899989,3.01473847e-05,30,1.04700005,3
597110100003389,165040131,2459404.903795579,59404.4013194,15.5678711,0.0112137636,0,zg,341.41413619999997,20.2759982,0.731000006,0.0610000007,20210709401319,597,0xa,0x1,21.3700008,26.0941677,0.0331921801,-0.0802202001,1.46330603e-05,30,1.11399996,1
597110100003389,165540219,2459409.9050621674,59409.402199099997,15.5843763,0.0112400819,0,zg,341.41414020000002,20.2760015,0.310000002,0.0209999997,20210714402199,597,0xa,0x1,21.6200008,26.1087532,0.0321217962,-0.0808289573,1.37212928e-05,30,1.08099997,1
597110100003389,165542177,2459409.9246353535,59409.4217708,15.5683537,0.0112145282,0,zg,341.41414070000002,20.275994799999999,0.526000023,-0.0320000015,20210714421771,597,0xa,0x1,21.7299995,26.1257076,0.0308303386,-0.0871259719,1.269107e-05,30,1.051,2
597110100003389,165636122,2459410.8641620371,59410.3612269,15.5974808,0.0112612816,0,zg,341.414129,20.276009599999998,0.721000016,-0.00800000038,20210715361227,597,0xa,0x1,21.7099991,26.0109787,0.0323609859,-0.0750914067,1.3858521e-05,30,1.18900001,2
597110100003389,165644270,2459410.9456495633,59410.442708299997,15.5814028,0.0112353079,0,zg,341.4141406,20.275996800000001,0.458999991,0.00300000003,20210715442708,597,0xa,0x1,21.5900002,26.0708199,0.0324564762,-0.0790454745,1.3792237e-05,30,1.03299999,2
597110100003389,165845734,2459412.9604396969,59412.4573495,15.6090441,0.0112802181,0,zg,341.41413979999999,20.2760012,0.976999998,0.0280000009,20210717457350,597,0xa,0x1,21.7800007,26.1287003,0.0305932369,-0.0823301747,1.24998151e-05,30,1.03299999,2
597110100003389,166037923,2459414.882465221,59414.379236100001,15.6073561,0.01127744,0,zg,341.4141343,20.276015099999999,1.17499995,-0.0120000001,20210719379225,597,0xa,0x1,21.8600006,26.2518787,0.030026447,-0.0903432593,1.1762997e-05,30,1.10099995,2
597110100003389,166040138,2459414.9046196137,59414.401388899998,15.5875082,0.011245124,0,zg,341.41413540000002,20.276016299999998,1.17900002,0.0529999994,20210719401319,597,0xa,0x1,21.9400005,26.2353153,0.0317757018,-0.0867193118,1.31690977e-05,30,1.05999994,1
597110100003389,166042150,2459414.9247367578,59414.421504600003,15.5810213,0.011234697,0,zg,341.41411390000002,20.276010299999999,1.329,0.101999998,20210719421493,597,0xa,0x1,21.75,26.2443848,0.0281114168,-0.0824218467,1.04573865e-05,30,1.03799999,2
597110100003389,166146746,2459415.9707717006,59415.467465299997,15.5646696,0.0112087075,0,zg,341.41414379999998,20.275997100000001,0.714999974,0.00499999989,20210720467454,597,0xa,0x1,21.8400002,26.2439709,0.0299852006,-0.092242375,1.18356838e-05,30,1.04400003,2
597110100003389,166433054,2459418.8340485701,59418.330543999997,15.601655,0.0112680942,0,zg,341.4141272,20.275998099999999,0.583000004,0.0240000002,20210723330532,597,0xa,0x1,19.9699993,26.0182343,0.0378700905,-0.0340864547,3.71144342e-05,30,1.22500002,2
597110100003389,166540646,2459419.9100470315,59419.406469900001,15.5739536,0.0112234121,0,zg,341.4141333,20.2760155,0.575999975,0.00800000038,20210724406458,597,0xa,0x1,19.6900005,25.9671669,0.0371370502,-0.0355802402,5.06321958e-05,30,1.03900003,1
597110100003389,166541898,2459419.9225594695,59419.418981499999,15.6169043,0.0112932138,0,zg,341.41414700000001,20.2760201,0.587000012,-0.0340000018,20210724418912,597,0xa,0x1,19.5100002,25.9483776,0.0389278345,-0.0259823799,6.03240478e-05,30,1.03299999,2
597110100003389,166941384,2459423.9176799529,59423.413842599999,15.5858459,0.0112424437,0,zg,341.41414680000003,20.2760128,0.888000011,-0.0109999999,20210728413831,597,0xa,0x1,20.7000008,26.2433262,0.032535322,-0.037493255,1.82371732e-05,30,1.03100002,2
597110100003389,167029899,2459424.8028856954,59424.298993099997,15.6016626,0.0112681054,0,zg,341.41411720000002,20.276009500000001,0.690999985,-0.00899999961,20210729298982,597,0xa,0x1,20.9899998,26.20508,0.0302909855,-0.0456960574,1.32937112e-05,30,1.301,2
597110100003389,167030137,2459424.8052700446,59424.301377299998,15.614295,0.0112888888,0,zg,341.41413870000002,20.276000100000001,0.555000007,0.0540000014,20210729301377,597,0xa,0x1,21.0100002,26.1988544,0.0303067714,-0.0416058116,1.35396549e-05,30,1.28799999,1
597110100003389,167044083,2459424.9447347317,59424.440833300003,15.5745115,0.0112242997,0,zg,341.41412259999998,20.276008399999998,0.663999975,0.0160000008,20210729440822,597,0xa,0x1,21,26.2639904,0.0298666786,-0.0632090271,1.31670795e-05,30,1.04200006,2
597110100003389,167137400,2459425.8779632943,59425.374004600002,15.5681992,0.0112142833,0,zg,341.41413419999998,20.276002099999999,1.051,0.0659999996,20210730374005,597,0xa,0x1,20.8600006,26.0291767,0.0426828526,-0.0341573693,2.88583651e-05,30,1.05599999,2
597110100003389,167143207,2459425.9360340331,59425.432071800002,15.5895452,0.0112484125,0,zg,341.41415009999997,20.275998699999999,0.556999981,0.0270000007,20210730432060,597,0xa,0x1,20.9599991,26.1287079,0.0351298377,-0.0502070524,1.83332104e-05,30,1.03799999,2
597110100003389,167234638,2459426.8504062723,59426.346388899998,15.5669136,0.0112122511,0,zg,341.41413039999998,20.276008099999999,0.925000012,-0.0309999995,20210731346377,597,0xa,0x1,21.4799995,26.2332535,0.0282780956,-0.0703678057,1.07327933e-05,30,1.10099995,2
597110100003389,167237407,2459426.8780931397,59426.3740741,15.5726538,0.0112213455,0,zg,341.4141419,20.275994900000001,0.512000024,0.0179999992,20210731374074,597,0xa,0x1,21.4699993,26.2459583,0.0284660738,-0.0678153634,1.08121822e-05,30,1.05200005,1
597110100003389,167246386,2459426.967890102,59426.463865700003,15.6107092,0.0112829627,0,zg,341.4141343,20.276006800000001,0.846000016,0.0829999968,20210731463773,597,0xa,0x1,21.3099995,26.229393,0.0279024206,-0.0644329116,1.0562283e-05,30,1.08200002,2
597110100003389,167346196,2459427.9660510495,59427.4619676,15.5758219,0.0112263886,0,zg,341.41413770000003,20.276012099999999,0.338999987,0.0130000003,20210801461863,597,0xa,0x1,21.4400005,26.2253876,0.0275889374,-0.0574773997,1.01378801e-05,30,1.08399999,2
597110100003389,167430047,2459428.8046066747,59428.3004745,15.563242,0.0112064593,0,zg,341.41414109999999,20.276003599999999,0.635999978,0.0219999999,20210802300463,597,0xa,0x1,21.4400005,26.1926079,0.0294415765,-0.0579334199,1.14629111e-05,30,1.23800004,2
597110100003389,167432541,2459428.829550331,59428.325416699998,15.5773602,0.0112288417,0,zg,341.41413949999998,20.2759936,0.57099998,-0.00400000019,20210802325405,597,0xa,0x1,21.6900005,26.2288685,0.0304461066,-0.0794419944,1.22529573e-05,30,1.14300001,1
597110100003389,167445689,2459428.9610393192,59428.456898099997,15.5757885,0.0112263346,0,zg,341.4141462,20.275995399999999,1.09399998,-0.00400000019,20210802456887,597,0xa,0x1,21.6399994,26.279192,0.0257924255,-0.0796009302,8.79570871e-06,30,1.079,2
597110100003389,167531964,2459429.8238315945,59429.319641200003,15.5896883,0.0112486426,0,zg,341.4141449,20.276005000000001,0.611999989,0.0340000018,20210803319630,597,0xa,0x1,21.6900005,26.2547722,0.0284937266,-0.0727953687,1.06229809e-05,30,1.15199995,2
597110100003389,167545599,2459429.9601935106,59429.4559954,15.5733528,0.0112224566,0,zg,341.4141472,20.276018100000002,0.779999971,-0.0170000009,20210803455833,597,0xa,0x1,21.6100006,26.2765865,0.0265541412,-0.0727007985,9.30969691e-06,30,1.08299994,2
597110100003389,167630751,2459430.8117572805,59430.307511600004,15.6050406,0.0112736393,0,zg,341.41411849999997,20.276012900000001,0.58099997,0.0309999995,20210804307500,597,0xa,0x1,21.3799992,26.2573414,0.0301644076,-0.0707268864,1.20257446e-05,30,1.18499994,2
597110100003389,167640244,2459430.9066930688,59430.402442099999,15.5644712,0.0112083964,0,zg,341.41414300000002,20.275995600000002,0.713999987,0.050999999,20210804402442,597,0xa,0x1,21.8199997,26.2861214,0.029834142,-0.0793862566,1.15668236e-05,30,1.03100002,1
597110100003389,167642288,2459430.927133997,59430.422881899998,15.5666084,0.0112117687,0,zg,341.41414079999998,20.2760061,0.987999976,0.0759999976,20210804422870,597,0xa,0x1,21.8099995,26.2902813,0.0274672341,-0.078076981,9.88620104e-06,30,1.04100001,2
597110100003389,168027072,2459434.775185192,59434.270729199998,15.5844126,0.0112401396,0,zg,341.4141348,20.276015900000001,0.757000029,0.0350000001,20210808270729,597,0xa,0x1,21.6800003,26.2216358,0.0294933561,-0.0715847611,1.11234494e-05,30,1.30599999,2
597110100003389,168042268,2459434.9271489321,59434.422685199999,15.5868435,0.0112440512,0,zg,341.4141472,20.276007100000001,0.444000006,0.0120000001,20210808422581,597,0xa,0x1,21.9500008,26.2701874,0.0295036212,-0.0872521847,1.15011007e-05,30,1.05200005,2
597110100003389,168139339,2459435.897903386,59435.393391199999,15.608551,0.011279407,0,zg,341.4141419,20.276003800000002,0.894999981,0.0250000004,20210809393356,597,0xa,0x1,21.7999992,26.2232246,0.03060426,-0.0854735449,1.21721314e-05,30,1.03199995,2
597110100003389,168140337,2459435.9078922775,59435.4033796,15.5966196,0.0112598799,0,zg,341.41414329999998,20.276011,0.845000029,0.00600000005,20210809403380,597,0xa,0x1,21.7900009,26.2260647,0.0300811641,-0.0775483176,1.18538046e-05,30,1.03699994,1
597110100003389,168142129,2459435.925809857,59435.421296300003,15.5778866,0.0112296836,0,zg,341.41416129999999,20.276005000000001,0.569999993,-0.0579999983,20210809421285,597,0xa,0x1,21.7700005,26.2291451,0.0294271335,-0.0801894218,1.14333288e-05,30,1.05299997,2
597110100003389,168234328,2459436.8478454594,59436.343287000003,15.6080275,0.0112785464,0,zg,341.41414379999998,20.276001900000001,0.708000004,-0.0179999992,20210810343287,597,0xa,0x1,21.8700008,26.1996937,0.0304235443,-0.0959587917,1.19537854e-05,30,1.05700004,2
597110100003389,168435798,2459438.8626389657,59438.357986100003,15.5644999,0.0112084411,0,zg,341.41413899999998,20.276002500000001,0.781000018,0.064000003,20210812357986,597,0xa,0x1,21.6700001,26.0875874,0.0359693021,-0.0683407858,1.7341581e-05,30,1.03699994,2
597110100003389,168437846,2459438.8831144003,59438.378460599997,15.5644646,0.0112083843,0,zg,341.41414579999997,20.2760046,0.578999996,0.0399999991,20210812378461,597,0xa,0x1,21.8799992,26.116312,0.0340537019,-0.0849825963,1.49862681e-05,30,1.03100002,1
597110100003389,168439785,2459438.9025134835,59438.397858800003,15.5747204,0.011224634,0,zg,341.41413360000001,20.275998300000001,0.493999988,0.0480000004,20210812397847,597,0xa,0x1,21.7999992,26.1238022,0.0332424864,-0.0856533647,1.41761802e-05,30,1.03799999,2
597110100003389,168543481,2459439.9395159846,59439.434814799999,15.5918398,0.011252122,0,zg,341.41414320000001,20.2760128,0.64200002,-0.00600000005,20210813434803,597,0xa,0x1,21.5200005,26.0628223,0.031803485,-0.0824413598,1.32228097e-05,30,1.09500003,2
597110100003389,168627927,2459440.7840088117,59440.279270799998,15.6013575,0.0112676062,0,zg,341.4141204,20.276011499999999,0.621999979,-0.00700000022,20210814279259,597,0xa,0x1,21.6299992,26.0711002,0.0321858637,-0.0836855918,1.36741701e-05,30,1.18900001,2
597110100003389,168640378,2459440.9085280988,59440.4037847,15.5894957,0.0112483306,0,zg,341.4141406,20.2760034,1.20000005,0.187999994,20210814403785,597,0xa,0x1,21.7000008,26.1255894,0.0319609754,-0.0867857784,1.34438214e-05,30,1.04900002,1
597110100003389,168831232,2459442.8171493183,59442.312326400002,15.5683775,0.0112145646,0,zg,341.41414789999999,20.275993100000001,0.681999981,0.00100000005,20210816312315,597,0xa,0x1,21.4200001,26.1784973,0.0343065336,-0.0851926804,1.60783784e-05,30,1.08099997,2
597110100003389,168831776,2459442.8225893402,59442.317766200002,15.566186,0.0112111,0,zg,341.41413560000001,20.276005300000001,0.976999998,0.0520000011,20210816317766,597,0xa,0x1,21.5400009,26.1903915,0.0341623016,-0.0915802345,1.55139205e-05,30,1.07099998,2
597110100003389,168933201,2459443.8368773381,59443.332013899999,15.6302519,0.0113155134,0,zg,341.41413979999999,20.2760149,0.753000021,0.0480000004,20210817332002,597,0xa,0x1,21.6299992,25.9987888,0.0326958932,-0.0807921961,1.40957227e-05,30,1.04700005,2
597110100003389,168933295,2459443.8378148759,59443.3329514,15.5902596,0.0112495665,0,zg,341.41412350000002,20.276005699999999,1.46500003,0.178000003,20210817332951,597,0xa,0x1,21.2999992,25.9986248,0.0328348093,-0.063356325,1.47352521e-05,30,1.046,1
597110100003389,168933833,2459443.8431969872,59443.338333300002,15.5891314,0.011247742,0,zg,341.41413679999999,20.276004100000002,0.911000013,0.00200000009,20210817338333,597,0xa,0x1,21.7399998,25.9886227,0.0353923999,-0.077782087,1.66909886e-05,30,1.04100001,2
597110100003389,169043217,2459444.9370814753,59444.432175900001,15.5821877,0.011236568,0,zg,341.41415219999999,20.276017,0.236000001,-0.0109999999,20210818432176,597,0xa,0x1,21.5300007,26.0779839,0.0407116041,-0.0952198803,2.17386314e-05,30,1.12300003,2
597110100003389,169244844,2459446.9534276654,59446.448449099997,15.5894175,0.0112482039,0,zg,341.41414099999997,20.276008699999998,0.620999992,-0.0309999995,20210820448449,597,0xa,0x1,20.9799995,26.1917782,0.0316892415,-0.0696852207,1.43516581e-05,30,1.19400001,2
597110100003389,169244938,2459446.9543651976,59446.449386599998,15.6014462,0.0112677515,0,zg,341.41414220000001,20.276005999999999,0.519999981,-0.0240000002,20210820449387,597,0xa,0x1,21.0499992,26.192976,0.0306594782,-0.0669212937,1.33479116e-05,30,1.19799995,1
597110100003389,169522958,2459449.7346533979,59449.229583300003,15.6475401,0.0113448314,0,zg,341.41414109999999,20.276007700000001,0.739000022,0.0130000003,20210823229525,597,0xa,0x1,19.5400009,26.1346321,0.0456647202,-0.00495370338,7.43761557e-05,30,1.30700004,2
597110100003389,169523453,2459449.7396072559,59449.234536999997,15.5757046,0.0112262005,0,zg,341.4141338,20.276007100000001,0.430999994,-0.00499999989,20210823234537,597,0xa,0x1,19.9099998,26.2002811,0.0378390625,-0.0154589973,3.87065957e-05,30,1.27999997,1
597110100003389,169624997,2459450.7550779171,59450.249976899999,15.5996685,0.0112648495,0,zg,341.41413499999999,20.2760085,0.86500001,-0.0399999991,20210824249780,597,0xa,0x1,19.1599998,25.9716682,0.0381511264,-0.0194248278,7.68159662e-05,30,1.19700003,2
597110100003389,169723652,2459451.7416572967,59451.2365278,15.5619183,0.0112043759,0,zg,341.41413369999998,20.276013599999999,0.791000009,0.0130000003,20210825236528,597,0xa,0x1,20.1900005,26.1416378,0.0316647217,-0.0272149295,2.28916106e-05,30,1.24300003,2
597110100003389,169831284,2459452.8180062496,59452.312847200003,15.6059504,0.0112751313,0,zg,341.41413679999999,20.276004799999999,1.00399995,0.0140000004,20210826312847,597,0xa,0x1,20.9899998,26.3004532,0.0311495271,-0.0374454111,1.4748015e-05,30,1.04200006,2
597110100003389,169921927,2459453.7244533738,59453.2192708,15.5830917,0.0112380171,0,zg,341.41413679999999,20.276011400000002,0.66900003,-0.0480000004,20210827219259,597,0xa,0x1,21.1900005,26.2784004,0.0276675504,-0.0638580024,1.05139043e-05,30,1.30400002,2
597110100003389,169936422,2459453.8694107872,59453.364224500001,15.5692406,0.0112159317,0,zg,341.41414129999998,20.276008699999998,0.536000013,-0.00800000038,20210827364225,597,0xa,0x1,21.2299995,26.3472195,0.0279959254,-0.0660156086,1.06630123e-05,30,1.04499996,1
597110100003389,169938307,2459453.8882654565,59453.383078699997,15.5785732,0.0112307798,0,zg,341.41415039999998,20.2760076,0.640999973,0.0309999995,20210827383056,597,0xa,0x1,20.9799995,26.3333149,0.0301650334,-0.0503829606,1.35442751e-05,30,1.06900001,2
597110100003389,170024076,2459454.7459716522,59454.240763900001,15.5984411,0.0112628471,0,zg,341.4141315,20.275996500000002,1.01499999,0.0439999998,20210828240741,597,0xa,0x1,21.25,26.268013,0.030375082,-0.0506068319,1.23677983e-05,30,1.19000006,2
597110100003389,170124064,2459455.7458790247,59455.2406481,15.5843287,0.0112400055,0,zg,341.41413660000001,20.276003599999999,1.07099998,0.00600000005,20210829240648,597,0xa,0x1,21.7299995,26.267664,0.029542001,-0.0875491947,1.14564773e-05,30,1.17999995,2
597110100003389,170133289,2459455.8381265225,59455.332893500003,15.5775499,0.0112291444,0,zg,341.41412459999998,20.276012399999999,0.653999984,-0.0160000008,20210829332882,597,0xa,0x1,21.5799999,26.2690716,0.0274100062,-0.0718952492,9.8693954e-06,30,1.03100002,1
597110100003389,170135674,2459455.8619812536,59455.356747700003,15.5897694,0.0112487748,0,zg,341.41412939999998,20.275998000000001,0.827000022,-0.0120000001,20210829356736,597,0xa,0x1,21.5,26.2641106,0.0278064832,-0.0575081222,1.04124974e-05,30,1.04299998,2
597110100003389,170231888,2459456.8241432193,59456.318888900001,15.5739574,0.0112234196,0,zg,341.41414959999997,20.276018400000002,0.760999978,0.0540000014,20210830318889,597,0xa,0x1,21.5100002,26.2182674,0.0291984677,-0.0698688328,1.1556408e-05,30,1.03199995,2
597110100003389,170529065,2459459.7959695989,59459.290659699996,15.5952215,0.0112576084,0,zg,341.41412910000003,20.275989800000001,0.300000012,0.00300000003,20210902290637,597,0xa,0x1,21.9500008,26.320509,0.0361845344,-0.0948060751,1.70001331e-05,30,1.04499996,2
597110100003389,170529833,2459459.8036433258,59459.298333300001,15.6043911,0.0112725729,0,zg,341.4141545,20.276014100000001,0.477999985,0.0540000014,20210902298322,597,0xa,0x1,22,26.3224525,0.035943184,-0.100452378,1.68285187e-05,30,1.03900003,1
597110100003389,170535425,2459459.8595702462,59459.354259300002,15.5522289,0.011189214,0,zg,341.41418149999998,20.276005600000001,0.624000013,0.00200000009,20210902354178,597,0xa,0x1,21.1100006,26.3214607,0.0468327515,-0.0867202133,3.05170943e-05,30,1.051,2
597110100003389,170638679,2459460.8921210933,59460.386793999998,15.5801735,0.01123334,0,zg,341.41414759999998,20.276011100000002,0.407999992,-0.00800000038,20210903386794,597,0xa,0x1,21.6900005,26.3182812,0.0352327228,-0.0980977416,1.61609751e-05,30,1.11800003,2
597110100003389,170721299,2459461.7183365552,59461.2129977,15.5930414,0.0112540685,0,zg,341.4141439,20.2760043,0.975000024,-0.0109999999,20210904212986,597,0xa,0x1,21.1200008,26.290823,0.045945812,-0.078518711,2.98378272e-05,30,1.22599995,2
597110100003389,170725945,2459461.7647955148,59461.259456,15.600666,0.0112664774,0,zg,341.41413469999998,20.2760207,0.662,0.0480000004,20210904259444,597,0xa,0x1,21.6900005,26.3200645,0.0305735357,-0.0911144018,1.22760976e-05,30,1.08299994,1
597110100003389,170726039,2459461.7657330283,59461.260393500001,15.5831099,0.011238046,0,zg,341.41412709999997,20.276014799999999,1.44500005,-0.0480000004,20210904260394,597,0xa,0x1,21.5499992,26.316433,0.0342307128,-0.0885008201,1.56336628e-05,30,1.08099997,2
597110100003389,170829454,2459462.7999013807,59462.294548600003,15.576232,0.0112270433,0,zg,341.41414889999999,20.276014400000001,1.42400002,-0.0500000007,20210905294537,597,0xa,0x1,21.5499992,26.318512,0.0326733962,-0.0668774024,1.38080313e-05,30,1.03600001,2
597110100003389,170835392,2459462.8592770891,59462.3539236,15.5928259,0.0112537211,0,zg,341.41415970000003,20.276013200000001,0.809000015,0.108000003,20210905353912,597,0xa,0x1,21.75,26.3270702,0.0301754605,-0.0888777301,1.20631657e-05,30,1.06200004,2
597110100003389,170924239,2459463.7477592891,59463.2423958,15.5951328,0.0112574641,0,zg,341.41414099999997,20.276003200000002,1.13699996,0.0469999984,20210906242396,597,0xa,0x1,21.7600002,26.28578,0.0325646512,-0.081361033,1.40852662e-05,30,1.10800004,1
597110100003389,170924381,2459463.7491829046,59463.243819399999,15.586401,0.0112433387,0,zg,341.41415130000001,20.276011799999999,1.06299996,0.00600000005,20210906243808,597,0xa,0x1,21.4400005,26.2860031,0.0325967893,-0.0692098215,1.42698646e-05,30,1.10500002,2
597110100003389,170935590,2459463.8612674945,59463.355902800002,15.5925188,0.0112532228,0,zg,341.41415119999999,20.2760195,0.323000014,-0.0209999997,20210906355903,597,0xa,0x1,21.8400002,26.3153095,0.0285474565,-0.0930617452,1.07445667e-05,30,1.06900001,2
597110100003389,171043599,2459464.9413704299,59464.435995400003,15.5646172,0.0112086246,0,zg,341.41414509999998,20.276030599999999,0.44600001,0.0140000004,20210907435995,597,0xa,0x1,21.2800007,26.1564579,0.0314439274,-0.0612058416,1.32218429e-05,30,1.38900006,2
597110100003389,171132924,2459465.8346300428,59465.3292477,15.5846424,0.0112405093,0,zg,341.4141467,20.276001900000001,0.711000025,0.0489999987,20210908329236,597,0xa,0x1,21.7999992,26.2423515,0.0326090418,-0.0952247232,1.39780368e-05,30,1.04299998,2
597110100003389,171133018,2459465.8355675489,59465.3301852,15.5955124,0.0112580797,0,zg,341.41414470000001,20.2760149,0.400000006,0.0289999992,20210908330174,597,0xa,0x1,21.4799995,26.239233,0.0306442678,-0.0701596588,1.23178115e-05,30,1.04299998,1
597110100003389,171231576,2459466.8211528524,59466.315763899998,15.5880508,0.0112459986,0,zg,341.41414839999999,20.276006899999999,0.691999972,0.00600000005,20210909315764,597,0xa,0x1,21.8700008,26.2718315,0.030715229,-0.0784405619,1.22971996e-05,30,1.03499997,2
597110100003389,171241046,2459466.915852468,59466.410463,15.5831842,0.011238168,0,zg,341.41414400000002,20.2760155,0.846000016,0.0430000015,20210909410463,597,0xa,0x1,21.5300007,26.2491493,0.0284121782,-0.08300782,1.06695461e-05,30,1.26900005,2
597110100003389,171319592,2459467.7013194589,59467.1959259,15.5582705,0.011198651,0,zg,341.4141257,20.2760155,0.448000014,0.00499999989,20210910195926,597,0xa,0x1,21.3500004,26.1519012,0.0347449929,-0.0703579187,1.58811745e-05,30,1.22899997,2
597110100003389,171321614,2459467.7215394662,59467.216145799997,15.5824289,0.0112369545,0,zg,341.41414099999997,20.2760119,0.717999995,-0.0280000009,20210910216146,597,0xa,0x1,21.5900002,26.1588802,0.0294194706,-0.0769996867,1.15836592e-05,30,1.15199995,1
597110100003389,171418679,2459468.6921913791,59468.186794000001,15.5795927,0.0112324096,0,zg,341.4141247,20.276008000000001,0.572000027,0.0219999999,20210911186470,597,0xa,0x1,21.6900005,26.2201824,0.0303502437,-0.0732531622,1.20244131e-05,30,1.25899994,2
597110100003389,171443295,2459468.9383494817,59468.432951399998,15.6098843,0.0112816021,0,zg,341.41414750000001,20.276001300000001,1.23000002,0.0179999992,20210911432940,597,0xa,0x1,21.5900002,26.2181263,0.0275212172,-0.0760513395,9.90966873e-06,30,1.44799995,2
597110100003389,171524967,2459469.7550757616,59469.249675899999,15.5861797,0.011242982,0,zg,341.41413899999998,20.276002500000001,0.50999999,-0.0120000001,20210912249664,597,0xa,0x1,21.9200001,26.3261089,0.030374648,-0.0882027671,1.20063278e-05,30,1.06200004,2
597110100003389,171525688,2459469.7622864745,59469.2568866,15.5781059,0.0112300329,0,zg,341.4141371,20.2760094,0.67900002,-0,20210912256875,597,0xa,0x1,22.0400009,26.3288498,0.0312851444,-0.0926975459,1.26869409e-05,30,1.05200005,1
597110100003389,171535023,2459469.8556315014,59469.350231500001,15.5859079,0.0112425443,0,zg,341.41414270000001,20.2760107,0.588,0.00400000019,20210912350220,597,0xa,0x1,21.8999996,26.3265438,0.0289275274,-0.0875919834,1.08798113e-05,30,1.09000003,2
597110100003389,171623157,2459470.7369746855,59470.231574099998,15.6022015,0.0112689864,0,zg,341.41413970000002,20.276019399999999,0.741999984,0.00100000005,20210913231447,597,0xa,0x1,21.5,26.3073902,0.0305446442,-0.0712919533,1.22816564e-05,30,1.08899999,2
597110100003389,171727347,2459471.7788719744,59471.273472200002,15.5756464,0.0112261064,0,zg,341.41416800000002,20.2759936,2.99900007,-0.0219999999,20210914273461,597,0xa,0x1,20.9599991,26.1581497,0.0411234088,-0.045312766,2.37262575e-05,30,1.03400004,1
597110100003389,171727440,2459471.7798094717,59471.274409700003,15.5625992,0.0112054478,0,zg,341.41414320000001,20.276013500000001,0.698000014,0.0579999983,20210914274410,597,0xa,0x1,21.5,26.0839939,0.0323124789,-0.0692490414,1.37165198e-05,30,1.03400004,2
597110100003389,171840819,2459472.9135913472,59472.408194399999,15.5648422,0.0112089813,0,zg,341.41414250000003,20.276019999999999,0.569999993,-0.00600000005,20210915408194,597,0xa,0x1,21.4200001,26.2510796,0.0346947126,-0.0871024579,1.59243264e-05,30,1.34899998,2
597110100003389,171938070,2459473.8860990335,59473.380706000004,15.5688505,0.0112153152,0,zg,341.4141472,20.276000499999999,0.887000024,-0.00499999989,20210916380694,597,0xa,0x1,22.0100002,26.2960415,0.0305272546,-0.100061238,1.21477569e-05,30,1.21899998,2
597110100003389,171938164,2459473.887036528,59473.381643499997,15.567337,0.0112129189,0,zg,341.41415540000003,20.276017499999998,0.989000022,0.075000003,20210916381644,597,0xa,0x1,21.7399998,26.2855473,0.0317798145,-0.0857722536,1.29353893e-05,30,1.22300005,1
597110100003389,172016035,2459474.6657476225,59474.1603588,15.5797415,0.011232648,0,zg,341.41411870000002,20.276013299999999,0.688000023,-0.0309999995,20210917160347,597,0xa,0x1,20.5599995,26.253334,0.0349576883,-0.0476552546,2.10903745e-05,30,1.31299996,2
597110100003389,172038825,2459474.8936397405,59474.388252299999,15.5862474,0.0112430919,0,zg,341.41416459999999,20.276010500000002,0.73299998,0.00700000022,20210917388218,597,0xa,0x1,20.8199997,26.2530174,0.0303665716,-0.0570522286,1.39949125e-05,30,1.26699996,2
597110100003389,172222931,2459476.734690397,59476.229317099998,15.6074314,0.0112775657,0,zg,341.41413679999999,20.276009200000001,1,-0.0309999995,20210919229317,597,0xa,0x1,20.2099991,26.303915,0.0384641029,-0.0394554287,3.15984107e-05,30,1.06400001,2
597110100003389,172227042,2459476.775801131,59476.270428199998,15.6069384,0.0112767546,0,zg,341.4141444,20.276017199999998,0.813000023,0.0489999987,20210919270428,597,0xa,0x1,20.1599998,26.3183098,0.0352621488,-0.0390138812,2.69558259e-05,30,1.03100002,1
597110100003389,172246881,2459476.9741903627,59476.468819399997,15.5817909,0.011235931,0,zg,341.41415080000002,20.276022000000001,0.481000006,-0.0340000018,20210919468808,597,0xa,0x1,19.75,26.0854683,0.0371976346,-0.0265436936,4.31952503e-05,30,2.25,2
597110100003389,172316200,2459477.667366425,59477.1620023,15.6165915,0.011292696,0,zg,341.41413899999998,20.2760012,0.876999974,0.0520000011,20210920161991,597,0xa,0x1,20.0799999,26.3115044,0.0361184999,-0.0461369082,3.0159752e-05,30,1.25999999,2
597110100003389,172333434,2459477.8397026272,59477.334340300004,15.5962572,0.0112592913,0,zg,341.41415260000002,20.276020800000001,1.09599996,0.00200000009,20210920334028,597,0xa,0x1,20.0799999,26.3527832,0.0367921703,-0.0554604121,3.21541083e-05,30,1.10300004,2
597110100003389,172431243,2459478.8177816914,59478.312430600003,15.597331,0.0112610394,0,zg,341.41413419999998,20.2760274,0.469000012,-0.0179999992,20210921312431,597,0xa,0x1,19.8400002,26.318821,0.0387628824,-0.0397285745,4.40416661e-05,30,1.06500006,2
597110100003389,172433159,2459478.8369480507,59478.331597199998,15.6149368,0.0112899533,0,zg,341.41414170000002,20.276002699999999,0.731000006,-0.0240000002,20210921331597,597,0xa,0x1,19.6299992,26.3225613,0.0379788689,-0.0637249872,4.7400772e-05,30,1.10300004,1
597110100003389,172444907,2459478.9544234057,59478.449074099997,15.6027164,0.0112698292,0,zg,341.41415769999998,20.276017199999998,0.451000005,0.00300000003,20210921449074,597,0xa,0x1,19.1800003,26.1576977,0.0352943651,-0.0319134854,5.61495508e-05,30,1.96200001,2
597110100003389,172517593,2459479.6812774413,59479.175937499997,15.6090841,0.0112802852,0,zg,341.4141176,20.276013500000001,0.948000014,0.0520000011,20210922175926,597,0xa,0x1,19.9500008,26.2320175,0.0377705134,-0.0370509773,3.80771198e-05,30,1.17700005,2
597110100003389,172546340,2459479.9687386961,59479.4634028,15.6569881,0.0113610672,0,zg,341.41418570000002,20.2760678,1.005,0.0240000002,20210922463403,597,0xa,0x1,19.1200008,26.0991344,0.044973813,-0.0333363265,0.000100510188,30,2.31800008,2
597110100003389,172615020,2459480.655534328,59480.150208300001,15.6089897,0.0112801297,0,zg,341.41413019999999,20.2760137,1.03999996,-0.0170000009,20210923150208,597,0xa,0x1,20.7000008,26.2239037,0.0319279097,-0.0302961618,1.69530103e-05,30,1.278,2
597110100003389,172632317,2459480.8284947504,59480.323171299999,15.6181011,0.0112952022,0,zg,341.41415910000001,20.276036399999999,0.560000002,0.00700000022,20210923323171,597,0xa,0x1,20.1499996,26.273737,0.0379865468,-0.0342574008,3.21564294e-05,30,1.09599996,1
597110100003389,172640723,2459480.9125559051,59480.407233799997,15.5704784,0.0112178922,0,zg,341.41414400000002,20.275994799999999,0.643000007,0.00200000009,20210923407199,597,0xa,0x1,20.0400009,26.1846962,0.0373418517,-0.0325938575,3.26629452e-05,30,1.50699997,2
597110100003389,173020232,2459484.7075793943,59484.202326400002,15.5955772,0.0112581877,0,zg,341.41413669999997,20.276018700000002,1.25100005,-0.00600000005,20210927202315,597,0xa,0x1,22.1299992,26.2770748,0.0376265645,-0.111849599,1.85741847e-05,30,1.07200003,2
597110100003389,173036293,2459484.8681893619,59484.362939799998,15.5929556,0.0112539297,0,zg,341.41414179999998,20.276002500000001,0.822000027,0.00499999989,20210927362928,597,0xa,0x1,21.2900009,26.2186069,0.0276785828,-0.0589516163,1.0452929e-05,30,1.27699995,2
597110100003389,173234185,2459486.8470564019,59486.341851899997,15.6018114,0.0112683484,0,zg,341.41413599999998,20.276003599999999,0.672999978,-0.00600000005,20210929341852,597,0xa,0x1,20.1700001,25.9421463,0.0432466082,-0.0644567013,4.03390659e-05,30,1.20500004,2
597110100003389,173325842,2459487.7636075867,59487.2584259,15.5940504,0.0112557067,0,zg,341.4141444,20.276023599999998,0.210999995,0.0130000003,20210930258426,597,0xa,0x1,21.4200001,26.2131729,0.0342386179,-0.0807929486,1.56305377e-05,30,1.03499997,1
597110100003389,173423439,2459488.7395540955,59488.234398100001,15.577425,0.0112289442,0,zg,341.41415330000001,20.2760222,0.833999991,0.0370000005,20211001234398,597,0xa,0x1,21.5799999,26.3188934,0.0330674909,-0.0743309408,1.41427072e-05,30,1.03199995,2
597110100003389,173429210,2459488.7972609242,59488.292106499997,15.5841274,0.0112396814,0,zg,341.41414279999998,20.276022600000001,0.418000013,0.0410000011,20211001292072,597,0xa,0x1,21.5799999,26.3220406,0.0314542055,-0.0840750784,1.32660316e-05,30,1.07700002,2
597110100003389,173523577,2459489.740903676,59489.235775499998,15.5964222,0.0112595586,0,zg,341.41413990000001,20.276011,0.750999987,0.0160000008,20211002235775,597,0xa,0x1,21.4400005,26.1817856,0.032505814,-0.0706235766,1.42338458e-05,30,1.03100002,1
597110100003389,173533879,2459489.843921497,59489.338796299999,15.5755196,0.0112259053,0,zg,341.41415890000002,20.276026900000002,0.629999995,0.00200000009,20211002338773,597,0xa,0x1,21.4099998,26.2515965,0.029976001,-0.0859714821,1.17180398e-05,30,1.227,2
597110100003389,173632451,2459490.8296101331,59490.324513899999,15.5700903,0.0112172784,0,zg,341.4141424,20.276000199999999,0.930999994,-0.0130000003,20211003324514,597,0xa,0x1,21.6700001,26.2915955,0.0311593339,-0.0869338512,1.26952928e-05,30,1.17999995,2
597110100003389,173634771,2459490.8528154176,59490.347719899997,15.5929441,0.0112539129,0,zg,341.41414809999998,20.2760216,0.566999972,-0.0299999993,20211003347708,597,0xa,0x1,21.5599995,26.2783337,0.0302418694,-0.0855834857,1.20103723e-05,30,1.28299999,2
597110100003389,173728614,2459491.7912124177,59491.286145799997,15.5745306,0.0112243304,0,zg,341.41413870000002,20.276029600000001,0.412,-0.00700000022,20211004286134,597,0xa,0x1,21.3899994,26.1900978,0.0336058363,-0.0817477107,1.50059586e-05,30,1.08099997,1
597110100003389,173729832,2459491.8033880303,59491.298321800001,15.5657368,0.0112103932,0,zg,341.414153,20.276010899999999,0.592000008,-0.00800000038,20211004298310,597,0xa,0x1,21.5599995,26.1950321,0.0318534598,-0.0855542049,1.34331067e-05,30,1.10800004,2
597110100003389,174334040,2459497.8452545502,59497.340405100003,15.5781689,0.0112301335,0,zg,341.41418160000001,20.276012699999999,0.742999971,-0.00800000038,20211010340394,597,0xa,0x1,20.8400002,26.2773838,0.0376807079,-0.0715464801,2.07179091e-05,30,1.352,1
597110100003389,174335863,2459497.8634829996,59497.358634299999,15.5937252,0.0112551786,0,zg,341.41413599999998,20.276020599999999,0.419,-0.00400000019,20211010358576,597,0xa,0x1,20.8799992,26.2424965,0.0347579904,-0.0644420683,1.76424728e-05,30,1.48800004,2
597110100003389,174422216,2459498.7269779602,59498.222164400002,15.5720491,0.0112203863,0,zg,341.41414220000001,20.276017100000001,0.573000014,0.0469999984,20211011222153,597,0xa,0x1,21.6700001,26.3132,0.0324906409,-0.0788043588,1.39955755e-05,30,1.03199995,2
597110100003389,174434236,2459498.8471696218,59498.342361100003,15.5969515,0.0112604201,0,zg,341.41415669999998,20.276037500000001,0.934000015,0.0460000001,20211011342350,597,0xa,0x1,21.5499992,26.2564201,0.0319746211,-0.0776412934,1.3552577e-05,30,1.38300002,2
597110100003389,174824182,2459502.7464649631,59502.241828699996,15.6035681,0.0112712253,0,zg,341.41413490000002,20.276019099999999,0.58099997,0.00999999978,20211015241817,597,0xa,0x1,20.7199993,26.3207798,0.0313332267,-0.0575059652,1.53246692e-05,30,1.05799997,1
597110100003389,174840373,2459502.9083669423,59502.403738399997,15.6262598,0.0113088135,0,zg,341.41415110000003,20.2760593,0.598999977,-0.0460000001,20211015403727,597,0xa,0x1,19.4200001,26.0581055,0.044641424,-0.0362638719,7.88479592e-05,30,2.4000001,2
597110100003389,174913142,2459503.6360176872,59503.131423600003,15.5715599,0.0112196077,0,zg,341.41413729999999,20.276017100000001,0.418000013,-0.0130000003,20211016131424,597,0xa,0x1,20.3899994,26.2919483,0.0349454544,-0.0362005606,2.33966766e-05,30,1.11199999,2
597110100003389,174934615,2459503.8507411024,59503.346157400003,15.586484,0.0112434737,0,zg,341.41414470000001,20.2760243,0.397000015,-0.00300000003,20211016346157,597,0xa,0x1,19.7700005,26.2401524,0.0378834046,-0.0515742786,4.03958074e-05,30,1.52199996,2
597110100003389,175023770,2459504.7422485244,59504.237708300003,15.5859518,0.011242616,0,zg,341.41414470000001,20.276004499999999,0.680000007,-0.0130000003,20211017237708,597,0xa,0x1,20.5900002,26.2660446,0.0339654423,-0.0514660515,2.06765944e-05,30,1.05999994,1
597110100003389,175038200,2459504.8865352734,59504.382002300001,15.5947933,0.0112569127,0,zg,341.41416079999999,20.276012900000001,1.47099996,0.00400000019,20211017381898,597,0xa,0x1,20.0400009,26.1163425,0.0362200141,-0.0311429184,3.02529825e-05,30,2.03200006,2
597110100003389,175118502,2459505.6895159292,59505.185023099999,15.5781136,0.0112300441,0,zg,341.41414070000002,20.276004100000002,0.656000018,0.0489999987,20211018185012,597,0xa,0x1,20.5100002,26.3327656,0.0339393131,-0.0384054966,2.14254796e-05,30,1.03199995,2
597110100003389,175122851,2459505.7330091228,59505.2285185,15.5895739,0.0112484572,0,zg,341.41414520000001,20.276005300000001,0.398000002,-0.0160000008,20211018228519,597,0xa,0x1,20.1499996,26.3268509,0.0398106091,-0.0520278327,3.5121564e-05,30,1.051,2
597110100003389,175537777,2459509.8820470464,59509.3777778,15.586709,0.0112438342,0,zg,341.41416120000002,20.276022300000001,1.43599999,0.0579999983,20211022377778,597,0xa,0x1,20.1299992,26.1557293,0.0350486152,-0.02972541,2.89960353e-05,30,2.22799993,2
597110100003389,175623380,2459510.7380289515,59510.233807899996,15.5986471,0.0112631824,0,zg,341.41413779999999,20.276013599999999,0.421999991,0.0240000002,20211023233808,597,0xa,0x1,20.8600006,26.3296947,0.0338623151,-0.0477802083,1.71700412e-05,30,1.08099997,1
597110100003389,175734171,2459511.8458701335,59511.341713000002,15.586195,0.0112430071,0,zg,341.41414639999999,20.276021400000001,0.532000005,-0.00200000009,20211024341678,597,0xa,0x1,19.6000004,25.943346,0.0390322357,-0.0323624723,4.77383692e-05,30,1.70799994,2
597110100003389,176318410,2459517.687905584,59517.1841088,15.6045218,0.011272788,0,zg,341.41413690000002,20.276002600000002,0.819999993,0.00700000022,20211030184097,597,0xa,0x1,22.0100002,26.3546886,0.0293073598,-0.0892766714,1.11829941e-05,30,1.03999996,1
597110100003389,176426458,2459518.7683091699,59518.264583299999,15.560523,0.0112021845,0,zg,341.41415189999998,20.2759982,0.963,0.0189999994,20211031264525,597,0xa,0x1,21.9699993,26.3359222,0.0321585722,-0.11226967,1.35766986e-05,30,1.25,2
597110100003389,176617877,2459520.6823703502,59520.1787731,15.5936089,0.0112549895,0,zg,341.41414200000003,20.276021400000001,0.372999996,0.0419999994,20211102178773,597,0xa,0x1,21.7700005,26.3461628,0.0288150571,-0.0831198767,1.07466649e-05,30,1.04200006,2
597110100003389,176627733,2459520.7809284711,59520.277338,15.5868368,0.0112440418,0,zg,341.41415310000002,20.276011199999999,0.755999982,-0.0439999998,20211102277338,597,0xa,0x1,21.5499992,26.308918,0.0288189594,-0.0895062461,1.09914145e-05,30,1.35099995,1
597110100003389,176627922,2459520.7828148403,59520.279224500002,15.5942144,0.0112559721,0,zg,341.41415310000002,20.276018799999999,0.635999978,0.00400000019,20211102279225,597,0xa,0x1,21.4599991,26.3052444,0.0302009545,-0.0880721509,1.20765717e-05,30,1.36300004,2
597110100003389,176719851,2459521.7020456335,59521.198518500001,15.5687923,0.0112152221,0,zg,341.4141391,20.2760189,0.699999988,0.00300000003,20211103198507,597,0xa,0x1,21.8099995,26.3514709,0.028928671,-0.0857848525,1.08930462e-05,30,1.07099998,2
597110100003389,176722281,2459521.72633794,59521.222812499997,15.5728226,0.0112216156,0,zg,341.41414070000002,20.276015900000001,0.666999996,0.023,20211103222812,597,0xa,0x1,21.8199997,26.3563271,0.0303421989,-0.103763275,1.20192271e-05,30,1.125,2
597110100003389,176821439,2459522.7178543224,59522.214398099997,15.5685835,0.0112148914,0,zg,341.41415080000002,20.2760225,0.47299999,-0.00200000009,20211104214375,597,0xa,0x1,21.5900002,26.3379383,0.029839823,-0.0836488605,1.17264171e-05,30,1.11000001,1
597110100003389,176821628,2459522.7197407889,59522.2162847,15.5783787,0.0112304678,0,zg,341.41415009999997,20.2760304,0.791999996,0.0599999987,20211104216285,597,0xa,0x1,21.6299992,26.3340054,0.0304934978,-0.0825348198,1.2318159e-05,30,1.11500001,2
597110100003389,176826026,2459522.763719169,59522.260266199999,15.5898848,0.0112489592,0,zg,341.41415860000001,20.2760146,0.555000007,-0.0160000008,20211104260266,597,0xa,0x1,21.7600002,26.3094788,0.0297841188,-0.0835483968,1.17188665e-05,30,1.28299999,2
597110100003389,176920271,2459523.706106151,59523.2027199,15.591156,0.0112510165,0,zg,341.41413560000001,20.276014100000001,0.861999989,0.0930000022,20211105202708,597,0xa,0x1,21.8199997,26.3347244,0.0301381499,-0.0785279423,1.19264714e-05,30,1.08899999,2
597110100003389,176930306,2459523.8064461211,59523.303067100001,15.5764122,0.0112273293,0,zg,341.4141515,20.276019000000002,0.588999987,0.0250000004,20211105302905,597,0xa,0x1,21.5599995,26.2498016,0.0297343265,-0.0686780587,1.16184983e-05,30,1.63900006,2
597110100003389,177014174,2459524.64506659,59524.1417477,15.5526991,0.0111899469,0,zg,341.41414159999999,20.275989599999999,0.83099997,0.00100000005,20211106141609,597,0xa,0x1,21.9200001,26.3530369,0.0273061041,-0.083686173,9.86727628e-06,30,1.03100002,2
597110100003389,177016458,2459524.6679005399,59524.1645833,15.5371723,0.0111659393,0,zg,341.41414099999997,20.2759885,1.37800002,0.0599999987,20211106164572,597,0xa,0x1,22.0699997,26.3563671,0.0289311484,-0.0893405899,1.10317096e-05,30,1.03999996,1
597110100003389,177030019,2459524.8035041564,59524.300196800003,15.5572081,0.0111969877,0,zg,341.41415919999997,20.276013500000001,0.75,0.0410000011,20211106300139,597,0xa,0x1,21.7900009,26.2565632,0.0286130384,-0.0777337402,1.07564711e-05,30,1.63699996,2
597110100003389,177120118,2459525.7044224539,59525.201180600001,15.5849819,0.0112410551,0,zg,341.41414049999997,20.276001000000001,0.386000007,0.0219999999,20211107201146,597,0xa,0x1,21.8500004,26.3503265,0.0298414342,-0.0922310576,1.15735329e-05,30,1.09800005,2
597110100003389,177122554,2459525.7287840573,59525.225544000001,15.5895081,0.0112483511,0,zg,341.41413560000001,20.276003899999999,0.693000019,-0.0320000015,20211107225509,597,0xa,0x1,21.6800003,26.3348427,0.0294639654,-0.0903744474,1.13240094e-05,30,1.16799998,2
597110100003389,177219435,2459526.6975205974,59526.194351899998,15.6220074,0.0113017056,0,zg,341.41414589999999,20.275999599999999,1.05700004,-0.0149999997,20211108194352,597,0xa,0x1,21.9799995,26.345787,0.0293754488,-0.0896320716,1.13068809e-05,30,1.08899999,2
597110100003389,177220822,2459526.7113968623,59526.208229199998,15.586154,0.011242941,0,zg,341.41414300000002,20.2760076,0.787,-0.0189999994,20211108208218,597,0xa,0x1,22.0599995,26.3399734,0.0298325438,-0.0913524777,1.16180872e-05,30,1.12199998,1
597110100003389,177221640,2459526.7195675522,59526.216400500001,15.574707,0.0112246117,0,zg,341.41414429999998,20.276000199999999,1.00199997,-0.00600000005,20211108216389,597,0xa,0x1,22.0799999,26.3401623,0.0282218177,-0.0899164155,1.04588626e-05,30,1.14600003,2
597110100003389,177316023,2459527.6633281969,59527.160231499998,15.6040773,0.0112720598,0,zg,341.41414209999999,20.276013500000001,0.592999995,0.0480000004,20211109160231,597,0xa,0x1,21.7399998,26.3489494,0.0257316101,-0.0795579925,8.59406282e-06,30,1.04299998,2
597110100003389,177521372,2459529.7166677611,59529.213726900001,15.5809469,0.0112345787,0,zg,341.41414159999999,20.276035,0.527999997,-0.0140000004,20211111213727,597,0xa,0x1,20.8999996,26.3319092,0.032745067,-0.0498721935,1.5544294e-05,30,1.16400003,2
597110100003389,177523337,2459529.7363189394,59529.233379600002,15.5898275,0.0112488661,0,zg,341.41413940000001,20.2760316,0.665000021,-0.00400000019,20211111233380,597,0xa,0x1,20.8500004,26.3129787,0.0304558072,-0.039070297,1.34731117e-05,30,1.24399996,1
597110100003389,177525079,2459529.7537365896,59529.250798599998,15.6065083,0.0112760467,0,zg,341.41415319999999,20.276045,0.578999996,0.0149999997,20211111250602,597,0xa,0x1,20.5400009,26.2965984,0.0353949293,-0.0321336463,2.05747856e-05,30,1.33800006,2
597110100003389,177718706,2459531.6898480114,59531.187060199998,15.5749846,0.011225054,0,zg,341.41412659999997,20.276025600000001,0.744000018,0.0120000001,20211113187060,597,0xa,0x1,20.1499996,26.320715,0.0397249497,-0.0509614274,3.46113375e-05,30,1.10300004,2
597110100003389,177730577,2459531.8085539094,59531.305775499997,15.5518932,0.0111886915,0,zg,341.41415069999999,20.276025199999999,1.148,-0.023,20211113305775,597,0xa,0x1,20.1399994,26.1521568,0.0399095342,-0.0365901366,3.40853876e-05,30,1.98599994,1
597110100003389,177731504,2459531.8178239726,59531.315046299998,15.5821266,0.0112364683,0,zg,341.41415319999999,20.276041599999999,0.439999998,0.0140000004,20211113315046,597,0xa,0x1,20.25,26.1604214,0.0345128849,-0.0359159,2.58635337e-05,30,2.16899991,2
597110100003389,177819604,2459532.6987500461,59532.196041700001,15.5940342,0.0112556787,0,zg,341.41414109999999,20.2760143,0.591000021,0.0130000003,20211114195972,597,0xa,0x1,20.5799999,26.342289,0.033825241,-0.0581208356,1.92599e-05,30,1.13399994,2
597110100003389,177828031,2459532.7830141094,59532.280312499999,15.5718975,0.011220146,0,zg,341.41415929999999,20.276026399999999,0.512000024,0.00700000022,20211114279919,597,0xa,0x1,19.9099998,26.2418938,0.0387319699,-0.0217466764,3.85619605e-05,30,1.65999997,2
597110100003389,178229451,2459536.7968916143,59536.2945139,15.5982523,0.0112625407,0,zg,341.41413820000002,20.276035700000001,0.716000021,0.0130000003,20211118293854,597,0xa,0x1,19.4699993,26.1312332,0.036753308,-0.026748715,4.91086867e-05,30,2.02999997,2
597110100003389,178320629,2459537.7085989695,59537.206296299999,15.6018982,0.0112684909,0,zg,341.41414559999998,20.276012999999999,0.758000016,-0.0309999995,20211119206285,597,0xa,0x1,19.5799999,25.8658791,0.0389474295,-0.0449170955,6.31924922e-05,30,1.22000003,1
597110100003389,178328188,2459537.7841829509,59537.281886600002,15.6068401,0.0112765944,0,zg,341.41415940000002,20.276024700000001,0.578000009,-0.00300000003,20211119281875,597,0xa,0x1,19.6700001,26.0703278,0.0425907895,-0.0513470732,6.10555799e-05,30,1.86199999,2
597110100003389,178421553,2459538.7177512799,59538.215532399998,15.5707216,0.0112182777,0,zg,341.4141497,20.2760131,0.912999988,0.0260000005,20211120215532,597,0xa,0x1,20.5799999,26.2864285,0.0318223611,-0.0417284407,1.82214426e-05,30,1.27699995,2
597110100003389,178624295,2459540.7450000467,59540.242951400003,15.5897999,0.0112488233,0,zg,341.41415030000002,20.2760091,0.556999981,0,20211122242940,597,0xa,0x1,19.8799992,26.27878,0.0376812965,-0.0427039601,3.82767284e-05,30,1.50300002,2
597110100003389,178626253,2459540.7645816715,59540.262534699999,15.5799036,0.0112329088,0,zg,341.4141406,20.2760341,0.532999992,0.0109999999,20211122262523,597,0xa,0x1,19.8799992,26.2376957,0.0388666764,-0.04049889,4.08429005e-05,30,1.70799994,1
597110100003389,178630032,2459540.8023678334,59540.300324099997,15.6546736,0.0113570746,0,zg,341.41412459999998,20.276058500000001,1.04799998,0.0390000008,20211122300324,597,0xa,0x1,18.0300007,26.1543312,0.0520089678,-0.0673280358,0.00052178459,30,2.40899992,2
597110100003389,178812107,2459542.6229653233,59542.121076399999,15.6096735,0.0112812556,0,zg,341.414151,20.2760228,0.298000008,-0.00600000005,20211124121076,597,0xa,0x1,21.3600006,26.3284817,0.0353344902,-0.0746524781,1.66927803e-05,30,1.04400003,2
597110100003389,178915232,2459543.6541267661,59543.152326399999,15.561965,0.0112044513,0,zg,341.41414880000002,20.276016800000001,0.764999986,0.00400000019,20211125152315,597,0xa,0x1,20.5699997,26.3086815,0.0342942998,-0.0549551286,1.996028e-05,30,1.09899998,1
597110100003389,197741070,2459731.9099041857,59731.410706000002,15.5742798,0.0112239318,0,zg,341.41414359999999,20.276025799999999,0.944999993,-0.00899999961,20220601410706,597,0xa,0x1,21.0699997,26.1862774,0.0357296281,-0.0776041821,1.7445609e-05,30,1.69799995,1
597110100003389,197945903,2459733.9584153211,59733.459039399997,15.6046553,0.0112730069,0,zg,341.4141679,20.276022900000001,0.810000002,0.0280000009,20220603458889,597,0xa,0x1,21.6399994,26.2467842,0.0314166024,-0.0688994601,1.2910743e-05,30,1.26600003,1
597110100003389,198245871,2459736.9583530612,59736.458715300003,15.5562916,0.0111955535,0,zg,341.41414589999999,20.276024400000001,0.746999979,0.0289999992,20220606458715,597,0xa,0x1,21.6299992,26.2893982,0.0277910996,-0.0709624588,1.01230571e-05,30,1.22899997,1
597110100003389,198745092,2459741.9510019748,59741.450925899997,15.5987663,0.011263378,0,zg,341.41414570000001,20.2760058,0.842000008,0.0829999968,20220611450914,597,0xa,0x1,21.6700001,26.1990337,0.0292038638,-0.0765698627,1.11602121e-05,30,1.204,1
597110100003389,199044668,2459744.9470293522,59744.446689800003,15.582263,0.0112366881,0,zg,341.41415510000002,20.276005699999999,0.541999996,-0.00700000022,20220614446644,597,0xa,0x1,20.0300007,26.3138943,0.0353587456,-0.0440661199,3.02229619e-05,30,1.18799996,1
597110100003389,199440450,2459748.9051891705,59748.4045023,15.5925303,0.0112532414,0,zg,341.4141573,20.276012900000001,0.158999994,0.00400000019,20220618404502,597,0xa,0x1,20.3999996,26.2734718,0.0337426104,-0.0423028842,2.18879195e-05,30,1.34300005,1
597110100003389,199642081,2459750.9216733063,59750.420810199998,15.5863619,0.0112432754,0,zg,341.41415619999998,20.2760183,0.505999982,0.0109999999,20220620420799,597,0xa,0x1,20.7999992,26.2754669,0.0346783325,-0.0528904386,1.86453963e-05,30,1.227,1
597110100003389,200142043,2459755.9217361649,59755.4204398,15.5885229,0.0112467604,0,zg,341.41415840000002,20.276012000000001,1.079,-0.0419999994,20220625420440,597,0xa,0x1,21.4300003,26.3078365,0.0298828091,-0.0760393292,1.16670226e-05,30,1.17400002,1
597110100003389,200337924,2459757.880711827,59757.379247700002,15.5986748,0.011263228,0,zg,341.41415510000002,20.276001999999998,0.745999992,0.0109999999,20220627379248,597,0xa,0x1,21.3500004,26.1989784,0.0318161361,-0.0591726638,1.36526442e-05,30,1.347,1
597110100003389,200341555,2459757.9170228527,59757.415555599997,15.5794802,0.0112322289,0,zg,341.41416390000001,20.275996599999999,0.717999995,0.0469999984,20220627415521,597,0xa,0x1,21.4500008,26.2497864,0.0311377756,-0.0638410151,1.28410566e-05,30,1.17200005,1
597110100003389,200544053,2459759.9421716346,59759.440532400004,15.5809984,0.0112346606,0,zg,341.41414600000002,20.275996599999999,1.04700005,0.00400000019,20220629440521,597,0xa,0x1,21.8899994,26.2861576,0.027774822,-0.0935468301,1.0347344e-05,30,1.08800006,1
597110100003389,200743034,2459761.9321537488,59761.430347200003,15.6226463,0.011302772,0,zg,341.41418709999999,20.276036399999999,1.01100004,0.0460000001,20220701430336,597,0xa,0x1,21.7199993,26.3020363,0.0333153903,-0.0703807846,1.4735172e-05,30,1.09800005,1
597110100003389,201042252,2459764.9245777382,59764.422523100002,15.5819063,0.0112361163,0,zg,341.41415790000002,20.275998399999999,0.75,0.0260000005,20220704422523,597,0xa,0x1,21.6599998,26.3275356,0.0310551152,-0.080083549,1.26883497e-05,30,1.097,1
597110100003389,201242349,2459766.9257133016,59766.423495399999,15.557786,0.0111978929,0,zg,341.4141482,20.276002800000001,0.545000017,0.0199999996,20220706423495,597,0xa,0x1,21.8099995,26.3413944,0.0291760881,-0.101587489,1.11975842e-05,30,1.08299994,1
597110100003389,201538648,2459769.8889367925,59769.386481499998,15.5989628,0.0112636983,0,zg,341.41416900000002,20.276012999999999,0.644999981,0.00700000022,20220709386482,597,0xa,0x1,21.3299999,26.3095875,0.0324227698,-0.0716151595,1.4105085e-05,30,1.15900004,2
597110100003389,201543586,2459769.9383273269,59769.435868100001,15.5859747,0.0112426514,0,zg,341.4141707,20.276011199999999,0.50999999,0.00100000005,20220709435856,597,0xa,0x1,21.7700005,26.3303547,0.0303974096,-0.0824989676,1.2208764e-05,30,1.051,1
597110100003389,201544827,2459769.9507357115,59769.448275499999,15.5787668,0.011231089,0,zg,341.41417799999999,20.276007400000001,0.444000006,0.0359999985,20220709448275,597,0xa,0x1,21.5100002,26.3340149,0.0298800245,-0.0799788088,1.19324459e-05,30,1.03900003,1
597110100003389,201634064,2459770.8431786299,59770.340648099998,15.6050968,0.0112737296,0,zg,341.41413979999999,20.276013299999999,0.595000029,-0.0500000007,20220710340648,597,0xa,0x1,20.9300003,26.2534409,0.0338316597,-0.0560317114,1.68141651e-05,30,1.36699998,2
597110100003389,201740358,2459771.9062017086,59771.403588000001,15.5880394,0.0112459799,0,zg,341.41415519999998,20.2760003,0.788999975,-0.0120000001,20220711403588,597,0xa,0x1,21.0499992,26.3222084,0.0286102239,-0.0655183718,1.15660732e-05,30,1.097,1
597110100003389,201745550,2459771.9581270637,59771.455509300002,15.5669136,0.0112122511,0,zg,341.41416470000001,20.276022699999999,0.556999981,0.00600000005,20220711455509,597,0xa,0x1,21.9099998,26.3289356,0.0310150851,-0.0897908658,1.30332928e-05,30,1.03299999,1
597110100003389,202638106,2459780.8843472861,59780.3810648,15.5624294,0.0112051805,0,zg,341.41415599999999,20.276007,0.305000007,-0.0189999994,20220720381053,597,0xa,0x1,21.2000008,26.1945591,0.0280918013,-0.050214719,1.07772785e-05,30,1.09200001,2
597110100003389,202643445,2459780.9377422812,59780.434456000003,15.60219,0.0112689687,0,zg,341.41419109999998,20.276017199999998,0.958000004,0.142000005,20220720434444,597,0xa,0x1,21,26.2132587,0.0314612687,-0.0279725287,1.43114576e-05,30,1.03199995,2
597110100003389,202646648,2459780.9697700501,59780.4664815,15.5936222,0.0112550128,0,zg,341.41415990000002,20.2760082,0.616999984,0.00300000003,20220720466470,597,0xa,0x1,21.1700001,26.1726418,0.0306126438,-0.0519950725,1.34676766e-05,30,1.04299998,2
597110100003389,202728006,2459781.783415169,59781.280069400003,15.5887985,0.0112472055,0,zg,341.41414550000002,20.276002299999998,1.13699996,-0.0250000004,20220721279907,597,0xa,0x1,21.2099991,26.0879097,0.0306938421,-0.0539072603,1.27853991e-05,30,1.63,2
597110100003389,202732737,2459781.8307218272,59781.327372699998,15.5972414,0.0112608932,0,zg,341.41413240000003,20.276013800000001,0.319999993,-0.0350000001,20220721327361,597,0xa,0x1,21.1000004,26.0193996,0.0313653424,-0.0804681107,1.378873e-05,30,1.26999998,2
597110100003389,202736347,2459781.8668238786,59781.363472199999,15.5635481,0.0112069426,0,zg,341.4141568,20.2760134,1.05700004,-0.0579999983,20220721363472,597,0xa,0x1,21.3299999,26.2087231,0.0290440544,-0.0668311641,1.12254475e-05,30,1.12899995,2
597110100003389,202736440,2459781.8677614457,59781.3644097,15.5693836,0.011216158,0,zg,341.4141449,20.2760149,1.09000003,-0.0189999994,20220721364410,597,0xa,0x1,21.3899994,26.2125797,0.0268637631,-0.0814408287,9.72176349e-06,30,1.12699997,1
597110100003389,202739996,2459781.9033195507,59781.399965299999,15.587327,0.0112448325,0,zg,341.41414900000001,20.276002699999999,0.953000009,-0.023,20220721399965,597,0xa,0x1,21.1200008,26.0904942,0.0317931212,-0.0747930035,1.42159834e-05,30,1.05499995,2
597110100003389,202832673,2459782.8301547728,59782.326736100003,15.5949116,0.0112571046,0,zg,341.41416149999998,20.276014400000001,0.708000004,0.0120000001,20220722326736,597,0xa,0x1,21.4099998,26.1691189,0.030296078,-0.0868503228,1.25605302e-05,30,1.25899994,2
597110100003389,202846851,2459782.9719470111,59782.468518499998,15.5896711,0.0112486146,0,zg,341.41415549999999,20.2760067,0.601999998,0.00700000022,20220722468519,597,0xa,0x1,21.4200001,26.1758766,0.0280061904,-0.0674832016,1.07436163e-05,30,1.04999995,2
597110100003389,202932704,2459783.8305359776,59783.327048599996,15.5681982,0.0112142805,0,zg,341.41414529999997,20.2759979,0.796999991,-0.0109999999,20220723327037,597,0xa,0x1,21.7199993,26.2533321,0.026972197,-0.0833564475,9.58377223e-06,30,1.24399996,2
597110100003389,202933771,2459783.8412080118,59783.337719900002,15.5773907,0.011228892,0,zg,341.41415490000003,20.276016899999998,0.648000002,-0.0370000005,20220723337708,597,0xa,0x1,21.6399994,26.2554989,0.0303792637,-0.0881276727,1.23846112e-05,30,1.19799995,2
597110100003389,202933865,2459783.8421455761,59783.338657400003,15.5804472,0.0112337787,0,zg,341.41415849999998,20.276020599999999,0.758000016,0.00400000019,20220723338657,597,0xa,0x1,21.6599998,26.2535744,0.0292532034,-0.0820235237,1.14328295e-05,30,1.19400001,1
597110100003389,203036380,2459784.8673655214,59784.363807900001,15.5728178,0.0112216081,0,zg,341.41415360000002,20.276004100000002,0.476000011,-0.0240000002,20220724363762,597,0xa,0x1,22,26.2232609,0.0288611092,-0.099794209,1.09511357e-05,30,1.10699999,2
597110100003389,203038614,2459784.8897049329,59784.386145800003,15.5669661,0.0112123331,0,zg,341.41416629999998,20.275993499999998,0.703999996,-0.0170000009,20220724386146,597,0xa,0x1,22.0599995,26.2041988,0.0291957017,-0.0892788693,1.12524222e-05,30,1.06299996,2
597110100003389,203134150,2459785.8451274894,59785.341504600001,15.6040268,0.0112719769,0,zg,341.4141434,20.2760161,1.24699998,-0.0359999985,20220725341505,597,0xa,0x1,21.7900009,26.1894455,0.0288588963,-0.0820363984,1.10935534e-05,30,1.16400003,2
597110100003389,203142385,2459785.9274825719,59785.423854200002,15.5913887,0.0112513928,0,zg,341.41419990000003,20.276028799999999,0.796999991,-0.061999999,20220725423854,597,0xa,0x1,21.6200008,26.2326374,0.0347807072,-0.062864773,1.62540928e-05,30,1.03100002,1
597110100003389,203142480,2459785.9284316357,59785.424803200003,15.5666313,0.0112118041,0,zg,341.41419669999999,20.276014,1.13699996,0.179000005,20220725424792,597,0xa,0x1,21.6200008,26.2297573,0.0346086845,-0.0552913174,1.63641162e-05,30,1.03100002,2
597110100003389,203234704,2459786.8507376616,59786.347048600001,15.5856056,0.0112420581,0,zg,341.41415189999998,20.276018700000002,0.91900003,0.00600000005,20220726347037,597,0xa,0x1,21.9400005,26.224596,0.0282984599,-0.0929769874,1.08104759e-05,30,1.13699996,2
597110100003389,203245437,2459786.958071088,59786.454375000001,15.5973024,0.0112609928,0,zg,341.41416559999999,20.2759991,0.547999978,-0.0179999992,20220726454375,597,0xa,0x1,22.0699997,26.2576656,0.0315431282,-0.0954288691,1.32009272e-05,30,1.04700005,2
597110100003389,203336210,2459787.8658613455,59787.362106499997,15.5757675,0.011226302,0,zg,341.4141525,20.2760034,1.20700002,0.0560000017,20220727362106,597,0xa,0x1,21.8500004,26.2339115,0.0282916166,-0.0834146664,1.05422705e-05,30,1.09200001,1
597110100003389,203336305,2459787.8668105062,59787.363055599999,15.5700397,0.0112171965,0,zg,341.41415869999997,20.276012999999999,0.913999975,-0.0320000015,20220727363044,597,0xa,0x1,21.9899998,26.2371635,0.0298079792,-0.088274844,1.16559804e-05,30,1.09000003,2
597110100003389,203339063,2459787.8943932885,59787.390636600001,15.5735769,0.0112228133,0,zg,341.41416650000002,20.2760186,0.377999991,0.0329999998,20220727390625,597,0xa,0x1,21.7099991,26.2366276,0.0346873552,-0.072226651,1.60950894e-05,30,1.04700005,2
597110100003389,203447298,2459788.9768117345,59788.472986100001,15.6022844,0.0112691233,0,zg,341.4141654,20.276009200000001,0.89200002,-0.0160000008,20220728472963,597,0xa,0x1,21.7700005,26.2374287,0.0291065164,-0.0904424787,1.1217614e-05,30,1.08200002,2
597110100003389,203537104,2459789.8749236246,59789.371041699997,15.5840816,0.0112396069,0,zg,341.41415519999998,20.276000400000001,0.35800001,0.00200000009,20220729371030,597,0xa,0x1,21.7999992,26.1559677,0.0298547689,-0.0856049955,1.16047304e-05,30,1.06500006,2
597110100003389,203538799,2459789.8918806822,59789.387997700003,15.6012592,0.0112674469,0,zg,341.41419430000002,20.2760082,0.931999981,0.0280000009,20220729387963,597,0xa,0x1,21.1900005,26.1224499,0.0349980555,-0.0529462993,1.73420831e-05,30,1.04400003,1
597110100003389,203540041,2459789.9043004583,59789.400416700002,15.5979156,0.0112619903,0,zg,341.41416839999999,20.276004199999999,0.303000003,-0.0120000001,20220729400417,597,0xa,0x1,21.5499992,26.173193,0.0315974802,-0.0772185922,1.32467303e-05,30,1.03499997,2
597110100003389,203629723,2459790.8011728413,59790.297233800004,15.5748196,0.0112247923,0,zg,341.41414300000002,20.2760316,0.684000015,0.0419999994,20220730297153,597,0xa,0x1,21.3600006,25.9331093,0.0323742628,-0.0717708245,1.46152861e-05,30,1.29900002,2
597110100003389,203635076,2459790.8547062543,59790.350763900002,15.5894861,0.0112483157,0,zg,341.41416099999998,20.275997,0.630999982,0.0120000001,20220730350764,597,0xa,0x1,21.75,26.2047215,0.02990973,-0.0862466097,1.19242604e-05,30,1.09899998,2
597110100003389,203930342,2459793.8075440815,59793.303425899998,15.6028881,0.0112701114,0,zg,341.41413940000001,20.276016500000001,1.21099997,0.0199999996,20220802303426,597,0xa,0x1,21.6800003,26.2281628,0.0283868499,-0.0885774642,1.05734289e-05,30,1.227,1
597110100003389,203930437,2459793.8084932375,59793.304375,15.5818501,0.011236025,0,zg,341.41413410000001,20.276017700000001,0.363000005,0.00300000003,20220802304363,597,0xa,0x1,21.5100002,26.2210579,0.0311484188,-0.0746111199,1.29495411e-05,30,1.22300005,2
597110100003389,204140356,2459795.9078021627,59795.403564799999,15.5729027,0.0112217413,0,zg,341.41416700000002,20.2759991,0.792999983,0.0590000004,20220804403553,597,0xa,0x1,21.8500004,26.2224789,0.0304797217,-0.0740532801,1.23552645e-05,30,1.03100002,2
597110100003389,204140450,2459795.9087397153,59795.4045023,15.5822182,0.0112366145,0,zg,341.41416040000001,20.275994799999999,0.888999999,0.0610000007,20220804404491,597,0xa,0x1,21.9200001,26.2638054,0.0298246741,-0.0807355568,1.18144098e-05,30,1.03199995,1
597110100003389,204246322,2459796.9675247297,59796.463229200002,15.5962391,0.0112592615,0,zg,341.4141889,20.276036600000001,0.606999993,0.0579999983,20220805463229,597,0xa,0x1,21.7800007,26.2336712,0.0327365249,-0.0736357719,1.43233128e-05,30,1.10899997,2
597110100003389,204339333,2459797.8976788307,59797.393333300002,15.6063528,0.0112757925,0,zg,341.41416529999998,20.276028,0.783999979,0.0649999976,20220806393322,597,0xa,0x1,21.8600006,26.3334713,0.0290426891,-0.0795156434,1.10870287e-05,30,1.03100002,2
597110100003389,204340293,2459797.9072858421,59797.402939799998,15.6038475,0.0112716826,0,zg,341.41416779999997,20.276010800000002,1.20700002,0.0659999996,20220806402905,597,0xa,0x1,21.9799995,26.3431911,0.0291099641,-0.0866427124,1.12590205e-05,30,1.03199995,2
597110100003389,204432982,2459798.8342212066,59798.329826399997,15.5782757,0.0112303039,0,zg,341.41415230000001,20.276006899999999,0.529999971,0.0199999996,20220807329815,597,0xa,0x1,21.6499996,26.293211,0.0271456223,-0.0722701401,9.57914017e-06,30,1.097,2
597110100003389,204439572,2459798.9001274519,59798.395729199998,15.5892315,0.011247904,0,zg,341.41416170000002,20.276013599999999,0.815999985,0.0280000009,20220807395718,597,0xa,0x1,21.7700005,26.2746754,0.0292123295,-0.0771744624,1.1157289e-05,30,1.03100002,1
597110100003389,204441662,2459798.9210197362,59798.416620399999,15.5845575,0.0112403734,0,zg,341.41417430000001,20.276005999999999,0.486999989,0.0340000018,20220807416586,597,0xa,0x1,21.4500008,26.2887821,0.0295632202,-0.0765203834,1.17017007e-05,30,1.04200006,2
597110100003389,204639555,2459800.9000554145,59800.3955556,15.5884085,0.011246576,0,zg,341.41416329999998,20.276007400000001,1.38,0.0439999998,20220809395556,597,0xa,0x1,21.4200001,26.2946014,0.0268130265,-0.0607710592,9.75892817e-06,30,1.03299999,2
597110100003389,204742387,2459801.9284274317,59801.423877300003,15.5994682,0.0112645235,0,zg,341.41415740000002,20.276011499999999,1.10399997,-0.0590000004,20220810423877,597,0xa,0x1,20.9300003,26.3055916,0.0309520718,-0.0690363869,1.41769297e-05,30,1.05900002,2
597110100003389,204842150,2459802.9261022997,59802.421504600003,15.5916023,0.0112517383,0,zg,341.41416989999999,20.276012600000001,0.971000016,0.0149999997,20220811421505,597,0xa,0x1,20.5599995,26.3348293,0.036015965,-0.0396357626,2.39138935e-05,30,1.05999994,2
597110100003389,204944533,2459803.9499808135,59803.445335600001,15.6101751,0.0112820817,0,zg,341.4141654,20.276015999999998,1.22800004,0.118000001,20220812445301,597,0xa,0x1,20.0100002,26.2733994,0.0395244397,-0.0272480529,3.93729861e-05,30,1.11199999,1
597110100003389,205142284,2459805.9275804493,59805.422847200003,15.5854521,0.0112418123,0,zg,341.41416779999997,20.276026399999999,0.686999977,0.023,20220814422847,597,0xa,0x1,20.4799995,26.2797356,0.0348077603,-0.0455735438,2.35733187e-05,30,1.07500005,2
597110100003389,205326453,2459807.7693476682,59807.264537000003,15.5764103,0.0112273255,0,zg,341.41414379999998,20.2760164,0.736000001,0.00300000003,20220816264537,597,0xa,0x1,20.9200001,26.2280197,0.0318295695,-0.0362038426,1.82100357e-05,30,1.23000002,2
597110100003389,205344459,2459807.9494129242,59807.4445949,15.5959959,0.0112588666,0,zg,341.41415269999999,20.2760286,0.736999989,0.0579999983,20220816444583,597,0xa,0x1,20.6299992,26.257391,0.0324679017,-0.0278821792,2.1112106e-05,30,1.13999999,2
597110100003389,205426638,2459808.7712398386,59808.266388900003,15.6091471,0.0112803886,0,zg,341.41416079999999,20.2760122,0.760999978,0.0399999991,20220817266377,597,0xa,0x1,20.8999996,26.1252365,0.0300143473,-0.0368613563,1.37330808e-05,30,1.21099997,1
597110100003389,205426732,2459808.7721773763,59808.267326399997,15.6187325,0.0112962518,0,zg,341.41415189999998,20.2760137,1.24699998,0.0829999968,20220817267326,597,0xa,0x1,20.8799992,26.1278496,0.0303154942,-0.0377379991,1.39763106e-05,30,1.20700002,2
597110100003389,205446387,2459808.9687360232,59808.463877299997,15.6107635,0.0112830531,0,zg,341.41419719999999,20.276028400000001,0.648000002,0.0410000011,20220817463750,597,0xa,0x1,20.6599998,26.2047405,0.0347271711,-0.0119169932,1.98791204e-05,30,1.22099996,2
597110100003389,205535429,2459809.8591871937,59809.354293999997,15.5723419,0.0112208491,0,zg,341.41415890000002,20.276008699999998,0.994000018,-0.00999999978,20220818354282,597,0xa,0x1,21.2000008,26.243187,0.027869489,-0.0366273522,1.06737252e-05,30,1.03199995,2
597110100003389,205542827,2459809.9331714921,59809.428275500002,15.6110945,0.0112835988,0,zg,341.41416720000001,20.276020899999999,0.173999995,-0.00100000005,20220818428264,597,0xa,0x1,21.2600002,26.25424,0.0265237931,-0.0543229729,9.71336522e-06,30,1.11000001,2
597110100003389,205624189,2459810.746824509,59810.241898100001,15.6183634,0.011295638,0,zg,341.41414900000001,20.2760128,0.76700002,-0.0329999998,20220819241898,597,0xa,0x1,21.3600006,26.0249653,0.0317884944,-0.0727435201,1.35408191e-05,30,1.30299997,2
597110100003389,205638570,2459810.8906377479,59810.385706000001,15.6080389,0.0112785641,0,zg,341.41419139999999,20.276046000000001,0.819000006,0.0430000015,20220819385694,597,0xa,0x1,21.1200008,26.1800442,0.0303238146,-0.0383196436,1.31175047e-05,30,1.04400003,2
597110100003389,205727824,2459811.7832046314,59811.278240699998,15.5748138,0.0112247821,0,zg,341.41416299999997,20.276005300000001,0.379000008,-0.0120000001,20220820278241,597,0xa,0x1,21.6299992,26.1828861,0.0288915914,-0.0810379013,1.12063835e-05,30,1.13900006,2
597110100003389,205742060,2459811.9255708782,59811.420601899998,15.5888243,0.0112472475,0,zg,341.41417030000002,20.276023299999999,0.402999997,0.023,20220820420602,597,0xa,0x1,21.2999992,26.2292347,0.029707687,-0.0463833883,1.2039869e-05,30,1.10500002,2
597110100003389,205829119,2459812.79619127,59812.291192099998,15.5659761,0.0112107694,0,zg,341.4141573,20.276003299999999,0.356999993,-0.00300000003,20220821291181,597,0xa,0x1,21.8099995,26.2291164,0.0302649401,-0.0796445012,1.22290012e-05,30,1.09800005,2
597110100003389,205829890,2459812.8038999354,59812.298900499998,15.5861187,0.0112428842,0,zg,341.41413790000001,20.2760237,1.17299998,0.00800000038,20220821298900,597,0xa,0x1,21.5499992,26.1192513,0.0321831889,-0.0857509151,1.37642191e-05,30,1.08099997,1
597110100003389,205842359,2459812.9286031704,59812.423599499998,15.5772448,0.0112286573,0,zg,341.41416070000002,20.276017400000001,0.740999997,0.00700000022,20220821423588,597,0xa,0x1,21.6399994,26.2399693,0.0295997057,-0.0536173508,1.16222336e-05,30,1.12,2
597110100003389,205931091,2459813.8159476151,59813.310914399997,15.6025553,0.0112695657,0,zg,341.41414650000002,20.276022099999999,0.998000026,-0.0149999997,20220822310914,597,0xa,0x1,21.6900005,26.2445583,0.0298673753,-0.0815967545,1.17526433e-05,30,1.05700004,2
597110100003389,205935105,2459813.856087734,59813.3510532,15.5923243,0.011252908,0,zg,341.4141826,20.275987400000002,0.367000014,0.00100000005,20220822351042,597,0xa,0x1,21.6700001,26.2572498,0.0318758599,-0.0826359987,1.33960175e-05,30,1.03100002,2
597110100003389,206027471,2459814.7797746416,59814.274710600002,15.5950527,0.0112573346,0,zg,341.41415840000002,20.275999599999999,1.13,0.0189999994,20220823274711,597,0xa,0x1,21.6499996,26.2441521,0.0310743246,-0.0837851465,1.2885137e-05,30,1.125,2
597110100003389,206031990,2459814.8249728736,59814.3199074,15.5983162,0.0112626432,0,zg,341.4141583,20.276019000000002,0.462000012,0.00700000022,20220823319884,597,0xa,0x1,21.8400002,26.2755451,0.0303115733,-0.0876310468,1.21533667e-05,30,1.04400003,2
597110100003389,206033256,2459814.8376352717,59814.332569400001,15.5928612,0.011253777,0,zg,341.4141841,20.276018100000002,1.028,0.0759999976,20220823332523,597,0xa,0x1,21.7399998,26.267889,0.0317168385,-0.0703726187,1.34713955e-05,30,1.03499997,1
597110100003389,206124846,2459815.7535544625,59815.2484606,15.5950308,0.0112572974,0,zg,341.4141588,20.2760158,1,0,20220824248102,597,0xa,0x1,21.6900005,26.2026024,0.028787449,-0.0721660703,1.09756929e-05,30,1.20599997,2
597110100003389,206142609,2459815.9311986766,59815.4260995,15.6074333,0.0112775676,0,zg,341.41417740000003,20.2760307,0.626999974,-0.0240000002,20220824426053,597,0xa,0x1,21.4799995,26.2190552,0.0307174437,-0.064192459,1.2533179e-05,30,1.15100002,2
597110100003389,206227689,2459816.7820220413,59816.276898099997,15.5829601,0.0112378076,0,zg,341.41414980000002,20.276000199999999,0.268000007,-0.00300000003,20220825276898,597,0xa,0x1,21.7700005,26.2291431,0.0293954648,-0.0706116185,1.14304739e-05,30,1.10599995,1
597110100003389,206228523,2459816.7903556828,59816.285231499998,15.598135,0.0112623489,0,zg,341.41415239999998,20.275993100000001,0.584999979,-0.0219999999,20220825285220,597,0xa,0x1,21.8400002,26.2433338,0.0285585038,-0.090725705,1.06572288e-05,30,1.08700001,2
597110100003389,206244104,2459816.9461702849,59816.441041700004,15.5834732,0.0112386299,0,zg,341.41417669999998,20.276001099999998,0.670000017,-0.0189999994,20220825440972,597,0xa,0x1,21.7399998,26.2377167,0.0292969942,-0.0838618502,1.1316255e-05,30,1.21700001,2
597110100003389,206339991,2459817.9050740502,59817.399919000003,15.5956469,0.0112582995,0,zg,341.41417990000002,20.276009800000001,0.768000007,0.0480000004,20220826399838,597,0xa,0x1,21.6100006,26.1961136,0.0304319691,-0.0586994588,1.250279e-05,30,1.09500003,2
597110100003389,206432716,2459818.8323437795,59818.327164399998,15.5941887,0.0112559311,0,zg,341.41417810000002,20.276002299999998,0.635999978,0.0320000015,20220827327153,597,0xa,0x1,21.6499996,26.2788754,0.0293085799,-0.0659760088,1.12824346e-05,30,1.03299999,2
597110100003389,206434093,2459818.8461172325,59818.340937499997,15.5796852,0.0112325568,0,zg,341.41416570000001,20.275996599999999,0.541000009,0.0189999994,20220827340914,597,0xa,0x1,21.7299995,26.284977,0.0293962359,-0.0732470825,1.14041341e-05,30,1.03100002,1
597110100003389,206435854,2459818.8637218797,59818.358541699999,15.5971994,0.0112608243,0,zg,341.41415599999999,20.276021400000001,0.542999983,-0.00600000005,20220827358542,597,0xa,0x1,21.8600006,26.2884521,0.028947344,-0.0841882899,1.11232139e-05,30,1.03900003,2
597110100003389,206528874,2459819.7939532786,59819.28875,15.5677748,0.0112136109,0,zg,341.41414600000002,20.276013599999999,0.874000013,-0.0260000005,20220828288750,597,0xa,0x1,21.8500004,26.3282757,0.028206503,-0.0988310874,1.06524785e-05,30,1.06599998,2
597110100003389,206540376,2459819.9089676412,59819.403761599999,15.5689526,0.0112154754,0,zg,341.41416429999998,20.2760234,0.723999977,0.023,20220828403750,597,0xa,0x1,21.9899998,26.3115158,0.0315074585,-0.100248121,1.30106646e-05,30,1.11800003,2
597110100003389,206628152,2459820.786754353,59820.281527799998,15.5884819,0.0112466952,0,zg,341.41415380000001,20.276001699999998,1.15699995,0.0799999982,20220829281528,597,0xa,0x1,21.8700008,26.2458191,0.0306908004,-0.0878186971,1.2355109e-05,30,1.07299995,1
597110100003389,206832179,2459822.8270638734,59822.321794000003,15.5951881,0.0112575535,0,zg,341.41418770000001,20.2760538,0.704999983,0.0240000002,20220831321782,597,0xa,0x1,21.1299992,26.2905064,0.0338499732,-0.0498743393,1.58771836e-05,30,1.03100002,1
597110100003389,206943009,2459823.9353833986,59823.4300926,15.5851212,0.0112412786,0,zg,341.4141899,20.276017400000001,0.921000004,0.00899999961,20220901430081,597,0xa,0x1,21.1599998,26.237587,0.036387451,-0.0470585227,1.80536717e-05,30,1.25399995,2
597110100003389,207026702,2459824.7723309505,59824.267025499998,15.5879059,0.0112457639,0,zg,341.41417380000001,20.276013899999999,0.50999999,0.0469999984,20220902267025,597,0xa,0x1,21.7199993,26.2700233,0.0291854925,-0.0740454271,1.14837076e-05,30,1.08000004,1
597110100003389,207034115,2459824.8464641077,59824.341157399998,15.6208429,0.0112997629,0,zg,341.41419300000001,20.276022099999999,0.953000009,0.0309999995,20220902341146,597,0xa,0x1,21.6499996,26.2382679,0.0291335359,-0.0600655638,1.13912738e-05,30,1.03799999,2
597110100003389,207131092,2459825.8162481496,59825.310925899998,15.5867825,0.0112439534,0,zg,341.41416759999998,20.276023200000001,0.60799998,0.00899999961,20220903310926,597,0xa,0x1,21.3700008,26.2646656,0.0302678812,-0.0621936396,1.1951779e-05,30,1.03199995,2
597110100003389,207231990,2459826.8252443369,59826.3199074,15.6050749,0.0112736942,0,zg,341.41418440000001,20.276017199999998,1.12699997,0.057,20220904319896,597,0xa,0x1,21.4599991,26.257328,0.0337712429,-0.0606118701,1.53235069e-05,30,1.03199995,2
597110100003389,207329111,2459827.7964607384,59827.291111099999,15.5971603,0.0112607619,0,zg,341.4141611,20.276008600000001,0.740999997,-0.0350000001,20220905291076,597,0xa,0x1,21.0699997,26.2500324,0.0309169982,-0.0474153347,1.31048737e-05,30,1.03799999,2
597110100003389,207342266,2459827.9280132116,59827.422661999997,15.5886154,0.0112469103,0,zg,341.41417580000001,20.2760301,0.885999978,0.0329999998,20220905422662,597,0xa,0x1,21.1100006,26.2042465,0.032332629,-0.0468549803,1.4467837e-05,30,1.27199996,2
597110100003389,207423265,2459828.7380110878,59828.232650500002,15.5775299,0.0112291127,0,zg,341.41417569999999,20.276017599999999,0.907999992,0.0130000003,20220906232604,597,0xa,0x1,20.5699997,26.2447414,0.0337261297,-0.0378232151,1.94647037e-05,30,1.13600004,2
597110100003389,207540525,2459829.9106269917,59829.405254600002,15.5790071,0.0112314746,0,zg,341.41416420000002,20.276018799999999,0.425999999,0.0140000004,20220907405243,597,0xa,0x1,21.0699997,26.239296,0.0291872993,-0.0529530607,1.22250876e-05,30,1.21599996,2
597110100003389,207540619,2459829.9115645001,59829.406192100003,15.5987215,0.0112633044,0,zg,341.41416600000002,20.276010100000001,0.463999987,-0.0240000002,20220907406192,597,0xa,0x1,21.1100006,26.2561283,0.0303850155,-0.06352029,1.28188194e-05,30,1.22000003,1
597110100003389,208415590,2459838.6612980622,59838.155902799997,15.5667734,0.0112120286,0,zg,341.41414989999998,20.276019999999999,1.05999994,0.00499999989,20220916155903,597,0xa,0x1,21.1900005,26.2503033,0.0285861585,-0.0660969839,1.13262031e-05,30,1.36099994,2
597110100003389,208515901,2459839.6644066987,59839.159016199999,15.6047478,0.0112731569,0,zg,341.41414689999999,20.276013599999999,0.827000022,-0.00200000009,20220917159016,597,0xa,0x1,21.3700008,26.275238,0.0302098915,-0.0775187612,1.34534266e-05,30,1.32500005,2
597110100003389,208518864,2459839.6940361569,59839.188645800001,15.6128044,0.0112864235,0,zg,341.41415189999998,20.2760307,0.652999997,-0.0340000018,20220917188322,597,0xa,0x1,21.5699997,26.309618,0.0280465614,-0.0808478147,1.15197345e-05,30,1.18299997,2
597110100003389,208521812,2459839.7235152102,59839.218124999999,15.600894,0.0112668509,0,zg,341.41415189999998,20.276020200000001,1.08099997,-0.0270000007,20220917218113,597,0xa,0x1,21.5100002,26.3144112,0.0277323686,-0.0596142225,1.13674196e-05,30,1.09599996,2
597110100003389,208522853,2459839.7339202566,59839.228530100001,15.5928392,0.0112537425,0,zg,341.41415819999997,20.276023800000001,0.989000022,0.00899999961,20220917228530,597,0xa,0x1,21.6100006,26.3302631,0.028855294,-0.0763972327,1.23656218e-05,30,1.07500005,1
597110100003389,208527620,2459839.7815935989,59839.276203699999,15.5817652,0.0112358881,0,zg,341.41416980000002,20.2760246,0.43900001,-0.0250000004,20220917276192,597,0xa,0x1,21.5100002,26.3392124,0.0284841713,-0.0727147236,1.2067937e-05,30,1.03100002,2
597110100003389,208529929,2459839.8046837663,59839.299293999997,15.569211,0.0112158842,0,zg,341.41416359999999,20.2760231,0.386000007,0.00200000009,20220917299282,597,0xa,0x1,21.6499996,26.3454723,0.0266481861,-0.072398603,1.05956915e-05,30,1.03799999,1
597110100003389,208533168,2459839.8370793718,59839.331689799998,15.5967999,0.0112601742,0,zg,341.41416020000003,20.276029399999999,0.533999979,-0.0130000003,20220917331690,597,0xa,0x1,21.4799995,26.3381023,0.027705526,-0.0629383996,1.15832927e-05,30,1.07799995,2
597110100003389,208721843,2459841.7238134607,59841.2184375,15.5827665,0.0112374946,0,zg,341.41414989999998,20.276011700000002,0.601999998,-0.0469999984,20220919218426,597,0xa,0x1,21.6700001,26.3533821,0.0280469917,-0.0998359621,1.04492829e-05,30,1.08399999,2
597110100003389,208721937,2459841.7247509537,59841.219375000001,15.577095,0.0112284198,0,zg,341.41415360000002,20.275999500000001,1.04400003,-0.00400000019,20220919219375,597,0xa,0x1,21.6800003,26.3487282,0.0261868741,-0.0911003798,9.08621678e-06,30,1.08200002,1
597110100003389,208729096,2459841.796335943,59841.290960600003,15.5951834,0.011257546,0,zg,341.4141692,20.276023899999998,0.677999973,0.0130000003,20220919290961,597,0xa,0x1,21.8700008,26.3442307,0.0292627774,-0.0789364949,1.12982862e-05,30,1.03600001,1
597110100003389,208729712,2459841.8025048883,59841.297129600003,15.5995378,0.0112646362,0,zg,341.41415869999997,20.276013200000001,0.961000025,0.115000002,20220919297118,597,0xa,0x1,21.9500008,26.3466625,0.0274042115,-0.0848694816,9.77133186e-06,30,1.03999996,2
597110100003389,208737525,2459841.880629166,59841.375254600003,15.5607595,0.0112025551,0,zg,341.41416570000001,20.276005000000001,0.555999994,-0.0270000007,20220919375243,597,0xa,0x1,21.6599998,26.3256092,0.0265629906,-0.0801749825,9.26357734e-06,30,1.22800004,2
597110100003389,208744885,2459841.9542280422,59841.448854200004,15.5952339,0.011257628,0,zg,341.41417289999998,20.276016599999998,0.861000001,-0.00800000038,20220919448831,597,0xa,0x1,21.2299995,26.2273979,0.0265743956,-0.0637838915,9.49692276e-06,30,1.85800004,2
597110100003389,208816207,2459842.6674388917,59842.162071799998,15.600112,0.0112655722,0,zg,341.41415810000001,20.276018799999999,0.662,0.0160000008,20220920161632,597,0xa,0x1,21.4200001,26.289278,0.0292107631,-0.0697382316,1.13149099e-05,30,1.26300001,2
597110100003389,208919215,2459843.6975087253,59843.192152800002,15.5769882,0.0112282475,0,zg,341.41417180000002,20.276027899999999,0.708000004,0.0549999997,20220921192153,597,0xa,0x1,21.3500004,26.317688,0.0305526201,-0.0517547578,1.25826746e-05,30,1.13499999,2
597110100003389,208932891,2459843.834266331,59843.328911999997,15.5792084,0.0112317931,0,zg,341.41415430000001,20.276032099999998,0.398999989,0.0120000001,20220921328912,597,0xa,0x1,21.8500004,26.3424911,0.0265225451,-0.0826475769,9.17470061e-06,30,1.09500003,2
597110100003389,208932984,2459843.8352038208,59843.329849499998,15.5621719,0.0112047745,0,zg,341.41416779999997,20.276011400000002,0.574000001,0.0120000001,20220921329850,597,0xa,0x1,21.9300003,26.3423214,0.0287049301,-0.0834218711,1.08794775e-05,30,1.097,1
597110100003389,209025238,2459844.7577270484,59844.252384300002,15.6071367,0.0112770796,0,zg,341.4141649,20.276028700000001,0.423000008,0.0309999995,20220922252303,597,0xa,0x1,21.7199993,26.3359776,0.0281327907,-0.0708053857,1.04811934e-05,30,1.03400004,2
597110100003389,209122740,2459845.7327364977,59845.227407400002,15.5854292,0.0112417759,0,zg,341.41416229999999,20.2760143,0.815999985,0.0189999994,20220923227396,597,0xa,0x1,21.75,26.3297291,0.0278865006,-0.0748434439,1.02084641e-05,30,1.05200005,2
597110100003389,209123879,2459845.7441252326,59845.2387963,15.5937824,0.0112552717,0,zg,341.41415760000001,20.2760231,0.791999996,0,20220923238796,597,0xa,0x1,21.9699993,26.3426533,0.0297560692,-0.0847450867,1.1734769e-05,30,1.04100001,1
597110100003389,209223937,2459846.7446884145,59846.239374999997,15.5839596,0.0112394122,0,zg,341.41418579999998,20.2760344,1.07200003,0.0130000003,20220924239363,597,0xa,0x1,21.3500004,26.3078938,0.0329549685,-0.0543664433,1.46219618e-05,30,1.03799999,2
597110100003389,209236732,2459846.8726376845,59846.367326400003,15.5889845,0.0112475054,0,zg,341.41417630000001,20.276023200000001,0.672999978,0.0480000004,20220924367326,597,0xa,0x1,21.5200005,26.2976799,0.0285384487,-0.074359253,1.07280675e-05,30,1.25399995,2
597110100003389,209330652,2459847.8118229876,59847.306527799999,15.6037388,0.0112715047,0,zg,341.4141712,20.276024799999998,0.93599999,0.0850000009,20220925306516,597,0xa,0x1,21.5,26.3345947,0.0280076955,-0.0715805367,1.04903402e-05,30,1.07200003,1
597110100003389,209331520,2459847.8205033294,59847.315208300002,15.5995197,0.0112646064,0,zg,341.41416400000003,20.276022900000001,0.694999993,-0.0160000008,20220925315197,597,0xa,0x1,21.5599995,26.3292961,0.0299595371,-0.0841084272,1.18315238e-05,30,1.08899999,2
597110100003389,209415946,2459848.6647469574,59848.159467600002,15.588336,0.0112464577,0,zg,341.41414429999998,20.2760009,1.57799995,0.0340000018,20220926159468,597,0xa,0x1,21.7700005,26.2428646,0.0289880801,-0.0853452161,1.10841884e-05,30,1.20099998,2
597110100003389,209436207,2459848.8673472414,59848.362071800002,15.5938721,0.011255417,0,zg,341.41416850000002,20.276029399999999,0.603999972,0.0209999997,20220926362072,597,0xa,0x1,21.4699993,26.2754517,0.0293924827,-0.0642702132,1.13578753e-05,30,1.255,2
597110100003389,209526144,2459849.7667041598,59849.261446800003,15.6018839,0.0112684676,0,zg,341.41419459999997,20.2760228,0.899999976,0.00499999989,20220927261435,597,0xa,0x1,21.5,26.302309,0.0330544673,-0.0525775738,1.46586244e-05,30,1.03299999,1
597110100003389,209527469,2459849.7799561825,59849.274699100002,15.5894423,0.011248244,0,zg,341.4141717,20.2760009,0.305999994,-0.00600000005,20220927274699,597,0xa,0x1,21.5300007,26.3386631,0.0287702587,-0.100773379,1.09801667e-05,30,1.03999996,2
597110100003389,209929206,2459853.7972214953,59853.292060200001,15.5699921,0.011217122,0,zg,341.41415910000001,20.276018799999999,0.657999992,-0.00700000022,20221001292049,597,0xa,0x1,22.0499992,26.3368244,0.0290523544,-0.0906301141,1.09152152e-05,30,1.07599998,1
597110100003389,209931678,2459853.8219430218,59853.316782399997,15.5914173,0.0112514384,0,zg,341.41417740000003,20.2760222,0.349000007,0.0160000008,20221001316748,597,0xa,0x1,21.9500008,26.3158474,0.0330626033,-0.0879028141,1.45077629e-05,30,1.13399994,2
597110100003389,210022875,2459854.7338855383,59854.228750000002,15.5776463,0.011229299,0,zg,341.41416070000002,20.276001099999998,1.00300002,0.0199999996,20221002228738,597,0xa,0x1,22.0400009,26.305769,0.0299702752,-0.0813503787,1.18444959e-05,30,1.03299999,2
597110100003389,210025781,2459854.7629472199,59854.2578125,15.5722847,0.0112207588,0,zg,341.41418820000001,20.275992800000001,0.774999976,0.0109999999,20221002257812,597,0xa,0x1,21.8099995,26.29953,0.0351796597,-0.0783753768,1.64255689e-05,30,1.03699994,2
597110100003389,210125653,2459855.7616451913,59855.256539399998,15.5679722,0.0112139238,0,zg,341.41415869999997,20.276007,0.690999985,0.0419999994,20221003256528,597,0xa,0x1,21.5599995,26.2646046,0.0301703401,-0.0723095611,1.21617486e-05,30,1.03799999,1
597110100003389,210223539,2459856.7404695349,59856.235393499999,15.5825253,0.0112371081,0,zg,341.41418060000001,20.276017800000002,0.684000015,0.0790000036,20221004235394,597,0xa,0x1,20.8400002,26.2232189,0.0299469884,-0.0164102372,1.35136352e-05,30,1.03100002,2
597110100003389,210231778,2459856.8228628417,59856.317789399996,15.5992584,0.0112641798,0,zg,341.41416900000002,20.2760371,0.885999978,0.0109999999,20221004317720,597,0xa,0x1,21.3299999,26.2150249,0.0298312791,-0.0499956645,1.19657798e-05,30,1.16299999,2
597110100003389,210329443,2459857.7994751665,59857.294432900002,15.6018515,0.0112684146,0,zg,341.4141649,20.276053000000001,0.765999973,0.0729999989,20221005294317,597,0xa,0x1,20.6900005,26.2034931,0.0345406383,-0.0183671042,1.94073382e-05,30,1.10399997,1
597110100003389,210330076,2459857.8058059579,59857.300763899999,15.6009769,0.011266985,0,zg,341.41415590000003,20.276003299999999,0.981999993,0.00499999989,20221005300764,597,0xa,0x1,20.8799992,26.2237606,0.0313973986,-0.0540415905,1.5038233e-05,30,1.12,2
597110100003389,210441443,2459858.9194376231,59858.414432899997,15.5969687,0.0112604499,0,zg,341.41420240000002,20.276045799999999,0.856000006,0.0649999976,20221006414387,597,0xa,0x1,20.7399998,26.0630398,0.0332433656,-0.0444523394,1.71264128e-05,30,2.06399989,2
597110100003389,210539928,2459859.9042527336,59859.399282400002,15.5930319,0.0112540536,0,zg,341.41415549999999,20.276045400000001,0.824000001,0.057,20221007399132,597,0xa,0x1,19.6599998,26.0890999,0.0388626158,-0.0147993146,4.87599973e-05,30,1.85099995,1
597110100003389,210541928,2459859.9242519992,59859.419282399998,15.5833778,0.0112384772,0,zg,341.4141659,20.276025300000001,0.713,0.061999999,20221007418970,597,0xa,0x1,19.7000008,26.0163536,0.0406194814,-0.024228055,5.03892807e-05,30,2.2249999,2
597110100003389,210623805,2459860.7429956552,59860.238055599999,15.5993986,0.0112644071,0,zg,341.41418220000003,20.276026600000002,0.714999974,0.0769999996,20221008238044,597,0xa,0x1,19.9899998,26.2486267,0.0358923897,-0.0166212749,3.48903486e-05,30,1.03499997,2
597110100003389,210634206,2459860.8469963712,59860.342060199997,15.6079712,0.0112784514,0,zg,341.41417530000001,20.276013299999999,0.583999991,-0.0340000018,20221008342049,597,0xa,0x1,20.1499996,26.23452,0.0377636999,-0.0605825186,3.25528054e-05,30,1.324,2
597110100003389,210738564,2459861.8905448979,59861.385648099997,15.6112776,0.0112839025,0,zg,341.41415389999997,20.276036699999999,0.551999986,-0.0109999999,20221009385486,597,0xa,0x1,19.3500004,26.1209965,0.0386128537,-0.0262692738,6.43534149e-05,30,1.73599994,1
597110100003389,210816690,2459862.671776141,59862.166909699998,15.6191587,0.0112969596,0,zg,341.41415210000002,20.2760143,0.65200001,-0.0199999996,20221010166898,597,0xa,0x1,20.0799999,26.2585602,0.0347186811,-0.0324417762,2.9907018e-05,30,1.07299995,2
597110100003389,210840087,2459862.9057366629,59862.400879599998,15.5831547,0.0112381186,0,zg,341.41417610000002,20.276022000000001,0.660000026,-0.00899999961,20221010400671,597,0xa,0x1,19.2999992,26.143446,0.0378607772,-0.0331276916,6.40393628e-05,30,2.01399994,2
597110100003389,210932704,2459863.8318682523,59863.327048599996,15.5703545,0.0112176957,0,zg,341.4141644,20.276018499999999,0.47299999,-0.00499999989,20221011327025,597,0xa,0x1,20.2600002,26.2127972,0.0329572223,-0.0412238091,2.38685352e-05,30,1.28600001,1
597110100003389,211040027,2459864.9050524761,59864.400277799999,15.6071024,0.0112770246,0,zg,341.41416370000002,20.2760189,0.574000001,0.00400000019,20221012400104,597,0xa,0x1,19.6800003,26.0194092,0.0383708216,-0.0209385194,4.7083613e-05,30,2.10899997,2
597110100003389,211121309,2459865.7178300382,59865.2130903,15.6015568,0.011267934,0,zg,341.41416609999999,20.276003800000002,0.856999993,0.0560000017,20221013213079,597,0xa,0x1,20.8899994,26.2644939,0.0285335556,-0.0441347882,1.22726206e-05,30,1.03100002,1
597110100003389,211140609,2459865.9108306547,59865.406099500004,15.6184425,0.0112957684,0,zg,341.41415139999998,20.276057000000002,0.760999978,-0.00100000005,20221013406100,597,0xa,0x1,19.3899994,26.0577202,0.0396529399,-0.0109311976,5.55637926e-05,30,2.30100012,2
597110100003389,211229847,2459866.8031637021,59866.298472199996,15.5788736,0.0112312604,0,zg,341.41416240000001,20.2760237,0.952000022,0.0299999993,20221014298472,597,0xa,0x1,20.9899998,26.2396393,0.0285620037,-0.0535616428,1.21545054e-05,30,1.19200003,2
597110100003389,211313229,2459867.6369450991,59867.1322917,15.590126,0.0112493504,0,zg,341.41416279999999,20.2760134,0.287,-0.00400000019,20221015132292,597,0xa,0x1,21.9500008,26.2459049,0.0330557749,-0.10296496,1.44804999e-05,30,1.11899996,2
597110100003389,211321356,2459867.7182144569,59867.213564799997,15.590723,0.0112503162,0,zg,341.41418700000003,20.276025700000002,1.20200002,0.00100000005,20221015213565,597,0xa,0x1,21.1700001,26.2304897,0.032408908,-0.0444494523,1.47303181e-05,30,1.03299999,1
597110100003389,211326298,2459867.7676334511,59867.262986100002,15.568162,0.0112142237,0,zg,341.4141712,20.276038,0.398999989,0.0209999997,20221015262975,597,0xa,0x1,20.9200001,26.1999512,0.0312184505,-0.0319859609,1.42468989e-05,30,1.09399998,2
597110100003389,211513447,2459869.6390373083,59869.134479200002,15.6006746,0.0112664932,0,zg,341.41415130000001,20.276023599999998,0.358999997,0.0370000005,20221017134479,597,0xa,0x1,21.4400005,26.2616711,0.0299624745,-0.0898223147,1.18492089e-05,30,1.10000002,2
597110100003389,211528416,2459869.788717465,59869.284166700003,15.6020899,0.0112688048,1,zg,341.41417539999998,20.276038400000001,0.85799998,0.0649999976,20221017284155,597,0xa,0x1,20.9799995,26.2379494,0.031629324,-0.0559513085,1.39182212e-05,30,1.16999996,2
597110100003389,211613482,2459870.6393349208,59870.134826399997,15.5847874,0.0112407422,0,zg,341.41415649999999,20.276015999999998,0.57099998,-0.0170000009,20221018134815,597,0xa,0x1,21.3299999,26.2423973,0.0306664072,-0.0664919987,1.24231155e-05,30,1.09300005,2
597110100003389,211632160,2459870.8261078796,59870.321608799997,15.5796967,0.0112325763,0,zg,341.41417100000001,20.276044500000001,0.601999998,-0.00200000009,20221018321597,597,0xa,0x1,20.9699993,26.2171116,0.0332207046,-0.0525209978,1.61270655e-05,30,1.36800003,1
597110100003389,211636354,2459870.8680386231,59870.363541699997,15.5788822,0.0112312743,0,zg,341.41418499999997,20.276030299999999,0.503000021,0.00999999978,20221018363542,597,0xa,0x1,20.7199993,26.1612625,0.0327934101,-0.0522857606,1.67772268e-05,30,1.76999998,2
597110100003389,211721863,2459871.7230876405,59871.218634299999,15.5948381,0.0112569863,0,zg,341.4141692,20.276026999999999,0.829999983,-0.00100000005,20221019218634,597,0xa,0x1,21.2199993,26.2756863,0.031796135,-0.0556820929,1.38300547e-05,30,1.04299998,2
597110100003389,211723283,2459871.737288204,59871.2328356,15.5943413,0.0112561798,0,zg,341.41416880000003,20.276017499999998,0.737999976,0.00899999961,20221019232824,597,0xa,0x1,21.3199997,26.2889538,0.0307809208,-0.0817968994,1.25556508e-05,30,1.05999994,2
597110100003389,211817010,2459872.6745078382,59872.170104199999,15.589488,0.0112483194,0,zg,341.41417080000002,20.276042400000001,0.883000016,0.0240000002,20221020170035,597,0xa,0x1,20.9099998,26.2824306,0.0328935869,-0.049560301,1.54902682e-05,30,1.03699994,2
597110100003389,211828238,2459872.786781969,59872.282384300001,15.5902643,0.0112495739,0,zg,341.41415979999999,20.276038100000001,0.486000001,0.0350000001,20221020282384,597,0xa,0x1,21.3299999,26.260107,0.0293661244,-0.071219705,1.14088871e-05,30,1.19299996,2
597110100003389,211828333,2459872.7877309183,59872.283333300002,15.5716095,0.0112196868,0,zg,341.4141573,20.276018799999999,0.393000007,0.0250000004,20221020283322,597,0xa,0x1,21.2900009,26.2630577,0.0308428686,-0.0729791299,1.25341749e-05,30,1.19700003,1
597110100003389,211919321,2459873.6975665097,59873.193217599997,15.5793629,0.0112320418,0,zg,341.41417369999999,20.276019300000002,1.58599997,-0.0280000009,20221021193206,597,0xa,0x1,21.25,26.2691021,0.0373085104,-0.0655741841,1.85306926e-05,30,1.03199995,2
597110100003389,211922621,2459873.7305624173,59873.226215299997,15.5969877,0.0112604797,0,zg,341.41416120000002,20.276011799999999,0.323000014,-0.0149999997,20221021226204,597,0xa,0x1,21.8199997,26.2749081,0.0294611901,-0.08865688,1.14603999e-05,30,1.05799997,2
597110100003389,212019244,2459874.696736285,59874.1924421,15.6020956,0.0112688141,0,zg,341.41417790000003,20.2760344,0.393000007,0.0390000008,20221022192442,597,0xa,0x1,21.6499996,26.2451153,0.0340305082,-0.0875317678,1.51419945e-05,30,1.03199995,1
597110100003389,212022349,2459874.7277878588,59874.223495400001,15.5769815,0.0112282364,0,zg,341.41416609999999,20.276008300000001,0.402999997,-0.0219999999,20221022223484,597,0xa,0x1,21.8299999,26.2569427,0.0335684568,-0.103405036,1.48846248e-05,30,1.05799997,2
597110100003389,212229950,2459876.8036769819,59876.299502299997,15.5943727,0.0112562291,0,zg,341.4141482,20.275999599999999,1.33099997,0.0189999994,20221024299167,597,0xa,0x1,20.9300003,26.2142963,0.0342483036,-0.0620692112,1.71100546e-05,30,1.33099997,2
597110100003389,212324545,2459877.749570732,59877.245451399998,15.5968857,0.0112603139,0,zg,341.41415590000003,20.276035499999999,0.456,0.0140000004,20221025245451,597,0xa,0x1,21.4899998,26.2606068,0.029555846,-0.0738473386,1.14822124e-05,30,1.11800003,2
597110100003389,212324640,2459877.7505197763,59877.2464005,15.6116219,0.0112844706,0,zg,341.41416709999999,20.276034800000001,0.822000027,0.0689999983,20221025246400,597,0xa,0x1,21.3600006,26.1913948,0.0318553373,-0.0742783248,1.37341776e-05,30,1.12,1
597110100003389,212329039,2459877.7945101466,59877.290393499999,15.5947819,0.0112568922,0,zg,341.41417050000001,20.2760268,0.625,0.0209999997,20221025290394,597,0xa,0x1,21.4400005,26.2486343,0.0284481458,-0.082706891,1.09443281e-05,30,1.29400003,2
597110100003389,212419000,2459878.6940629813,59878.190000000002,15.5723305,0.0112208333,0,zg,341.41417610000002,20.276036600000001,0.987999976,0,20221026189988,597,0xa,0x1,21.5,26.2733517,0.0321629494,-0.0621086173,1.39318827e-05,30,1.03600001,2
597110100003389,212421359,2459878.7176610543,59878.213599499999,15.5698919,0.0112169627,0,zg,341.4141687,20.276020599999999,0.773000002,0.0500000007,20221026213600,597,0xa,0x1,21.5200005,26.2717381,0.0277584083,-0.0662667379,1.01568903e-05,30,1.05900002,2
597110100003389,212523615,2459879.7401567106,59879.236157400002,15.5997343,0.0112649566,0,zg,341.41415799999999,20.276033000000002,0.54400003,0.0780000016,20221027236157,597,0xa,0x1,21.4300003,26.2489033,0.0326287448,-0.0611959174,1.38387441e-05,30,1.10800004,2
597110100003389,212523759,2459879.7415918219,59879.237592600002,15.5993738,0.011264368,0,zg,341.41416390000001,20.276044200000001,0.908999979,0.0579999983,20221027237569,597,0xa,0x1,21.5100002,26.2513313,0.0327323154,-0.0732820034,1.38683836e-05,30,1.11199999,1
597110100003389,212530063,2459879.8046319019,59879.300636599997,15.5696545,0.0112165865,0,zg,341.41414900000001,20.276035400000001,0.386999995,0.0199999996,20221027300625,597,0xa,0x1,20.9799995,26.1951122,0.0326027311,-0.0474413037,1.49354419e-05,30,1.39199996,2
597110100003389,212624760,2459880.7515407563,59880.247604199998,15.5743847,0.0112240976,0,zg,341.41416470000001,20.276024799999998,0.609000027,-0.00100000005,20221028247604,597,0xa,0x1,21.5200005,26.2653999,0.0303441137,-0.0764623955,1.20280001e-05,30,1.148,2
597110100003389,212626332,2459880.7672573631,59880.263321799997,15.5602818,0.0112018064,0,zg,341.41417419999999,20.276023899999998,0.386999995,0.0149999997,20221028263310,597,0xa,0x1,21.4099998,26.2540359,0.0287595447,-0.0714000091,1.08221657e-05,30,1.204,2
597110100003389,212732070,2459881.824574654,59881.320705999999,15.6055441,0.0112744635,0,zg,341.41416880000003,20.276043399999999,0.623000026,0.0149999997,20221029320706,597,0xa,0x1,21.1599998,26.1645737,0.0278986562,-0.0412356146,1.06048738e-05,30,1.61500001,1
597110100003389,212734196,2459881.8458348755,59881.341967599998,15.5928249,0.0112537192,0,zg,341.41418270000003,20.2760201,1.11399996,-0.0599999987,20221029341968,597,0xa,0x1,21.0599995,26.1366596,0.0344838798,-0.0715484992,1.62646102e-05,30,1.89400005,2
597110100003389,212922711,2459883.7308631442,59883.227118100003,15.5779638,0.0112298047,0,zg,341.4141659,20.276025400000002,0.423999995,0.0199999996,20221031227095,597,0xa,0x1,21.2800007,26.2634735,0.0293115191,-0.0700826347,1.14018903e-05,30,1.11300004,1
597110100003389,213115524,2459885.658859103,59885.155243100002,15.5692015,0.0112158703,0,zg,341.41418249999998,20.276032099999998,0.449000001,0.0140000004,20221102155231,597,0xa,0x1,20.5200005,26.2281075,0.0332960337,-0.0240205619,1.8613915e-05,30,1.03100002,2
597110100003389,213125879,2459885.7624052237,59885.258796299997,15.5983629,0.0112627195,0,zg,341.41417109999998,20.276024100000001,0.338999987,0.00499999989,20221102258762,597,0xa,0x1,20.4599991,26.2324677,0.0320936181,-0.0455446057,1.79543786e-05,30,1.245,2
597110100003389,213425686,2459888.7602637471,59888.256863399998,15.5846615,0.0112405401,0,zg,341.41415690000002,20.276040999999999,0.949000001,-0.050999999,20221105256863,597,0xa,0x1,19.7399998,26.0405388,0.0381695852,-0.040788997,4.8121783e-05,30,1.27600002,2
597110100003389,214022483,2459894.7277977336,59894.224838000002,15.6123152,0.0112856142,0,zg,341.41413660000001,20.2760584,0.649999976,-0.00200000009,20221111224838,597,0xa,0x1,19.8199997,26.2674122,0.0370490924,-0.041481033,3.51821036e-05,30,1.20299995,1
597110100003389,214023452,2459894.7374844882,59894.234525499996,15.5812531,0.0112350695,0,zg,341.41416850000002,20.276059400000001,0.550000012,-0.00499999989,20221111234525,597,0xa,0x1,19.7199993,26.2590923,0.0375215784,-0.0376173183,4.00941826e-05,30,1.24600005,2
597110100003389,214115421,2459895.6571013164,59895.154213000002,15.5808487,0.0112344194,0,zg,341.414176,20.276053900000001,0.961000025,0.0649999976,20221112154213,597,0xa,0x1,20.8799992,26.2704487,0.0312410388,-0.0330111273,1.43702036e-05,30,1.04400003,2
597110100003389,214127839,2459895.7812698395,59895.278391200001,15.5829058,0.01123772,0,zg,341.41417439999998,20.276035100000001,1.20700002,-0.00400000019,20221112278322,597,0xa,0x1,20.4799995,26.1827526,0.0343434364,-0.0221214704,2.06205295e-05,30,1.57299995,2
597110100003389,214216549,2459896.6683074534,59896.1654977,15.5904665,0.0112498999,0,zg,341.41416980000002,20.276028499999999,0.68599999,-0.0120000001,20221113165486,597,0xa,0x1,21.0300007,26.2712574,0.0317755975,-0.0638596117,1.36370691e-05,30,1.06099999,2
597110100003389,214217221,2459896.6750198277,59896.172210600002,15.5872316,0.0112446779,0,zg,341.41417300000001,20.276043300000001,0.435000002,-0.00300000003,20221113172211,597,0xa,0x1,20.7000008,26.2688675,0.0327769294,-0.0602802373,1.60852633e-05,30,1.07099998,1
597110100003389,214222880,2459896.7316126744,59896.228807899999,15.5743408,0.0112240287,0,zg,341.41415590000003,20.276040200000001,0.944000006,0.0460000001,20221113228796,597,0xa,0x1,20.7999992,26.2372284,0.031785477,-0.055758696,1.54857735e-05,30,1.245,2
597110100003389,214316344,2459897.6661805199,59897.1634491,15.5684319,0.0112146502,0,zg,341.41416400000003,20.276017100000001,0.638000011,-0.0179999992,20221114163438,597,0xa,0x1,21.2199993,26.2826595,0.0302594807,-0.0834602341,1.20628374e-05,30,1.06200004,2
597110100003389,214415049,2459898.653150877,59898.1504977,15.5692911,0.0112160109,0,zg,341.41416190000001,20.276048599999999,0.603999972,0.00100000005,20221115150498,597,0xa,0x1,21.3799992,26.2554607,0.0287595131,-0.0656885281,1.09080784e-05,30,1.04900002,2
597110100003389,214415144,2459898.6540999007,59898.151446800002,15.5811377,0.0112348832,0,zg,341.41416029999999,20.276040500000001,0.654999971,-0.0209999997,20221115151435,597,0xa,0x1,21.3999996,26.3073101,0.028222993,-0.0645561516,1.0447603e-05,30,1.04999995,1
597110100003389,214516024,2459899.6628154605,59899.160243099999,15.5520401,0.0111889206,0,zg,341.41417430000001,20.276048599999999,0.671000004,-0,20221116160243,597,0xa,0x1,20.9500008,26.3252125,0.0338692181,-0.0603264347,1.61709449e-05,30,1.06500006,2
597110100003389,214524144,2459899.7440125807,59899.241446799999,15.5980501,0.0112622092,0,zg,341.41418040000002,20.276021400000001,1.08000004,-0.00200000009,20221116241435,597,0xa,0x1,18.9799995,26.2816467,0.0418221913,-0.0484595038,9.52717019e-05,30,1.36099994,2
597110100003389,214818771,2459902.6900455188,59902.187719900001,15.5938282,0.0112553444,0,zg,341.41417560000002,20.276039099999998,0.289999992,0.00999999978,20221119187708,597,0xa,0x1,21.0599995,26.2933064,0.0324522853,-0.0685771331,1.44780897e-05,30,1.148,1
597110100003389,214828679,2459902.7891113549,59902.286794,15.5817327,0.0112358369,0,zg,341.4141879,20.2760514,0.416999996,0.00300000003,20221119286782,597,0xa,0x1,19.6299992,26.1539192,0.0436562859,-0.0200703032,5.86566784e-05,30,1.92900002,2
597110100003389,214830488,2459902.807200138,59902.3048843,15.5885096,0.011246739,0,zg,341.41416270000002,20.276033099999999,0.444999993,-0.00200000009,20221119304873,597,0xa,0x1,19.3400002,26.1003494,0.0424388275,-0.0271757841,7.48089369e-05,30,2.296,2
597110100003389,215012969,2459904.6318632127,59904.129699099998,15.6048889,0.0112733906,0,zg,341.41416700000002,20.276025499999999,0.363000005,-0.00999999978,20221121129699,597,0xa,0x1,21.4200001,26.3235073,0.0297885761,-0.0632320791,1.17053314e-05,30,1.04400003,2
597110100003389,215018511,2459904.6872751471,59904.185115699998,15.5626364,0.0112055074,0,zg,341.41416679999998,20.276024700000001,0.808000028,-0.0270000007,20221121185116,597,0xa,0x1,20.9500008,26.2113037,0.0334745459,-0.080975391,1.63178393e-05,30,1.15799999,2
597110100003389,215217542,2459906.6774196234,59906.175428199997,15.5721531,0.0112205511,0,zg,341.41416390000001,20.276028100000001,0.352999985,0.00700000022,20221123175405,597,0xa,0x1,21.4400005,26.3054619,0.0287656579,-0.0620943755,1.10508736e-05,30,1.14400005,1
597110100003389,215217636,2459906.6783570438,59906.176365699997,15.5693464,0.0112160994,0,zg,341.4141717,20.276033200000001,0.370000005,0.00300000003,20221123176366,597,0xa,0x1,21.4400005,26.3016644,0.0287435409,-0.0583017096,1.09919374e-05,30,1.14699996,2
597110100003389,215314581,2459907.6477188906,59907.145810200003,15.5555067,0.0111943269,0,zg,341.41414959999997,20.276033000000002,0.523999989,-0.00200000009,20221124145799,597,0xa,0x1,20.7099991,26.3048553,0.0332230441,-0.0576307438,1.72883865e-05,30,1.07799995,2
597110100003389,215410923,2459908.61106215,59908.109236099997,15.5629387,0.0112059815,0,zg,341.41416020000003,20.276066100000001,0.559000015,0.0160000008,20221125109236,597,0xa,0x1,19.7900009,26.3386116,0.0390929244,-0.042947147,4.23098827e-05,30,1.03699994,2
597110100003389,215412245,2459908.6242786106,59908.122453700002,15.5459232,0.0111794258,0,zg,341.41417130000002,20.276033999999999,0.703999996,0.00700000022,20221125122454,597,0xa,0x1,20.2999992,26.2620163,0.0413155407,-0.0435721576,3.24422799e-05,30,1.04799998,1
597110100003389,215424790,2459908.7497191303,59908.247905099997,15.570529,0.0112179741,0,zg,341.41413790000001,20.2760316,0.934000015,-0.00800000038,20221125247894,597,0xa,0x1,19.6000004,26.1707115,0.0402730964,-0.0394519158,5.45520816e-05,30,1.625,2
597110100003389,215516156,2459909.6632977165,59909.161562499998,15.5743551,0.0112240519,0,zg,341.41416500000003,20.276019000000002,0.602999985,0.0170000009,20221126161562,597,0xa,0x1,21.4599991,26.3310356,0.0305172093,-0.0826936588,1.22276806e-05,30,1.12699997,2
597110100003389,215519761,2459909.699347775,59909.197615700003,15.5935068,0.0112548256,0,zg,341.41417869999998,20.276047500000001,0.670000017,0.0480000004,20221126197546,597,0xa,0x1,21.2199993,26.2989941,0.0308752656,-0.0632702112,1.30313019e-05,30,1.26600003,2
597110100003389,215610332,2459910.6049753106,59910.103321800001,15.5976171,0.0112615051,0,zg,341.41416390000001,20.276053099999999,0.479999989,-0.0149999997,20221127103275,597,0xa,0x1,21.1800003,26.3223591,0.0312678069,-0.0492051058,1.3145007e-05,30,1.03600001,2
597110100003389,215613935,2459910.6410022662,59910.139351899998,15.599453,0.0112644983,0,zg,341.41415890000002,20.2760286,0.270999998,0.0199999996,20221127139352,597,0xa,0x1,21.6399994,26.3297253,0.0289611071,-0.0822575614,1.09429038e-05,30,1.08099997,1
597110100003389,215910914,2459913.6105336053,59913.109143499998,15.5629663,0.0112060262,0,zg,341.41416429999998,20.276035799999999,0.601000011,-0.0320000015,20221130109132,597,0xa,0x1,20.7700005,26.3175755,0.0361881293,-0.0365459099,2.00946361e-05,30,1.04799998,1
597110100003389,216017738,2459914.6786799226,59914.177384299997,15.6084642,0.0112792635,0,zg,341.41414109999999,20.276056799999999,0.470999986,-0.00300000003,20221201177384,597,0xa,0x1,20.3600006,26.3016987,0.0342737623,-0.0401074998,2.2248496e-05,30,1.23399997,2
597110100003389,216021292,2459914.7142206454,59914.212928200002,15.5907621,0.0112503786,0,zg,341.41416140000001,20.276029099999999,0.303000003,-0.00200000009,20221201212917,597,0xa,0x1,20.4799995,26.269783,0.0335896052,-0.047932189,1.94851691e-05,30,1.45099998,2
597110100003389,216822050,2459922.7210836406,59922.220509300001,15.5809336,0.0112345573,0,zg,341.41417080000002,20.276032000000001,0.93900001,0.0240000002,20221209220509,597,0xa,0x1,20.2399998,26.2117863,0.0352394246,-0.0242395531,2.72383768e-05,30,1.75600004,1
597110100003389,217016186,2459924.6622619806,59924.161863399997,15.5949078,0.0112570981,0,zg,341.41416500000003,20.276035499999999,0.469999999,-0.0289999992,20221211161852,597,0xa,0x1,20.75,26.2766228,0.0338303633,-0.0553615652,1.86827783e-05,30,1.29299998,1
597110100003389,218118134,2459935.6807439122,59935.181342600001,15.5976191,0.0112615069,0,zg,341.41417740000003,20.276031700000001,0.866999984,0.0179999992,20221222181331,597,0xa,0x1,21.0699997,26.2115593,0.0309378114,-0.0430194288,1.37150273e-05,30,1.70899999,1
597110100003389,218314230,2459937.6415289952,59937.142303200002,15.6002741,0.0112658376,0,zg,341.41416609999999,20.276035400000001,0.522000015,-0.0240000002,20221224142292,597,0xa,0x1,21.1200008,26.2817211,0.0310868789,-0.0684570447,1.30153439e-05,30,1.39199996,1
597110100003389,219712353,2459951.6215499816,59951.123530099998,15.6120253,0.0112851346,0,zg,341.41416290000001,20.276055700000001,0.916000009,0.0299999993,20230107123530,597,0xa,0x1,19.7600002,26.2507896,0.0385418497,-0.0299867373,4.30221298e-05,30,1.55400002,1
597110100003389,234344405,2460097.9433162808,60097.444050899998,15.6156521,0.0112911379,0,zg,341.41415619999998,20.276036900000001,0.910000026,0.0649999976,20230602444051,597,0xa,0x1,20.4099998,26.1875439,0.0369974002,-0.0297169797,2.55386203e-05,30,1.37399995,1
597110100003389,234645400,2460100.9535317789,60100.454004599997,15.5941458,0.0112558613,0,zg,341.4141644,20.276011799999999,0.593999982,-0.0370000005,20230605453993,597,0xa,0x1,20.4300003,26.2272854,0.033300098,-0.0382683612,2.07534522e-05,30,1.26800001,1
597110100003389,234943300,2460103.9327972084,60103.433009300003,15.6148672,0.0112898359,0,zg,341.4141487,20.276023299999999,0.444999993,-0.0489999987,20230608433009,597,0xa,0x1,20.3799992,26.0497074,0.0365537331,-0.0451861173,2.64729897e-05,30,1.34000003,1
597110100003389,235641445,2460110.9148578621,60110.414455999999,15.597477,0.011261275,0,zg,341.41417050000001,20.276016599999998,0.620000005,0.0590000004,20230615414456,597,0xa,0x1,21.7000008,26.1599674,0.0342026241,-0.0884352401,1.53987603e-05,30,1.33599997,1
597110100003389,235942420,2460113.9248675676,60113.424201399997,15.5758753,0.0112264724,0,zg,341.41419109999998,20.276021,0.61500001,0.0179999992,20230618424190,597,0xa,0x1,21.6200008,26.2637863,0.0317783691,-0.0681944266,1.34487191e-05,30,1.24000001,1
597110100003389,236240324,2460116.9041672088,60116.403240699998,15.5931664,0.0112542715,0,zg,341.4142104,20.276021499999999,0.509000003,0.00200000009,20230621403229,597,0xa,0x1,20.6800003,26.1696053,0.0360109955,-0.0382696092,2.10012422e-05,30,1.30599999,1
597110100003389,236542500,2460119.9261886491,60119.425000000003,15.5769281,0.0112281526,0,zg,341.41416679999998,20.276038400000001,0.386999995,0.0170000009,20230624425000,597,0xa,0x1,21.3700008,26.2913342,0.0310803484,-0.0689501613,1.28892652e-05,30,1.16999996,1
597110100003389,236742630,2460121.9276687191,60121.426307900001,15.5856428,0.0112421187,0,zg,341.41419009999998,20.276021199999999,0.453000009,-0.00499999989,20230626426296,597,0xa,0x1,21.2399998,26.3047867,0.0329356603,-0.0670622438,1.48772851e-05,30,1.14699996,1
597110100003389,236940189,2460123.9034275198,60123.401898099997,15.589776,0.0112487841,0,zg,341.4141687,20.276014799999999,0.532999992,0.023,20230628401887,597,0xa,0x1,21.7999992,26.2697906,0.031119395,-0.0845527723,1.26826262e-05,30,1.21800005,1
597110100003389,237138575,2460125.8874495011,60125.385752299997,15.607605,0.0112778498,0,zg,341.4141937,20.276030599999999,0.632000029,0.0209999997,20230630385694,597,0xa,0x1,20.7000008,26.2045479,0.0341455042,-0.0305257067,1.88323411e-05,30,1.26800001,1
597110100003389,237944594,2460133.9483087957,60133.445949100002,15.5791168,0.0112316497,0,zg,341.41419150000002,20.2760277,0.869000018,0.0140000004,20230708445949,597,0xa,0x1,20.7700005,26.3146229,0.0317701586,-0.0229347032,1.6332322e-05,30,1.04400003,1
597110100003389,238141300,2460135.9155251114,60135.413009299999,15.5823851,0.0112368828,0,zg,341.4141841,20.276023200000001,0.528999984,-0.0189999994,20230710413009,597,0xa,0x1,20.9699993,26.333952,0.0308475215,-0.0618382692,1.35846103e-05,30,1.08399999,1
597110100003389,238245877,2460136.9613709101,60136.458773099999,15.6013994,0.0112676769,0,zg,341.4141899,20.276032600000001,1.255,0.0149999997,20230711458773,597,0xa,0x1,21.2900009,26.3130989,0.0296813641,-0.0498097427,1.19547649e-05,30,1.03199995,2
597110100003389,238246079,2460136.9633965692,60136.460798599997,15.5990973,0.0112639163,0,zg,341.41418859999999,20.276014499999999,0.86500001,0.0480000004,20230711460752,597,0xa,0x1,21.2700005,26.3126488,0.0293633174,-0.0541884862,1.17717964e-05,30,1.03100002,2
597110100003389,238337412,2460137.8767893352,60137.374120400003,15.5907106,0.0112502947,0,zg,341.41416620000001,20.276024799999998,0.968999982,0.064000003,20230712374109,597,0xa,0x1,21.6599998,26.212429,0.0284877233,-0.0752991736,1.05916761e-05,30,1.176,1
597110100003389,238440943,2460138.9121816307,60138.4094329,15.6257992,0.0113080433,0,zg,341.414177,20.276028400000001,0.871999979,-0.0109999999,20230713409271,597,0xa,0x1,21.6599998,26.145647,0.0301684663,-0.0729282573,1.19850456e-05,30,1.07500005,2
597110100003389,238442310,2460138.9258516841,60138.4231019,15.5885649,0.0112468284,0,zg,341.4141717,20.276029999999999,0.893000007,0.0480000004,20230713423102,597,0xa,0x1,21.1499996,26.152132,0.033776857,-0.0367736109,1.62635934e-05,30,1.05400002,2
597110100003389,238543784,2460139.9406744177,60139.437847200003,15.5406847,0.0111713372,0,zg,341.41419100000002,20.276005900000001,0.941999972,0.0390000008,20230714437847,597,0xa,0x1,21.7000008,26.2565632,0.0284832045,-0.0689325631,1.07610849e-05,30,1.03699994,2
597110100003389,238545872,2460139.9615557054,60139.458726899997,15.5532694,0.0111908354,0,zg,341.41418440000001,20.276008300000001,0.414999992,-0.00800000038,20230714458715,597,0xa,0x1,21.4699993,26.266571,0.029145427,-0.0735889077,1.12839862e-05,30,1.03100002,1
597110100003389,238545991,2460139.9627478961,60139.459919000001,15.5713863,0.0112193339,0,zg,341.41417860000001,20.276011700000002,0.375,-0.00499999989,20230714459792,597,0xa,0x1,21.3600006,26.2658081,0.0293046907,-0.0776509419,1.14753784e-05,30,1.03100002,2
597110100003389,238634107,2460140.8439718429,60140.3410764,15.5800219,0.0112330969,0,zg,341.41417300000001,20.2760304,0.518000007,0.0250000004,20230715341065,597,0xa,0x1,21.5400009,26.2434349,0.0303434804,-0.0643702745,1.20144468e-05,30,1.28699994,2
597110100003389,238638680,2460140.8897045152,60140.386805599999,15.5762739,0.0112271095,0,zg,341.41417630000001,20.276009800000001,0.846000016,0.0160000008,20230715386794,597,0xa,0x1,21.7099991,26.2675915,0.0311872289,-0.0967421383,1.28493575e-05,30,1.11199999,2
597110100003389,238640086,2460140.9037680789,60140.400868099998,15.5691299,0.0112157557,0,zg,341.4141889,20.276014,0.416000009,-0.0149999997,20230715400856,597,0xa,0x1,21.5799999,26.2673683,0.0321743973,-0.079441607,1.37362158e-05,30,1.08099997,2
597110100003389,238735320,2460141.8561772141,60141.353206,15.6002398,0.0112657808,0,zg,341.41421439999999,20.276026099999999,0.331,0.00700000022,20230716353206,597,0xa,0x1,21.1599998,26.1623535,0.0359180644,-0.0616409741,1.78529463e-05,30,1.21599996,2
597110100003389,238746165,2460141.9646344231,60141.4616551,15.610404,0.0112824598,0,zg,341.41422510000001,20.2760283,1.53199995,0.057,20230716461655,597,0xa,0x1,21.25,26.2175999,0.0367698297,-0.0498836301,1.90360788e-05,30,1.03299999,2
597110100003389,238839296,2460142.8960112291,60142.392962999998,15.5728378,0.0112216379,0,zg,341.41417960000001,20.276018499999999,0.805000007,-0.0120000001,20230717392951,597,0xa,0x1,21.6599998,26.2147713,0.0295740925,-0.076745525,1.18827456e-05,30,1.08599997,2
597110100003389,238942192,2460143.9250448602,60143.421921300003,15.604579,0.0112728812,0,zg,341.41419910000002,20.276024899999999,0.828000009,-0.0289999992,20230718421887,597,0xa,0x1,21.5,26.2956772,0.0309846215,-0.070190154,1.28988295e-05,30,1.04100001,2
597110100003389,238942287,2460143.9259940293,60143.422870399998,15.6007729,0.0112666516,0,zg,341.41420770000002,20.276019399999999,0.815999985,-0.0189999994,20230718422859,597,0xa,0x1,21.3999996,26.2868462,0.0312956311,-0.0575960204,1.30429635e-05,30,1.03999996,1
597110100003389,239041475,2460144.9179523005,60144.414756899998,15.5950308,0.0112572974,0,zg,341.41417280000002,20.2760055,0.785000026,0.00100000005,20230719414688,597,0xa,0x1,21.9099998,26.3223667,0.0314503424,-0.0801931173,1.30816989e-05,30,1.04499996,2
597110100003389,239045541,2460144.9586150283,60144.455416700002,15.5852509,0.0112414872,0,zg,341.41418299999998,20.276005000000001,1.11899996,0.0379999988,20230719455417,597,0xa,0x1,21.8099995,26.3303986,0.0269457735,-0.0873579532,9.62078047e-06,30,1.03299999,2
597110100003389,239134890,2460145.8521626899,60145.348900500001,15.5976181,0.0112615069,0,zg,341.41416459999999,20.2760161,0.740999997,-0.0179999992,20230720348900,597,0xa,0x1,21.8099995,26.2844543,0.0289198775,-0.0803216323,1.08369077e-05,30,1.18900001,2
597110100003389,239138416,2460145.8874314181,60145.384166700002,15.5996323,0.0112647889,0,zg,341.41416570000001,20.2760228,0.745999992,-0.0170000009,20230720384155,597,0xa,0x1,21.7999992,26.3002853,0.0293769948,-0.0907203704,1.13983624e-05,30,1.08700001,2
597110100003389,239333311,2460147.836514954,60147.333113399996,15.5976486,0.0112615563,0,zg,341.4141687,20.276006599999999,0.412999988,0.0130000003,20230722333079,597,0xa,0x1,21.3700008,26.2341995,0.0304951482,-0.0805711746,1.24108547e-05,30,1.23199999,2
597110100003389,239341263,2460147.9160460043,60147.412638900001,15.5667782,0.011212036,0,zg,341.41418169999997,20.2760167,0.575999975,0.00600000005,20230722412627,597,0xa,0x1,21.6499996,26.2664776,0.0297701694,-0.0738285184,1.14745881e-05,30,1.03999996,2
597110100003389,239431991,2460148.8233885216,60148.319919000001,15.6126986,0.0112862485,0,zg,341.41417810000002,20.276026399999999,0.526000023,-0.0370000005,20230723319907,597,0xa,0x1,21.6100006,26.1839333,0.0306967814,-0.0707222372,1.25856659e-05,30,1.28400004,2
597110100003389,239444063,2460148.9441144262,60148.440636599997,15.5783157,0.0112303682,0,zg,341.41419689999998,20.276002999999999,0.746999979,0.0350000001,20230723440602,597,0xa,0x1,21.8299999,26.2102909,0.0332299955,-0.0841453522,1.51249342e-05,30,1.03199995,2
597110100003389,239536575,2460149.8692929032,60149.3657523,15.5648899,0.0112090558,0,zg,341.4141659,20.2760034,0.684000015,-0.00200000009,20230724365752,597,0xa,0x1,21.9200001,26.2947865,0.028110886,-0.0859517232,1.02684553e-05,30,1.10399997,2
597110100003389,239544646,2460149.9500159593,60149.446469900002,15.5814276,0.0112353489,0,zg,341.4141846,20.276009800000001,0.734000027,0.0280000009,20230724446458,597,0xa,0x1,21.8099995,26.3077259,0.0294442754,-0.0847182199,1.14734758e-05,30,1.03600001,2
597110100003389,239643791,2460150.9415290672,60150.437916700001,15.5858421,0.011242439,0,zg,341.4141803,20.276020299999999,0.73299998,0.0359999985,20230725437917,597,0xa,0x1,21.8099995,26.2728558,0.0289804023,-0.0788543746,1.11833124e-05,30,1.03299999,2
597110100003389,239746406,2460151.9677424775,60151.464062500003,15.5852728,0.0112415235,0,zg,341.41420470000003,20.276032499999999,0.751999974,-0.00200000009,20230726464051,597,0xa,0x1,21.4699993,26.2584743,0.0292506143,-0.054032363,1.17692953e-05,30,1.05700004,2
597110100003389,239835942,2460152.8631594102,60152.359421300003,15.5877838,0.0112455683,0,zg,341.41417589999998,20.276010899999999,0.810000002,0.0299999993,20230727359421,597,0xa,0x1,21.6399994,26.3129349,0.0294854548,-0.09421134,1.15252351e-05,30,1.09899998,2
597110100003389,239845478,2460152.9585243673,60152.454780100001,15.5735407,0.0112227565,0,zg,341.41419810000002,20.2760213,0.409000009,-0.0280000009,20230727454780,597,0xa,0x1,21.4699993,26.2964897,0.0324086435,-0.0891476572,1.40584607e-05,30,1.04900002,1
597110100003389,239846236,2460152.9661058527,60152.462361099999,15.5702677,0.0112175588,0,zg,341.41421059999999,20.276023299999999,0.586000025,-0.00600000005,20230727462292,597,0xa,0x1,21.4099998,26.2941799,0.0325368866,-0.0778896511,1.45118865e-05,30,1.05900002,2
597110100003389,239943755,2460153.9413649589,60153.437557899997,15.5692701,0.0112159783,0,zg,341.41420419999997,20.2760259,0.610000014,0.00999999978,20230728437546,597,0xa,0x1,21.5599995,26.2540855,0.032369405,-0.0593127795,1.41855671e-05,30,1.03699994,2
597110100003389,240046475,2460154.9686285169,60154.464756900001,15.5940981,0.011255784,0,zg,341.41419539999998,20.276041299999999,0.317999989,0.00800000038,20230729464745,597,0xa,0x1,21.0499992,26.0342045,0.0393453315,-0.0581520423,2.24069136e-05,30,1.07099998,2
597110100003389,240145792,2460155.9618611974,60155.457928199998,15.5897646,0.0112487664,0,zg,341.41418820000001,20.276005699999999,1.36099994,0.0350000001,20230730457917,597,0xa,0x1,21.5900002,26.0591526,0.0315358788,-0.0896950811,1.33898229e-05,30,1.06400001,2
597110100003389,240346464,2460157.9686949947,60157.4646412,15.5935612,0.0112549113,0,zg,341.4141884,20.2760283,0.797999978,0.00800000038,20230801464641,597,0xa,0x1,20.0499992,26.2457829,0.0428132676,-0.0306938812,4.48307073e-05,30,1.08599997,2
597110100003389,240534759,2460159.851755748,60159.347592600003,15.5884371,0.0112466225,0,zg,341.41418220000003,20.276024700000001,0.652999997,0,20230803347581,597,0xa,0x1,19.8899994,26.335701,0.0348202735,-0.061682146,3.16709047e-05,30,1.08399999,2
597110100003389,240630061,2460160.804830363,60160.300613400002,15.5909796,0.0112507306,0,zg,341.4141765,20.276019699999999,1.25600004,0.0199999996,20230804300613,597,0xa,0x1,20.2800007,26.3183613,0.0358792581,-0.0497651137,2.58929485e-05,30,1.21899998,2
597110100003389,240637776,2460160.8819875149,60160.377766199999,15.5956545,0.0112583106,0,zg,341.41417439999998,20.276006200000001,0.619000018,-0.00999999978,20230804377616,597,0xa,0x1,20.6200008,26.3280392,0.0324678756,-0.0443422273,1.74491979e-05,30,1.03900003,2
597110100003389,240637870,2460160.8829250671,60160.3787037,15.5939283,0.0112555074,0,zg,341.41417419999999,20.2760128,0.583000004,-0.00700000022,20230804378704,597,0xa,0x1,20.5499992,26.3453064,0.0318049043,-0.0464585461,1.84009441e-05,30,1.03900003,1
597110100003389,240741828,2460161.922565829,60161.418287,15.5720568,0.0112203974,0,zg,341.41417610000002,20.2760265,0.638000011,0.0610000007,20230805417963,597,0xa,0x1,20.8899994,26.3184261,0.0324949175,-0.0392076261,1.63761561e-05,30,1.03799999,2
597110100003389,240742952,2460161.9338049409,60161.429525500003,15.5675344,0.0112132328,0,zg,341.41418479999999,20.276034800000001,0.291000009,0.00999999978,20230805429525,597,0xa,0x1,20.7099991,26.3166695,0.0333191119,-0.0299160406,1.76284702e-05,30,1.04799998,2
597110100003389,240935195,2460163.8563383701,60163.351955999999,15.57477,0.0112247113,0,zg,341.41418370000002,20.276005600000001,0.433999985,-0.00100000005,20230807351956,597,0xa,0x1,21.1200008,26.3282776,0.0282169227,-0.0615366288,1.12049902e-05,30,1.05799997,2
597110100003389,240944312,2460163.9475121414,60163.443124999998,15.5975666,0.0112614213,0,zg,341.41419589999998,20.2760292,0.68599999,0.0260000005,20230807443113,597,0xa,0x1,20.8700008,26.3119755,0.0305678397,-0.0326588042,1.4266483e-05,30,1.07599998,1
597110100003389,240947655,2460163.9809397748,60163.476550899999,15.5973291,0.0112610348,0,zg,341.41418420000002,20.276014,0.691999972,0.00200000009,20230807476539,597,0xa,0x1,21.0699997,26.3151131,0.0288039669,-0.0652180016,1.16038855e-05,30,1.16199994,2
597110100003389,241136565,2460165.8701451882,60165.365659700001,15.6202974,0.0112988539,0,zg,341.4141621,20.276046000000001,0.975000024,-0.00800000038,20230809365556,597,0xa,0x1,21.0200005,26.0410843,0.0398919247,-0.0483958684,2.32145831e-05,30,1.03799999,2
597110100003389,241437107,2460168.8757065395,60168.371076399999,15.6044474,0.0112726651,0,zg,341.41421500000001,20.276037200000001,0.876999974,-0.0189999994,20230812371076,597,0xa,0x1,21.6499996,26.3142128,0.034377072,-0.0650914088,1.56873848e-05,30,1.03199995,2
597110100003389,241437918,2460168.8838203186,60168.379189799998,15.5668049,0.0112120798,0,zg,341.41417360000003,20.276001699999998,0.800999999,0.0130000003,20230812379178,597,0xa,0x1,21.9500008,26.3473473,0.0325030275,-0.107621945,1.39718204e-05,30,1.03100002,1
597110100003389,241439900,2460168.9036360322,60168.399004600004,15.5564165,0.011195749,0,zg,341.41419159999998,20.276019399999999,0.43900001,0.0130000003,20230812399005,597,0xa,0x1,21.9099998,26.3268051,0.0303196665,-0.0801333934,1.22149359e-05,30,1.03799999,2
597110100003389,241636950,2460170.8742223103,60170.369502299996,15.5721769,0.0112205883,0,zg,341.4141836,20.2760353,0.745999992,0.0199999996,20230814369491,597,0xa,0x1,21.7999992,26.3013973,0.0323160253,-0.0846014619,1.39796148e-05,30,1.03100002,2
597110100003389,241637043,2460170.8751598508,60170.370439799997,15.5804043,0.0112337098,0,zg,341.4141937,20.2760389,0.815999985,0.0799999982,20230814370440,597,0xa,0x1,21.7099991,26.2996597,0.0312133878,-0.0785767213,1.30122453e-05,30,1.03100002,1
597110100003389,241647965,2460170.9843775742,60170.479652800001,15.6076574,0.0112779364,0,zg,341.41419739999998,20.276058800000001,0.481999993,0.023,20230814479456,597,0xa,0x1,21.4099998,26.2358818,0.0332439244,-0.05902889,1.47367218e-05,30,1.25300002,2
597110100003389,241734814,2460171.8529102327,60171.348148099998,15.5700569,0.0112172253,0,zg,341.41421700000001,20.2760426,1.17499995,-0.0120000001,20230815348148,597,0xa,0x1,21.3299999,26.2906132,0.0340252221,-0.0548726544,1.55128728e-05,30,1.03900003,2
597110100003389,241737986,2460171.8846245804,60171.379861100002,15.5748711,0.0112248734,0,zg,341.41420890000001,20.276031700000001,1.02400005,0.057,20230815379838,597,0xa,0x1,21.7099991,26.2910442,0.0333328061,-0.0683474839,1.48802892e-05,30,1.03299999,2
597110100003389,241927005,2460173.7748990613,60173.270057900001,15.590992,0.0112507502,0,zg,341.41418549999997,20.276019300000002,1.12600005,-0.0170000009,20230817270058,597,0xa,0x1,21.5300007,26.2680683,0.030037269,-0.0690008104,1.22204729e-05,30,1.19799995,2
597110100003389,241939292,2460173.8977742842,60173.392928200003,15.5913734,0.0112513676,0,zg,341.41417430000001,20.276007400000001,0.77700001,0.00700000022,20230817392917,597,0xa,0x1,21.8400002,26.3265686,0.0299195684,-0.0938046053,1.18391881e-05,30,1.04499996,2
597110100003389,241939387,2460173.8987234216,60173.393877299997,15.5985165,0.01126297,0,zg,341.4141856,20.276007100000001,0.788999975,0.115999997,20230817393866,597,0xa,0x1,21.6200008,26.3287144,0.028889766,-0.0818499625,1.10625097e-05,30,1.04499996,1
597110100003389,242033041,2460174.8352994029,60174.330416700002,15.6060877,0.0112753566,0,zg,341.41422990000001,20.2760158,0.859000027,0.0199999996,20230818330405,597,0xa,0x1,21.2800007,26.3089581,0.0357912965,-0.0606058314,1.75503119e-05,30,1.04799998,2
597110100003389,242033538,2460174.8402647963,60174.335381899997,15.6006365,0.011266429,0,zg,341.4141798,20.276009500000001,0.250999987,-0.0109999999,20230818335278,597,0xa,0x1,21.5900002,26.3343697,0.0302040428,-0.0958236828,1.21800376e-05,30,1.04299998,2
597110100003389,242733900,2460181.8441228885,60181.339004599999,15.6065063,0.0112760449,0,zg,341.41419259999998,20.276046600000001,0.630999982,0.0430000015,20230825338993,597,0xa,0x1,21.3799992,26.3317833,0.0318704098,-0.0593624189,1.36419085e-05,30,1.03100002,2
597110100003389,242735871,2460181.8638341553,60181.358715299997,15.5946188,0.0112566296,0,zg,341.41419550000001,20.2760198,0.986000001,0.0719999969,20230825358704,597,0xa,0x1,21.5400009,26.3432999,0.0325083248,-0.071239002,1.40266238e-05,30,1.03499997,1
597110100003389,242739502,2460181.9001429887,60181.395023099998,15.5679121,0.0112138279,0,zg,341.4141717,20.276008699999998,0.703000009,-0.0240000002,20230825394988,597,0xa,0x1,21.6599998,26.3522415,0.0306672789,-0.0970406681,1.24925564e-05,30,1.07799995,2
597110100003389,242840899,2460182.9141412848,60182.408993099998,15.5801992,0.011233381,0,zg,341.41418340000001,20.276023800000001,0.582000017,-0,20230826408993,597,0xa,0x1,21.3899994,26.3443909,0.0326996744,-0.0858731568,1.42174531e-05,30,1.11500001,2
597110100003389,242941586,2460183.9210429364,60183.415868099997,15.5765314,0.0112275202,0,zg,341.41419139999999,20.276014799999999,0.194000006,-0.0120000001,20230827415868,597,0xa,0x1,21.6399994,26.340374,0.0278356913,-0.0929557383,9.99690292e-06,30,1.14199996,1
597110100003389,242941681,2460183.9219919611,60183.416817099998,15.572505,0.011221109,0,zg,341.41418290000001,20.276002699999999,0.805000007,-0.0149999997,20230827416806,597,0xa,0x1,21.6800003,26.3423557,0.027223045,-0.0934947133,9.59583485e-06,30,1.14499998,2
597110100003389,242943141,2460183.936587227,60183.431411999998,15.5880814,0.0112460479,0,zg,341.41418379999999,20.2760183,0.538999975,0.0250000004,20230827431412,597,0xa,0x1,21.4300003,26.3209076,0.0280511435,-0.067989096,1.02834592e-05,30,1.19700003,2
597110100003389,243023244,2460184.7376374663,60184.232442100001,15.6065245,0.0112760738,0,zg,341.41419400000001,20.276025700000002,0.819000006,-0.0309999995,20230828232442,597,0xa,0x1,20.5400009,26.2908573,0.0323333107,-0.0411322601,1.94156946e-05,30,1.23000002,2
597110100003389,243041417,2460184.9193780315,60184.414178200001,15.6054878,0.0112743713,0,zg,341.41418499999997,20.276030299999999,0.564999998,0.0109999999,20230828414167,597,0xa,0x1,21.1800003,26.3173275,0.0276034214,-0.0585800521,1.04177025e-05,30,1.14600003,2
597110100003389,243117972,2460185.684940164,60185.179722200002,15.5372686,0.0111660874,0,zg,341.41416829999997,20.2760143,1.97500002,-0.108999997,20230829179722,597,0xa,0x1,20.0699997,26.234272,0.0410036147,-0.0294681676,4.12941808e-05,30,1.57299995,2
597110100003389,243145862,2460185.963847117,60185.458622700004,15.5610399,0.0112029975,0,zg,341.41419439999999,20.2760186,0.926999986,0.00700000022,20230829458611,597,0xa,0x1,20.7199993,26.2828007,0.0340128466,-0.0450831018,1.89055372e-05,30,1.36600006,2
597110100003389,243246767,2460186.9729202939,60186.467673599996,15.5616999,0.0112040332,0,zg,341.41417410000003,20.276044500000001,0.180999994,0.00300000003,20230830467662,597,0xa,0x1,19.75,26.2140808,0.0411640294,-0.0130765075,4.93621592e-05,30,1.45200002,2
597110100003389,243347288,2460187.9781493242,60187.472881900001,15.5928307,0.0112537285,0,zg,341.4141947,20.2760204,0.740999997,0.0549999997,20230831472882,597,0xa,0x1,19.4099998,26.1554298,0.0456193574,-0.0239732545,7.44158096e-05,30,1.51999998,1
597110100003389,243738675,2460191.8920934433,60191.386759300003,15.593317,0.0112545174,0,zg,341.41416720000001,20.2760301,0.421000004,-0.00100000005,20230904386748,597,0xa,0x1,20.7099991,26.3218861,0.0320550501,-0.0379840694,1.57731738e-05,30,1.12100005,2
597110100003389,243741094,2460191.9162835712,60191.410949099998,15.6108894,0.0112832598,0,zg,341.4141793,20.2760295,0.284000009,-0.0160000008,20230904410926,597,0xa,0x1,20.6399994,26.32728,0.0333360881,-0.062761277,1.85156787e-05,30,1.20200002,2
597110100003389,243832476,2460192.8301152783,60192.324768500002,15.5739603,0.0112234233,0,zg,341.4141803,20.2760541,0.360000014,0.00400000019,20230905324757,597,0xa,0x1,20.7399998,26.3272381,0.0297116879,-0.0374102406,1.41368992e-05,30,1.03299999,2
597110100003389,243832571,2460192.8310643909,60192.325717599997,15.5654287,0.0112099051,0,zg,341.41418370000002,20.276039699999998,0.93599999,0.0179999992,20230905325706,597,0xa,0x1,21.0300007,26.3086128,0.0293417312,-0.0308630187,1.25548449e-05,30,1.03400004,1
597110100003389,243839203,2460192.8973846138,60192.392036999998,15.5978289,0.0112618487,0,zg,341.41417910000001,20.2760246,0.64200002,-0.00999999978,20230905392037,597,0xa,0x1,21.1399994,26.3151894,0.032850787,-0.0570287928,1.48723502e-05,30,1.14499998,2
597110100003389,243931925,2460193.824618028,60193.319259299999,15.5591564,0.0112000406,0,zg,341.41419910000002,20.276036999999999,0.735000014,0.00600000005,20230906319259,597,0xa,0x1,21.1000004,26.3066616,0.0308485087,-0.0499630794,1.33266267e-05,30,1.03199995,2
597110100003389,243939046,2460193.8958225059,60193.390463000003,15.5982952,0.0112626096,0,zg,341.41418959999999,20.276033099999999,0.665000021,0.023,20230906390451,597,0xa,0x1,21.2099991,26.3009777,0.0275934581,-0.0475906692,1.01959367e-05,30,1.148,2
597110100003389,244029826,2460194.8036329472,60194.298263899997,15.5669193,0.0112122605,0,zg,341.4141821,20.2760125,0.862999976,0.0280000009,20230907298252,597,0xa,0x1,21.6800003,26.3448715,0.0294940881,-0.0800204799,1.14116247e-05,30,1.03199995,2
597110100003389,244043765,2460194.9430208411,60194.437650499996,15.5680971,0.0112141231,0,zg,341.414175,20.2760541,0.314999998,0.00899999961,20230907437604,597,0xa,0x1,21.0400009,26.282114,0.0283850767,-0.0455620401,1.20948125e-05,30,1.39100003,1
597110100003389,244045640,2460194.9617710039,60194.456400499999,15.5724058,0.0112209525,0,zg,341.41418429999999,20.276048599999999,0.234999999,-0.00800000038,20230907456285,597,0xa,0x1,20.8999996,26.2644501,0.0324062817,-0.0489828214,1.51752611e-05,30,1.54400003,2
597110100003389,244131975,2460195.8251351789,60195.319756899997,15.600276,0.0112658404,0,zg,341.41419810000002,20.2760444,0.529999971,0.023,20230908319757,597,0xa,0x1,21.2700005,26.2412376,0.030442562,-0.0530742705,1.26422092e-05,30,1.03499997,2
597110100003389,244135722,2460195.8626007796,60195.3572222,15.5962505,0.0112592792,0,zg,341.41418750000003,20.276042799999999,0.753000021,0.00100000005,20230908357222,597,0xa,0x1,21.4099998,26.2254505,0.0303520113,-0.0550689511,1.24077887e-05,30,1.079,2
597110100003389,244232043,2460196.8258256004,60196.320439800002,15.5880013,0.0112459175,0,zg,341.41418909999999,20.2760216,0.632000029,0.0120000001,20230909320428,597,0xa,0x1,21.6900005,26.2482681,0.0283814091,-0.0749476701,1.0694027e-05,30,1.03699994,2
597110100003389,244239370,2460196.8990899636,60196.3937037,15.5891447,0.0112477653,0,zg,341.41418629999998,20.276029999999999,1.08200002,0.00300000003,20230909393692,597,0xa,0x1,21.5799999,26.2411308,0.0271384586,-0.0656480342,9.71075224e-06,30,1.18799996,1
597110100003389,244239417,2460196.8995644664,60196.394178199997,15.5625315,0.0112053426,0,zg,341.41418279999999,20.276030800000001,0.720000029,0.0419999994,20230909394167,597,0xa,0x1,21.5200005,26.2404022,0.0288837664,-0.0710581169,1.09867924e-05,30,1.19000006,2
597110100003389,244424928,2460198.7546784147,60198.2492824,15.5857582,0.011242304,0,zg,341.4141654,20.2760064,0.605000019,-0.0379999988,20230911249271,597,0xa,0x1,21.5599995,26.2939262,0.0293910336,-0.0896198824,1.13058104e-05,30,1.06900001,2
597110100003389,244434759,2460198.8529889863,60198.347592600003,15.5805225,0.0112338988,0,zg,341.41417289999998,20.276011799999999,0.897000015,0.0340000018,20230911347593,597,0xa,0x1,21.6599998,26.2664566,0.0309766494,-0.0999333933,1.257853e-05,30,1.07599998,2
597110100003389,244625780,2460200.763201559,60200.257800899999,15.587656,0.0112453625,0,zg,341.41417430000001,20.276016800000001,0.592000008,-0.0260000005,20230913257801,597,0xa,0x1,21.7700005,26.3345852,0.0300947931,-0.090523757,1.20487703e-05,30,1.04900002,2
597110100003389,244638635,2460200.8917549206,60200.386354200004,15.5882301,0.0112462873,0,zg,341.41416450000003,20.276046399999998,0.596000016,-0.0199999996,20230913386354,597,0xa,0x1,21.5100002,26.3125744,0.031527523,-0.0860067382,1.29801556e-05,30,1.20200002,2
597110100003389,244647651,2460200.9819168872,60200.476516199997,15.5678434,0.0112137208,0,zg,341.41418950000002,20.2760155,0.643000007,0.0250000004,20230913476470,597,0xa,0x1,20.9699993,26.155014,0.0351449922,-0.0483509041,1.74840152e-05,30,2.03699994,1
597110100003389,244722443,2460201.7298335894,60201.224432900002,15.5873194,0.0112448176,0,zg,341.41417319999999,20.276003200000002,1.05900002,0.0710000023,20230914224421,597,0xa,0x1,21.7299995,26.333704,0.0285228044,-0.0988345519,1.06537273e-05,30,1.102,2
597110100003389,244730502,2460201.8104237448,60201.305023100002,15.5791941,0.0112317707,0,zg,341.41420460000001,20.276038799999998,0.874000013,0.0260000005,20230914305012,597,0xa,0x1,21.4099998,26.30126,0.0324763581,-0.061173752,1.43200341e-05,30,1.03600001,2
597110100003389,244821881,2460202.7242186433,60202.218819399997,15.576479,0.0112274354,0,zg,341.4141722,20.276018499999999,0.896000028,0.0109999999,20230915218808,597,0xa,0x1,21.6900005,26.2781582,0.030097343,-0.0784637034,1.18756298e-05,30,1.10899997,2
597110100003389,244821975,2460202.7251561424,60202.219756899998,15.5698652,0.0112169217,0,zg,341.41417990000002,20.276002699999999,0.944000006,0.0179999992,20230915219757,597,0xa,0x1,21.6599998,26.2795467,0.031201046,-0.0783935338,1.29423597e-05,30,1.10699999,1
597110100003389,244841447,2460202.9198779445,60202.414479200001,15.5856571,0.0112421419,0,zg,341.41420390000002,20.2760359,0.507000029,0.0179999992,20230915414479,597,0xa,0x1,21.5599995,26.2342358,0.0354417674,-0.080281347,1.67148664e-05,30,1.38199997,2
597110100003389,244937539,2460203.8807891547,60203.375393499999,15.5644855,0.0112084188,0,zg,341.41419350000001,20.276029600000001,0.456999987,0.0419999994,20230916375324,597,0xa,0x1,21.9099998,26.2881355,0.0361614376,-0.101799123,1.70708427e-05,30,1.19099998,2
597110100003389,244938178,2460203.8871780252,60203.3817824,15.5604658,0.0112020941,0,zg,341.4141874,20.2760198,0.690999985,0.0170000009,20230916381782,597,0xa,0x1,21.9699993,26.2800484,0.0344496109,-0.100799121,1.5494039e-05,30,1.21700001,2
597110100003389,245034393,2460204.8493263009,60204.343935199999,15.5736942,0.0112230005,0,zg,341.41417730000001,20.276028199999999,0.569000006,0.00400000019,20230917343935,597,0xa,0x1,21.7900009,26.3234539,0.0317060128,-0.105392054,1.34041929e-05,30,1.10300004,1
597110100003389,245045648,2460204.961871889,60204.456481499998,15.5826607,0.0112373251,0,zg,341.4142071,20.2760237,0.514999986,-0.0160000008,20230917456435,597,0xa,0x1,21.5100002,26.1637325,0.0388980694,-0.0826772526,1.97903828e-05,30,1.88100004,2
597110100003389,245126803,2460205.7734178198,60205.268032400003,15.6011505,0.01126727,0,zg,341.41419439999999,20.2760064,0.989000022,0.0469999984,20230918268021,597,0xa,0x1,21.9599991,26.3253689,0.0328475274,-0.0943694487,1.42701765e-05,30,1.03199995,2
597110100003389,245129790,2460205.8032903136,60205.2979051,15.5796871,0.0112325614,0,zg,341.41418329999999,20.2760119,0.579999983,-0.00499999989,20230918297894,597,0xa,0x1,21.9300003,26.3296967,0.0342207178,-0.102010988,1.55126309e-05,30,1.03799999,2
597110100003389,245229275,2460206.7981321821,60206.292754599999,15.5810556,0.0112347528,0,zg,341.41418340000001,20.276013299999999,0.77700001,0.0120000001,20230919292431,597,0xa,0x1,21.8099995,26.3417435,0.031690456,-0.0870825052,1.32471905e-05,30,1.03699994,2
597110100003389,245234410,2460206.8494859315,60206.344108800004,15.5706615,0.0112181846,0,zg,341.41417489999998,20.276018100000002,0.395000011,0,20230919344028,597,0xa,0x1,21.7700005,26.3353939,0.0295185316,-0.0885527655,1.15298262e-05,30,1.11699998,1
597110100003389,245244434,2460206.9497164916,60206.444340299997,15.6008949,0.0112668509,0,zg,341.4141932,20.276032600000001,0.490999997,-0.00300000003,20230919444340,597,0xa,0x1,21.2099991,26.2188549,0.0313857049,-0.0579684712,1.36168183e-05,30,1.78199995,2
597110100003389,245322828,2460207.7336560208,60207.228286999998,15.6033773,0.0112709124,0,zg,341.4141679,20.2760137,0.855000019,-0.0430000015,20230920228287,597,0xa,0x1,21.9300003,26.3449001,0.0305016357,-0.092861332,1.22292195e-05,30,1.06299996,2
597110100003389,245324633,2460207.7516998486,60207.246331000002,15.5900011,0.0112491474,0,zg,341.41418449999998,20.2760234,0.617999971,-0.00899999961,20230920246331,597,0xa,0x1,21.8600006,26.3380566,0.0325168781,-0.0851066411,1.39815602e-05,30,1.04200006,2
597110100003389,245722550,2460211.7308268282,60211.225509299999,15.5791073,0.0112316338,0,zg,341.41418270000003,20.276036999999999,0.518999994,0.0350000001,20230924225509,597,0xa,0x1,20.9599991,26.3290806,0.0321596637,-0.038161654,1.45346694e-05,30,1.05200005,2
597110100003389,245739127,2460211.8965879213,60211.391273100002,15.5729322,0.0112217888,0,zg,341.41419130000003,20.2760344,0.69599998,0.0879999995,20230924391262,597,0xa,0x1,21.5,26.2770195,0.0325354338,-0.0606624298,1.39937538e-05,30,1.39100003,2
597110100003389,245822943,2460212.7347337115,60212.2294329,15.5952759,0.0112576969,0,zg,341.41417530000001,20.276013599999999,0.640999973,0.0120000001,20230925229421,597,0xa,0x1,21.0100002,26.3340206,0.0313926227,-0.0508741215,1.42924555e-05,30,1.04499996,2
597110100003389,245840533,2460212.9106332581,60212.4053356,15.5857697,0.0112423217,0,zg,341.41418479999999,20.276039300000001,0.372999996,0.0270000007,20230925405336,597,0xa,0x1,21.4099998,26.2514591,0.0306096375,-0.0618112274,1.27721278e-05,30,1.52600002,2
597110100003389,245840769,2460212.9129944146,60212.407696800001,15.5867853,0.011243958,0,zg,341.41419990000003,20.276035100000001,1.00800002,0.0439999998,20230925407697,597,0xa,0x1,21.4200001,26.249548,0.031667795,-0.0606510304,1.32573814e-05,30,1.54900002,1
597110100003389,245915711,2460213.6624020846,60213.157118100004,15.5823441,0.0112368176,0,zg,341.41416909999998,20.2760304,0.737999976,0.00800000038,20230926157118,597,0xa,0x1,20.6800003,26.3001137,0.033354938,-0.0439504236,1.92769094e-05,30,1.21399999,2
597110100003389,245937901,2460213.8842959665,60213.3790162,15.590147,0.011249383,0,zg,341.41418759999999,20.2760183,0.381999999,-0.00899999961,20230926379016,597,0xa,0x1,20.4799995,26.2946014,0.0337505564,-0.045645941,2.1325146e-05,30,1.34599996,2
597110100003389,246016555,2460214.6708198837,60214.165555599997,15.5874949,0.0112451026,0,zg,341.41417919999998,20.276022300000001,0.748000026,-0.00999999978,20230927165556,597,0xa,0x1,20.3700008,26.3013287,0.0329503603,-0.0367587097,2.20649563e-05,30,1.16999996,2
597110100003389,246038358,2460214.8888477962,60214.383587999997,15.5970402,0.0112605663,0,zg,341.41416820000001,20.276041500000002,0.746999979,0.0329999998,20230927383588,597,0xa,0x1,19.9699993,26.275631,0.0367836356,-0.0225426462,3.47783462e-05,30,1.39499998,1
597110100003389,246042275,2460214.9280135501,60214.422754599997,15.5882025,0.0112462426,0,zg,341.41418279999999,20.276056700000002,0.448000014,0.0260000005,20230927422743,597,0xa,0x1,19.8199997,26.2075863,0.0386358574,-0.0261999704,4.15828654e-05,30,1.78600001,2
597110100003389,246118767,2460215.6929163802,60215.187673599998,15.6056213,0.0112745911,0,zg,341.41429049999999,20.276125400000002,0.890999973,0.0350000001,20230928187662,597,0xa,0x1,18.9099998,26.3350143,0.0446661562,-0.0107408725,0.000136239527,30,1.09899998,2
597110100003389,246122434,2460215.729582292,60215.224340300003,15.5927229,0.0112535534,0,zg,341.41419130000003,20.276026399999999,0.663999975,-0.057,20230928224340,597,0xa,0x1,20.0799999,26.3261032,0.035970863,-0.0297872089,3.03707329e-05,30,1.04200006,2
597110100003389,246227645,2460216.7816764698,60216.276458300003,15.5847569,0.0112406928,0,zg,341.41418060000001,20.276030800000001,0.810000002,0.0329999998,20230929276458,597,0xa,0x1,20.0799999,26.3647537,0.0329804569,-0.0380322523,2.62480535e-05,30,1.04499996,1
597110100003389,246620730,2460220.712417962,60220.207303199997,15.5886555,0.0112469736,0,zg,341.41417300000001,20.276035499999999,0.538999975,0.0149999997,20231003207292,597,0xa,0x1,20.7999992,26.2879791,0.0317360982,-0.0452484041,1.54580393e-05,30,1.04499996,2
597110100003389,246622947,2460220.7345933188,60220.229479200003,15.5923424,0.0112529369,0,zg,341.41417009999998,20.276022300000001,0.768999994,-0.0329999998,20231003229479,597,0xa,0x1,20.9200001,26.2896252,0.0323081277,-0.0486170389,1.53593592e-05,30,1.03199995,1
597110100003389,246640109,2460220.9062084951,60220.401099499999,15.5853815,0.0112416986,0,zg,341.41418870000001,20.276025199999999,0.662999988,-0.00300000003,20231003400868,597,0xa,0x1,20.2099991,26.1593361,0.0367115848,-0.0373838991,2.85502865e-05,30,1.71599996,2
597110100003389,246718277,2460221.6878633997,60221.182777800001,15.598423,0.0112628173,0,zg,341.41418040000002,20.276024700000001,0.42899999,0.0130000003,20231004182778,597,0xa,0x1,21.2000008,26.2842293,0.0333115682,-0.0773931965,1.4866896e-05,30,1.07500005,2
597110100003389,246736031,2460221.865392603,60221.360312500001,15.5736418,0.0112229167,0,zg,341.414199,20.276060699999999,0.837000012,-0.00200000009,20231004360232,597,0xa,0x1,20.2900009,26.2727489,0.0401998647,-0.0428728722,3.1693955e-05,30,1.36600006,2
597110100003389,246820811,2460222.7131668762,60222.208113399996,15.6048574,0.0112733366,0,zg,341.41419050000002,20.276053300000001,1.03600001,0.0130000003,20231005208079,597,0xa,0x1,20.8400002,26.3277664,0.0363491066,-0.0604420938,1.98151502e-05,30,1.03999996,2
597110100003389,246821115,2460222.7162107797,60222.211157400001,15.5857286,0.0112422565,0,zg,341.41419500000001,20.276037599999999,0.537,0.00400000019,20231005211134,597,0xa,0x1,20.7999992,26.3240623,0.0367991589,-0.0585233308,1.98101152e-05,30,1.03699994,2
597110100003389,246821210,2460222.7171598496,60222.212106500003,15.6114855,0.0112842433,0,zg,341.4142051,20.276044599999999,0.391000003,0.00499999989,20231005212095,597,0xa,0x1,20.9799995,26.3198586,0.0346223898,-0.0564221665,1.66183636e-05,30,1.03699994,1
597110100003389,246916284,2460223.6678693756,60223.162847200001,15.5975332,0.0112613672,0,zg,341.41416379999998,20.2760137,0.86500001,-0.0170000009,20231006162847,597,0xa,0x1,21.2999992,26.3121414,0.0301093347,-0.075927943,1.21405228e-05,30,1.10599995,2
597110100003389,246928090,2460223.785921027,60223.280902799997,15.5697289,0.0112167038,0,zg,341.41418759999999,20.2760271,0.779999971,-0.0209999997,20231006280903,597,0xa,0x1,21.0699997,26.3147202,0.031062657,-0.0599487573,1.34257753e-05,30,1.079,2
597110100003389,247020837,2460224.7133660312,60224.208379600001,15.5618896,0.0112043312,0,zg,341.41417730000001,20.276026399999999,0.893999994,0.0529999994,20231007208368,597,0xa,0x1,21.4500008,26.3143234,0.0322118402,-0.0756463259,1.36463741e-05,30,1.03600001,2
597110100003389,247027361,2460224.7785952431,60224.273611099998,15.6042824,0.011272395,0,zg,341.41418670000002,20.276025300000001,0.451999992,0.00400000019,20231007273588,597,0xa,0x1,21.3199997,26.3154297,0.0328918435,-0.0757967606,1.44709866e-05,30,1.07099998,2
597110100003389,247036569,2460224.8706752514,60224.365694400003,15.5709076,0.011218573,0,zg,341.41420570000002,20.276063400000002,0.593999982,0.00700000022,20231007365683,597,0xa,0x1,20.5499992,26.2550964,0.0355218016,-0.0388874337,2.22558265e-05,30,1.46599996,1
597110100003389,247220850,2460226.7134205741,60226.208506900002,15.5755787,0.0112260012,0,zg,341.41417869999998,20.276002699999999,0.903999984,0.00300000003,20231009208507,597,0xa,0x1,21.7099991,26.3186512,0.0285118613,-0.0879318044,1.06929874e-05,30,1.03299999,2
597110100003389,247234401,2460226.8489246885,60226.344016199997,15.5756836,0.0112261688,0,zg,341.41418850000002,20.276045199999999,1.04900002,0.0869999975,20231009344016,597,0xa,0x1,21.5200005,26.2509041,0.0292356107,-0.0544681586,1.13256601e-05,30,1.34899998,2
597110100003389,247322796,2460227.7328374125,60227.227962999998,15.6027822,0.0112699382,0,zg,341.41418349999998,20.276021799999999,0.615999997,0.0209999997,20231010227951,597,0xa,0x1,21.4500008,26.191515,0.0317945927,-0.0776712298,1.34578067e-05,30,1.03299999,1
597110100003389,247322890,2460227.7337748753,60227.228900499998,15.5842161,0.011239823,0,zg,341.41417740000003,20.276019699999999,0.811999977,-0.00100000005,20231010228889,597,0xa,0x1,21.4300003,26.1548634,0.0342013985,-0.0749389082,1.5538315e-05,30,1.03299999,2
597110100003389,247323194,2460227.7368186554,60227.231944400002,15.5943508,0.0112561937,0,zg,341.41417689999997,20.276024499999998,0.294,0.0199999996,20231010231933,597,0xa,0x1,21.3899994,26.1463032,0.0330906063,-0.0809932575,1.47839128e-05,30,1.03499997,2
597110100003389,247421092,2460228.7157610757,60228.210925899999,15.5948305,0.0112569723,0,zg,341.41422089999998,20.276070499999999,0.632000029,-0.00200000009,20231011210914,597,0xa,0x1,20.7700005,26.3260403,0.0387674607,-0.0412372388,2.38449193e-05,30,1.03100002,2
597110100003389,247425378,2460228.7586181294,60228.253784699999,15.5715523,0.0112195965,0,zg,341.41418679999998,20.2760107,0.338,-0.00899999961,20231011253692,597,0xa,0x1,21.3299999,26.3551407,0.0333141275,-0.108272463,1.49638336e-05,30,1.05700004,2
597110100003389,247720680,2460231.7115129293,60231.206805599999,15.5844936,0.0112402691,0,zg,341.41419079999997,20.276030500000001,0.442000002,0.075000003,20231014206794,597,0xa,0x1,21.6499996,26.3067303,0.0308285225,-0.0689519942,1.25742517e-05,30,1.03100002,2
597110100003389,247721269,2460231.7174038659,60231.212696800001,15.5580969,0.01119838,0,zg,341.41419070000001,20.276040699999999,0.400000006,0.00499999989,20231014212650,597,0xa,0x1,21.4300003,26.3171654,0.0326130055,-0.0749135762,1.41077862e-05,30,1.03199995,2
597110100003389,247822517,2460232.7298346777,60232.225173600003,15.572588,0.0112212412,0,zg,341.41417949999999,20.276016899999998,0.485000014,-0.0109999999,20231015225150,597,0xa,0x1,21.6399994,26.335146,0.0290038008,-0.0864159018,1.10440751e-05,30,1.03900003,2
597110100003389,247822611,2460232.7307721348,60232.226111099997,15.5816565,0.0112357149,0,zg,341.41418449999998,20.276025799999999,0.428000003,-0.0240000002,20231015226111,597,0xa,0x1,21.75,26.3321991,0.0288837459,-0.0796150193,1.08951563e-05,30,1.03999996,1
597110100003389,247824734,2460232.7520095506,60232.247349500001,15.5952301,0.0112576205,0,zg,341.41418809999999,20.276032699999998,0.85799998,0.0399999991,20231015247338,597,0xa,0x1,21.6200008,26.3347092,0.0289385561,-0.0835973546,1.10842766e-05,30,1.06400001,2
597110100003389,247919143,2460233.6960511059,60233.191435200002,15.5860548,0.0112427827,0,zg,341.41420799999997,20.276046600000001,0.31099999,-0.00100000005,20231016191389,597,0xa,0x1,21.3299999,26.3237724,0.0314280279,-0.0600487143,1.33059757e-05,30,1.03199995,2
597110100003389,247922949,2460233.7341047996,60233.229490700003,15.6024151,0.0112693366,0,zg,341.41420310000001,20.276037800000001,0.523000002,-0.0179999992,20231016229491,597,0xa,0x1,21.1200008,26.3264332,0.0327717178,-0.0707684979,1.47408764e-05,30,1.04499996,2
597110100003389,248019114,2460234.6957136602,60234.191145800003,15.5941143,0.0112558091,0,zg,341.41419710000002,20.276021499999999,0.637000024,0.0209999997,20231017191134,597,0xa,0x1,21.5499992,26.3111095,0.0310935136,-0.0727611259,1.29073906e-05,30,1.03199995,1
597110100003389,248021616,2460234.7207356403,60234.216168999999,15.6023684,0.0112692593,0,zg,341.41419330000002,20.276020200000001,0.647000015,-0.0359999985,20231017216169,597,0xa,0x1,21.6800003,26.3238125,0.0291868132,-0.0888950974,1.12834696e-05,30,1.03699994,2
597110100003389,248032141,2460234.8259734516,60234.321411999998,15.567708,0.0112135066,0,zg,341.41418809999999,20.276018499999999,0.776000023,-0.0560000017,20231017321412,597,0xa,0x1,21.4200001,26.2737694,0.0304848105,-0.0731144249,1.23701238e-05,30,1.34399998,2
597110100003389,248118229,2460235.6868106253,60235.182291700003,15.5940552,0.011255715,0,zg,341.41418149999998,20.276025499999999,0.611000001,0.0549999997,20231018182292,597,0xa,0x1,21.6299992,26.3291836,0.0294530652,-0.0818807557,1.12738599e-05,30,1.03400004,2
597110100003389,248132673,2460235.8312477306,60235.326736100003,15.5985193,0.0112629756,0,zg,341.41419359999998,20.276051899999999,0.671999991,0.0359999985,20231018326377,597,0xa,0x1,21.1499996,26.263382,0.0331746973,-0.0535723567,1.50968863e-05,30,1.39699996,2
597110100003389,248219167,2460236.6961459788,60236.191678199997,15.6054058,0.0112742363,0,zg,341.41420199999999,20.276055599999999,0.614000022,0.00800000038,20231019191667,597,0xa,0x1,21.3400002,26.3082066,0.0320153758,-0.0627177432,1.40043821e-05,30,1.03100002,2
597110100003389,248224966,2460236.7541291895,60236.249664399998,15.5690451,0.0112156216,0,zg,341.41417760000002,20.2760167,0.769999981,0.0540000014,20231019249664,597,0xa,0x1,21.3999996,26.2842178,0.0301293377,-0.0848762766,1.22668052e-05,30,1.08800006,1
597110100003389,248225717,2460236.7616403005,60236.257175899998,15.5603781,0.0112019563,0,zg,341.4141851,20.276021400000001,0.428000003,0.0250000004,20231019257153,597,0xa,0x1,21.4599991,26.2880516,0.030733401,-0.0693460777,1.27036583e-05,30,1.10399997,2
597110100003389,248322564,2460237.730062122,60237.2256481,15.5662594,0.0112112174,0,zg,341.41418069999997,20.276018100000002,0.606999993,-0.00400000019,20231020225648,597,0xa,0x1,21.7600002,26.29422,0.0288000796,-0.0774110332,1.08622335e-05,30,1.05299997,2
597110100003389,248325887,2460237.763289561,60237.258877300002,15.5651102,0.0112094041,0,zg,341.41419009999998,20.276014799999999,0.423000008,-0.0309999995,20231020258866,597,0xa,0x1,21.6700001,26.2948608,0.0280742478,-0.0884215012,1.03940147e-05,30,1.11500001,2
597110100003389,248421131,2460238.7156809196,60238.211319399998,15.5492868,0.0111846384,0,zg,341.41417890000002,20.276001300000001,0.763999999,0.0189999994,20231021211308,597,0xa,0x1,21.7099991,26.3163223,0.0270412546,-0.0776932985,9.79589367e-06,30,1.04100001,2
597110100003389,248425554,2460238.7599031217,60238.255544,15.5843468,0.0112400334,0,zg,341.41418019999998,20.276017299999999,0.871999979,0.00700000022,20231021255498,597,0xa,0x1,21.6499996,26.3043804,0.0282309875,-0.0815986618,1.06382849e-05,30,1.11399996,2
597110100003389,248425649,2460238.7608521702,60238.256493100002,15.5761557,0.0112269204,0,zg,341.41418709999999,20.276033399999999,0.331999987,0.00200000009,20231021256482,597,0xa,0x1,21.5699997,26.2981434,0.0287420973,-0.0695828423,1.08930926e-05,30,1.11600006,1
597110100003389,248517200,2460239.6763114748,60239.172002300002,15.5657406,0.0112103987,0,zg,341.41416559999999,20.2760018,0.898000002,0.0710000023,20231022172002,597,0xa,0x1,21.3600006,26.3258514,0.0276746098,-0.0475610308,1.04131841e-05,30,1.03400004,2
597110100003389,248528146,2460239.7857730081,60239.281469900001,15.5952034,0.0112575786,0,zg,341.4141808,20.276025300000001,0.998000026,0.0160000008,20231022281470,597,0xa,0x1,21.4500008,26.3144035,0.0269246139,-0.0616248548,9.56238546e-06,30,1.20899999,2
597110100003389,248833096,2460242.8350896193,60242.330960599997,15.588809,0.0112472232,0,zg,341.41419339999999,20.276027899999999,0.801999986,0.0179999992,20231025330961,597,0xa,0x1,20.3799992,26.220787,0.0355712846,-0.0357713401,2.47995176e-05,30,1.60099995,2
597110100003389,248836587,2460242.8700065254,60242.365879600002,15.6016617,0.0112681054,0,zg,341.41419730000001,20.276031400000001,0.907000005,-0.0179999992,20231025365880,597,0xa,0x1,20.1399994,26.1304665,0.0353780016,-0.0272889696,2.75402745e-05,30,2.1170001,2
597110100003389,249036246,2460244.8664722121,60244.362465300001,15.5989389,0.0112636592,0,zg,341.41418090000002,20.276034200000002,0.814999998,0.0109999999,20231027362442,597,0xa,0x1,19.0900002,26.1596394,0.0386216454,-0.0256701037,7.02275356e-05,30,2.16000009,2
597110100003389,249127546,2460245.7794135837,60245.275462999998,15.623826,0.0113047399,0,zg,341.41418920000001,20.276040900000002,0.39199999,0.0299999993,20231028275451,597,0xa,0x1,19.5900002,26.3081093,0.0379737243,-0.0348956138,5.00345377e-05,30,1.25600004,1
597110100003389,249130728,2460245.8112286744,60245.307280100002,15.6102037,0.0112821301,0,zg,341.41418599999997,20.276039300000001,0.308999985,0.00200000009,20231028307211,597,0xa,0x1,19.4799995,26.2703629,0.0369582959,-0.0320512131,5.07943332e-05,30,1.45799994,2
597110100003389,249135842,2460245.8623712328,60245.358425899998,15.5619564,0.0112044355,0,zg,341.41419539999998,20.276045799999999,0.573000014,0.00100000005,20231028358252,597,0xa,0x1,18.75,26.1546154,0.0395454541,-0.0153167862,9.1214737e-05,30,2.13199997,2
597110100003389,249236199,2460246.8658728381,60246.361990700003,15.5729446,0.0112218084,0,zg,341.41416570000001,20.2760754,0.541999996,-0.00499999989,20231029361898,597,0xa,0x1,18.5799999,26.1177559,0.0393419974,-0.0316553786,0.000125208113,30,2.27399993,2
597110100003389,249512880,2460249.6325102011,60249.128807900001,15.5726833,0.0112213939,0,zg,341.41418229999999,20.2760502,0.815999985,-0.00700000022,20231101128808,597,0xa,0x1,20.4699993,26.3336258,0.0352668688,-0.0472285114,2.12535615e-05,30,1.04400003,2
597110100003389,249613181,2460250.6354521294,60250.131817100002,15.5821171,0.0112364525,0,zg,341.41418679999998,20.276031799999998,0.651000023,-0.00100000005,20231102131806,597,0xa,0x1,21.2900009,26.3269882,0.0291255228,-0.0658559501,1.15132716e-05,30,1.03900003,2
597110100003389,249616675,2460250.6703919689,60250.166759300002,15.5865889,0.0112436414,0,zg,341.414177,20.276032799999999,0.409000009,0.00600000005,20231102166748,597,0xa,0x1,20.4400005,26.3335304,0.0350098722,-0.0514446571,2.10196995e-05,30,1.03400004,1
597110100003389,249621793,2460250.7215689863,60250.217939800001,15.5947828,0.011256895,0,zg,341.41409729999998,20.275939399999999,2.95300007,0.0240000002,20231102217627,597,0xa,0x1,20.5900002,26.3613052,0.035486456,-0.0384490751,4.3127493e-05,30,1.102,2
597110100003389,249714108,2460251.6446542731,60251.141087999997,15.6020002,0.0112686586,0,zg,341.41418529999999,20.2760411,0.66900003,-0.023,20231103141076,597,0xa,0x1,21.2099991,26.333992,0.0339866914,-0.0732970089,1.56722945e-05,30,1.03299999,2
597110100003389,249722811,2460251.731673677,60251.2281134,15.5634575,0.0112067992,0,zg,341.41419259999998,20.276047299999998,0.389999986,0.00800000038,20231103228102,597,0xa,0x1,20.7600002,26.318449,0.0337753743,-0.0440162756,1.76331923e-05,30,1.13600004,2
597110100003389,249818445,2460252.6879500849,60252.184456000003,15.5669127,0.0112122493,0,zg,341.4141826,20.2760298,0.628000021,0.0460000001,20231104184456,597,0xa,0x1,21.7700005,26.3208942,0.0283330139,-0.0799336508,1.03841385e-05,30,1.05200005,2
597110100003389,249820655,2460252.7100434378,60252.206550900002,15.559535,0.0112006338,0,zg,341.41418729999998,20.276029999999999,0.555999994,0.0219999999,20231104206551,597,0xa,0x1,21.5900002,26.3242626,0.0292005446,-0.0833723694,1.10410128e-05,30,1.08899999,1
597110100003389,249832364,2460252.827130076,60252.323645800003,15.600812,0.0112667168,0,zg,341.41419630000001,20.2760262,0.995999992,0.0439999998,20231104323646,597,0xa,0x1,20.7399998,26.1864185,0.0313297287,-0.0307406485,1.63385812e-05,30,1.85300004,2
597110100003389,249920510,2460253.7085265992,60253.205104200002,15.5743303,0.011224011,0,zg,341.41418119999997,20.2760389,0.232999995,0.00400000019,20231105205093,597,0xa,0x1,21.4400005,26.327301,0.0294136591,-0.0674849302,1.13377619e-05,30,1.09099996,2
597110100003389,249921190,2460253.7153316149,60253.211909700003,15.578907,0.0112313135,0,zg,341.4141808,20.276039099999998,0.561999977,0.023,20231105211898,597,0xa,0x1,21.2700005,26.3278027,0.0316646881,-0.0730003938,1.34517013e-05,30,1.10699999,2
597110100003389,250016653,2460254.6698933444,60254.166539400001,15.56744,0.0112130819,0,zg,341.4141821,20.276032799999999,0.555000007,-0.00999999978,20231106166539,597,0xa,0x1,21.7000008,26.3380032,0.0270150229,-0.0742037222,9.71020563e-06,30,1.03999996,2
597110100003389,250017187,2460254.6752285608,60254.171875,15.5441236,0.011176642,0,zg,341.41418010000001,20.276010299999999,0.834999979,0.00800000038,20231106171875,597,0xa,0x1,21.7700005,26.3411503,0.028080985,-0.0820717439,1.03169868e-05,30,1.04499996,1
597110100003389,250018884,2460254.6921949405,60254.1888426,15.559597,0.0112007307,0,zg,341.41418249999998,20.2760152,0.904999971,-0.0199999996,20231106188681,597,0xa,0x1,21.5400009,26.3548088,0.0288803112,-0.101142682,1.1025506e-05,30,1.06599998,2
597110100003389,250117344,2460255.6767303771,60255.173449100002,15.5784273,0.011230547,0,zg,341.41418640000001,20.276036099999999,0.546999991,-0.0209999997,20231107173449,597,0xa,0x1,21.3199997,26.3308544,0.0290844142,-0.0595269985,1.12630196e-05,30,1.04900002,2
597110100003389,250120277,2460255.7060569366,60255.202777799997,15.5934896,0.0112547958,0,zg,341.41418529999999,20.276024100000001,0.851999998,0.0329999998,20231107202755,597,0xa,0x1,21.5300007,26.3434429,0.0301325079,-0.0872007683,1.19636989e-05,30,1.09800005,2
597110100003389,250320509,2460257.7082243334,60257.205092600001,15.5760918,0.011226818,0,zg,341.41420410000001,20.2760295,0.954999983,-0.00899999961,20231109205081,597,0xa,0x1,20.7299995,26.3174381,0.0350712463,-0.0661651194,1.946257e-05,30,1.11699998,2
597110100003389,250320603,2460257.7091617612,60257.206030100002,15.5757523,0.0112262769,0,zg,341.4141841,20.2760359,0.843999982,0.00600000005,20231109206030,597,0xa,0x1,20.3600006,26.3190975,0.0349311493,-0.0720733926,2.32146831e-05,30,1.12,1
597110100003389,250329859,2460257.8017241824,60257.298599499998,15.6329746,0.0113200983,0,zg,341.41415219999999,20.276016800000001,0.725000024,-0.00700000022,20231109298600,597,0xa,0x1,20.1200008,26.2203312,0.0388098694,-0.0462154001,3.3253622e-05,30,1.69799995,2
597110100003389,250412752,2460258.6305857077,60258.127523100004,15.6061459,0.0112754516,0,zg,341.4141869,20.276070499999999,1.14300001,0.00600000005,20231110127373,597,0xa,0x1,20.6900005,26.1704845,0.0358773023,-0.0381090045,2.03482414e-05,30,1.03100002,2
597110100003389,250416052,2460258.6635809168,60258.160520799996,15.5928974,0.0112538366,0,zg,341.41417189999999,20.2760459,0.773000002,-0.0189999994,20231110160521,597,0xa,0x1,20.7299995,26.2113743,0.0359386504,-0.0594950244,1.95191715e-05,30,1.04400003,2
597110100003389,250515069,2460259.6536794342,60259.150694399999,15.5907431,0.0112503469,0,zg,341.41419509999997,20.276053399999999,0.515999973,0.00700000022,20231111150694,597,0xa,0x1,21.1000004,26.3088551,0.0319913998,-0.0576251,1.41261671e-05,30,1.03799999,2
597110100003389,250517065,2460259.6736432058,60259.170659700001,15.5738068,0.0112231784,0,zg,341.41418069999997,20.276024499999998,0.26699999,0.0170000009,20231111170648,597,0xa,0x1,21.6800003,26.308939,0.0290367901,-0.0713019222,1.11089312e-05,30,1.05900002,1
597110100003389,250519890,2460259.7018818408,60259.1989005,15.561203,0.0112032518,0,zg,341.41418190000002,20.276045400000001,0.662999988,0.0320000015,20231111198889,597,0xa,0x1,21.1900005,26.2941952,0.0321524702,-0.0622303672,1.40384755e-05,30,1.11600006,2
597110100003389,250612739,2460260.6303059398,60260.127395800002,15.5921192,0.0112525765,0,zg,341.41418220000003,20.2760538,0.228,0.00700000022,20231112127234,597,0xa,0x1,20.8500004,26.3341923,0.0325824954,-0.0577826872,1.52775137e-05,30,1.03100002,2
597110100003389,250615857,2460260.6614841321,60260.158576399997,15.5602417,0.0112017421,0,zg,341.414175,20.276033399999999,0.691999972,0.0270000007,20231112158565,597,0xa,0x1,21.4699993,26.3424969,0.029515896,-0.0814729258,1.14315826e-05,30,1.04799998,2
597110100003389,250718688,2460261.6897145789,60261.1868866,15.5688877,0.0112153729,0,zg,341.41418679999998,20.276024799999998,0.762000024,0.0469999984,20231113186887,597,0xa,0x1,21.3999996,26.3212738,0.0284898952,-0.0750840753,1.09151306e-05,30,1.10000002,2
597110100003389,250718783,2460261.6906635044,60261.187835600002,15.5785732,0.0112307798,0,zg,341.41418379999999,20.276025700000002,0.619000018,-0.0219999999,20231113187824,597,0xa,0x1,21.5699997,26.3229351,0.0266434457,-0.0789862201,9.35401204e-06,30,1.102,1
597110100003389,250719093,2460261.6937651611,60261.190937500003,15.5740252,0.0112235257,0,zg,341.41418540000001,20.276024,0.861999989,0.0179999992,20231113190926,597,0xa,0x1,21.4300003,26.3172951,0.0276945401,-0.0762131363,1.00328807e-05,30,1.10899997,2
597110100003389,250814989,2460262.6526483279,60262.149895800001,15.5577364,0.0111978138,0,zg,341.41418900000002,20.276030299999999,0.754999995,0.0359999985,20231114149896,597,0xa,0x1,21.5900002,26.3137531,0.0309867226,-0.0636725277,1.26250552e-05,30,1.04499996,2
597110100003389,250822675,2460262.7295057373,60262.2267593,15.5861006,0.0112428553,0,zg,341.41418540000001,20.276005699999999,1.08200002,0.0199999996,20231114226748,597,0xa,0x1,21.5200005,26.3246784,0.0277440809,-0.103806987,1.02119466e-05,30,1.245,2
597110100003389,251411269,2460268.6149666458,60268.112696800003,15.5964231,0.0112595605,0,zg,341.41420260000001,20.276040200000001,0.361000001,0.0160000008,20231120112697,597,0xa,0x1,20.6900005,26.3324165,0.031576395,-0.0395025648,1.50035885e-05,30,1.03199995,2
597110100003389,253011194,2460284.6128223324,60284.1119444,15.563303,0.0112065561,0,zg,341.41417999999999,20.276051200000001,0.769999981,0.0370000005,20231206111944,597,0xa,0x1,21.5599995,26.3203163,0.0284012817,-0.0649145097,1.09097182e-05,30,1.07500005,1
597110100003389,253012321,2460284.6240945142,60284.123217599998,15.5743132,0.0112239849,0,zg,341.41417740000003,20.2760453,0.286000013,0.00400000019,20231206123218,597,0xa,0x1,21.5,26.3211727,0.0279985052,-0.0698513687,1.03768498e-05,30,1.09800005,2
597110100003389,253022362,2460284.7244905098,60284.223622700003,15.5701685,0.0112174014,0,zg,341.41418770000001,20.276026999999999,0.661000013,-0.00499999989,20231206223611,597,0xa,0x1,20.4599991,26.236578,0.0364925861,-0.0534036644,2.45652991e-05,30,1.68299997,2
597110100003389,253122621,2460285.7269928209,60285.226215299997,15.5642452,0.0112080388,0,zg,341.41419300000001,20.276033300000002,0.80400002,0.0430000015,20231207226215,597,0xa,0x1,21,26.2185345,0.0296582934,-0.0480859838,1.27255471e-05,30,1.75,2
597110100003389,253518725,2460289.6876761196,60289.187256899997,15.5834789,0.0112386392,0,zg,341.41418920000001,20.276058200000001,0.361000001,-0.00600000005,20231211187245,597,0xa,0x1,20.7000008,26.1635151,0.0333908908,-0.0237834118,1.74128218e-05,30,1.45899999,2
597110100003389,253611145,2460290.611793715,60290.111458300002,15.5543318,0.0111924922,0,zg,341.41418870000001,20.276023200000001,1.01300001,0.0379999988,20231212111424,597,0xa,0x1,21.5599995,26.3227367,0.0264089536,-0.0751762986,9.16062436e-06,30,1.10800004,2
597110100003389,253611239,2460290.6127311294,60290.112395800003,15.5735645,0.0112227947,0,zg,341.41418540000001,20.276027800000001,0.651000023,-0.0149999997,20231212112396,597,0xa,0x1,21.5400009,26.3220043,0.0292824116,-0.0762454346,1.13429423e-05,30,1.11099994,1
597110100003389,253623722,2460290.7375460975,60290.237222199998,15.5651464,0.011209459,0,zg,341.41420349999999,20.2760368,0.841000021,-0.0109999999,20231212237222,597,0xa,0x1,20.7700005,26.1457214,0.0319840536,-0.033269655,1.663283e-05,30,2.16799998,2
597110100003389,253719023,2460291.6904689237,60291.190231499997,15.6099329,0.0112816831,0,zg,341.41418729999998,20.276034800000001,0.238999993,-0.0179999992,20231213190139,597,0xa,0x1,21.1399994,26.2520313,0.0320406295,-0.0736884102,1.44751202e-05,30,1.53199995,2
597110100003389,254113412,2460295.6339999191,60295.134120399998,15.5965881,0.0112598296,0,zg,341.41418770000001,20.2760313,0.620000005,0.0390000008,20231217134120,597,0xa,0x1,20.75,26.1199665,0.0332163535,-0.0456063114,1.77877155e-05,30,1.23300004,2
597110100003389,254117413,2460295.6740077599,60295.174131899999,15.5759115,0.0112265311,0,zg,341.41418850000002,20.276029399999999,0.367000014,-0.00999999978,20231217174120,597,0xa,0x1,20.7999992,26.1959133,0.0295205452,-0.0581817552,1.39849362e-05,30,1.48599994,2
597110100003389,270844805,2460462.9472985473,60462.448055599998,15.5710411,0.0112187853,0,zg,341.41417489999998,20.276005600000001,1.14499998,0.0179999992,20240601448056,597,0xa,0x1,21.5400009,26.2284203,0.0274248533,-0.075466983,9.89532691e-06,30,1.352,1
597110100003389,271044620,2460464.9456201941,60464.446203699998,15.5972843,0.011260964,0,zg,341.41418770000001,20.276032099999998,0.657000005,-0.00200000009,20240603446204,597,0xa,0x1,21.7999992,26.1678638,0.0323695429,-0.0880974531,1.38145133e-05,30,1.33000004,1
597110100003389,272144109,2460475.9414810822,60475.4410995,15.5718985,0.011220146,0,zg,341.41417869999998,20.2760149,0.397000015,0.00700000022,20240614441065,597,0xa,0x1,21.4799995,26.2589912,0.0327550732,-0.072359398,1.44290389e-05,30,1.20500004,1
597110100003389,272342214,2460477.9226967916,60477.422141199997,15.5996532,0.0112648243,0,zg,341.414198,20.2760186,0.68599999,0.0299999993,20240616422141,597,0xa,0x1,21.5599995,26.2829494,0.028104797,-0.0711737275,1.05666286e-05,30,1.26699996,1
597110100003389,272642208,2460480.9229015075,60480.4220833,15.5775061,0.0112290746,0,zg,341.41418179999999,20.276015699999999,1.18599999,0.023,20240619422072,597,0xa,0x1,21.2299995,26.2272243,0.0277822725,-0.0417998284,1.0828272e-05,30,1.22800004,1
597110100003389,272843657,2460482.9375677663,60482.4365741,15.6003122,0.0112659,0,zg,341.41419280000002,20.2760265,0.481000006,0.00999999978,20240621436505,597,0xa,0x1,20.4400005,26.3171196,0.0354832299,-0.0497916527,2.45936462e-05,30,1.15199995,1
597110100003389,273040120,2460484.9023675458,60484.401203699999,15.5790529,0.0112315463,0,zg,341.4142033,20.276013299999999,0.843999982,-0.00100000005,20240623401192,597,0xa,0x1,20.4599991,26.2553921,0.0363860875,-0.0335558429,2.55992964e-05,30,1.27600002,1
597110100003389,273344619,2460487.947617617,60487.446192099997,15.5613747,0.0112035219,0,zg,341.41418829999998,20.276003800000002,0.790000021,0.0219999999,20240626446181,597,0xa,0x1,20.8400002,26.2747917,0.030961493,-0.0541439317,1.53169658e-05,30,1.09000003,1
597110100003389,273545361,2460489.9552073935,60489.453611099998,15.5948057,0.0112569313,0,zg,341.41424310000002,20.276052799999999,1.079,0.00899999961,20240628453600,597,0xa,0x1,20.0799999,26.3081532,0.0386234708,-0.0317231417,3.34301149e-05,30,1.06599998,1
597110100003389,273744111,2460491.9428749261,60491.441111100001,15.5961857,0.0112591749,0,zg,341.41418879999998,20.276020299999999,0.540000021,-0.00899999961,20240630441111,597,0xa,0x1,21.5,26.3226643,0.0260701757,-0.092770949,9.05410889e-06,30,1.07799995,1
597110100003389,274536293,2460499.8653520979,60499.362939799998,15.5662317,0.0112111736,0,zg,341.41418529999999,20.2760134,0.862999976,-0.0219999999,20240708362928,597,0xa,0x1,21.2900009,26.2249622,0.0312946588,-0.0732764006,1.31128836e-05,30,1.26199996,2
597110100003389,274542181,2460499.9242341174,60499.421817100003,15.6069126,0.0112767117,0,zg,341.41420210000001,20.276029999999999,0.874000013,-0.00499999989,20240708421806,597,0xa,0x1,21.5900002,26.2660789,0.033002656,-0.0794223398,1.44727692e-05,30,1.074,1
597110100003389,274544370,2460499.9461224666,60499.443703700003,15.5996752,0.0112648597,0,zg,341.41420979999998,20.276005900000001,1.12199998,0,20240708443657,597,0xa,0x1,21.7000008,26.2705975,0.0327652469,-0.0820751488,1.40277125e-05,30,1.04400003,2
597110100003389,274642415,2460500.9266515421,60500.424155100001,15.5813522,0.0112352269,0,zg,341.41418279999999,20.2760113,0.442999989,-0.0599999987,20240709424155,597,0xa,0x1,21.3999996,26.2436028,0.031837754,-0.0853493139,1.37676016e-05,30,1.06500006,2
597110100003389,274740890,2460501.9114743159,60501.408900499999,15.5910225,0.0112508005,0,zg,341.4141912,20.276008000000001,0.335999995,-0.0130000003,20240710408900,597,0xa,0x1,21.4799995,26.1961365,0.0301330853,-0.086385332,1.21561352e-05,30,1.08800006,2
597110100003389,274744190,2460501.9444861077,60501.441909699999,15.5775499,0.0112291444,0,zg,341.41421589999999,20.276013299999999,0.841000021,0.00300000003,20240710441910,597,0xa,0x1,21.3099995,26.1896992,0.0312909074,-0.0631516501,1.30110056e-05,30,1.04100001,2
597110100003389,274841386,2460502.9165178044,60502.4138657,15.5861464,0.011242928,0,zg,341.41419150000002,20.276007199999999,0.745000005,0.00600000005,20240711413854,597,0xa,0x1,21.4899998,26.126049,0.0330743454,-0.0843911022,1.44393825e-05,30,1.07299995,1
597110100003389,274841480,2460502.9174553766,60502.414803200001,15.5724545,0.0112210307,0,zg,341.41420140000002,20.276009299999998,0.646000028,0.0780000016,20240711414803,597,0xa,0x1,21.5200005,26.1203079,0.0316937827,-0.0753547624,1.31583984e-05,30,1.07200003,2
597110100003389,274845690,2460502.9595651482,60502.456909699999,15.5860901,0.0112428376,0,zg,341.41423830000002,20.276032099999998,0.623000026,0.0189999994,20240711456910,597,0xa,0x1,21.2199993,26.1457634,0.0359356701,-0.0510629937,1.79578255e-05,30,1.03199995,2
597110100003389,274935900,2460503.8617296461,60503.359004600003,15.5827274,0.0112374322,0,zg,341.41421070000001,20.276027899999999,0.91900003,-0.0480000004,20240712359005,597,0xa,0x1,20.75,25.8557873,0.0417604037,-0.0306765474,2.77229301e-05,30,1.22899997,2
597110100003389,274945846,2460503.9611933287,60503.458460599999,15.5993013,0.0112642506,0,zg,341.41421830000002,20.276033200000001,0.707000017,0.0520000011,20240712458449,597,0xa,0x1,21.3299999,26.0260048,0.0352269039,-0.0627834946,1.67258822e-05,30,1.03100002,2
597110100003389,275033964,2460504.8424412655,60504.3396412,15.5820293,0.0112363137,0,zg,341.4141879,20.2760043,0.779999971,0.0109999999,20240713339641,597,0xa,0x1,21.7000008,26.0507317,0.0307404269,-0.0833111852,1.25489514e-05,30,1.31400001,2
597110100003389,275042386,2460504.9266722244,60504.423865700002,15.6005077,0.0112662194,0,zg,341.41419550000001,20.276019699999999,0.713999987,-0.0260000005,20240713423866,597,0xa,0x1,21.8400002,26.1445827,0.0307688136,-0.0838208273,1.24334729e-05,30,1.051,2
597110100003389,275042480,2460504.9276097952,60504.424803200003,15.5981674,0.0112624001,0,zg,341.41420119999998,20.2760259,1.12899995,0.0450000018,20240713424803,597,0xa,0x1,21.7900009,26.1402225,0.0302279871,-0.0809637979,1.19900278e-05,30,1.04999995,1
597110100003389,275137109,2460505.8739777333,60505.3710995,15.5663033,0.0112112863,0,zg,341.41420060000002,20.2759979,0.504999995,0.00400000019,20240714371088,597,0xa,0x1,21.7299995,26.177845,0.0296830125,-0.0846656263,1.16310202e-05,30,1.16100001,2
597110100003389,275143943,2460505.9423163082,60505.439432899999,15.6079454,0.0112784104,0,zg,341.41421459999998,20.2760052,1.11699998,0.0149999997,20240714439433,597,0xa,0x1,21.4799995,26.1997528,0.0306065492,-0.0624107905,1.28954143e-05,30,1.03499997,2
597110100003389,275340097,2460507.9040018236,60507.400972199997,15.5913887,0.0112513928,0,zg,341.41420649999998,20.276017100000001,0.675000012,0.0489999987,20240716400949,597,0xa,0x1,21.6700001,26.2527065,0.0323682353,-0.0706264898,1.36081171e-05,30,1.07200003,2
597110100003389,275340190,2460507.9049393935,60507.401909699998,15.6080284,0.0112785464,0,zg,341.4142056,20.276012000000001,0.456999987,0.0379999988,20240716401910,597,0xa,0x1,21.6700001,26.2613945,0.0315463357,-0.0840112269,1.29332102e-05,30,1.07000005,1
597110100003389,275343983,2460507.9428705005,60507.439837999998,15.5718708,0.0112201022,0,zg,341.41419789999998,20.276021499999999,0.42899999,-0.00800000038,20240716439792,597,0xa,0x1,21.6200008,26.2770214,0.0366590694,-0.0920638144,1.75111854e-05,30,1.03299999,2
597110100003389,275537879,2460509.8819702026,60509.3787963,15.6044683,0.0112726996,0,zg,341.41420849999997,20.276018499999999,0.638999999,0.0179999992,20240718378796,597,0xa,0x1,20.8700008,26.093647,0.0329586156,-0.0325055197,1.62677843e-05,30,1.10699999,2
597110100003389,275541534,2460509.9185237517,60509.415347200003,15.5897264,0.011248705,0,zg,341.4142124,20.276038,0.790000021,0.0250000004,20240718415347,597,0xa,0x1,21.6100006,26.1746559,0.0300833322,-0.0596259497,1.20549093e-05,30,1.04499996,1
597110100003389,275543598,2460509.939161845,60509.435983800002,15.5579052,0.0111980801,0,zg,341.41418820000001,20.276023500000001,0.588999987,0.0390000008,20240718435972,597,0xa,0x1,21.7000008,26.2057343,0.029618334,-0.081630215,1.14627328e-05,30,1.03199995,2
597110100003389,275638337,2460510.8866255339,60510.383379600004,15.574954,0.0112250065,0,zg,341.41420269999998,20.276017,0.638000011,-0.0329999998,20240719383380,597,0xa,0x1,20.8099995,26.2400932,0.030798912,-0.0459056906,1.47608107e-05,30,1.09000003,2
597110100003389,275644060,2460510.943851924,60510.440601900002,15.6008902,0.0112668425,0,zg,341.41420900000003,20.276036900000001,1.153,-0.00800000038,20240719440579,597,0xa,0x1,21.2399998,26.2491646,0.0322581306,-0.0475130528,1.40120301e-05,30,1.03100002,2
597110100003389,275737826,2460511.8815803016,60511.378263899998,15.5822735,0.0112367049,0,zg,341.41422019999999,20.276038400000001,0.418000013,-0.0309999995,20240720378264,597,0xa,0x1,20.1200008,26.1833076,0.0391829349,-0.00982279517,3.61916027e-05,30,1.09500003,2
597110100003389,275824906,2460512.7524397601,60512.249062499999,15.6340046,0.0113218352,0,zg,341.41418349999998,20.276031,0.565999985,0.0410000011,20240721249062,597,0xa,0x1,19.5300007,25.9736805,0.0388213508,-0.0210944247,5.55102633e-05,30,2.06599998,2
597110100003389,275939847,2460513.901929005,60513.398472200002,15.5935307,0.0112548638,0,zg,341.414198,20.276003200000002,0.646000028,-0.0109999999,20240722398461,597,0xa,0x1,20.25,26.2502995,0.0353897326,-0.0322451703,2.68404237e-05,30,1.05200005,1
597110100003389,276133906,2460515.8426506021,60515.339062500003,15.6261406,0.0113086132,0,zg,341.414197,20.276022600000001,1.07500005,-0.0149999997,20240724339039,597,0xa,0x1,19.8600006,26.066082,0.0370925292,-0.0282094441,4.11924957e-05,30,1.17700005,1
597110100003389,276439587,2460518.8996672467,60518.395879600001,15.5765972,0.0112276245,0,zg,341.41420490000002,20.276025400000002,0.519999981,0.0579999983,20240727395856,597,0xa,0x1,20.9099998,26.2793961,0.0313460082,-0.0326593481,1.44841988e-05,30,1.04100001,1
597110100003389,276634962,2460520.8535398259,60520.349629600001,15.5719175,0.0112201758,0,zg,341.41420879999998,20.276019399999999,0.414000005,0.0350000001,20240729349618,597,0xa,0x1,21.1700001,26.2961197,0.0306951497,-0.0596964508,1.28123047e-05,30,1.10500002,1
597110100003389,276833979,2460522.8438226739,60522.339791699997,15.5992651,0.0112641901,0,zg,341.41419930000001,20.2760307,0.981999993,0.0419999994,20240731339780,597,0xa,0x1,21.3400002,26.1417313,0.0302936919,-0.0726466849,1.23899454e-05,30,1.11600006,1
597110100003389,277135074,2460525.854946109,60525.3507407,15.572257,0.011220715,0,zg,341.41422319999998,20.276018499999999,0.685000002,0.0469999984,20240803350729,597,0xa,0x1,21.4799995,26.2327881,0.0311915185,-0.058575578,1.29795335e-05,30,1.074,1
597110100003389,277331752,2460527.8218368534,60527.317523099999,15.5671778,0.0112126675,0,zg,341.41420720000002,20.276002099999999,0.335999995,0.0109999999,20240805317523,597,0xa,0x1,21.3099995,26.2350121,0.0313706547,-0.0756177902,1.30796225e-05,30,1.13999999,1
597110100003389,277735313,2460531.8576582829,60531.353136600002,15.6009731,0.0112669785,0,zg,341.4142119,20.276019699999999,1.04499996,0.0700000003,20240809353137,597,0xa,0x1,21.7099991,26.2118473,0.0301976521,-0.070621483,1.17889549e-05,30,1.04700005,1
597110100003389,278233060,2460536.8353520758,60536.330601900001,15.5963573,0.0112594543,0,zg,341.41420440000002,20.276028199999999,0.583000004,0.0240000002,20240814330590,597,0xa,0x1,21.4099998,26.3196144,0.0304640029,-0.0685479939,1.21554394e-05,30,1.05799997,1
597110100003389,278437478,2460538.879614844,60538.374780099999,15.5615969,0.011203873,0,zg,341.41419869999999,20.276032699999998,0.768000007,0.0670000017,20240816374780,597,0xa,0x1,21.3899994,26.3159809,0.0263123475,-0.0580024496,9.3201561e-06,30,1.03299999,1
597110100003389,278636946,2460540.8743795166,60540.369467600001,15.5749416,0.0112249851,0,zg,341.41419910000002,20.276017100000001,0.643999994,0.00800000038,20240818369456,597,0xa,0x1,20.5499992,26.3254566,0.0339560099,-0.0310167596,2.04583775e-05,30,1.03299999,1
597110100003389,279039858,2460544.903639378,60544.398587999996,15.5604906,0.0112021342,0,zg,341.41420090000003,20.2760079,0.579999983,0.00400000019,20240822398565,597,0xa,0x1,20.5200005,26.3167439,0.0339046642,-0.0355253369,2.09773134e-05,30,1.07299995,1
597110100003389,279233890,2460546.8440110623,60546.338900499999,15.5799265,0.0112329442,0,zg,341.41420340000002,20.276042400000001,0.824000001,0.0140000004,20240824338889,597,0xa,0x1,20.2199993,26.1728458,0.0364071168,-0.0239412915,2.8634111e-05,30,1.03100002,1
597110100003389,279531002,2460549.8152139867,60549.310023099999,15.5656376,0.0112102348,0,zg,341.41419300000001,20.276024,0.56099999,0.00899999961,20240827309977,597,0xa,0x1,21.6800003,26.3093128,0.0273675956,-0.0691707879,1.01206597e-05,30,1.04200006,1
597110100003389,279730730,2460551.8125409656,60551.307303200003,15.6042194,0.0112722907,0,zg,341.41420499999998,20.276023800000001,0.546999991,0.00100000005,20240829307292,597,0xa,0x1,21.7000008,26.3208485,0.028019445,-0.0723784566,1.04902256e-05,30,1.03900003,1
597110100003389,279930564,2460553.8109269519,60553.305648100002,15.577096,0.0112284198,0,zg,341.4142142,20.276026300000002,1.01400006,0.0860000029,20240831305648,597,0xa,0x1,21.4500008,26.3084831,0.0318759829,-0.0612744987,1.36477538e-05,30,1.03699994,1
597110100003389,280127907,2460555.784387744,60555.279074099999,15.5762119,0.0112270098,0,zg,341.41419450000001,20.276006800000001,0.887000024,0.0719999969,20240902278704,597,0xa,0x1,21.8199997,26.2833862,0.0295177456,-0.0825577751,1.13095539e-05,30,1.05799997,1
597110100003389,280339354,2460557.8988861833,60557.393541700003,15.582715,0.0112374127,0,zg,341.41419960000002,20.276010400000001,0.910000026,-0.0140000004,20240904393530,597,0xa,0x1,21.7999992,26.2808723,0.0280015599,-0.102496549,1.03500988e-05,30,1.14699996,1
597110100003389,280530722,2460559.8125888491,60559.307222199997,15.6048889,0.0112733906,0,zg,341.41423309999999,20.276032300000001,0.833000004,-0.0329999998,20240906307211,597,0xa,0x1,21.1499996,26.2366734,0.0319816321,-0.0545263253,1.41824376e-05,30,1.03100002,1
597110100003389,280731827,2460561.8236594726,60561.318275500002,15.5669518,0.0112123108,0,zg,341.4142215,20.276024899999999,0.476999998,0.0109999999,20240908318275,597,0xa,0x1,21.1599998,26.0169773,0.03125773,-0.0419711359,1.40300808e-05,30,1.03499997,1
597110100003389,281731762,2460571.8230064777,60571.317627299999,15.608614,0.0112795113,0,zg,341.41420149999999,20.276042199999999,0.412,0.0219999999,20240918317627,597,0xa,0x1,19.9200001,26.3180923,0.0398047566,-0.0451330394,4.341569e-05,30,1.06200004,1
597110100003389,282128607,2460575.7914117929,60575.2860764,15.5852108,0.0112414248,0,zg,341.41419489999998,20.276024,0.748000026,0.0529999994,20240922286065,597,0xa,0x1,21.1399994,26.3133698,0.0295642577,-0.0598214194,1.24460566e-05,30,1.03900003,1
597110100003389,282224490,2460576.7502286518,60576.244907400003,15.5813923,0.0112352902,0,zg,341.41422369999998,20.276058299999999,0.754000008,0.0390000008,20240923244907,597,0xa,0x1,20.8799992,26.2742176,0.0311471727,-0.0205759667,1.48688077e-05,30,1.03600001,1
597110100003389,282335401,2460577.8593193409,60577.354016199999,15.6130686,0.0112868585,0,zg,341.41421830000002,20.276027899999999,0.59799999,-0.00800000038,20240924354016,597,0xa,0x1,20.7299995,26.2757893,0.0301523563,-0.0428938828,1.42762201e-05,30,1.20099998,1
597110100003389,282424850,2460578.7537941383,60578.248506900003,15.5508575,0.0111870803,0,zg,341.41420490000002,20.276006599999999,1.52999997,0.0170000009,20240925248507,597,0xa,0x1,21.7099991,26.3053074,0.0282715429,-0.0813804716,1.06133402e-05,30,1.03199995,1
597110100003389,282613650,2460580.6417542147,60580.136504599999,15.6144056,0.0112890722,0,zg,341.41419000000002,20.276027899999999,0.806999981,-0.0179999992,20240927136505,597,0xa,0x1,21.3799992,26.2334652,0.0284873489,-0.0493610911,1.09586454e-05,30,1.28999996,1
597110100003389,282936508,2460583.870254023,60583.365081000004,15.6014614,0.0112677775,0,zg,341.41421000000003,20.276054999999999,0.635999978,0.0489999987,20240930364919,597,0xa,0x1,21.0100002,26.2593079,0.032384038,-0.04189438,1.47814317e-05,30,1.33899999,1
597110100003389,283819440,2460592.6992953005,60592.194409700001,15.5957146,0.0112584103,0,zg,341.41420040000003,20.276012099999999,0.741999984,-0.0149999997,20241009194398,597,0xa,0x1,21.6599998,26.3252831,0.0277058743,-0.0805713981,1.01117976e-05,30,1.03999996,1
597110100003389,284030849,2460594.8132956866,60594.308495400001,15.5979099,0.011261981,0,zg,341.41420770000002,20.276012399999999,0.819000006,0.0329999998,20241011308484,597,0xa,0x1,21.4799995,26.3037663,0.02747152,-0.0755245537,1.03577313e-05,30,1.20500004,1
597110100003389,284221186,2460596.7165816822,60596.2118634,15.5938005,0.0112553006,0,zg,341.41419159999998,20.2760167,0.68900001,0.0540000014,20241013211863,597,0xa,0x1,21,26.3281784,0.029860625,-0.0455261581,1.33882286e-05,30,1.03100002,1
597110100003389,284418607,2460598.6907044407,60598.186076400001,15.6023445,0.0112692202,0,zg,341.41419769999999,20.276035100000001,0.352999985,-0.00700000022,20241015186076,597,0xa,0x1,20.3299999,26.3133507,0.0355458371,-0.0186228305,2.65214221e-05,30,1.03499997,1
597110100003389,284626957,2460600.7740990119,60600.269571800003,15.619421,0.0112973964,0,zg,341.41420069999998,20.276022600000001,1.02600002,0.0329999998,20241017269572,597,0xa,0x1,19.7399998,26.3338623,0.0381196514,-0.0404229835,4.31456247e-05,30,1.12800002,1
597110100003389,284924487,2460603.7492462504,60603.244872700001,15.6062746,0.011275663,0,zg,341.41420119999998,20.276034299999999,0.368999988,0.0160000008,20241020244861,597,0xa,0x1,20.5300007,26.3183861,0.0327659398,-0.0427979752,1.87839669e-05,30,1.08700001,1
597110100003389,285321560,2460607.7197531192,60607.215601900003,15.5575304,0.0111974934,0,zg,341.41420570000002,20.276037599999999,0.653999984,0.0450000018,20241024215590,597,0xa,0x1,21.5300007,26.3163452,0.0287016407,-0.0627080947,1.11158361e-05,30,1.05599999,1
597110100003389,285523537,2460609.7394011938,60609.235370399998,15.6034269,0.0112709925,0,zg,341.41420110000001,20.276038700000001,0.500999987,-0.00300000003,20241026235359,597,0xa,0x1,21.5,26.3070126,0.0286297128,-0.0636408851,1.09392213e-05,30,1.10300004,1
597110100003389,286121832,2460615.7219684822,60615.218321799999,15.5713415,0.0112192612,0,zg,341.41419439999999,20.276040999999999,0.529999971,0.023,20241101218310,597,0xa,0x1,21.75,26.2905731,0.0295871925,-0.0585864596,1.16949996e-05,30,1.10099995,1
597110100003389,287119407,2460625.6969986609,60625.1940741,15.6023674,0.0112692593,0,zg,341.4142104,20.276035400000001,0.407999992,-0.0160000008,20241111194074,597,0xa,0x1,20.6100006,26.2980518,0.0320092961,-0.0354946628,1.7163502e-05,30,1.10800004,1
597110100003389,287317549,2460627.678268265,60627.175497700002,15.5932846,0.0112544633,0,zg,341.41419739999998,20.276045799999999,0.643999994,-0.00700000022,20241113175475,597,0xa,0x1,19.5599995,26.3297119,0.0436344519,-0.0432568192,6.60320075e-05,30,1.08000004,1
597110100003389,287518690,2460629.6895207795,60629.186909700002,15.5669394,0.0112122893,0,zg,341.41419880000001,20.276051200000001,0.338,0.0280000009,20241115186910,597,0xa,0x1,20.0599995,26.3088379,0.0371188633,-0.0406926945,3.42203894e-05,30,1.11800003,1
597110100003389,287810880,2460632.6111820466,60632.108807899996,15.5664091,0.0112114549,0,zg,341.41418879999998,20.276031499999998,0.635999978,0.0109999999,20241118108796,597,0xa,0x1,20.7099991,26.2138672,0.0349332653,-0.0521769337,1.94335626e-05,30,1.03100002,1
597110100003389,288015180,2460634.6540106125,60634.151805599999,15.6030989,0.011270456,0,zg,341.41419409999997,20.2760389,0.745999992,0.064000003,20241120151806,597,0xa,0x1,21.4599991,26.318552,0.0290423986,-0.0784967989,1.13195947e-05,30,1.07200003,1
597110100003389,288519381,2460639.6955962176,60639.193819400003,15.5926027,0.0112533579,0,zg,341.4141922,20.276055800000002,0.354999989,-0.00499999989,20241125193819,597,0xa,0x1,21.0499992,26.2808323,0.0315896459,-0.0439737737,1.45110216e-05,30,1.24100006,1
597110100003389,288913913,2460643.6405646726,60643.139131900003,15.567543,0.0112132458,0,zg,341.41420199999999,20.276054200000001,0.592999995,0.00100000005,20241129139120,597,0xa,0x1,20.6399994,26.1058216,0.0361705944,-0.0387056991,2.21892624e-05,30,1.09500003,1
597110100003389,289517670,2460649.6775963707,60649.1767014,15.559248,0.0112001831,0,zg,341.41420490000002,20.276043999999999,0.523000002,0.0280000009,20241205176690,597,0xa,0x1,21.3600006,26.2639484,0.0290895738,-0.0553079806,1.1301122e-05,30,1.29200006,1
597110100003389,289719612,2460651.6968356865,60651.196122699999,15.5846262,0.0112404823,0,zg,341.41419789999998,20.276060999999999,0.486999989,0.00600000005,20241207196111,597,0xa,0x1,20.2999992,26.2486992,0.0370131694,-0.0254254453,2.754661e-05,30,1.45799994,1
597110100003389,289915217,2460653.652712042,60653.152175900002,15.5916996,0.0112518957,0,zg,341.4141917,20.276056000000001,0.547999978,0.0419999994,20241209152164,597,0xa,0x1,20.5699997,26.3138351,0.034607254,-0.0472358838,1.99815586e-05,30,1.22500002,1
597110100003389,290111074,2460655.6110993666,60655.110740700002,15.6018858,0.0112684723,0,zg,341.41420729999999,20.276054599999998,0.638999999,0.00800000038,20241211110741,597,0xa,0x1,19.8500004,26.251379,0.0370963775,-0.0342964455,3.78457553e-05,30,1.10500002,1
597110100003389,290419944,2460658.6995227691,60658.199444400001,15.6109037,0.0112832841,0,zg,341.41418909999999,20.276048400000001,0.958000004,0.0140000004,20241214199444,597,0xa,0x1,19.7900009,26.225626,0.0349207558,-0.0211179368,3.58738471e-05,30,1.67900002,1
597110100003389,290609541,2460660.5953232348,60660.095416700002,15.5707512,0.0112183252,0,zg,341.41420010000002,20.276033000000002,0.848999977,0.00999999978,20241216095417,597,0xa,0x1,19.9799995,26.051424,0.0374801271,-0.0420197994,3.28084679e-05,30,1.10099995,1
597110100003389,290922325,2460663.7228758493,60663.223252299998,15.6023664,0.0112692574,0,zg,341.41424660000001,20.276067699999999,0.481999993,-0,20241219223252,597,0xa,0x1,19.3799992,26.1237717,0.041828312,-0.023776276,7.3722731e-05,30,2.33699989,1
597110100003389,291119990,2460665.6993529783,60665.199907399998,15.593791,0.0112552848,0,zg,341.41422649999998,20.2760338,1.52999997,-0.0649999976,20241221199850,597,0xa,0x1,20.8600006,26.1704788,0.0332479626,-0.0490516275,1.69816376e-05,30,1.96000004,1
597110100003389,291311185,2460667.6111262031,60667.111851900001,15.5680466,0.0112140412,0,zg,341.4142142,20.2760599,0.611999989,-0.00800000038,20241223111794,597,0xa,0x1,20.8099995,26.2979393,0.0347842202,-0.048948098,1.84063392e-05,30,1.21599996,1
597110100003389,292110355,2460675.6021243199,60675.103553200002,15.5810366,0.0112347212,0,zg,341.41420670000002,20.276021199999999,0.606000006,0.0240000002,20241231103553,597,0xa,0x1,21.3299999,26.2942486,0.0298257861,-0.070865266,1.19761535e-05,30,1.27999997,1
597110100003389,293210039,2460686.5980520751,60686.100393499997,15.5751867,0.0112253763,0,zg,341.4142008,20.276036699999999,0.560000002,0.00300000003,20250111100382,597,0xa,0x1,20.5499992,26.2565041,0.0363568328,-0.0409332775,2.37441145e-05,30,1.45700002,1
597110100003389,306346753,2460817.9659091793,60817.467534700001,15.6019688,0.0112686055,0,zg,341.41420490000002,20.2760368,0.42899999,0.0370000005,20250522467523,597,0xa,0x1,21.1499996,26.2391853,0.0273607187,-0.0407783277,1.04197907e-05,30,1.41100001,1
597110100003389,306546799,2460819.9665384563,60819.467997699998,15.5913315,0.0112512996,0,zg,341.4142081,20.276032600000001,0.79400003,0.0359999985,20250524467986,597,0xa,0x1,21.2999992,26.2346668,0.0313797519,-0.0711788535,1.33259118e-05,30,1.36899996,1
597110100003389,306844465,2460822.9434443945,60822.444652799997,15.5617447,0.0112041049,0,zg,341.41421650000001,20.276030200000001,0.83099997,0.0250000004,20250527444641,597,0xa,0x1,21.6399994,26.1262627,0.0305904113,-0.0628694147,1.25349625e-05,30,1.48399997,1
597110100003389,307944494,2460833.9446857506,60833.444942100003,15.6165609,0.0112926448,0,zg,341.4142195,20.276044299999999,0.879000008,0.0489999987,20250607444931,597,0xa,0x1,21.6700001,26.2202511,0.0310547482,-0.0816107765,1.29147093e-05,30,1.27900004,1
597110100003389,308246228,2460836.9622887457,60836.4622801,15.5743666,0.0112240706,0,zg,341.41420770000002,20.276019699999999,0.89200002,-0.0299999993,20250610462245,597,0xa,0x1,20.4799995,26.2467651,0.0333679803,-0.062143404,2.01424045e-05,30,1.16900003,1
597110100003389,308544899,2460839.9492644332,60839.448993099999,15.6075821,0.0112778125,0,zg,341.41419230000002,20.2760201,0.704999983,0.050999999,20250613448993,597,0xa,0x1,20.6700001,26.2624454,0.0313150175,-0.0465600826,1.60211948e-05,30,1.18700004,1
597110100003389,308742818,2460841.9286282146,60841.428182900003,15.602951,0.0112702139,0,zg,341.41419819999999,20.276026900000002,0.920000017,0.00999999978,20250615428183,597,0xa,0x1,20.7900009,26.261385,0.0324002765,-0.037352588,1.64803732e-05,30,1.25399995,1
597110100003389,308944689,2460843.9475206146,60843.446898100003,15.5626307,0.0112054972,0,zg,341.41420799999997,20.276012600000001,0.781000018,0.023,20250617446898,597,0xa,0x1,20.8799992,26.2963982,0.0315876491,-0.0413857959,1.50396736e-05,30,1.15600002,1
597110100003389,309139134,2460845.8921352862,60845.3913426,15.5776176,0.0112292534,0,zg,341.41420319999997,20.276023599999998,0.795000017,0.00400000019,20250619391319,597,0xa,0x1,21.0599995,26.192543,0.0306980312,-0.0509490743,1.34039528e-05,30,1.40900004,1
597110100003389,309539747,2460849.8986181044,60849.397476899998,15.5630016,0.0112060811,0,zg,341.41419869999999,20.276019600000001,0.860000014,0.0549999997,20250623397477,597,0xa,0x1,21.7999992,26.2357044,0.028571086,-0.0748571008,1.09302191e-05,30,1.29999995,1
597110100003389,310044527,2460854.9468517937,60854.445277799998,15.598176,0.011262415,0,zg,341.41420640000001,20.276017800000002,0.805999994,0.0390000008,20250628445278,597,0xa,0x1,21.7999992,26.2590256,0.0308980905,-0.0880118012,1.2806262e-05,30,1.08200002,1
597110100003389,310244123,2460856.9429808711,60856.441238400002,15.5693502,0.0112161059,0,zg,341.41421439999999,20.2760274,0.349000007,-0.0350000001,20250630441169,597,0xa,0x1,21.5300007,26.31394,0.0300309435,-0.0961858854,1.20056793e-05,30,1.079,1
597110100003389,310440282,2460858.9047303861,60858.402824099998,15.5666351,0.0112118106,0,zg,341.41420410000001,20.276018400000002,0.936999977,-0.0120000001,20250702402824,597,0xa,0x1,21.75,26.2611275,0.0280521438,-0.0913850218,1.04440587e-05,30,1.16700006,1
597110100003389,310642160,2460860.9236817155,60860.421608800003,15.595233,0.0112576261,0,zg,341.41420460000001,20.276036099999999,0.389999986,-0.0120000001,20250704421609,597,0xa,0x1,21.7800007,26.2689457,0.0294872019,-0.0890407786,1.16541187e-05,30,1.09800005,1
597110100003389,312542355,2460879.9270625715,60879.423553200002,15.5656281,0.0112102199,0,zg,341.41422890000001,20.2760417,0.386000007,0.00200000009,20250723423542,597,0xa,0x1,21.2999992,26.2846298,0.0372043028,-0.067709282,1.87812257e-05,30,1.03199995,1
597110100003389,312935017,2460883.8539421679,60883.350173600003,15.5882568,0.011246331,0,zg,341.41419889999997,20.276027800000001,0.848999977,-0.00999999978,20250727350174,597,0xa,0x1,21.7700005,26.3050652,0.0271325018,-0.0731632113,9.71649206e-06,30,1.11899996,1
597110100003389,313130415,2460885.8080468243,60885.304155099999,15.5948029,0.0112569286,0,zg,341.41420640000001,20.276030299999999,0.583000004,-0.0299999993,20250729304155,597,0xa,0x1,21.7099991,26.2764034,0.0281430446,-0.0738054067,1.03699685e-05,30,1.273,1
597110100003389,313444093,2460888.9450185103,60888.440937500003,15.6109858,0.0112834191,0,zg,341.41422949999998,20.276050600000001,0.861999989,0.0500000007,20250801440891,597,0xa,0x1,21.4799995,26.3136806,0.0317361839,-0.0609003082,1.34858356e-05,30,1.04999995,1
597110100003389,313839395,2460892.8982621711,60892.393958300003,15.5829859,0.0112378467,0,zg,341.41421639999999,20.276035499999999,0.638000011,-0.0270000007,20250805393947,597,0xa,0x1,21.7999992,26.3230762,0.0276698545,-0.0749895051,1.01926444e-05,30,1.03100002,1
597110100003389,314142530,2460895.9297633204,60895.425300900002,15.6053696,0.0112741785,0,zg,341.41421350000002,20.276034200000002,0.564999998,0.0410000011,20250808425289,597,0xa,0x1,20.2399998,26.2097988,0.0366209522,-0.0276801717,2.90709213e-05,30,1.05499995,1
597110100003389,314342673,2460897.9312971216,60897.426736100002,15.5726385,0.0112213204,0,zg,341.4142195,20.276033999999999,0.458000004,0.0280000009,20250810426736,597,0xa,0x1,19.7600002,26.1802902,0.0327883773,-0.010751321,3.17423946e-05,30,1.06500006,1
597110100003389,314541857,2460899.9232306299,60899.418576399999,15.581296,0.0112351384,0,zg,341.41420410000001,20.2760155,0.790000021,-0.0209999997,20250812418530,597,0xa,0x1,20.1000004,26.205122,0.0376126096,-0.0538000017,3.35574223e-05,30,1.05999994,1
597110100003389,314827321,2460902.777996595,60902.273217599999,15.5993576,0.0112643428,0,zg,341.41420729999999,20.276029900000001,1.046,0,20250815273206,597,0xa,0x1,21.25,26.2888279,0.0285032559,-0.0516516939,1.11603194e-05,30,1.20200002,1
597110100003389,315030760,2460904.812465685,60904.307604200003,15.5657415,0.0112103997,0,zg,341.41421050000002,20.276030200000001,0.958000004,0.0399999991,20250817307604,597,0xa,0x1,21.6700001,26.3128872,0.0270533878,-0.0764615014,9.57091652e-06,30,1.08399999,1
597110100003389,315530682,2460909.8118691449,60909.306828699999,15.5925064,0.0112532042,0,zg,341.4142129,20.276033300000002,0.713999987,-0.0109999999,20250822306736,597,0xa,0x1,21.7000008,26.2388039,0.0280448571,-0.0869401619,1.03927996e-05,30,1.06200004,1
597110100003389,315726390,2460911.7690015468,60911.263900500002,15.5813217,0.0112351784,0,zg,341.41420240000002,20.276035199999999,0.666000009,0.0189999994,20250824263900,597,0xa,0x1,21.6499996,26.2353172,0.0270459037,-0.0801572129,9.68267068e-06,30,1.14699996,1
597110100003389,315932548,2460913.8306451524,60913.325486100002,15.598568,0.0112630529,0,zg,341.41421359999998,20.276011799999999,0.996999979,0.0680000037,20250826325463,597,0xa,0x1,21.7800007,26.2771416,0.0295924116,-0.0781310499,1.1617416e-05,30,1.03400004,1
597110100003389,316235182,2460916.8570617824,60916.351828699997,15.5734272,0.0112225758,0,zg,341.41421550000001,20.276026000000002,0.856000006,-0.00899999961,20250829351817,597,0xa,0x1,21.7199993,26.3212509,0.0269299597,-0.0771967396,9.61736714e-06,30,1.03900003,1
597110100003389,316430998,2460918.8152622762,60918.309988399997,15.5820408,0.0112363314,0,zg,341.4142281,20.2760411,0.657000005,0.0320000015,20250831309988,597,0xa,0x1,21.4699993,26.3001022,0.0285248756,-0.0674103796,1.09002758e-05,30,1.03499997,1
597110100003389,316840445,2460922.9097969071,60922.404455999997,15.584693,0.0112405904,0,zg,341.41421869999999,20.276028199999999,0.666999996,0.0260000005,20250904404444,597,0xa,0x1,21.3700008,26.2304993,0.0270273443,-0.0625463352,9.98131236e-06,30,1.18200004,1
597110100003389,317028002,2460924.7853864417,60924.2800231,15.5921383,0.0112526063,0,zg,341.41421989999998,20.276034200000002,0.556999981,0.0120000001,20250906280012,597,0xa,0x1,20.2399998,26.2897205,0.0367452279,-0.0297541078,2.95618229e-05,30,1.04499996,1
597110100003389,317234614,2460926.8515277556,60926.346145800002,15.597928,0.0112620117,0,zg,341.41421129999998,20.276011400000002,0.889999986,0.0489999987,20250908346134,597,0xa,0x1,20.1100006,26.2798176,0.0347584486,-0.0203394406,2.98733048e-05,30,1.06200004,1
597110100003389,317430321,2460928.8086112952,60928.303217599998,15.5887804,0.0112471757,0,zg,341.41420449999998,20.276020599999999,0.308999985,0.00300000003,20250910303148,597,0xa,0x1,20.6700001,26.3314495,0.0315349586,-0.0436676703,1.68502738e-05,30,1.03100002,1
597110100003389,317829927,2460932.8046705299,60932.299270800002,15.5769539,0.0112281935,0,zg,341.4142147,20.276030899999999,0.611999989,-0.0209999997,20250914299248,597,0xa,0x1,21.4300003,26.2911282,0.0269123744,-0.0565466471,9.83816062e-06,30,1.03400004,1
597110100003389,318033853,2460934.8439235692,60934.338530100002,15.5840216,0.011239511,0,zg,341.41425479999998,20.2760371,1.24300003,-0.00200000009,20250916338530,597,0xa,0x1,21.3199997,26.2848682,0.0313701555,-0.0572463386,1.32987907e-05,30,1.08800006,1
597110100003389,318429715,2460938.8025160516,60938.297152799998,15.5619392,0.0112044094,0,zg,341.41421009999999,20.276033399999999,0.783999979,0.00300000003,20250920297153,597,0xa,0x1,21.7700005,26.3278389,0.0271786321,-0.0797843561,9.83813698e-06,30,1.04299998,1
597110100003389,318731877,2460941.824097205,60941.3187731,15.5825214,0.0112371035,0,zg,341.41421109999999,20.276030599999999,0.485000014,-0.0529999994,20250923318762,597,0xa,0x1,21.4699993,26.3034611,0.0280465372,-0.0819486976,1.05488562e-05,30,1.08599997,1
597110100003389,318933218,2460943.8374778302,60943.332187499997,15.5663919,0.0112114269,0,zg,341.41421609999998,20.276032699999998,0.442000002,-0.0270000007,20250925332188,597,0xa,0x1,21.5100002,26.3166485,0.0276071578,-0.0847741365,1.02083832e-05,30,1.13300002,1
597110100003389,319535107,2460949.8562295628,60949.351076400002,15.561511,0.0112037361,0,zg,341.41421389999999,20.276037599999999,0.501999974,0.0450000018,20251001351065,597,0xa,0x1,21.4300003,26.2950096,0.0288032256,-0.0759118423,1.11928439e-05,30,1.27199996,1
597110100003389,319734731,2460951.8524106801,60951.347314799998,15.5724239,0.0112209804,0,zg,341.41421659999997,20.276027899999999,0.486000001,-0.0390000008,20251003347315,597,0xa,0x1,20.7999992,26.310215,0.0319614261,-0.0624840818,1.65909296e-05,30,1.28100002,1
597110100003389,319938887,2460953.8939085943,60953.3888773,15.5826406,0.0112372944,0,zg,341.41422230000001,20.276039699999998,0.629000008,0.0140000004,20251005388600,597,0xa,0x1,19.8899994,26.2123852,0.0369224511,-0.0276535489,3.6931262e-05,30,1.65100002,1
597110100003389,320123129,2460955.7362643173,60955.2312963,15.5664835,0.0112115713,0,zg,341.4142056,20.2760338,0.25999999,0.00400000019,20251007231215,597,0xa,0x1,19.8899994,26.3375435,0.0339424685,-0.039279215,3.24080465e-05,30,1.03199995,1
597110100003389,320328486,2460957.7897528373,60957.284861100001,15.5795145,0.0112322848,0,zg,341.41423159999999,20.276019900000001,0.616999984,0.0280000009,20251009284861,597,0xa,0x1,20.2199993,26.2984619,0.0353497155,-0.048621159,2.70327782e-05,30,1.10800004,1
597110100003389,320622694,2460960.7317166515,60960.226944399998,15.5783463,0.0112304166,0,zg,341.41421059999999,20.276023200000001,0.93599999,-0.0340000018,20251012226933,597,0xa,0x1,21.4200001,26.3563538,0.0263787694,-0.0839966163,9.28045029e-06,30,1.03600001,1
597110100003389,321123340,2460965.7379446011,60965.233402799997,15.5957041,0.0112583926,0,zg,341.41422449999999,20.2760453,0.518000007,-0.0260000005,20251017233380,597,0xa,0x1,21.1700001,26.3303528,0.0300295223,-0.0710601658,1.26008472e-05,30,1.05400002,1
597110100003389,321324388,2460967.748328804,60967.243888899997,15.5689621,0.0112154903,0,zg,341.4142162,20.2760319,0.476999998,-0.00100000005,20251019243889,597,0xa,0x1,21.5799999,26.3382607,0.0270658918,-0.0800897181,9.78730623e-06,30,1.079,1
597110100003389,321524843,2460969.7527706386,60969.248437499999,15.570467,0.0112178754,0,zg,341.414221,20.276034500000002,0.465000004,-0.00499999989,20251021248438,597,0xa,0x1,21.6000004,26.3225956,0.0279643349,-0.0729467869,1.04018436e-05,30,1.10000002,1
597210100005715,50048385,2458254.9817284374,58254.4838542,15.9291363,0.0118839638,0,zr,341.4140625,20.2760006,0.377000004,-0.00600000005,20180516483843,597,0xa,0x1,21.1200008,26.2004089,0.0219886601,0.105644636,6.36025925e-06,30,1.41999996,1
597210100005715,50346472,2458257.9628347764,58257.464722199999,15.9737473,0.0119722094,0,zr,341.41405700000001,20.2759988,0.465000004,-0.00100000005,20180519464711,597,0xa,0x1,21.4799995,26.1498165,0.0210359506,0.107710667,5.6858571e-06,30,1.50899994,1
597210100005715,51238175,2458266.8806132311,58266.381759299999,15.9528627,0.0119303009,0,zr,341.4140372,20.2760055,0.647000015,-0.0149999997,20180528381748,597,0xa,0x1,19.6700001,26.0637684,0.0409554206,0.0992991999,2.17220058e-05,30,2.45799994,1
597210100005715,51543442,2458269.9335367326,58269.4344213,15.8878355,0.0118064536,0,zr,341.4140673,20.2759778,0.632000029,-0.0109999999,20180531434421,597,0xa,0x1,19.8299999,26.0671406,0.03434195,0.0844147876,1.53751207e-05,30,1.48800004,1
597210100005715,51846012,2458272.9595046672,58272.460127300001,15.9660358,0.0119566107,0,zr,341.41407220000002,20.2759912,0.384000003,-0.00300000003,20180603460116,597,0xa,0x1,20.7299995,26.1978951,0.0233285781,0.104581527,7.1458262e-06,30,1.26400006,1
597210100005715,51943422,2458273.9336866485,58273.434224500001,15.9741392,0.0119730029,0,zr,341.41404449999999,20.276018700000002,0.790000021,-0.0370000005,20180604434213,597,0xa,0x1,20.7199993,26.2092781,0.0232033599,0.107084401,6.98107078e-06,30,1.403,3
597210100005715,52046491,2458274.9644711176,58274.464918999998,15.9195566,0.0118656335,0,zr,341.41406110000003,20.275988300000002,0.91900003,-0.0820000023,20180605464907,597,0xa,0x1,20.9599991,26.2379456,0.0213202573,0.103802986,6.0503703e-06,30,1.21599996,3
597210100005715,52142195,2458275.9215917722,58275.421955999998,15.9094229,0.0118464744,0,zr,341.41405639999999,20.275990799999999,0.860000014,0.0160000008,20180606421944,597,0xa,0x1,20.6499996,26.2277966,0.0234840587,0.0922088847,7.19015316e-06,30,1.45500004,3
597210100005715,52143511,2458275.9347526352,58275.435115699998,15.8906031,0.0118115228,0,zr,341.41406560000001,20.2759915,0.753000021,-0.0179999992,20180606435104,597,0xa,0x1,20.9599991,26.2170582,0.0226524323,0.103388913,6.76522586e-06,30,1.36000001,1
597210100005715,52244721,2458276.946936212,58276.447210600003,15.9256706,0.0118773086,0,zr,341.41407290000001,20.275983,0.493000001,-0.023,20180607447199,597,0xa,0x1,20.9500008,26.2269287,0.0217022542,0.101274401,6.20506989e-06,30,1.27400005,3
597210100005715,52342097,2458277.9207832287,58277.420972200001,15.9288921,0.0118834935,0,zr,341.41406669999998,20.275995099999999,0.774999976,-0.057,20180608420938,597,0xa,0x1,21.1200008,26.1630974,0.0218225811,0.100440897,6.25325538e-06,30,1.421,3
597210100005715,52446343,2458278.9633401455,58278.463437500002,15.9874258,0.0120002329,0,zr,341.41406169999999,20.2759994,0.757000029,-0.0359999985,20180609463426,597,0xa,0x1,21.0499992,26.2227211,0.0214435086,0.10468334,6.05906735e-06,30,1.17900002,3
597210100005715,52447699,2458278.9768945449,58278.476990700001,15.9849167,0.0119950566,0,zr,341.41407099999998,20.275995099999999,0.853999972,-0.00999999978,20180609476968,597,0xa,0x1,21.0499992,26.2121868,0.021886168,0.109079696,6.32398223e-06,30,1.13499999,1
597210100005715,52542372,2458279.9237139584,58279.4237269,15.9871426,0.0119996462,0,zr,341.41406799999999,20.276005999999999,0.768000007,0.00600000005,20180610423715,597,0xa,0x1,20.7099991,26.155447,0.0241834112,0.104253918,7.66357789e-06,30,1.36399996,3
597210100005715,52647957,2458280.9796518083,58280.479571800002,15.9033632,0.0118351327,0,zr,341.41406519999998,20.2759915,0.326999992,0.00400000019,20180611479491,597,0xa,0x1,20.9699993,26.2296638,0.0232444275,0.108165935,7.07468553e-06,30,1.11300004,3
597210100005715,52746234,2458281.9625160107,58281.462349499998,15.9084253,0.0118446043,0,zr,341.4140453,20.2760006,1.34800005,-0.00100000005,20180612462338,597,0xa,0x1,21.4500008,26.2461338,0.0226217043,0.106074423,6.55962185e-06,30,1.15499997,1
597210100005715,52747622,2458281.9763946375,58281.476226899998,15.8946095,0.011818896,0,zr,341.41408130000002,20.275996200000002,0.572000027,0.0599999987,20180612476215,597,0xa,0x1,21.25,26.2313309,0.0222428292,0.106281832,6.32931733e-06,30,1.11500001,3
597210100005715,52846353,2458282.9637847464,58282.463530100002,15.9342222,0.0118937865,0,zr,341.41406210000002,20.275989299999999,0.805000007,-0.0579999983,20180613463518,597,0xa,0x1,21.2800007,25.9578495,0.0228181127,0.115611389,6.70758891e-06,30,1.14199996,3
597210100005715,52947811,2458283.9784573447,58283.4781134,15.9910803,0.0120077999,0,zr,341.41407179999999,20.276010599999999,1.19099998,-0.0179999992,20180614478090,597,0xa,0x1,20.8700008,26.2335224,0.0223419107,0.109935775,6.55215808e-06,30,1.097,3
597210100005715,53346363,2458287.9643282341,58287.463634300002,15.9172363,0.0118612275,0,zr,341.41406499999999,20.275982200000001,0.34799999,-0.0199999996,20180618463623,597,0xa,0x1,21.4200001,26.2458229,0.0207803827,0.102972955,5.58725969e-06,30,1.10500002,1
597210100005715,53646796,2458290.9689192269,58290.467963000003,15.9738035,0.0119723221,0,zr,341.41406660000001,20.276011400000002,0.541000009,0.00200000009,20180621467940,597,0xa,0x1,21.4500008,26.2339993,0.0210006274,0.104906306,5.80710048e-06,30,1.079,1
597210100005715,53946618,2458293.9673965345,58293.4661806,15.9543762,0.0119333034,0,zr,341.41406569999998,20.275985299999999,0.412,0.0350000001,20180624466157,597,0xa,0x1,21.5300007,26.2505302,0.0211602617,0.102545187,5.85856787e-06,30,1.06900001,1
597210100005715,54235774,2458296.8592069023,58296.357743100001,15.9866209,0.0119985724,0,zr,341.41407249999997,20.2759997,0.981999993,0.0140000004,20180627357720,597,0xa,0x1,20.0599995,26.2082882,0.0272260327,0.0934502259,9.65266463e-06,30,1.51699996,1
597210100005715,54543688,2458299.9386111447,58299.4368866,15.998702,0.0120236846,0,zr,341.41406030000002,20.2760608,0.363000005,-0.0140000004,20180630436863,597,0xa,0x1,20.2800007,26.1930733,0.030720409,0.114010073,1.22286338e-05,30,1.09300005,1
597210100005715,54839892,2458302.900895033,58302.398923599998,15.9923868,0.0120105129,0,zr,341.41402090000003,20.276205699999998,2.71499991,0.00800000038,20180703398912,597,0xa,0x1,19.7399998,26.2077694,0.0419152565,0.123045288,4.14898714e-05,30,1.17700005,1
597210100005715,55141912,2458305.921339104,58305.419120400002,15.9642401,0.0119529981,0,zr,341.41406050000001,20.276033200000001,0.859000027,-0.00800000038,20180706419062,597,0xa,0x1,20.5400009,26.1476746,0.0231815223,0.110488281,7.00556484e-06,30,1.09599996,1
597210100005715,55643574,2458310.9383583125,58310.435740699999,15.9168015,0.0118604014,0,zr,341.41403810000003,20.2761602,3.99300003,0.00200000009,20180711435729,597,0xa,0x1,20.8500004,26.1128273,0.0313081928,0.121064544,2.62966005e-05,30,1.04900002,1
597210100005715,55940350,2458313.9063525302,58313.403506900002,15.9752865,0.0119753387,0,zr,341.41405309999999,20.2759973,0.927999973,-0.057,20180714403484,597,0xa,0x1,21.5499992,26.1136589,0.0230055563,0.102544673,7.01548743e-06,30,1.08399999,1
597210100005715,56544326,2458319.9465523236,58319.443263900001,15.9991274,0.0120245749,0,zr,341.41406849999998,20.275993700000001,1.22500002,-0.0160000008,20180720443264,597,0xa,0x1,21.8299999,26.2344456,0.0220893528,0.103149533,6.41112319e-06,30,1.03499997,1
597210100005715,56841606,2458322.9195595887,58322.416064800003,15.9609032,0.0119463094,0,zr,341.41407099999998,20.275990499999999,0.70599997,-0.0489999987,20180723416053,597,0xa,0x1,21.7199993,26.2502041,0.0207272787,0.100737572,5.65407572e-06,30,1.03999996,1
597210100005715,57146712,2458325.9708275595,58325.467129600001,15.9929924,0.012011772,0,zr,341.4140696,20.275994600000001,0.751999974,-0.00100000005,20180726467130,597,0xa,0x1,20.6599998,26.2152576,0.0236560348,0.103423074,7.38417657e-06,30,1.06799996,1
597210100005715,57441255,2458328.9164432511,58328.412557900003,16.0150108,0.0120581686,0,zr,341.41406560000001,20.275998600000001,0.754999995,-0.0250000004,20180729412546,597,0xa,0x1,19.9899998,26.132021,0.0358319022,0.0937474221,1.70320091e-05,30,1.03600001,1
597210100005715,57741388,2458331.9179558875,58331.413888900002,15.9181204,0.0118629029,0,zr,341.41407290000001,20.2759812,1.375,-0.0289999992,20180801413889,597,0xa,0x1,20.7199993,26.2188854,0.0228581205,0.101496093,6.72244914e-06,30,1.03600001,1
597210100005715,58036712,2458334.8713656878,58334.367129600003,15.9453182,0.0119154239,0,zr,341.4140726,20.275997799999999,0.677999973,0.0370000005,20180804367118,597,0xa,0x1,21.2399998,26.2338219,0.021963561,0.098137632,6.17050728e-06,30,1.05400002,1
597210100005715,58335159,2458337.8559940294,58337.351597200002,15.9878931,0.0120011978,0,zr,341.41407249999997,20.275993799999998,1.01400006,0.0140000004,20180807351586,597,0xa,0x1,21.6299992,26.2324505,0.0209694803,0.104423083,5.73883926e-06,30,1.06299996,1
597210100005715,58935184,2458343.856527566,58343.351840299998,15.9894228,0.0120043615,0,zr,341.41407049999998,20.275995999999999,0.833999991,-0.0659999996,20180813351817,597,0xa,0x1,21.75,26.218195,0.0222187825,0.100923218,6.40638427e-06,30,1.046,1
597210100005715,59238106,2458346.8858812158,58346.3810648,15.9105263,0.0118485503,0,zr,341.41407980000002,20.275991900000001,0.861999989,0.00700000022,20180816381030,597,0xa,0x1,21.7700005,26.1850414,0.0211750474,0.100676142,5.79224252e-06,30,1.04100001,1
597210100005715,59533337,2458349.838310149,58349.333379600001,15.9358969,0.0118970312,0,zr,341.41407099999998,20.275997700000001,0.592999995,-0.0260000005,20180819333368,597,0xa,0x1,21.6399994,26.2264996,0.0202248394,0.0991101414,5.38525046e-06,30,1.04799998,1
597210100005715,59831525,2458352.8202884002,58352.315254599998,15.9804163,0.0119858133,0,zr,341.41407190000001,20.2759827,0.561999977,0.00100000005,20180822315185,597,0xa,0x1,21.2299995,26.2298775,0.0224775933,0.100998014,6.69727524e-06,30,1.05900002,1
597210100005715,60131795,2458355.8230767171,58355.3179514,15.9135923,0.0118543291,0,zr,341.41407079999999,20.275988399999999,0.885999978,-0.00499999989,20180825317951,597,0xa,0x1,20.7099991,26.2680111,0.0267622583,0.0994704664,9.4020661e-06,30,1.04700005,1
597210100005715,60142094,2458355.9260773142,58355.4209491,15.9840908,0.0119933551,0,zr,341.41407570000001,20.275984000000001,1.40499997,-0.0860000029,20180825420938,597,0xa,0x1,20.5100002,26.260561,0.0229568202,0.0917474553,6.95389645e-06,30,1.15199995,1
597210100005715,60427329,2458358.7785015432,58358.273298599997,15.9057789,0.0118396459,0,zr,341.41406790000002,20.276003100000001,0.303000003,0.0219999999,20180828273229,597,0xa,0x1,20.3899994,26.2583294,0.0254032314,0.106897384,8.54893005e-06,30,1.102,1
597210100005715,60731107,2458361.8163460894,58361.311076400001,15.9200525,0.011866577,0,zr,341.4140797,20.276003800000002,0.824000001,-0.0179999992,20180831311076,597,0xa,0x1,21.3400002,26.2676907,0.0200716816,0.100643858,5.30711486e-06,30,1.03600001,1
597210100005715,61331643,2458367.8217969616,58367.316435200002,15.9718676,0.0119683929,0,zr,341.41406369999999,20.2760262,0.578999996,-0.0489999987,20180906316400,597,0xa,0x1,21.3799992,26.2295551,0.0206617415,0.10795898,5.61754769e-06,30,1.03299999,1
597210100005715,61629378,2458370.7991720941,58370.293784699999,15.9062872,0.0118405959,0,zr,341.41407290000001,20.276016200000001,0.941999972,-0.0130000003,20180909293750,597,0xa,0x1,21.4799995,26.2456951,0.0224373806,0.107615344,6.67377981e-06,30,1.03299999,1
597210100005715,61929663,2458373.8020315189,58373.296631899997,15.9866886,0.0119987121,0,zr,341.41407529999998,20.276000499999999,0.677999973,-0.0179999992,20180912296609,597,0xa,0x1,21.3700008,26.2682343,0.0185794868,0.0957247093,4.5938491e-06,30,1.03199995,1
597210100005715,62234118,2458376.8465785799,58376.3411806,15.9453335,0.0119154509,0,zr,341.41407099999998,20.275991000000001,1.32700002,-0.0399999991,20180915341169,597,0xa,0x1,21.5799999,26.2558708,0.0198889412,0.096947439,5.23893596e-06,30,1.08800006,1
597210100005715,62530950,2458379.8148851185,58379.309502299999,15.9771729,0.0119791823,0,zr,341.4140726,20.276002900000002,0.950999975,-0.0170000009,20180918309491,597,0xa,0x1,21.2600002,26.2668819,0.0186737292,0.0986034274,4.58750401e-06,30,1.051,1
597210100005715,62832006,2458382.8254231839,58382.320069399997,15.8869743,0.0118048759,0,zr,341.41407650000002,20.2759863,0.552999973,0.0209999997,20180921320023,597,0xa,0x1,21,26.2421684,0.0224877428,0.104908168,6.80845869e-06,30,1.079,1
597210100005715,63125353,2458385.7588424571,58385.253530100003,15.9093695,0.0118463757,0,zr,341.41407709999999,20.2759763,0.76700002,-0.00499999989,20180924253519,597,0xa,0x1,20.5,26.2435875,0.0260779951,0.101369388,9.11123789e-06,30,1.03299999,1
597210100005715,63427012,2458388.7753836033,58388.270127299998,15.9714813,0.0119676096,0,zr,341.4140744,20.2759781,0.677999973,0.0430000015,20180927270104,597,0xa,0x1,20.6499996,26.2099686,0.022393059,0.0960182399,6.7253236e-06,30,1.03799999,1
597210100005715,64622677,2458400.7316730274,58400.2267708,15.9079456,0.0118437018,0,zr,341.41407279999999,20.275984000000001,0.693000019,-0.00400000019,20181009226759,597,0xa,0x1,21.7000008,26.2188931,0.0221448634,0.0994581506,6.56879411e-06,30,1.03299999,1
597210100005715,66914071,2458423.6444004187,58423.140717599999,15.9172125,0.0118611809,0,zr,341.4140615,20.275982899999999,0.564999998,-0.0170000009,20181101140706,597,0xa,0x1,20.5799999,25.9207134,0.0248086173,0.0947741941,8.23738537e-06,30,1.04200006,1
597210100005715,67514533,2458429.6485983417,58429.145335599998,15.9476833,0.0119200731,0,zr,341.41407149999998,20.2760158,0.781000018,0.0520000011,20181107145324,597,0xa,0x1,21.4699993,26.2386055,0.0229162611,0.105477154,6.97914174e-06,30,1.03799999,1
597210100005715,67813035,2458432.6333997482,58432.130358800001,15.9016323,0.0118319076,0,zr,341.41407950000001,20.2760128,0.481999993,-0.00100000005,20181110130359,597,0xa,0x1,20.6200008,26.2344513,0.02499374,0.111874983,8.35456922e-06,30,1.03699994,1
597210100005715,68110621,2458435.6090273838,58435.106215300002,15.9846897,0.0119945891,0,zr,341.41406369999999,20.276047200000001,0.458000004,-0.00700000022,20181113106181,597,0xa,0x1,19.5200005,26.2457218,0.0384054817,0.110607877,2.11227325e-05,30,1.04200006,1
597210100005715,68729087,2458441.7931939866,58441.290879599997,15.9682198,0.011961014,0,zr,341.41406139999998,20.275979599999999,0.532000005,-0.0170000009,20181119290868,597,0xa,0x1,18.8999996,25.8495731,0.041075293,0.105381273,3.19448554e-05,30,2.03900003,1
597210100005715,70213155,2458456.6325810896,58456.131550899998,15.9873438,0.0120000625,0,zr,341.41408150000001,20.276009500000001,0.740999997,0.0379999988,20181204131551,597,0xa,0x1,20.9099998,26.2484322,0.0221281145,0.104083993,6.55783606e-06,30,1.11399996,1
597210100005715,71509342,2458469.5932834498,58469.093425899999,15.9210863,0.0118685458,0,zr,341.4140802,20.275980300000001,0.574999988,0.0260000005,20181217093414,597,0xa,0x1,21.1700001,26.26194,0.0246430505,0.101544298,8.0796608e-06,30,1.10699999,1
597210100005715,72114104,2458475.6403543158,58475.141041700001,15.9902163,0.0120060071,0,zr,341.41408380000001,20.275979100000001,1.46300006,-0.0489999987,20181223141030,597,0xa,0x1,20.5499992,26.2424469,0.0232288074,0.0958841294,7.08479593e-06,30,1.38,1
597210100005715,75609357,2458510.5901139933,58510.093576400002,15.9420013,0.0119089233,0,zr,341.41408039999999,20.275997199999999,0.560000002,0.00400000019,20190127093530,597,0xa,0x1,19.4400005,26.0179615,0.037627358,0.106026717,2.10115595e-05,30,1.85899997,2
597210100005715,75609848,2458510.5950210723,58510.0984838,15.9657688,0.0119560743,0,zr,341.4140779,20.275990700000001,0.725000024,-0.0120000001,20190127098437,597,0xa,0x1,19.8999996,26.0218239,0.0339786224,0.1040195,1.55375837e-05,30,1.93799996,2
597210100005715,75610340,2458510.5999397496,58510.103402799999,15.9525471,0.0119296778,0,zr,341.41406069999999,20.2759821,0.991999984,-0.0350000001,20190127103356,597,0xa,0x1,20.1399994,26.097599,0.0335932784,0.10156206,1.49325997e-05,30,2.0250001,2
597210100005715,75610831,2458510.6048468295,58510.108310199998,15.9906559,0.0120069189,0,zr,341.4140855,20.2759818,0.643999994,0.00600000005,20190127108264,597,0xa,0x1,19.7999992,26.1108246,0.0354888588,0.102727823,1.67946691e-05,30,2.12100005,2
597210100005715,75709442,2458511.5908951261,58511.094421299997,15.9856234,0.0119965142,0,zr,341.4140946,20.276002200000001,0.381999999,-0.0179999992,20190128094317,597,0xa,0x1,20.3600006,26.1066589,0.0255082417,0.102734774,8.70164513e-06,30,1.91600001,2
597210100005715,75709936,2458511.5958369072,58511.099363399997,15.9894228,0.0120043615,0,zr,341.41407620000001,20.2759854,1.023,-0.0370000005,20190128099259,597,0xa,0x1,20.3999996,26.1345234,0.0271309,0.100168966,9.83263453e-06,30,2.00099993,2
597210100005715,75710430,2458511.6007787883,58511.104305599998,15.9738789,0.0119724749,0,zr,341.4140554,20.275985899999998,0.616999984,-0.00600000005,20190128104201,597,0xa,0x1,20.0499992,26.100996,0.034160018,0.106146067,1.52268003e-05,30,2.09500003,2
597210100005715,75710924,2458511.6057205717,58511.109247699998,15.9505682,0.0119257625,0,zr,341.41405830000002,20.275997700000001,0.748000026,-0.00200000009,20190128109144,597,0xa,0x1,19.9599991,26.0396996,0.0345632248,0.104734279,1.57228496e-05,30,2.20000005,2
597210100005715,76010065,2458514.5969489366,58514.100659700001,15.9255705,0.0118771167,0,zr,341.4140812,20.275990799999999,0.602999985,-0.0240000002,20190131100556,597,0xa,0x1,20.7600002,26.1345024,0.0248500891,0.109923996,8.23825576e-06,30,2.19099998,2
597210100005715,76010557,2458514.6018676381,58514.1055787,15.9165716,0.0118599646,0,zr,341.41408560000002,20.275993100000001,0.74000001,-0.00400000019,20190131105475,597,0xa,0x1,20.8799992,26.1305237,0.0226349216,0.107854545,6.80669609e-06,30,2.30699992,2
597210100005715,76011048,2458514.6067747385,58514.110486099999,15.9017696,0.0118321627,0,zr,341.41407709999999,20.275976499999999,0.501999974,-0.023,20190131110382,597,0xa,0x1,20.8199997,26.1147633,0.0230641048,0.110399343,6.99692646e-06,30,2.43700004,2
597210100005715,83449723,2458588.9930716953,58588.497233800001,15.9148464,0.0118566994,0,zr,341.41408699999999,20.276026900000002,0.927999973,-0.0680000037,20190415497199,597,0xa,0x1,20.2900009,25.8658619,0.0354242362,0.123349592,1.6690261e-05,30,2.52699995,2
597210100005715,83450211,2458588.9979562368,58588.502118099997,15.9335432,0.0118924705,0,zr,341.41408180000002,20.275986799999998,0.736999989,0.00400000019,20190415502083,597,0xa,0x1,20.6100006,25.8875923,0.0306250434,0.116952673,1.23782556e-05,30,2.38800001,2
597210100005715,83450656,2458589.0024008555,58588.506562499999,15.897994,0.0118251527,0,zr,341.4140898,20.275997,1.06700003,-0.0299999993,20190415506528,597,0xa,0x1,20.3500004,25.9009418,0.0319522694,0.115880929,1.33641324e-05,30,2.2750001,2
597210100005715,83451100,2458589.0068454775,58588.5110069,15.9667988,0.0119581493,0,zr,341.41405850000001,20.276014400000001,0.588999987,-0.0289999992,20190415510972,597,0xa,0x1,20.1499996,25.8358765,0.0332001112,0.11201331,1.46247976e-05,30,2.1730001,2
597210100005715,83749486,2458591.9908491424,58591.4948611,15.9757614,0.0119763045,0,zr,341.41407880000003,20.275995300000002,1.18200004,-0.0170000009,20190418494826,597,0xa,0x1,19.3899994,25.9197521,0.0371919461,0.117068842,2.004831e-05,30,2.36299992,2
597210100005715,83749869,2458591.994680346,58591.498692100002,16.0126152,0.0120530594,0,zr,341.4140774,20.276012999999999,0.428000003,-0.00400000019,20190418498657,597,0xa,0x1,19.4300003,25.9396725,0.0390029959,0.115559988,2.19705289e-05,30,2.26699996,2
597210100005715,83750253,2458591.998523151,58591.502534699997,16.0285683,0.0120873498,0,zr,341.41406749999999,20.2760079,0.814999998,-0.00600000005,20190418502500,597,0xa,0x1,19.1800003,25.8846512,0.0456137881,0.111476369,3.35986042e-05,30,2.1789999,2
597210100005715,83750637,2458592.0023659547,58591.5063773,15.9745674,0.0119738765,0,zr,341.41406990000002,20.276005399999999,0.781000018,0.0250000004,20190418506343,597,0xa,0x1,19.7000008,26.0235233,0.0355118811,0.12294393,1.69115119e-05,30,2.09800005,2
597210100005715,85448569,2458608.9827272119,58608.485694399998,15.9122324,0.0118517624,0,zr,341.41408259999997,20.2759921,0.521000028,-0.0480000004,20190505485648,597,0xa,0x1,21.2000008,26.0646381,0.0218273792,0.105305374,6.2814006e-06,30,1.69400001,1
597210100005715,88043297,2458634.932068117,58634.4329745,15.9991245,0.0120245703,0,zr,341.4140951,20.275999299999999,0.538999975,-0.00600000005,20190531432940,597,0xa,0x1,21.6700001,26.0747585,0.0247407556,0.106698088,8.10119946e-06,30,1.50399995,1
597210100005715,88343315,2458637.9325129897,58637.433159699998,15.897254,0.0118237818,0,zr,341.41407850000002,20.2760046,0.588,0.0130000003,20190603433160,597,0xa,0x1,21.7900009,26.0904179,0.0224018842,0.103046589,6.57743794e-06,30,1.43499994,1
597210100005715,88646783,2458640.9674537098,58640.4678356,15.9794474,0.0119838286,0,zr,341.41409290000001,20.275986799999998,0.501999974,-0.0260000005,20190606467824,597,0xa,0x1,21.5799999,26.1576157,0.0194737259,0.101751775,4.97123256e-06,30,1.19500005,1
597210100005715,88947438,2458643.9742684369,58643.474386599999,15.8998528,0.0118285995,0,zr,341.41409019999998,20.276002099999999,0.643000007,-0.0130000003,20190609474375,597,0xa,0x1,21.2000008,26.176836,0.0218934231,0.103846349,6.2482768e-06,30,1.14300001,1
597210100005715,89246633,2458646.9664759422,58646.466331000003,15.9796906,0.0119843269,0,zr,341.41408460000002,20.275994600000001,0.393999994,-0.00300000003,20190612466331,597,0xa,0x1,21.5300007,26.1607723,0.0204240456,0.101421006,5.47492709e-06,30,1.14300001,1
597210100005715,89844229,2458652.9429615517,58652.442291699997,15.9271517,0.0118801482,0,zr,341.4141004,20.2759815,0.240999997,0.00200000009,20190618442280,597,0xa,0x1,20.6299992,26.1451893,0.0244943462,0.103592291,7.87326735e-06,30,1.16799998,1
597210100005715,90145782,2458655.9587572869,58655.457824099998,15.9517975,0.0119281933,0,zr,341.4140913,20.276012900000001,0.755999982,-0.0209999997,20190621457801,597,0xa,0x1,20.2299995,26.1892338,0.0281313322,0.1080034,1.07534261e-05,30,1.10000002,1
597210100005715,90441394,2458658.9151362684,58658.413946799999,15.9016361,0.0118319141,0,zr,341.41408159999997,20.276006200000001,1.30499995,-0.0460000001,20190624413935,597,0xa,0x1,21.0200005,26.1519051,0.0238512717,0.109892711,7.65262575e-06,30,1.21399999,1
597210100005715,90742903,2458661.9304877836,58661.429039399998,15.9842358,0.011993655,0,zr,341.41408580000001,20.276000700000001,0.513000011,-0.0109999999,20190627429028,597,0xa,0x1,21.3999996,26.1717072,0.0220478792,0.105572134,6.56767679e-06,30,1.13199997,1
597210100005715,91144134,2458665.9431304289,58665.441342600003,15.9118757,0.01185109,0,zr,341.41409979999997,20.2759845,0.446999997,-0.00600000005,20190701441343,597,0xa,0x1,21.6800003,26.1882782,0.0205888897,0.101403721,5.6868198e-06,30,1.07799995,1
597210100005715,91437246,2458668.8744965256,58668.372465300003,15.9031925,0.0118348151,0,zr,341.4140956,20.2760015,0.680000007,-0.0270000007,20190704372454,597,0xa,0x1,21.3799992,26.1619778,0.0210407246,0.109011658,5.80420783e-06,30,1.28100002,1
597210100005715,92046329,2458674.9658205146,58674.4632986,15.9493332,0.0119233252,0,zr,341.41409440000001,20.275980499999999,0.555999994,0.0340000018,20190710463299,597,0xa,0x1,21.7299995,26.1832066,0.0230940692,0.105245516,6.99459451e-06,30,1.03199995,1
597210100005715,92329831,2458677.8010522407,58677.2983102,15.9280939,0.0118819615,0,zr,341.41410139999999,20.275981999999999,0.782999992,-0.0289999992,20190713298275,597,0xa,0x1,20.9699993,26.0940514,0.024984194,0.103916973,8.17821638e-06,30,1.68099999,1
597210100005715,92941864,2458683.921842902,58683.418645799997,15.9825783,0.0119902492,0,zr,341.4140921,20.275988600000002,0.541999996,-0.00800000038,20190719418623,597,0xa,0x1,20.7700005,26.1955452,0.0228808001,0.102531016,6.83436519e-06,30,1.04200006,1
597210100005715,93235789,2458686.8612980936,58686.357893499997,15.9589653,0.0119424378,0,zr,341.41408310000003,20.275987199999999,0.382999986,0.00899999961,20190722357616,597,0xa,0x1,20.9099998,26.1458893,0.0240335688,0.103508301,7.58546139e-06,30,1.13999999,1
597210100005715,93637192,2458690.8755965815,58690.3719213,15.9859905,0.0119972695,0,zr,341.41408389999998,20.275999899999999,0.617999971,0.00100000005,20190726371840,597,0xa,0x1,21.6399994,26.1120148,0.0220293552,0.0961666405,6.35050492e-06,30,1.08000004,1
597210100005715,93939150,2458693.8953731242,58693.391504599997,15.9237309,0.0118735954,0,zr,341.41408919999998,20.275994099999998,0.518000007,-0.023,20190729391493,597,0xa,0x1,21.7999992,26.170557,0.0207058061,0.0995853394,5.55743009e-06,30,1.04200006,1
597210100005715,94238953,2458696.8935879511,58696.389537000003,15.9844894,0.0119941775,0,zr,341.41409320000002,20.2759845,0.860000014,-0.00100000005,20190801389537,597,0xa,0x1,21.8700008,26.1814976,0.0209149774,0.0990947187,5.72223144e-06,30,1.03799999,1
597210100005715,95144649,2458705.951033053,58705.446493099997,15.9023113,0.0118331732,0,zr,341.4140989,20.2759882,0.501999974,0.0130000003,20190810446470,597,0xa,0x1,21.6399994,26.1750889,0.021060843,0.101305068,5.80510368e-06,30,1.10099995,1
597210100005715,95448549,2458708.990179413,58708.4854977,15.9884424,0.012002334,0,zr,341.41413110000002,20.276053300000001,1.85800004,-0.0560000017,20190813485451,597,0xa,0x1,21.25,26.1494503,0.0250122081,0.116242617,8.20033983e-06,30,1.26999998,1
597210100005715,95737853,2458711.8833358814,58711.378530100003,15.9893789,0.0120042711,0,zr,341.41408949999999,20.275995200000001,0.55400002,-0.0350000001,20190816378472,597,0xa,0x1,20.5300007,26.1903744,0.0266496111,0.105064161,9.25659151e-06,30,1.03400004,1
597210100005715,96037271,2458714.8776424676,58714.372719899999,15.9253531,0.0118767014,0,zr,341.41410230000002,20.276002200000001,0.825999975,-0.0140000004,20190819372720,597,0xa,0x1,20.75,26.1671753,0.0238124393,0.109063461,7.44097497e-06,30,1.03499997,1
597210100005715,96332791,2458717.83294268,58717.3279167,15.906642,0.0118412608,0,zr,341.41410980000001,20.276005999999999,0.746999979,-0.0250000004,20190822327917,597,0xa,0x1,20.9200001,26.1675663,0.0225798376,0.110258378,6.5802551e-06,30,1.04100001,1
597210100005715,96332884,2458717.8338686116,58717.3288426,15.9067783,0.0118415141,0,zr,341.41409850000002,20.2759918,0.757000029,-0.0140000004,20190822328831,597,0xa,0x1,21.1700001,26.1667042,0.0204146095,0.103639945,5.41364579e-06,30,1.03999996,3
597210100005715,96437341,2458718.8784740935,58718.373414399997,15.9875298,0.0120004462,0,zr,341.41410430000002,20.275982599999999,0.663999975,-0.0590000004,20190823373414,597,0xa,0x1,21.0799999,26.1864834,0.0212901849,0.0915741846,5.93237064e-06,30,1.04200006,3
597210100005715,96831554,2458722.8207169841,58722.315543999997,15.9736834,0.0119720772,0,zr,341.41409700000003,20.276000499999999,0.587000012,0,20190827315521,597,0xa,0x1,21.75,26.1416531,0.024056714,0.0933526456,7.59368186e-06,30,1.03999996,3
597210100005715,96937280,2458723.878000495,58723.372800899997,15.9322367,0.0118899448,0,zr,341.41408030000002,20.275979599999999,0.84799999,-0.0199999996,20190828372801,597,0xa,0x1,21.7800007,26.1550064,0.020017378,0.0941262245,5.25501309e-06,30,1.05700004,1
597210100005715,96937370,2458723.8789033154,58723.373703700003,15.9190178,0.0118646082,0,zr,341.41410810000002,20.276004199999999,1.09399998,0.0189999994,20190828373704,597,0xa,0x1,21.7000008,26.1347599,0.026143143,0.10058336,9.01112344e-06,30,1.05799997,3
597210100005715,97230453,2458726.8098018831,58726.304537000004,15.9474268,0.0119195655,0,zr,341.41410180000003,20.2759933,1.62,-0.0120000001,20190831304525,597,0xa,0x1,20.8700008,26.200285,0.0225619432,0.068953,6.6477337e-06,30,1.03999996,1
597210100005715,97638344,2458730.8887837194,58730.383449100002,15.9462223,0.0119171971,0,zr,341.41409069999997,20.275989299999999,0.811999977,0.00899999961,20190904383438,597,0xa,0x1,21.5400009,26.1041164,0.0241612159,0.10133858,7.57888893e-06,30,1.11399996,1
597210100005715,97638531,2458730.8906471441,58730.385312500002,15.9656668,0.0119558666,0,zr,341.41408960000001,20.275999299999999,0.503000021,-0.0120000001,20190904385301,597,0xa,0x1,21.5300007,26.1126251,0.0227099545,0.0989108682,6.71957923e-06,30,1.11899996,3
597210100005715,98137248,2458735.8778745583,58735.372488399997,15.9042053,0.0118367048,0,zr,341.41409529999999,20.2760149,0.528999984,0.0439999998,20190909372465,597,0xa,0x1,21.0499992,26.1469517,0.0225991197,0.111888029,6.70392501e-06,30,1.12100005,3
597210100005715,98241555,2458736.9209477808,58736.415555599997,15.968832,0.011962248,0,zr,341.41409800000002,20.275982500000001,0.479999989,-0.0179999992,20190910415556,597,0xa,0x1,20.8500004,26.1468048,0.0234168973,0.107889898,7.16854129e-06,30,1.30499995,3
597210100005715,98416760,2458738.6730028372,58738.167604200004,15.907464,0.0118427994,0,zr,341.4141017,20.275998699999999,0.145999998,-0.00999999978,20190912167604,597,0xa,0x1,19.9200001,26.1212463,0.0327559896,0.112521037,1.41277023e-05,30,1.36199999,1
597210100005715,98516650,2458739.6719048559,58739.166504599998,15.9778233,0.0119805103,0,zr,341.41409429999999,20.276004100000002,1,-0.074000001,20190913166505,597,0xa,0x1,19.6100006,26.1087704,0.0394870043,0.118150592,2.08966048e-05,30,1.35099995,1
597210100005715,98616692,2458740.6723216688,58740.166921299999,16.0107899,0.0120491777,0,zr,341.41408480000001,20.275998000000001,0.727999985,0.00200000009,20190914166921,597,0xa,0x1,19.5900002,26.0899296,0.0373235457,0.116972543,1.90129576e-05,30,1.33200002,1
597210100005715,98716707,2458741.6724707689,58741.167071800002,15.987978,0.0120013719,0,zr,341.41408050000001,20.276002200000001,0.875,0.00499999989,20190915167072,597,0xa,0x1,19.9899998,26.0859756,0.0349996276,0.120516181,1.58821495e-05,30,1.31400001,1
597210100005715,98916750,2458743.6728916294,58743.167500000003,15.9238338,0.011873791,0,zr,341.41409220000003,20.276005000000001,0.694999993,-0.0250000004,20190917167500,597,0xa,0x1,20.6499996,26.0517063,0.0248308871,0.110159524,8.0160944e-06,30,1.28199995,1
597210100005715,99016711,2458744.6725037922,58744.167118099998,15.9191532,0.0118648671,0,zr,341.41409279999999,20.2759918,1.12899995,0.0280000009,20190918167002,597,0xa,0x1,21.4099998,26.1219501,0.0241146516,0.104290269,7.66593075e-06,30,1.26999998,1
597210100005715,99116722,2458745.6726004379,58745.167222199998,15.9224262,0.0118711023,0,zr,341.41409329999999,20.275986899999999,0.433999985,-0.0250000004,20190919167222,597,0xa,0x1,21.3500004,26.1342373,0.0209488682,0.104086339,5.69927852e-06,30,1.255,1
597210100005715,99219159,2458746.6969662486,58746.191597199999,15.9729481,0.0119705833,0,zr,341.41411099999999,20.276005999999999,0.880999982,-0.0130000003,20190920191586,597,0xa,0x1,20.6399994,26.1428585,0.0264894571,0.109377153,9.20654293e-06,30,1.148,1
597210100005715,99316710,2458747.6724652876,58747.167106499997,15.9874878,0.0120003596,0,zr,341.41411160000001,20.27599,0.634000003,0.0359999985,20190921167106,597,0xa,0x1,21.1599998,26.0894356,0.022493314,0.108548246,6.58741919e-06,30,1.23000002,1
597210100005715,99416622,2458748.6715737004,58748.166226900001,15.9571934,0.0119389025,0,zr,341.41411629999999,20.276002600000002,0.400999993,0.00300000003,20190922166227,597,0xa,0x1,20.6100006,25.8011036,0.0347418673,0.104328804,1.56725e-05,30,1.222,1
597210100005715,99516771,2458749.6730531692,58749.167719899997,15.9469624,0.0119186537,0,zr,341.41409650000003,20.275991399999999,0.663999975,0.0340000018,20190923167720,597,0xa,0x1,21.4899998,26.1018467,0.0221029371,0.100327425,6.40647613e-06,30,1.204,1
597210100005715,99616799,2458750.673315939,58750.167997700002,15.9125729,0.011852406,0,zr,341.41411099999999,20.276005300000001,0.58099997,0.00499999989,20190924167998,597,0xa,0x1,20.2800007,26.1013756,0.038528271,0.116511777,1.93874985e-05,30,1.19200003,1
597210100005715,99716563,2458751.6709383382,58751.165636600002,15.9033432,0.0118350936,0,zr,341.41408630000001,20.276000700000001,0.690999985,-0.0250000004,20190925165625,597,0xa,0x1,21.1299992,26.087141,0.0216033086,0.108385757,6.10249708e-06,30,1.19099998,1
597210100005715,100016526,2458754.670509289,58754.165266199998,15.9862671,0.0119978413,0,zr,341.41409140000002,20.275982500000001,0.630999982,0.0250000004,20190928165266,597,0xa,0x1,21.5499992,26.1233444,0.0221146345,0.104673706,6.33538593e-06,30,1.16299999,1
597210100005715,100417428,2458758.6794260852,58758.174282400003,15.9230099,0.0118722161,0,zr,341.41410200000001,20.276008099999999,0.810000002,-0.00700000022,20191002174282,597,0xa,0x1,20.7900009,26.1277905,0.0244092159,0.106215723,7.75741137e-06,30,1.10500002,1
597210100005715,100520972,2458759.7148363632,58759.209722200001,15.9608974,0.0119462963,0,zr,341.4141017,20.276026099999999,1.11000001,0.050999999,20191003209722,597,0xa,0x1,21.2600002,26.1467266,0.0255879387,0.109302931,8.68028292e-06,30,1.04299998,1
597210100005715,100616673,2458760.6718215565,58760.1667361,15.9566031,0.0119377291,0,zr,341.41409060000001,20.276000199999999,0.680000007,-0.00100000005,20191004166736,597,0xa,0x1,21.5200005,26.160471,0.0235589519,0.100296214,7.25829295e-06,30,1.11000001,1
597210100005715,100716571,2458761.6707716906,58761.165717600001,15.9780741,0.0119810216,0,zr,341.41409220000003,20.276004100000002,0.481999993,0.0370000005,20191005165718,597,0xa,0x1,21.1900005,26.1439934,0.022443587,0.103515379,6.56462771e-06,30,1.10599995,1
597210100005715,100816546,2458762.6704842621,58762.165462999998,15.9688148,0.0119622145,0,zr,341.41409379999999,20.275987300000001,0.469999999,0.0149999997,20191006165463,597,0xa,0x1,21.2299995,26.1507397,0.0215436611,0.102019601,6.06551748e-06,30,1.10000002,1
597210100005715,100916673,2458763.6717230491,58763.1667361,15.9435673,0.0119119892,0,zr,341.41409370000002,20.276005099999999,0.662999988,0.00800000038,20191007166736,597,0xa,0x1,21.1399994,26.1434917,0.0234304145,0.104016885,7.12304518e-06,30,1.09099996,1
597210100005715,101726502,2458771.7696810863,58771.265023100001,15.9991703,0.0120246643,0,zr,341.4140974,20.276000499999999,0.717000008,-0.0480000004,20191015265023,597,0xa,0x1,20.2299995,26.1431751,0.0267980266,0.101617686,9.37615641e-06,30,1.09800005,1
597210100005715,102019334,2458774.6978621208,58774.193344899999,15.9880304,0.0120014809,0,zr,341.41409049999999,20.2759933,0.386999995,0.00600000005,20191018193345,597,0xa,0x1,20.8199997,26.1509438,0.0226282943,0.106130064,6.67828908e-06,30,1.03199995,1
597210100005715,102319138,2458777.6957504652,58777.191388899999,15.9092817,0.0118462108,0,zr,341.41410250000001,20.2759939,0.518999994,-0.0199999996,20191021191354,597,0xa,0x1,21.0100002,26.1670341,0.0213699862,0.0934210047,5.95312122e-06,30,1.03199995,1
597210100005715,102723491,2458781.7390527516,58781.234919000002,15.914856,0.0118567171,0,zr,341.41410359999998,20.276021100000001,0.894999981,0.00999999978,20191025234919,597,0xa,0x1,19.75,26.1446609,0.0341629386,0.111324593,1.55150628e-05,30,1.09200001,1
597210100005715,103124174,2458785.7456363658,58785.241747699998,15.9870653,0.0119994888,0,zr,341.41409759999999,20.2759973,0.395999998,-0.0250000004,20191029241748,597,0xa,0x1,21.1599998,26.145031,0.0225380939,0.0980333239,6.64175741e-06,30,1.13699996,1
597210100005715,103422715,2458788.7308470528,58788.227152799998,15.9515467,0.011927695,0,zr,341.41408660000002,20.276007499999999,0.760999978,0.0170000009,20191101227153,597,0xa,0x1,20.7800007,26.1545219,0.0232710298,0.103549622,7.14297357e-06,30,1.11899996,1
597210100005715,103618666,2458790.6902281726,58790.186666699999,15.9208097,0.0118680177,0,zr,341.4141042,20.276017899999999,1.04999995,-0.00600000005,20191103186667,597,0xa,0x1,20.8700008,26.157629,0.0236536004,0.100869052,7.2960911e-06,30,1.05299997,1
597210100005715,103710688,2458791.6103843404,58791.106886599999,15.9766426,0.0119781001,0,zr,341.41409229999999,20.27599,0.400999993,-0.00999999978,20191104106887,597,0xa,0x1,21.1000004,26.1505337,0.026026167,0.0972725153,8.86943417e-06,30,1.06200004,1
597210100005715,104012412,2458794.627403337,58794.124120400003,15.9126797,0.0118526053,0,zr,341.41410539999998,20.275996200000002,0.624000013,-0.0250000004,20191107124109,597,0xa,0x1,20.6000004,26.1194782,0.0277132224,0.106371835,1.00326861e-05,30,1.03600001,1
597210100005715,104310351,2458797.6065809387,58797.1035185,15.9713984,0.0119674401,0,zr,341.41409549999997,20.275987799999999,1.01800001,0.00100000005,20191110103056,597,0xa,0x1,20.6000004,26.1523609,0.0281220824,0.100716844,1.04587607e-05,30,1.046,1
597210100005715,104626255,2458800.7653780356,58800.262557900001,15.9488754,0.0119224219,0,zr,341.4141042,20.2759936,0.802999973,-0.0199999996,20191113262558,597,0xa,0x1,20.5599995,26.1150532,0.0250152703,0.104370445,8.26547785e-06,30,1.45200002,1
597210100005715,105714251,2458811.6444404153,58811.142511600003,15.9819984,0.0119890561,0,zr,341.41410280000002,20.276001999999998,0.819000006,-0.0599999987,20191124142512,597,0xa,0x1,20.8600006,26.133976,0.0260342862,0.10068325,8.93695051e-06,30,1.07200003,1
597210100005715,106014474,2458814.646415479,58814.144745400001,15.9143639,0.0118557867,0,zr,341.4140984,20.276031400000001,0.74000001,-0.00100000005,20191127144745,597,0xa,0x1,20.1599998,26.0492535,0.0308162589,0.100477286,1.25574807e-05,30,1.09200001,1
597210100005715,107708798,2458831.5881400313,58831.087986099999,15.9398184,0.0119046615,0,zr,341.41410489999998,20.276010899999999,0.685000002,-0.0399999991,20191214087975,597,0xa,0x1,20.8500004,26.2966805,0.0237349942,0.102401361,7.37153505e-06,30,1.07200003,1
597210100005715,108108956,2458835.5893513337,58835.089560200002,15.9549246,0.0119343922,0,zr,341.41406790000002,20.276086400000001,0.477999985,0.00499999989,20191218089549,597,0xa,0x1,18.7299995,25.9507542,0.0458587408,0.107505135,4.76937894e-05,30,1.097,1
597210100005715,108409659,2458838.5961167691,58838.096597199998,16.0001526,0.0120267244,0,zr,341.4141012,20.276019000000002,0.418000013,-0.00100000005,20191221096586,597,0xa,0x1,20.2999992,26.1260643,0.0306937415,0.103812307,1.22734409e-05,30,1.13600004,1
597210100005715,110012157,2458854.6196956784,58854.121574099998,15.9699287,0.0119644655,0,zr,341.41410719999999,20.276031400000001,0.510999978,-0.00700000022,20200106121574,597,0xa,0x1,19.75,26.2598305,0.0400150605,0.111467361,2.16321259e-05,30,1.50699997,1
597210100005715,110613263,2458860.630272734,58860.132638900002,15.9678364,0.0119602382,0,zr,341.4141075,20.275993700000001,0.744000018,-0.0179999992,20200112132639,597,0xa,0x1,19.5200005,26.1996937,0.035283871,0.115088403,1.67188118e-05,30,1.81900001,1
597210100005715,110909425,2458863.5916629732,58863.0942593,15.9063511,0.011840716,0,zr,341.41410660000003,20.276019300000002,0.981000006,-0.0520000011,20200115094248,597,0xa,0x1,20.4400005,26.2341022,0.0254153162,0.115045212,8.4422154e-06,30,1.48300004,1
597210100005715,111909443,2458873.5911181956,58873.094432899998,15.9867287,0.0119987922,0,zr,341.4141032,20.276004799999999,0.860000014,-0.0329999998,20200125094433,597,0xa,0x1,20.3199997,26.2196579,0.0271698348,0.109788135,9.63898492e-06,30,1.78100002,1
597210100005715,112010350,2458874.600125358,58874.103506899999,15.9828081,0.0119907185,0,zr,341.41410639999998,20.275977399999999,0.231999993,0.0260000005,20200126103461,597,0xa,0x1,20.1499996,25.6937237,0.0422671475,0.101287887,2.32754792e-05,30,1.96399999,2
597210100005715,112409577,2458878.5921408529,58878.095775499998,15.961792,0.0119480891,0,zr,341.4141333,20.276077000000001,0.519999981,0.00200000009,20200130095660,597,0xa,0x1,18.3700008,26.0896873,0.0474166237,0.104325183,6.79800723e-05,30,2.02099991,2
597210100005715,119949697,2458953.9928045091,58953.496979199997,16.0169659,0.0120623466,0,zr,341.41412919999999,20.276047699999999,0.875,0.0179999992,20200414496944,597,0xa,0x1,19.7399998,26.0370464,0.0484809428,0.120978884,3.11342483e-05,30,2.5539999,2
597210100005715,119950098,2458953.9968093047,58953.500983799997,15.9953251,0.0120166261,0,zr,341.41412739999998,20.275977099999999,0.501999974,-0.00600000005,20200414500949,597,0xa,0x1,19.9599991,26.0583553,0.0419408232,0.106547147,2.29313009e-05,30,2.43600011,2
597210100005715,119950548,2458954.0013118247,58953.505486100003,15.9800863,0.0119851371,0,zr,341.41414930000002,20.276025799999999,0.754000008,0.00300000003,20200414505451,597,0xa,0x1,19.7299995,26.0750713,0.0404243395,0.110731333,2.14905249e-05,30,2.31599998,2
597210100005715,119950998,2458954.0058143497,58953.509988400001,16.0145912,0.0120572727,0,zr,341.4140797,20.276030899999999,0.626999974,-0.00200000009,20200414509954,597,0xa,0x1,19.7199993,26.0886383,0.0393439941,0.115837723,2.04807984e-05,30,2.20900011,2
597210100005715,120149546,2458955.9913864685,58955.495462999999,15.9324808,0.011890416,0,zr,341.41409950000002,20.2760076,0.953999996,-0.0439999998,20200416495428,597,0xa,0x1,20.3500004,26.0913868,0.0269875024,0.116087802,9.49188598e-06,30,2.43799996,2
597210100005715,120149982,2458955.9957500929,58955.499826400002,15.9364567,0.011898119,0,zr,341.41411169999998,20.276019300000002,0.595000029,0.0160000008,20200416499792,597,0xa,0x1,20.4400005,26.1043644,0.0280860104,0.111305013,1.02398835e-05,30,2.3210001,2
597210100005715,120150418,2458956.0001137168,58955.504189799998,15.9098682,0.0118473126,0,zr,341.41412639999999,20.276020299999999,0.723999977,-0.00499999989,20200416504155,597,0xa,0x1,19.7199993,26.1187096,0.0354542285,0.115967393,1.65898709e-05,30,2.21600008,2
597210100005715,120150855,2458956.0044773426,58955.508553200001,15.910327,0.0118481759,0,zr,341.4141151,20.276010500000002,0.776000023,0.00700000022,20200416508530,597,0xa,0x1,19.8099995,26.1311569,0.0327365063,0.115676872,1.41315841e-05,30,2.12199998,2
597210100005715,122548908,2458979.9865358425,58979.489085599998,15.9602699,0.0119450437,0,zr,341.41410339999999,20.275987099999998,0.691999972,0.0329999998,20200510488993,597,0xa,0x1,20.7399998,26.1612053,0.025923349,0.10901536,8.68474399e-06,30,1.49600005,1
597210100005715,123948126,2458993.9798276452,58993.481261599998,15.9752579,0.01197528,0,zr,341.41408749999999,20.276006800000001,0.912999988,0.0130000003,20200524481262,597,0xa,0x1,21.0200005,26.2331982,0.0217143539,0.112033509,6.1251958e-06,30,1.28699994,1
597210100005715,124246847,2458996.9672903502,58996.468472200002,15.949194,0.0119230496,0,zr,341.41410939999997,20.276002800000001,0.537999988,0.0160000008,20200527468472,597,0xa,0x1,21.5799999,26.2420902,0.0219621658,0.10049288,6.23304413e-06,30,1.31200004,1
597210100005715,124846709,2459002.9664288824,59002.467094899999,15.9669695,0.0119584911,0,zr,341.41412409999998,20.2759891,0.658999979,-0.0270000007,20200602467095,597,0xa,0x1,20.9599991,26.191906,0.024001915,0.104627199,7.47248805e-06,30,1.23500001,1
597210100005715,126047501,2459014.9753982285,59014.4750116,15.9742756,0.0119732814,0,zr,341.41410239999999,20.275991399999999,0.819000006,0.0419999994,20200614475012,597,0xa,0x1,21.1900005,26.3101654,0.0209450722,0.10360232,5.73440138e-06,30,1.09899998,1
597210100005715,126446653,2459018.9672763059,59018.466539399997,15.90765,0.0118431468,0,zr,341.41411620000002,20.276002299999998,0.94599998,-0.00600000005,20200618466539,597,0xa,0x1,21.7299995,26.3004322,0.0228426922,0.094333522,6.81638721e-06,30,1.09399998,1
597210100005715,126847703,2459022.9781233603,59022.477036999997,15.9545307,0.0119336108,0,zr,341.41410059999998,20.2759827,0.800000012,0.0240000002,20200622477037,597,0xa,0x1,21.6800003,26.3264236,0.0211985037,0.0965199992,5.84984764e-06,30,1.05700004,1
597210100005715,127348203,2459027.9835533928,59027.482037000002,15.9603596,0.0119452225,0,zr,341.41411299999999,20.275993100000001,0.402999997,-0.0299999993,20200627482014,597,0xa,0x1,21.0499992,26.2693882,0.0211466346,0.0969490707,5.77183891e-06,30,1.03799999,1
597210100005715,127447931,2459028.9809181201,59028.479317099998,15.9927588,0.0120112859,0,zr,341.41411390000002,20.275993100000001,0.646000028,-0.0280000009,20200628479317,597,0xa,0x1,21.3799992,26.2657433,0.0208018441,0.104237877,5.64633319e-06,30,1.03799999,1
597210100005715,127743866,2459031.9405186437,59031.438669000003,15.9564438,0.0119374115,0,zr,341.41412259999998,20.276001300000001,0.558000028,-0.00700000022,20200701438183,597,0xa,0x1,21.7999992,26.274313,0.0251016021,0.0996462479,8.23322353e-06,30,1.07799995,1
597210100005715,128037778,2459034.879881823,59034.377789400001,15.9780712,0.011981017,0,zr,341.41411299999999,20.275995099999999,0.809000015,-0.00200000009,20200704377789,597,0xa,0x1,20.7199993,26.295023,0.0239590742,0.101587668,7.43825149e-06,30,1.24399996,1
597210100005715,128345748,2459037.9598302864,59037.457488400003,16.0118065,0.0120513402,0,zr,341.41409920000001,20.276051299999999,1.23599994,-0.00700000022,20200707457488,597,0xa,0x1,19.9099998,26.3368206,0.0499557182,0.105277956,3.25522014e-05,30,1.03600001,1
597210100005715,128637979,2459040.8823649464,59040.379791699997,15.9738379,0.0119723929,0,zr,341.4141032,20.275987300000001,0.609000027,-0.0160000008,20200710379792,597,0xa,0x1,21.0300007,26.2807903,0.021380173,0.103738941,5.89190267e-06,30,1.16900003,1
597210100005715,128848096,2459042.9836967504,59042.480960599998,15.9774199,0.0119796852,0,zr,341.41411340000002,20.275994799999999,0.291999996,-0.00800000038,20200712480856,597,0xa,0x1,21.2900009,26.2754593,0.0210116021,0.0986673161,5.72884301e-06,30,1.03900003,1
597210100005715,128938228,2459043.885085139,59043.382280099999,15.8964748,0.0118223419,0,zr,341.41411490000002,20.275978899999998,0.497000009,0.00999999978,20200713382269,597,0xa,0x1,21.5699997,26.2742844,0.0221530627,0.100068375,6.29572241e-06,30,1.13499999,1
597210100005715,129047655,2459044.9794388204,59044.476550899999,15.9428864,0.0119106574,0,zr,341.41411529999999,20.276002800000001,0.569000006,-0.0350000001,20200714476551,597,0xa,0x1,21.4599991,26.3087711,0.0206741672,0.0983088911,5.50741015e-06,30,1.03900003,1
597210100005715,129242298,2459046.9260191382,59046.422986099999,15.9332142,0.0118918344,0,zr,341.41411699999998,20.275991900000001,0.49000001,0.0299999993,20200716422975,597,0xa,0x1,21.8299999,26.314064,0.023851309,0.0967029631,7.43364581e-06,30,1.04400003,1
597210100005715,129440537,2459048.908548106,59048.405370400003,15.9057207,0.011839536,0,zr,341.4141151,20.275985200000001,0.477999985,-0.0170000009,20200718405370,597,0xa,0x1,21.8199997,26.3205223,0.023114033,0.0940333158,6.90453498e-06,30,1.05799997,3
597210100005715,129540393,2459049.9071845282,59049.403935200004,15.9044704,0.0118371993,0,zr,341.41411890000001,20.2760018,0.374000013,-0.00400000019,20200719403924,597,0xa,0x1,21.8099995,26.3153019,0.0227773618,0.0960224122,6.68155826e-06,30,1.05599999,3
597210100005715,129645136,2459050.9546892317,59050.451365699999,15.9653034,0.0119551364,0,zr,341.4141075,20.275997400000001,0.686999977,0.0219999999,20200720451366,597,0xa,0x1,21.6599998,26.3142471,0.023619948,0.0971674845,7.24952997e-06,30,1.03400004,1
597210100005715,129645230,2459050.9556267969,59050.4523032,15.9773636,0.0119795706,0,zr,341.41411790000001,20.275995099999999,0.619000018,-0.0140000004,20200720452303,597,0xa,0x1,21.75,26.3113308,0.0232034065,0.093644917,6.98681743e-06,30,1.03499997,3
597210100005715,129739180,2459051.8951949049,59051.391805599997,15.9508638,0.0119263474,0,zr,341.41412059999999,20.275993,0.393000007,-0.0280000009,20200721391794,597,0xa,0x1,21.5200005,26.2877407,0.0229700226,0.0979797319,6.86025214e-06,30,1.06500006,1
597210100005715,129739844,2459051.9018388689,59051.398449100001,15.9504271,0.0119254831,0,zr,341.41410889999997,20.276003899999999,0.451999992,0.0160000008,20200721398438,597,0xa,0x1,21.6100006,26.2923546,0.0221093222,0.0939080343,6.29307488e-06,30,1.05599999,3
597210100005715,129840311,2459052.9065725482,59052.403113400003,15.9644556,0.0119534321,0,zr,341.41411979999998,20.275984000000001,0.323000014,0.00400000019,20200722403113,597,0xa,0x1,22,26.3203888,0.0243843067,0.0954445824,7.69697999e-06,30,1.04700005,3
597210100005715,130038722,2459054.8908155658,59054.387222199999,15.9452019,0.0119151939,0,zr,341.41410869999999,20.275994799999999,0.485000014,-0.0309999995,20200724387222,597,0xa,0x1,21.7000008,26.318058,0.0212313235,0.091956839,5.91307344e-06,30,1.05999994,1
597210100005715,130040385,2459054.9074486787,59054.403854199998,15.9284687,0.0118826805,0,zr,341.41411749999997,20.276002500000001,0.893000007,-0.00899999961,20200724403854,597,0xa,0x1,21.6299992,26.3103352,0.0242066439,0.0963235423,7.60099556e-06,30,1.04100001,3
597210100005715,130135902,2459055.8626855058,59055.359027799997,15.9459238,0.0119166132,0,zr,341.41410999999999,20.275984399999999,0.963999987,0.0480000004,20200725359028,597,0xa,0x1,21.8500004,26.2897854,0.0243544448,0.0959188044,7.69069356e-06,30,1.10899997,3
597210100005715,130145390,2459055.957564455,59055.453900499997,15.9364853,0.0118981749,0,zr,341.41411829999998,20.275984099999999,0.846000016,0.00999999978,20200725453900,597,0xa,0x1,21.8500004,26.3003502,0.0220084656,0.0928871036,6.30473005e-06,30,1.046,1
597210100005715,130238197,2459056.8857036415,59056.381979199999,15.8962955,0.0118220085,0,zr,341.41411649999998,20.275989800000001,0.915000021,-0.0179999992,20200726381979,597,0xa,0x1,21.8199997,26.2910423,0.0253754128,0.0926372558,8.43169983e-06,30,1.05999994,3
597210100005715,130238291,2459056.886641202,59056.3829167,15.9000072,0.0118288873,0,zr,341.41411310000001,20.2759958,0.469999999,0.00800000038,20200726382917,597,0xa,0x1,21.7999992,26.2907619,0.0233273786,0.0979256555,7.16224076e-06,30,1.05799997,1
597210100005715,130336142,2459057.8652109294,59057.361423599999,15.9021416,0.0118328547,0,zr,341.4141171,20.276006599999999,0.451999992,-0.0140000004,20200727361424,597,0xa,0x1,21.7399998,26.2849236,0.0228938162,0.0982743278,6.83161761e-06,30,1.09099996,3
597210100005715,130337283,2459057.8766236627,59057.372835599999,15.9076376,0.0118431253,0,zr,341.41410810000002,20.275992599999999,0.723999977,-0.0189999994,20200727372836,597,0xa,0x1,21.6900005,26.2944508,0.0227825735,0.096817404,6.73945215e-06,30,1.06900001,1
597210100005715,130535184,2459059.8557523913,59059.351840299998,15.9580879,0.0119406879,0,zr,341.41411629999999,20.2759933,0.772000015,0.0289999992,20200729351840,597,0xa,0x1,21.7700005,26.3099709,0.0242240448,0.101549543,7.72109252e-06,30,1.10000002,1
597210100005715,130545171,2459059.9556312547,59059.451713000002,15.9141665,0.0118554141,0,zr,341.41412550000001,20.2759924,0.532999992,-0.0179999992,20200729451713,597,0xa,0x1,21.5100002,26.3119678,0.0206663311,0.0967801362,5.55707993e-06,30,1.05499995,1
597210100005715,130545265,2459059.9565688116,59059.452650500003,15.9202833,0.0118670184,0,zr,341.41412250000002,20.2760082,0.513999999,0.0390000008,20200729452650,597,0xa,0x1,21.5200005,26.3141041,0.0214298926,0.0979773402,5.98849783e-06,30,1.05700004,3
597210100005715,130640027,2459060.9042539443,59060.400277799999,15.9729424,0.0119705722,0,zr,341.41411979999998,20.276002800000001,0.714999974,-0.0270000007,20200730400278,597,0xa,0x1,21.8400002,26.3019543,0.0235241055,0.0973838568,7.19269246e-06,30,1.03400004,3
597210100005715,130641577,2459060.9197525843,59060.415775499998,15.9230804,0.0118723512,0,zr,341.41411920000002,20.275981699999999,0.874000013,0.0350000001,20200730415775,597,0xa,0x1,22.0100002,26.3049011,0.0248700492,0.0973504111,8.09566882e-06,30,1.03199995,1
597210100005715,130730501,2459061.8090420128,59061.305011600001,15.9559908,0.0119365091,0,zr,341.414107,20.2759882,0.72299999,-0.0270000007,20200731305012,597,0xa,0x1,21.1700001,26.2679348,0.0225695726,0.101937823,6.65914467e-06,30,1.24000001,1
597210100005715,130741862,2459061.9226599126,59061.418622700003,15.8904781,0.0118112937,0,zr,341.41411879999998,20.275996200000002,0.453999996,0.0219999999,20200731418600,597,0xa,0x1,21.7700005,26.2903728,0.0227210429,0.0958925858,6.72433134e-06,30,1.03299999,3
597210100005715,130846464,2459062.9687399492,59062.4646412,15.985075,0.0119953826,0,zr,341.41411570000002,20.275998300000001,0.510999978,-0.0379999988,20200801464641,597,0xa,0x1,21.5699997,26.2910938,0.0209373981,0.096445851,5.65388973e-06,30,1.09099996,3
597210100005715,130846556,2459062.9696659022,59062.4655671,15.9701004,0.0119648119,0,zr,341.41412129999998,20.276004700000001,0.529999971,-0.0149999997,20200801465567,597,0xa,0x1,21.4899998,26.2830849,0.0209830031,0.0988064036,5.67270445e-06,30,1.09300005,1
597210100005715,130935781,2459063.8619628446,59063.357812499999,15.922307,0.0118708741,0,zr,341.41412609999998,20.275996299999999,0.579999983,0.00700000022,20200802357812,597,0xa,0x1,20.6800003,26.3111534,0.0242703818,0.0989168435,7.52285951e-06,30,1.06700003,3
597210100005715,130936684,2459063.8709911648,59063.366840299997,15.9353056,0.0118958838,0,zr,341.41412350000002,20.275998300000001,0.432999998,0.0350000001,20200802366528,597,0xa,0x1,20.2900009,26.3151646,0.030377958,0.102882072,1.20375507e-05,30,1.05400002,1
597210100005715,131034940,2459064.8536162754,59064.3494097,15.9002371,0.0118293148,0,zr,341.41411570000002,20.275990799999999,0.518000007,-0.0130000003,20200803349410,597,0xa,0x1,20.1800003,26.3050194,0.028393941,0.106142297,1.04728833e-05,30,1.07700002,1
597210100005715,131043236,2459064.9365723385,59064.4323611,15.993639,0.012013115,0,zr,341.414107,20.275993100000001,0.605000019,0.0149999997,20200803432361,597,0xa,0x1,20.5699997,26.3226299,0.0232548285,0.101383112,7.00788587e-06,30,1.04900002,3
597210100005715,131138467,2459065.8889400018,59065.384675900001,15.9890709,0.0120036341,0,zr,341.41411360000001,20.275994699999998,0.384000003,-0.0209999997,20200804384676,597,0xa,0x1,20.2700005,26.2890701,0.0278952196,0.102911517,1.02114373e-05,30,1.03499997,1
597210100005715,131141767,2459065.9219395141,59065.417673600001,15.98211,0.0119892862,0,zr,341.41412559999998,20.276008099999999,0.423000008,0.0359999985,20200804417419,597,0xa,0x1,19.9400005,26.2790794,0.0319141187,0.113182455,1.33224403e-05,30,1.03799999,3
597210100005715,131141861,2459065.9228770668,59065.418611100002,15.99545,0.0120168878,0,zr,341.4141138,20.275990799999999,0.612999976,-0.0450000018,20200804418611,597,0xa,0x1,20.1599998,26.2864456,0.0276563093,0.10935609,1.00413081e-05,30,1.03900003,1
597210100005715,131244415,2459066.9484767779,59066.444155099998,15.9214745,0.0118692871,0,zr,341.41411499999998,20.275995699999999,0.703000009,-0.00700000022,20200805444155,597,0xa,0x1,20.5799999,26.3183193,0.0250428747,0.102142967,8.21159574e-06,30,1.07299995,3
597210100005715,131342039,2459067.9247670812,59067.420393499997,15.939395,0.0119038364,0,zr,341.41410660000003,20.2759854,0.788999975,-0.0219999999,20200806420394,597,0xa,0x1,20.8299999,26.3143215,0.0223925747,0.105040938,6.55599024e-06,30,1.04499996,3
597210100005715,131438603,2459068.8904539063,59068.386030100002,15.9314775,0.011888477,0,zr,341.41409479999999,20.276000400000001,1.12600005,0.0949999988,20200807385984,597,0xa,0x1,20.9400005,26.3243294,0.0248946957,0.102802753,8.1219514e-06,30,1.03199995,1
597210100005715,131438696,2459068.8913914543,59068.386967600003,15.9349346,0.0118951648,0,zr,341.41410159999998,20.275995600000002,0.492000014,0.0299999993,20200807386968,597,0xa,0x1,21.1100006,26.3187943,0.0228526164,0.101958096,6.84378028e-06,30,1.03199995,3
597210100005715,131540636,2459069.9108413598,59069.406365700001,15.8920507,0.0118141845,0,zr,341.41411049999999,20.275985800000001,0.601000011,0.00800000038,20200808406366,597,0xa,0x1,21.3199997,26.3278027,0.0235077217,0.0980064347,7.27181305e-06,30,1.03799999,3
597210100005715,131545711,2459069.961596291,59069.457118099999,15.9634924,0.0119514978,0,zr,341.41411740000001,20.2759848,0.740999997,0.0109999999,20200808457118,597,0xa,0x1,21.2299995,26.3093262,0.0225089788,0.102424242,6.60042269e-06,30,1.11899996,1
597210100005715,131733685,2459071.8414221881,59071.3368519,15.9000788,0.0118290195,0,zr,341.41410639999998,20.275984900000001,1.26999998,0.0179999992,20200810336852,597,0xa,0x1,21.2800007,26.3069916,0.0206735134,0.104431361,5.63591266e-06,30,1.06599998,3
597210100005715,131733778,2459071.8423597324,59071.3377894,15.9057398,0.0118395723,0,zr,341.41411720000002,20.275999500000001,0.801999986,-0.0240000002,20200810337789,597,0xa,0x1,21.2600002,26.3056602,0.0209699031,0.102960832,5.76991351e-06,30,1.06400001,1
597210100005715,131738935,2459071.8939247066,59071.389351899998,15.9378023,0.0119007351,0,zr,341.4141047,20.275998099999999,0.5,0.0410000011,20200810389352,597,0xa,0x1,21.4799995,26.3206844,0.0216597263,0.0965622887,6.12837357e-06,30,1.03299999,1
597210100005715,131832958,2459072.8342004535,59072.329583300001,15.8956223,0.0118207671,0,zr,341.41411790000001,20.2759973,0.799000025,0.0399999991,20200811329583,597,0xa,0x1,21.5100002,26.2773838,0.0210003201,0.100646637,5.76195225e-06,30,1.07299995,3
597210100005715,131944244,2459073.9471103153,59073.4424421,15.9189091,0.0118644023,0,zr,341.4141065,20.275993799999998,0.995999992,0.00499999989,20200812442442,597,0xa,0x1,21.4799995,26.2957783,0.0217116531,0.0974736288,6.12695749e-06,30,1.10899997,3
597210100005715,132131538,2459075.82013248,59075.3153819,15.9844465,0.0119940899,0,zr,341.41410300000001,20.2759942,1.05700004,0,20200814315370,597,0xa,0x1,21.7299995,26.2244148,0.0237442646,0.0954064354,7.33913794e-06,30,1.08500004,1
597210100005715,132132863,2459075.8333854522,59075.3286343,16.0078812,0.0120430095,0,zr,341.41411520000003,20.275987700000002,1.10399997,-0.075000003,20200814328634,597,0xa,0x1,21.7000008,26.2259083,0.0222118068,0.0927310064,6.36916502e-06,30,1.06200004,3
597210100005715,132235745,2459076.862248146,59076.357453700002,15.9357128,0.0118966745,0,zr,341.41411540000001,20.275995699999999,0.398000002,-0.0130000003,20200815357407,597,0xa,0x1,21.5499992,26.1175709,0.0240721405,0.0981048122,7.51414791e-06,30,1.03400004,3
597210100005715,132430662,2459078.8114930042,59078.306620399999,15.9492073,0.0119230757,0,zr,341.41410960000002,20.275987700000002,0.950999975,-0.0759999976,20200817306620,597,0xa,0x1,21.5200005,26.2331429,0.0222245734,0.096748367,6.48399327e-06,30,1.08599997,1
597210100005715,132433701,2459078.8418876934,59078.337013900004,15.9068079,0.01184157,0,zr,341.41411310000001,20.275986899999999,0.588999987,0.00600000005,20200817337014,597,0xa,0x1,21.7099991,26.2296219,0.0228435211,0.100764632,6.79178947e-06,30,1.04299998,1
597210100005715,132433795,2459078.8428252302,59078.337951399997,15.8977137,0.0118246339,0,zr,341.4141128,20.275987700000002,0.499000013,0.0219999999,20200817337951,597,0xa,0x1,21.4899998,26.2345085,0.0216874778,0.102906562,6.13775637e-06,30,1.04200006,3
597210100005715,132535846,2459079.8633732852,59079.3584606,15.9389334,0.0119029377,0,zr,341.41411599999998,20.2759836,0.671999991,0.00600000005,20200818358461,597,0xa,0x1,21.7999992,26.2288227,0.0256854892,0.0909919217,8.52465655e-06,30,1.03199995,3
597210100005715,132537131,2459079.8762325649,59079.371319400001,15.9676151,0.0119597949,0,zr,341.4141181,20.275999200000001,0.707000017,0.0340000018,20200818371319,597,0xa,0x1,21.6700001,26.2135773,0.0236156527,0.0976881832,7.24452821e-06,30,1.03400004,1
597210100005715,132632745,2459080.8324019611,59080.327453700003,15.9275236,0.0118808635,0,zr,341.41411069999998,20.2759964,0.616999984,-0.0109999999,20200819327454,597,0xa,0x1,21.4300003,26.172411,0.0213705581,0.102808207,5.99506711e-06,30,1.046,1
597210100005715,132637181,2459080.8767669639,59080.3718171,15.9594612,0.0119434278,0,zr,341.41411090000003,20.275988999999999,0.634000003,0.0810000002,20200819371817,597,0xa,0x1,21.5499992,26.1773949,0.0222032759,0.0955319703,6.33899208e-06,30,1.03499997,3
597210100005715,132737253,2459081.8775198963,59081.3725347,15.9715357,0.0119677177,0,zr,341.41411349999998,20.275989599999999,0.842999995,0.0250000004,20200820372535,597,0xa,0x1,21.6599998,26.1644955,0.0237874258,0.101350673,7.39295865e-06,30,1.03699994,1
597210100005715,132737923,2459081.8842215268,59081.379236100001,15.9765835,0.0119779808,0,zr,341.41411549999998,20.275998099999999,0.941999972,-0.023,20200820379190,597,0xa,0x1,21.4400005,26.139555,0.022770403,0.101457611,6.75072533e-06,30,1.04200006,1
597210100005715,132738017,2459081.885159059,59081.380173600002,15.9734411,0.0119715864,0,zr,341.41412279999997,20.276000499999999,0.328999996,0.00100000005,20200820380174,597,0xa,0x1,21.5200005,26.1364059,0.0222585443,0.10251338,6.48192326e-06,30,1.04299998,3
597210100005715,132826601,2459082.7710340428,59082.266018499999,15.9080353,0.0118438695,0,zr,341.41410100000002,20.2759863,1.04299998,-0.0399999991,20200821266018,597,0xa,0x1,21.1100006,26.0639477,0.0253043734,0.104548864,8.41198198e-06,30,1.16600001,3
597210100005715,133030807,2459084.8131595049,59084.3080787,16.0027237,0.012032127,0,zr,341.41411340000002,20.275991600000001,0.845000029,-0.0140000004,20200823308079,597,0xa,0x1,21.6599998,26.1767254,0.0237890482,0.0958768502,7.38311837e-06,30,1.05599999,1
597210100005715,133030901,2459084.8140970329,59084.309016200001,15.9721537,0.0119689722,0,zr,341.41411490000002,20.2760018,0.405000001,-0.0209999997,20200823309016,597,0xa,0x1,21.6399994,26.1820946,0.0219583157,0.098086901,6.26100609e-06,30,1.05499995,3
597210100005715,133231835,2459086.8234957843,59086.3183565,15.9082899,0.0118443482,0,zr,341.4141151,20.275992200000001,0.856000006,0.0960000008,20200825318345,597,0xa,0x1,21.6200008,26.2521,0.0218403805,0.0994720683,6.13480734e-06,30,1.03999996,3
597210100005715,133233249,2459086.8376396778,59086.332499999997,15.8913231,0.0118128443,0,zr,341.41411579999999,20.275988300000002,0.587000012,0,20200825332500,597,0xa,0x1,21.75,26.2651062,0.0237313285,0.0954518169,7.33055549e-06,30,1.03299999,1
597210100005715,133328341,2459087.788579701,59087.283414400001,15.9103584,0.0118482336,0,zr,341.41410969999998,20.275989899999999,0.529999971,-0,20200826283414,597,0xa,0x1,21.3999996,26.1472282,0.022173997,0.100001097,6.45144564e-06,30,1.08299994,1
597210100005715,133336993,2459087.8750981805,59087.369930599998,15.9643011,0.0119531238,0,zr,341.41411749999997,20.275981000000002,0.493999988,0.0140000004,20200826369931,597,0xa,0x1,21.6200008,26.1752014,0.0247200392,0.098695308,8.00122143e-06,30,1.04900002,3
597210100005715,133337086,2459087.8760357038,59087.370868099999,15.9892941,0.0120040961,0,zr,341.4141166,20.2759979,0.842999995,-0.0399999991,20200826370868,597,0xa,0x1,21.6100006,26.1652508,0.0247438606,0.100138724,8.03163766e-06,30,1.04999995,1
597210100005715,133435954,2459088.8647413617,59088.359548599998,15.9752789,0.0119753219,0,zr,341.4141085,20.275989899999999,0.787,0.0209999997,20200827359549,597,0xa,0x1,21.6100006,26.1499557,0.0242071133,0.0975770503,7.68562404e-06,30,1.04200006,3
597210100005715,133543474,2459089.9399638874,59089.434745400002,15.9251862,0.011876381,0,zr,341.41411529999999,20.275997100000001,0.621999979,-0.0199999996,20200828434745,597,0xa,0x1,21.4200001,26.1806412,0.021245623,0.0975159928,5.87049499e-06,30,1.23300004,3
597210100005715,133645526,2459090.9605075731,59090.455266199999,15.9741354,0.0119729964,0,zr,341.41412100000002,20.276004100000002,0.698000014,-0.00300000003,20200829455266,597,0xa,0x1,21.5100002,26.2334023,0.0215461999,0.100222975,6.00264957e-06,30,1.36000001,1
597210100005715,133645620,2459090.9614450927,59090.4562037,15.9801064,0.011985179,0,zr,341.41411829999998,20.275998000000001,0.36500001,-0.0209999997,20200829456204,597,0xa,0x1,21.5699997,26.2313938,0.0218772348,0.0999312624,6.15145336e-06,30,1.36600006,3
597210100005715,133747072,2459091.9759918461,59091.470729200002,15.9745169,0.0119737722,0,zr,341.41411199999999,20.2759939,0.707000017,0.0359999985,20200830470729,597,0xa,0x1,21.6599998,26.2802238,0.0217780862,0.0999931544,6.13022894e-06,30,1.49699998,3
597210100005715,133935310,2459093.8584000948,59093.3531019,15.9504871,0.0119256023,0,zr,341.414109,20.276002099999999,0.754999995,-0.0340000018,20200901353102,597,0xa,0x1,20.2600002,26.2928886,0.0292181931,0.104079135,1.09758939e-05,30,1.04900002,3
597210100005715,134032423,2459094.8295505708,59094.324236100001,15.9722099,0.0119690867,0,zr,341.41411490000002,20.276008600000001,0.282999992,-0.023,20200902324225,597,0xa,0x1,19.6599998,26.2070332,0.0408667549,0.11622306,2.30257301e-05,30,1.03199995,1
597210100005715,134032517,2459094.8304880862,59094.325173600002,15.9296646,0.0118849808,0,zr,341.41411319999997,20.275993799999998,0.936999977,-0.00200000009,20200902325162,597,0xa,0x1,19.7299995,26.2193928,0.0438283347,0.106572084,2.68652548e-05,30,1.03199995,3
597210100005715,134040903,2459094.9143551993,59094.409039400001,15.9939032,0.0120136654,0,zr,341.41411410000001,20.275994099999998,1.023,0.00300000003,20200902409039,597,0xa,0x1,19.7099991,26.2131042,0.0375435166,0.0976707637,1.88616505e-05,30,1.18299997,1
597210100005715,134138072,2459095.8860597829,59095.380729199998,15.9622812,0.0119490689,0,zr,341.41412439999999,20.275995699999999,0.779999971,-0.023,20200903380718,597,0xa,0x1,20.1900005,26.2525978,0.0298462529,0.110728472,1.14944069e-05,30,1.10500002,3
597210100005715,134229087,2459096.7962227603,59096.290879599997,15.9382429,0.011901591,0,zr,341.41411260000001,20.276004799999999,0.658999979,0.0240000002,20200904290880,597,0xa,0x1,20.6700001,26.2827263,0.0258674789,0.104036406,8.59971715e-06,30,1.03999996,2
597210100005715,134236496,2459096.8703094241,59096.364965300003,15.9365673,0.0118983341,0,zr,341.41412050000002,20.275992200000001,0.550999999,0.0460000001,20200904364965,597,0xa,0x1,20.6800003,26.2755909,0.0251346715,0.103394344,8.01714214e-06,30,1.07799995,1
597210100005715,134326813,2459097.7734918795,59097.268136600003,15.9628325,0.0119501743,0,zr,341.41412209999999,20.275995699999999,0.414000005,0.00400000019,20200905268137,597,0xa,0x1,20.5900002,26.2535896,0.0255061388,0.105067842,8.34158072e-06,30,1.06200004,2
597210100005715,134328799,2459097.7933532172,59097.287997699998,15.971487,0.0119676217,0,zr,341.41411540000001,20.275994399999998,0.162,0.0120000001,20200905287998,597,0xa,0x1,20.4899998,26.2681599,0.0248391684,0.105593726,7.98870951e-06,30,1.03999996,1
597210100005715,134328893,2459097.7942907279,59097.288935199998,15.9888449,0.0120031647,0,zr,341.41412209999999,20.276001900000001,0.680999994,0.0469999984,20200905288935,597,0xa,0x1,20.5400009,26.2675552,0.0243248697,0.10750436,7.61124556e-06,30,1.03999996,3
597210100005715,134346171,2459097.967070445,59097.461712999997,15.9842901,0.0119937677,0,zr,341.41412960000002,20.276005999999999,0.86500001,0.0199999996,20200905461713,597,0xa,0x1,20.1499996,26.2157516,0.0314997248,0.11001654,1.28206675e-05,30,1.56599998,2
597210100005715,134429501,2459098.800378094,59098.295011599999,15.9815712,0.0119881816,0,zr,341.41412300000002,20.2760037,0.855000019,0.0240000002,20200906295012,597,0xa,0x1,20.7800007,26.269371,0.0229625646,0.107652672,6.81168876e-06,30,1.03400004,2
597210100005715,134431680,2459098.8221723163,59098.316805599999,15.9495249,0.0119237006,0,zr,341.41411579999999,20.275995600000002,0.584999979,0.0149999997,20200906316794,597,0xa,0x1,20.7700005,26.2599087,0.0235933252,0.108533248,7.21001561e-06,30,1.03299999,3
597210100005715,134435721,2459098.8625777168,59098.357210599999,15.9081726,0.0118441293,0,zr,341.41411749999997,20.275990199999999,0.667999983,0.0450000018,20200906357211,597,0xa,0x1,20.7999992,26.2586212,0.0239852592,0.102245539,7.44013141e-06,30,1.074,1
597210100005715,134521542,2459099.7208033679,59099.215428199997,15.9399414,0.0119049,0,zr,341.41411069999998,20.275996599999999,0.66900003,0.0260000005,20200907215417,597,0xa,0x1,21.1499996,26.1992664,0.0236088578,0.104251422,7.21200922e-06,30,1.18099999,2
597210100005715,134531086,2459099.8162441319,59099.310868100001,15.9439974,0.011912833,0,zr,341.41411640000001,20.275993,0.58099997,0.0320000015,20200907310868,597,0xa,0x1,21.0300007,26.2474079,0.0237572454,0.101757035,7.22835603e-06,30,1.03199995,3
597210100005715,134532525,2459099.8306307546,59099.3252546,15.9143801,0.0118558174,0,zr,341.4141171,20.275997100000001,0.291000009,0.00999999978,20200907325255,597,0xa,0x1,21.0599995,26.2366676,0.0233775396,0.107539691,7.06283754e-06,30,1.03799999,1
597210100005715,135222346,2459106.7288601738,59106.223460599998,15.955224,0.0119349863,0,zr,341.4141194,20.276001399999998,0.505999982,0.0109999999,20200914223461,597,0xa,0x1,21.0200005,25.79883,0.0249196179,0.116252221,8.04523734e-06,30,1.10000002,2
597210100005715,135234209,2459106.847494253,59106.342094899999,15.8795242,0.0117913261,0,zr,341.41412769999999,20.275991300000001,1.18099999,0.0240000002,20200914342095,597,0xa,0x1,21.2800007,25.8358955,0.0267687943,0.109989509,9.22026629e-06,30,1.08599997,2
597210100005715,135235295,2459106.8583507263,59106.352951399997,15.8878431,0.0118064666,0,zr,341.41412079999998,20.275984900000001,0.870999992,0.0370000005,20200914352940,597,0xa,0x1,21.2999992,25.8341217,0.0249666218,0.110090144,8.10750771e-06,30,1.11099994,1
597210100005715,135235387,2459106.8592766239,59106.353877299996,15.8992319,0.0118274493,0,zr,341.4141171,20.275987600000001,0.398000002,0.00600000005,20200914353877,597,0xa,0x1,21.2399998,25.8185349,0.0250769965,0.110289052,8.13566839e-06,30,1.11300004,3
597210100005715,135325425,2459107.7596561788,59107.254259300003,15.9882975,0.0120020332,0,zr,341.41411590000001,20.2760091,0.638999999,0.0120000001,20200915254248,597,0xa,0x1,21.3899994,25.9036808,0.028597476,0.104419731,1.04369519e-05,30,1.046,2
597210100005715,135327680,2459107.7822024054,59107.276805599999,15.9481621,0.0119210146,0,zr,341.4141194,20.276006899999999,0.34799999,-0.0170000009,20200915276806,597,0xa,0x1,21.2299995,25.9183483,0.0253850278,0.105650514,8.26998439e-06,30,1.03199995,3
597210100005715,135329766,2459107.8030587332,59107.297661999997,15.91008,0.0118477121,0,zr,341.41412300000002,20.276011,0.609000027,0.0419999994,20200915297650,597,0xa,0x1,21.3600006,25.906208,0.0270534176,0.105989583,9.36113065e-06,30,1.03499997,2
597210100005715,135438249,2459108.8878920246,59108.3825,15.9733572,0.0119714132,0,zr,341.41411090000003,20.275994600000001,0.194000006,-0.00700000022,20200916382500,597,0xa,0x1,21.2199993,25.991787,0.0234439578,0.107957646,7.06789478e-06,30,1.23099995,2
597210100005715,135523553,2459109.7409195122,59109.235532400002,15.9145966,0.0118562263,0,zr,341.41411890000001,20.275996800000001,0.224000007,0.0149999997,20200917235532,597,0xa,0x1,21.3099995,26.0985565,0.0224327855,0.104003482,6.3906773e-06,30,1.06200004,1
597210100005715,135523646,2459109.7418570067,59109.236469900003,15.9106674,0.0118488148,0,zr,341.41412509999998,20.275993199999998,0.646000028,0.0610000007,20200917236458,597,0xa,0x1,21.3600006,26.0976295,0.0225576479,0.105708636,6.4519586e-06,30,1.06099999,3
597210100005715,135523739,2459109.742782901,59109.237395800003,15.9286766,0.0118830809,0,zr,341.4141214,20.275989800000001,0.423000008,-0.00200000009,20200917237396,597,0xa,0x1,21.5100002,26.0976887,0.0230900012,0.104426272,6.75357433e-06,30,1.05900002,2
597210100005715,135537997,2459109.8853630372,59109.379976900003,15.9739027,0.0119725233,0,zr,341.414131,20.2760566,0.822000027,-0.0219999999,20200917379850,597,0xa,0x1,20.1599998,25.8123932,0.037278939,0.121190071,1.79347062e-05,30,1.23199999,2
597210100005715,135623249,2459110.7378799301,59110.232499999998,15.9079084,0.0118436329,0,zr,341.41412600000001,20.2759918,0.540000021,-0.00999999978,20200918232500,597,0xa,0x1,20.7999992,25.749773,0.026599342,0.116750464,9.00649411e-06,30,1.06299996,2
597210100005715,135625799,2459110.7633774332,59110.257997699999,15.9298496,0.0118853403,0,zr,341.41411749999997,20.275995200000001,0.797999978,0.0320000015,20200918257998,597,0xa,0x1,20.8999996,25.8491535,0.0265045948,0.113912642,8.92147273e-06,30,1.03699994,3
597210100005715,135628199,2459110.7873702426,59110.281990700001,15.9721127,0.0119688874,0,zr,341.41411770000002,20.275993499999998,0.711000025,0.0240000002,20200918281991,597,0xa,0x1,21.0499992,25.9964008,0.0223351642,0.110288449,6.3844559e-06,30,1.03199995,2
597210100005715,135628818,2459110.7935623922,59110.288182900003,15.9704561,0.0119655337,0,zr,341.41412220000001,20.2760067,0.94599998,-0.00200000009,20200918288183,597,0xa,0x1,20.9799995,25.8889923,0.0293765943,0.10576798,1.10740175e-05,30,1.03499997,1
597210100005715,135727046,2459111.7758338475,59111.270463000001,15.9683676,0.011961312,0,zr,341.4141204,20.2759997,0.964999974,0.00200000009,20200919270463,597,0xa,0x1,21.5699997,26.1693401,0.0227762125,0.100493349,6.68912344e-06,30,1.03199995,3
597210100005715,135740646,2459111.9118393748,59111.406469900001,15.9402351,0.0119054765,0,zr,341.41411840000001,20.275993700000001,1.05700004,-0.0299999993,20200919406470,597,0xa,0x1,21.1299992,26.1377716,0.0241380036,0.104645647,7.57761791e-06,30,1.41900003,2
597210100005715,135819049,2459112.69585909,59112.190497700001,15.9118757,0.01185109,0,zr,341.41411160000001,20.2759863,0.778999984,-0.0299999993,20200920190498,597,0xa,0x1,21.6399994,26.2495174,0.0221901797,0.0983419344,6.35560127e-06,30,1.14499998,3
597210100005715,135820322,2459112.7085904568,59112.2032292,15.9103632,0.011848242,0,zr,341.41411149999999,20.276003899999999,0.788999975,-0.00400000019,20200920203218,597,0xa,0x1,21.5499992,26.2670727,0.0212552566,0.0958868414,5.79540756e-06,30,1.10899997,2
597210100005715,135820415,2459112.7095163479,59112.2041551,15.9101591,0.0118478592,0,zr,341.41411419999997,20.275992800000001,0.38499999,-0.0219999999,20200920204155,597,0xa,0x1,21.5499992,26.2638588,0.0213988461,0.099731952,5.90149421e-06,30,1.10699999,1
597210100005715,135835835,2459112.8637160305,59112.358356500001,15.9313345,0.0118882013,0,zr,341.4141133,20.275988000000002,1.62300003,-0.074000001,20200920358356,597,0xa,0x1,21.7399998,26.2782555,0.0236880966,0.0996678323,7.18764613e-06,30,1.17700005,2
597210100005715,135925503,2459113.7603835952,59113.2550347,15.9727907,0.0119702648,0,zr,341.4141224,20.275980400000002,0.939999998,0.0270000007,20200921255035,597,0xa,0x1,21.6399994,26.2253513,0.0236889832,0.101205975,7.19155059e-06,30,1.03400004,3
597210100005715,135925597,2459113.7613210827,59113.255972200001,15.9833155,0.0119917626,0,zr,341.41411570000002,20.2760006,0.558000028,-0.0299999993,20200921255961,597,0xa,0x1,21.6100006,26.2219524,0.0228255093,0.09889476,6.62433331e-06,30,1.03400004,2
597210100005715,135927307,2459113.7784273685,59113.273078699996,15.9596357,0.0119437762,0,zr,341.41411570000002,20.275998000000001,0.693000019,0.0480000004,20200921273079,597,0xa,0x1,21.7000008,26.2227802,0.0235846192,0.100901395,7.04648437e-06,30,1.03199995,1
597210100005715,135929737,2459113.8027210599,59113.297372699999,15.9332409,0.0118918838,0,zr,341.4141229,20.275990199999999,0.579999983,-0.0149999997,20200921297303,597,0xa,0x1,21.5400009,26.2155018,0.0229929928,0.0986960903,6.74866351e-06,30,1.04700005,2
597210100005715,136029456,2459114.7998952069,59114.294560200004,15.9098454,0.0118472707,0,zr,341.41410910000002,20.275986199999998,1.08099997,-0.0500000007,20200922294537,597,0xa,0x1,21.6800003,26.2227669,0.0219434928,0.0941369757,6.37262292e-06,30,1.04700005,3
597210100005715,136029548,2459114.8008210934,59114.295486100003,15.915925,0.0118587408,0,zr,341.41411729999999,20.275992800000001,0.708999991,-0.00200000009,20200922295486,597,0xa,0x1,21.7700005,26.2188759,0.0235649198,0.0964096561,7.33226898e-06,30,1.04799998,2
597210100005715,136040693,2459114.9122662419,59114.406932899998,15.9829893,0.0119910911,0,zr,341.41411540000001,20.276000100000001,0.609000027,-0.0399999991,20200922406933,597,0xa,0x1,21.3299999,26.1280098,0.0224533994,0.102956869,6.63714991e-06,30,1.48899996,2
597210100005715,136129146,2459115.7967900541,59115.291469900003,15.9102354,0.0118480017,0,zr,341.41411620000002,20.2759903,0.335999995,-0.0209999997,20200923291470,597,0xa,0x1,21.7299995,26.2750244,0.0234535579,0.0954845026,7.24899928e-06,30,1.04700005,1
597210100005715,136129946,2459115.804787627,59115.299467600002,15.9210367,0.0118684517,0,zr,341.4141108,20.275996899999999,0.598999977,-0.0260000005,20200923299456,597,0xa,0x1,21.5599995,26.2678604,0.0214826819,0.0959029496,6.07605079e-06,30,1.05599999,2
597210100005715,136132453,2459115.8298566262,59115.324537,15.9527302,0.0119300382,0,zr,341.41412780000002,20.2759812,0.878000021,0.0320000015,20200923324537,597,0xa,0x1,21.4599991,26.2647057,0.0215072948,0.0988486931,6.08851087e-06,30,1.102,1
597210100005715,136231925,2459116.8245625631,59116.319259299999,15.9904451,0.0120064812,0,zr,341.41411920000002,20.276007100000001,0.633000016,0.0270000007,20200924319259,597,0xa,0x1,21.7800007,26.2674618,0.0254925229,0.0980209485,8.40724806e-06,30,1.09599996,3
597210100005715,136233814,2459116.8434510296,59116.338148100003,15.9554939,0.0119355246,0,zr,341.4141161,20.2759827,0.783999979,-0.00499999989,20200924337940,597,0xa,0x1,21.7399998,26.2603703,0.0263695158,0.103757463,9.02431293e-06,30,1.14600003,2
597210100005715,136240260,2459116.9079059674,59116.402604199997,15.877388,0.0117874648,0,zr,341.41412380000003,20.2759897,0.228,-0.00700000022,20200924402292,597,0xa,0x1,21.5100002,26.2251053,0.0220449138,0.104930215,6.31308649e-06,30,1.49800003,2
597210100005715,136314438,2459117.6496751239,59117.144386599997,15.9664974,0.0119575392,0,zr,341.41412300000002,20.276001600000001,0.915000021,0.101000004,20200925144352,597,0xa,0x1,21.0300007,26.2364197,0.0238097571,0.106332839,7.39620646e-06,30,1.278,2
597210100005715,136334937,2459117.8546597348,59117.349374999998,15.9670486,0.0119586503,0,zr,341.41411620000002,20.2759848,0.708000004,-0.0579999983,20200925349375,597,0xa,0x1,21.6299992,26.2699337,0.0216068197,0.100158721,6.1050232e-06,30,1.19500005,3
597210100005715,136335741,2459117.8627035781,59117.357419,15.9527559,0.0119300913,0,zr,341.4141161,20.276003500000002,1.02100003,-0.0199999996,20200925357384,597,0xa,0x1,21.6000004,26.2656364,0.020184787,0.10000883,5.37292544e-06,30,1.22899997,2
597210100005715,136421096,2459118.7162286518,59118.210960600001,15.8969641,0.0118232463,0,zr,341.41410910000002,20.276002999999999,0.661000013,0.0390000008,20200926210961,597,0xa,0x1,21.1900005,26.2979107,0.023213068,0.10438922,6.96131065e-06,30,1.06200004,2
597210100005715,136424834,2459118.7536122105,59118.248344899999,15.96031,0.0119451247,0,zr,341.41411290000002,20.275994300000001,0.873000026,-0,20200926248345,597,0xa,0x1,21.3899994,26.3032169,0.0262595341,0.105641,8.94132518e-06,30,1.03199995,1
597210100005715,136432181,2459118.8270829162,59118.321817099997,15.9410362,0.0119070392,0,zr,341.4141085,20.275981900000001,1.46200001,0.0160000008,20200926321806,597,0xa,0x1,21.4300003,26.2999115,0.0233964901,0.105839685,7.1300301e-06,30,1.11500001,2
597210100005715,136432414,2459118.8294092687,59118.324143500002,15.9271193,0.0118800867,0,zr,341.41412509999998,20.275981600000001,0.801999986,0.0370000005,20200926324144,597,0xa,0x1,21.4599991,26.2979641,0.0249065012,0.101926349,8.04975298e-06,30,1.12100005,3
597210100005715,136514910,2459119.6543573737,59119.149108799997,15.9325857,0.0118906191,0,zr,341.41411360000001,20.2759927,0.822000027,0.00800000038,20200927149074,597,0xa,0x1,20.7900009,26.2595387,0.0243655778,0.108246513,7.65064578e-06,30,1.22800004,2
597210100005715,136538660,2459119.8918522233,59119.3866088,15.9750223,0.0119748004,0,zr,341.41412330000003,20.276003200000002,0.451999992,-0.0240000002,20200927386609,597,0xa,0x1,20.1100006,25.833952,0.0357228108,0.106992453,1.67003454e-05,30,1.43400002,2
597210100005715,136619094,2459120.6961745741,59120.190949099997,15.9309521,0.0118874628,0,zr,341.41411210000001,20.276001000000001,0.250999987,0.00499999989,20200928190938,597,0xa,0x1,20.5699997,26.2778244,0.0262323823,0.108621523,8.91709442e-06,30,1.08800006,2
597210100005715,136714915,2459121.6543578636,59121.1491551,15.920742,0.0118678929,0,zr,341.41411749999997,20.275987799999999,0.430000007,-0.00700000022,20200929149155,597,0xa,0x1,20.4899998,26.2476215,0.0303077195,0.107666053,1.18408143e-05,30,1.20500004,2
597210100005715,136719583,2459121.7010349496,59121.1958333,16.0049095,0.0120367296,0,zr,341.41410680000001,20.2759958,0.726000011,-0.0160000008,20200929195833,597,0xa,0x1,20.6700001,26.2809162,0.0285458416,0.10109672,1.06717216e-05,30,1.07299995,3
597210100005715,136744434,2459121.9495357126,59121.444340299997,15.9285498,0.011882836,0,zr,341.41414579999997,20.2760091,0.407999992,0.0189999994,20200929444340,597,0xa,0x1,19.7099991,26.1194973,0.0367486179,0.115259148,1.81626492e-05,30,2.34299994,2
597210100005715,136819089,2459122.6960677896,59122.1908912,15.9822788,0.0119896317,0,zr,341.4141242,20.275990100000001,0.792999983,-0.00300000003,20200930190891,597,0xa,0x1,20.1900005,26.227726,0.0330005363,0.104077622,1.38703444e-05,30,1.07700002,2
597210100005715,136821056,2459122.7157431855,59122.210567100003,15.9856586,0.0119965868,0,zr,341.41411010000002,20.2759933,0.941999972,-0.0309999995,20200930210567,597,0xa,0x1,20.2099991,26.2423458,0.0313722678,0.109360509,1.26896048e-05,30,1.04900002,2
597210100005715,136929483,2459123.7999850903,59123.294838000002,15.9595079,0.0119435219,0,zr,341.41411859999999,20.275986400000001,0.528999984,-0.0179999992,20201001294838,597,0xa,0x1,19.8600006,26.2428303,0.0333106816,0.102866367,1.4456843e-05,30,1.08500004,1
597210100005715,136933512,2459123.8402732587,59123.335127300001,16.0009613,0.0120284203,0,zr,341.41411369999997,20.2759863,0.273000002,0.0280000009,20201001335127,597,0xa,0x1,19.7700005,26.2567196,0.0333610997,0.0950753763,1.44812566e-05,30,1.204,2
597210100005715,137024398,2459124.7491018125,59124.243981500003,15.9261293,0.0118781887,0,zr,341.41412709999997,20.2760073,0.312999994,0.00400000019,20201002243981,597,0xa,0x1,20.4899998,26.2631416,0.0300534032,0.108180054,1.18707476e-05,30,1.03299999,3
597210100005715,137029329,2459124.7984174751,59124.293298600001,15.9826136,0.011990319,0,zr,341.41411920000002,20.275984600000001,0.486999989,-0.0189999994,20201002293206,597,0xa,0x1,20.2999992,26.2704296,0.0287199281,0.100166917,1.06592888e-05,30,1.08700001,1
597210100005715,137042163,2459124.9267469416,59124.421631899997,15.9492407,0.0119231408,0,zr,341.41410389999999,20.2759842,0.50999999,0.0219999999,20201002421620,597,0xa,0x1,19.8099995,26.2032108,0.0346572176,0.10651315,1.58538624e-05,30,2.0250001,2
597210100005715,137110157,2459125.6066690148,59125.101574100001,15.9873495,0.0120000746,0,zr,341.41410669999999,20.275972599999999,0.746999979,-0.00200000009,20201003101574,597,0xa,0x1,20.4899998,26.2202816,0.0294467676,0.11441803,1.12302569e-05,30,1.40799999,2
597210100005715,137129519,2459125.8002859047,59125.295196799998,15.9532852,0.01193114,0,zr,341.41411540000001,20.275991600000001,0.620000005,0.0549999997,20201003295197,597,0xa,0x1,20.7700005,26.282362,0.0262658484,0.104081035,9.12471933e-06,30,1.097,3
597210100005715,137130751,2459125.8126003244,59125.307511600004,15.9914856,0.0120086409,0,zr,341.41411870000002,20.275996899999999,0.52700001,-0.0439999998,20201003307512,597,0xa,0x1,20.6800003,26.2867279,0.024918016,0.102611542,8.07826109e-06,30,1.12800002,1
597210100005715,137230350,2459126.8085645754,59126.303506900003,15.9506664,0.0119259553,0,zr,341.41411570000002,20.2759973,0.566999972,-0.0209999997,20201004303507,597,0xa,0x1,20.8299999,26.256094,0.0256090574,0.105501965,8.87142141e-06,30,1.12399995,3
597210100005715,137236782,2459126.8728796761,59126.367824100002,15.9438715,0.0119125843,0,zr,341.41412609999998,20.275996800000001,0.647000015,-0.0460000001,20201004367824,597,0xa,0x1,20.4500008,26.2258625,0.0249175616,0.10808292,8.37929019e-06,30,1.43700004,1
597210100005715,137338261,2459127.8876380622,59127.3826157,15.9674406,0.0119594401,0,zr,341.41412159999999,20.275994099999998,0.84799999,-0.0590000004,20201005382616,597,0xa,0x1,19.7999992,25.7025986,0.0364052951,0.111094154,1.85716162e-05,30,1.59399998,2
597210100005715,137423532,2459128.7403175062,59128.235324100002,15.9823742,0.0119898282,0,zr,341.41412969999999,20.276002699999999,0.785000026,0.0350000001,20201006235324,597,0xa,0x1,21.0100002,26.2189484,0.023090668,0.105035879,6.90774186e-06,30,1.03400004,2
597210100005715,137423674,2459128.7417410561,59128.236747700001,15.9898481,0.0120052425,0,zr,341.41411879999998,20.276003599999999,1.03299999,0.0520000011,20201006236736,597,0xa,0x1,21.0799999,26.2174835,0.0248121098,0.09984155,7.9843785e-06,30,1.03400004,3
597210100005715,137522333,2459129.7282917681,59129.223333299997,15.9664021,0.0119573483,0,zr,341.41411579999999,20.276003800000002,0.59799999,-0.00200000009,20201007223322,597,0xa,0x1,21.4500008,26.2740803,0.022604268,0.0989266783,6.5808058e-06,30,1.03199995,3
597210100005715,137522427,2459129.7292292342,59129.224270799998,15.9540081,0.0119325723,0,zr,341.41410930000001,20.275997100000001,0.680000007,-0.00100000005,20201007224271,597,0xa,0x1,21.2900009,26.2746677,0.0213186517,0.0986329615,5.88663443e-06,30,1.03199995,2
597210100005715,137522519,2459129.7301552012,59129.225196799998,15.9367886,0.0118987625,0,zr,341.41411590000001,20.2759857,0.393999994,0.0329999998,20201007225197,597,0xa,0x1,21.3999996,26.2744122,0.0225355234,0.0991987064,6.5193808e-06,30,1.03199995,1
597210100005715,137525370,2459129.7586610699,59129.2537037,15.9262609,0.0118784402,0,zr,341.41411240000002,20.275994300000001,0.661000013,-0.0489999987,20201007253704,597,0xa,0x1,21.2600002,26.2838535,0.0213995557,0.0987346992,5.95321944e-06,30,1.04799998,2
597210100005715,137619645,2459130.7013810012,59130.196458300001,15.9735527,0.0119718118,0,zr,341.41411240000002,20.2759973,0.58099997,-0.00400000019,20201008196458,597,0xa,0x1,21.8700008,26.2935925,0.023476107,0.0934847295,7.12222936e-06,30,1.04200006,2
597210100005715,137619740,2459130.7023300664,59130.197407400003,15.9599934,0.0119444905,0,zr,341.41412100000002,20.2759933,0.628000021,0.0780000016,20201008197407,597,0xa,0x1,21.8700008,26.299015,0.0236739926,0.0966288894,7.20073513e-06,30,1.04100001,3
597210100005715,137626633,2459130.7712510796,59130.266330999999,15.909112,0.0118458923,0,zr,341.41412730000002,20.275995000000002,1.01900005,-0.00300000003,20201008266331,597,0xa,0x1,21.2199993,26.2976398,0.0203773193,0.0965707824,5.34187166e-06,30,1.06799996,2
597210100005715,137721747,2459131.7223606459,59131.217476899998,15.9036293,0.0118356273,0,zr,341.41411369999997,20.275994600000001,0.52700001,-0.0430000015,20201009217477,597,0xa,0x1,21.4200001,26.2728539,0.020395698,0.0973701626,5.43222586e-06,30,1.03199995,2
597210100005715,137724878,2459131.7536672261,59131.248784700001,15.9237671,0.0118736643,0,zr,341.41411269999998,20.2759964,0.582000017,-0.0359999985,20201009248785,597,0xa,0x1,21.5900002,26.2638302,0.0222595986,0.0939372256,6.48710056e-06,30,1.04799998,1
597210100005715,138015266,2459134.6574256364,59134.152662,15.8958149,0.011821121,0,zr,341.41411729999999,20.276003899999999,0.303000003,0.00200000009,20201012152627,597,0xa,0x1,21.1299992,26.2711449,0.0235962272,0.100168049,7.06992205e-06,30,1.08800006,2
597210100005715,138017276,2459134.6775289802,59134.172766199998,15.911459,0.0118503049,0,zr,341.41411779999999,20.276004100000002,0.708000004,-0.0729999989,20201012172766,597,0xa,0x1,21.2299995,26.2756195,0.0219545085,0.106276877,6.15647832e-06,30,1.05499995,3
597210100005715,138018142,2459134.6861860109,59134.181423599999,15.9182606,0.0118631702,0,zr,341.41411479999999,20.275986499999998,0.640999973,0.0130000003,20201012181389,597,0xa,0x1,21.4400005,26.2813473,0.0214376114,0.0981373414,5.86866963e-06,30,1.04499996,1
597210100005715,138020650,2459134.7112659365,59134.206504599999,15.975997,0.011976785,0,zr,341.41411770000002,20.275998099999999,0.497000009,-0.00899999961,20201012206505,597,0xa,0x1,21.5599995,26.2793083,0.0228564814,0.0993711874,6.66189544e-06,30,1.03199995,2
597210100005715,138125564,2459135.7603635425,59135.255648099999,15.9574203,0.011939357,0,zr,341.41412059999999,20.276002399999999,0.476999998,-0.0320000015,20201013255637,597,0xa,0x1,21.5900002,26.2740135,0.0229234099,0.102422595,6.78038987e-06,30,1.07299995,2
597210100005715,138125658,2459135.7613010006,59135.2565856,15.922718,0.0118716592,0,zr,341.41411649999998,20.275993,0.228,0.00300000003,20201013256574,597,0xa,0x1,21.5799999,26.2782364,0.0234294944,0.100345433,7.08646758e-06,30,1.07500005,3
597210100005715,138138589,2459135.8906007446,59135.3858912,15.9964638,0.0120190056,0,zr,341.41413230000001,20.275997199999999,1.16499996,-0.0359999985,20201013385729,597,0xa,0x1,21.0900002,26.1978569,0.0208012722,0.102012724,5.64089987e-06,30,1.926,2
597210100005715,138215525,2459136.6599294981,59136.155254600002,15.9425793,0.011910053,0,zr,341.41411310000001,20.275991900000001,0.680000007,-0.0170000009,20201014155255,597,0xa,0x1,21.4200001,26.2815838,0.0214394256,0.103755414,5.91464095e-06,30,1.07299995,2
597210100005715,138219415,2459136.6988282306,59136.194155099998,15.94279,0.0119104665,0,zr,341.41411540000001,20.275991300000001,0.902999997,0.0680000037,20201014194155,597,0xa,0x1,21.6000004,26.2907715,0.0244127586,0.101865023,7.71859413e-06,30,1.03400004,3
597210100005715,138219508,2459136.6997540887,59136.195080999998,15.9832354,0.0119915986,0,zr,341.41411849999997,20.2760012,0.832000017,0.0260000005,20201014195081,597,0xa,0x1,21.7399998,26.2923126,0.0241636392,0.0984803736,7.56275222e-06,30,1.03299999,1
597210100005715,138320752,2459137.7121492028,59137.207523099998,15.9364681,0.0118981423,0,zr,341.4141204,20.275974699999999,0.864000022,0.00499999989,20201015207523,597,0xa,0x1,21.6700001,26.2443428,0.0253453813,0.100877769,8.37944845e-06,30,1.03299999,3
597210100005715,138320844,2459137.7130751587,59137.208449099999,15.9361296,0.0118974848,0,zr,341.4141138,20.275980700000002,1.09000003,0.00600000005,20201015208449,597,0xa,0x1,21.6499996,26.2320061,0.0246522706,0.0987518728,7.93495019e-06,30,1.03299999,2
597210100005715,138333763,2459137.8422588017,59137.337638899997,15.9771614,0.0119791599,0,zr,341.41411950000003,20.2760055,0.814999998,-0.00400000019,20201015337639,597,0xa,0x1,21.1700001,26.1130943,0.0246154573,0.104974426,7.94209882e-06,30,1.43599999,2
597210100005715,138413563,2459138.640218406,59138.135636600004,15.9975052,0.0120211793,0,zr,341.41411119999998,20.276001099999998,0.488999993,-0.00899999961,20201016135637,597,0xa,0x1,21.5300007,26.158577,0.0219264142,0.0978777558,6.19895354e-06,30,1.102,1
597210100005715,138414429,2459138.6488753916,59138.144293999998,15.950717,0.011926055,0,zr,341.41410860000002,20.2759824,0.894999981,0.0359999985,20201016144294,597,0xa,0x1,21.6299992,26.1966801,0.0230255667,0.0964409113,6.78398601e-06,30,1.08299994,2
597210100005715,138414521,2459138.6498012478,59138.145219899998,15.9771709,0.0119791795,0,zr,341.41411199999999,20.2759845,0.722000003,0.0160000008,20201016145220,597,0xa,0x1,21.6200008,26.1951923,0.0227895249,0.0998798609,6.70867166e-06,30,1.08099997,3
597210100005715,138430699,2459138.8115641833,59138.306990700003,15.969842,0.0119642913,0,zr,341.41410050000002,20.275995200000001,0.44600001,-0.0289999992,20201016306968,597,0xa,0x1,21.1200008,26.226799,0.0217289831,0.101620764,6.08285518e-06,30,1.26199996,2
597210100005715,138523285,2459139.7373868017,59139.232858800002,15.9521589,0.0119289085,0,zr,341.41411720000002,20.2760052,0.779999971,0.00700000022,20201017232859,597,0xa,0x1,21.7000008,26.2402821,0.0252716243,0.0916109011,8.28209613e-06,30,1.05499995,2
597210100005715,138525488,2459139.7594111981,59139.254884299997,15.9710827,0.0119668003,0,zr,341.41411210000001,20.275980400000002,0.98299998,-0.00400000019,20201017254838,597,0xa,0x1,21.6700001,26.2070389,0.0261193104,0.0998368338,8.82682889e-06,30,1.09300005,2
597210100005715,138525582,2459139.7603486516,59139.255821799998,15.9866047,0.0119985361,0,zr,341.41411779999999,20.275986199999998,0.81400001,-0.0109999999,20201017255822,597,0xa,0x1,21.6599998,26.2055931,0.0249606594,0.0990896225,8.08827645e-06,30,1.09500003,3
597210100005715,138613954,2459140.64403093,59140.139548599996,15.9161644,0.0118591953,0,zr,341.41411219999998,20.2759784,0.643999994,0.0329999998,20201018139549,597,0xa,0x1,21.6499996,26.2609787,0.023842182,0.0950519964,7.42619659e-06,30,1.08200002,2
597210100005715,138622443,2459140.7289109109,59140.224432900002,15.9651022,0.0119547332,0,zr,341.41411799999997,20.275997499999999,0.980000019,0.00400000019,20201018224433,597,0xa,0x1,21.6399994,26.269022,0.0205393359,0.0936044157,5.49987089e-06,30,1.04900002,1
597210100005715,138622538,2459140.7298598625,59140.225381900003,15.954319,0.0119331889,0,zr,341.41411909999999,20.2759845,0.229000002,-0.00499999989,20201018225382,597,0xa,0x1,21.7900009,26.2602158,0.0234143622,0.0974678546,7.1506438e-06,30,1.04999995,3
597210100005715,138625339,2459140.7578677232,59140.2533912,15.9851017,0.0119954366,0,zr,341.41412059999999,20.275994699999998,0.684000015,-0.0250000004,20201018253345,597,0xa,0x1,21.6499996,26.2549877,0.0223173779,0.0962385535,6.50569564e-06,30,1.09500003,2
597210100005715,138717260,2459141.6770332176,59141.172604200001,15.9146242,0.0118562793,0,zr,341.41411260000001,20.275987799999999,0.493000001,-0.0109999999,20201019172604,597,0xa,0x1,21.6100006,26.2465401,0.0226963386,0.100097522,6.58376393e-06,30,1.03699994,2
597210100005715,138717354,2459141.6779706688,59141.173541700002,15.9391451,0.0119033484,0,zr,341.4141209,20.276002399999999,0.499000013,-0.0149999997,20201019173542,597,0xa,0x1,21.6800003,26.2811298,0.023311954,0.0981902927,6.90338993e-06,30,1.03699994,3
597210100005715,138814138,2459142.6457666643,59142.141388900003,15.8721848,0.0117780976,0,zr,341.41411440000002,20.275980000000001,0.79400003,0.0299999993,20201020141389,597,0xa,0x1,21.7700005,26.2689762,0.0246583913,0.101549104,7.97441771e-06,30,1.06900001,2
597210100005715,138922429,2459143.7286130879,59143.224294,15.9468145,0.0119183622,0,zr,341.4141214,20.275988600000002,0.532999992,0,20201021224294,597,0xa,0x1,21.8600006,26.2940044,0.0233558789,0.0945165455,7.07463096e-06,30,1.05700004,3
597210100005715,138922521,2459143.7295389371,59143.2252199,15.9251947,0.0118763968,0,zr,341.41412409999998,20.275985500000001,0.63499999,0.0240000002,20201021225220,597,0xa,0x1,21.8600006,26.2853374,0.0239843875,0.095468536,7.45049192e-06,30,1.05900002,2
597210100005715,139020665,2459144.7109196959,59144.206655100003,15.9321823,0.0118898377,0,zr,341.41411840000001,20.275995399999999,0.550999999,-0.00899999961,20201022206655,597,0xa,0x1,21.7600002,26.1591206,0.0272975527,0.0996922031,9.70420297e-06,30,1.04100001,1
597210100005715,139020758,2459144.7118455437,59144.207581000002,15.9502459,0.0119251246,0,zr,341.4141194,20.276005600000001,0.796000004,-0.0160000008,20201022207581,597,0xa,0x1,21.6900005,26.1462231,0.0269768797,0.0976077393,9.546603e-06,30,1.04200006,3
597210100005715,139022791,2459144.7321800995,59144.227916700002,15.8717556,0.0117773274,0,zr,341.41412880000001,20.275978299999998,0.828999996,0.0489999987,20201022227917,597,0xa,0x1,21.8199997,26.2277107,0.0266697034,0.0947699547,9.2363116e-06,30,1.06700003,2
597210100005715,139116187,2459145.6660854723,59145.161874999998,15.9802532,0.0119854789,0,zr,341.41412109999999,20.276003599999999,0.393999994,-0,20201023161817,597,0xa,0x1,21.6399994,26.2973614,0.0245382581,0.0975773185,7.86041528e-06,30,1.03600001,2
597210100005715,139117194,2459145.6761542964,59145.171944399997,15.9583292,0.0119411685,0,zr,341.41410669999999,20.275995900000002,0.648999989,0.0320000015,20201023171944,597,0xa,0x1,21.6299992,26.2996616,0.0257714819,0.100108095,8.60983982e-06,30,1.03199995,3
597210100005715,139134990,2459145.8541069948,59145.349907399999,15.925971,0.0118778842,0,zr,341.41412159999999,20.2759964,0.815999985,-0.0160000008,20201023349896,597,0xa,0x1,21.4799995,26.225811,0.0220380872,0.10190393,6.35488732e-06,30,1.78900003,2
597210100005715,139211797,2459146.6221296815,59146.117974499997,15.9997873,0.0120259598,0,zr,341.41411729999999,20.275981600000001,0.621999979,0.0219999999,20201024117975,597,0xa,0x1,20.9400005,26.0139542,0.0320164599,0.0975894406,1.35842438e-05,30,1.09099996,2
597210100005715,139217031,2459146.6744646393,59146.170312499999,15.9167776,0.0118603557,0,zr,341.41411720000002,20.276000700000001,0.398999989,-0.00800000038,20201024170266,597,0xa,0x1,21.2099991,26.1821804,0.0245945361,0.101102687,7.90399099e-06,30,1.03199995,3
597210100005715,139327664,2459147.7807302135,59147.276643500001,15.969696,0.0119639952,0,zr,341.41409900000002,20.276035400000001,0.637000024,-0.0199999996,20201025276644,597,0xa,0x1,19.8199997,26.1799107,0.0376774594,0.107104771,1.95565935e-05,30,1.23300004,3
597210100005715,139510703,2459149.6110124118,59149.107037000002,15.9548063,0.0119341575,0,zr,341.41411670000002,20.276002999999999,0.509000003,0.00400000019,20201027107025,597,0xa,0x1,19.3600006,26.266922,0.0415474102,0.110442542,2.55427694e-05,30,1.097,2
597210100005715,139513653,2459149.6405130001,59149.136539400002,15.913765,0.0118546551,0,zr,341.41415000000001,20.276022699999999,0.838999987,0.00999999978,20201027136528,597,0xa,0x1,19.3999996,26.2738533,0.0428604148,0.116218679,2.62172634e-05,30,1.04799998,1
597210100005715,139519306,2459149.6970372009,59149.193067100001,15.993248,0.012012301,0,zr,341.41412009999999,20.276013899999999,0.421999991,-0.00700000022,20201027193067,597,0xa,0x1,19.7999992,26.2704792,0.033474993,0.107650384,1.47191031e-05,30,1.04100001,3
597210100005715,139622883,2459150.7327362983,59150.228831,15.9354343,0.0118961334,0,zr,341.41411950000003,20.276017899999999,0.653999984,0.0109999999,20201028228773,597,0xa,0x1,20.1000004,26.3374424,0.0278231967,0.110182226,1.02013564e-05,30,1.10000002,2
597210100005715,139711991,2459151.6237675995,59151.119918999997,15.9509172,0.0119264498,0,zr,341.41410939999997,20.275994499999999,1.06900001,-0.0649999976,20201029119919,597,0xa,0x1,20.5300007,26.3301048,0.0253940988,0.105087817,8.43137332e-06,30,1.06299996,1
597210100005715,139721878,2459151.7226269543,59151.218784700002,15.9065952,0.0118411705,0,zr,341.41412580000002,20.276008699999998,0.889999986,-0.0189999994,20201029218785,597,0xa,0x1,20.5,26.3368015,0.0258955359,0.104324132,8.73588488e-06,30,1.08500004,3
597210100005715,139822129,2459152.7250736044,59152.221296299998,15.9227552,0.01187173,0,zr,341.41410889999997,20.276012999999999,0.688000023,-0.0379999988,20201030221296,597,0xa,0x1,20.6200008,26.3239002,0.0254602302,0.103023276,8.46270723e-06,30,1.09599996,2
597210100005715,139822175,2459152.7255365746,59152.221759300002,15.9018688,0.011832349,0,zr,341.41411799999997,20.276008099999999,0.589999974,0.0120000001,20201030221759,597,0xa,0x1,20.7199993,26.3399677,0.024374282,0.102136314,7.72220665e-06,30,1.097,2
597210100005715,139909092,2459153.5946459766,59153.090925899996,16.0036659,0.0120341079,0,zr,341.41410760000002,20.2759967,0.796000004,-0.0410000011,20201031090926,597,0xa,0x1,20.8299999,26.3310146,0.0247135628,0.0981604159,7.97776647e-06,30,1.11000001,2
597210100005715,139910891,2459153.612630893,59153.108912000003,15.981575,0.0119881891,0,zr,341.41411140000002,20.2759918,0.51700002,-0.0199999996,20201031108912,597,0xa,0x1,20.6200008,26.3367863,0.0232104324,0.103064224,7.05408502e-06,30,1.07200003,1
597210100005715,139933568,2459153.839386641,59153.335682899997,15.9427872,0.011910459,0,zr,341.41409809999999,20.276006299999999,0.912999988,-0.0370000005,20201031335382,597,0xa,0x1,19.6599998,26.2726116,0.036421068,0.102849059,1.76425528e-05,30,1.90400004,2
597210100005715,140014853,2459154.6521795206,59154.148530099999,15.9298716,0.0118853813,0,zr,341.41410869999999,20.276006599999999,0.753000021,0.0120000001,20201101148484,597,0xa,0x1,20.8199997,26.3410645,0.0257874858,0.102691986,8.63311107e-06,30,1.03199995,2
597210100005715,140018503,2459154.6886816588,59154.1850347,15.9415398,0.0119080218,0,zr,341.41411269999998,20.2760009,0.398999989,-0.0179999992,20201101185035,597,0xa,0x1,20.7900009,26.333643,0.0241925549,0.102777638,7.65723235e-06,30,1.046,3
597210100005715,140021355,2459154.7171982275,59154.213553200003,15.9594622,0.0119434278,0,zr,341.41412330000003,20.275996299999999,0.43900001,-0.0160000008,20201101213495,597,0xa,0x1,20.6700001,26.3058224,0.0245446581,0.100836098,7.77424702e-06,30,1.09099996,2
597210100005715,140109519,2459155.5987819512,59155.095196800001,15.974081,0.0119728865,0,zr,341.41412100000002,20.275991699999999,0.160999998,0.00300000003,20201102095197,597,0xa,0x1,20.9599991,26.3261929,0.0225371178,0.102741286,6.68799021e-06,30,1.08700001,2
597210100005715,140111434,2459155.6179241496,59155.114340300002,15.9221201,0.0118705193,0,zr,341.4141128,20.276002399999999,0.666999996,0.0359999985,20201102114340,597,0xa,0x1,21.2000008,26.3292809,0.0235251803,0.0978845134,7.20449134e-06,30,1.05499995,1
597210100005715,140111527,2459155.6188615859,59155.115277800003,15.9299688,0.0118855704,0,zr,341.41411319999997,20.276010299999999,0.680000007,0.0370000005,20201102115278,597,0xa,0x1,21.2600002,26.3381519,0.0254999585,0.0958553776,8.47030969e-06,30,1.05400002,3
597210100005715,140134447,2459155.8480471722,59155.344479200001,15.9573221,0.0119391605,0,zr,341.41411720000002,20.276006299999999,0.202999994,-0.00400000019,20201102344479,597,0xa,0x1,20.1100006,26.2382145,0.0295106452,0.104112089,1.14383247e-05,30,2.171,2
597210100005715,140215458,2459156.6580954646,59156.154583299998,15.9302053,0.0118860239,0,zr,341.41411699999998,20.275999200000001,0.36500001,-0.0260000005,20201103154549,597,0xa,0x1,21.1100006,26.3273697,0.0215416253,0.0990601853,6.05660261e-06,30,1.03199995,2
597210100005715,140217339,2459156.6769020567,59156.173391199998,15.9715185,0.0119676851,0,zr,341.41411360000001,20.2759918,0.772000015,-0.0109999999,20201103173391,597,0xa,0x1,21.1000004,26.3328094,0.0215157103,0.0997002199,6.00021804e-06,30,1.04100001,3
597210100005715,140312046,2459157.6239076145,59157.120462999999,15.9400406,0.0119050927,0,zr,341.41411679999999,20.276005900000001,0.727999985,-0.0109999999,20201104120428,597,0xa,0x1,21.2999992,26.3331299,0.0237916522,0.0961890966,8.11657628e-06,30,1.04299998,2
597210100005715,140322833,2459157.7317702947,59157.228333300001,15.9475679,0.0119198449,0,zr,341.4141151,20.276003200000002,0.545000017,-0.0160000008,20201104228310,597,0xa,0x1,21.0100002,26.2985439,0.0234315451,0.101829492,7.19141644e-06,30,1.15199995,1
597210100005715,140322927,2459157.7327077286,59157.229270800002,15.9325962,0.0118906405,0,zr,341.41411790000001,20.275997199999999,0.5,-0.0270000007,20201104229259,597,0xa,0x1,20.6299992,26.3205795,0.0278648026,0.107281573,1.02300201e-05,30,1.15499997,3
597210100005715,140413515,2459158.6385231609,59158.135150499998,15.9949903,0.0120159313,0,zr,341.41411210000001,20.276029000000001,0.93599999,0.00100000005,20201105135093,597,0xa,0x1,20.8099995,26.3182106,0.0243188087,0.108257666,7.73026022e-06,30,1.03199995,2
597210100005715,140413608,2459158.6394605944,59158.136087999999,15.9856844,0.011996638,0,zr,341.41411979999998,20.2759982,0.513999999,-0.023,20201105136076,597,0xa,0x1,21.0599995,26.3178902,0.0228272881,0.10930749,6.84489942e-06,30,1.03199995,3
597210100005715,140433915,2459158.8425130467,59158.339155100002,15.9575415,0.0119395973,0,zr,341.414063,20.2759994,1.09599996,-0.00800000038,20201105339120,597,0xa,0x1,19.5499992,26.1994057,0.0502786227,0.113911062,3.53388532e-05,30,2.23600006,2
597210100005715,141015150,2459164.6544307387,59164.151504599999,15.9863319,0.0119979726,0,zr,341.41409499999997,20.276018799999999,0.79400003,-0.00499999989,20201111151505,597,0xa,0x1,20.9799995,26.3377113,0.0232183058,0.0997450277,7.07051186e-06,30,1.04100001,2
597210100005715,141015244,2459164.655368167,59164.152442099999,15.9733925,0.0119714867,0,zr,341.41410919999998,20.2760073,0.595000029,0.0179999992,20201111152442,597,0xa,0x1,20.9799995,26.3337212,0.0235401243,0.102366365,7.22947789e-06,30,1.04100001,3
597210100005715,141015339,2459164.6563171945,59164.153391200001,15.977313,0.0119794682,0,zr,341.41411679999999,20.276006800000001,0.507000029,-0.0299999993,20201111153391,597,0xa,0x1,21.1399994,26.3346558,0.0220114719,0.0997074097,6.34006483e-06,30,1.04200006,1
597210100005715,141109098,2459165.5938373171,59165.090983800001,15.9243994,0.0118748751,0,zr,341.4140951,20.2759961,1.32099998,0.0260000005,20201112090984,597,0xa,0x1,21.4500008,26.3275814,0.0245619286,0.098169297,7.94668813e-06,30,1.051,3
597210100005715,141109192,2459165.5947747463,59165.091921300002,15.9182329,0.011863118,0,zr,341.41411799999997,20.275997100000001,0.513999999,0.00999999978,20201112091921,597,0xa,0x1,21.5900002,26.3243961,0.0236848798,0.101437531,7.3411743e-06,30,1.04900002,2
597210100005715,141122084,2459165.7236882988,59165.220844900003,15.9007359,0.0118302405,0,zr,341.41412250000002,20.2760064,0.675000012,-0,20201112220833,597,0xa,0x1,21.4300003,26.3137341,0.0224861,0.101237826,6.64840991e-06,30,1.204,2
597210100005715,141321137,2459167.7140642507,59167.211377300002,15.9301729,0.0118859624,0,zr,341.4141133,20.276002099999999,0.621999979,-0.00800000038,20201114211343,597,0xa,0x1,21.3500004,26.3243008,0.0207079165,0.101558439,5.65221762e-06,30,1.18799996,2
597210100005715,141321236,2459167.7150479723,59167.212361099999,15.9324656,0.0118903862,0,zr,341.41411590000001,20.2760073,0.591000021,-0.00499999989,20201114212338,597,0xa,0x1,21.4200001,26.3246021,0.0207291953,0.102746449,5.65528808e-06,30,1.19200003,3
597210100005715,141321385,2459167.7165409522,59167.213854200003,15.9410048,0.0119069759,0,zr,341.41411160000001,20.275997,0.802999973,0.0179999992,20201114213808,597,0xa,0x1,21.2700005,26.3250828,0.0195506383,0.101716504,5.01564864e-06,30,1.19799995,1
597210100005715,141412216,2459168.6247787587,59168.122164400003,15.944664,0.0119141396,0,zr,341.41411829999998,20.276005900000001,0.76700002,-0.0610000007,20201115122164,597,0xa,0x1,21.25,26.3299255,0.0209044293,0.102178328,5.71977716e-06,30,1.03199995,2
597210100005715,141413043,2459168.6330534955,59168.130439799999,15.9333944,0.0118921818,0,zr,341.41411290000002,20.276005099999999,0.603999972,0.0460000001,20201115130440,597,0xa,0x1,21.4500008,26.329813,0.0221023522,0.100547187,6.3715388e-06,30,1.03400004,2
597210100005715,141413137,2459168.6339909211,59168.1313773,15.9326487,0.0118907411,0,zr,341.41412000000003,20.276002900000002,0.535000026,-0.00800000038,20201115131377,597,0xa,0x1,21.5,26.3310699,0.022379972,0.0977604166,6.52222661e-06,30,1.03499997,3
597210100005715,141514858,2459169.6511197686,59169.148587999996,15.9135437,0.011854236,0,zr,341.41411060000001,20.275998300000001,0.612999976,-0.0170000009,20201116148588,597,0xa,0x1,20.8700008,26.3355389,0.0225147214,0.107942462,6.65076959e-06,30,1.051,2
597210100005715,141517288,2459169.6754116979,59169.172881899998,15.9555054,0.0119355451,0,zr,341.41411599999998,20.276007199999999,0.505999982,-0.0390000008,20201116172882,597,0xa,0x1,21.0699997,26.3366566,0.0206356999,0.100917354,5.61831393e-06,30,1.09099996,3
597210100005715,141518656,2459169.689091186,59169.186562499999,15.9623489,0.0119492048,0,zr,341.41412630000002,20.2760034,0.688000023,-0.0390000008,20201116186562,597,0xa,0x1,21.0699997,26.3313046,0.0213588644,0.105095543,6.02588352e-06,30,1.125,1
597210100005715,141519469,2459169.6972271232,59169.1946991,15.980587,0.0119861616,0,zr,341.41412159999999,20.2759988,0.56099999,0.0160000008,20201116194699,597,0xa,0x1,21.2600002,26.3237591,0.0211749449,0.103520133,5.87294471e-06,30,1.14900005,2
597210100005715,141611255,2459170.6150114164,59170.1125579,15.8922253,0.0118145039,0,zr,341.41411169999998,20.275998300000001,0.47299999,-0.00899999961,20201117112558,597,0xa,0x1,21.4200001,26.3354664,0.0241797119,0.100626796,7.5913581e-06,30,1.03100002,2
597210100005715,141612901,2459170.6314683752,59170.1290162,15.9199638,0.0118664093,0,zr,341.4141229,20.276005399999999,0.764999986,-0.00899999961,20201117129016,597,0xa,0x1,21.4400005,26.3272324,0.0238490477,0.101244554,7.38966946e-06,30,1.03600001,2
597210100005715,141612995,2459170.632405798,59170.129953700001,15.8979206,0.0118250176,0,zr,341.4141156,20.276001399999998,0.81400001,0.0350000001,20201117129954,597,0xa,0x1,21.5300007,26.3201618,0.0245949067,0.10342063,7.83567521e-06,30,1.03699994,3
597210100005715,141710445,2459171.6068283161,59171.104456000001,15.8926296,0.0118152471,0,zr,341.41411249999999,20.2759909,0.741999984,0.0329999998,20201118104444,597,0xa,0x1,21.2299995,26.1095238,0.0370359644,0.0997201502,1.81764881e-05,30,1.03100002,2
597210100005715,141712473,2459171.6271044496,59171.124733800003,15.9216728,0.0118696643,0,zr,341.41411859999999,20.275988999999999,0.629000008,0.0160000008,20201118124734,597,0xa,0x1,21.5799999,26.3297215,0.0227409378,0.0998907015,6.74430703e-06,30,1.03499997,1
597210100005715,141813261,2459172.6349031506,59172.1326157,15.987586,0.0120005617,0,zr,341.41411859999999,20.276008999999998,0.763000011,0.0209999997,20201119132616,597,0xa,0x1,21.2900009,26.3361073,0.0210415758,0.102623194,5.78580375e-06,30,1.04299998,3
597210100005715,141813356,2459172.6358521716,59172.133564800002,15.9623861,0.0119492784,0,zr,341.41412050000002,20.275995600000002,0.856999993,0.0410000011,20201119133553,597,0xa,0x1,21.4799995,26.3348541,0.0213923473,0.0997034982,6.00309295e-06,30,1.04400003,2
597210100005715,141816526,2459172.6675509345,59172.165266199998,15.9951077,0.0120161735,0,zr,341.41411640000001,20.2759973,0.721000016,-0.00999999978,20201119165266,597,0xa,0x1,21.5400009,26.3463936,0.0235659909,0.0953899473,7.28485293e-06,30,1.09300005,2
597210100005715,141910893,2459173.6111414358,59173.108935199998,15.9951563,0.0120162759,0,zr,341.41412339999999,20.276008000000001,0.595000029,0.0209999997,20201120108935,597,0xa,0x1,21.5799999,26.3374157,0.024726864,0.0985366777,7.98345536e-06,30,1.03199995,3
597210100005715,141910987,2459173.6120788562,59173.109872699999,16.0066566,0.0120404204,0,zr,341.41411099999999,20.2759994,0.963,-0.0579999983,20201120109873,597,0xa,0x1,21.5400009,26.3429508,0.0252200067,0.0956547707,8.30416229e-06,30,1.03199995,1
597210100005715,141922305,2459173.7252522558,59173.223055599999,15.9164791,0.0118597914,0,zr,341.41413,20.276007199999999,0.950999975,0.0250000004,20201120223021,597,0xa,0x1,21.1800003,26.3073826,0.0206389055,0.102972731,5.64362153e-06,30,1.32299995,2
597210100005715,142010873,2459174.6108608539,59174.108738399998,15.9915962,0.0120088682,0,zr,341.41410880000001,20.275995300000002,0.824999988,-0.00700000022,20201121108738,597,0xa,0x1,21.3799992,26.2740288,0.025606459,0.100521281,8.55642156e-06,30,1.03199995,3
597210100005715,142010967,2459174.6117982753,59174.109675899999,15.9956408,0.0120172855,0,zr,341.41410980000001,20.275996299999999,0.588999987,-0.00899999961,20201121109664,597,0xa,0x1,21.2199993,26.2390938,0.0273606889,0.100455582,9.78105709e-06,30,1.03299999,2
597210100005715,142110832,2459175.6103599011,59175.108321799999,15.9455471,0.0119158728,0,zr,341.41412059999999,20.275983799999999,0.714999974,0.0179999992,20201122108322,597,0xa,0x1,20.8799992,26.0947762,0.0286911,0.103009075,1.07566948e-05,30,1.03299999,2
597210100005715,142227590,2459176.7778415508,59176.2759028,15.9260092,0.0118779568,0,zr,341.41411219999998,20.2760079,0.745000005,-0.057,20201123275903,597,0xa,0x1,20.3799992,26.2417946,0.0249479432,0.103753641,8.17421096e-06,30,1.954,2
597210100005715,142308724,2459177.589114862,59177.087245399998,15.9289265,0.0118835606,0,zr,341.41411770000002,20.276008000000001,0.527999997,-0.0280000009,20201124087245,597,0xa,0x1,20.5599995,26.3072147,0.0257081371,0.103593521,8.6110922e-06,30,1.03199995,3
597210100005715,142409447,2459178.5962620419,59178.094479200001,15.9106321,0.0118487487,0,zr,341.41411670000002,20.275991099999999,1.12699997,0.0270000007,20201125094444,597,0xa,0x1,21.0799999,26.3248558,0.0259350054,0.100895718,8.74192847e-06,30,1.03199995,2
597210100005715,142420375,2459178.7055233703,59178.203750000001,15.935317,0.0118959071,0,zr,341.41410430000002,20.2760073,1.75600004,0.0379999988,20201125203623,597,0xa,0x1,20.7299995,26.2922573,0.0248586833,0.109653875,8.14594023e-06,30,1.29100001,3
597210100005715,142508598,2459179.5876808921,59179.085983800003,15.9309816,0.0118875196,0,zr,341.4141171,20.276018199999999,1.70299995,0.0410000011,20201126085984,597,0xa,0x1,20.7700005,26.3141422,0.0260838307,0.107711479,8.91237414e-06,30,1.03100002,3
597210100005715,142511780,2459179.6194952293,59179.1178009,15.9732437,0.0119711841,0,zr,341.41411249999999,20.275995500000001,0.578999996,-0.0149999997,20201126117801,597,0xa,0x1,21.0699997,26.3264484,0.0232125167,0.0998392552,7.04916647e-06,30,1.04700005,2
597210100005715,142517357,2459179.6752658715,59179.173576399997,15.9799538,0.0119848661,0,zr,341.41411019999998,20.2761058,2.61100006,0.0199999996,20201126173241,597,0xa,0x1,20.2199993,26.3159828,0.0310141891,0.124615014,1.28722686e-05,30,1.16999996,2
597210100005715,142620621,2459180.7078149091,59180.206215300001,15.9289227,0.011883554,0,zr,341.41407900000002,20.276006299999999,0.950999975,0.00700000022,20201127206215,597,0xa,0x1,18.9300003,26.3070412,0.0443206914,0.0991137698,3.84625564e-05,30,1.33700001,2
597210100005715,142620668,2459180.7082893681,59180.206689799998,15.9000921,0.0118290437,0,zr,341.41409900000002,20.275971800000001,1.21300006,0.0209999997,20201127206678,597,0xa,0x1,19.1000004,26.2971478,0.0441609547,0.105979264,3.46523011e-05,30,1.34000003,1
597210100005715,142620715,2459180.7087523276,59180.207152800001,15.9122438,0.0118517857,0,zr,341.4140817,20.2760225,0.635999978,0.00300000003,20201127207153,597,0xa,0x1,19.3899994,26.2993259,0.0386822708,0.102446802,2.21470109e-05,30,1.34300005,3
597210100005715,142708646,2459181.5879926211,59181.086469900001,15.9933386,0.0120124901,0,zr,341.41410869999999,20.276018199999999,0.639999986,0.00400000019,20201128086470,597,0xa,0x1,19.9500008,26.3276577,0.0317551158,0.1040783,1.32937666e-05,30,1.03199995,2
597210100005715,142710976,2459181.6112891785,59181.109768499999,15.996335,0.0120187355,0,zr,341.41411720000002,20.276005900000001,1.12,-0.0160000008,20201128109769,597,0xa,0x1,20.1200008,26.335638,0.0281054378,0.101724625,1.04306428e-05,30,1.04499996,3
597210100005715,142727497,2459181.7764829765,59181.2749769,16.0474854,0.0121288598,0,zr,341.41405850000001,20.276004700000001,0.662999988,-0.023,20201128274780,597,0xa,0x1,18.5900002,26.24753,0.0506387278,0.108483359,6.40255021e-05,30,2.204,2
597210100005715,142818527,2459182.6867039949,59182.185277800003,15.9349079,0.0118951146,0,zr,341.4141272,20.2760161,0.598999977,0.0120000001,20201129185231,597,0xa,0x1,20.4699993,26.3168411,0.0259987824,0.1083657,8.9521327e-06,30,1.25199997,1
597210100005715,142818575,2459182.687178452,59182.1857523,15.9526348,0.0119298492,0,zr,341.41411840000001,20.276008999999998,0.598999977,0.0219999999,20201129185752,597,0xa,0x1,20.4799995,26.3146114,0.0254113991,0.106276125,8.50710148e-06,30,1.255,2
597210100005715,142907005,2459183.5714060995,59183.070057899997,15.9791946,0.0119833117,0,zr,341.41411690000001,20.276017199999998,0.556999981,0.0149999997,20201130070046,597,0xa,0x1,20.5300007,26.3275604,0.0249944925,0.106477343,8.16113698e-06,30,1.03199995,2
597210100005715,143011780,2459184.6190563249,59184.1178009,15.9319782,0.0118894437,0,zr,341.41411319999997,20.2760061,0.340000004,0.0160000008,20201201117801,597,0xa,0x1,21.0599995,26.3350716,0.0270876754,0.100271828,9.72276939e-06,30,1.06500006,1
597210100005715,143011873,2459184.6199937416,59184.1187384,15.9121847,0.011851673,0,zr,341.41411740000001,20.275993700000001,0.907999992,-0.0309999995,20201201118727,597,0xa,0x1,21,26.3252354,0.0240926705,0.104679078,7.66230369e-06,30,1.06700003,3
597210100005715,143114402,2459185.6451919954,59185.144027800001,15.9750433,0.0119748442,0,zr,341.41411820000002,20.275995999999999,0.379999995,-0.0160000008,20201202144028,597,0xa,0x1,20.7800007,26.3191109,0.0220421553,0.102561168,6.38146821e-06,30,1.12800002,3
597210100005715,143211130,2459186.6123858332,59186.111307899999,15.9801006,0.0119851669,0,zr,341.4141194,20.276017899999999,0.407000005,-0.00200000009,20201203111308,597,0xa,0x1,20.2700005,26.3184719,0.0271728076,0.103484288,9.72326688e-06,30,1.06400001,3
597210100005715,143211224,2459186.6133232494,59186.1122454,15.9704561,0.0119655337,0,zr,341.41413160000002,20.275997400000001,0.619000018,-0.0130000003,20201203112245,597,0xa,0x1,20.3799992,26.3118057,0.0260381047,0.104724199,8.81125106e-06,30,1.06500006,1
597210100005715,143316406,2459187.6650462057,59187.1640625,15.9297581,0.0118851634,0,zr,341.4140936,20.276005900000001,0.453000009,-0.00899999961,20201204164062,597,0xa,0x1,20.3299999,26.3127861,0.0244636107,0.106502511,7.90734339e-06,30,1.21800005,3
597210100005715,143411206,2459188.6129588666,59188.112060200001,15.9797945,0.0119845392,0,zr,341.41412580000002,20.2760034,0.643999994,-0.0140000004,20201205112060,597,0xa,0x1,20.8400002,26.3262653,0.0233732983,0.10951779,7.1462141e-06,30,1.074,1
597210100005715,143411299,2459188.6138962819,59188.112997700002,15.9772663,0.0119793741,0,zr,341.41411979999998,20.276014799999999,0.824999988,0.0140000004,20201205112998,597,0xa,0x1,20.9799995,26.327713,0.021774698,0.107002586,6.14744613e-06,30,1.07599998,2
597210100005715,143411393,2459188.6148336972,59188.113935200003,15.9637175,0.0119519504,0,zr,341.41412070000001,20.275997799999999,0.620000005,0.0179999992,20201205113935,597,0xa,0x1,21.0400009,26.3291416,0.0214098729,0.100613721,5.95701522e-06,30,1.07700002,3
597210100005715,144012060,2459194.6209575338,59194.120601900002,15.9881964,0.0120018236,0,zr,341.41411729999999,20.276006200000001,0.588,-0.0250000004,20201211120602,597,0xa,0x1,21.0499992,26.319355,0.0219705291,0.101312712,6.34856451e-06,30,1.13100004,3
597210100005715,144012155,2459194.6219064468,59194.121550900003,15.9909792,0.0120075895,0,zr,341.41410910000002,20.276004499999999,0.386000007,-0.00700000022,20201211121539,597,0xa,0x1,21.1499996,26.3221474,0.0229069162,0.0968679413,6.94010396e-06,30,1.13399994,2
597210100005715,144411045,2459198.6104448172,59198.110451400004,15.9017801,0.0118321832,0,zr,341.41411210000001,20.276011,0.601000011,-0.0379999988,20201215110451,597,0xa,0x1,21.0499992,26.312746,0.0215264764,0.105206281,6.10601546e-06,30,1.13399994,3
597210100005715,144411327,2459198.6132686599,59198.1132755,15.9178019,0.0118622985,0,zr,341.41411979999998,20.275999899999999,0.326999992,0.0250000004,20201215113275,597,0xa,0x1,20.9799995,26.3157578,0.0217245463,0.103393272,6.23029473e-06,30,1.14199996,2
597210100005715,144809694,2459202.5965768131,59202.0969444,15.9975204,0.0120212119,0,zr,341.41412070000001,20.276011400000002,0.638999999,0.0250000004,20201219096933,597,0xa,0x1,21.1200008,26.3237324,0.0212954544,0.0997454524,5.98326005e-06,30,1.12600005,3
597210100005715,144911410,2459203.6136494623,59203.1141088,15.9416676,0.0119082704,0,zr,341.4141199,20.276004199999999,0.425000012,-0.0120000001,20201220114109,597,0xa,0x1,20.5799999,26.3138123,0.0229809228,0.102686584,6.96104007e-06,30,1.19200003,3
597210100005715,145015502,2459204.6544700679,59204.1550231,15.9556322,0.0119357994,0,zr,341.41411749999997,20.276032499999999,0.802999973,0.0120000001,20201221155000,597,0xa,0x1,20.3099995,26.2895222,0.0298901573,0.107695155,1.18373127e-05,30,1.43599999,3
597210100005715,145015597,2459204.6554190819,59204.155972200002,15.9404202,0.0119058359,0,zr,341.41413189999997,20.276013899999999,0.397000015,-0.00700000022,20201221155961,597,0xa,0x1,20.3500004,26.2882881,0.0256273206,0.110769972,8.73320278e-06,30,1.44400001,1
597210100005715,145113188,2459205.6312459148,59205.1318866,15.9670238,0.0119586019,0,zr,341.4141204,20.276000499999999,0.758000016,-0.0270000007,20201222131887,597,0xa,0x1,21.1499996,26.3090439,0.0223373678,0.101498611,6.60954811e-06,30,1.30200005,3
597210100005715,146513420,2459219.6323434249,59219.134201399997,15.9708786,0.0119663877,0,zr,341.41412100000002,20.276017,0.377999991,0.0160000008,20210105134201,597,0xa,0x1,21.0599995,26.2649021,0.0219510589,0.102775276,6.40689041e-06,30,1.62199998,1
597210100005715,146513513,2459219.6332808454,59219.135138899997,15.9639406,0.0119523974,0,zr,341.41412609999998,20.2759982,0.505999982,-0.0120000001,20210105135139,597,0xa,0x1,21.1499996,26.2689533,0.0216824189,0.101155229,6.18667264e-06,30,1.63199997,3
597210100005715,146912127,2459223.6190878404,59223.121273099998,15.9488668,0.0119224023,0,zr,341.41411950000003,20.2760046,0.700999975,0.0219999999,20210109121273,597,0xa,0x1,20.7700005,26.263752,0.0231653135,0.106298864,7.04330887e-06,30,1.60000002,1
597210100005715,147313527,2459227.6327747446,59227.1352778,15.981988,0.0119890347,0,zr,341.41410880000001,20.2760116,1.10000002,-0.0280000009,20210113135278,597,0xa,0x1,20,26.0839386,0.0480817258,0.111797944,3.08675553e-05,30,1.93099999,1
597210100005715,147511290,2459229.6102503575,59229.112905100003,15.9826775,0.0119904522,0,zr,341.41412589999999,20.276036999999999,0.451000005,0.00200000009,20210115112905,597,0xa,0x1,19.9699993,26.2695866,0.0338710472,0.107644916,1.51101895e-05,30,1.69000006,1
597210100005715,147911351,2459233.6105676345,59233.113518500002,15.9415627,0.0119080655,0,zr,341.41412539999999,20.275985899999998,0.88499999,0.0540000014,20210119113519,597,0xa,0x1,20.7600002,26.234436,0.0230973624,0.105362341,7.0524793e-06,30,1.84599996,3
597210100005715,149409996,2459248.5960544525,59248.099965300004,15.9655485,0.01195563,0,zr,341.41413249999999,20.2760134,0.490999997,0.0160000008,20210203099965,597,0xa,0x1,20.2999992,26.2215767,0.0271427836,0.111053221,9.7001348e-06,30,2.40100002,2
597210100005715,149410239,2459248.5984848146,59248.102395800001,15.983655,0.0119924601,0,zr,341.41412780000002,20.276004199999999,1.23500001,-0.0860000029,20210203102396,597,0xa,0x1,20.5100002,26.2146778,0.0261060838,0.110035479,8.9215946e-06,30,2.4690001,2
597210100005715,149410482,2459248.6009152778,59248.104826399998,15.9731922,0.0119710807,0,zr,341.414129,20.276009599999998,0.998000026,-0.023,20210203104826,597,0xa,0x1,20.5599995,26.2121658,0.0259591714,0.111011766,8.906527e-06,30,2.54099989,2
597210100005715,149410726,2459248.6033572387,59248.107268500004,15.9751272,0.0119750127,0,zr,341.4141027,20.276006200000001,0.75999999,-0.0280000009,20210203107257,597,0xa,0x1,20.5599995,26.1960793,0.0254323538,0.109019503,8.55591497e-06,30,2.61800003,2
597210100005715,149609656,2459250.5925437454,59250.096562500003,15.9658985,0.011956336,0,zr,341.4141305,20.276000400000001,0.458999991,-0.00100000005,20210205096516,597,0xa,0x1,18.8999996,26.1988163,0.0382291526,0.112310708,2.70000546e-05,30,2.45799994,2
597210100005715,149609895,2459250.5949394167,59250.098958299997,15.9827585,0.011990618,0,zr,341.41413230000001,20.2760085,0.703999996,-0.00200000009,20210205098912,597,0xa,0x1,19.2600002,26.2006912,0.0388173386,0.110771522,2.2684686e-05,30,2.52900004,2
597210100005715,149610135,2459250.5973351849,59250.1013542,15.9760799,0.0119769527,0,zr,341.4140921,20.2759906,0.708000004,0.00100000005,20210205101308,597,0xa,0x1,19.6100006,26.191988,0.0350344032,0.110534221,1.67940743e-05,30,2.60400009,2
597210100005715,149610375,2459250.5997308604,59250.103750000002,15.9943838,0.0120146666,0,zr,341.414151,20.2760386,0.609000027,-0.00499999989,20210205103704,597,0xa,0x1,19.6700001,26.1823215,0.0376767963,0.113555916,1.91014278e-05,30,2.68300009,2
597210100005715,149610614,2459250.6021265285,59250.106145799997,15.9414024,0.0119077535,0,zr,341.41412409999998,20.276001000000001,1.24199998,-0.0140000004,20210205106100,597,0xa,0x1,19.7199993,26.166214,0.0390067734,0.122824103,2.01338007e-05,30,2.76900005,2
597210100005715,155651396,2459311.0094451802,59310.513969899999,15.9302101,0.0118860332,0,zr,341.41410730000001,20.275994000000001,0.469999999,-0.00600000005,20210406513970,597,0xa,0x1,19.9300003,26.0890121,0.0348247327,0.108718865,1.60315212e-05,30,2.73200011,1
597210100005715,155651638,2459311.0118642733,59310.516388900003,15.9082041,0.011844187,0,zr,341.41409040000002,20.2760277,0.595000029,-0.0140000004,20210406516389,597,0xa,0x1,20.0100002,26.0949574,0.0311514288,0.114969328,1.27612393e-05,30,2.64899993,1
597210100005715,155651880,2459311.0142833632,59310.5188079,15.9150867,0.0118571557,0,zr,341.41413269999998,20.276005699999999,0.577000022,0.00300000003,20210406518808,597,0xa,0x1,19.8099995,26.1018562,0.0346729122,0.111796498,1.58377097e-05,30,2.56999993,1
597210100005715,155652122,2459311.0167024545,59310.521226899997,15.9351902,0.0118956631,0,zr,341.41413849999998,20.276000100000001,1.23300004,-0.0280000009,20210406521227,597,0xa,0x1,19.5400009,26.1060047,0.0424813926,0.112328202,2.46296549e-05,30,2.49600005,1
597210100005715,155751258,2459312.0080937902,59311.512581000003,15.9374447,0.0119000394,0,zr,341.41414739999999,20.2760082,0.936999977,-0.00400000019,20210407512581,597,0xa,0x1,19.9500008,26.1342773,0.0365755484,0.106912747,1.7569957e-05,30,2.68499994,1
597210100005715,155751499,2459312.010512887,59311.514999999999,15.9315376,0.0118885962,0,zr,341.41412300000002,20.276007700000001,0.273999989,0.0109999999,20210407515000,597,0xa,0x1,20.2399998,26.1363621,0.0294326637,0.114664108,1.13200413e-05,30,2.60500002,1
597210100005715,155751743,2459312.0129435831,59311.517430599997,15.916111,0.0118590938,0,zr,341.41411590000001,20.276011199999999,0.739000022,-0.0130000003,20210407517431,597,0xa,0x1,19.8700008,26.1499081,0.034772519,0.108155735,1.60645304e-05,30,2.52900004,1
597210100005715,155751984,2459312.0153625784,59311.5198495,15.9333172,0.0118920319,0,zr,341.41412050000002,20.276001000000001,0.592999995,-0.0120000001,20210407519850,597,0xa,0x1,19.5900002,26.1631565,0.0349285044,0.111885153,1.66804693e-05,30,2.45700002,1
597210100005715,155752226,2459312.017781673,59311.522268499997,15.9636593,0.0119518321,0,zr,341.4141305,20.2760012,1.28100002,0.00600000005,20210407522269,597,0xa,0x1,18.9799995,26.1915703,0.0405900702,0.107720293,2.88144511e-05,30,2.3900001,1
597210100005715,155851164,2459313.0071951998,59312.511643500002,15.9157047,0.0118583236,0,zr,341.4141199,20.2759927,1.18700004,-0.0219999999,20210408511632,597,0xa,0x1,20.0200005,26.1365128,0.0460400507,0.113270789,2.78448424e-05,30,2.625,1
597210100005715,155852133,2459313.0168830929,59312.521331000004,15.9954023,0.0120167881,0,zr,341.4141626,20.276000499999999,0.386999995,-0.00499999989,20210408521319,597,0xa,0x1,19.1200008,26.1793976,0.0518244281,0.111619838,4.38007373e-05,30,2.34299994,1
597210100005715,155951283,2459314.0084276651,59313.512835599999,15.9962864,0.012018634,0,zr,341.41412220000001,20.2759912,0.56099999,-0.00899999961,20210409512836,597,0xa,0x1,19.8600006,26.0312462,0.0357755646,0.115957394,1.68657825e-05,30,2.50300002,1
597210100005715,155951519,2459314.010788965,59313.515196799999,15.9963951,0.0120188603,0,zr,341.41412339999999,20.276003200000002,0.981999993,-0.0189999994,20210409515197,597,0xa,0x1,19.8799992,26.0713558,0.031057192,0.110355288,1.27080611e-05,30,2.43400002,1
597210100005715,155951755,2459314.0131501649,59313.517557899999,15.9989729,0.0120242508,0,zr,341.41411260000001,20.2759979,1.13499999,-0.0560000017,20210409517558,597,0xa,0x1,19.8799992,26.0979404,0.0326183923,0.110992715,1.38710366e-05,30,2.36999989,1
597210100005715,155951991,2459314.0155113637,59313.519918999998,15.9731541,0.0119710015,0,zr,341.41412980000001,20.275998099999999,1.01300001,-0.0610000007,20210409519919,597,0xa,0x1,19.4599991,26.0930729,0.0399039127,0.109395854,2.23278421e-05,30,2.30999994,1
597210100005715,156051178,2459315.0074160928,59314.511782399997,16.0024986,0.0120316511,0,zr,341.4141219,20.275994600000001,0.91900003,-0.0450000018,20210410511782,597,0xa,0x1,20.2099991,26.1285172,0.029137373,0.114262193,1.10560941e-05,30,2.454,1
597210100005715,156051414,2459315.0097772949,59314.514143499997,16.0073051,0.0120417913,0,zr,341.41413230000001,20.275997499999999,0.367000014,-0.0120000001,20210410514144,597,0xa,0x1,19.9099998,26.1183357,0.0323810801,0.111992478,1.37922571e-05,30,2.38899994,1
597210100005715,156051649,2459315.0121269966,59314.516493100004,16.0184517,0.0120655289,0,zr,341.41414320000001,20.275998099999999,0.778999984,0.00200000009,20210410516493,597,0xa,0x1,19.7700005,26.136507,0.035469681,0.101993568,1.6716911e-05,30,2.3269999,1
597210100005715,156051884,2459315.014476602,59314.518842600002,16.0054092,0.0120377867,0,zr,341.41409040000002,20.276020899999999,0.834999979,0.0240000002,20210410518843,597,0xa,0x1,19.2800007,26.1564426,0.0415851772,0.105009884,2.62260273e-05,30,2.26900005,1
597210100005715,156250834,2459317.0040657925,59316.508344900001,15.9615507,0.0119476039,0,zr,341.41411099999999,20.276001900000001,0.412999988,-0.0160000008,20210412508345,597,0xa,0x1,20.4799995,26.0934868,0.0284950081,0.108634032,1.06837606e-05,30,2.398,1
597210100005715,156251074,2459317.0064617018,59316.510740700003,15.9606447,0.0119457915,0,zr,341.41413089999998,20.2759991,1.27400005,-0.063000001,20210412510741,597,0xa,0x1,20.3199997,26.0975819,0.0275658779,0.113849722,9.95095525e-06,30,2.33500004,1
597210100005715,156251312,2459317.008846113,59316.513124999998,15.96805,0.0119606685,0,zr,341.41411679999999,20.275989299999999,0.556999981,-0.00600000005,20210412513125,597,0xa,0x1,19.9699993,26.1150055,0.0338979699,0.10971199,1.50703972e-05,30,2.2750001,1
597210100005715,156251552,2459317.0112420246,59316.5155208,15.944478,0.0119137736,0,zr,341.4141012,20.2759976,0.335000008,-0.00800000038,20210412515521,597,0xa,0x1,20.0599995,26.1213913,0.0313996375,0.10670463,1.29682549e-05,30,2.2190001,1
597210100005715,156350712,2459318.0028960868,59317.507129600002,15.9156771,0.0118582724,0,zr,341.4141214,20.2760046,0.513000011,-0.0120000001,20210413507083,597,0xa,0x1,20.3099995,26.1294937,0.0278004594,0.10745018,1.01131745e-05,30,2.35700011,1
597210100005715,156350950,2459318.0052688993,59317.509502300003,15.9112644,0.011849938,0,zr,341.41412489999999,20.276009599999998,0.800999999,0.00899999961,20210413509479,597,0xa,0x1,20,26.1280689,0.0318141282,0.118634805,1.3187695e-05,30,2.29699993,1
597210100005715,156351187,2459318.0076417117,59317.511874999997,15.9201031,0.0118666748,0,zr,341.41412709999997,20.2759961,1.01800001,-0.00999999978,20210413511852,597,0xa,0x1,19.8500004,26.1349239,0.0391262472,0.112865739,2.00586019e-05,30,2.24000001,1
597210100005715,156351424,2459318.0100145233,59317.514247699997,15.9214964,0.0118693272,0,zr,341.41413749999998,20.275986799999998,0.653999984,-0.00899999961,20210413514225,597,0xa,0x1,19.5900002,26.1523285,0.0367024206,0.108440965,1.83672055e-05,30,2.18600011,1
597210100005715,156849314,2459322.9891612316,59322.493148100002,15.9775009,0.0119798509,0,zr,341.41415599999999,20.275987600000001,0.648000002,0.0320000015,20210418493148,597,0xa,0x1,19.6200008,26.1294308,0.0423529111,0.112244584,2.41807975e-05,30,2.36599994,1
597210100005715,156849513,2459322.9911521436,59322.495138899998,15.9585114,0.0119415317,0,zr,341.41408360000003,20.2760158,0.795000017,-0.00499999989,20210418495127,597,0xa,0x1,19.8400002,26.1404018,0.0458893292,0.112935446,2.77047748e-05,30,2.31500006,1
597210100005715,156849711,2459322.993131448,59322.4971181,16.010025,0.0120475553,0,zr,341.41411520000003,20.2760125,0.808000028,0.00800000038,20210418497118,597,0xa,0x1,19.8500004,26.1410255,0.0442872867,0.110837877,2.60961133e-05,30,2.26600003,1
597210100005715,156849909,2459322.9951106566,59322.499097200001,15.9981337,0.0120224934,0,zr,341.41408289999998,20.276033200000001,1.01800001,0,20210418499097,597,0xa,0x1,19.9500008,26.1471138,0.0503310561,0.108247943,3.32759155e-05,30,2.22000003,1
597210100005715,156850107,2459322.9970899583,59322.501076400004,15.9853096,0.0119958669,0,zr,341.41414930000002,20.276012699999999,0.782999992,0,20210418501076,597,0xa,0x1,19.9799995,26.1572666,0.0349661186,0.106213607,1.60571235e-05,30,2.17600012,1
597210100005715,156949093,2459323.9870036864,59323.490937499999,15.94806,0.0119208153,0,zr,341.41410810000002,20.276000100000001,0.546999991,-0.0270000007,20210419490810,597,0xa,0x1,20.7600002,26.1179733,0.0239416193,0.114870138,7.54599932e-06,30,2.352,1
597210100005715,156949290,2459323.9889713936,59323.4929051,15.9913216,0.0120083001,0,zr,341.41412380000003,20.275994099999998,0.358999997,0.00200000009,20210419492870,597,0xa,0x1,20.6900005,26.1273232,0.0241744295,0.110581182,7.6499482e-06,30,2.30299997,1
597210100005715,156949488,2459323.9909507018,59323.494884300002,15.9708691,0.0119663682,0,zr,341.41413260000002,20.2760131,0.704999983,0.00999999978,20210419494838,597,0xa,0x1,20.4799995,26.12883,0.0266792569,0.112249568,9.3237677e-06,30,2.25500011,1
597210100005715,156949684,2459323.9929068107,59323.496840300002,15.9448624,0.011914527,0,zr,341.4141113,20.276005300000001,0.128999993,-0.00899999961,20210419496806,597,0xa,0x1,20.7000008,26.1377697,0.0238860659,0.115507856,7.47001195e-06,30,2.20900011,1
597210100005715,156949880,2459323.994874517,59323.498807900003,15.9704933,0.0119656092,0,zr,341.41413240000003,20.2759936,0.523999989,0.00499999989,20210419498773,597,0xa,0x1,20.5100002,26.1394577,0.0272393618,0.117350616,9.73401075e-06,30,2.16599989,1
597210100005715,157049312,2459324.9892456736,59324.493125000001,15.9315729,0.0118886624,0,zr,341.41413080000001,20.276002900000002,1.28400004,-0.0390000008,20210420493113,597,0xa,0x1,20.7600002,26.1424713,0.0234835744,0.121247515,7.32350554e-06,30,2.23200011,1
597210100005715,157049508,2459324.991201784,59324.495081000001,15.9237185,0.0118735693,0,zr,341.41412150000002,20.276009699999999,0.764999986,-0.0270000007,20210420495081,597,0xa,0x1,20.5900002,26.1566029,0.0250111092,0.109451689,8.27325857e-06,30,2.18799996,1
597210100005715,157049704,2459324.993169494,59324.497048600002,15.9254961,0.0118769752,0,zr,341.41413,20.276009599999998,0.726000011,-0.0529999994,20210420497037,597,0xa,0x1,20.7800007,26.1613922,0.0238749608,0.109997123,7.52919004e-06,30,2.14499998,1
597210100005715,157049900,2459324.9951256053,59324.499004600002,15.9160757,0.0118590258,0,zr,341.41410450000001,20.276009200000001,0.449999988,-0.00800000038,20210420499005,597,0xa,0x1,20.8400002,26.1659603,0.0238928478,0.110466801,7.5220787e-06,30,2.10400009,1
597210100005715,157050097,2459324.9970933148,59324.500972200003,15.9061956,0.0118404236,0,zr,341.41412059999999,20.276006500000001,0.58099997,-0.0350000001,20210420500961,597,0xa,0x1,20.5699997,26.1720676,0.0240690783,0.110047735,7.59466957e-06,30,2.06500006,1
597210100005715,157148978,2459325.9859561278,59325.489780099997,15.9011106,0.011830939,0,zr,341.41412989999998,20.276003299999999,0.479999989,-0,20210421489780,597,0xa,0x1,20.2299995,26.1328697,0.0297079664,0.116150476,1.17058171e-05,30,2.24600005,1
597210100005715,157149180,2459325.9879817409,59325.491805600002,15.9164639,0.0118597616,0,zr,341.41417250000001,20.275961299999999,1.30999994,-0.0329999998,20210421491806,597,0xa,0x1,19.1700001,26.1322556,0.0420549773,0.102525286,3.04978385e-05,30,2.20000005,1
597210100005715,157149383,2459325.9900072594,59325.493831,15.9183702,0.0118633788,0,zr,341.41413660000001,20.276048800000002,0.839999974,0.00499999989,20210421493831,597,0xa,0x1,19.6900005,26.1361637,0.0399854518,0.11883001,2.14777956e-05,30,2.15499997,1
597210100005715,157149585,2459325.9920328758,59325.495856499998,15.915062,0.0118571073,0,zr,341.41413549999999,20.2760134,1.13699996,-0.00100000005,20210421495856,597,0xa,0x1,19.9099998,26.1448536,0.0348692015,0.117297627,1.61995085e-05,30,2.11299992,1
597210100005715,157150162,2459325.9977971036,59325.501620399999,15.918292,0.0118632289,0,zr,341.41416079999999,20.275957300000002,1.14499998,-0.00100000005,20210421501620,597,0xa,0x1,19.4300003,26.1391525,0.042211026,0.115642712,2.58871041e-05,30,2.00200009,1
597210100005715,160042380,2459354.9220172591,59354.423807899999,15.9541359,0.0119328247,0,zr,341.41419500000001,20.276005099999999,1.29400003,0.0199999996,20210520423808,597,0xa,0x1,19.0100002,26.1750431,0.045646213,0.112676516,3.8049573e-05,30,1.977,1
597210100005715,160346472,2459357.9631819688,59357.464722199999,15.9844933,0.0119941849,0,zr,341.4141285,20.276008000000001,0.293000013,0.00800000038,20210523464722,597,0xa,0x1,21.0699997,26.2256088,0.0247255694,0.10652715,8.07240576e-06,30,1.41100001,3
597210100005715,160446251,2459358.9610545156,59358.462511600002,15.972393,0.0119694592,0,zr,341.41413399999999,20.275993199999998,1.31400001,-0.0710000023,20210524462512,597,0xa,0x1,20.3299999,26.2327023,0.0470255502,0.0989419445,2.89367817e-05,30,1.40699995,3
597210100005715,160543232,2459359.930950541,59359.432326399998,15.9719276,0.011968514,0,zr,341.41413010000002,20.276003500000002,0.483999997,-0.0460000001,20210525432326,597,0xa,0x1,20.3299999,26.1898899,0.02708707,0.105032325,9.56662461e-06,30,1.65999997,1
597210100005715,160742399,2459361.9227853706,59361.423993099997,15.9446068,0.0119140269,0,zr,341.41409270000003,20.275997199999999,0.890999973,0.00300000003,20210527423981,597,0xa,0x1,20.1700001,26.2518024,0.0289523937,0.104428411,1.09471011e-05,30,1.69400001,3
597210100005715,160845049,2459362.9493772695,59362.450497700003,15.9525814,0.0119297439,0,zr,341.41412869999999,20.275998699999999,0.783999979,-0.0450000018,20210528450486,597,0xa,0x1,20.7700005,26.2726707,0.0262466259,0.100052632,8.97884183e-06,30,1.41499996,1
597210100005715,160940542,2459363.9043892645,59363.4054282,15.9250927,0.0118762013,0,zr,341.41412009999999,20.2760152,0.666000009,-0.0370000005,20210529405417,597,0xa,0x1,20.5300007,26.2370148,0.0247894656,0.110687055,8.15046769e-06,30,1.875,3
597210100005715,161045265,2459364.951701398,59364.452650500003,15.9714956,0.0119676385,0,zr,341.41412930000001,20.276003200000002,0.375999987,0.0120000001,20210530452650,597,0xa,0x1,20.7199993,26.2366219,0.024313271,0.104285553,7.65275672e-06,30,1.36199999,3
597210100005715,161142368,2459365.9228150421,59365.423680599997,15.9714556,0.0119675566,0,zr,341.41413740000002,20.2760088,0.55400002,-0.0130000003,20210531423669,597,0xa,0x1,20.8099995,26.177578,0.0234423578,0.110137664,7.20864182e-06,30,1.57700002,3
597210100005715,161142460,2459365.9237410231,59365.424606499997,15.97962,0.0119841835,0,zr,341.4141396,20.276001000000001,1.00300002,-0.0379999988,20210531424606,597,0xa,0x1,20.7000008,26.1917763,0.024911711,0.100046061,8.11685368e-06,30,1.56799996,1
597210100005715,161240766,2459366.9068814041,59366.407661999998,15.9870777,0.011999513,0,zr,341.414132,20.275991399999999,0.483999997,-0.00200000009,20210601407662,597,0xa,0x1,20.8700008,26.1632671,0.0233154688,0.103722043,7.06520768e-06,30,1.72800004,3
597210100005715,161341156,2459367.9108688831,59367.411562499998,15.9622364,0.0119489804,0,zr,341.41413799999998,20.275994300000001,0.547999978,-0.00800000038,20210602411562,597,0xa,0x1,20.6200008,26.1894302,0.024475595,0.102188468,7.80673054e-06,30,1.648,3
597210100005715,161341249,2459367.9118064661,59367.412499999999,15.9729261,0.0119705405,0,zr,341.41412359999998,20.276009299999998,0.603999972,-0.00300000003,20210602412488,597,0xa,0x1,20.8199997,26.1951427,0.0227353573,0.103095829,6.71987164e-06,30,1.63699996,1
597210100005715,161545373,2459369.9532225151,59369.4537384,15.9381065,0.0119013265,0,zr,341.41412550000001,20.276000799999998,0.280999988,-0.0219999999,20210604453738,597,0xa,0x1,21.2900009,26.2542896,0.0216778275,0.0959986225,6.05883952e-06,30,1.27600002,1
597210100005715,162245652,2459376.9566262979,59376.456527800001,15.9614105,0.0119473264,0,zr,341.41412359999998,20.2760055,0.488000005,-0.0390000008,20210611456528,597,0xa,0x1,21.3899994,26.2934952,0.0206696,0.096723184,5.53090831e-06,30,1.17900002,1
597210100005715,162540112,2459379.9014803097,59379.401122700001,15.9849586,0.0119951423,0,zr,341.41410569999999,20.2760085,0.703000009,0.0430000015,20210614401123,597,0xa,0x1,21.2399998,26.2592659,0.0216159094,0.103669904,6.11005407e-06,30,1.43799996,3
597210100005715,162541425,2459379.9146180758,59379.4142593,15.9790249,0.0119829662,0,zr,341.41413240000003,20.275992800000001,0.52700001,0.00999999978,20210614414259,597,0xa,0x1,21.1399994,26.2672539,0.0224277955,0.105697602,6.48085688e-06,30,1.34599996,1
597210100005715,163036702,2459384.8678186629,59384.367025500003,15.9773731,0.0119795902,0,zr,341.41411679999999,20.276022699999999,2.04699993,0.0329999998,20210619367025,597,0xa,0x1,20.5900002,26.0296726,0.0350600444,0.106882811,1.6079759e-05,30,1.62699997,1
597210100005715,163137233,2459385.8732188991,59385.372338000001,15.918211,0.0118630752,0,zr,341.41413720000003,20.275991300000001,0.425999999,-0.00800000038,20210620372338,597,0xa,0x1,20.6700001,26.1923714,0.0259715058,0.107684121,8.78379342e-06,30,1.54499996,3
597210100005715,163241238,2459386.9133557775,59386.412384299998,15.9954195,0.0120168254,0,zr,341.41412769999999,20.275995900000002,0.414999992,-0.0209999997,20210621412384,597,0xa,0x1,21.3600006,26.2597961,0.0201682057,0.099265039,5.2575374e-06,30,1.25100005,3
597210100005715,163241332,2459386.9142933595,59386.413321799999,15.9906216,0.0120068472,0,zr,341.41413440000002,20.275988999999999,0.501999974,0.00499999989,20210621413322,597,0xa,0x1,21.1900005,26.2649879,0.0194255933,0.0967902839,4.92576419e-06,30,1.24600005,1
597210100005715,163344180,2459387.9428664683,59387.441805599999,15.9407806,0.0119065382,0,zr,341.41412609999998,20.275998300000001,0.569000006,-0.0219999999,20210622441794,597,0xa,0x1,21.3199997,26.1291542,0.0217970125,0.101895727,6.22743528e-06,30,1.13,3
597210100005715,163638543,2459390.8867546185,59390.385439799997,15.9142942,0.0118556563,0,zr,341.41412000000003,20.275999200000001,0.542999983,-0.0170000009,20210625385428,597,0xa,0x1,20.2900009,26.2806435,0.0299254935,0.100555956,1.15990342e-05,30,1.33800006,3
597210100005715,163740201,2459391.9034158341,59391.402013899999,15.9304581,0.0118865119,0,zr,341.41412059999999,20.276007199999999,0.518000007,-0.0320000015,20210626402002,597,0xa,0x1,20.5100002,26.2787876,0.0262621678,0.106862858,8.97854716e-06,30,1.23500001,1
597210100005715,163843306,2459392.934557037,59392.433067099999,16.0007553,0.0120279891,0,zr,341.4141391,20.275991999999999,0.389999986,0.0209999997,20210627433056,597,0xa,0x1,20.3099995,26.2732391,0.0255003776,0.105144121,8.37761309e-06,30,1.11600006,3
597210100005715,164042396,2459394.9256286044,59394.423969900003,15.9632444,0.0119510004,0,zr,341.41413349999999,20.275987400000002,0.625999987,-0.0439999998,20210629423958,597,0xa,0x1,20.7000008,26.2077446,0.0234882105,0.1033995,7.23596713e-06,30,1.12600005,3
597210100005715,164240138,2459396.9032136095,59396.401388899998,15.9170055,0.0118607879,0,zr,341.41414090000001,20.275988099999999,0.737999976,-0.00499999989,20210701401377,597,0xa,0x1,20.9500008,26.2144756,0.0227425396,0.104618751,6.78254173e-06,30,1.18099999,3
597210100005715,164341332,2459397.9152307981,59397.413321799999,15.9106741,0.0118488278,0,zr,341.41412839999998,20.2759891,0.56400001,0.00800000038,20210702413322,597,0xa,0x1,21.3199997,26.2451916,0.0210092384,0.101078235,5.794564e-06,30,1.13300002,1
597210100005715,164341427,2459397.9161798763,59397.4142708,15.8966303,0.0118226279,0,zr,341.4141386,20.275995699999999,0.432000011,0.0149999997,20210702414259,597,0xa,0x1,21.2000008,26.2481174,0.020632783,0.101931915,5.60761464e-06,30,1.13,3
597210100005715,164538474,2459399.8868171321,59399.384745399999,15.9329586,0.0118913408,0,zr,341.41412330000003,20.275994000000001,1.028,0.0120000001,20210704384711,597,0xa,0x1,21.3899994,26.246376,0.0211222954,0.0954234675,5.8599976e-06,30,1.21500003,3
597210100005715,164643513,2459400.9372965465,59400.4351389,15.9808455,0.0119866924,0,zr,341.41413160000002,20.276007499999999,0.510999978,-0.0370000005,20210705435127,597,0xa,0x1,21.5200005,26.2762146,0.021751577,0.0930127352,6.1781484e-06,30,1.06599998,3
597210100005715,164643607,2459400.9382341234,59400.436076400001,15.9694052,0.0119634066,0,zr,341.41414020000002,20.275996200000002,0.777999997,0.00499999989,20210705436076,597,0xa,0x1,21.4699993,26.2797585,0.0205937363,0.0951220691,5.49990409e-06,30,1.06500006,1
597210100005715,164743613,2459401.9383732253,59401.436134299998,15.9374542,0.011900058,0,zr,341.4141434,20.275995000000002,0.195999995,-0.00200000009,20210706436123,597,0xa,0x1,21.4699993,26.299078,0.0209961496,0.0970836431,5.83699193e-06,30,1.06099999,3
597210100005715,164840563,2459402.9079536814,59402.4056366,15.945962,0.0119166877,0,zr,341.41413180000001,20.275996800000001,0.689999998,0.00600000005,20210707405637,597,0xa,0x1,21.1800003,26.2794781,0.0223317817,0.0890116394,6.57969667e-06,30,1.11699998,1
597210100005715,164840657,2459402.9088912574,59402.406574100001,15.9254332,0.0118768541,0,zr,341.41413840000001,20.2759836,0.671000004,-0.0199999996,20210707406574,597,0xa,0x1,21.25,26.2739124,0.0230127946,0.0953243822,6.98111717e-06,30,1.11399996,3
597210100005715,165044373,2459404.94621795,59404.443738399998,15.9614401,0.011947385,0,zr,341.4141338,20.2759958,0.83099997,0.0289999992,20210709443727,597,0xa,0x1,21.3799992,26.1028385,0.0232009143,0.10383749,7.02567104e-06,30,1.04200006,1
597210100005715,165245574,2459406.9583779699,59406.455740700003,15.9687405,0.0119620655,0,zr,341.41413779999999,20.276003100000001,0.649999976,0.0140000004,20210711455741,597,0xa,0x1,21.3400002,26.1424141,0.021793209,0.097940661,6.26518977e-06,30,1.03199995,1
597210100005715,165530857,2459409.8114323243,59409.308576399999,15.9517651,0.0119281299,0,zr,341.41411540000001,20.2759939,0.726999998,-0.0120000001,20210714308576,597,0xa,0x1,21.2199993,26.0541058,0.0225665923,0.103030659,6.64090203e-06,30,1.528,2
597210100005715,165544422,2459409.9470907543,59409.444224500003,15.912406,0.0118520902,0,zr,341.41413490000002,20.275996800000001,1.82299995,0.0469999984,20210714444225,597,0xa,0x1,21.5200005,26.172821,0.0230585523,0.0938706249,6.96995539e-06,30,1.03299999,1
597210100005715,165544517,2459409.9480399252,59409.445173599997,15.9133997,0.011853965,0,zr,341.41414170000002,20.276003500000002,0.708000004,0.0160000008,20210714445162,597,0xa,0x1,21.7600002,26.1578178,0.0245509353,0.094227396,7.909347e-06,30,1.03299999,2
597210100005715,165639155,2459410.8944883235,59410.3915509,15.9161005,0.0118590724,0,zr,341.41413879999999,20.2759942,0.565999985,0.0240000002,20210715391551,597,0xa,0x1,21.3400002,26.130312,0.0215710253,0.0996903181,6.07288894e-06,30,1.09800005,2
597210100005715,165642276,2459410.9257059684,59410.422766199998,15.8925276,0.0118150618,0,zr,341.41413849999998,20.276003800000002,0.707000017,0.0130000003,20210715422766,597,0xa,0x1,21.5200005,26.1309624,0.0223907717,0.0954681858,6.62654065e-06,30,1.04700005,2
597210100005715,165745736,2459411.9603777835,59411.457361100001,15.9673281,0.0119592147,0,zr,341.41413110000002,20.2760003,0.814999998,0.101000004,20210716457350,597,0xa,0x1,21.5499992,26.1180897,0.0255857203,0.0991328135,8.64946651e-06,30,1.03199995,1
597210100005715,165839356,2459412.8966503204,59412.393564799997,15.9707794,0.0119661875,0,zr,341.41411849999997,20.275996899999999,1.06200004,-0.0659999996,20210717393553,597,0xa,0x1,21.5400009,26.1730404,0.0261890683,0.0950506181,8.88831437e-06,30,1.08200002,2
597210100005715,165843442,2459412.9375098194,59412.4344213,15.9808321,0.0119866664,0,zr,341.41413940000001,20.276000799999998,0.83099997,0.0710000023,20210717434410,597,0xa,0x1,21.4899998,26.1876068,0.021696182,0.0961771905,6.2197837e-06,30,1.03400004,2
597210100005715,166044177,2459414.9450044064,59414.441770799996,15.9415808,0.0119081,0,zr,341.41414930000002,20.275998999999999,1.09800005,0.0240000002,20210719441713,597,0xa,0x1,21.6299992,26.2442093,0.0230441354,0.0989835486,6.96386178e-06,30,1.03100002,2
597210100005715,166044415,2459414.9473888786,59414.444155099998,15.9502468,0.0119251264,0,zr,341.41413369999998,20.275981399999999,0.962000012,0.0189999994,20210719444155,597,0xa,0x1,21.7999992,26.2539196,0.0233506653,0.0941487923,7.19804393e-06,30,1.03100002,1
597210100005715,166139542,2459415.8987295115,59415.395428199998,15.9748831,0.0119745154,0,zr,341.41412880000001,20.276003200000002,0.67900002,0.0309999995,20210720395428,597,0xa,0x1,21.6700001,26.2306118,0.0206902791,0.0947960839,5.6778299e-06,30,1.06400001,2
597210100005715,166140314,2459415.9064499582,59415.403148099998,15.9732723,0.0119712418,0,zr,341.41413870000002,20.276008999999998,0.899999976,0.057,20210720403148,597,0xa,0x1,21.7600002,26.2319965,0.0231405534,0.0947067961,7.05490856e-06,30,1.05400002,2
597210100005715,166344166,2459417.9451105772,59417.441666699997,15.9687481,0.0119620794,0,zr,341.41412919999999,20.275998399999999,0.949000001,-0.0109999999,20210722441620,597,0xa,0x1,20.8700008,25.9775772,0.028158633,0.0959548354,1.0522459e-05,30,1.03199995,2
597210100005715,166440018,2459418.9036945347,59418.4001852,15.9346714,0.0118946545,0,zr,341.41412750000001,20.275983199999999,0.578000009,-0.0149999997,20210723400185,597,0xa,0x1,20.2800007,26.0880833,0.0320169479,0.110773392,1.34890879e-05,30,1.04799998,2
597210100005715,166836848,2459422.8722548047,59422.368483799997,15.9749126,0.0119745769,0,zr,341.41413230000001,20.276001099999998,0.542999983,0.00300000003,20210727368484,597,0xa,0x1,20.6200008,26.2543125,0.0239612181,0.101053663,7.54423127e-06,30,1.07799995,2
597210100005715,166843730,2459422.9410786182,59422.4373032,15.9067364,0.0118414368,0,zr,341.41413130000001,20.276002299999998,0.776000023,0.115999997,20210727437303,597,0xa,0x1,20.75,26.2683163,0.0246399846,0.0998236388,8.03929015e-06,30,1.03600001,2
597210100005715,166942333,2459423.9271712522,59423.423333300001,15.9028454,0.0118341688,0,zr,341.4141315,20.2759964,0.32100001,0.0179999992,20210728423333,597,0xa,0x1,20.3799992,26.0792904,0.0298020188,0.103839569,1.17082982e-05,30,1.03199995,2
597210100005715,166944681,2459423.9506565272,59423.446817099997,15.922286,0.011870835,0,zr,341.41413419999998,20.275997,1.023,-0.0729999989,20210728446806,597,0xa,0x1,20.4099998,26.2159348,0.0258451011,0.09842664,8.79139225e-06,30,1.04499996,2
597210100005715,167033949,2459424.8433858352,59424.339490699997,15.9707775,0.0119661829,0,zr,341.41412409999998,20.275995500000001,0.704999983,-0.00100000005,20210729339479,597,0xa,0x1,21.0799999,26.2451458,0.0235209428,0.0969446078,7.22062532e-06,30,1.13300002,2
597210100005715,167035687,2459424.860771223,59424.356874999998,15.9570475,0.0119386148,0,zr,341.4141219,20.2759778,0.569999993,0.00100000005,20210729356829,597,0xa,0x1,20.9699993,26.2514725,0.0234466549,0.100213178,7.11073972e-06,30,1.09000003,1
597210100005715,167039960,2459424.9035053803,59424.399606500003,15.896636,0.011822639,0,zr,341.41412350000002,20.2760125,0.476000011,-0.0149999997,20210729399606,597,0xa,0x1,20.8600006,26.2602463,0.022689512,0.105039299,6.78539664e-06,30,1.03499997,2
597210100005715,167132836,2459425.8323239926,59425.328368100003,15.9787092,0.0119823208,0,zr,341.4141348,20.276000100000001,0.683000028,-0.0359999985,20210730328356,597,0xa,0x1,20.9699993,26.1545372,0.0222846419,0.102193981,6.57632881e-06,30,1.15999997,2
597210100005715,167240386,2459426.9078865265,59426.403865699998,15.9612713,0.011947046,0,zr,341.41412630000002,20.2760076,1.07299995,0.00600000005,20210731403866,597,0xa,0x1,21.2099991,26.2290211,0.0235386863,0.100814268,7.2971402e-06,30,1.03199995,1
597210100005715,167334053,2459427.8446087162,59427.340532399998,15.8999996,0.0118288752,0,zr,341.41412880000001,20.275984300000001,0.282999992,-0,20210801340521,597,0xa,0x1,21.5900002,26.2542877,0.0221581217,0.0986086279,6.38914071e-06,30,1.10800004,2
597210100005715,167345837,2459427.962462842,59427.458379600001,15.9513474,0.0119273011,0,zr,341.41412980000001,20.2759976,0.785000026,-0.050999999,20210801458356,597,0xa,0x1,21.3099995,26.2569847,0.0202605817,0.0940296948,5.39234134e-06,30,1.07700002,2
597210100005715,167436555,2459428.8696915638,59428.365555600001,15.9584188,0.0119413473,0,zr,341.41413230000001,20.275992599999999,0.513000011,0.0130000003,20210802365556,597,0xa,0x1,21.5599995,26.2476807,0.0217104182,0.0957672819,6.13099292e-06,30,1.05599999,2
597210100005715,167436650,2459428.8706406187,59428.366504600002,15.9594135,0.0119433338,0,zr,341.41412819999999,20.275992200000001,1.00100005,0.057,20210802366505,597,0xa,0x1,21.4300003,26.2526875,0.0215528216,0.0986191481,6.02624687e-06,30,1.05499995,1
597210100005715,167439840,2459428.9025406605,59428.398402799998,16.0098839,0.0120472535,0,zr,341.41413669999997,20.276020899999999,1.22599995,0.0419999994,20210802398391,597,0xa,0x1,21.6499996,26.263382,0.0241506156,0.0955479816,7.58292845e-06,30,1.03199995,2
597210100005715,167536233,2459429.8665308286,59429.362337999999,15.9801483,0.0119852647,0,zr,341.41413569999997,20.276,0.549000025,-0.0120000001,20210803362338,597,0xa,0x1,21.6700001,26.2736015,0.0213504415,0.0960099921,5.93000277e-06,30,1.05700004,2
597210100005715,167540943,2459429.9136283952,59429.4094329,15.9496117,0.0119238729,0,zr,341.41413870000002,20.275998699999999,0.541000009,-0.0170000009,20210803409387,597,0xa,0x1,21.7099991,26.2771759,0.0232011061,0.0940425247,7.11138864e-06,30,1.03199995,2
597210100005715,167634434,2459430.8485880415,59430.344340299998,15.973403,0.0119715091,0,zr,341.41413390000002,20.275992899999999,0.437999994,0.00999999978,20210804344294,597,0xa,0x1,21.5599995,26.2768154,0.0202547777,0.0971428901,5.37353799e-06,30,1.08200002,2
597210100005715,167635289,2459430.8571417183,59430.352893499999,15.9756021,0.0119759813,0,zr,341.41414129999998,20.2759939,0.860000014,0.0160000008,20210804352836,597,0xa,0x1,21.5799999,26.2693081,0.0210822523,0.101449192,5.87337991e-06,30,1.06700003,1
597210100005715,167637943,2459430.8836825937,59430.379432900001,15.9468231,0.011918379,0,zr,341.41414040000001,20.2760073,0.742999971,-0.0140000004,20210804379421,597,0xa,0x1,21.5200005,26.2745075,0.0211533699,0.097834602,5.92578635e-06,30,1.03699994,2
597210100005715,168035736,2459434.8618215309,59434.357361100003,15.9184046,0.011863444,0,zr,341.414129,20.275985500000001,0.699999988,0.0199999996,20210808357350,597,0xa,0x1,21.8999996,26.2864704,0.0263719428,0.0868004933,9.0233998e-06,30,1.04700005,2
597210100005715,168137361,2459435.8781223097,59435.373611100003,15.959465,0.0119434362,0,zr,341.41414880000002,20.275991399999999,1.04100001,0.0520000011,20210809373600,597,0xa,0x1,21.8600006,26.2350101,0.0235622525,0.0946153179,7.32405806e-06,30,1.03299999,2
597210100005715,168236069,2459436.8652537027,59436.360694399998,15.964097,0.0119527113,0,zr,341.41413210000002,20.275995500000001,0.621999979,0.0130000003,20210810360694,597,0xa,0x1,21.75,26.2079659,0.0227418393,0.0925836638,6.73595105e-06,30,1.03900003,2
597210100005715,168432644,2459438.8310982189,59438.326446799998,15.9875097,0.0120004043,0,zr,341.41412889999998,20.275999599999999,0.875,-0.0480000004,20210812326447,597,0xa,0x1,21.3700008,26.1276474,0.0225452371,0.0953490362,6.58739918e-06,30,1.07500005,1
597210100005715,168537972,2459439.8844209616,59439.379722199999,15.8896494,0.0118097737,0,zr,341.41413340000003,20.275990400000001,0.680999994,0.0689999983,20210813379688,597,0xa,0x1,21.6100006,26.1370468,0.0245141815,0.0991607681,7.86993132e-06,30,1.03199995,2
597210100005715,168630400,2459440.8087436929,59440.304004600002,15.948823,0.0119223194,0,zr,341.41413599999998,20.275995500000001,0.510999978,-0.0179999992,20210814304005,597,0xa,0x1,21.5400009,26.1613274,0.022656275,0.0919808894,6.72296392e-06,30,1.11099994,2
597210100005715,168833828,2459442.8431109763,59442.338286999999,15.9240646,0.0118742343,0,zr,341.41413610000001,20.275988600000002,0.783999979,0.0419999994,20210816338229,597,0xa,0x1,21.8299999,26.2164516,0.0254533608,0.0942883566,8.48960008e-06,30,1.04400003,2
597210100005715,168843758,2459442.9424089668,59442.437580999998,15.9107285,0.0118489312,0,zr,341.41413679999999,20.2759775,0.533999979,-0.0280000009,20210816437581,597,0xa,0x1,21.3500004,26.1719303,0.0227180645,0.098042585,6.73408385e-06,30,1.12199998,2
597210100005715,168929726,2459443.8021305683,59443.297268499999,15.9013033,0.0118312957,0,zr,341.4141305,20.275988399999999,0.316000015,0.00600000005,20210817297257,597,0xa,0x1,21.1700001,26.0736351,0.0232946835,0.100624137,7.12627343e-06,30,1.10699999,1
597210100005715,168931108,2459443.8159506149,59443.311088000002,15.9285727,0.0118828798,0,zr,341.41413699999998,20.275986799999998,0.685000002,0.0299999993,20210817311088,597,0xa,0x1,21.3299999,26.0850048,0.0235140659,0.0997472331,7.26775761e-06,30,1.07799995,2
597210100005715,168947837,2459443.9832487009,59443.478379599997,15.9447289,0.0119142644,0,zr,341.41413540000002,20.2759994,0.751999974,-0.00300000003,20210817478380,597,0xa,0x1,21.1599998,25.9779263,0.0230979472,0.101632692,6.88265072e-06,30,1.296,2
597210100005715,169025997,2459444.7648759624,59444.259976900001,15.9238682,0.011873858,0,zr,341.41412709999997,20.276005600000001,1.02400005,0.0900000036,20210818259884,597,0xa,0x1,20.3999996,26.0166054,0.0306304861,0.109235473,1.24495382e-05,30,1.22300005,2
597210100005715,169028048,2459444.7853859514,59444.280486099997,15.9329643,0.0118913492,0,zr,341.41412789999998,20.276005999999999,0.345999986,-0.00200000009,20210818280486,597,0xa,0x1,20.6399994,26.0894318,0.0262105782,0.105232321,9.03335331e-06,30,1.14699996,2
597210100005715,169234621,2459446.8511903263,59446.3462153,15.9132986,0.011853775,0,zr,341.41413490000002,20.276000700000001,0.597000003,0.0399999991,20210820346157,597,0xa,0x1,20.5799999,26.2466145,0.0261118747,0.10854616,8.89544754e-06,30,1.03199995,2
597210100005715,169236938,2459446.8743624361,59446.369386600003,15.9183578,0.0118633565,0,zr,341.41413110000002,20.276007700000001,0.656000018,-0.0399999991,20210820369387,597,0xa,0x1,20.5599995,26.2409973,0.0252823699,0.107160293,8.40460052e-06,30,1.03499997,1
597210100005715,169238502,2459446.8899994814,59446.385023100003,15.9154301,0.0118578048,0,zr,341.41413180000001,20.2759906,0.226999998,-0.00999999978,20210820385012,597,0xa,0x1,20.6599998,26.2430782,0.0242620837,0.10431996,7.76885008e-06,30,1.046,2
597210100005715,169531859,2459449.8236724031,59449.318599500002,15.922061,0.0118704056,0,zr,341.41411859999999,20.2759894,0.514999986,0.00600000005,20210823318600,597,0xa,0x1,20.2900009,26.2755337,0.0296186376,0.105927661,1.1490416e-05,30,1.04400003,2
597210100005715,169534962,2459449.8547034641,59449.349629600001,15.9337502,0.0118928729,0,zr,341.41413720000003,20.2759997,0.651000023,0.0250000004,20210823349618,597,0xa,0x1,19.8400002,26.2203255,0.0378428288,0.105265461,1.92340194e-05,30,1.03100002,1
597210100005715,169539629,2459449.9013715931,59449.396296300001,16.0141754,0.0120563842,0,zr,341.41412580000002,20.276012300000001,0.819999993,-0.0209999997,20210823396273,597,0xa,0x1,19.1000004,26.1110115,0.0487099364,0.100379109,4.13815178e-05,30,1.07299995,2
597210100005715,169631268,2459450.8177881003,59450.312685199999,15.9209328,0.0118682552,0,zr,341.41413740000002,20.2760085,0.839999974,-0.0199999996,20210824312674,597,0xa,0x1,19.1499996,26.0199299,0.0429407656,0.120044895,3.1854328e-05,30,1.04799998,2
597210100005715,169635652,2459450.8616319969,59450.356527800002,15.9847202,0.0119946515,0,zr,341.41413490000002,20.275996200000002,0.499000013,-0.0450000018,20210824356505,597,0xa,0x1,19.1100006,25.9960976,0.0382444113,0.110251211,2.5457226e-05,30,1.03400004,2
597210100005715,169727812,2459451.7832556954,59451.278124999997,15.9410477,0.0119070597,0,zr,341.41413119999999,20.275997,0.509000003,0.0670000017,20210825278125,597,0xa,0x1,20.3500004,26.2354851,0.0284012053,0.104485989,1.05089612e-05,30,1.10099995,1
597210100005715,169727906,2459451.7841932219,59451.279062499998,15.9592037,0.0119429147,0,zr,341.4141262,20.276004400000001,0.536000013,-0.0260000005,20210825279062,597,0xa,0x1,20.3799992,26.2466965,0.026544515,0.102776557,9.29759517e-06,30,1.09899998,2
597210100005715,169928234,2459453.7875337126,59453.282349499998,15.991807,0.0120093059,0,zr,341.41413039999998,20.2760034,0.32100001,-0.0240000002,20210827282338,597,0xa,0x1,21.2099991,26.3041286,0.0239450932,0.101861611,7.40049336e-06,30,1.08000004,2
597210100005715,169930956,2459453.8147451091,59453.309560200003,15.9552736,0.011935086,0,zr,341.41414320000001,20.275999200000001,0.671999991,0.0680000037,20210827309525,597,0xa,0x1,21.1800003,26.3127823,0.0216827337,0.102305844,6.11812357e-06,30,1.04299998,1
597210100005715,169934998,2459453.8551743315,59453.349988399998,15.9139328,0.0118549736,0,zr,341.41413519999998,20.276001300000001,0.610000014,-0.0299999993,20210827349965,597,0xa,0x1,21.1599998,26.3174553,0.0211319495,0.101584889,5.91838625e-06,30,1.03400004,2
597210100005715,170042421,2459454.9294251199,59454.424212999998,15.9621754,0.0119488556,0,zr,341.41412810000003,20.275984099999999,0.921000004,0,20210828424144,597,0xa,0x1,21.2999992,26.2936897,0.0250001047,0.0980812982,8.23228856e-06,30,1.18499994,2
597210100005715,170128304,2459455.7882758989,59455.283044000003,15.9304123,0.0118864253,0,zr,341.41414090000001,20.275988300000002,0.375,0.00600000005,20210829283044,597,0xa,0x1,21.4599991,26.2678337,0.0225181263,0.0927264839,6.67960785e-06,30,1.06900001,1
597210100005715,170129041,2459455.7956487653,59455.290416700002,15.9463387,0.0119174272,0,zr,341.4141406,20.276015900000001,0.763999999,-0.0560000017,20210829290405,597,0xa,0x1,21.3600006,26.2648945,0.0214983933,0.0989318117,6.115627e-06,30,1.05799997,2
597210100005715,170435381,2459458.8591131819,59458.353819399999,15.9507399,0.0119261025,0,zr,341.41412489999999,20.2759921,0.474999994,0.0130000003,20210901353808,597,0xa,0x1,21.4799995,26.2551937,0.0222753864,0.0950940251,6.44873899e-06,30,1.04799998,2
597210100005715,170437456,2459458.8798543462,59458.374560199998,15.9297314,0.0118851094,0,zr,341.41413399999999,20.276002999999999,0.555999994,-0.0540000014,20210901374560,597,0xa,0x1,21.4899998,26.2603874,0.0223501697,0.0927159339,6.58198269e-06,30,1.07799995,2
597210100005715,170526180,2459459.7671150099,59459.261805599999,15.9563198,0.0119371638,0,zr,341.41414500000002,20.2760131,0.903999984,-0.0390000008,20210902261806,597,0xa,0x1,21.5400009,26.2989559,0.0225115828,0.096056819,6.66437654e-06,30,1.08899999,2
597210100005715,170526993,2459459.7752401493,59459.269930599999,15.9774475,0.0119797448,0,zr,341.4141209,20.275988999999999,0.578999996,-0.0270000007,20210902269919,597,0xa,0x1,21.7800007,26.307085,0.023136951,0.0942795724,7.00929786e-06,30,1.07299995,1
597210100005715,170537208,2459459.8773945337,59459.372083299997,15.8983068,0.0118257347,0,zr,341.41413899999998,20.2759961,0.791999996,0.00700000022,20210902372083,597,0xa,0x1,21.8799992,26.3077488,0.0240540095,0.088872999,7.5808839e-06,30,1.079,2
597210100005715,170631809,2459460.8234163839,59460.318090300003,15.9511614,0.0119269341,0,zr,341.41413069999999,20.275992899999999,0.566999972,-0.0309999995,20210903318079,597,0xa,0x1,21.5799999,26.3127918,0.0228596255,0.0949793234,6.86005706e-06,30,1.03100002,2
597210100005715,170728841,2459461.7937543187,59461.288414399998,15.9300146,0.011885657,0,zr,341.41413069999999,20.275988000000002,0.70599997,0.0399999991,20210904288414,597,0xa,0x1,21.6700001,26.3105183,0.0224405564,0.0978024825,6.54438691e-06,30,1.04200006,2
597210100005715,170728935,2459461.7946918313,59461.289351899999,15.9585972,0.011941704,0,zr,341.41414500000002,20.275998699999999,0.56099999,-0.0329999998,20210904289352,597,0xa,0x1,21.6399994,26.3081532,0.0228071194,0.0968729556,6.76312629e-06,30,1.04100001,1
597210100005715,170736211,2459461.8674590094,59461.362118099998,15.9229069,0.0118720215,0,zr,341.41410339999999,20.2759848,0.702000022,0.0199999996,20210904362106,597,0xa,0x1,21.5699997,26.3085365,0.0218206178,0.096254915,6.29600481e-06,30,1.07099998,2
597210100005715,170836890,2459462.8742541634,59462.368900499998,15.9722729,0.0119692152,0,zr,341.41412939999998,20.275994300000001,0.528999984,0.00700000022,20210905368900,597,0xa,0x1,21.7399998,26.3094788,0.0243035164,0.090828605,7.67457004e-06,30,1.08899999,2
597210100005715,170840001,2459462.9053656175,59462.400011600002,15.9788065,0.0119825201,0,zr,341.41413840000001,20.275999899999999,0.76700002,0.00700000022,20210905400012,597,0xa,0x1,21.6599998,26.2953568,0.0219679885,0.0951136425,6.32733008e-06,30,1.176,2
597210100005715,170926084,2459463.7662085933,59463.260844900004,15.9338903,0.0118931411,0,zr,341.4141391,20.276002600000002,0.453999996,0.00200000009,20210906260845,597,0xa,0x1,21.7099991,26.2945461,0.02368352,0.0944281742,7.34694004e-06,30,1.07000005,2
597210100005715,170929480,2459463.8001672607,59463.294803199999,15.9060326,0.0118401172,0,zr,341.41414040000001,20.275999500000001,0.388000011,0.0109999999,20210906294792,597,0xa,0x1,21.5799999,26.2966347,0.0222176872,0.0951067209,6.50864331e-06,30,1.03400004,1
597210100005715,171032325,2459464.8286263859,59464.323252299997,15.9718819,0.0119684217,0,zr,341.41413610000001,20.2759967,0.587000012,0.0659999996,20210907323241,597,0xa,0x1,21.6800003,26.2860966,0.0229695346,0.0969777927,6.8232298e-06,30,1.03600001,2
597210100005715,171034094,2459464.8463233416,59464.340949099998,15.9879246,0.012001262,0,zr,341.41413840000001,20.275997499999999,0.634000003,-0.0260000005,20210907340903,597,0xa,0x1,21.6599998,26.2864227,0.0221532919,0.0949553475,6.38636038e-06,30,1.05200005,2
597210100005715,171119835,2459465.7037378117,59465.198356499997,15.9457064,0.0119161829,0,zr,341.41414450000002,20.276011400000002,0.606999993,0.0379999988,20210908198356,597,0xa,0x1,21.3999996,26.1981678,0.0222487841,0.100245349,6.53465304e-06,30,1.24300003,2
597210100005715,171133973,2459465.8451162186,59465.3397338,15.9825478,0.0119901849,0,zr,341.41414049999997,20.276,0.423999995,-0.0170000009,20210908339734,597,0xa,0x1,21.5100002,26.2540855,0.0212061815,0.0978617072,5.83204564e-06,30,1.05400002,2
597210100005715,171134067,2459465.8460537251,59465.3406713,15.9716644,0.0119679794,0,zr,341.41413599999998,20.276004,0.596000016,-0.0179999992,20210908340671,597,0xa,0x1,21.4500008,26.2541904,0.0219018497,0.0992005095,6.25738176e-06,30,1.05499995,1
597210100005715,171235252,2459466.8579122615,59466.352523100002,15.9293375,0.0118843522,0,zr,341.41413390000002,20.276010400000001,0.363999993,-0.0109999999,20210909352523,597,0xa,0x1,21.7600002,26.2745018,0.0238588247,0.0951832756,7.40271025e-06,30,1.07799995,2
597210100005715,171235895,2459466.8643474979,59466.358958299999,15.9141903,0.0118554598,0,zr,341.41413990000001,20.2759976,0.970000029,-0.0359999985,20210909358889,597,0xa,0x1,21.6100006,26.2675362,0.0211447254,0.0962810591,5.8008477e-06,30,1.09099996,2
597210100005715,171324519,2459467.750590615,59467.245196800002,15.97122,0.0119670806,0,zr,341.41412229999997,20.275985500000001,1.199,0.023,20210910245197,597,0xa,0x1,21.7099991,26.2557182,0.0217029806,0.0925986394,6.13992188e-06,30,1.07799995,2
597210100005715,171337252,2459467.8779174746,59467.372523099999,15.9096127,0.0118468329,0,zr,341.41413790000001,20.275994399999998,0.771000028,0.00600000005,20210910372523,597,0xa,0x1,21.5599995,26.255743,0.0218871012,0.0926371887,6.23688356e-06,30,1.13100004,2
597210100005715,171337346,2459467.8788549779,59467.3734606,15.9157228,0.0118583571,0,zr,341.41413549999999,20.276006500000001,0.596000016,-0.0170000009,20210910373461,597,0xa,0x1,21.6000004,26.2458515,0.021714,0.0944111869,6.14198825e-06,30,1.13399994,1
597210100005715,171435785,2459468.8632567232,59468.357858800002,15.9336872,0.0118927499,0,zr,341.41413979999999,20.276005600000001,0.289999992,-0.0260000005,20210911357847,597,0xa,0x1,21.5300007,26.2713356,0.0214305129,0.0941907838,6.0808693e-06,30,1.10000002,2
597210100005715,171537268,2459469.8780852202,59469.372685200004,15.9722309,0.0119691314,0,zr,341.41412750000001,20.276009299999998,1.07200003,0.00100000005,20210912372685,597,0xa,0x1,21.5900002,26.3105087,0.022258874,0.0892124698,6.40216467e-06,30,1.148,1
597210100005715,171537363,2459469.8790343218,59469.373634299998,15.964592,0.0119537069,0,zr,341.41413499999999,20.275993700000001,0.898000002,-0.0130000003,20210912373623,597,0xa,0x1,21.6700001,26.3048725,0.0224497765,0.0964429379,6.5643685e-06,30,1.15100002,2
597210100005715,171539396,2459469.8993699346,59469.393969899997,15.9808578,0.0119867176,0,zr,341.4141363,20.276013599999999,1.09500003,0.00200000009,20210912393958,597,0xa,0x1,21.5400009,26.2962818,0.020720819,0.0947758853,5.60058425e-06,30,1.22899997,2
597210100005715,171625807,2459470.7634792957,59470.258078699997,15.9220209,0.0118703283,0,zr,341.4141401,20.2760009,0.428000003,-0.00300000003,20210913258079,597,0xa,0x1,21.6599998,26.3096943,0.0226087011,0.0955895111,6.69717201e-06,30,1.04799998,2
597210100005715,171641031,2459470.9157130281,59470.410312499997,15.9319553,0.0118894018,0,zr,341.41413440000002,20.27599,0.694999993,0.00300000003,20210913410301,597,0xa,0x1,21.4799995,26.2541332,0.0213697366,0.0995329395,5.93524055e-06,30,1.329,2
597210100005715,171722123,2459471.7266382365,59471.221238400001,15.9455681,0.0119159129,0,zr,341.4141257,20.2759988,0.583999991,0.0350000001,20210914221227,597,0xa,0x1,20.9699993,26.1923065,0.0203471538,0.103546962,5.46029787e-06,30,1.10599995,2
597210100005715,171723177,2459471.7371706259,59471.231770799997,15.9314938,0.0118885096,0,zr,341.41413219999998,20.275993799999998,0.470999986,-0.0219999999,20210914231771,597,0xa,0x1,21.1000004,26.191328,0.0220741741,0.102480516,6.3664088e-06,30,1.08299994,2
597210100005715,171724601,2459471.7514183098,59471.246018500002,15.9309921,0.011887541,0,zr,341.41413720000003,20.276001900000001,0.469999999,0.00100000005,20210914246019,597,0xa,0x1,21.1700001,26.1877804,0.0209755711,0.102951922,5.80380129e-06,30,1.05900002,1
597210100005715,171836552,2459472.8709179177,59472.365520799998,15.9361076,0.011897441,0,zr,341.41413820000002,20.275992899999999,0.257999986,-0.0199999996,20210915365509,597,0xa,0x1,21.5900002,26.2900257,0.0218232814,0.0939219967,6.19434877e-06,30,1.15199995,2
597210100005715,171927032,2459473.7757176845,59473.270324099998,15.9619789,0.0119484644,0,zr,341.41413540000002,20.275985599999998,0.524999976,0.0240000002,20210916270278,597,0xa,0x1,21.3500004,26.2983418,0.0260133203,0.10541065,8.79916479e-06,30,1.03299999,2
597210100005715,171942034,2459473.9257400106,59473.420347200001,15.978219,0.0119813196,0,zr,341.41413360000001,20.276008399999998,0.824999988,-0.0289999992,20210916420347,597,0xa,0x1,21.3500004,26.2624092,0.0215585269,0.1033374,6.06464619e-06,30,1.45599997,2
597210100005715,171942129,2459473.9266891056,59473.421296300003,15.9696093,0.0119638192,0,zr,341.41413599999998,20.275998900000001,0.876999974,-0.00100000005,20210916421296,597,0xa,0x1,21.3199997,26.257782,0.0225587934,0.106737293,6.66859887e-06,30,1.46399999,1
597210100005715,172232126,2459476.8266340578,59476.321261600002,15.9226913,0.0118716089,0,zr,341.41413829999999,20.275995500000001,0.492000014,-0.0199999996,20210919321262,597,0xa,0x1,20.5499992,26.3093624,0.025330428,0.102466814,8.45647355e-06,30,1.07099998,1
597210100005715,172245378,2459476.9591558217,59476.453784700003,15.9240084,0.0118741272,0,zr,341.41413019999999,20.275995200000001,0.56099999,-0.0240000002,20210919453773,597,0xa,0x1,20.0400009,26.2199936,0.0321313851,0.109834753,1.34180345e-05,30,1.949,2
597210100005715,172322723,2459477.7325972752,59477.227233799997,15.967864,0.0119602941,0,zr,341.41413449999999,20.276004100000002,0.268999994,0.00499999989,20210920227222,597,0xa,0x1,20.1900005,26.3234882,0.0285883285,0.106340468,1.07208689e-05,30,1.06299996,2
597210100005715,172327407,2459477.7794370865,59477.274074100002,15.9301109,0.0118858423,0,zr,341.41413669999997,20.275994000000001,0.731999993,0.00600000005,20210920274062,597,0xa,0x1,20.6599998,26.3256035,0.026823651,0.101731256,9.43840314e-06,30,1.03100002,2
597210100005715,172420726,2459478.71262086,59478.207268500002,15.9641485,0.0119528174,0,zr,341.41412229999997,20.2759958,0.626999974,-0.0299999993,20210921207211,597,0xa,0x1,20.1200008,26.3134327,0.0310936552,0.0971330479,1.25304314e-05,30,1.09399998,2
597210100005715,172423753,2459478.7428867044,59478.237534699998,15.9469795,0.0119186863,0,zr,341.41411770000002,20.2760085,1.273,-0.125,20210921237523,597,0xa,0x1,19.8899994,26.3104782,0.0330139846,0.10018006,1.43419393e-05,30,1.046,1
597210100005715,172427356,2459478.7789163729,59478.273564800002,15.912612,0.0118524805,0,zr,341.414131,20.2759891,0.745000005,0.0799999982,20210921273484,597,0xa,0x1,20.25,26.3041763,0.0274680294,0.104524739,9.92513287e-06,30,1.03199995,2
597210100005715,172620753,2459480.7128599035,59480.207534699999,15.8862715,0.0118035944,0,zr,341.41412630000002,20.275988099999999,0.787,0.00800000038,20210923207535,597,0xa,0x1,20.8899994,26.282198,0.0234895349,0.095854044,7.23954827e-06,30,1.08299994,2
597210100005715,172626179,2459480.7671183967,59480.261793999998,15.9581566,0.0119408229,0,zr,341.41414589999999,20.2759909,0.560000002,-0.0379999988,20210923261782,597,0xa,0x1,20.5400009,26.2968407,0.0253723338,0.102448881,8.49896514e-06,30,1.03100002,1
597210100005715,172644945,2459480.9547774103,59480.449456000002,15.9789085,0.0119827269,0,zr,341.41413169999998,20.2759967,0.560000002,-0.0520000011,20210923449444,597,0xa,0x1,20.0200005,26.1641846,0.0316457041,0.103128135,1.30689232e-05,30,2.06900001,2
597210100005715,173025290,2459484.7581570386,59484.252905100002,15.9302568,0.0118861236,0,zr,341.4141396,20.276011700000002,1.13900006,0.0439999998,20210927252801,597,0xa,0x1,21.5,26.271944,0.0237537324,0.0961160511,7.37652908e-06,30,1.03100002,2
597210100005715,173122910,2459485.7343393909,59485.229108799998,15.9272413,0.0118803233,0,zr,341.41413640000002,20.275998999999999,0.643999994,-0.00100000005,20210928229109,597,0xa,0x1,21.7700005,26.1335697,0.0280145779,0.0928537101,1.01632822e-05,30,1.03699994,1
597210100005715,173226460,2459486.7698129006,59486.264606500001,15.9390402,0.0119031435,0,zr,341.4141429,20.2760094,0.684000015,-0.00200000009,20210929264595,597,0xa,0x1,21.3600006,26.3065968,0.0249244254,0.0978080183,8.11746668e-06,30,1.03699994,2
597210100005715,173227347,2459486.7786783855,59486.273472200002,15.9517288,0.0119280564,0,zr,341.41414070000002,20.276003100000001,0.584999979,-0.0149999997,20210929273472,597,0xa,0x1,21.3299999,26.3092098,0.0241985489,0.0987795368,7.62600621e-06,30,1.04400003,2
597210100005715,173430678,2459488.8119364204,59488.306782400003,15.9505377,0.011925702,0,zr,341.41413790000001,20.276002399999999,0.372999996,-0.0199999996,20211001306782,597,0xa,0x1,21.3999996,26.3111,0.0226769373,0.0975091979,6.72391388e-06,30,1.10899997,2
597210100005715,173525885,2459489.7639817167,59489.258854200001,15.9528913,0.0119303567,0,zr,341.41413360000001,20.275997799999999,0.917999983,0.0430000015,20211002258843,597,0xa,0x1,21.4799995,26.2565861,0.0221663211,0.100029908,6.42320492e-06,30,1.03900003,1
597210100005715,173525979,2459489.7649191902,59489.259791700002,15.9721155,0.0119688958,0,zr,341.4141401,20.2760012,0.518999994,-0.0219999999,20211002259792,597,0xa,0x1,21.4099998,26.2718544,0.0223192219,0.0977197513,6.56346447e-06,30,1.03900003,2
597210100005715,173528465,2459489.7897795741,59489.284652800001,15.91782,0.0118623329,0,zr,341.41414450000002,20.276008099999999,0.829999983,0.0460000001,20211002284641,597,0xa,0x1,20.9699993,26.006382,0.027071856,0.106989048,9.577725e-06,30,1.06900001,2
597210100005715,173616010,2459490.6652053664,59490.160104199997,15.9134569,0.011854073,0,zr,341.4141272,20.2759961,0.398999989,0.0289999992,20211003160104,597,0xa,0x1,21.1499996,26.0017986,0.0245038308,0.101481348,7.86806504e-06,30,1.13100004,2
597210100005715,173718429,2459491.6893638191,59491.184293999999,15.9788914,0.0119826933,0,zr,341.4141305,20.275987300000001,0.685000002,0.0170000009,20211004184294,597,0xa,0x1,21.1700001,26.2871819,0.0242138095,0.093299523,7.69417056e-06,30,1.07000005,2
597210100005715,173722659,2459491.7316657011,59491.226597200002,15.9554701,0.0119354762,0,zr,341.41413399999999,20.275991600000001,0.635999978,-0.0189999994,20211004226586,597,0xa,0x1,21.4500008,26.167202,0.0249844529,0.095986329,8.26991709e-06,30,1.03199995,1
597210100005715,173722753,2459491.7326031718,59491.227534700003,15.9661407,0.0119568212,0,zr,341.4141396,20.276005099999999,0.586000025,-0.0340000018,20211004227535,597,0xa,0x1,21.4599991,26.1688957,0.0237120558,0.103027955,7.46810611e-06,30,1.03100002,2
597210100005715,174027752,2459494.7824889738,59494.277523099998,15.9676046,0.0119597726,0,zr,341.41414179999998,20.276010299999999,0.386000007,0.00200000009,20211007277523,597,0xa,0x1,21.3500004,26.1941147,0.0243728627,0.0968446061,7.76277284e-06,30,1.08099997,2
597210100005715,174322287,2459497.7277246094,59497.222870400001,15.9871969,0.0119997598,0,zr,341.4141401,20.276005999999999,0.363000005,-0.00800000038,20211010222859,597,0xa,0x1,20.7800007,26.3408718,0.0333535336,0.100819379,1.46410639e-05,30,1.03199995,2
597210100005715,174330858,2459497.8134387485,59497.308588,15.9014645,0.0118315946,0,zr,341.41414309999999,20.276005099999999,0.541000009,0.0109999999,20211010308576,597,0xa,0x1,21.1200008,26.2998524,0.0240728408,0.10010609,7.55342808e-06,30,1.19200003,2
597210100005715,174433079,2459498.8356076116,59498.3307986,15.9600039,0.0119445128,0,zr,341.41414070000002,20.275999800000001,0.811999977,0.0209999997,20211011330787,597,0xa,0x1,21.4799995,26.283144,0.0230905488,0.101380616,7.01579756e-06,30,1.31099999,2
597210100005715,174818793,2459502.6925785867,59502.187939800002,15.9018068,0.0118322335,0,zr,341.41413660000001,20.2760113,0.370999992,0.00200000009,20211015187928,597,0xa,0x1,20.7999992,26.3031693,0.0253342316,0.109981619,8.24750805e-06,30,1.03400004,2
597210100005715,174834974,2459502.8543765368,59502.349745400003,15.9049597,0.0118381111,0,zr,341.41415389999997,20.276036300000001,0.744000018,-0.0109999999,20211015349734,597,0xa,0x1,20.25,26.2579155,0.0298075266,0.113233648,1.16866813e-05,30,1.52999997,2
597210100005715,174915149,2459503.656086233,59503.151493099998,15.9015665,0.0118317865,0,zr,341.41413230000001,20.276011199999999,0.518999994,-0.00700000022,20211016151481,597,0xa,0x1,20.5900002,26.3051281,0.0225057602,0.104111627,6.52307608e-06,30,1.07000005,2
597210100005715,174931234,2459503.8169348631,59503.312349500004,15.9177113,0.0118621271,0,zr,341.41415510000002,20.276013200000001,0.472000003,-0.0149999997,20211016312350,597,0xa,0x1,20.2000008,26.2941761,0.0283609293,0.102918699,1.04579703e-05,30,1.28400004,2
597210100005715,175014443,2459504.6489777197,59504.144432900001,15.9117718,0.0118508954,0,zr,341.41412680000002,20.276002299999998,1.00399995,-0.0309999995,20211017144433,597,0xa,0x1,20.5499992,26.3151131,0.0256592948,0.102379315,8.62580509e-06,30,1.07799995,2
597210100005715,175034597,2459504.8505069967,59504.345972199997,15.9578953,0.0119403033,0,zr,341.41414470000001,20.2759976,0.856999993,0.0289999992,20211017345972,597,0xa,0x1,20.3500004,26.1832371,0.0305148475,0.107126318,1.23290283e-05,30,1.546,2
597210100005715,175725018,2459511.7543477346,59511.250185199999,15.9442263,0.0119132809,0,zr,341.41413519999998,20.275998600000001,0.61500001,-0.0340000018,20211024250150,597,0xa,0x1,20.4400005,26.3319569,0.0281994306,0.100997895,1.0558093e-05,30,1.125,2
597210100005715,175812826,2459512.6323748971,59512.128263899998,15.9021015,0.0118327811,0,zr,341.414129,20.276000100000001,0.796000004,0.0460000001,20211025128137,597,0xa,0x1,21.5900002,26.3256607,0.022034375,0.0939268097,6.24992754e-06,30,1.06799996,2
597210100005715,175828714,2459512.791242741,59512.287141200002,15.9360237,0.011897278,0,zr,341.41413720000003,20.275998600000001,0.451000005,-0.0370000005,20211025287130,597,0xa,0x1,21.1599998,26.3096848,0.0226378664,0.104330875,6.50217862e-06,30,1.28100002,2
597210100005715,176313546,2459517.6392629426,59517.135462999999,15.9056253,0.0118393572,0,zr,341.41413849999998,20.276015999999998,0.684000015,-0.0130000003,20211030135463,597,0xa,0x1,21.6299992,26.3318405,0.0255210809,0.0990041271,8.38284632e-06,30,1.04200006,2
597210100005715,176314520,2459517.649007611,59517.145208299997,15.8801012,0.011792372,0,zr,341.41413310000002,20.275990400000001,1.19500005,0.0109999999,20211030145208,597,0xa,0x1,21.75,26.3362083,0.026143752,0.0952405781,8.94951609e-06,30,1.03499997,1
597210100005715,176328482,2459517.7886165814,59517.284826399999,15.9111423,0.0118497098,0,zr,341.4141444,20.275995900000002,1.49399996,0.0410000011,20211030284792,597,0xa,0x1,21.2999992,26.3072052,0.0224512946,0.0985053331,6.59619809e-06,30,1.34599996,2
597210100005715,176429712,2459518.8008532873,59518.297129600003,15.9226637,0.0118715568,0,zr,341.4141348,20.276010400000001,0.781000018,-0.0359999985,20211031297118,597,0xa,0x1,21.5900002,26.2997723,0.0231823251,0.100865416,6.98456552e-06,30,1.45299995,2
597210100005715,176619268,2459520.6962814974,59520.192685200003,15.9549246,0.0119343922,0,zr,341.41413369999998,20.276022600000001,0.601999998,-0.0379999988,20211102192685,597,0xa,0x1,21.3099995,26.3266544,0.0229076948,0.100363813,6.83706321e-06,30,1.05799997,2
597210100005715,176621656,2459520.7201571595,59520.216562499998,15.9091806,0.0118460199,0,zr,341.41413720000003,20.276007100000001,0.731000006,-0.0309999995,20211102216563,597,0xa,0x1,21.5799999,26.316494,0.0214682985,0.0923843011,5.95051324e-06,30,1.102,1
597210100005715,176623861,2459520.7422042429,59520.238611100001,15.920414,0.0118672652,0,zr,341.41414049999997,20.276002800000001,0.884000003,-0.0680000037,20211102238611,597,0xa,0x1,21.3199997,26.3277664,0.0210961048,0.0930509344,5.80525921e-06,30,1.16600001,2
597210100005715,176716271,2459521.6662495192,59521.1627199,15.935401,0.0118960682,0,zr,341.41413590000002,20.2759939,0.93900001,0.063000001,20211103162697,597,0xa,0x1,21.6499996,26.3328609,0.0233126562,0.096522294,7.06308765e-06,30,1.03400004,2
597210100005715,176725454,2459521.7580718203,59521.254548600002,15.9608545,0.0119462116,0,zr,341.4141328,20.275995500000001,0.774999976,0.0179999992,20211103254468,597,0xa,0x1,21.6800003,26.3133469,0.0234892815,0.0951879546,7.27145425e-06,30,1.24100006,2
597210100005715,176814929,2459522.6527548116,59522.149294000003,15.940814,0.0119066034,0,zr,341.41414179999998,20.276009200000001,0.400999993,0.0370000005,20211104149248,597,0xa,0x1,21.5900002,26.33144,0.0227557253,0.0965246856,6.76002765e-06,30,1.03100002,2
597210100005715,176817386,2459522.6773247845,59522.173865700002,15.9147024,0.0118564265,0,zr,341.41415749999999,20.2760155,0.689999998,-0.0399999991,20211104173866,597,0xa,0x1,21.3099995,26.3310776,0.0210883971,0.0976762623,5.80874848e-06,30,1.04299998,1
597210100005715,176819709,2459522.7005523448,59522.197094900002,15.9200764,0.0118666235,0,zr,341.41414140000001,20.276007100000001,0.662,-0.00200000009,20211104197072,597,0xa,0x1,21.4500008,26.3326759,0.0207941774,0.0966229811,5.68815904e-06,30,1.07299995,2
597210100005715,176911377,2459523.6171656935,59523.113773099998,15.9000244,0.011828918,0,zr,341.4141396,20.2759866,1.02699995,0.0610000007,20211105113715,597,0xa,0x1,21.7800007,26.3372269,0.0315875895,0.0964459181,1.29948103e-05,30,1.04700005,2
597210100005715,176913351,2459523.6369096925,59523.133518499999,15.9267511,0.0118793799,0,zr,341.41414939999999,20.276018199999999,1.09300005,0.128000006,20211105133519,597,0xa,0x1,21.4599991,26.3351746,0.0225359499,0.0997305959,6.61394006e-06,30,1.03299999,2
597210100005715,177018432,2459524.6876445091,59524.184328700001,15.9603739,0.0119452504,0,zr,341.41413449999999,20.275984600000001,0.887000024,0.0340000018,20211106184329,597,0xa,0x1,21.7800007,26.3497276,0.0266878158,0.0878721848,9.37625282e-06,30,1.06200004,2
597210100005715,177018527,2459524.6885935408,59524.185277800003,15.9467535,0.011918244,0,zr,341.41413879999999,20.276011499999999,0.721000016,0.0549999997,20211106185278,597,0xa,0x1,21.7800007,26.3370609,0.033381436,0.0943914577,1.45017293e-05,30,1.06299996,1
597210100005715,177023437,2459524.7376871696,59524.234375,15.9475203,0.0119197518,0,zr,341.4141363,20.2759882,1.01999998,0.0179999992,20211106234375,597,0xa,0x1,21.75,26.3248348,0.0253517553,0.0965589434,8.37208972e-06,30,1.19000006,2
597210100005715,177116524,2459525.6684875935,59525.165243099997,15.9342613,0.0118938601,0,zr,341.41413219999998,20.275981699999999,0.75,0.0250000004,20211107165231,597,0xa,0x1,21.7000008,26.3404732,0.0249173529,0.096775189,8.18490298e-06,30,1.04200006,2
597210100005715,177125672,2459525.7599622523,59525.256724500003,15.9006548,0.0118300896,0,zr,341.41414020000002,20.2759964,0.628000021,0.0140000004,20211107256713,597,0xa,0x1,21.6200008,26.3208141,0.023770405,0.0993298888,7.38031349e-06,30,1.30900002,2
597210100005715,177212077,2459526.6239496558,59526.1207755,15.9431343,0.0119111417,0,zr,341.41413169999998,20.2759924,0.883000016,0.00300000003,20211108120775,597,0xa,0x1,21.7000008,26.3534241,0.0251833778,0.0930824578,8.34839739e-06,30,1.03499997,2
597210100005715,177216186,2459526.6650345125,59526.161863399997,15.9672709,0.0119590992,0,zr,341.41413249999999,20.275986899999999,0.860000014,-0.0189999994,20211108161863,597,0xa,0x1,21.6599998,26.3499012,0.0251760855,0.095707275,8.29617602e-06,30,1.04200006,2
597210100005715,177216281,2459526.6659835419,59526.162812499999,15.9877796,0.0120009631,0,zr,341.4141328,20.275989500000001,0.837000012,-0.0120000001,20211108162812,597,0xa,0x1,21.7099991,26.3494778,0.0269446541,0.100334473,9.52168102e-06,30,1.04299998,1
597210100005715,177320111,2459527.7042047163,59527.201111100003,15.9370213,0.011899217,0,zr,341.41412409999998,20.275981699999999,1.71700001,-0.0350000001,20211109201076,597,0xa,0x1,21.3500004,26.3264675,0.0253305063,0.0981591418,8.38824144e-06,30,1.11099994,2
597210100005715,177514844,2459529.6513949917,59529.148449100001,15.9352741,0.0118958242,0,zr,341.41413230000001,20.276010400000001,0.515999973,-0.00499999989,20211111148438,597,0xa,0x1,21.1599998,26.3377457,0.021933537,0.0995017439,6.23891856e-06,30,1.03799999,1
597210100005715,177514938,2459529.6523324205,59529.149386600002,15.9490538,0.0119227711,0,zr,341.41414150000003,20.276013299999999,0.717000008,-0.0399999991,20211111149387,597,0xa,0x1,21.2000008,26.3325348,0.021309115,0.097941272,5.91243042e-06,30,1.03799999,2
597210100005715,177519579,2459529.6987408455,59529.195798599998,15.9104042,0.0118483212,0,zr,341.4141396,20.276005000000001,0.377000004,-0.0140000004,20211111195787,597,0xa,0x1,21.1200008,26.3328915,0.0206328314,0.101606697,5.56541454e-06,30,1.11099994,2
597210100005715,177621826,2459530.7211272363,59530.218263900002,15.9725943,0.0119698644,0,zr,341.41414639999999,20.276005900000001,0.532999992,-0.00800000038,20211112218264,597,0xa,0x1,20.6900005,26.3290348,0.0226653907,0.100074202,6.70975032e-06,30,1.19099998,2
597210100005715,177713196,2459531.6347597418,59531.131967599998,15.9488506,0.0119223725,0,zr,341.41414630000003,20.276017100000001,0.98299998,0.00899999961,20211113131933,597,0xa,0x1,19.9899998,26.3333225,0.0372097977,0.104490317,1.8008308e-05,30,1.03199995,1
597210100005715,177812689,2459532.6296119355,59532.126898100003,15.9180727,0.0118628116,0,zr,341.41414429999998,20.276007199999999,0.625999987,0.0350000001,20211114126887,597,0xa,0x1,20.75,26.3305035,0.0249166321,0.107661374,8.15329258e-06,30,1.03199995,2
597210100005715,178330247,2459537.8047715235,59537.302476899997,15.9352751,0.0118958261,0,zr,341.41415260000002,20.2760012,0.620999992,0.0160000008,20211119302465,597,0xa,0x1,19.9500008,26.0151978,0.0323684439,0.104522489,1.39735248e-05,30,2.25500011,2
597210100005715,178330341,2459537.8057089434,59537.303414399998,15.9179659,0.0118626114,0,zr,341.41413949999998,20.275999599999999,1.08299994,-0.0309999995,20211119303414,597,0xa,0x1,20,26.0598297,0.0312491413,0.105755761,1.30845028e-05,30,2.27800012,1
597210100005715,178424280,2459538.7450174829,59538.2428009,15.9737387,0.0119721889,0,zr,341.41413449999999,20.275995200000001,0.736999989,-0.0350000001,20211120242801,597,0xa,0x1,20.7199993,26.2718906,0.0269108228,0.0998159871,9.51845959e-06,30,1.45599997,2
597210100005715,178428736,2459538.7895739246,59538.287361100003,15.9156685,0.0118582565,0,zr,341.41414759999998,20.276003200000002,0.507000029,-0.00499999989,20211120287361,597,0xa,0x1,19.9799995,26.14468,0.0323364139,0.0946990699,1.37021852e-05,30,1.99899995,2
597210100005715,178614510,2459540.6471611792,59540.145104199997,15.9833155,0.0119917626,0,zr,341.41413210000002,20.276026999999999,0.847000003,-0.00600000005,20211122145093,597,0xa,0x1,20.1399994,26.333744,0.0283370037,0.104349926,1.05353029e-05,30,1.06799996,2
597210100005715,178616415,2459540.6662104619,59540.164155099999,15.9878197,0.012001046,0,zr,341.41413189999997,20.276012000000001,0.697000027,-0.00200000009,20211122164132,597,0xa,0x1,20.1399994,26.3341846,0.0305987187,0.103751086,1.21004568e-05,30,1.10699999,1
597210100005715,178620263,2459540.7046909877,59540.202638900002,15.9558439,0.0119362175,0,zr,341.41414220000001,20.276010299999999,0.486999989,0.00200000009,20211122202627,597,0xa,0x1,20.1900005,26.3223381,0.0272118859,0.102247015,9.59664885e-06,30,1.24100006,2
597210100005715,178816195,2459542.6638414077,59542.161956000004,15.9458036,0.0119163767,0,zr,341.41412910000003,20.275994699999998,0.469999999,-0.0359999985,20211124161933,597,0xa,0x1,21.5,26.3251495,0.0220280252,0.0923770219,6.27330246e-06,30,1.11500001,2
597210100005715,178820753,2459542.7094161771,59542.207534699999,15.9035625,0.0118355034,0,zr,341.41413979999999,20.276008300000001,0.723999977,0.0299999993,20211124207535,597,0xa,0x1,21.0799999,26.3109016,0.0211429056,0.0972135812,5.84197642e-06,30,1.29299998,2
597210100005715,178912229,2459543.6240946618,59543.122291699998,15.9786797,0.0119822584,0,zr,341.41414429999998,20.276014199999999,0.994000018,0.00100000005,20211125122292,597,0xa,0x1,20.2600002,26.298172,0.0297366194,0.108171016,1.1534491e-05,30,1.04799998,2
597210100005715,178914310,2459543.64490306,59543.143101900001,15.9431419,0.0119111557,0,zr,341.41409820000001,20.2760213,0.874000013,0.00100000005,20211125143079,597,0xa,0x1,20.3799992,26.3114738,0.0277135875,0.105509534,9.99886015e-06,30,1.079,1
597210100005715,192151285,2459676.0083249537,59675.512858800001,15.9872017,0.0119997701,0,zr,341.41415280000001,20.276012000000001,0.734000027,-0.0309999995,20220406512847,597,0xa,0x1,20.2000008,26.0262585,0.034074001,0.112633862,1.52243329e-05,30,2.7980001,1
597210100005715,192151531,2459676.010778748,59675.5153125,15.9713106,0.011967265,0,zr,341.41413230000001,20.276026300000002,0.405999988,-0.0170000009,20220406515312,597,0xa,0x1,20,26.0373344,0.035008695,0.11019031,1.60557411e-05,30,2.70900011,1
597210100005715,192151778,2459676.0132557382,59675.517789400001,15.9984665,0.0120231928,0,zr,341.41419209999998,20.276012600000001,0.38499999,-0.00700000022,20220406517778,597,0xa,0x1,19.4099998,26.0495663,0.0396949984,0.119467631,2.24849391e-05,30,2.625,1
597210100005715,192152025,2459676.0157210338,59675.5202546,15.9935541,0.012012939,0,zr,341.41413849999998,20.276014499999999,0.824999988,-0.0329999998,20220406520243,597,0xa,0x1,19.6700001,26.0796528,0.0405834056,0.107373893,2.23063671e-05,30,2.54699993,1
597210100005715,192152271,2459676.01818643,59675.5227199,15.9962139,0.0120184822,0,zr,341.41409420000002,20.276037800000001,1.00199997,0.0399999991,20220406522708,597,0xa,0x1,19.2800007,26.0683212,0.0395108908,0.119502872,2.38169396e-05,30,2.47300005,1
597210100005715,192250995,2459677.0054570115,59676.509953699999,16.0225334,0.0120743001,0,zr,341.41410400000001,20.276053300000001,0.263000011,-0.0270000007,20220407509942,597,0xa,0x1,18.5699997,25.92663,0.0499598011,0.131409615,6.42923915e-05,30,2.80500007,1
597210100005715,192351290,2459678.0084471717,59677.512905099997,15.9746618,0.0119740674,0,zr,341.4141171,20.2760286,1.34200001,-0.00300000003,20220408512894,597,0xa,0x1,19.3799992,26.0826759,0.0402174033,0.119992256,2.36023407e-05,30,2.60599995,1
597210100005715,192451084,2459679.0064268936,59678.510844900004,15.9302263,0.0118860658,0,zr,341.4141181,20.276019900000001,0.386000007,-0.00999999978,20220409510833,597,0xa,0x1,20.4500008,26.0501881,0.0274157152,0.108232856,9.79564993e-06,30,2.58500004,1
597210100005715,192451325,2459679.0088343942,59678.513252299999,15.9793758,0.0119836833,0,zr,341.4141229,20.276012000000001,0.583000004,-0.00200000009,20220409513241,597,0xa,0x1,20.1399994,25.9724598,0.0407612883,0.106070928,2.15543805e-05,30,2.50999999,1
597210100005715,192451564,2459679.0112302932,59678.515648100001,15.9302855,0.0118861785,0,zr,341.4141434,20.275992500000001,0.689999998,0.00700000022,20220409515637,597,0xa,0x1,20.0400009,26.0672779,0.0328537673,0.109785452,1.40767188e-05,30,2.44099998,1
597210100005715,192451805,2459679.0136378938,59678.518055599998,15.9519939,0.0119285826,0,zr,341.4141467,20.2760213,0.838,0.00600000005,20220409518044,597,0xa,0x1,19.6700001,26.0740356,0.0355517343,0.104892939,1.67157323e-05,30,2.375,1
597210100005715,192452045,2459679.0160337938,59678.5204514,15.9220362,0.0118703581,0,zr,341.41415749999999,20.276011,0.970000029,-0.0729999989,20220409520440,597,0xa,0x1,19.2199993,26.0700169,0.0400809981,0.110989287,2.52857863e-05,30,2.31299996,1
597210100005715,192550974,2459680.0053687003,59679.509745399999,15.9334354,0.0118922638,0,zr,341.41413219999998,20.2760061,0.416000009,0.0250000004,20220410509734,597,0xa,0x1,20.2199993,26.1233253,0.030028794,0.112316348,1.16137271e-05,30,2.53399992,1
597210100005715,192551454,2459680.0101721068,59679.514548599996,15.9576197,0.0119397547,0,zr,341.41414070000002,20.275999299999999,0.340000004,0.00899999961,20220410514537,597,0xa,0x1,19.8700008,26.141573,0.0375973396,0.105304345,1.83557477e-05,30,2.39599991,1
597210100005715,192551694,2459680.0125680105,59679.516944399998,15.9098501,0.0118472781,0,zr,341.41413890000001,20.2759991,0.876999974,-0.023,20220410516933,597,0xa,0x1,19.6000004,26.1417027,0.0447546057,0.112073556,2.66248826e-05,30,2.33299994,1
597210100005715,192551935,2459680.0149756121,59679.519351900002,15.8888674,0.0118083404,0,zr,341.41418220000003,20.276010899999999,0.728999972,-0.00499999989,20220410519340,597,0xa,0x1,19.1299992,26.157671,0.0457518771,0.115624569,3.23226668e-05,30,2.273,1
597210100005715,192850475,2459683.0005119718,59682.504756900002,15.9807243,0.0119864438,0,zr,341.41411299999999,20.276017800000002,0.760999978,0.00899999961,20220413504745,597,0xa,0x1,20.1399994,26.1256123,0.0344303884,0.102212436,1.56102415e-05,30,2.44000006,1
597210100005715,192850712,2459683.0028847805,59682.507129600002,16.0019302,0.0120304562,0,zr,341.41416140000001,20.276012300000001,1.32700002,0.00700000022,20220413507106,597,0xa,0x1,19.7000008,26.1318569,0.03877002,0.112281956,2.00483682e-05,30,2.375,1
597210100005715,192850951,2459683.005269194,59682.509513899997,15.9800367,0.0119850375,0,zr,341.41414909999997,20.276020200000001,0.97299999,0.00100000005,20220413509491,597,0xa,0x1,19.6100006,26.1309204,0.0363161638,0.123837747,1.76085432e-05,30,2.31399989,1
597210100005715,192851189,2459683.0076535055,59682.511898099998,15.9589853,0.0119424751,0,zr,341.41416229999999,20.276023500000001,0.707000017,0.00800000038,20220413511863,597,0xa,0x1,19.3700008,26.142828,0.0433717147,0.117623545,2.79417854e-05,30,2.25600004,1
597210100005715,192851427,2459683.0100263185,59682.514270799998,15.9968023,0.0120197125,0,zr,341.4141391,20.276003599999999,0.819999993,-0.0140000004,20220413514248,597,0xa,0x1,19.2399998,26.1477299,0.0432031937,0.113832317,2.91155775e-05,30,2.20099998,1
597210100005715,192950423,2459684.0000377391,59683.504236100001,16.0155869,0.012059398,0,zr,341.41413340000003,20.276002600000002,1.08599997,0.0710000023,20220414504236,597,0xa,0x1,20.3799992,26.125576,0.0282608643,0.106029928,1.05076606e-05,30,2.38000011,1
597210100005715,192950660,2459684.0024105529,59683.506608800002,15.9844618,0.0119941216,0,zr,341.41415590000003,20.276013500000001,0.757000029,-0.0149999997,20220414506586,597,0xa,0x1,19.8500004,26.1343784,0.0375430398,0.113618664,1.85486406e-05,30,2.31800008,1
597210100005715,192950899,2459684.0047949683,59683.508993099997,15.9881992,0.0120018311,0,zr,341.41415810000001,20.2760222,0.637000024,-0.0329999998,20220414508970,597,0xa,0x1,20.1000004,26.1461258,0.0293344222,0.110889085,1.14012855e-05,30,2.25999999,1
597210100005715,192951136,2459684.0071676839,59683.511365699997,15.9926977,0.0120111564,0,zr,341.41413840000001,20.276020599999999,0.953999996,-0.0120000001,20220414511354,597,0xa,0x1,20.1700001,26.1456356,0.0287973247,0.116075836,1.10510427e-05,30,2.20499992,1
597210100005715,192951374,2459684.0095520983,59683.513749999998,15.9690056,0.0119626001,0,zr,341.41415999999998,20.276019699999999,0.972000003,-0.0549999997,20220414513727,597,0xa,0x1,19.5499992,26.1608944,0.0383510925,0.10993544,2.01435178e-05,30,2.15300012,1
597210100005715,193549104,2459689.9871484009,59689.491041699999,15.9594307,0.0119433673,0,zr,341.41413729999999,20.276019099999999,1.14699996,-0.00200000009,20220420491042,597,0xa,0x1,19.4599991,26.1103249,0.0473074391,0.116309404,3.29853101e-05,30,2.2980001,1
597210100005715,193549346,2459689.9895674349,59689.493460600002,15.9553862,0.0119353086,0,zr,341.41415460000002,20.276006500000001,0.603999972,-0.00100000005,20220420493461,597,0xa,0x1,19.5699997,26.1282692,0.0384693444,0.1071558,2.03332384e-05,30,2.24000001,1
597210100005715,193549831,2459689.9944173028,59689.498310199997,16.0023365,0.0120313112,0,zr,341.4141879,20.276040299999998,0.769999981,-0.00200000009,20220420498310,597,0xa,0x1,19.3700008,26.130331,0.0438357629,0.116365321,2.86515533e-05,30,2.1329999,1
597210100005715,193648672,2459690.9828861402,59690.486724499999,16.0147285,0.0120575642,0,zr,341.41417769999998,20.2760149,0.860000014,0.00700000022,20220421486725,597,0xa,0x1,19.3999996,26.0537472,0.0431092791,0.112425834,2.69170214e-05,30,2.33800006,1
597210100005715,193648917,2459690.9853399778,59690.489178199998,16.0071526,0.0120414682,0,zr,341.41420979999998,20.2760362,1.06799996,-0.00999999978,20220421489178,597,0xa,0x1,19.4799995,26.053154,0.037076503,0.116394587,1.92139723e-05,30,2.27699995,1
597210100005715,193649164,2459690.987805421,59690.491643499998,16.0072803,0.0120417383,0,zr,341.41416609999999,20.2759933,0.751999974,-0.0170000009,20220421491632,597,0xa,0x1,19.8700008,26.071291,0.0332141258,0.107354723,1.47636856e-05,30,2.2190001,1
597210100005715,193649409,2459690.9902592618,59690.494097199997,15.9954691,0.0120169278,0,zr,341.41414650000002,20.2760164,0.435000002,-0.0209999997,20220421494086,597,0xa,0x1,20.1000004,26.0704613,0.0311797522,0.109896831,1.28728489e-05,30,2.16400003,1
597210100005715,193649655,2459690.9927131017,59690.496550900003,15.9908342,0.0120072877,0,zr,341.41414179999998,20.276002299999998,0.291000009,-0.0250000004,20220421496551,597,0xa,0x1,20.3099995,26.080822,0.027432058,0.11134772,1.00510479e-05,30,2.11299992,1
597210100005715,193948574,2459693.9820747981,59693.485740700002,15.9341736,0.0118936906,0,zr,341.41416700000002,20.2760487,0.500999987,0.00100000005,20220424485741,597,0xa,0x1,19.3299999,26.016058,0.0468719639,0.114258893,3.3129807e-05,30,2.16799998,1
597210100005715,193949328,2459693.9896215531,59693.493286999998,15.9655552,0.0119556449,0,zr,341.414177,20.276014,1.01499999,0,20220424493287,597,0xa,0x1,19.7000008,26.0305328,0.0441294424,0.111334093,2.56690255e-05,30,2.01699996,1
597210100005715,194247920,2459696.9757177075,59696.479201399998,15.9658613,0.0119562587,0,zr,341.41414700000001,20.276020800000001,0.568000019,0.00999999978,20220427479201,597,0xa,0x1,20.3799992,26.1458626,0.0296150185,0.104218803,1.15227112e-05,30,2.1329999,1
597210100005715,194248171,2459696.9782294668,59696.481713000001,15.9594746,0.0119434549,0,zr,341.41415929999999,20.276006599999999,0.453999996,-0.00200000009,20220427481713,597,0xa,0x1,20.3999996,26.143465,0.0354551412,0.103049085,1.64507055e-05,30,2.08200002,1
597210100005715,194248423,2459696.9807527275,59696.484236099997,15.968606,0.0119617926,0,zr,341.41415369999999,20.276021199999999,1.09899998,0.0179999992,20220427484225,597,0xa,0x1,20.5799999,26.1486263,0.0365582667,0.115851514,1.76290323e-05,30,2.03299999,1
597210100005715,194248674,2459696.9832644868,59696.486747700001,15.9632578,0.0119510265,0,zr,341.41416340000001,20.2760146,0.726000011,-0.00899999961,20220427486736,597,0xa,0x1,20.5799999,26.1572762,0.025991885,0.109078057,8.92521984e-06,30,1.98699999,1
597210100005715,194248925,2459696.985776247,59696.489259299997,15.9519997,0.0119285909,0,zr,341.4141553,20.276039399999998,1.05799997,-0.0610000007,20220427489259,597,0xa,0x1,20.6800003,26.1620045,0.0258150678,0.108511969,8.77641014e-06,30,1.94299996,1
597210100005715,194347969,2459697.9762784708,59697.479699099997,15.9822674,0.0119896103,0,zr,341.41415540000003,20.276035199999999,0.583000004,-0.00999999978,20220428479699,597,0xa,0x1,20.4200001,26.0803146,0.0286117103,0.110104263,1.08315144e-05,30,2.06699991,1
597210100005715,194348222,2459697.9788017343,59697.4822222,15.9982958,0.0120228333,0,zr,341.41415239999998,20.276014100000001,0.522000015,-0.023,20220428482211,597,0xa,0x1,20.7600002,26.0813713,0.0241178013,0.114292063,7.68429527e-06,30,2.01999998,1
597210100005715,194348474,2459697.9813250978,59697.484745399997,15.9983368,0.01202292,0,zr,341.41414930000002,20.276006500000001,0.722000003,-0.0430000015,20220428484734,597,0xa,0x1,20.6000004,26.0844173,0.0265474655,0.111624241,9.33291085e-06,30,1.97399998,1
597210100005715,194348725,2459697.9838367598,59697.4872569,15.9856749,0.0119966194,0,zr,341.41415590000003,20.276002200000001,0.680999994,-0.0430000015,20220428487257,597,0xa,0x1,20.6499996,26.0977459,0.0244139191,0.11171785,7.88171837e-06,30,1.93099999,1
597210100005715,194348976,2459697.9863485238,59697.489768500003,15.9961176,0.012018282,0,zr,341.41413740000002,20.276008099999999,0.617999971,0.0140000004,20220428489768,597,0xa,0x1,20.7099991,26.1022224,0.0240165237,0.109035335,7.65270306e-06,30,1.88999999,1
597210100005715,196443370,2459718.9318121579,59718.4337037,15.9488907,0.0119224498,0,zr,341.4141353,20.2760058,0.907999992,-0.0450000018,20220519433692,597,0xa,0x1,20.4799995,26.1759834,0.0253049117,0.106012039,8.344663e-06,30,1.87,1
597210100005715,196446023,2459718.9583421284,59718.460231500001,15.9938278,0.0120135071,0,zr,341.41414300000002,20.276002900000002,0.88499999,-0.0320000015,20220519460220,597,0xa,0x1,20.5799999,26.2140827,0.0252930783,0.0991845652,8.3180721e-06,30,1.546,1
597210100005715,197745112,2459731.9503244199,59731.451122699997,15.9412603,0.0119074769,0,zr,341.41415690000002,20.276019099999999,0.735000014,-0.00400000019,20220601451123,597,0xa,0x1,21.1599998,26.2646809,0.0232277531,0.101313867,7.04987951e-06,30,1.34200001,1
597210100005715,197942850,2459733.92788014,59733.428506900003,15.9715185,0.0119676851,0,zr,341.41415480000001,20.275998699999999,0.532000005,0.0189999994,20220603428495,597,0xa,0x1,21.2199993,26.2430439,0.0214143135,0.10186711,5.99464693e-06,30,1.46500003,1
597210100005715,198545024,2459739.9501432804,59739.4502431,15.9835958,0.0119923381,0,zr,341.41414780000002,20.276012000000001,0.762000024,-0.0240000002,20220609450208,597,0xa,0x1,21.5,26.2782745,0.0228168126,0.100225963,6.83335247e-06,30,1.23000002,1
597210100005715,198738929,2459741.8893645993,59741.389294000001,15.9691563,0.0119629037,0,zr,341.41413610000001,20.2760231,0.869000018,-0.00700000022,20220611389282,597,0xa,0x1,20.7199993,26.1586437,0.0234874766,0.108899094,7.22825826e-06,30,1.63,1
597210100005715,199040881,2459744.9091555942,59744.4088194,15.9304199,0.0118864384,0,zr,341.414132,20.2760064,0.750999987,-0.0590000004,20220614408808,597,0xa,0x1,20.3199997,26.2839069,0.0268385466,0.103417218,9.39708843e-06,30,1.38699996,1
597210100005715,199442409,2459748.9247858031,59748.424097199997,15.9807673,0.0119865313,0,zr,341.41415260000002,20.276000700000001,0.354000002,-0.00499999989,20220618424097,597,0xa,0x1,20.5599995,26.3003979,0.0255450252,0.107605174,8.53837537e-06,30,1.23699999,1
597210100005715,199639446,2459750.8953283867,59750.394467600003,15.9882097,0.0120018544,0,zr,341.41415469999998,20.276014499999999,0.734000027,-0.00800000038,20220620394468,597,0xa,0x1,20.9300003,26.2667294,0.0233870056,0.10562139,7.14079897e-06,30,1.37300003,1
597210100005715,199840473,2459752.9057695498,59752.404733800002,15.9017982,0.0118322158,0,zr,341.41414800000001,20.276003299999999,0.663999975,0.0120000001,20220622404734,597,0xa,0x1,21.1299992,26.1683273,0.0221315492,0.101318434,6.49081903e-06,30,1.27900004,1
597210100005715,200144336,2459755.9446664494,59755.443368100001,15.982008,0.0119890757,0,zr,341.41415590000003,20.276030800000001,0.670000017,-0.00200000009,20220625443368,597,0xa,0x1,21.1800003,26.3135376,0.0243872274,0.106910914,7.88828584e-06,30,1.10599995,1
597210100005715,200541550,2459759.9171464047,59759.415509300001,15.9161425,0.0118591515,0,zr,341.41415019999999,20.276010899999999,0.43900001,-0.0260000005,20220629415498,597,0xa,0x1,21.5400009,26.2765865,0.0207538195,0.0932188183,5.66831113e-06,30,1.15400004,1
597210100005715,200741121,2459761.9130202425,59761.411215300002,15.9726591,0.0119699985,0,zr,341.41414429999998,20.276008000000001,0.449000001,0.0140000004,20220701411215,597,0xa,0x1,21.7800007,26.3071003,0.0212322623,0.0894826502,5.89058754e-06,30,1.14999998,1
597210100005715,201039193,2459764.893985006,59764.391932899998,15.9541388,0.0119328322,0,zr,341.414152,20.2760137,0.375,-0.0140000004,20220704391933,597,0xa,0x1,21.4599991,26.3019238,0.0221358947,0.10507527,6.47905017e-06,30,1.18900001,1
597210100005715,201238425,2459766.8864739989,59766.384259300001,15.8986063,0.011826288,0,zr,341.41415310000002,20.275996200000002,0.652999997,0.0199999996,20220706384248,597,0xa,0x1,21.75,26.3011436,0.0225971118,0.0968691111,6.72270153e-06,30,1.19700003,1
597210100005715,201926332,2459773.766078956,59773.263321799997,15.9694023,0.0119634029,0,zr,341.41413690000002,20.276011499999999,0.505999982,-0.0399999991,20220713263310,597,0xa,0x1,20.0799999,26.1085968,0.0371872485,0.113651767,1.8106577e-05,30,2.25900006,2
597210100005715,201933879,2459773.84155931,59773.338796299999,15.9964113,0.0120188957,0,zr,341.41412750000001,20.275998300000001,0.825999975,-0.0109999999,20220713338785,597,0xa,0x1,20.3700008,26.2468128,0.0261520259,0.0989526436,8.89678813e-06,30,1.32700002,2
597210100005715,201943570,2459773.9384764698,59773.435705999997,15.9776726,0.0119802011,0,zr,341.4141573,20.276004100000002,0.89200002,-0.0209999997,20220713435694,597,0xa,0x1,20.8099995,26.275507,0.0250574928,0.101575799,8.39423774e-06,30,1.03999996,2
597210100005715,202037031,2459774.8731540348,59774.370312500003,15.9137373,0.0118546048,0,zr,341.41415219999999,20.275997799999999,0.958999991,-0.0149999997,20220714370278,597,0xa,0x1,20.5300007,26.2372227,0.0246199723,0.103645489,8.01294118e-06,30,1.16799998,2
597210100005715,202037681,2459774.8796591316,59774.376817099997,15.9264603,0.011878822,0,zr,341.4141515,20.275991300000001,0.841000021,-0.0489999987,20220714376771,597,0xa,0x1,20.3700008,26.2550735,0.0270100739,0.107003838,9.63772345e-06,30,1.14600003,2
597210100005715,202041271,2459774.9155646674,59774.4127199,15.9716902,0.0119680325,0,zr,341.41414909999997,20.2759985,0.458999991,-0.0149999997,20220714412708,597,0xa,0x1,20.7099991,26.2814007,0.0254129525,0.100834288,8.61601347e-06,30,1.06400001,1
597210100005715,202041907,2459774.9219193514,59774.419074099998,15.9694891,0.0119635789,0,zr,341.41414270000001,20.275989899999999,0.529999971,-0.0219999999,20220714419074,597,0xa,0x1,20.6700001,26.2542267,0.0245275721,0.1014456,8.02177601e-06,30,1.05499995,2
597210100005715,202044112,2459774.9439696241,59774.441122700002,15.9985113,0.012023285,0,zr,341.41415039999998,20.275999800000001,0.765999973,-0.0450000018,20220714441111,597,0xa,0x1,20.6000004,26.2692089,0.0259798188,0.108507648,8.96156962e-06,30,1.03499997,1
597210100005715,202130903,2459775.8119516359,59775.309039400003,15.9416685,0.0119082732,0,zr,341.41415799999999,20.275983499999999,0.869000018,0.00999999978,20220715309039,597,0xa,0x1,20.2800007,26.1749287,0.0319002643,0.101885483,1.32946197e-05,30,1.50600004,2
597210100005715,202136535,2459775.8682753062,59775.365358800002,15.938199,0.0119015072,0,zr,341.41414780000002,20.276004100000002,0.824999988,-0.0120000001,20220715365347,597,0xa,0x1,20.5699997,26.2467976,0.0249921177,0.100947641,8.26027463e-06,30,1.176,2
597210100005715,202140186,2459775.9047826636,59775.401863400002,15.9796257,0.0119841956,0,zr,341.41414329999998,20.275995399999999,0.546000004,-0.0149999997,20220715401863,597,0xa,0x1,20.7999992,26.2773876,0.0259074923,0.0989364982,8.95567791e-06,30,1.07799995,2
597210100005715,202226474,2459776.7677289285,59776.264745400003,15.9895048,0.0120045319,0,zr,341.41414700000001,20.276001900000001,1.69200003,-0.00300000003,20220716264734,597,0xa,0x1,20.4099998,26.1517601,0.0271906927,0.108681783,9.56336589e-06,30,2.05299997,2
597210100005715,202233615,2459776.8391462993,59776.336157400001,15.9468756,0.0119184824,0,zr,341.41415640000002,20.276043699999999,1.09599996,-0.0320000015,20220716336157,597,0xa,0x1,20.4400005,26.2401943,0.0282189436,0.111834466,1.04834662e-05,30,1.29499996,2
597210100005715,202238206,2459776.8850525399,59776.382060199998,15.9809465,0.0119869001,0,zr,341.4141477,20.276005999999999,0.462000012,-0.0320000015,20220716382049,597,0xa,0x1,20.8199997,26.2746162,0.0231977757,0.103176095,7.15425585e-06,30,1.11600006,1
597210100005715,202239910,2459776.9021024136,59776.399108799997,16.0005951,0.0120276529,0,zr,341.4141449,20.2759936,0.542999983,-0.0270000007,20220716399109,597,0xa,0x1,20.9300003,26.2982578,0.0254158955,0.0950713381,8.57301075e-06,30,1.07799995,2
597210100005715,202242371,2459776.9267107453,59776.423715299999,15.9829607,0.0119910324,0,zr,341.41415469999998,20.276003100000001,0.870000005,0.0350000001,20220716423704,597,0xa,0x1,20.7900009,26.2888622,0.0235259011,0.103235871,7.40778296e-06,30,1.04400003,1
597210100005715,202436319,2459778.8663321249,59778.363194400001,15.9743719,0.0119734779,0,zr,341.41414159999999,20.275993499999998,0.333000004,-0.0329999998,20220718363194,597,0xa,0x1,20.6399994,26.2248936,0.0236704201,0.0988646224,7.3303172e-06,30,1.15499997,2
597210100005715,202438554,2459778.8886833596,59778.385543999997,15.9550552,0.011934652,0,zr,341.41414650000002,20.275988000000002,0.532000005,-0.0309999995,20220718385544,597,0xa,0x1,20.7299995,26.2326279,0.0230465755,0.0959165841,7.05311368e-06,30,1.09399998,1
597210100005715,202440467,2459778.907816655,59778.404675899998,15.9284534,0.0118826507,0,zr,341.41415289999998,20.275994399999998,0.620000005,-0.0109999999,20220718404676,597,0xa,0x1,20.7399998,26.244072,0.0236543398,0.0961318016,7.41719623e-06,30,1.05999994,2
597210100005715,202445409,2459778.9572415478,59778.454097200003,15.913784,0.0118546924,0,zr,341.41415139999998,20.275990499999999,0.441000015,0.00800000038,20220718454097,597,0xa,0x1,20.8700008,26.2375031,0.0239899103,0.103478558,7.67980146e-06,30,1.03199995,1
597210100005715,202536774,2459779.870953321,59779.367743100003,15.9596348,0.0119437743,0,zr,341.41414780000002,20.275997199999999,0.456999987,-0.0179999992,20220719367743,597,0xa,0x1,21.0699997,26.2742577,0.0208625421,0.0960707441,5.76982211e-06,30,1.13300002,2
597210100005715,202539093,2459779.8941493961,59779.3909375,15.8979702,0.011825108,0,zr,341.41414309999999,20.2760058,0.444000006,-0.0379999988,20220719390926,597,0xa,0x1,21.0200005,26.2754765,0.0209320318,0.0984402075,5.80531787e-06,30,1.07799995,2
597210100005715,202543394,2459779.9371617897,59779.433946800003,15.9227085,0.0118716415,0,zr,341.41416779999997,20.276014,0.907000005,-0.00100000005,20220719433935,597,0xa,0x1,20.9599991,26.2704678,0.023898432,0.110049449,7.5821049e-06,30,1.03199995,2
597210100005715,202546096,2459779.9641775275,59779.460960600001,15.9594164,0.0119433384,0,zr,341.41415189999998,20.2760034,0.550999999,-0.00300000003,20220719460949,597,0xa,0x1,21.0699997,26.2933311,0.0208324883,0.0981243029,5.75804643e-06,30,1.03600001,2
597210100005715,202836009,2459782.8635136033,59782.3600926,15.9174423,0.0118616186,0,zr,341.41414329999998,20.2760052,0.875,0.0540000014,20220722360081,597,0xa,0x1,21.0400009,26.1219101,0.0226613395,0.0997584909,6.7725382e-06,30,1.13100004,2
597210100005715,202840414,2459782.9075675653,59782.404143500004,15.9703503,0.0119653186,0,zr,341.41415419999998,20.276001600000001,0.211999997,-0.00600000005,20220722404132,597,0xa,0x1,21.3400002,26.1329708,0.0211347509,0.0990184247,5.84415784e-06,30,1.04700005,2
597210100005715,203032699,2459784.8305458217,59784.326990699999,15.9378519,0.0119008301,0,zr,341.4141467,20.276002900000002,0.533999979,-0.0130000003,20220724326991,597,0xa,0x1,21.6399994,26.2344418,0.0210193358,0.0948832482,5.87971044e-06,30,1.23199999,2
597210100005715,203045876,2459784.9623256181,59784.458761599999,15.9000406,0.0118289497,0,zr,341.4141664,20.275993199999998,1.10399997,0.00700000022,20220724458750,597,0xa,0x1,21.7900009,26.2528,0.0236920472,0.0949961096,7.5148364e-06,30,1.046,2
597210100005715,203138266,2459785.8862876375,59785.382662000004,15.961874,0.011948254,0,zr,341.41415110000003,20.276024199999998,1.13199997,0.0689999983,20220725382650,597,0xa,0x1,21.7199993,26.2466908,0.0226859581,0.0939430296,6.84152747e-06,30,1.06400001,1
597210100005715,203139023,2459785.893857643,59785.390231500001,15.9401331,0.0119052753,0,zr,341.41416090000001,20.275991300000001,0.672999978,-0.0240000002,20220725390232,597,0xa,0x1,21.8299999,26.2488499,0.0228139777,0.0989421383,6.90865227e-06,30,1.05400002,2
597210100005715,203140037,2459785.9039972164,59785.400370399999,15.9316196,0.0118887508,0,zr,341.41415260000002,20.276014400000001,0.910000026,0.0309999995,20220725400347,597,0xa,0x1,21.7199993,26.2593613,0.0214371495,0.0940008685,6.09692734e-06,30,1.04299998,2
597210100005715,203237050,2459786.8741999073,59786.370509300003,15.9359474,0.0118971309,0,zr,341.41413940000001,20.276001300000001,0.785000026,-0.0439999998,20220726370498,597,0xa,0x1,21.7399998,26.2376328,0.022824822,0.0926694646,6.89036597e-06,30,1.08000004,2
597210100005715,203241512,2459786.9188208305,59786.415127300002,15.9108009,0.0118490653,0,zr,341.41416120000002,20.275990799999999,0.564999998,-0.0329999998,20220726415127,597,0xa,0x1,21.75,26.2416687,0.0227181166,0.093585059,6.89343642e-06,30,1.03199995,2
597210100005715,203334968,2459787.8534415415,59787.349687499998,15.9168148,0.0118604256,0,zr,341.41414800000001,20.2759897,0.712000012,0.0240000002,20220727349676,597,0xa,0x1,21.7700005,26.2402534,0.0228053108,0.0959156826,6.83403368e-06,30,1.12199998,2
597210100005715,203341475,2459787.9185151444,59787.414756899998,15.9186792,0.0118639646,0,zr,341.41414809999998,20.2760006,0.609000027,0.0170000009,20220727414745,597,0xa,0x1,21.6800003,26.2522144,0.0264842026,0.0938020796,9.20591538e-06,30,1.03199995,1
597210100005715,203341569,2459787.9194527036,59787.415694399999,15.9490557,0.0119227767,0,zr,341.4141596,20.276007700000001,0.303000003,0.0280000009,20220727415694,597,0xa,0x1,21.7800007,26.2656555,0.0242472757,0.0900596008,7.79663696e-06,30,1.03199995,2
597210100005715,203439575,2459788.8995730616,59788.395752299999,15.9481649,0.0119210221,0,zr,341.4141444,20.276009800000001,0.680999994,-0.00499999989,20220728395752,597,0xa,0x1,21.5100002,26.2399445,0.0219819713,0.0941667929,6.37180619e-06,30,1.03999996,2
597210100005715,203441966,2459788.923486677,59788.419664399997,15.9639015,0.0119523192,0,zr,341.41414029999999,20.276001600000001,0.99000001,-0.0270000007,20220728419664,597,0xa,0x1,21.5799999,26.2497063,0.0210951939,0.0932382941,5.87803197e-06,30,1.03100002,2
597210100005715,203534752,2459789.8514035502,59789.347523099997,15.9113503,0.0118501009,0,zr,341.41415019999999,20.276008600000001,0.31400001,-0.00499999989,20220729347523,597,0xa,0x1,21.5,26.1628189,0.0221500285,0.0949978009,6.52138624e-06,30,1.11300004,2
597210100005715,203547148,2459789.9753696667,59789.471481499997,15.9076624,0.0118431728,0,zr,341.41415649999999,20.276000700000001,0.86500001,0.023,20220729471481,597,0xa,0x1,21.5699997,26.2001762,0.0212778468,0.0948563591,5.95955862e-06,30,1.08500004,2
597210100005715,203639226,2459790.8962134067,59790.3922685,15.9991474,0.0120246178,0,zr,341.41415180000001,20.276009699999999,0.564999998,0.00400000019,20220730392268,597,0xa,0x1,21.5499992,26.1069698,0.0242689904,0.0940276757,7.78375215e-06,30,1.03799999,2
597210100005715,204035391,2459794.8580904361,59794.353911999999,15.9161148,0.0118591003,0,zr,341.41415480000001,20.275988600000002,0.703999996,0.0450000018,20220803353912,597,0xa,0x1,21.6000004,26.2025909,0.0220167153,0.0949151888,6.34174876e-06,30,1.07099998,2
597210100005715,204044357,2459794.947759924,59794.443576400001,15.9615765,0.011947657,0,zr,341.41415719999998,20.275990100000001,0.889999986,-0.0149999997,20220803443565,597,0xa,0x1,21,25.8983345,0.0320673212,0.0988375396,1.36402077e-05,30,1.05999994,2
597210100005715,204136858,2459795.8728234158,59795.368587999998,15.9041748,0.011836648,0,zr,341.41415030000002,20.276001000000001,0.898000002,0.0250000004,20220804368588,597,0xa,0x1,21.6900005,26.2739391,0.0245755892,0.0929999128,8.0173304e-06,30,1.04700005,2
597210100005715,204138143,2459795.8856713325,59795.381435199997,15.9268799,0.0118796276,0,zr,341.41415039999998,20.275993499999998,0.828999996,0.0579999983,20220804381424,597,0xa,0x1,21.6399994,26.1776237,0.0229485258,0.0933498591,7.00034298e-06,30,1.03600001,1
597210100005715,204138238,2459795.8866204848,59795.382384299999,15.9292231,0.0118841324,0,zr,341.41415119999999,20.276006500000001,0.885999978,-0.00100000005,20220804382373,597,0xa,0x1,21.6499996,26.1729889,0.0272378474,0.0921685994,9.88763895e-06,30,1.03600001,2
597210100005715,204245366,2459796.9579640171,59796.453669000002,15.9710436,0.0119667239,0,zr,341.41416529999998,20.276015099999999,1.26300001,-0.0160000008,20220805453669,597,0xa,0x1,21.8199997,26.2429543,0.028721828,0.0942471325,1.09536431e-05,30,1.08700001,2
597210100005715,204336341,2459797.867758336,59797.363414400003,15.9614,0.011947304,0,zr,341.41414550000002,20.276005999999999,0.772000015,0.0189999994,20220806363414,597,0xa,0x1,21.8600006,26.3249931,0.0257159173,0.0891861916,8.67592462e-06,30,1.04700005,2
597210100005715,204347252,2459797.9768728204,59797.472523099997,15.9016485,0.0118319383,0,zr,341.41415410000002,20.2760091,0.625999987,-0,20220806472523,597,0xa,0x1,21.8099995,26.314312,0.0241382606,0.0939187035,7.74032196e-06,30,1.14199996,2
597210100005715,204435293,2459798.8573358199,59798.352939800003,15.9858065,0.0119968913,0,zr,341.41415560000002,20.2759967,0.552999973,-0.0379999988,20220807352940,597,0xa,0x1,21.6399994,26.2955494,0.0209314525,0.094954893,5.78043955e-06,30,1.05599999,2
597210100005715,204437234,2459798.8767465344,59798.372349500001,15.9957151,0.0120174438,0,zr,341.41415499999999,20.276002900000002,0.331,-0.00999999978,20220807372338,597,0xa,0x1,21.8400002,26.2886429,0.0234635379,0.0954223797,7.27595807e-06,30,1.03699994,2
597210100005715,204437328,2459798.8776840842,59798.373287000002,15.9637356,0.0119519858,0,zr,341.41415929999999,20.2759854,0.940999985,0.0309999995,20220807373287,597,0xa,0x1,21.8600006,26.2946033,0.0228323005,0.0934964493,6.92931326e-06,30,1.03600001,1
597210100005715,204643699,2459800.9414925608,59800.4369907,15.9206028,0.0118676256,0,zr,341.41415610000001,20.275987600000001,1.29200006,0.0379999988,20220809436979,597,0xa,0x1,21.75,26.2788048,0.0251423512,0.0896533281,8.18737226e-06,30,1.07599998,2
597210100005715,204644490,2459800.9494096492,59800.4449074,15.928731,0.0118831852,0,zr,341.4141558,20.2759924,1.06200004,0.0240000002,20220809444896,597,0xa,0x1,21.7999992,26.2800121,0.0232776143,0.09559156,7.0762062e-06,30,1.09200001,2
597210100005715,204735354,2459801.8580884319,59801.353541700002,15.9240541,0.0118742129,0,zr,341.41415660000001,20.2760067,0.75,0.00499999989,20220810353542,597,0xa,0x1,21.0799999,26.3047066,0.0255206991,0.0949762911,8.68095049e-06,30,1.046,2
597210100005715,204735449,2459801.8590374794,59801.354490700003,15.89816,0.0118254591,0,zr,341.41414659999998,20.275988600000002,0.495000005,0.0260000005,20220810354479,597,0xa,0x1,21.0400009,26.2977562,0.0250252802,0.0986563489,8.27805252e-06,30,1.04499996,1
597210100005715,204745265,2459801.9572020113,59801.452650500003,15.9803228,0.0119856233,0,zr,341.41415130000001,20.275992899999999,0.777999997,-0.00800000038,20220810452639,597,0xa,0x1,21.0100002,26.3009262,0.0228898358,0.0908712894,6.7940282e-06,30,1.11699998,2
597210100005715,204846240,2459802.9670070065,59802.462407400002,15.9815493,0.0119881351,0,zr,341.41415790000002,20.276011100000002,0.963999987,-0.0430000015,20220811462396,597,0xa,0x1,20.6700001,26.3069668,0.0231992733,0.0986742899,7.00095552e-06,30,1.15400004,2
597210100005715,204943704,2459803.9416934387,59803.437048599997,15.9668674,0.0119582843,0,zr,341.41414500000002,20.276006299999999,0.463999987,-0.0340000018,20220812437025,597,0xa,0x1,20.4400005,26.2798462,0.0310961138,0.0972798169,1.2919937e-05,30,1.09300005,2
597210100005715,205041025,2459804.9149434036,59804.410254599999,15.9658365,0.0119562102,0,zr,341.41417630000001,20.275983700000001,0.391000003,-0.00400000019,20220813410243,597,0xa,0x1,19.6399994,26.174017,0.0363345295,0.108571209,1.8476585e-05,30,1.05200005,2
597210100005715,205130863,2459805.8133625928,59805.308634300003,15.9287043,0.011883135,0,zr,341.41414809999998,20.2760122,0.726999998,0.00499999989,20220814308623,597,0xa,0x1,20.1599998,26.2179699,0.0376923047,0.0979864076,1.86979851e-05,30,1.10099995,2
597210100005715,205235010,2459806.8548770049,59806.350104199999,15.9952564,0.0120164854,0,zr,341.41415560000002,20.275989200000001,0.726000011,0.0219999999,20220815350104,597,0xa,0x1,20.8199997,26.2800198,0.0245683268,0.10608054,7.9975016e-06,30,1.03699994,2
597210100005715,205237295,2459806.8777251663,59806.372951400001,15.9749956,0.0119747464,0,zr,341.41416120000002,20.276014,0.860000014,0.0520000011,20220815372951,597,0xa,0x1,20.8199997,26.2878265,0.0250733402,0.100227393,8.38235792e-06,30,1.03100002,1
597210100005715,205243682,2459806.9416051349,59806.436828700003,15.9273443,0.0118805198,0,zr,341.41414750000001,20.275984300000001,0.730000019,-0.0250000004,20220815436817,597,0xa,0x1,20.7600002,26.271122,0.0267882943,0.0976453573,9.61804471e-06,30,1.11099994,2
597210100005715,205331687,2459807.8216878371,59807.316874999997,15.9850531,0.0119953398,0,zr,341.41413990000001,20.2759939,0.958999991,0.0450000018,20220816316863,597,0xa,0x1,20.9500008,26.2647076,0.0225872658,0.104182415,8.17295313e-06,30,1.07299995,2
597210100005715,205335847,2459807.8632867415,59807.358472200001,15.9509048,0.0119264275,0,zr,341.41415690000002,20.276010100000001,1.36699998,0.00999999978,20220816358461,597,0xa,0x1,20.8700008,26.287632,0.022458164,0.109377503,8.06634489e-06,30,1.03199995,2
597210100005715,205434068,2459808.8455368089,59808.340682900001,15.9081259,0.011844039,0,zr,341.41415840000002,20.275989800000001,0.460000008,-0.00300000003,20220817340671,597,0xa,0x1,21.2900009,26.2577515,0.0259569976,0.100896172,8.91978743e-06,30,1.03999996,1
597210100005715,205435103,2459808.8558844184,59808.351030099999,15.9042931,0.0118368668,0,zr,341.41414730000002,20.275994399999998,0.67900002,0.0320000015,20220817351019,597,0xa,0x1,21.1900005,26.2639523,0.0228073597,0.0995873958,6.85271334e-06,30,1.03400004,2
597210100005715,205443752,2459808.942380806,59808.437523100001,15.9780636,0.0119810002,0,zr,341.41415139999998,20.2759982,1.01499999,0.00600000005,20220817437454,597,0xa,0x1,21.2399998,26.2640228,0.0224294383,0.0976359993,6.7083306e-06,30,1.12800002,2
597210100005715,205530296,2459809.8078542226,59809.302963000002,15.9509106,0.0119264387,0,zr,341.41416809999998,20.276006299999999,0.68900001,0.0350000001,20220818302789,597,0xa,0x1,20.9599991,26.2496796,0.0232684668,0.111547887,7.18118918e-06,30,1.09000003,2
597210100005715,205546091,2459809.9658116116,59809.460914399999,15.9587545,0.0119420178,0,zr,341.41414989999998,20.276043000000001,1.85899997,-0.061999999,20220818460914,597,0xa,0x1,20.9799995,26.2434406,0.0237019174,0.1088515,7.46631031e-06,30,1.22000003,2
597210100005715,205629597,2459810.8009006381,59810.295972200001,15.9390087,0.011903083,0,zr,341.41415860000001,20.2760046,0.967000008,0.00800000038,20220819295972,597,0xa,0x1,21.2999992,26.1867657,0.0218339209,0.104842551,6.32761976e-06,30,1.09899998,1
597210100005715,205642341,2459810.9283475215,59810.4234144,15.9618549,0.0119482167,0,zr,341.41416600000002,20.276012600000001,0.677999973,-0.00100000005,20220819423310,597,0xa,0x1,21.2600002,26.2197399,0.0233609881,0.104726002,7.23321136e-06,30,1.10500002,2
597210100005715,205737678,2459811.8817498451,59811.376782400002,15.9733057,0.0119713088,0,zr,341.41415929999999,20.275998000000001,0.419999987,0.0199999996,20220820376771,597,0xa,0x1,21.5900002,26.249054,0.0225969069,0.097966291,6.74814464e-06,30,1.03900003,2
597210100005715,205833104,2459812.8360422412,59812.331041700003,15.9606371,0.0119457766,0,zr,341.41415160000003,20.276002299999998,0.312000006,0.0270000007,20220821331030,597,0xa,0x1,21.8500004,26.2654171,0.0236940496,0.0941630751,7.42900966e-06,30,1.03900003,2
597210100005715,205833197,2459812.8369797734,59812.331979199997,15.963376,0.0119512659,0,zr,341.4141497,20.276001600000001,0.477999985,-0.0189999994,20220821331979,597,0xa,0x1,21.7199993,26.2681541,0.0213224143,0.0970303118,6.03012268e-06,30,1.03799999,1
597210100005715,205835743,2459812.8624320417,59812.357430600001,15.975522,0.0119758174,0,zr,341.41416679999998,20.275995099999999,0.384000003,-0.00300000003,20220821357396,597,0xa,0x1,21.7299995,26.2704735,0.0219825618,0.0982680842,6.43976045e-06,30,1.03100002,2
597210100005715,205926704,2459813.7720803604,59813.267048599999,15.9138908,0.0118548917,0,zr,341.4141467,20.2759967,0.428000003,0.00899999961,20220822267037,597,0xa,0x1,21.2399998,26.2494316,0.0208915472,0.0904011801,5.7873408e-06,30,1.15699995,2
597210100005715,205938980,2459813.8948389916,59813.3898032,15.9111242,0.0118496772,0,zr,341.41415000000001,20.276010899999999,0.372999996,-0.00300000003,20220822389792,597,0xa,0x1,21.6299992,26.2669201,0.0220746864,0.0944230556,6.49477624e-06,30,1.05799997,2
597210100005715,206025746,2459814.7625287902,59814.257465299997,15.9252348,0.0118764723,0,zr,341.41415640000002,20.275999299999999,0.811999977,0.0240000002,20220823257454,597,0xa,0x1,21.5200005,26.2587528,0.0217763595,0.100098707,6.27214013e-06,30,1.18099999,2
597210100005715,206039305,2459814.8981233556,59814.393055599998,15.8955803,0.011820687,0,zr,341.41415469999998,20.2760018,0.75999999,0.00600000005,20220823393056,597,0xa,0x1,21.7099991,26.2881107,0.0224946253,0.09170454,6.71634007e-06,30,1.06599998,1
597210100005715,206040184,2459814.9069083254,59814.401840300001,15.916358,0.0118595613,0,zr,341.4141578,20.2760125,0.616999984,-0.0219999999,20220823401817,597,0xa,0x1,21.8700008,26.2790604,0.0231835786,0.0920762643,7.11970461e-06,30,1.08200002,2
597210100005715,206129831,2459815.8034055824,59815.2983102,15.980835,0.011986671,0,zr,341.4141472,20.276005000000001,0.628000021,-0.0390000008,20220824298299,597,0xa,0x1,21.6599998,26.2544498,0.0198837351,0.0940081254,5.20306594e-06,30,1.06799996,2
597210100005715,206138091,2459815.8860122529,59815.380914399997,15.9040556,0.0118364254,0,zr,341.41415819999997,20.276004700000001,0.910000026,-0.0419999994,20220824380868,597,0xa,0x1,21.5400009,26.239872,0.023493899,0.103368029,7.33455863e-06,30,1.05299997,2
597210100005715,206232040,2459816.8255302962,59816.320405099999,15.9060144,0.0118400846,0,zr,341.41415540000003,20.275985299999999,0.583000004,0.00499999989,20220825320394,597,0xa,0x1,21.7600002,26.254385,0.0223813877,0.094076179,6.60152091e-06,30,1.03900003,2
597210100005715,206233761,2459816.842741386,59816.337615700002,15.9047775,0.011837773,0,zr,341.41415660000001,20.276017100000001,0.442999989,-0.00899999961,20220825337604,597,0xa,0x1,21.6100006,26.2492046,0.0230120085,0.0917659178,7.01037015e-06,30,1.03100002,1
597210100005715,206239067,2459816.8957984853,59816.390671300003,15.9615993,0.0119477035,0,zr,341.41415030000002,20.2760034,0.953999996,0.0419999994,20220825390671,597,0xa,0x1,21.2900009,26.0700417,0.0223385412,0.0915089175,6.52697963e-06,30,1.07200003,2
597210100005715,206323696,2459817.7421182189,59817.236967600002,15.9706621,0.011965951,0,zr,341.4141644,20.275995300000002,0.365999997,-0.0340000018,20220826236956,597,0xa,0x1,21.3600006,26.2303734,0.022371009,0.0968928859,6.68757866e-06,30,1.23199999,2
597210100005715,206338969,2459817.8948538797,59817.3896991,15.9731951,0.0119710844,0,zr,341.41415660000001,20.275999200000001,0.435000002,-0.0140000004,20220826389699,597,0xa,0x1,21.7399998,26.2330475,0.0224878937,0.0953997895,6.73386876e-06,30,1.07500005,2
597210100005715,206427287,2459818.7780483728,59818.272870399996,15.9120607,0.0118514383,0,zr,341.41415219999999,20.275997700000001,0.555000007,-0.0130000003,20220827272870,597,0xa,0x1,21.5300007,26.277729,0.02105028,0.0957526937,5.84667077e-06,30,1.102,2
597210100005715,206430026,2459818.8054448855,59818.3002662,15.9152975,0.0118575506,0,zr,341.41415110000003,20.2760088,0.386999995,0.0209999997,20220827300255,597,0xa,0x1,21.6900005,26.2920246,0.0219719503,0.0929543301,6.40850385e-06,30,1.05299997,1
597210100005715,206440947,2459818.9146606624,59818.409479200003,15.9589844,0.011942477,0,zr,341.4141482,20.2759976,0.675999999,-0.0299999993,20220827409468,597,0xa,0x1,21.7199993,26.2906075,0.0215657651,0.0913124979,6.12334406e-06,30,1.12600005,2
597210100005715,206525893,2459819.7641377426,59819.2589352,15.9115095,0.0118504018,0,zr,341.4141482,20.276014199999999,0.713999987,-0.0270000007,20220828258924,597,0xa,0x1,21.6800003,26.3002701,0.0205221642,0.0939453766,5.59670571e-06,30,1.13100004,2
597210100005715,206829825,2459822.8035217072,59822.298252300003,15.9668941,0.0119583402,0,zr,341.414177,20.276008999999998,1.25600004,-0.0140000004,20220831298252,597,0xa,0x1,20.7600002,26.2878075,0.0246722437,0.106082752,8.10334768e-06,30,1.04400003,1
597210100005715,206929025,2459823.7955428874,59823.290254599997,15.9511395,0.0119268913,0,zr,341.41416429999998,20.276007100000001,0.508000016,-0.00700000022,20220901290255,597,0xa,0x1,21.3400002,26.2795067,0.0211978406,0.1002855,5.86667375e-06,30,1.04900002,2
597210100005715,206934505,2459823.850347193,59823.345057899998,15.903779,0.0118359076,0,zr,341.4141482,20.276001699999998,0.222000003,-0.00499999989,20220901345058,597,0xa,0x1,21.2600002,26.2901382,0.0225292463,0.10218744,6.62042976e-06,30,1.03900003,2
597210100005715,207028446,2459824.7897733515,59824.284467600002,15.9110537,0.0118495412,0,zr,341.4141497,20.275997199999999,0.703000009,0.0469999984,20220902284456,597,0xa,0x1,21.6100006,26.2666607,0.0211800653,0.101366751,5.93844061e-06,30,1.05299997,2
597210100005715,207031666,2459824.8219729993,59824.316666699997,15.9275885,0.0118809901,0,zr,341.41416980000002,20.275994600000001,1.44500005,-0.0120000001,20220902316655,597,0xa,0x1,21.5499992,26.2591572,0.0247577447,0.100107133,8.11869268e-06,30,1.03100002,1
597210100005715,207134528,2459825.8506121743,59825.3452894,15.9705601,0.0119657433,0,zr,341.41416040000001,20.276007199999999,0.647000015,-0.0460000001,20220903345289,597,0xa,0x1,21.3500004,26.26301,0.0204760693,0.0944826454,5.45028706e-06,30,1.04400003,2
597210100005715,207137756,2459825.8828926557,59825.3775694,15.9893637,0.0120042413,0,zr,341.41416559999999,20.276024799999998,0.72299999,0.0469999984,20220903377431,597,0xa,0x1,20.9300003,26.0572147,0.0441748463,0.109872468,2.58583441e-05,30,1.09399998,2
597210100005715,207225600,2459826.7613429367,59826.256006900003,15.9204702,0.0118673742,0,zr,341.41415910000001,20.2760131,0.518999994,-0.0309999995,20220904255995,597,0xa,0x1,20.8600006,26.259882,0.0246384181,0.0979262069,7.99087502e-06,30,1.09099996,2
597210100005715,207229106,2459826.7964013354,59826.291064800003,15.9304304,0.0118864579,0,zr,341.41416049999998,20.2760055,0.42899999,-0.0199999996,20220904291065,597,0xa,0x1,21.2000008,26.272213,0.0217981916,0.0925313607,6.33738773e-06,30,1.03999996,1
597210100005715,207230837,2459826.8137163776,59826.308379599999,15.9696932,0.0119639905,0,zr,341.41416240000001,20.276005900000001,0.703000009,0.0160000008,20220904308380,597,0xa,0x1,21.4699993,26.2576141,0.0210218914,0.0996444747,5.89663341e-06,30,1.03199995,2
597210100005715,207335902,2459827.8643782707,59827.359027799997,15.9553614,0.0119352583,0,zr,341.4141588,20.275994900000001,0.472000003,-0.0140000004,20220905359028,597,0xa,0x1,21.2800007,26.2583046,0.0210429579,0.09824083,5.90660602e-06,30,1.06900001,2
597210100005715,207425577,2459828.761136353,59828.255775500002,15.9401608,0.0119053284,0,zr,341.41414270000001,20.2759967,0.801999986,-0.0219999999,20220906255764,597,0xa,0x1,20.6800003,26.2779922,0.0249553397,0.0995306745,8.34309776e-06,30,1.08000004,2
597210100005715,207516674,2459829.672117814,59829.166747700001,15.9201164,0.0118666999,0,zr,341.4141606,20.276011700000002,0.855000019,-0.0329999998,20220907166736,597,0xa,0x1,20.3500004,26.1744556,0.0283344667,0.106447913,1.06316447e-05,30,1.46200001,2
597210100005715,207543262,2459829.9379999228,59829.432627299997,15.9838324,0.0119928271,0,zr,341.41415499999999,20.276000100000001,0.75,-0.0250000004,20220907432627,597,0xa,0x1,21.3099995,26.2481594,0.0218352675,0.103726976,6.22492644e-06,30,1.36099994,1
597210100005715,207545387,2459829.9592500976,59829.453877300002,15.973506,0.0119717168,0,zr,341.41415710000001,20.2760137,0.395000011,0.0130000003,20220907453877,597,0xa,0x1,21.2900009,26.2286873,0.0205061864,0.098635219,5.47544869e-06,30,1.52699995,2
597210100005715,208821434,2459842.7197068972,59842.214340300001,15.8888979,0.0118083972,0,zr,341.41415819999997,20.275992899999999,0.901000023,0.0299999993,20220920214306,597,0xa,0x1,21.5499992,26.3204136,0.0221160743,0.0972800478,6.40946519e-06,30,1.08700001,2
597210100005715,208835988,2459842.8652493893,59842.3598843,15.9047108,0.0118376492,0,zr,341.414152,20.2760292,0.537,0.0419999994,20220920359884,597,0xa,0x1,21.2700005,26.3122807,0.0215283614,0.102823623,6.05635796e-06,30,1.17700005,2
597210100005715,208926289,2459843.7682486223,59843.262893500003,15.9474716,0.0119196549,0,zr,341.41415119999999,20.276005600000001,0.940999985,0.0769999996,20220921262882,597,0xa,0x1,21.5699997,26.3263397,0.0237855967,0.0982329622,7.45051511e-06,30,1.03199995,1
597210100005715,208926383,2459843.7691861116,59843.263830999997,15.9814577,0.0119879488,0,zr,341.41415499999999,20.276008000000001,0.640999973,-0.0219999999,20220921263819,597,0xa,0x1,21.5,26.3273983,0.0206960384,0.0980486423,5.64258744e-06,30,1.03100002,2
597210100005715,208931221,2459843.8175651357,59843.312210600001,15.9437037,0.0119122546,0,zr,341.41414579999997,20.2759988,0.493999988,-0.0399999991,20220921312211,597,0xa,0x1,21.5799999,26.333456,0.0200805906,0.094664894,5.29121917e-06,30,1.06400001,2
597210100005715,209031961,2459844.8249599463,59844.319618100002,15.904911,0.0118380226,0,zr,341.41415269999999,20.2760003,0.513999999,-0.0399999991,20220922319618,597,0xa,0x1,21.5400009,26.3284245,0.0213749669,0.0966011658,5.96752716e-06,30,1.08099997,2
597210100005715,209129824,2459845.8035687525,59845.298240700002,15.9090519,0.0118457787,0,zr,341.41414789999999,20.2760158,0.846000016,-0.00300000003,20220923298194,597,0xa,0x1,21.7000008,26.318903,0.0256290156,0.0977512747,8.676574e-06,30,1.05200005,2
597210100005715,209216142,2459846.6667382405,59846.161423600002,15.9457865,0.0119163413,0,zr,341.41415039999998,20.2760012,1.34599996,0.0179999992,20220924161412,597,0xa,0x1,21.2700005,26.1901646,0.0210374612,0.0969241112,5.82088296e-06,30,1.21599996,2
597210100005715,209240430,2459846.909616244,59846.404305600001,15.9573765,0.0119392695,0,zr,341.41417080000002,20.276009299999998,0.596000016,-0.00899999961,20220924404306,597,0xa,0x1,21.2999992,26.2796497,0.0221291501,0.0960293934,6.40625785e-06,30,1.49899995,2
597210100005715,209322732,2459847.732623002,59847.227326400003,15.9089413,0.0118455701,0,zr,341.41415769999998,20.276006800000001,1.01900005,0.0489999987,20220925227326,597,0xa,0x1,21.4500008,26.3073921,0.0231668595,0.098160103,7.04364857e-06,30,1.046,2
597210100005715,209324853,2459847.7538263295,59847.248530099998,15.8865519,0.0118041066,0,zr,341.41416359999999,20.275997700000001,0.409000009,-0.00300000003,20220925248530,597,0xa,0x1,21.7900009,26.3150864,0.025161149,0.0964953378,8.37568223e-06,30,1.03199995,1
597210100005715,209325520,2459847.7605044106,59847.255208299997,15.9033155,0.0118350424,0,zr,341.41415669999998,20.276014100000001,0.611999989,0.00700000022,20220925255197,597,0xa,0x1,21.6299992,26.3190002,0.0214256421,0.0963772088,6.04481102e-06,30,1.03100002,2
597210100005715,209419028,2459848.6955681853,59848.190289400001,15.9134455,0.0118540525,0,zr,341.41415310000002,20.275995099999999,0.964999974,0.075000003,20220926190289,597,0xa,0x1,21.6100006,26.2688904,0.0236636847,0.0995610803,7.31088767e-06,30,1.10399997,2
597210100005715,209424185,2459848.7471297095,59848.241851899998,15.9356127,0.0118964808,0,zr,341.41416559999999,20.276010599999999,0.578000009,0.00100000005,20220926241840,597,0xa,0x1,21.6599998,26.2941895,0.0250203945,0.0997283012,8.18506942e-06,30,1.03400004,2
597210100005715,209514967,2459849.6549355346,59849.1496759,15.9744987,0.0119737349,0,zr,341.41415740000002,20.276007199999999,1.074,-0.0410000011,20220927149676,597,0xa,0x1,21.3600006,26.2020168,0.0232730024,0.0992600024,7.12262499e-06,30,1.23099995,2
597210100005715,209517552,2459849.6807799181,59849.175520800003,15.9187336,0.0118640689,0,zr,341.41416729999997,20.2760061,0.476000011,-0.0219999999,20220927175521,597,0xa,0x1,21.2299995,26.2663498,0.0228151307,0.0933214426,6.88759837e-06,30,1.13600004,1
597210100005715,209532350,2459849.8287629462,59849.3235069,15.9337397,0.0118928514,0,zr,341.41412680000002,20.275995099999999,1.72800004,0.0170000009,20220927323495,597,0xa,0x1,21.1599998,26.3093605,0.0216585957,0.0995509699,6.21163144e-06,30,1.12199998,2
597210100005715,209925321,2459853.7583799446,59853.253217600002,15.9050503,0.0118382806,0,zr,341.41415979999999,20.275989500000001,0.704999983,0.0209999997,20221001253194,597,0xa,0x1,21.7299995,26.3302689,0.0261045713,0.094050169,8.84609108e-06,30,1.03400004,1
597210100005715,209925416,2459853.7593290182,59853.254166699997,15.9107428,0.0118489582,0,zr,341.4141583,20.2760201,0.657000005,0.00999999978,20221001254155,597,0xa,0x1,21.9500008,26.3270035,0.0272649489,0.0943700224,9.64737319e-06,30,1.03400004,2
597210100005715,210030641,2459854.8115453301,59854.306411999998,15.9759121,0.0119766127,0,zr,341.41415569999998,20.276002800000001,0.446999997,-0.0340000018,20221002306412,597,0xa,0x1,21.8400002,26.3096237,0.0245303605,0.0904183164,7.94388416e-06,30,1.11300004,2
597210100005715,210130201,2459855.8071183255,59855.3020139,15.98703,0.0119994143,0,zr,341.41414789999999,20.2760122,1.21300006,-0.0170000009,20221003301979,597,0xa,0x1,21.6800003,26.284544,0.0243905988,0.09028887,7.735689e-06,30,1.10899997,1
597210100005715,210130296,2459855.8080673977,59855.302963000002,15.9821692,0.0119894063,0,zr,341.41415549999999,20.2759915,0.621999979,-0.0280000009,20221003302951,597,0xa,0x1,21.8500004,26.285675,0.0263776146,0.0911637917,9.0156127e-06,30,1.11099994,2
597210100005715,210134724,2459855.8523484506,59855.3472454,15.9576397,0.0119397948,0,zr,341.41415130000001,20.276019900000001,0.671999991,-0.00899999961,20221003347234,597,0xa,0x1,21.6399994,26.270956,0.0235392842,0.0974118933,7.18492311e-06,30,1.27699995,2
597210100005715,210230429,2459856.80936787,59856.304294000001,15.9883814,0.0120022092,0,zr,341.41414470000001,20.2760043,0.898999989,-0.00499999989,20221004304294,597,0xa,0x1,21.0100002,26.255291,0.0319434889,0.0909269378,1.33950634e-05,30,1.12199998,2
597210100005715,210320837,2459857.7134246812,59857.208379600001,15.8966513,0.0118226688,0,zr,341.41415849999998,20.2759921,1.09399998,0.0860000029,20221005208345,597,0xa,0x1,21.0200005,26.231842,0.0282130167,0.0981179625,1.03868806e-05,30,1.03900003,2
597210100005715,210338952,2459857.8945645867,59857.389525500002,15.9541702,0.0119328937,0,zr,341.41415230000001,20.276004199999999,0.569000006,0.0160000008,20221005389525,597,0xa,0x1,21.4899998,26.1741543,0.0222930554,0.102684662,6.53627285e-06,30,1.65100002,2
597210100005715,210417377,2459858.6787861185,59858.173773100003,15.9278793,0.0118815489,0,zr,341.41414409999999,20.276015099999999,0.55400002,0.0170000009,20221006173762,597,0xa,0x1,20.6100006,26.2186794,0.0253155679,0.103374377,8.39213681e-06,30,1.08099997,2
597210100005715,210433107,2459858.8360840478,59858.331076399998,15.9048605,0.0118379267,0,zr,341.41414800000001,20.275998399999999,0.839999974,-0.0140000004,20221006331065,597,0xa,0x1,20.8199997,26.2314682,0.0244497266,0.0999097601,7.87231784e-06,30,1.23800004,2
597210100005715,210523495,2459859.7399299694,59859.234953699997,15.9751673,0.0119750956,0,zr,341.41415519999998,20.276018000000001,1.01800001,-0.0540000014,20221007234954,597,0xa,0x1,20.5100002,26.2499561,0.0275465008,0.10489291,1.00406323e-05,30,1.03299999,1
597210100005715,210532817,2459859.8331442284,59859.328171300003,15.9234133,0.0118729873,0,zr,341.41415569999998,20.275999500000001,0.680000007,0.0299999993,20221007328160,597,0xa,0x1,20.5499992,26.2511997,0.0275786482,0.105490893,1.01326987e-05,30,1.23699999,2
597210100005715,210617068,2459860.6756254192,59860.170682900003,16.0027199,0.0120321186,0,zr,341.41414709999998,20.275996899999999,0.907000005,-0.0240000002,20221008170671,597,0xa,0x1,20.3600006,26.2113438,0.0300211962,0.103347532,1.19900042e-05,30,1.07599998,2
597210100005715,210831800,2459862.8228697348,59862.318009299997,15.9838724,0.0119929072,0,zr,341.41417389999998,20.276002600000002,0.703000009,0.00600000005,20221010317998,597,0xa,0x1,19.9799995,26.2544594,0.0301350784,0.103946969,1.19368315e-05,30,1.22800004,2
597210100005715,210936365,2459863.868475514,59863.363657399997,15.9304142,0.0118864262,0,zr,341.41415069999999,20.2760347,0.867999971,0,20221011363657,597,0xa,0x1,19.7800007,26.2027359,0.0378724746,0.111494355,1.89096845e-05,30,1.55200005,2
597210100005715,211033706,2459864.8418376273,59864.3370602,15.9134836,0.0118541243,0,zr,341.41415439999997,20.276001399999998,0.609000027,-0.0379999988,20221012337049,597,0xa,0x1,20.5,26.2090092,0.0236465503,0.102105215,7.32609988e-06,30,1.36099994,2
597210100005715,211114115,2459865.6459002551,59865.141157400001,15.9081259,0.011844039,0,zr,341.41413310000002,20.276000100000001,0.686999977,-0.0329999998,20221013141146,597,0xa,0x1,20.9300003,26.2494507,0.0214062296,0.0949976444,6.0072739e-06,30,1.11000001,2
597210100005715,211116370,2459865.6684455834,59865.163703699996,15.9202528,0.0118669579,0,zr,341.41415660000001,20.276012300000001,0.693000019,-0.0289999992,20221013163530,597,0xa,0x1,21.1499996,26.2589207,0.0218167379,0.0996396393,6.22313428e-06,30,1.06500006,1
597210100005715,211132493,2459865.8296653978,59865.3249306,15.9058933,0.0118398601,0,zr,341.41415640000002,20.276018000000001,0.574000001,-0.0419999994,20221013324919,597,0xa,0x1,20.8099995,26.2441425,0.0221614186,0.103145771,6.41506767e-06,30,1.30400002,2
597210100005715,211215285,2459866.6575568784,59866.1528588,15.9227695,0.011871757,0,zr,341.4141654,20.276008999999998,0.686999977,-0.0240000002,20221014152859,597,0xa,0x1,21.2299995,26.2585468,0.0205409899,0.0977177471,5.5818191e-06,30,1.079,2
597210100005715,211236178,2459866.8664709893,59866.361782400003,15.9777422,0.0119803455,0,zr,341.41416559999999,20.2760052,0.762000024,0.050999999,20221014361771,597,0xa,0x1,20.7399998,26.2251797,0.0225534216,0.0980095714,6.5985214e-06,30,1.61600006,2
597210100005715,211318804,2459867.6926948372,59867.188044000002,15.976016,0.0119768251,0,zr,341.41415389999997,20.276002399999999,0.725000024,-0.00600000005,20221015187847,597,0xa,0x1,21.5499992,26.2416096,0.0219745841,0.0938329026,6.33181344e-06,30,1.03499997,2
597210100005715,211319481,2459867.6994653246,59867.194814800001,15.9749107,0.011974575,0,zr,341.41416340000001,20.276005999999999,0.592000008,-0.00600000005,20221015194815,597,0xa,0x1,21.3999996,26.2337322,0.022159392,0.0984140337,6.48708237e-06,30,1.03199995,2
597210100005715,211517759,2459869.6821486135,59869.177592599997,15.9500675,0.0119247744,0,zr,341.4141553,20.276017899999999,0.367000014,0.0309999995,20221017177593,597,0xa,0x1,21.2399998,26.2469864,0.0229903497,0.101049542,6.93923448e-06,30,1.03799999,2
597210100005715,211619081,2459870.6953159231,59870.190810200002,15.9003601,0.011829542,0,zr,341.41415929999999,20.276018199999999,1.00699997,-0.00600000005,20221018190752,597,0xa,0x1,21.5100002,26.2560673,0.0234281551,0.0963391289,7.21984588e-06,30,1.03100002,2
597210100005715,211621228,2459870.7167847427,59870.2122801,15.8981934,0.0118255224,0,zr,341.41416320000002,20.276015099999999,0.677999973,0.0520000011,20221018212280,597,0xa,0x1,21.3899994,26.2538109,0.0233107265,0.102228582,7.15294436e-06,30,1.03600001,1
597210100005715,211626775,2459870.7722564312,59870.267754599998,15.9615965,0.0119476989,0,zr,341.41415319999999,20.276012300000001,0.913999975,0.0309999995,20221018267743,597,0xa,0x1,21.1399994,26.2592468,0.0222179368,0.0992988497,6.44570719e-06,30,1.12600005,2
597210100005715,211719168,2459871.6961445324,59871.191689799998,15.9255829,0.0118771391,0,zr,341.41416079999999,20.2760082,0.300999999,0.00499999989,20221019191678,597,0xa,0x1,21.3199997,26.2664795,0.0209556594,0.100253664,5.80343749e-06,30,1.03100002,2
597210100005715,211819353,2459872.6979325018,59872.193530099998,15.9506207,0.0119258668,0,zr,341.4141659,20.276018000000001,0.492000014,0.0370000005,20221020193530,597,0xa,0x1,21.2099991,26.2635899,0.023446491,0.106962204,7.23862786e-06,30,1.03100002,2
597210100005715,211819446,2459872.6988699525,59872.194467599998,15.9618587,0.0119482232,0,zr,341.41416829999997,20.2760243,0.615999997,0.0120000001,20221020194468,597,0xa,0x1,20.9699993,26.2708607,0.0226215571,0.103181183,6.73546674e-06,30,1.03199995,1
597210100005715,211918690,2459873.6912589502,59873.186909700002,15.9685736,0.0119617283,0,zr,341.41415419999998,20.276024,0.814999998,-0.00700000022,20221021186910,597,0xa,0x1,21.2000008,26.2495155,0.0222761948,0.0973007604,6.56567227e-06,30,1.03100002,2
597210100005715,212016637,2459874.6706729247,59874.166377299996,15.9795017,0.0119839413,0,zr,341.41415060000003,20.275999800000001,0.547999978,0.00700000022,20221022166377,597,0xa,0x1,21.6900005,26.2542667,0.0243077334,0.0936227441,7.76758679e-06,30,1.03600001,1
597210100005715,212027642,2459874.7807130986,59874.2764236,15.9056597,0.0118394224,0,zr,341.414154,20.276006599999999,0.57099998,-0.0209999997,20221022276400,597,0xa,0x1,21.5400009,26.2354469,0.0226595849,0.0943415016,6.78661399e-06,30,1.19099998,2
597210100005715,212318525,2459877.6893775044,59877.185254600001,15.900691,0.0118301595,0,zr,341.41415769999998,20.276017800000002,0.582000017,0.0280000009,20221025185255,597,0xa,0x1,21.3500004,26.2652111,0.0221605692,0.0990718752,6.41114138e-06,30,1.03299999,2
597210100005715,212331097,2459877.8150876113,59877.310972200001,15.9552946,0.011935126,0,zr,341.41416459999999,20.2760088,0.745000005,0.0270000007,20221025310972,597,0xa,0x1,21.1000004,26.2445316,0.0227684695,0.0974356681,6.75603087e-06,30,1.42799997,1
597210100005715,212333921,2459877.8433267106,59877.339212999999,15.9287758,0.0118832719,0,zr,341.41414700000001,20.2760243,0.584999979,-0.0109999999,20221025339201,597,0xa,0x1,20.8199997,26.215004,0.023777809,0.10651546,7.36374523e-06,30,1.70200002,2
597210100005715,212413012,2459878.6341938754,59878.130127299999,15.9272175,0.0118802777,0,zr,341.41414759999998,20.276012399999999,0.754000008,0.0140000004,20221026130127,597,0xa,0x1,21.4200001,26.2601109,0.0227466747,0.0982126817,6.79237246e-06,30,1.06200004,2
597210100005715,212424211,2459878.7461779239,59878.242118100003,15.9669094,0.0119583718,0,zr,341.41415369999999,20.276015900000001,0.293000013,-0.00600000005,20221026242106,597,0xa,0x1,21.2700005,26.2627792,0.0223295353,0.10016387,6.48261994e-06,30,1.11600006,2
597210100005715,212526407,2459879.7680716794,59879.2640741,15.9419346,0.011908792,0,zr,341.41416359999999,20.276027299999999,0.523999989,0.00100000005,20221027264062,597,0xa,0x1,21.0499992,26.2416477,0.0226405915,0.105462581,6.611147e-06,30,1.19599998,1
597210100005715,212526501,2459879.7690091208,59879.2650116,15.9444914,0.0119137997,0,zr,341.41415899999998,20.276018799999999,0.467999995,-0.0289999992,20221027265012,597,0xa,0x1,21.2600002,26.2442913,0.02309536,0.0989112705,6.86449857e-06,30,1.20000005,2
597210100005715,212610962,2459880.6135747903,59880.109629600003,15.9239159,0.0118739493,0,zr,341.41415069999999,20.2760122,0.773999989,-0.050999999,20221028109630,597,0xa,0x1,21.3500004,26.2565498,0.0212587249,0.101110533,5.81042923e-06,30,1.08899999,2
597210100005715,212616978,2459880.6737215463,59880.169780099997,15.9612255,0.0119469566,0,zr,341.41415030000002,20.276006599999999,0.671000004,0.0199999996,20221028169780,597,0xa,0x1,21.3899994,26.2711792,0.0216802862,0.0957425535,6.1257615e-06,30,1.03100002,2
597210100005715,212725554,2459881.7594168629,59881.255544,15.9043589,0.0118369889,0,zr,341.41415540000003,20.276002299999998,0.850000024,-0.0379999988,20221029255544,597,0xa,0x1,21.3400002,26.252039,0.0214585699,0.0962090641,5.96207883e-06,30,1.18499994,1
597210100005715,212725648,2459881.7603543024,59881.256481500001,15.9074297,0.0118427342,0,zr,341.41415619999998,20.2760034,0.598999977,-0.0390000008,20221029256482,597,0xa,0x1,21.3500004,26.2531166,0.0200657081,0.0970352665,5.20442427e-06,30,1.18799996,2
597210100005715,212912935,2459883.633103393,59883.129351900003,15.9947491,0.0120154265,0,zr,341.41416340000001,20.276017,0.416000009,0.00999999978,20221031129340,597,0xa,0x1,21.2199993,26.2567062,0.0212437678,0.102361113,5.88239845e-06,30,1.046,1
597210100005715,213533732,2459889.8406493305,59889.337326399997,15.9705124,0.0119656473,0,zr,341.41413720000003,20.2760082,0.558000028,-0.00800000038,20221106337303,597,0xa,0x1,19.2299995,26.1902618,0.0390166976,0.103624538,2.26099928e-05,30,2.22399998,2
597210100005715,214011031,2459894.6132810162,59894.110312500001,15.9006128,0.0118300123,0,zr,341.41414859999998,20.275995399999999,0.728999972,0.0109999999,20221111110301,597,0xa,0x1,21.1700001,26.1428452,0.0293924026,0.0977965891,1.16520732e-05,30,1.03699994,2
597210100005715,214016415,2459894.6671195007,59894.164155099999,15.9729156,0.0119705182,0,zr,341.41414800000001,20.2760161,0.887000024,0.0189999994,20221111164086,597,0xa,0x1,20.8099995,26.2703247,0.0239165723,0.102360554,7.31026967e-06,30,1.05200005,1
597210100005715,214026885,2459894.7718105316,59894.268854200003,15.8948898,0.0118194129,0,zr,341.41414830000002,20.276039399999998,0.644999981,0.00100000005,20221111268843,597,0xa,0x1,19.9400005,26.2457218,0.0309328828,0.106319204,1.22356032e-05,30,1.46200001,2
597210100005715,214113430,2459895.637195454,59895.134305599997,15.9566326,0.0119377887,0,zr,341.414153,20.2760213,0.873000026,0.00200000009,20221112134306,597,0xa,0x1,21.2000008,26.2632732,0.0224409327,0.106619671,6.55771782e-06,30,1.03199995,2
597210100005715,214118398,2459895.6868675048,59895.183981499998,15.9621897,0.0119488854,0,zr,341.41415380000001,20.276008600000001,1.03799999,0.00600000005,20221112183970,597,0xa,0x1,21.1800003,26.2618141,0.0254046693,0.101751938,8.42640748e-06,30,1.08899999,2
597210100005715,214212754,2459896.630359021,59896.127546299998,15.9954109,0.0120168049,0,zr,341.4141626,20.276024199999998,0.828999996,-0.00300000003,20221113127535,597,0xa,0x1,20.75,25.9239426,0.027045697,0.102013521,1.03201801e-05,30,1.03100002,1
597210100005715,214230414,2459896.8069423158,59896.304143499998,16.0054207,0.012037809,0,zr,341.41415699999999,20.276017299999999,0.333000004,-0.0280000009,20221113304132,597,0xa,0x1,20.5100002,26.177597,0.0261415858,0.104975209,9.01507701e-06,30,1.94599998,2
597210100005715,214322665,2459897.7293814989,59897.226655099999,15.924365,0.0118748089,0,zr,341.41415310000002,20.276024,0.815999985,-0.0450000018,20221114226632,597,0xa,0x1,20.7800007,26.1587486,0.0236101393,0.105843186,7.40160976e-06,30,1.24800003,2
597210100005715,214423717,2459898.7398221246,59898.237175900002,15.9528427,0.0119302636,0,zr,341.41416270000002,20.276014199999999,0.270999998,0.0350000001,20221115237164,597,0xa,0x1,21.0400009,26.2522163,0.0236349367,0.106773496,7.2764683e-06,30,1.31799996,2
597210100005715,214621971,2459900.7221973184,59900.219710600002,15.9574089,0.0119393328,0,zr,341.41412220000001,20.276001099999998,0.884000003,0.00300000003,20221117219711,597,0xa,0x1,19.7900009,26.301054,0.0356322862,0.111016646,1.66617756e-05,30,1.25399995,1
597210100005715,214714593,2459901.6483487594,59901.145937499998,15.9510078,0.0119266296,0,zr,341.41415649999999,20.276005000000001,0.657000005,0.00999999978,20221118145938,597,0xa,0x1,20.8600006,26.0168076,0.0264406372,0.102339707,8.97169684e-06,30,1.05299997,2
597210100005715,214813039,2459902.6327238688,59902.130393500003,15.9828749,0.0119908554,0,zr,341.4141687,20.2760225,1.07500005,0.00800000038,20221119130394,597,0xa,0x1,20.3299999,26.3078365,0.030673692,0.104532771,1.22859292e-05,30,1.03999996,1
597210100005715,214815505,2459902.657386227,59902.155057900003,15.9887114,0.0120028891,0,zr,341.41415929999999,20.276017100000001,0.702000022,-0.0179999992,20221119155046,597,0xa,0x1,20.8199997,26.3037548,0.0231332015,0.101112179,6.91482774e-06,30,1.07000005,2
597210100005715,214915021,2459903.6524657775,59903.150219900002,15.9801512,0.0119852722,0,zr,341.41413970000002,20.276026300000002,0.458999991,-0.00999999978,20221120150139,597,0xa,0x1,20.8700008,26.3110046,0.0226637833,0.103130735,6.62321054e-06,30,1.06700003,2
597210100005715,214919678,2459903.6990243834,59903.196782400002,15.9229403,0.0118720848,0,zr,341.41416120000002,20.2760082,0.43599999,-0.00100000005,20221120196771,597,0xa,0x1,20.7900009,26.3047028,0.0229452401,0.104450494,6.8380823e-06,30,1.19000006,2
597210100005715,215012266,2459904.6248267014,59904.122662000002,15.989007,0.0120035009,0,zr,341.41414630000003,20.2760222,0.456,0.00800000038,20221121122650,597,0xa,0x1,21.3799992,26.3107796,0.0232021622,0.101686284,6.94827395e-06,30,1.03799999,2
597210100005715,215012359,2459904.6257641232,59904.123599500002,15.9884348,0.0120023163,0,zr,341.41415430000001,20.276014100000001,0.851000011,-0.0659999996,20221121123600,597,0xa,0x1,21.2999992,26.316206,0.0214013737,0.100938737,5.9139461e-06,30,1.03900003,1
597210100005715,215020480,2459904.7069609836,59904.204803200002,15.8904266,0.0118111987,0,zr,341.4141626,20.2760283,0.314999998,0.0359999985,20221121204803,597,0xa,0x1,21.0400009,26.3036861,0.0221317187,0.102664828,6.35295646e-06,30,1.23500001,2
597210100005715,215118468,2459905.6867628507,59905.184687499997,15.8937979,0.0118173985,0,zr,341.41414909999997,20.2760216,0.442999989,0.0120000001,20221122184676,597,0xa,0x1,20.9099998,26.0661793,0.0243579298,0.101770818,7.660964e-06,30,1.16499996,2
597210100005715,215212956,2459906.6315555372,59906.129560200003,15.9356651,0.0118965823,0,zr,341.41414589999999,20.276021,0.589999974,-0.0280000009,20221123129560,597,0xa,0x1,21.4400005,26.3173256,0.0245157946,0.0993068367,7.92179708e-06,30,1.04999995,2
597210100005715,215223781,2459906.7397985728,59906.237812500003,15.9806404,0.0119862724,0,zr,341.4141659,20.276022699999999,0.331999987,0.00200000009,20221123237801,597,0xa,0x1,20.8899994,26.2908726,0.0228121914,0.106399052,6.85251734e-06,30,1.47599995,2
597210100005715,215316358,2459907.6654951624,59907.163588000003,15.9448595,0.0119145233,0,zr,341.41415210000002,20.276030599999999,0.689999998,-0.00600000005,20221124163588,597,0xa,0x1,20.4699993,26.3012199,0.025988508,0.10452015,8.7987537e-06,30,1.11800003,2
597210100005715,215317293,2459907.6748461588,59907.172939800002,15.9596291,0.0119437622,0,zr,341.41416140000001,20.276044899999999,1.26800001,-0.00200000009,20221124172928,597,0xa,0x1,20.3299999,26.3021545,0.0319974385,0.103412561,1.34616084e-05,30,1.14499998,2
597210100005715,215416408,2459908.6659069089,59908.164085600001,15.9739046,0.0119725289,0,zr,341.41413,20.276001900000001,0.531000018,-0.00100000005,20221125164086,597,0xa,0x1,20.3500004,26.3285389,0.0286649056,0.0980916917,1.06836424e-05,30,1.12699997,1
597210100005715,215416503,2459908.666855928,59908.165034700003,15.9788218,0.0119825499,0,zr,341.41414250000003,20.276006299999999,0.684000015,0.00200000009,20221125165023,597,0xa,0x1,20.3400002,26.3254662,0.0281699765,0.0979742557,1.03436805e-05,30,1.12899995,2
597210100005715,215514248,2459909.6442252747,59909.142488400001,15.985095,0.0119954245,0,zr,341.41415139999998,20.276015999999998,0.739000022,-0.0219999999,20221126142488,597,0xa,0x1,21.2800007,26.3178062,0.0216020532,0.0961987972,6.0468974e-06,30,1.08200002,2
597210100005715,215611002,2459910.6116760257,59910.110023100002,15.9753714,0.011975511,0,zr,341.41416120000002,20.276018400000002,0.58099997,-0.0120000001,20221127110023,597,0xa,0x1,20.8999996,26.3153248,0.0228320826,0.101319097,6.76856052e-06,30,1.04100001,2
597210100005715,215615971,2459910.6613591858,59910.159710599997,15.9724121,0.0119694984,0,zr,341.41415899999998,20.276039000000001,0.964999974,-0.00100000005,20221127159711,597,0xa,0x1,20.7000008,26.3112354,0.0233786758,0.103826232,7.07931167e-06,30,1.13,1
597210100005715,215616065,2459910.6623082026,59910.160659699999,15.9676418,0.0119598471,0,zr,341.41416079999999,20.276022699999999,0.739000022,-0.00400000019,20221127160648,597,0xa,0x1,20.9200001,26.3084297,0.0225256439,0.10581205,6.58741328e-06,30,1.13199997,2
597210100005715,216014378,2459914.6450833199,59914.143784699998,15.9264488,0.0118788015,0,zr,341.41415860000001,20.276023599999998,0.930999994,0.0170000009,20221201143785,597,0xa,0x1,21.0499992,26.3200264,0.0238409676,0.103611425,7.36438778e-06,30,1.11600006,2
597210100005715,216015873,2459914.6600356861,59914.158738400001,15.9580135,0.0119405389,0,zr,341.41414950000001,20.276019000000002,0.916000009,0.0219999999,20221201158738,597,0xa,0x1,20.9500008,26.3146095,0.0227122158,0.0992525592,6.69462543e-06,30,1.16100001,2
597210100005715,216817238,2459922.6729630372,59922.1723843,15.9808168,0.0119866338,0,zr,341.41415970000003,20.276035100000001,0.602999985,-0.0250000004,20221209172338,597,0xa,0x1,20.5699997,26.284687,0.0277998839,0.110968508,9.84051621e-06,30,1.32200003,1
597210100005715,217618400,2459930.683856912,59930.1840046,15.9396191,0.0119042723,0,zr,341.41414700000001,20.276056000000001,1.59200001,-0.0140000004,20221217183993,597,0xa,0x1,20.1000004,26.2589512,0.0312124323,0.111430243,1.27661224e-05,30,1.58500004,1
597210100005715,218114144,2459935.6408517282,59935.1414468,15.9208927,0.0118681779,0,zr,341.41415540000003,20.276,0.666000009,0.0179999992,20221222141435,597,0xa,0x1,21.0900002,26.2930832,0.0193820279,0.102235034,4.91184028e-06,30,1.35000002,1
597210100005715,219718398,2459951.6819963334,59951.183981499998,15.9316454,0.0118888021,0,zr,341.41415239999998,20.276006200000001,0.435000002,-0.0209999997,20230107183981,597,0xa,0x1,19.4599991,26.1877537,0.0412667878,0.125391245,2.33641149e-05,30,2.67000008,1
597210100005715,221311363,2459967.6104383529,59967.113634300003,15.9565239,0.0119375726,0,zr,341.41416959999998,20.276052499999999,0.954999983,0.0390000008,20230123113634,597,0xa,0x1,19.2900009,26.2016735,0.0405969508,0.12051177,2.5625377e-05,30,2.00500011,2
597210100005715,221312150,2459967.6183081027,59967.1215046,15.9671459,0.0119588468,0,zr,341.41416500000003,20.2760295,0.672999978,0.00100000005,20230123121505,597,0xa,0x1,19.4400005,26.194313,0.0449890159,0.110024005,2.94922793e-05,30,2.16100001,2
597210100005715,221512071,2459969.6173860379,59969.120717600003,15.9082375,0.0118442504,0,zr,341.41418279999999,20.276038400000001,0.52700001,-0.00800000038,20230125120625,597,0xa,0x1,19.6800003,26.2306423,0.0365220942,0.108144976,1.76503308e-05,30,2.26699996,2
597210100005715,228851068,2460043.0062147933,60042.5106829,15.9365559,0.0118983118,0,zr,341.41417330000002,20.2759976,0.773999989,-0.0189999994,20230408510683,597,0xa,0x1,19.7800007,26.0604076,0.0374034569,0.108324021,1.85800127e-05,30,2.704,1
597210100005715,228851311,2460043.0086453902,60042.513113399997,15.934062,0.0118934745,0,zr,341.41419009999998,20.276013200000001,0.888999999,-0.00499999989,20230408513113,597,0xa,0x1,19.7600002,26.072916,0.0360733531,0.109164022,1.75986152e-05,30,2.62199998,1
597210100005715,228851554,2460043.0110760881,60042.515544000002,15.9271832,0.0118802115,0,zr,341.41418270000003,20.276009800000001,0.89200002,-0,20230408515532,597,0xa,0x1,19.75,26.0890331,0.0371617712,0.103773534,1.85554927e-05,30,2.54500008,1
597210100005715,228851796,2460043.0134951863,60042.517962999998,15.934762,0.0118948296,0,zr,341.41415949999998,20.276017299999999,0.876999974,0.00999999978,20230408517963,597,0xa,0x1,19.8099995,26.0696335,0.035944324,0.113308951,1.73759581e-05,30,2.47199988,1
597210100005715,228852040,2460043.0159373856,60042.520405099996,15.9460173,0.0119167948,0,zr,341.4141391,20.2760167,0.759000003,-0.0529999994,20230408520394,597,0xa,0x1,19.5100002,26.0729218,0.0380693898,0.112296164,2.02777173e-05,30,2.40400004,1
597210100005715,228951011,2460044.0056871632,60043.510115700003,15.9603577,0.0119452206,0,zr,341.41414450000002,20.276017700000001,1.03699994,-0.0370000005,20230409510104,597,0xa,0x1,20,26.1163349,0.0364778899,0.107550479,1.74489142e-05,30,2.63100004,1
597210100005715,228951247,2460044.0080484608,60043.512476900003,15.9523516,0.0119292894,0,zr,341.41414730000002,20.2759958,0.939999998,0.00100000005,20230409512477,597,0xa,0x1,20.1499996,26.1383209,0.0323332883,0.110442728,1.36448698e-05,30,2.55500007,1
597210100005715,228951484,2460044.0104211587,60043.514849500003,15.9527302,0.0119300382,0,zr,341.4141558,20.2760067,1.61099994,-0.0270000007,20230409514838,597,0xa,0x1,20.0900002,26.1407032,0.0328976959,0.111039758,1.42239196e-05,30,2.48399997,1
597210100005715,228951721,2460044.0127823572,60043.517210600003,15.9617958,0.0119480966,0,zr,341.4141535,20.276021199999999,1.24300003,0.0120000001,20230409517211,597,0xa,0x1,20.0599995,26.1497917,0.0304528996,0.107771903,1.22126494e-05,30,2.41700006,1
597210100005715,228951958,2460044.0151551547,60043.519583300003,15.9662838,0.0119571108,0,zr,341.41416190000001,20.276003500000002,0.68900001,-0.0280000009,20230409519572,597,0xa,0x1,19.8700008,26.1683102,0.0391114354,0.107208066,2.02875271e-05,30,2.35299993,1
597210100005715,229051018,2460045.0057976088,60044.510185200001,15.973361,0.0119714234,0,zr,341.4141588,20.276015300000001,0.79400003,-0.0489999987,20230410510174,597,0xa,0x1,20.2900009,26.1604996,0.0271488745,0.116481155,9.5835594e-06,30,2.54099989,1
597210100005715,229051254,2460045.0081588109,60044.5125463,16.0057449,0.0120384926,0,zr,341.41414379999998,20.2760292,1.00899994,0.0189999994,20230410512546,597,0xa,0x1,20.2299995,26.1569576,0.0297035612,0.114634216,1.14543182e-05,30,2.47099996,1
597210100005715,229051491,2460045.0105316122,60044.514919000001,15.9818497,0.0119887507,0,zr,341.41414759999998,20.276020599999999,0.693000019,0.00999999978,20230410514919,597,0xa,0x1,20.1599998,26.1720276,0.0287802666,0.107759029,1.08004961e-05,30,2.40499997,1
597210100005715,229051729,2460045.0129044135,60044.517291700002,16.0070839,0.012041322,0,zr,341.41414800000001,20.276014199999999,0.819000006,-0.0209999997,20230410517280,597,0xa,0x1,19.8700008,26.1793194,0.0361794271,0.111945763,1.73840508e-05,30,2.34200001,1
597210100005715,229051966,2460045.0152772139,60044.519664400003,15.9849253,0.0119950743,0,zr,341.41417030000002,20.276018400000002,0.556999981,-0.0199999996,20230410519653,597,0xa,0x1,19.5599995,26.200119,0.0390933976,0.113624454,2.10966591e-05,30,2.28299999,1
597210100005715,229150887,2460046.0045319353,60045.508877300002,15.976429,0.0119776651,0,zr,341.41416199999998,20.276018799999999,0.584999979,-0.0160000008,20230411508877,597,0xa,0x1,20.2999992,26.1736336,0.0285887234,0.111316629,1.06008774e-05,30,2.49900007,1
597210100005715,229151125,2460046.0069047394,60045.511250000003,16.0004807,0.0120274127,0,zr,341.41417189999999,20.2760125,0.936999977,0.00499999989,20230411511238,597,0xa,0x1,20.3799992,26.1757469,0.0292923916,0.112049676,1.1103657e-05,30,2.43000007,1
597210100005715,229151361,2460046.0092659444,60045.513611100003,16.0161743,0.0120606534,0,zr,341.41416040000001,20.2760085,0.637000024,-0.0149999997,20230411513611,597,0xa,0x1,20.2199993,26.1884766,0.0315834694,0.106374875,1.29358759e-05,30,2.36599994,1
597210100005715,229151598,2460046.0116387489,60045.515983800004,16.0204868,0.0120698996,0,zr,341.4141649,20.276013899999999,1.03999996,-0.0219999999,20230411515972,597,0xa,0x1,19.8199997,26.1908131,0.033200562,0.107878476,1.44991745e-05,30,2.30599999,1
597210100005715,229151835,2460046.0140115535,60045.518356499997,15.9937944,0.0120134372,0,zr,341.41415919999997,20.2760079,0.97299999,-0.0520000011,20230411518345,597,0xa,0x1,19.6299992,26.2120781,0.0335952565,0.110753708,1.52341991e-05,30,2.24799991,1
597210100005715,229250604,2460047.0017398181,60046.506041699999,16.0231514,0.0120756337,0,zr,341.4141836,20.276040200000001,0.943000019,-0.00100000005,20230412506030,597,0xa,0x1,19.5799999,25.9322701,0.0436636172,0.117060579,2.6086298e-05,30,2.50200009,1
597210100005715,229251032,2460047.0060224142,60046.510324100003,15.9511337,0.0119268792,0,zr,341.41415110000003,20.2760046,0.737999976,-0.0219999999,20230412510312,597,0xa,0x1,20.2000008,26.1391125,0.0318722539,0.116142884,1.32792929e-05,30,2.38199997,1
597210100005715,229251271,2460047.008418323,60046.512719899998,15.9822283,0.0119895292,0,zr,341.41415590000003,20.2760167,0.524999976,-0.0270000007,20230412512720,597,0xa,0x1,20.1000004,26.0952702,0.0299484581,0.10915333,1.16970486e-05,30,2.31900001,1
597210100005715,230148785,2460055.9840060431,60055.487858799999,15.924304,0.0118746925,0,zr,341.41416550000002,20.276008999999998,0.813000023,-0.0140000004,20230421487847,597,0xa,0x1,20.9300003,26.1563015,0.0226212572,0.111873023,6.73462318e-06,30,2.32599998,1
597210100005715,230149031,2460055.9864598825,60055.490312499998,15.9284067,0.0118825603,0,zr,341.41416140000001,20.276021100000001,0.402999997,-0.00100000005,20230421490312,597,0xa,0x1,20.7399998,26.1664162,0.0253397375,0.109578982,8.43518683e-06,30,2.26600003,1
597210100005715,230149276,2460055.9889137219,60055.492766199997,15.9210396,0.0118684564,0,zr,341.41415519999998,20.276013800000001,0.693000019,-0.0209999997,20230421492766,597,0xa,0x1,21,26.1710377,0.0225302074,0.108388439,6.6712787e-06,30,2.20900011,1
597210100005715,230149523,2460055.9913791623,60055.495231499997,15.9284096,0.0118825678,0,zr,341.41414759999998,20.276028700000001,0.694000006,-0.0109999999,20230421495231,597,0xa,0x1,20.9799995,26.1734276,0.0229742434,0.108042091,6.9450316e-06,30,2.15499997,1
597210100005715,230149768,2460055.9938330003,60055.497685200004,15.9094315,0.011846493,0,zr,341.41416650000002,20.276010500000002,1.13999999,0.0350000001,20230421497685,597,0xa,0x1,20.8400002,26.1774254,0.0234951843,0.110461213,7.22734148e-06,30,2.10299993,1
597210100005715,230248533,2460056.9815388201,60056.485335600002,15.9154272,0.0118577983,0,zr,341.41414309999999,20.2760064,0.305999994,0.0189999994,20230422485336,597,0xa,0x1,21.0100002,26.1504803,0.0256390795,0.111729614,8.51268487e-06,30,2.3210001,1
597210100005715,230248777,2460056.9839811586,60056.487777800001,15.9001551,0.011829162,0,zr,341.41418329999999,20.275997400000001,0.26699999,-0.00899999961,20230422487778,597,0xa,0x1,20.9599991,26.1681881,0.0226670094,0.10523472,6.67134873e-06,30,2.26099992,1
597210100005715,230249021,2460056.9864234007,60056.490219899999,15.9070997,0.0118421176,0,zr,341.41417319999999,20.2760137,0.630999982,-0.0120000001,20230422490220,597,0xa,0x1,20.8600006,26.1701527,0.0241941102,0.107191257,7.62035597e-06,30,2.20499992,1
597210100005715,230249267,2460056.9888772434,60056.492673599998,15.9104824,0.0118484674,0,zr,341.4141644,20.276013599999999,0.351000011,0.0299999993,20230422492674,597,0xa,0x1,20.9599991,26.1675529,0.0234808326,0.10705553,7.18535739e-06,30,2.15100002,1
597210100005715,230249511,2460056.9913194836,60056.495115700003,15.9139538,0.0118550118,0,zr,341.41417669999998,20.276018700000002,0.449999988,-0.0399999991,20230422495116,597,0xa,0x1,20.7600002,26.1790466,0.0263862684,0.107484259,9.08350921e-06,30,2.0999999,1
597210100005715,230348468,2460057.9809479588,60057.4846875,15.9094286,0.0118464855,0,zr,341.41416909999998,20.276017800000002,0.551999986,-0.0160000008,20230423484676,597,0xa,0x1,20.7299995,26.1015549,0.0261850748,0.115660243,8.90053252e-06,30,2.26999998,1
597210100005715,230348719,2460057.9834597083,60057.487199100004,15.9373255,0.0118998075,0,zr,341.41415189999998,20.276016800000001,0.796000004,0.00400000019,20230423487188,597,0xa,0x1,20.9300003,26.1044979,0.0240883343,0.111168131,7.61331694e-06,30,2.21099997,1
597210100005715,230348969,2460057.9859598558,60057.489699099999,15.9325428,0.0118905362,0,zr,341.41415410000002,20.276016200000001,0.870000005,-0.0270000007,20230423489699,597,0xa,0x1,20.9500008,26.1037102,0.0230345521,0.106542833,6.92620142e-06,30,2.1559999,1
597210100005715,230349221,2460057.9884715029,60057.492210600001,15.9149837,0.0118569583,0,zr,341.41416720000001,20.276010800000002,0.851999998,0.0350000001,20230423492211,597,0xa,0x1,20.8600006,26.1181335,0.0232048128,0.107108027,7.06444052e-06,30,2.10400009,1
597210100005715,230349473,2460057.9909948525,60057.494733799998,15.9301414,0.0118859001,0,zr,341.4141553,20.2760064,0.42899999,0.0140000004,20230423494722,597,0xa,0x1,21,26.1113377,0.0250292514,0.104255117,8.21978301e-06,30,2.0539999,1
597210100005715,230448361,2460058.9799299119,60058.483611099997,15.9427071,0.0119103026,0,zr,341.41418720000001,20.276026699999999,1.14999998,-0.0240000002,20230424483611,597,0xa,0x1,20.0900002,25.8928337,0.0332448743,0.115338206,1.45031563e-05,30,2.23099995,1
597210100005715,230448612,2460058.9824416637,60058.4861227,15.9497623,0.0119241718,0,zr,341.41417439999998,20.276020899999999,1.08800006,-0.0689999983,20230424486111,597,0xa,0x1,20.4500008,25.8918896,0.0294379294,0.116801977,1.13694614e-05,30,2.17400002,1
597210100005715,230448863,2460058.984953416,60058.488634300003,15.9837961,0.0119927498,0,zr,341.41415749999999,20.2760119,0.67900002,-0.0430000015,20230424488623,597,0xa,0x1,20.6200008,25.9090061,0.0282326508,0.110084705,1.03840548e-05,30,2.12100005,1
597210100005715,230449114,2460058.9874650664,60058.491145799999,15.9841137,0.0119934054,0,zr,341.41416720000001,20.276017499999998,0.644999981,-0.0460000001,20230424491146,597,0xa,0x1,20.5599995,25.9123287,0.027772706,0.112083346,1.00967573e-05,30,2.0710001,1
597210100005715,230449366,2460058.9899884188,60058.493669000003,15.9853973,0.0119960457,0,zr,341.4141535,20.276010800000002,0.755999982,-0.00499999989,20230424493657,597,0xa,0x1,20.4500008,25.9346447,0.0273082685,0.109728821,9.70839574e-06,30,2.02200007,1
597210100005715,230548217,2460059.9785541631,60059.482175899997,15.9814692,0.0119879711,0,zr,341.4141826,20.276021799999999,0.335000008,0.00300000003,20230425482164,597,0xa,0x1,20.1200008,26.0126839,0.0335165896,0.117781244,1.45835229e-05,30,2.2019999,1
597210100005715,230548469,2460059.9810775178,60059.484699100001,15.9919949,0.012009697,0,zr,341.41418249999998,20.276009899999998,0.476000011,-0.00700000022,20230425484699,597,0xa,0x1,20.4500008,26.0242081,0.0278513543,0.110000417,1.00615289e-05,30,2.14599991,1
597210100005715,230548723,2460059.9836123749,60059.487233799999,15.9782133,0.0119813075,0,zr,341.41415439999997,20.276015999999998,0.463999987,-0.0199999996,20230425487234,597,0xa,0x1,20.5200005,26.0254116,0.0264271926,0.113111697,9.13890563e-06,30,2.0940001,1
597210100005715,230548976,2460059.9861472296,60059.489768500003,15.9930487,0.0120118875,0,zr,341.41416409999999,20.2760152,1.13,0.00999999978,20230425489757,597,0xa,0x1,20.4899998,26.0322876,0.025536349,0.113561891,8.50659308e-06,30,2.04399991,1
597210100005715,230549230,2460059.9886820852,60059.492303200001,15.9868517,0.0119990455,0,zr,341.41415849999998,20.276014,0.73299998,-0.00100000005,20230425492292,597,0xa,0x1,20.5200005,26.0441017,0.0263505261,0.105127841,9.04011267e-06,30,1.99699998,1
597210100005715,230648138,2460060.977827752,60060.4813889,16.0132561,0.0120544257,0,zr,341.41419359999998,20.2760198,0.412999988,0.00300000003,20230426481389,597,0xa,0x1,20.1299992,26.0864887,0.0326619633,0.112173229,1.38159448e-05,30,2.15899992,1
597210100005715,230648391,2460060.9803510117,60060.483912000003,15.9885387,0.0120025342,0,zr,341.41416470000001,20.276024400000001,1.22899997,-0.0240000002,20230426483912,597,0xa,0x1,20.3700008,26.0887012,0.0291660503,0.115192048,1.10699621e-05,30,2.10599995,1
597210100005715,230648644,2460060.9828859679,60060.486446800001,15.9953661,0.0120167136,0,zr,341.41418420000002,20.276002399999999,0.799000025,-0.00400000019,20230426486447,597,0xa,0x1,20.2000008,26.0965538,0.036299549,0.110163637,1.71883476e-05,30,2.05599999,1
597210100005715,230648898,2460060.9854208273,60060.488981499999,15.9951077,0.0120161735,0,zr,341.41416570000001,20.2760307,0.614000022,0.00100000005,20230426488982,597,0xa,0x1,20.2700005,26.1013069,0.0291364733,0.111152269,1.1048277e-05,30,2.0079999,1
597210100005715,230649151,2460060.9879556843,60060.491516200003,15.9851007,0.0119954366,0,zr,341.41417810000002,20.2760076,0.493000001,-0.00400000019,20230426491516,597,0xa,0x1,20.2399998,26.1062946,0.0307242963,0.110679142,1.22462052e-05,30,1.96300006,1
597210100005715,230747976,2460061.9762689723,60061.479768500001,15.9759665,0.0119767217,0,zr,341.41414730000002,20.2760149,0.795000017,0.0130000003,20230427479757,597,0xa,0x1,20.9799995,26.0941467,0.0229703877,0.109405875,6.85600025e-06,30,2.13499999,1
597210100005715,230748228,2460061.9787807311,60061.482280099997,15.9616442,0.0119477939,0,zr,341.41415640000002,20.276004499999999,0.386000007,0.00100000005,20230427482280,597,0xa,0x1,20.9400005,26.1117744,0.0234283097,0.105249606,7.14833686e-06,30,2.08400011,1
597210100005715,230748480,2460061.9813039908,60061.484803200001,15.9783173,0.0119815199,0,zr,341.41415710000001,20.276008399999998,0.619000018,-0.074000001,20230427484792,597,0xa,0x1,20.9500008,26.1264954,0.0259912182,0.104488418,8.75397291e-06,30,2.03500009,1
597210100005715,230748731,2460061.9838157501,60061.487314799997,15.9798002,0.0119845513,0,zr,341.41415460000002,20.276017899999999,1.69299996,-0.00999999978,20230427487303,597,0xa,0x1,21.0300007,26.1360016,0.024192879,0.102377787,7.56220197e-06,30,1.98899996,1
597210100005715,230748982,2460061.9863275099,60061.4898264,15.9658079,0.0119561534,0,zr,341.41415080000002,20.276010500000002,0.904999971,-0.0430000015,20230427489826,597,0xa,0x1,21.1700001,26.141983,0.0236932356,0.10475412,7.29737985e-06,30,1.94500005,1
597210100005715,230847900,2460062.9755678019,60062.479004599998,15.9386892,0.0119024608,0,zr,341.41415569999998,20.276024199999998,0.527999997,-0.0199999996,20230428478993,597,0xa,0x1,20.8299999,26.1388664,0.0236420911,0.104245655,7.30883266e-06,30,2.09500003,1
597210100005715,230848151,2460062.9780795635,60062.481516200001,15.9391127,0.011903285,0,zr,341.41416079999999,20.276022699999999,1.25999999,0.0329999998,20230428481516,597,0xa,0x1,20.9899998,26.1473045,0.0234474409,0.106439985,7.15036231e-06,30,2.046,1
597210100005715,230848403,2460062.9806029247,60062.484039399998,15.9137259,0.0118545815,0,zr,341.414177,20.276001999999998,1.47800004,-0.050999999,20230428484039,597,0xa,0x1,20.75,26.1638775,0.0313080139,0.103354543,1.27607573e-05,30,1.99899995,1
597210100005715,230848655,2460062.983114589,60062.486550900001,15.923378,0.0118729211,0,zr,341.41414470000001,20.276015000000001,0.917999983,-0.0799999982,20230428486551,597,0xa,0x1,21.0599995,26.1515732,0.0222343449,0.110852793,6.47854085e-06,30,1.95500004,1
597210100005715,230848907,2460062.9856379502,60062.489074099998,15.9302444,0.0118861003,0,zr,341.41416040000001,20.276029699999999,0.256000012,0.0170000009,20230428489074,597,0xa,0x1,20.8999996,26.1524696,0.0244861878,0.110118672,7.81440485e-06,30,1.91199994,1
597210100005715,234940994,2460103.9097279627,60103.409942099999,16.0061264,0.0120392991,0,zr,341.41415819999997,20.276018199999999,0.423999995,-0.0170000009,20230608409942,597,0xa,0x1,20.4799995,26.150568,0.0267071556,0.107774593,9.33839056e-06,30,1.51300001,1
597210100005715,235445348,2460108.953713153,60108.453483800004,15.9688873,0.0119623616,0,zr,341.41416900000002,20.276012000000001,0.66900003,0.0340000018,20230613453484,597,0xa,0x1,21.2399998,26.2403736,0.0219116192,0.100373276,6.25476696e-06,30,1.176,1
597210100005715,235644548,2460110.9458907126,60110.445486099998,15.9591036,0.0119427145,0,zr,341.41419439999999,20.2760341,0.626999974,0.00300000003,20230615445475,597,0xa,0x1,21.1499996,26.2277374,0.0253231693,0.103797801,8.41038673e-06,30,1.18499994,1
597210100005715,236245565,2460116.9565908145,60116.455659699997,15.9688482,0.0119622825,0,zr,341.414174,20.276006800000001,0.340999991,-0.00200000009,20230621455625,597,0xa,0x1,21.0599995,26.2665367,0.0213604923,0.09981931,5.93258255e-06,30,1.10399997,1
597210100005715,236544685,2460119.9480424505,60119.4468519,15.9026527,0.0118338084,0,zr,341.4141611,20.276009299999998,0.680000007,-0.0289999992,20230624446840,597,0xa,0x1,21.3400002,26.3081951,0.0212508328,0.0960785002,5.88834746e-06,30,1.10599995,1
597210100005715,236744516,2460121.9465244468,60121.445162000004,15.9579906,0.0119404932,0,zr,341.41417510000002,20.2760143,0.375,-0.0320000015,20230626445150,597,0xa,0x1,21.3299999,26.3076859,0.021709647,0.0978838205,6.17521209e-06,30,1.097,1
597210100005715,236945781,2460123.9593467023,60123.457812499997,15.9898958,0.0120053431,0,zr,341.41417059999998,20.276013500000001,1.01100004,-0.0759999976,20230628457801,597,0xa,0x1,21.6299992,26.2995338,0.0226982012,0.0964184329,6.69950032e-06,30,1.06299996,1
597210100005715,237145476,2460125.9564715517,60125.4547685,15.898571,0.0118262218,0,zr,341.41417580000001,20.276004,0.514999986,0.00300000003,20230630454757,597,0xa,0x1,21.5599995,26.2781429,0.0234642737,0.0961483344,7.29450903e-06,30,1.05900002,1
597210100005715,237940120,2460133.9035598007,60133.401203699999,15.949893,0.0119244279,0,zr,341.41416529999998,20.2760088,0.838999987,0.00499999989,20230708401192,597,0xa,0x1,20.8799992,26.3174191,0.0203375053,0.101445958,5.45801231e-06,30,1.125,1
597210100005715,238145357,2460135.9560954198,60135.453576400003,15.9860382,0.0119973682,0,zr,341.41416800000002,20.276004700000001,0.662,-0.0120000001,20230710453565,597,0xa,0x1,21.3899994,26.3268795,0.0202090517,0.0971611515,5.4314678e-06,30,1.03499997,1
597210100005715,238241653,2460136.9191339053,60136.416539400001,15.9574099,0.0119393365,0,zr,341.41417009999998,20.276005900000001,0.822000027,-0.0489999987,20230711416539,597,0xa,0x1,21.4799995,26.3029671,0.0204537939,0.097684592,5.46996307e-06,30,1.07200003,2
597210100005715,238242796,2460136.9305584012,60136.427963000002,15.9694157,0.0119634289,0,zr,341.41417439999998,20.276006899999999,0.432000011,-0.0170000009,20230711427963,597,0xa,0x1,21.4500008,26.303278,0.0199004635,0.0998127386,5.25262385e-06,30,1.05499995,2
597210100005715,238342167,2460137.9243508424,60137.4216782,15.9984426,0.0120231435,0,zr,341.41415000000001,20.276016599999998,1.477,0.0309999995,20230712421678,597,0xa,0x1,21.2999992,26.2552776,0.0215692483,0.0967750996,6.16528359e-06,30,1.05999994,1
597210100005715,238444538,2460138.9481333978,60138.445381899997,15.9456215,0.0119160172,0,zr,341.41418149999998,20.276010200000002,0.773999989,0.0140000004,20230713445359,597,0xa,0x1,21.3899994,26.1664238,0.0236248262,0.102703989,7.34457808e-06,30,1.03499997,2
597210100005715,238446356,2460138.9663176951,60138.463564799997,15.8760309,0.0117850136,0,zr,341.41417059999998,20.275990400000001,0.60799998,0.050999999,20230713463449,597,0xa,0x1,21.5100002,26.1686821,0.0249139667,0.0962436125,8.23446135e-06,30,1.03100002,2
597210100005715,238537377,2460139.8765954259,60139.3737731,15.983283,0.0119916964,0,zr,341.41415499999999,20.276014400000001,0.773999989,-0.0370000005,20230714373762,597,0xa,0x1,21.3899994,26.2708073,0.0222581923,0.101062514,6.4770602e-06,30,1.15799999,2
597210100005715,238538057,2460139.8834015466,60139.380578700002,15.9912519,0.0120081557,0,zr,341.41416500000003,20.276009800000001,0.81099999,-0.0419999994,20230714380567,597,0xa,0x1,21.4599991,26.2820072,0.0198623594,0.0924815312,5.21080801e-06,30,1.13699996,1
597210100005715,238538199,2460139.8848136547,60139.3819907,15.9812059,0.011987431,0,zr,341.41416770000001,20.276012999999999,0.855000019,-0.064000003,20230714381991,597,0xa,0x1,21.4300003,26.2799568,0.0208035838,0.0962718353,5.67624738e-06,30,1.13300002,2
597210100005715,238742137,2460141.9243536266,60141.421377300001,15.8924055,0.0118148355,0,zr,341.41417680000001,20.276012099999999,0.81099999,0.00800000038,20230716421354,597,0xa,0x1,21.5599995,26.2538548,0.0211839937,0.0948685631,5.97427743e-06,30,1.04700005,2
597210100005715,238938392,2460143.8870443832,60143.383923599999,15.9156084,0.011858141,0,zr,341.41417999999999,20.276002900000002,0.44600001,-0.00700000022,20230718383912,597,0xa,0x1,21.5200005,26.2850704,0.0207465645,0.0953473151,5.71180271e-06,30,1.09899998,2
597210100005715,238945076,2460143.9538895637,60143.4507639,15.9626026,0.0119497143,0,zr,341.41419070000001,20.276012099999999,0.911000013,0.0410000011,20230718450718,597,0xa,0x1,21.3999996,26.2803288,0.0243967976,0.104055703,7.9597894e-06,30,1.03100002,1
597210100005715,238945170,2460143.9548271336,60143.451701400001,15.9727497,0.0119701829,0,zr,341.41417799999999,20.2760003,0.377999991,0.0309999995,20230718451701,597,0xa,0x1,21.5300007,26.2885056,0.021306904,0.0996034816,6.05258492e-06,30,1.03199995,2
597210100005715,239037990,2460144.8831002805,60144.379907399998,15.9774866,0.0119798221,0,zr,341.4141621,20.275998600000001,0.824999988,-0.0370000005,20230719379896,597,0xa,0x1,21.7800007,26.3074188,0.0219584238,0.0947994813,6.34449634e-06,30,1.102,2
597210100005715,239140310,2460145.906367972,60145.403101900003,15.9676161,0.011959794,0,zr,341.41416909999998,20.276011400000002,0.513999999,0.00700000022,20230720403090,597,0xa,0x1,21.6399994,26.3024044,0.0245881081,0.0951303467,7.99970803e-06,30,1.05499995,2
597210100005715,239142185,2460145.9251193097,60145.421851899999,15.9885569,0.0120025724,0,zr,341.4141712,20.276003800000002,0.559000015,-0.0450000018,20230720421852,597,0xa,0x1,21.5,26.2814999,0.0218655914,0.0944197923,6.39561085e-06,30,1.03699994,2
597210100005715,239231918,2460146.8225205638,60146.3191898,15.9177732,0.0118622435,0,zr,341.41417730000001,20.276007400000001,0.853999972,-0.0860000029,20230721319190,597,0xa,0x1,21.2600002,26.2730255,0.0198954511,0.0997335017,5.22982828e-06,30,1.31799996,2
597210100005715,239238414,2460146.887478868,60146.384143499999,15.9794388,0.0119838119,0,zr,341.41418340000001,20.2760113,0.725000024,-0.0219999999,20230721384120,597,0xa,0x1,21.5400009,26.2931252,0.0209612548,0.0980729908,5.83332121e-06,30,1.08200002,1
597210100005715,239238508,2460146.8884164351,60146.385081,15.97297,0.0119706299,0,zr,341.41416809999998,20.276009899999998,0.838,0.0410000011,20230721385081,597,0xa,0x1,21.5599995,26.2976341,0.019714538,0.101161212,5.14777139e-06,30,1.08000004,2
597210100005715,239241700,2460146.9203399853,60146.417002299997,15.9356966,0.0118966419,0,zr,341.41418069999997,20.276002399999999,0.874000013,0.00800000038,20230721417002,597,0xa,0x1,21.6399994,26.3036995,0.024137184,0.100385562,7.82214738e-06,30,1.03900003,2
597210100005715,239244287,2460146.9462099043,60146.442870400002,15.9141121,0.0118553108,0,zr,341.41416909999998,20.275995699999999,0.558000028,-0.0140000004,20230721442870,597,0xa,0x1,21.75,26.3060703,0.0233333502,0.0992581323,7.26658618e-06,30,1.03100002,1
597210100005715,239244381,2460146.9471589709,60146.443819400003,15.897541,0.0118243145,0,zr,341.4141669,20.2759976,0.455000013,-0.0250000004,20230721443808,597,0xa,0x1,21.5599995,26.3094788,0.0220134389,0.0958316848,6.50709535e-06,30,1.03199995,2
597210100005715,239346378,2460147.9671953479,60147.463784699998,15.9529037,0.0119303828,0,zr,341.41416500000003,20.276008999999998,0.785000026,-0.0209999997,20230722463773,597,0xa,0x1,21.4400005,26.1117916,0.0222778078,0.0982677042,6.59039551e-06,30,1.04400003,2
597210100005715,239437045,2460148.8739244146,60148.370451399998,15.9208794,0.0118681528,0,zr,341.41417150000001,20.275986400000001,1.153,0.0160000008,20230723370440,597,0xa,0x1,21.7600002,26.243576,0.0235792678,0.0964090973,7.41737222e-06,30,1.09899998,2
597210100005715,239438047,2460148.8839482041,60148.380474500002,15.904953,0.0118381009,0,zr,341.41417009999998,20.275995000000002,0.52700001,0.00999999978,20230723380463,597,0xa,0x1,21.7099991,26.2557144,0.0218041148,0.0936840847,6.31905641e-06,30,1.07799995,1
597210100005715,239438141,2460148.8848857684,60148.381412000002,15.9093418,0.0118463216,0,zr,341.41416720000001,20.2760058,0.421000004,-0.0179999992,20230723381400,597,0xa,0x1,21.7600002,26.2621288,0.0242688153,0.0922708362,7.8563844e-06,30,1.07599998,2
597210100005715,239539848,2460149.902026623,60149.398483800003,15.9079075,0.0118436301,0,zr,341.41416299999997,20.276002800000001,0.442000002,0.0240000002,20230724398414,597,0xa,0x1,21.7399998,26.2934532,0.0229751579,0.0950154215,6.97331279e-06,30,1.04799998,2
597210100005715,239541914,2460149.9226877191,60149.419143500003,15.9595356,0.0119435769,0,zr,341.41416459999999,20.276009299999998,1.171,0.0419999994,20230724419132,597,0xa,0x1,21.7000008,26.2930565,0.0231593326,0.0969332233,7.0168262e-06,30,1.03299999,2
597210100005715,239638212,2460150.8857382531,60150.382129600002,15.9200716,0.0118666142,0,zr,341.41417910000001,20.276003500000002,0.574999988,0.0160000008,20230725382118,597,0xa,0x1,21.7700005,26.2567654,0.0234737247,0.0963667408,7.29458498e-06,30,1.06599998,1
597210100005715,239638401,2460150.88762498,60150.384016199998,15.913269,0.0118537191,0,zr,341.41417410000003,20.275996200000002,0.507000029,-0.0340000018,20230725384005,597,0xa,0x1,21.6900005,26.2479725,0.0264904331,0.0945490971,9.28838381e-06,30,1.06299996,2
597210100005715,239645704,2460150.9606622369,60150.457048600001,15.9730196,0.0119707286,0,zr,341.4141707,20.276004,0.851000011,-0.0410000011,20230725457037,597,0xa,0x1,21.4699993,26.2628345,0.0217678789,0.0931595191,6.26459223e-06,30,1.046,2
597210100005715,239739287,2460151.8965457231,60151.392870399999,15.9755392,0.0119758537,0,zr,341.41416290000001,20.276005399999999,0.421999991,-0.00899999961,20230726392836,597,0xa,0x1,21.7099991,26.2753277,0.0216691121,0.0944572315,6.23728874e-06,30,1.04799998,2
597210100005715,239740249,2460151.9061759557,60151.402499999997,15.9784632,0.0119818188,0,zr,341.41416800000002,20.276000499999999,0.556999981,0.00400000019,20230726402431,597,0xa,0x1,21.7399998,26.2832413,0.020915946,0.0934130847,5.79665266e-06,30,1.03900003,2
597210100005715,239832721,2460152.8309466126,60152.3272106,15.9087067,0.0118451314,0,zr,341.41417949999999,20.2760085,0.326000005,-0.00899999961,20230727327199,597,0xa,0x1,21.4099998,26.2963085,0.0212363563,0.0955968946,5.99052646e-06,30,1.199,2
597210100005715,239840465,2460152.9083938408,60152.404652800004,15.9842463,0.0119936774,0,zr,341.4141793,20.2760161,0.809000015,-0.0170000009,20230727404641,597,0xa,0x1,21.3999996,26.296196,0.0213330835,0.101552181,6.06841559e-06,30,1.03600001,1
597210100005715,239944157,2460153.9453814141,60153.441574099998,15.899374,0.0118277119,0,zr,341.41419070000001,20.276014199999999,1.19500005,-0.00999999978,20230728441562,597,0xa,0x1,21.5400009,26.2670937,0.0267010815,0.101523496,9.51784841e-06,30,1.03900003,2
597210100005715,239947219,2460153.9760083491,60153.472199099997,15.9357347,0.0118967164,0,zr,341.41416900000002,20.276007700000001,0.610000014,-0.0250000004,20230728472164,597,0xa,0x1,21.6900005,26.2675781,0.0222466122,0.0952495486,6.64586514e-06,30,1.079,2
597210100005715,240137039,2460155.8743211282,60155.370393500001,15.9223881,0.0118710287,0,zr,341.4141649,20.275997199999999,0.753000021,0.0109999999,20230730370289,597,0xa,0x1,21.0699997,26.2678127,0.0208108425,0.0960938856,5.73644866e-06,30,1.06299996,2
597210100005715,240146287,2460155.9668036979,60155.462870399999,15.9717989,0.0119682522,0,zr,341.41418650000003,20.276026300000002,0.954999983,-0.00499999989,20230730462847,597,0xa,0x1,21.4699993,26.2526207,0.0253378022,0.106198773,8.60191176e-06,30,1.07200003,2
597210100005715,240236327,2460156.8672635322,60156.3632755,15.9102602,0.0118480502,0,zr,341.41416170000002,20.275998999999999,0.69599998,0.00499999989,20230731363275,597,0xa,0x1,20.7999992,26.2637901,0.0238150451,0.100004487,7.47001741e-06,30,1.07000005,2
597210100005715,240236422,2460156.86821259,60156.364224500001,15.9017982,0.0118322158,0,zr,341.41415380000001,20.2760034,0.587000012,0.0179999992,20230731364213,597,0xa,0x1,20.6700001,26.2583103,0.0249922741,0.0967085138,8.2345714e-06,30,1.06799996,1
597210100005715,240239988,2460156.9038745468,60156.399884300001,15.9249887,0.011876002,0,zr,341.41420340000002,20.2760049,1.43099999,0.0149999997,20230731399838,597,0xa,0x1,20.5,26.2478638,0.0277973805,0.11106278,1.03360435e-05,30,1.03299999,2
597210100005715,240344968,2460157.953740418,60157.449687499997,15.956769,0.0119380588,0,zr,341.4141717,20.276002699999999,0.647000015,0.0489999987,20230801449687,597,0xa,0x1,20.4899998,26.2388706,0.029717654,0.103549823,1.18389016e-05,30,1.05999994,2
597210100005715,240526813,2460159.7722951588,60159.268136600003,15.9673481,0.0119592557,0,zr,341.41416340000001,20.2760037,0.68900001,-0.0430000015,20230803268113,597,0xa,0x1,20.2099991,26.2805958,0.0285812337,0.105434544,1.06465241e-05,30,1.42200005,2
597210100005715,240625520,2460160.7594226813,60160.255208299997,15.9422293,0.0119093684,0,zr,341.41417639999997,20.276022399999999,0.665000021,0.0199999996,20230804255197,597,0xa,0x1,20.1900005,26.2866421,0.0344053395,0.117210366,1.55257003e-05,30,1.505,2
597210100005715,240642359,2460160.9278233759,60160.423599499998,15.9289494,0.0118836043,0,zr,341.41417100000001,20.276015600000001,0.800000012,-0.0270000007,20230804423600,597,0xa,0x1,20.6700001,26.3237953,0.0233925749,0.106872,7.24308984e-06,30,1.03999996,1
597210100005715,240644192,2460160.9461461958,60160.4419213,15.9015923,0.0118318349,0,zr,341.41415869999997,20.276001099999998,0.850000024,-0.0850000009,20230804441910,597,0xa,0x1,20.6800003,26.3532906,0.0225392599,0.0922306627,6.65986545e-06,30,1.06099999,2
597210100005715,240737425,2460161.8785357196,60161.374259299999,15.9854031,0.0119960578,0,zr,341.4141755,20.2760128,0.811999977,0.0130000003,20230805374225,597,0xa,0x1,20.9099998,26.3220692,0.023500016,0.101945966,7.24611118e-06,30,1.03999996,2
597210100005715,240746531,2460161.9695938868,60161.465312499997,15.9741945,0.0119731165,0,zr,341.41416820000001,20.2759982,0.547999978,-0.0250000004,20230805465301,597,0xa,0x1,21.0599995,26.3292122,0.0234223194,0.0946923569,7.32943181e-06,30,1.11300004,2
597210100005715,240938317,2460163.8875553124,60163.383171300004,15.9024906,0.0118335057,0,zr,341.41417330000002,20.276016200000001,0.425000012,-0.0370000005,20230807383171,597,0xa,0x1,21.3799992,26.3182354,0.0213226341,0.0997597426,6.03184844e-06,30,1.03199995,2
597210100005715,240938412,2460163.8885044623,60163.384120399998,15.9230089,0.0118722143,0,zr,341.41417080000002,20.276017800000002,0.574000001,-0.0390000008,20230807384109,597,0xa,0x1,21.3099995,26.3158073,0.0214580707,0.100061901,6.15153613e-06,30,1.03199995,1
597210100005715,240942031,2460163.9246984562,60163.420312499999,15.9586115,0.0119417319,0,zr,341.41417009999998,20.276007499999999,0.654999971,0.00800000038,20230807420312,597,0xa,0x1,21.2900009,26.3163357,0.0219222102,0.100833975,6.37119865e-06,30,1.04499996,2
597210100005715,241228724,2460166.7917764029,60166.287245400003,15.8861399,0.0118033523,0,zr,341.4141707,20.2760015,1.09000003,0.050999999,20230810287245,597,0xa,0x1,21.7999992,26.2765522,0.0241721682,0.0897926018,7.69475537e-06,30,1.20599997,2
597210100005715,241433373,2460168.8383668065,60168.333738399997,15.9800406,0.011985044,0,zr,341.41417419999999,20.276004400000001,1.02499998,-0.0439999998,20230812333738,597,0xa,0x1,21.5599995,26.321682,0.0211800896,0.0909155384,5.89074625e-06,30,1.06500006,2
597210100005715,241434527,2460168.8499067454,60168.345277799999,15.977314,0.0119794719,0,zr,341.41416829999997,20.275992800000001,0.52700001,-0.00899999961,20230812345266,597,0xa,0x1,21.8400002,26.3141994,0.024180023,0.0958724543,7.72547719e-06,30,1.04900002,1
597210100005715,241445196,2460168.9566014633,60168.451967599998,15.9319029,0.0118892994,0,zr,341.41416850000002,20.275996200000002,0.437999994,-0.0280000009,20230812451956,597,0xa,0x1,21.5300007,26.3176746,0.0209167115,0.0891029313,5.78081335e-06,30,1.12800002,2
597210100005715,241532819,2460169.8328682147,60169.328194399997,15.9605789,0.0119456612,0,zr,341.4141674,20.276000499999999,0.856999993,0.0379999988,20230813328183,597,0xa,0x1,21.5400009,26.2891369,0.0227558576,0.0951667875,6.80077892e-06,30,1.06900001,2
597210100005715,241630813,2460170.8128539114,60170.308136599997,15.9733152,0.0119713284,0,zr,341.41416750000002,20.276003100000001,0.541999996,-0.00300000003,20230814308137,597,0xa,0x1,21.4099998,26.2718658,0.0220260192,0.0958121195,6.34251137e-06,30,1.10399997,2
597210100005715,241641607,2460170.9207984395,60170.416076399997,15.9490328,0.0119227329,0,zr,341.41417230000002,20.276014700000001,0.324999988,0.00400000019,20230814416076,597,0xa,0x1,21.7399998,26.2797298,0.0228633657,0.0912246779,6.89965464e-06,30,1.06299996,1
597210100005715,241642884,2460170.9335651929,60170.428842599998,15.9663019,0.0119571462,0,zr,341.4141783,20.2759979,1.10699999,0.0359999985,20230814428843,597,0xa,0x1,21.6200008,26.2679653,0.0214046184,0.0941487178,6.0395605e-06,30,1.08500004,2
597210100005715,241741546,2460171.9202279844,60171.415462999998,15.9677134,0.0119599914,0,zr,341.41417680000001,20.275998099999999,0.588999987,0.0549999997,20230815415451,597,0xa,0x1,21.6700001,26.2935276,0.0220051967,0.0947968662,6.41107181e-06,30,1.06599998,2
597210100005715,241743244,2460171.9372077961,60171.432442099998,15.9797878,0.0119845262,0,zr,341.41417569999999,20.276001300000001,0.67900002,-0.0130000003,20230815432442,597,0xa,0x1,21.6700001,26.2735939,0.0225223266,0.0930516794,6.67434506e-06,30,1.09899998,2
597210100005715,241929898,2460173.8038238315,60173.298981499996,15.8993149,0.0118276011,0,zr,341.41417769999998,20.276018799999999,0.763000011,0.0160000008,20230817298982,597,0xa,0x1,21.5900002,26.2947464,0.0213621203,0.0970110074,6.04324759e-06,30,1.10699999,1
597210100005715,241930040,2460173.8052474898,60173.300405100003,15.9027863,0.011834057,0,zr,341.41416570000001,20.276010100000001,0.704999983,0.0390000008,20230817300405,597,0xa,0x1,21.5100002,26.2942257,0.0205894932,0.099167712,5.59727732e-06,30,1.10300004,2
597210100005715,241933587,2460173.8407234149,60173.335879600003,15.9488468,0.0119223651,0,zr,341.41417460000002,20.276014799999999,0.456999987,-0.00999999978,20230817335868,597,0xa,0x1,21.5400009,26.2994843,0.0221948456,0.099715814,6.51110258e-06,30,1.04499996,2
597210100005715,242037293,2460174.8778241421,60174.3729398,15.9761124,0.0119770216,0,zr,341.41418449999998,20.276013800000001,0.671999991,0.00400000019,20230818372917,597,0xa,0x1,21.4300003,26.3094769,0.0219730325,0.0981795639,6.41901988e-06,30,1.03299999,2
597210100005715,242727657,2460181.7816905761,60181.276574099997,15.9135008,0.011854155,0,zr,341.41418609999999,20.2760094,0.578999996,0.00300000003,20230825276574,597,0xa,0x1,20.8500004,26.3019714,0.0262245424,0.100693554,8.99990482e-06,30,1.10800004,2
597210100005715,242741195,2460181.9170763665,60181.411956000004,15.9022579,0.0118330726,0,zr,341.41417719999998,20.276008999999998,0.624000013,0.0109999999,20230825411771,597,0xa,0x1,21.4799995,26.3157196,0.0216321051,0.0993769988,6.16777152e-06,30,1.11600006,1
597210100005715,242744707,2460181.9521931489,60181.447071800001,15.8992109,0.0118274093,0,zr,341.41417940000002,20.276009699999999,0.540000021,0.0289999992,20230825447072,597,0xa,0x1,21.2700005,26.313652,0.0218572151,0.100475252,6.27540157e-06,30,1.24100006,2
597210100005715,242829885,2460182.8039993891,60182.298854200002,15.9731836,0.0119710639,0,zr,341.41416450000003,20.276013599999999,0.874000013,-0.00600000005,20230826298854,597,0xa,0x1,21.0799999,26.3214588,0.0220914762,0.102990784,6.38252368e-06,30,1.05999994,2
597210100005715,242934262,2460183.8478002674,60183.3426273,15.9402981,0.0119055966,0,zr,341.41416909999998,20.276004199999999,0.533999979,0.0340000018,20230827342616,597,0xa,0x1,21.3500004,26.3299561,0.0220571272,0.099970378,6.31520197e-06,30,1.03199995,2
597210100005715,242938248,2460183.8876623907,60183.382488399999,15.9056311,0.0118393684,0,zr,341.41416959999998,20.276005900000001,0.990999997,0.0219999999,20230827382477,597,0xa,0x1,21.6000004,26.3194332,0.0202783924,0.0990793034,5.37202186e-06,30,1.06599998,2
597210100005715,242938342,2460183.888599914,60183.3834259,15.9141684,0.0118554169,0,zr,341.41416420000002,20.2760158,0.503000021,-0.00700000022,20230827383426,597,0xa,0x1,21.5900002,26.3280334,0.0217325762,0.0960621759,6.17422165e-06,30,1.06700003,1
597210100005715,243032667,2460184.8318759194,60184.326678199999,15.9327221,0.0118908817,0,zr,341.4141778,20.276004199999999,0.592999995,0.0250000004,20230828326667,597,0xa,0x1,20.8999996,26.3183022,0.021992268,0.102449313,6.35900824e-06,30,1.03199995,2
597210100005715,243038688,2460184.8920857809,60184.386886599998,15.93999,0.0119049959,0,zr,341.41417230000002,20.2760015,0.561999977,-0.0289999992,20230828386875,597,0xa,0x1,21.0400009,26.3226433,0.0210105591,0.0957422182,5.81869745e-06,30,1.07799995,2
597210100005715,243125387,2460185.759097043,60185.253877299998,15.9887075,0.0120028825,0,zr,341.41417430000001,20.2760192,1.07200003,-0.0370000005,20230829253854,597,0xa,0x1,20.7399998,26.3164902,0.0239131507,0.106139593,7.57554108e-06,30,1.13999999,2
597210100005715,243127539,2460185.780613753,60185.2753935,15.9660015,0.0119565409,0,zr,341.41417380000001,20.275996500000002,0.485000014,0.00100000005,20230829275382,597,0xa,0x1,20.8999996,26.3138676,0.02493353,0.104822986,8.24063954e-06,30,1.08599997,1
597210100005715,243137475,2460185.879979447,60185.374756899997,15.9781294,0.0119811362,0,zr,341.41418220000003,20.276017499999998,0.816999972,-0.0410000011,20230829374745,597,0xa,0x1,20.6399994,26.3150768,0.0241219513,0.10465166,7.79394668e-06,30,1.06200004,2
597210100005715,243225388,2460186.7591310376,60186.253888899999,15.9601412,0.0119447857,0,zr,341.41417180000002,20.275992200000001,0.446999997,0.0109999999,20230830253796,597,0xa,0x1,20.5300007,26.3087559,0.0261679944,0.101354323,9.07546928e-06,30,1.13199997,2
597210100005715,243329589,2460187.8011551471,60187.295891200003,15.9007635,0.0118302908,0,zr,341.41416820000001,20.2760037,0.69599998,-0.00499999989,20230831295880,597,0xa,0x1,20.2900009,26.2953911,0.0307448134,0.105554916,1.25032147e-05,30,1.04700005,1
597210100005715,243844015,2460192.9454986881,60192.440150499999,15.9693508,0.0119632995,0,zr,341.41417869999998,20.275998000000001,1.12199998,-0.00400000019,20230905440139,597,0xa,0x1,21.2600002,26.2878246,0.022375783,0.102069885,6.53267534e-06,30,1.37100005,2
597210100005715,243927518,2460193.7805434247,60193.2751852,15.9226599,0.0118715474,0,zr,341.41417519999999,20.276010400000001,0.412999988,-0.00700000022,20230906275185,597,0xa,0x1,21.4500008,26.2912769,0.0226710346,0.100351021,6.68009261e-06,30,1.051,2
597210100005715,243940047,2460193.9058341114,60193.400474499998,15.972846,0.0119703785,0,zr,341.41417919999998,20.276033200000001,0.513999999,-0.00100000005,20230906400324,597,0xa,0x1,21.25,26.2936935,0.0239327624,0.105859943,7.47903732e-06,30,1.18299997,2
597210100005715,244022554,2460194.7309123026,60194.225544000001,15.9593592,0.011943223,0,zr,341.41416559999999,20.2760043,0.73299998,0.0390000008,20230907225544,597,0xa,0x1,21.5699997,26.3119678,0.0230796095,0.097263433,7.02544276e-06,30,1.15199995,2
597210100005715,244033141,2460194.83678137,60194.331412,15.9567642,0.0119380495,0,zr,341.41416839999999,20.2760225,0.469999999,0.00200000009,20230907331412,597,0xa,0x1,21.4599991,26.3255939,0.0230604652,0.101708822,7.034384e-06,30,1.04100001,2
597210100005715,244033236,2460194.8377304799,60194.332361100001,15.9519587,0.0119285118,0,zr,341.41417949999999,20.2760061,0.697000027,-0.0260000005,20230907332361,597,0xa,0x1,21.4699993,26.3327789,0.0201859195,0.0979002267,5.40556493e-06,30,1.04200006,1
597210100005715,244134981,2460195.8551933225,60195.3498148,15.9944048,0.0120147085,0,zr,341.41417200000001,20.276013599999999,0.796999991,-0.057,20230908349479,597,0xa,0x1,21.4699993,26.2612667,0.0215194225,0.0994454622,6.11818541e-06,30,1.06599998,2
597210100005715,244135028,2460195.8556679268,60195.350289399998,15.9697046,0.0119640119,0,zr,341.41418149999998,20.276004,0.941999972,0.0670000017,20230908350278,597,0xa,0x1,21.5100002,26.263525,0.0227520391,0.0997356921,6.84279939e-06,30,1.06700003,2
597210100005715,244235140,2460196.8567865025,60196.351400500003,15.9585495,0.011941608,0,zr,341.41417280000002,20.276009599999998,0.425999999,-0.00300000003,20230909351400,597,0xa,0x1,21.5900002,26.2673264,0.0228645317,0.0968961418,6.91783134e-06,30,1.07299995,2
597210100005715,244243681,2460196.9422036172,60196.436817100002,15.937171,0.0118995067,0,zr,341.41418750000003,20.276004700000001,0.432999998,0.0120000001,20230909436759,597,0xa,0x1,21.25,26.2347679,0.02124824,0.0982719064,5.93000823e-06,30,1.42400002,1
597210100005715,244243729,2460196.9426782196,60196.4372917,15.9315329,0.011888586,0,zr,341.41417760000002,20.276010100000001,0.626999974,0.0179999992,20230909437292,597,0xa,0x1,21.2399998,26.2291088,0.0198803097,0.104039662,5.16620003e-06,30,1.42799997,2
597210100005715,244430371,2460198.8091115314,60198.303715299997,15.9400339,0.0119050816,0,zr,341.4142023,20.2760143,0.68900001,0.0540000014,20230911303669,597,0xa,0x1,21.25,26.2860317,0.0237038732,0.106390417,7.48341927e-06,30,1.03199995,2
597210100005715,244620422,2460200.7096250895,60200.204224499998,15.9700146,0.0119646387,0,zr,341.41416320000002,20.276005999999999,0.384000003,-0.0240000002,20230913204213,597,0xa,0x1,21.5699997,26.3104439,0.0218377467,0.100142874,6.24546738e-06,30,1.16900003,2
597210100005715,244640461,2460200.9100188185,60200.404618100001,15.9682322,0.0119610373,0,zr,341.41417209999997,20.2760344,0.731999993,0.0460000001,20230913404618,597,0xa,0x1,21.3799992,26.2907295,0.0230670199,0.101285413,6.95565723e-06,30,1.28799999,2
597210100005715,244640840,2460200.9138035183,60200.4084028,15.9600086,0.0119445212,0,zr,341.41417410000003,20.2760161,0.409000009,0.0170000009,20230913408391,597,0xa,0x1,21.2999992,26.2934017,0.0228957217,0.101124197,6.90098614e-06,30,1.30900002,1
597210100005715,244726179,2460201.7671946762,60201.261793999998,15.9155474,0.0118580256,0,zr,341.41416889999999,20.276009299999998,0.611999989,-0.0260000005,20230914261794,597,0xa,0x1,21.3799992,26.3132725,0.021984335,0.0952050909,6.37708263e-06,30,1.04299998,2
597210100005715,244823827,2460202.743674709,60202.2382755,15.9021254,0.0118328268,0,zr,341.41416620000001,20.276006299999999,0.648000002,0.0359999985,20230915238275,597,0xa,0x1,21.4300003,26.2807999,0.0215229876,0.0993344039,6.1002138e-06,30,1.06900001,2
597210100005715,244825752,2460202.7629222721,60202.257523100001,15.8988075,0.0118266614,0,zr,341.4141765,20.276012699999999,0.725000024,-0.0469999984,20230915257523,597,0xa,0x1,21.3700008,26.2843361,0.0219380762,0.0955947638,6.2926224e-06,30,1.04400003,2
597210100005715,244827041,2460202.7758158455,60202.270416699997,15.9028378,0.011834152,0,zr,341.41417000000001,20.275995000000002,0.760999978,0.0260000005,20230915270405,597,0xa,0x1,21.6499996,26.2854214,0.0225462187,0.0991403684,6.71115504e-06,30,1.03499997,1
597210100005715,244922809,2460203.7334865397,60203.228090299999,15.8946228,0.0118189193,0,zr,341.41417200000001,20.275999899999999,0.597000003,-0.00600000005,20230916228090,597,0xa,0x1,21.7600002,26.2959499,0.0234377757,0.0940287709,7.19914669e-06,30,1.08200002,2
597210100005715,244923868,2460203.7440768043,60203.238680599999,15.881053,0.0117940959,0,zr,341.41417360000003,20.276001399999998,0.66900003,-0.00400000019,20230916238669,597,0xa,0x1,21.7399998,26.294445,0.0239999108,0.0970658436,7.57705857e-06,30,1.06400001,2
597210100005715,245018534,2460204.6907391241,60204.1853472,15.9118891,0.0118511152,0,zr,341.4141803,20.276006200000001,0.479000002,0.0170000009,20230917185336,597,0xa,0x1,21.6800003,26.2872086,0.0223860815,0.0945963338,6.47314846e-06,30,1.199,2
597210100005715,245038375,2460204.8891408602,60204.383750000001,15.9041729,0.0118366424,0,zr,341.41418529999999,20.276008900000001,0.716000021,-0.0260000005,20230917383750,597,0xa,0x1,21.5699997,26.2937641,0.0227459315,0.0981351063,6.83292774e-06,30,1.23800004,1
597210100005715,245039188,2460204.8972774092,60204.391886600002,15.9047651,0.0118377488,0,zr,341.41417730000001,20.276009899999998,0.676999986,-0.0480000004,20230917391887,597,0xa,0x1,21.6399994,26.289072,0.0219548326,0.0925076827,6.28103362e-06,30,1.278,2
597210100005715,245124883,2460205.7542165471,60205.248830999997,15.9795675,0.0119840764,0,zr,341.41416670000001,20.2760146,0.976000011,0.107000001,20230918248831,597,0xa,0x1,21.6000004,26.3143101,0.0226263516,0.096839115,6.77692742e-06,30,1.04499996,2
597210100005715,245139143,2460205.8968197177,60205.391435199999,15.9354591,0.0118961828,0,zr,341.41418279999999,20.275999500000001,1.07799995,0.00800000038,20230918391435,597,0xa,0x1,21.8199997,26.2997856,0.0229214076,0.0945848525,6.90943671e-06,30,1.29100001,2
597210100005715,245219405,2460206.6994292797,60206.194050899998,15.930891,0.0118873455,0,zr,341.41417100000001,20.2760073,0.501999974,0.0410000011,20230919194051,597,0xa,0x1,21.2900009,26.318325,0.0204668604,0.0972082168,5.4959778e-06,30,1.148,2
597210100005715,245221521,2460206.7205981151,60206.215219899997,15.9780731,0.0119810198,0,zr,341.41416450000003,20.276021400000001,0.514999986,-0.0149999997,20230919215208,597,0xa,0x1,21.3799992,26.3246918,0.021219084,0.0993354693,5.91789285e-06,30,1.09200001,2
597210100005715,245221615,2460206.7215356082,60206.216157399998,15.9563494,0.0119372234,0,zr,341.4141717,20.276022000000001,0.44600001,-0.00700000022,20230919216157,597,0xa,0x1,21.4899998,26.3199215,0.0221645813,0.0992893651,6.45351838e-06,30,1.09000003,1
597210100005715,245330847,2460207.8138404316,60207.308472199999,15.9179707,0.0118626207,0,zr,341.41417610000002,20.276000100000001,0.518999994,-0.0199999996,20230920308472,597,0xa,0x1,21.9099998,26.3394852,0.0258211307,0.0913634077,8.70762233e-06,30,1.05400002,2
597210100005715,245334010,2460207.8454721035,60207.340104199997,15.9409008,0.0119067719,0,zr,341.41417949999999,20.276021100000001,0.63499999,0.0540000014,20230920340023,597,0xa,0x1,21.7199993,26.3188019,0.0242233444,0.095518589,7.75495664e-06,30,1.11399996,2
597210100005715,245525380,2460209.759153855,60209.253807900001,15.9174347,0.0118616018,0,zr,341.41419710000002,20.276052499999999,0.958999991,-0.0309999995,20230922253796,597,0xa,0x1,20.7199993,26.1341934,0.0259026866,0.107830867,8.70821623e-06,30,1.03400004,1
597210100005715,245525474,2460209.7600913434,60209.254745400001,15.9018784,0.0118323676,0,zr,341.41418920000001,20.276033900000002,0.829999983,0.00100000005,20230922254734,597,0xa,0x1,20.8999996,26.1946239,0.0233770348,0.113409705,7.11116263e-06,30,1.03299999,2
597210100005715,245715194,2460211.6572630522,60211.151944400001,15.9625969,0.0119497012,0,zr,341.41416659999999,20.276021400000001,1.074,-0.0909999982,20230924151944,597,0xa,0x1,21.0300007,26.309248,0.0216665938,0.102418065,6.22150174e-06,30,1.26300001,2
597210100005715,245743197,2460211.9372933237,60211.431979200002,15.9622879,0.0119490828,0,zr,341.41417089999999,20.276012999999999,0.493999988,0.0170000009,20230924431968,597,0xa,0x1,21.2299995,26.2723541,0.0218046289,0.102938108,6.24222139e-06,30,1.79999995,2
597210100005715,245818773,2460212.6930330191,60212.187731500002,15.9017401,0.0118321106,0,zr,341.41417159999997,20.2760006,0.643999994,0.0140000004,20230925187731,597,0xa,0x1,21.1299992,26.3100338,0.0232273526,0.0951496065,7.06334049e-06,30,1.11899996,2
597210100005715,245833682,2460212.8421276174,60212.336828699998,15.9239883,0.011874089,0,zr,341.41417380000001,20.2760128,0.689999998,-0.0149999997,20230925336817,597,0xa,0x1,21.1599998,26.3135777,0.0212388933,0.104975805,5.89315823e-06,30,1.14300001,1
597210100005715,245838960,2460212.894904451,60212.389606500001,15.9641209,0.0119527588,0,zr,341.41417519999999,20.275997199999999,0.499000013,-0.0109999999,20230925389606,597,0xa,0x1,21.6100006,26.2974472,0.0228405539,0.0991695747,6.83358621e-06,30,1.39900005,2
597210100005715,245919653,2460213.7018226669,60213.1965394,15.9694653,0.0119635304,0,zr,341.4141813,20.276022999999999,0.829999983,-0.0219999999,20230926196528,597,0xa,0x1,20.5799999,26.323,0.023921065,0.107746616,7.48096181e-06,30,1.09099996,2
597210100005715,245931436,2460213.81964444,60213.314363400001,15.9231367,0.0118724583,0,zr,341.41416720000001,20.2760058,1.49399996,-0.0109999999,20230926314028,597,0xa,0x1,21.1100006,26.3167458,0.0237990506,0.0999090448,7.39524785e-06,30,1.09099996,2
597210100005715,246021931,2460214.7245803168,60214.219317100004,15.9856653,0.0119965998,0,zr,341.41417580000001,20.276007700000001,0.531000018,0.0270000007,20230927219201,597,0xa,0x1,20.6499996,26.3245411,0.024874825,0.104755677,8.17941327e-06,30,1.04999995,2
597210100005715,246028484,2460214.7901113816,60214.2848495,15.9057865,0.011839659,0,zr,341.41417799999999,20.275992299999999,1.12800002,-0.0350000001,20230927284850,597,0xa,0x1,20.8400002,26.3303223,0.0264405571,0.1038059,9.1507336e-06,30,1.04900002,1
597210100005715,246029894,2460214.8042083886,60214.298946800001,15.9165058,0.0118598407,0,zr,341.41417660000002,20.2760073,0.536000013,-0.0379999988,20230927298947,597,0xa,0x1,20.7199993,26.3303452,0.024340786,0.0997058153,7.80933351e-06,30,1.06799996,2
597210100005715,246126824,2460215.7734817336,60215.268240700003,15.9007063,0.0118301846,0,zr,341.41418110000001,20.276021700000001,0.873000026,0.0130000003,20230928268241,597,0xa,0x1,20.4099998,26.3264732,0.0280311164,0.108308591,1.03193988e-05,30,1.03699994,2
597210100005715,246142344,2460215.9286866141,60215.423449100002,15.9376802,0.0119004957,0,zr,341.41417890000002,20.276010899999999,0.805000007,-0.0649999976,20230928423414,597,0xa,0x1,20.1399994,26.2560406,0.0294780135,0.10217911,1.13382484e-05,30,1.83500004,2
597210100005715,246218133,2460216.6865513748,60216.181331,15.9820366,0.0119891362,0,zr,341.41417419999999,20.276000100000001,0.572000027,0.00700000022,20230929181319,597,0xa,0x1,20.4300003,26.3198528,0.0282435976,0.0975822359,1.05995523e-05,30,1.10699999,1
597210100005715,246630966,2460220.8147761552,60220.309664400003,15.8990002,0.0118270181,0,zr,341.41417710000002,20.276012300000001,0.72299999,-0.0419999994,20231003309664,597,0xa,0x1,20.7600002,26.2874603,0.0224937443,0.104549602,6.50721495e-06,30,1.12699997,2
597210100005715,246631061,2460220.8157251263,60220.310613399997,15.900156,0.0118291648,0,zr,341.41416750000002,20.276009599999998,0.481999993,-0.0350000001,20231003310602,597,0xa,0x1,20.7199993,26.2825966,0.0233374126,0.102007113,7.02474381e-06,30,1.13,1
597210100005715,246633486,2460220.8399721007,60220.334861099996,15.9327145,0.0118908687,0,zr,341.41418040000002,20.276017400000001,0.547999978,-0.00899999961,20231003334850,597,0xa,0x1,20.7299995,26.2821712,0.0247081164,0.102399521,7.87477529e-06,30,1.21500003,2
597210100005715,246722895,2460221.7340424964,60221.228958300002,15.9548817,0.0119343065,0,zr,341.41416820000001,20.276009800000001,1.023,0.0469999984,20231004228958,597,0xa,0x1,21.1700001,26.2993622,0.0223783571,0.103176728,6.52065773e-06,30,1.03100002,2
597210100005715,246729453,2460221.7996191708,60221.294537000002,15.9084797,0.0118447039,0,zr,341.4141722,20.276029399999999,0.518999994,0.00499999989,20231004294537,597,0xa,0x1,20.8700008,26.3071098,0.0249423906,0.103967562,8.05678883e-06,30,1.09599996,2
597210100005715,246816393,2460222.6689900756,60222.163935199998,15.9843864,0.0119939642,0,zr,341.41418570000002,20.276032399999998,1.11699998,0.00400000019,20231005163935,597,0xa,0x1,20.7000008,26.3118267,0.0290198289,0.0986077711,1.0972748e-05,30,1.11000001,2
597210100005715,246823429,2460222.7393466383,60222.234294000002,15.9601889,0.0119448807,0,zr,341.41418820000001,20.276064300000002,1.04799998,0.0240000002,20231005234282,597,0xa,0x1,20.6000004,26.3188972,0.0280991923,0.106558666,1.02840168e-05,30,1.03100002,2
597210100005715,246823523,2460222.7402841081,60222.235231500003,15.9414434,0.0119078318,0,zr,341.41418169999997,20.2760447,0.211999997,-0.00899999961,20231005235231,597,0xa,0x1,20.8199997,26.3181152,0.0245168936,0.107121751,7.81187282e-06,30,1.03100002,1
597210100005715,246920337,2460223.7084004343,60223.203379600003,15.9418993,0.0119087258,0,zr,341.41418140000002,20.276017499999998,0.768000007,-0.00700000022,20231006203380,597,0xa,0x1,21.0599995,26.312603,0.0226389971,0.0989711657,6.73921113e-06,30,1.04100001,2
597210100005715,246922828,2460223.7333070021,60223.228286999998,15.9257841,0.0118775256,0,zr,341.41417300000001,20.276024799999998,0.331,0.0170000009,20231006228287,597,0xa,0x1,21.1599998,26.3126431,0.0209759213,0.100453027,5.86907936e-06,30,1.03100002,2
597210100005715,247023236,2460224.7373466943,60224.232361100003,15.9048214,0.0118378531,0,zr,341.41417910000001,20.276012399999999,0.693000019,0.00600000005,20231007232350,597,0xa,0x1,21.2299995,26.3114452,0.0213461276,0.0994856507,6.00972089e-06,30,1.03199995,2
597210100005715,247031962,2460224.8246121062,60224.319629600002,15.9829969,0.0119911078,0,zr,341.41417439999998,20.276007199999999,0.723999977,-0.0439999998,20231007319618,597,0xa,0x1,21.3799992,26.3107224,0.019675279,0.0991879255,5.09462825e-06,30,1.19700003,1
597210100005715,247032009,2460224.8250750895,60224.320092599999,15.9686432,0.011961868,0,zr,341.41417580000001,20.2760149,0.531000018,-0.00999999978,20231007320093,597,0xa,0x1,21.3199997,26.3073387,0.0202448703,0.0978814438,5.39989151e-06,30,1.199,2
597210100005715,247316949,2460227.6743673929,60227.169490699998,15.8962116,0.0118218549,0,zr,341.41417230000002,20.276010599999999,0.842000008,0.0379999988,20231010169491,597,0xa,0x1,21.5,26.2976608,0.0220972355,0.100139543,6.36451841e-06,30,1.07000005,2
597210100005715,247331143,2460227.8163063033,60227.311435199998,15.905551,0.0118392175,0,zr,341.41417389999998,20.276002500000001,0.759000003,-0.0299999993,20231010311424,597,0xa,0x1,21.4500008,26.3112659,0.0205649137,0.0952061415,5.59542059e-06,30,1.19700003,1
597210100005715,247331189,2460227.8167691845,60227.311898100001,15.9021492,0.0118328715,0,zr,341.41417990000002,20.2760143,0.402999997,0.0379999988,20231010311898,597,0xa,0x1,21.4300003,26.3138485,0.020304976,0.097779043,5.42347107e-06,30,1.199,2
597210100005715,247427835,2460228.7831889209,60228.278356499999,15.8896999,0.0118098687,0,zr,341.41418199999998,20.2760122,0.572000027,-0,20231011278241,597,0xa,0x1,21.1599998,26.3214607,0.0206785761,0.0994496718,5.62739024e-06,30,1.10300004,2
597210100005715,247432100,2460228.8258375581,60228.321006899998,15.9299068,0.0118854502,0,zr,341.41417480000001,20.276007499999999,0.342999995,-0.00100000005,20231011320775,597,0xa,0x1,21.1399994,26.3033829,0.0206702538,0.0992411822,5.5614214e-06,30,1.25100005,2
597210100005715,247628732,2460230.7920742575,60230.287326400001,15.9472952,0.0119193085,0,zr,341.4141707,20.276021100000001,0.736999989,-0.050999999,20231013287315,597,0xa,0x1,21.0799999,26.2978001,0.027985096,0.096539855,1.01768483e-05,30,1.14199996,2
597210100005715,247633268,2460230.8374310527,60230.332685200003,16.0045891,0.0120360563,0,zr,341.41416909999998,20.276025400000002,1.22300005,-0.00300000003,20231013332674,597,0xa,0x1,20.7700005,26.2781353,0.0248857513,0.106017582,8.07964989e-06,30,1.34599996,1
597210100005715,247633315,2460230.8379055327,60230.3331597,15.9808702,0.0119867437,0,zr,341.41418720000001,20.276032399999998,0.550999999,-0.0299999993,20231013333148,597,0xa,0x1,20.7199993,26.2783604,0.0262862295,0.102587104,9.02580814e-06,30,1.34899998,2
597210100005715,247716437,2460231.6690842165,60231.164375,15.9760122,0.0119768176,0,zr,341.41416609999999,20.276008999999998,0.481999993,-0.0340000018,20231014164375,597,0xa,0x1,21.3999996,26.2995987,0.0221408028,0.100173838,6.39546579e-06,30,1.06099999,2
597210100005715,247732555,2460231.8302575601,60231.3255556,15.983757,0.0119926687,0,zr,341.41418479999999,20.276034899999999,0.884000003,-0.0599999987,20231014325532,597,0xa,0x1,21.1200008,26.2761841,0.0230320431,0.10886696,6.91420973e-06,30,1.32000005,2
597210100005715,247817965,2460232.684315972,60232.179652799998,15.9151011,0.0118571827,0,zr,341.41416670000001,20.276019300000002,0.81099999,-0.0590000004,20231015179653,597,0xa,0x1,21.1599998,26.3115997,0.0218936373,0.101249181,6.27116333e-06,30,1.04100001,1
597210100005715,247818060,2460232.6852650293,60232.1806019,15.9135361,0.011854223,0,zr,341.4141755,20.276001900000001,0.648000002,-0.00400000019,20231015180590,597,0xa,0x1,20.75,26.3200397,0.0234718341,0.106153376,7.17263902e-06,30,1.03999996,2
597210100005715,247826302,2460232.7676801211,60232.263020799997,15.9697428,0.0119640883,0,zr,341.41416829999997,20.2760243,0.578000009,0.0469999984,20231015263021,597,0xa,0x1,21.4699993,26.3074017,0.0239522103,0.10110797,7.4620325e-06,30,1.09300005,2
597210100005715,247916535,2460233.6699759346,60233.165358799997,15.8920279,0.0118141398,0,zr,341.41417680000001,20.276000199999999,0.883000016,-0.0260000005,20231016165359,597,0xa,0x1,21.4200001,26.3216991,0.021910388,0.0983152762,6.33683749e-06,30,1.05200005,2
597210100005715,247918466,2460233.689280625,60233.184664400003,15.9011002,0.0118309194,0,zr,341.41418599999997,20.276014499999999,0.677999973,-0.0109999999,20231016184664,597,0xa,0x1,21.2000008,26.3197803,0.0206039976,0.0961831361,5.64889933e-06,30,1.03499997,2
597210100005715,248016487,2460234.6694418327,60234.164872699999,15.9236927,0.0118735228,0,zr,341.41416340000001,20.276015600000001,0.241999999,-0.0149999997,20231017164873,597,0xa,0x1,21.6200008,26.3112984,0.0211469214,0.0966010466,5.92621791e-06,30,1.04999995,2
597210100005715,248016582,2460234.6703908867,60234.165821800001,15.9294052,0.0118844835,0,zr,341.4141596,20.276009899999998,0.727999985,-0.023,20231017165810,597,0xa,0x1,21.5900002,26.3060246,0.0228625666,0.0992859378,6.8870313e-06,30,1.04799998,1
597210100005715,248023652,2460234.7410934423,60234.2365278,15.9569578,0.011938436,0,zr,341.41416550000002,20.2760113,0.957000017,0.0240000002,20231017236528,597,0xa,0x1,21.4799995,26.3029671,0.0231297631,0.100086801,7.07918116e-06,30,1.05599999,2
597210100005715,248114278,2460235.6473102882,60235.142789400001,15.9112015,0.0118498188,0,zr,341.41417130000002,20.276002399999999,0.563000023,0.00600000005,20231018142789,597,0xa,0x1,21.2999992,26.3034325,0.021104129,0.101565868,5.76319144e-06,30,1.07799995,2
597210100005715,248123674,2460235.7412638958,60235.236747700001,15.9461451,0.0119170453,0,zr,341.41418420000002,20.276010599999999,0.709999979,0.0160000008,20231018236736,597,0xa,0x1,21.4200001,26.3097839,0.0207519047,0.100828893,5.69814028e-06,30,1.05999994,2
597210100005715,248214451,2460236.6489840862,60236.144513899999,15.9447575,0.0119143212,0,zr,341.41416779999997,20.275994699999998,0.393999994,0.0140000004,20231019144502,597,0xa,0x1,21.4200001,26.3152618,0.0202708729,0.0980074555,5.35346908e-06,30,1.07000005,2
597210100005715,248216339,2460236.6678604246,60236.163391200003,15.9810534,0.0119871181,0,zr,341.41417369999999,20.2760113,0.842999995,0.0209999997,20231019163391,597,0xa,0x1,21.4500008,26.312809,0.0211016685,0.102119625,5.88702642e-06,30,1.04499996,1
597210100005715,248216622,2460236.6706959801,60236.166226900001,15.9694824,0.011963563,0,zr,341.414176,20.276014400000001,0.81099999,-0.0350000001,20231019166215,597,0xa,0x1,21.2199993,26.3102417,0.0219143778,0.103061706,6.37316316e-06,30,1.04299998,2
597210100005715,248319333,2460237.6977490257,60237.193333299998,15.9348612,0.0118950251,0,zr,341.4141707,20.276003899999999,0.964999974,0.057,20231020193322,597,0xa,0x1,21.3199997,26.2256851,0.0209767912,0.100037143,5.80673304e-06,30,1.03100002,2
597210100005715,248411453,2460238.6189037077,60238.114537000001,15.9968681,0.0120198485,0,zr,341.4141783,20.276016800000001,0.68900001,-0.0359999985,20231021114537,597,0xa,0x1,21.2999992,26.2933884,0.0205846559,0.101083785,5.54982489e-06,30,1.125,2
597210100005715,248416915,2460238.67351889,60238.169155099997,15.9637947,0.0119521059,0,zr,341.4141783,20.276009500000001,0.460000008,0.00999999978,20231021169144,597,0xa,0x1,21.3500004,26.3025646,0.0216259491,0.102131456,6.19700677e-06,30,1.03600001,2
597210100005715,248417010,2460238.6744679385,60238.170104199999,15.9632702,0.0119510526,0,zr,341.41417310000003,20.276013899999999,0.746999979,-0.00600000005,20231021170093,597,0xa,0x1,21.3199997,26.3040657,0.0219960753,0.096722655,6.42140321e-06,30,1.03600001,1
597210100005715,248510796,2460239.6122756749,60239.107963000002,15.9832401,0.0119916089,0,zr,341.41415569999998,20.276017,0.890999973,-0.0529999994,20231022107963,597,0xa,0x1,20.9699993,26.3199768,0.0207538381,0.0990179256,5.70254133e-06,30,1.13600004,2
597210100005715,248534118,2460239.8454803582,60239.3411806,15.9141779,0.0118554346,0,zr,341.41417860000001,20.276020200000001,0.834999979,0.0209999997,20231022341181,597,0xa,0x1,21.1399994,26.2845535,0.0215183217,0.100705825,6.03081071e-06,30,1.62199998,2
597210100005715,248823866,2460242.7428035159,60242.238668999998,15.9347677,0.0118948407,0,zr,341.41416900000002,20.2760073,0.620999992,0.0370000005,20231025238669,597,0xa,0x1,20.8199997,26.3045387,0.0225860905,0.1011483,6.63966512e-06,30,1.09899998,2
597210100005715,248823961,2460242.7437525592,60242.2396181,15.9660711,0.0119566815,0,zr,341.4141654,20.276014100000001,0.957000017,-0.0799999982,20231025239606,597,0xa,0x1,20.8199997,26.3128777,0.0258112289,0.0987508371,8.68483312e-06,30,1.10099995,1
597210100005715,249017398,2460244.6780000571,60244.173981499996,15.9947577,0.0120154442,0,zr,341.41417519999999,20.276023299999999,0.699999988,-0.00800000038,20231027173970,597,0xa,0x1,20.4200001,26.3026867,0.0272630509,0.108513333,9.63537241e-06,30,1.03100002,2
597210100005715,249030777,2460244.8117881161,60244.307777800001,15.9984646,0.0120231872,0,zr,341.41417680000001,20.2760225,0.665000021,-0.023,20231027307755,597,0xa,0x1,20.2299995,26.283823,0.0283333082,0.104724258,1.05667959e-05,30,1.44000006,2
597210100005715,249120741,2460245.7113738535,60245.207418999998,15.9095211,0.0118466606,0,zr,341.41417259999997,20.2760198,0.504000008,-0.0260000005,20231028207407,597,0xa,0x1,20.3700008,26.329073,0.0255429726,0.103132769,8.44222541e-06,30,1.05700004,1
597210100005715,249121923,2460245.7231902145,60245.219236099998,15.9208212,0.011868041,0,zr,341.41417430000001,20.276014100000001,0.654999971,-0.0350000001,20231028219236,597,0xa,0x1,20.2000008,26.3406296,0.026131114,0.0985263288,9.00653595e-06,30,1.07599998,2
597210100005715,249135009,2460245.8540384597,60245.350092599998,15.9282494,0.0118822586,0,zr,341.41416349999997,20.276022699999999,1.00199997,-0.0140000004,20231028349803,597,0xa,0x1,19.3899994,26.2514019,0.0379333459,0.111900814,2.05079596e-05,30,1.97300005,2
597210100005715,249231504,2460246.8189314683,60246.315046299998,15.9196415,0.0118657937,0,zr,341.41416559999999,20.276040900000002,0.625,-0.023,20231029314780,597,0xa,0x1,19.5499992,26.2689476,0.0383598357,0.117111981,1.99184542e-05,30,1.54999995,2
597210100005715,249518329,2460249.6869972777,60249.183298600001,15.9948683,0.0120156743,0,zr,341.41419730000001,20.276055700000001,0.663999975,0.0109999999,20231101183125,597,0xa,0x1,20.3199997,26.313343,0.0278302543,0.114116654,1.01757096e-05,30,1.04299998,2
597210100005715,249525100,2460249.7547010356,60249.251006899998,15.9242325,0.0118745556,0,zr,341.41416720000001,20.2760423,0.367000014,-0.00100000005,20231101250671,597,0xa,0x1,20.1800003,26.2445221,0.0305164848,0.10407728,1.21812882e-05,30,1.19599998,2
597210100005715,249612313,2460250.6267722133,60250.123136599999,15.9307375,0.0118870493,0,zr,341.41417519999999,20.276008600000001,0.935000002,-0.00499999989,20231102123125,597,0xa,0x1,21.1200008,26.3251381,0.0207984634,0.102017559,5.64912489e-06,30,1.04700005,1
597210100005715,249612407,2460250.627709649,60250.1240741,15.9448338,0.0119144712,0,zr,341.41416249999997,20.276016500000001,0.834999979,-0.0469999984,20231102124062,597,0xa,0x1,21.1599998,26.3232708,0.0207590312,0.0997007415,5.58842703e-06,30,1.046,2
597210100005715,249625731,2460250.7609413043,60250.257314800001,15.9062347,0.0118404971,0,zr,341.4141798,20.276013800000001,1.11500001,-0.0340000018,20231102257315,597,0xa,0x1,20.8700008,26.3096581,0.0220292509,0.107979022,6.31236708e-06,30,1.23500001,2
597210100005715,249717416,2460251.6777307009,60251.174166700002,15.9535418,0.0119316475,0,zr,341.41418229999999,20.276022000000001,0.859000027,0.00600000005,20231103174155,597,0xa,0x1,21.0900002,26.3263035,0.0203149635,0.104905784,5.39768553e-06,30,1.03999996,2
597210100005715,249727037,2460251.7739277421,60251.270370400001,15.9464226,0.011917592,0,zr,341.4141836,20.276033999999999,0.968999982,0.0240000002,20231103270313,597,0xa,0x1,20.9400005,26.302742,0.0241793916,0.106357053,7.67789152e-06,30,1.31599998,2
597210100005715,249815004,2460252.6535427868,60252.150046299997,15.9690504,0.0119626923,0,zr,341.41418579999998,20.276028100000001,0.869000018,-0.0149999997,20231104150023,597,0xa,0x1,20.9500008,26.3188095,0.023160791,0.107670933,6.9162802e-06,30,1.03100002,1
597210100005715,249815098,2460252.6544802217,60252.150983799998,15.9688644,0.0119623151,0,zr,341.41418240000002,20.2760189,0.619000018,-0.0350000001,20231104150984,597,0xa,0x1,21,26.3146477,0.0232972968,0.103682064,7.05920593e-06,30,1.03100002,2
597210100005715,249828039,2460252.7838808373,60252.280393499997,15.9746914,0.011974128,0,zr,341.41417990000002,20.2760204,0.880999982,0.0399999991,20231104280394,597,0xa,0x1,21.0499992,26.2900429,0.0220367443,0.107451625,6.37083212e-06,30,1.39900005,2
597210100005715,249916667,2460253.670103326,60253.166678200003,15.915247,0.0118574565,0,zr,341.414174,20.276014400000001,0.68900001,-0.0289999992,20231105166678,597,0xa,0x1,21.1700001,26.2886772,0.0223161243,0.0985085517,6.46351464e-06,30,1.03799999,2
597210100005715,249927961,2460253.7830351763,60253.279618100001,15.97999,0.0119849388,0,zr,341.41417580000001,20.276048899999999,1.04400003,-0.0109999999,20231105279618,597,0xa,0x1,21.1599998,26.2904167,0.0224224795,0.107770741,6.56978364e-06,30,1.41299999,2
597210100005715,250012069,2460254.6240516277,60254.120694400001,15.9242001,0.0118744913,0,zr,341.41418049999999,20.275992500000001,0.616999984,0.0189999994,20231106120694,597,0xa,0x1,21.4200001,26.3309116,0.0224197786,0.0984201208,6.56836528e-06,30,1.03999996,1
597210100005715,250012212,2460254.6254867236,60254.1221296,15.9306211,0.0118868258,0,zr,341.41416600000002,20.275990700000001,0.648999989,-0.00200000009,20231106122118,597,0xa,0x1,21.4899998,26.3243179,0.0233349912,0.0962635651,7.20427261e-06,30,1.03900003,2
597210100005715,250013186,2460254.6352198287,60254.131863399998,15.9234343,0.0118730282,0,zr,341.41417180000002,20.276010400000001,0.916999996,-0.0240000002,20231106131863,597,0xa,0x1,21.5799999,26.3252964,0.0254274923,0.0993853882,8.50220749e-06,30,1.03299999,2
597210100005715,250116560,2460255.6688837474,60255.1656019,15.933217,0.0118918391,0,zr,341.41417230000002,20.2760082,0.51700002,-0.0140000004,20231107165602,597,0xa,0x1,21.4400005,26.3317566,0.0209940076,0.0999970138,5.72345198e-06,30,1.04100001,2
597210100005715,250125516,2460255.7584372954,60255.255162000001,15.9449005,0.0119146015,0,zr,341.41417250000001,20.276019999999999,0.689999998,-0.0350000001,20231107255150,597,0xa,0x1,20.7800007,26.3063831,0.0227576289,0.105066292,6.74977127e-06,30,1.29200006,2
597210100005715,250316613,2460257.6692689471,60257.166134300001,15.977397,0.0119796395,0,zr,341.41417460000002,20.276002099999999,0.398999989,-0.0199999996,20231109166134,597,0xa,0x1,20.7299995,26.3220425,0.0235777181,0.102810428,7.19782201e-06,30,1.04700005,2
597210100005715,250316708,2460257.6702178768,60257.167083300003,15.9806337,0.0119862584,0,zr,341.4141831,20.276007499999999,0.48300001,-0.00999999978,20231109167083,597,0xa,0x1,20.5400009,26.3173008,0.0253462736,0.105378933,8.30250974e-06,30,1.04799998,1
597210100005715,250318391,2460257.6870453181,60257.183912,15.9777193,0.0119802989,0,zr,341.41417619999999,20.276017499999998,0.555000007,-0.0160000008,20231109183900,597,0xa,0x1,20.7800007,26.3204632,0.023730604,0.100211129,7.26955159e-06,30,1.07200003,2
597210100005715,250412532,2460258.6283868714,60258.125324100001,15.9880085,0.0120014371,0,zr,341.41417410000003,20.276007,0.990999997,0.0120000001,20231110125312,597,0xa,0x1,20.9899998,26.179636,0.0227241069,0.104219235,6.66595542e-06,30,1.03199995,2
597210100005715,250424292,2460258.7459820616,60258.242928200001,15.9292965,0.0118842749,0,zr,341.41417050000001,20.2760167,0.56099999,0.0140000004,20231110242928,597,0xa,0x1,20.4500008,26.1206055,0.0273391362,0.102123246,9.72329417e-06,30,1.27100003,2
597210100005715,250514528,2460259.648274845,60259.145289400003,15.9566975,0.0119379163,0,zr,341.41418069999997,20.276005399999999,1.07799995,0.0439999998,20231111145278,597,0xa,0x1,21.4200001,26.3053684,0.0226622317,0.101699352,6.62765933e-06,30,1.03499997,2
597210100005715,250514622,2460259.6492122728,60259.146226899997,15.9735498,0.0119718062,0,zr,341.41417530000001,20.276013500000001,0.72299999,0.0379999988,20231111146227,597,0xa,0x1,21.1499996,26.304285,0.0231306534,0.101776399,6.94519213e-06,30,1.03600001,1
597210100005715,250529736,2460259.8003348447,60259.297361099998,15.9695168,0.0119636338,0,zr,341.41415810000001,20.276038,0.728999972,-0.00200000009,20231111297350,597,0xa,0x1,20.2800007,26.2437077,0.0283612851,0.111580193,1.06055641e-05,30,1.75199997,2
597210100005715,250619311,2460260.6960184569,60260.193113399997,15.9151573,0.0118572889,0,zr,341.41417689999997,20.276033999999999,0.717000008,-0.0209999997,20231112193113,597,0xa,0x1,20.7600002,26.3196964,0.0227933694,0.102998272,6.74107787e-06,30,1.10800004,2
597210100005715,250624577,2460260.7486764593,60260.2457755,15.9872122,0.0119997915,0,zr,341.4141722,20.276048599999999,1.03299999,-0.0410000011,20231112245451,597,0xa,0x1,20.8600006,26.2987823,0.0238126572,0.110747352,7.3479091e-06,30,1.31599998,2
597210100005715,250716604,2460261.6688713105,60261.166041700002,15.9142008,0.0118554775,0,zr,341.41417860000001,20.2760061,0.488999993,-0.0370000005,20231113166042,597,0xa,0x1,21.1000004,26.2347355,0.0221725851,0.0996602699,6.37093262e-06,30,1.06099999,2
597210100005715,250716699,2460261.669820236,60261.166990700003,15.9166241,0.0118600642,0,zr,341.41417610000002,20.276006500000001,0.779999971,-0.0680000037,20231113166979,597,0xa,0x1,21.2000008,26.2621918,0.0217049215,0.0979274958,6.10271672e-06,30,1.06200004,1
597210100005715,250725533,2460261.7581581934,60261.255335599999,15.9711838,0.0119670052,0,zr,341.41416579999998,20.276047699999999,0.47299999,-0.0149999997,20231113255116,597,0xa,0x1,20.9699993,26.2426357,0.0229475275,0.109514251,6.88121918e-06,30,1.39499998,2
597210100005715,250914015,2460263.6428246656,60263.140150500003,15.9391422,0.0119033437,0,zr,341.41416829999997,20.276019699999999,0.731999993,0.0209999997,20231115140150,597,0xa,0x1,21.4500008,26.3136921,0.021174999,0.0967276022,5.8294363e-06,30,1.03900003,2
597210100005715,250914109,2460263.6437735907,60263.141099499997,15.9368391,0.0118988622,0,zr,341.41417289999998,20.2760146,0.444999993,-0.0340000018,20231115141100,597,0xa,0x1,21.4599991,26.3173981,0.0215379018,0.0972069353,5.98430688e-06,30,1.03900003,1
597210100005715,251417248,2460268.6747532645,60268.1724884,15.9147997,0.0118566109,0,zr,341.41417189999999,20.276026000000002,0.663999975,-0.00499999989,20231120172465,597,0xa,0x1,20.1299992,26.3255024,0.0289598778,0.0993352383,1.08948907e-05,30,1.11099994,2
597210100005715,253013387,2460284.6347532496,60284.133877300002,15.9616842,0.0119478712,0,zr,341.41417360000003,20.276020599999999,0.647000015,-0.0350000001,20231206133877,597,0xa,0x1,21.4500008,26.3086014,0.0218833778,0.0972484201,6.3564421e-06,30,1.12399995,2
597210100005715,253015190,2460284.6527840183,60284.151909699998,15.9653749,0.0119552789,0,zr,341.41418370000002,20.2760116,0.651000023,0.0240000002,20231206151898,597,0xa,0x1,21.3199997,26.3022556,0.021863088,0.102400824,6.31940156e-06,30,1.18299997,1
597210100005715,253015284,2460284.6537214327,60284.152847199999,15.9723635,0.0119693987,0,zr,341.41417669999998,20.2760052,0.513999999,0.0270000007,20231206152847,597,0xa,0x1,21.2099991,26.3002567,0.0222155731,0.0993437693,6.52978906e-06,30,1.18599999,2
597210100005715,253114554,2460285.6463288581,60285.145543999999,15.9806709,0.0119863367,0,zr,341.41417280000002,20.2760158,0.850000024,-0.0780000016,20231207145509,597,0xa,0x1,21.1700001,26.311554,0.0207771398,0.10144081,5.70106386e-06,30,1.16900003,2
597210100005715,253115052,2460285.6513052066,60285.150520800002,15.9845476,0.0119942976,0,zr,341.4141788,20.276012399999999,0.566999972,-0.0419999994,20231207150509,597,0xa,0x1,21.2900009,26.3174648,0.0196724664,0.0977753848,5.12621182e-06,30,1.18799996,2
597210100005715,253420585,2460288.706364668,60288.205856499997,15.9606466,0.0119457962,0,zr,341.41416809999998,20.275983100000001,1.47399998,0.00499999989,20231210205856,597,0xa,0x1,19.7000008,26.2635441,0.0358769745,0.0979348943,1.74203524e-05,30,1.60599995,1
597210100005715,253613071,2460290.6310512554,60290.130717599997,15.9260588,0.0118780537,0,zr,341.41417310000003,20.276009299999998,0.921000004,-0.0359999985,20231212130706,597,0xa,0x1,21.3400002,26.2699699,0.0238268599,0.0993124023,7.48707362e-06,30,1.16499996,2
597210100005715,253613165,2460290.6319886702,60290.131655099998,15.8894835,0.0118094692,0,zr,341.41417969999998,20.276009699999999,1.29799998,0.0179999992,20231212131644,597,0xa,0x1,21.2900009,26.2923012,0.0210946109,0.102861121,5.84012832e-06,30,1.16799998,1
597210100005715,253618692,2460290.6872498114,60290.186921300003,15.9972219,0.0120205889,0,zr,341.41417589999998,20.276008300000001,0.874000013,-0.0240000002,20231212186910,597,0xa,0x1,21.25,26.2751675,0.0225215256,0.104963362,6.71217231e-06,30,1.47899997,2
597210100005715,253711343,2460291.6136819506,60291.113437499997,15.9197855,0.0118660694,0,zr,341.41417430000001,20.276005900000001,0.615999997,-0.0289999992,20231213113438,597,0xa,0x1,21.3899994,26.3167419,0.0212998558,0.102088228,5.95247548e-06,30,1.12100005,2
597210100005715,253714065,2460291.6409016633,60291.140659700002,15.9600086,0.0119445212,0,zr,341.41417580000001,20.2760091,0.42899999,-0.00300000003,20231213140660,597,0xa,0x1,21.1700001,26.2969322,0.0211649016,0.0988575667,5.9410354e-06,30,1.21399999,2
597210100005715,256015832,2460314.6565261092,60314.158321800001,15.9692593,0.0119631132,0,zr,341.41417519999999,20.276019699999999,0.444999993,-0,20240105158310,597,0xa,0x1,20.2199993,26.2352123,0.0290256497,0.108858429,1.11135496e-05,30,1.91600001,1
597210100005715,257309836,2460327.5955475345,60327.0983681,15.9689722,0.0119625321,0,zr,341.41416020000003,20.276014,0.232999995,-0.00300000003,20240118098368,597,0xa,0x1,19.9599991,26.1589203,0.0329388455,0.103621684,1.43834131e-05,30,1.59599996,2
597210100005715,257310226,2460327.5994476443,60327.102268499999,15.9600182,0.0119445408,0,zr,341.4141654,20.2760341,0.808000028,-0.00400000019,20240118102269,597,0xa,0x1,19.6000004,26.167944,0.0390592739,0.100327134,2.10599155e-05,30,1.63800001,2
597210100005715,257310616,2460327.6033478552,60327.106168999999,15.994195,0.0120142708,0,zr,341.41419059999998,20.276057900000001,1.20000005,0.00100000005,20240118106169,597,0xa,0x1,19.3999996,26.1211872,0.0418044068,0.114095978,2.59414246e-05,30,1.68299997,2
597210100005715,257311006,2460327.6072479603,60327.110069399998,15.9836712,0.0119924927,0,zr,341.41416049999998,20.276028499999999,1.06500006,0.00600000005,20240118110069,597,0xa,0x1,19.4500008,26.2486362,0.0396025144,0.1022866,2.26100146e-05,30,1.73099995,2
597210100005715,257311398,2460327.6111597694,60327.113981499999,15.9752283,0.0119752195,0,zr,341.41416179999999,20.276066100000001,0.731999993,-0.00400000019,20240118113981,597,0xa,0x1,19.3999996,26.2471733,0.0429860242,0.11090111,2.72687994e-05,30,1.78299999,2
597210100005715,257411562,2460328.6127298283,60328.115624999999,16.0196609,0.0120681245,0,zr,341.41418820000001,20.276040600000002,0.649999976,0.0320000015,20240119115613,597,0xa,0x1,19.8500004,25.9517097,0.0339887366,0.114111304,1.57543473e-05,30,1.84599996,2
597210100005715,264951862,2460404.0140012959,60403.518622700001,15.9187498,0.0118640987,0,zr,341.4142033,20.276021,0.648999989,0.0289999992,20240403518600,597,0xa,0x1,19.5799999,26.1304798,0.0393736288,0.112346195,2.10849939e-05,30,2.83899999,1
597210100005715,264951909,2460404.0144758136,60403.519097199998,15.9369717,0.0118991192,0,zr,341.41417760000002,20.276025300000001,0.451000005,-0.0160000008,20240403519086,597,0xa,0x1,19.5699997,26.1407394,0.037861947,0.12189763,1.98027246e-05,30,2.8210001,1
597210100005715,264951956,2460404.0149388299,60403.519560200002,15.8979044,0.0118249869,0,zr,341.41416729999997,20.276021700000001,1.29900002,-0.0419999994,20240403519560,597,0xa,0x1,19.5799999,26.1255875,0.0394966863,0.127924547,2.20001657e-05,30,2.80299997,1
597210100005715,265849975,2460412.9954878516,60412.499756899997,15.9565477,0.011937621,0,zr,341.41417180000002,20.2760377,1.62699997,-0.0649999976,20240412499722,597,0xa,0x1,20.6700001,26.0613537,0.025554385,0.110438064,8.64653339e-06,30,2.63499999,1
597210100005715,265850273,2460412.9984625904,60412.502731499997,15.9520969,0.0119287856,0,zr,341.41415690000002,20.276017,0.651000023,0.0350000001,20240412502697,597,0xa,0x1,20.6299992,26.0768967,0.0262657106,0.109695785,9.09768369e-06,30,2.53999996,1
597210100005715,265850577,2460413.0015067318,60412.505775500002,15.9590645,0.0119426362,0,zr,341.41416020000003,20.2760225,0.822000027,-0.0240000002,20240412505729,597,0xa,0x1,20.6100006,26.0918808,0.0272703413,0.112634979,9.76994761e-06,30,2.45000005,1
597210100005715,265949943,2460413.9952097908,60413.499432899996,15.9972134,0.0120205684,0,zr,341.41418779999998,20.276030500000001,1.04700005,0.0189999994,20240413499387,597,0xa,0x1,19.5200005,26.0861092,0.04307862,0.119153574,2.5728159e-05,30,2.55699992,1
597210100005715,265950241,2460413.9981960305,60413.502418999997,15.9987669,0.0120238215,0,zr,341.41423680000003,20.276063400000002,0.606999993,0.00300000003,20240413502373,597,0xa,0x1,19.6299992,26.1026707,0.0380705371,0.12536791,1.99162459e-05,30,2.46799994,1
597210100005715,265950641,2460414.0021892176,60413.506412000002,15.9874811,0.0120003456,0,zr,341.41428910000002,20.2760137,0.842000008,0.0769999996,20240413506366,597,0xa,0x1,18.6700001,26.1183624,0.0449255146,0.124260016,4.97025103e-05,30,2.35899997,1
597210100005715,266050137,2460414.9972015298,60414.501377300003,15.9774256,0.0119796973,0,zr,341.41419430000002,20.275983700000001,0.711000025,-0.00499999989,20240414501319,597,0xa,0x1,19.8700008,26.1483154,0.0512483306,0.122534677,3.51487324e-05,30,2.421,1
597210100005715,266050590,2460415.0017272527,60414.505902800003,16.0365105,0.0121046631,0,zr,341.41418750000003,20.276015900000001,0.57099998,-0.00300000003,20240414505868,597,0xa,0x1,19.6299992,26.1645317,0.050022956,0.125570923,3.44591499e-05,30,2.30200005,1
597210100005715,266249628,2460416.9922069656,60416.496284699999,15.9509773,0.0119265709,0,zr,341.41417280000002,20.276044800000001,0.751999974,-0.00400000019,20240416496238,597,0xa,0x1,20.0799999,26.1387939,0.0309820417,0.122569807,1.27985604e-05,30,2.41000009,1
597210100005715,266250023,2460416.9961539679,60416.500231500002,15.9726591,0.0119699985,0,zr,341.41419330000002,20.2760547,0.469999999,0.0109999999,20240416500185,597,0xa,0x1,20.25,26.1545277,0.0290810131,0.111895509,1.12917496e-05,30,2.30699992,1
597210100005715,266250416,2460417.000089372,60416.504166699997,15.9694691,0.0119635379,0,zr,341.41417000000001,20.276016299999998,0.81400001,0.00899999961,20240416504120,597,0xa,0x1,20.0300007,26.156332,0.0321443565,0.117208093,1.38016676e-05,30,2.21399999,1
597210100005715,266349778,2460417.993762753,60417.497789399997,15.9242754,0.0118746376,0,zr,341.41418609999999,20.276024100000001,0.592999995,-0.0329999998,20240417497743,597,0xa,0x1,20.5799999,26.1530075,0.0258419961,0.113167569,8.83035773e-06,30,2.29999995,1
597210100005715,266350174,2460417.9977212627,60417.5017477,15.9099474,0.0118474597,0,zr,341.41417730000001,20.276032699999998,0.748000026,-0.00200000009,20240417501701,597,0xa,0x1,20.5900002,26.1606503,0.0259317067,0.115311012,8.88333761e-06,30,2.20600009,1
597210100005715,266350571,2460418.0016913726,60417.505717599997,15.9192715,0.0118650915,0,zr,341.41416470000001,20.276019699999999,0.569000006,-0.0199999996,20240417505671,597,0xa,0x1,20.3899994,26.1739979,0.027138928,0.111344248,9.71420923e-06,30,2.12100005,1
597210100005715,270840831,2460462.9075496648,60462.4083102,15.8986473,0.0118263634,0,zr,341.4141904,20.276023599999998,0.966000021,-0.0289999992,20240601408310,597,0xa,0x1,21.1700001,26.2054214,0.0218945462,0.111410312,6.34676508e-06,30,1.71099997,1
597210100005715,271042664,2460464.9260582733,60464.426643500003,15.9642048,0.0119529301,0,zr,341.41419009999998,20.276007499999999,0.676999986,-0.0370000005,20240603426644,597,0xa,0x1,20.9899998,25.8741055,0.0251788348,0.0997226015,8.42660302e-06,30,1.46899998,1
597210100005715,272147960,2460475.9799914905,60475.479606499997,15.9754467,0.0119756637,0,zr,341.4141841,20.276012900000001,0.463,-0.0189999994,20240614479595,597,0xa,0x1,21.0599995,26.2845497,0.0200363155,0.101410583,5.26012718e-06,30,1.08899999,1
597210100005715,272337050,2460477.8710603127,60477.370509300003,15.9148111,0.0118566314,0,zr,341.41419999999999,20.276006500000001,0.416999996,-0.023,20240616370509,597,0xa,0x1,20.8400002,26.2556839,0.0233608577,0.106144823,7.1305426e-06,30,1.67299998,1
597210100005715,272638682,2460480.887643801,60480.3868287,15.9826403,0.0119903767,0,zr,341.41417259999997,20.276004,0.546999991,-0.00100000005,20240619386829,597,0xa,0x1,20.8500004,26.2027073,0.0251687653,0.103681311,8.41386736e-06,30,1.43799996,1
597210100005715,272838716,2460482.888153736,60482.387164400003,15.9460783,0.011916915,0,zr,341.41418879999998,20.276007100000001,0.586000025,-0.023,20240621387164,597,0xa,0x1,20.5400009,26.2761631,0.0241167117,0.109440394,7.71302075e-06,30,1.39499998,1
597210100005715,273036428,2460484.8654430248,60484.364282399998,15.9185066,0.0118636359,0,zr,341.41418060000001,20.276006200000001,0.398999989,-0.0189999994,20240623364271,597,0xa,0x1,20.6399994,26.2364445,0.0252884254,0.101301499,8.42903864e-06,30,1.53699994,1
597210100005715,273340649,2460487.9079152015,60487.406493100003,15.9779758,0.0119808223,0,zr,341.41418190000002,20.2760046,0.535000026,-0.00700000022,20240626406377,597,0xa,0x1,20.8600006,26.2469292,0.0232454985,0.101636477,7.1186646e-06,30,1.21300006,1
597210100005715,273540248,2460489.9040803406,60489.402488400003,15.909174,0.0118460096,0,zr,341.41418870000001,20.276025199999999,0.647000015,0.0130000003,20240628402477,597,0xa,0x1,20.5900002,26.2932739,0.0232440941,0.108672135,7.04439208e-06,30,1.20700002,1
597210100005715,273740679,2460491.9085549293,60491.406794000002,15.9279785,0.011881738,0,zr,341.41419020000001,20.276002999999999,0.531000018,0.00800000038,20240630406794,597,0xa,0x1,21.4200001,26.2770252,0.0212359279,0.102562539,5.91223852e-06,30,1.16900003,1
597210100005715,274532237,2460499.8247817317,60499.3223727,15.928875,0.0118834618,0,zr,341.41419079999997,20.276012000000001,1.13699996,0.0370000005,20240708322361,597,0xa,0x1,20.6800003,26.2027931,0.0242306925,0.102784596,7.73831198e-06,30,1.546,2
597210100005715,274540788,2460499.910297804,60499.407881899999,15.9825201,0.011990129,0,zr,341.41418920000001,20.276010200000002,0.453999996,-0.0370000005,20240708407882,597,0xa,0x1,21.5200005,26.2826958,0.0216845497,0.0943262726,6.17820524e-06,30,1.102,2
597210100005715,274541549,2460499.9179142141,60499.4154977,15.9666214,0.0119577898,0,zr,341.41418979999997,20.276009800000001,0.488000005,-0.0160000008,20240708415486,597,0xa,0x1,21.5,26.2827129,0.0221505612,0.0952943787,6.41746055e-06,30,1.08599997,1
597210100005715,274638974,2460500.8922391096,60500.389745400003,15.982255,0.0119895833,0,zr,341.4141798,20.276008699999998,0.751999974,-0.0430000015,20240709389745,597,0xa,0x1,21.4400005,26.2392941,0.0222218018,0.102325261,6.51857363e-06,30,1.14400005,2
597210100005715,274733883,2460501.8413992831,60501.338831000001,15.964015,0.0119525483,0,zr,341.41418220000003,20.2760195,0.446999997,0.00100000005,20240710338819,597,0xa,0x1,21.4400005,26.182991,0.0209451411,0.103361212,5.77899846e-06,30,1.37,2
597210100005715,274736261,2460501.8651858657,60501.362615700004,15.9807043,0.0119864056,0,zr,341.41417849999999,20.276008699999998,0.266000003,0.0120000001,20240710362616,597,0xa,0x1,21.3600006,26.1999416,0.0216932669,0.103702031,6.15362251e-06,30,1.23800004,2
597210100005715,274836906,2460502.8717111037,60502.369062500002,15.9833126,0.0119917588,0,zr,341.4142033,20.275998600000001,0.787,-0.0130000003,20240711369062,597,0xa,0x1,21.2600002,26.149519,0.0245203916,0.10898681,7.8354924e-06,30,1.19799995,2
597210100005715,274837929,2460502.8819434042,60502.379293999998,15.9830647,0.0119912475,0,zr,341.41418590000001,20.276020200000001,1.14300001,0.057,20240711379294,597,0xa,0x1,21.2399998,26.1671352,0.0228816811,0.103937909,6.8491313e-06,30,1.16100001,2
597210100005715,274838023,2460502.8828809778,60502.380231499999,15.9815283,0.0119880931,0,zr,341.41418290000001,20.2760183,0.663999975,0.00600000005,20240711380232,597,0xa,0x1,21.2199993,26.1635933,0.0218322072,0.104433179,6.28681528e-06,30,1.15699995,1
597210100005715,274939325,2460503.8959800033,60503.393252299997,15.9140921,0.0118552735,0,zr,341.41419330000002,20.276004,0.600000024,0.00100000005,20240712392766,597,0xa,0x1,21.3199997,26.1112442,0.0222111922,0.097469449,6.40219832e-06,30,1.11099994,2
597210100005715,274940556,2460503.9082957548,60503.405567100002,15.9055576,0.0118392305,0,zr,341.41419409999997,20.276017499999998,0.651000023,-0.0340000018,20240712405556,597,0xa,0x1,21.3099995,26.1267223,0.0212530829,0.0984871611,5.92401557e-06,30,1.08399999,2
597210100005715,275038646,2460504.8892735643,60504.386469899997,15.9290695,0.0118838362,0,zr,341.41418470000002,20.276004100000002,0.623000026,-0.0309999995,20240713386458,597,0xa,0x1,21.7199993,26.1699791,0.0244983695,0.096247755,7.88467696e-06,30,1.12199998,2
597210100005715,275040215,2460504.9049576651,60504.402152800001,15.9164238,0.0118596843,0,zr,341.41419509999997,20.276005099999999,0.949000001,0.0989999995,20240713402141,597,0xa,0x1,21.6100006,26.1736889,0.022456577,0.0939806923,6.57194187e-06,30,1.08500004,2
597210100005715,275040309,2460504.9058952378,60504.403090300002,15.9111395,0.0118497023,0,zr,341.41418809999999,20.275993400000001,0.637000024,-0.0160000008,20240713403090,597,0xa,0x1,21.6399994,26.1733932,0.0238341466,0.0979359373,7.41879558e-06,30,1.08299994,1
597210100005715,275139027,2460505.8931574901,60505.390277799997,15.9079113,0.0118436376,0,zr,341.41418140000002,20.276013899999999,0.689999998,0.0240000002,20240714390266,597,0xa,0x1,21.6700001,26.2140007,0.023282744,0.0944804177,7.06902711e-06,30,1.10500002,2
597210100005715,275141263,2460505.9155202848,60505.412638900001,15.9819546,0.0119889658,0,zr,341.4141904,20.276005600000001,0.773000002,0.0199999996,20240714412627,597,0xa,0x1,21.6800003,26.2252007,0.024467621,0.0920483992,7.82722782e-06,30,1.06200004,2
597210100005715,275337399,2460507.8770207213,60507.373993100002,15.9684553,0.0119614871,0,zr,341.41419389999999,20.2760034,0.630999982,0.0130000003,20240716373993,597,0xa,0x1,21.6900005,26.2487583,0.0236286409,0.0978931934,7.28807618e-06,30,1.13399994,2
597210100005715,275338304,2460507.8860722953,60507.383044000002,15.9830952,0.011991309,0,zr,341.41417310000003,20.276012999999999,0.827000022,0.0170000009,20240716383032,597,0xa,0x1,21.4699993,26.2643795,0.02218269,0.0911874473,6.37295489e-06,30,1.11000001,2
597210100005715,275338398,2460507.8870098647,60507.383981500003,15.9760065,0.0119768046,0,zr,341.41418429999999,20.2760052,1.02199996,-0.0450000018,20240716383981,597,0xa,0x1,21.6700001,26.2622757,0.0237449501,0.0883269906,7.34721743e-06,30,1.10699999,1
597210100005715,275429493,2460508.7980257659,60508.294930600001,15.8914261,0.0118130371,0,zr,341.41420110000001,20.276006899999999,1.02699995,-0.064000003,20240717294931,597,0xa,0x1,20.4899998,26.165163,0.0269204751,0.109512769,9.68912718e-06,30,1.574,2
597210100005715,275535442,2460509.8575934297,60509.354421299999,15.9833384,0.0119918091,0,zr,341.41420140000002,20.2760204,0.432999998,-0.0140000004,20240718354421,597,0xa,0x1,20.8299999,26.1774158,0.023220649,0.10897781,7.08288462e-06,30,1.18099999,1
597210100005715,275549115,2460509.9943394158,60509.4911574,15.962594,0.0119496975,0,zr,341.41419020000001,20.276004400000001,0.449999988,-0.00200000009,20240718491030,597,0xa,0x1,21.0900002,26.2081776,0.0228842273,0.101562478,6.83014105e-06,30,1.06799996,2
597210100005715,275635041,2460510.8536602664,60510.350416699999,15.9866076,0.0119985444,0,zr,341.41418290000001,20.276015399999999,0.640999973,-0.0250000004,20240719350370,597,0xa,0x1,20.7000008,26.2456455,0.0246592518,0.0996974781,8.00463567e-06,30,1.18599999,2
597210100005715,275637466,2460510.8779097092,60510.374664399998,15.9293346,0.0118843475,0,zr,341.41419300000001,20.2760116,0.382999986,0.0120000001,20240719374653,597,0xa,0x1,20.9200001,26.2493744,0.0223765988,0.102335967,6.56137081e-06,30,1.11000001,2
597210100005715,275730925,2460511.8125707963,60511.309259299996,15.9965763,0.0120192384,0,zr,341.41417949999999,20.276015900000001,0.778999984,-0.00499999989,20240720309259,597,0xa,0x1,20.4599991,26.172533,0.0266644973,0.105765052,9.40920199e-06,30,1.38600004,2
597210100005715,275734343,2460511.8467514319,60511.3434375,15.9573107,0.0119391391,0,zr,341.41419150000002,20.276005999999999,0.254000008,-0.0250000004,20240720343438,597,0xa,0x1,20.4899998,26.2165451,0.02523016,0.10484568,8.32997375e-06,30,1.20200002,1
597210100005715,275737468,2460511.8780036517,60511.3746875,15.9099665,0.011847496,0,zr,341.41418329999999,20.276017199999998,0.375,-0.00800000038,20240720374688,597,0xa,0x1,20.5400009,26.2201767,0.0254323948,0.104029156,8.44216174e-06,30,1.10300004,2
597210100005715,275930572,2460513.8091795859,60513.305729200001,15.9058199,0.0118397214,0,zr,341.41415660000001,20.2759997,0.505999982,0.0260000005,20240722305625,597,0xa,0x1,20.1000004,26.1837006,0.0424429737,0.111093953,2.33578412e-05,30,1.37300003,1
597210100005715,276141040,2460515.9139979947,60515.410405100003,15.9321728,0.01188982,0,zr,341.41418909999999,20.2760043,0.593999982,0.00100000005,20240724410394,597,0xa,0x1,20.1499996,26.1510925,0.0315574408,0.104773387,1.35470327e-05,30,1.03600001,1
597210100005715,276434684,2460518.8506248016,60518.346840300001,15.9315176,0.0118885562,0,zr,341.41418470000002,20.276009299999998,0.275999993,-0.00899999961,20240727346829,597,0xa,0x1,21.1599998,26.2697163,0.0213724896,0.0991202667,5.96474547e-06,30,1.12600005,1
597210100005715,276637303,2460520.8769440819,60520.373032399999,15.9459448,0.0119166523,0,zr,341.41418390000001,20.276017400000001,0.597000003,0.0130000003,20240729373032,597,0xa,0x1,21.4400005,26.3010635,0.0201019328,0.100630455,5.33009916e-06,30,1.05999994,1
597210100005715,276838210,2460522.8861400126,60522.382106500001,15.986619,0.0119985659,0,zr,341.41419519999999,20.2760146,1.29100001,-0.0270000007,20240731382083,597,0xa,0x1,21.2800007,26.2078304,0.0220987443,0.103794195,6.47946354e-06,30,1.04299998,1
597210100005715,277140282,2460525.9070324497,60525.402824099998,15.9252415,0.0118764862,0,zr,341.41418570000002,20.276015999999998,0.625999987,0.023,20240803402824,597,0xa,0x1,21.5799999,26.26054,0.0223593097,0.09971378,6.56492875e-06,30,1.03100002,1
597210100005715,277337302,2460527.8773375689,60527.373020799998,15.9670706,0.011958695,0,zr,341.41418759999999,20.276006800000001,0.551999986,0.00200000009,20240805373009,597,0xa,0x1,21.6599998,26.2503357,0.0239090491,0.0978044868,7.46338083e-06,30,1.03900003,1
597210100005715,277537793,2460529.8823621958,60529.377939799997,15.9645815,0.0119536854,0,zr,341.41419020000001,20.276004799999999,0.610000014,0.00899999961,20240807377928,597,0xa,0x1,21.6499996,26.208746,0.0233955942,0.0976752639,7.14964608e-06,30,1.03299999,1
597210100005715,277737469,2460531.8792218454,60531.374699100001,15.9140472,0.0118551897,0,zr,341.41419209999998,20.276010599999999,1.023,0.0140000004,20240809374699,597,0xa,0x1,21.7099991,26.2232323,0.0268637631,0.0953039303,9.42593215e-06,30,1.03299999,1
597210100005715,278235928,2460536.8640338066,60536.359282400001,15.9825478,0.0119901849,0,zr,341.41419519999999,20.2760389,0.522000015,0.0130000003,20240814359282,597,0xa,0x1,21.4500008,26.3057499,0.0220866874,0.103391372,6.42156374e-06,30,1.03299999,1
597210100005715,278640224,2460540.907158535,60540.402245400001,15.9867916,0.0119989226,0,zr,341.41418570000002,20.2760195,0.537,-0.0149999997,20240818402234,597,0xa,0x1,20.8299999,26.305109,0.0233033765,0.104260758,7.10942777e-06,30,1.06200004,1
597210100005715,279031549,2460544.8205464277,60544.315497700001,15.9756708,0.0119761201,0,zr,341.41419960000002,20.2760262,0.354000002,-0.0209999997,20240822315451,597,0xa,0x1,20.5100002,26.2829895,0.0265448187,0.107623778,9.14820339e-06,30,1.04999995,1
597210100005715,279533784,2460549.8430387829,60549.337847199997,15.9742479,0.0119732264,0,zr,341.41419250000001,20.276022699999999,0.921999991,-0.00499999989,20240827337789,597,0xa,0x1,21.4699993,26.3003941,0.0226343237,0.10385821,6.79195864e-06,30,1.03100002,1
597210100005715,279725765,2460551.7628871519,60551.257650500003,15.9106588,0.011848799,0,zr,341.41418429999999,20.276005300000001,0.708000004,-0.0270000007,20240829257616,597,0xa,0x1,21.5900002,26.3145313,0.0210415386,0.0979133174,5.82261055e-06,30,1.12300003,1
597210100005715,279929128,2460553.7965632756,60553.291284699997,15.989193,0.0120038856,0,zr,341.41418829999998,20.2760018,0.675000012,-0.00100000005,20240831291285,597,0xa,0x1,21.6800003,26.3074551,0.0232463572,0.0964370146,7.03219757e-06,30,1.04900002,1
597210100005715,280136630,2460555.8716229494,60555.366307900003,15.984458,0.0119941114,0,zr,341.41418770000001,20.2760183,0.476000011,-0.0329999998,20240902366296,597,0xa,0x1,21.5499992,26.2846966,0.0224508904,0.0976232812,6.65004654e-06,30,1.07000005,1
597210100005715,280330116,2460557.8065122957,60557.301168999998,15.9335546,0.0118924938,0,zr,341.41419020000001,20.276000700000001,1.18599999,0.0820000023,20240904301146,597,0xa,0x1,21.5499992,26.2647362,0.0248095021,0.0996676311,8.04639967e-06,30,1.03400004,1
597210100005715,280525633,2460559.76169712,60559.256330999997,15.9602041,0.0119449124,0,zr,341.41419560000003,20.276008000000001,0.388000011,-0.0240000002,20240906256331,597,0xa,0x1,21.4099998,26.2503033,0.0213123094,0.100255743,5.98604993e-06,30,1.07700002,1
597210100005715,280729788,2460561.8032657281,60561.297881899998,15.9281969,0.011882158,0,zr,341.41419389999999,20.276011400000002,0.746999979,-0.0270000007,20240908297882,597,0xa,0x1,21.3299999,26.1892662,0.021254044,0.097351253,5.9372237e-06,30,1.03100002,1
597210100005715,281128121,2460565.7866154918,60565.281215299998,15.9703007,0.0119652171,0,zr,341.41419660000003,20.276025000000001,0.597000003,-0.0149999997,20240912281204,597,0xa,0x1,21.2299995,26.3052521,0.0204136726,0.103440896,5.52340452e-06,30,1.03299999,1
597210100005715,281723679,2460571.7421738212,60571.236793999997,15.9061604,0.0118403593,0,zr,341.4141899,20.276020299999999,0.791000009,-0.00200000009,20240918236794,597,0xa,0x1,20.2199993,26.3260899,0.030106632,0.0989227667,1.20764726e-05,30,1.05599999,1
597210100005715,282119648,2460575.7018181244,60575.196481500003,15.9595642,0.0119436337,0,zr,341.41418299999998,20.2760134,0.451999992,-0.0199999996,20240922196481,597,0xa,0x1,21.2299995,26.2795544,0.022153046,0.103540845,6.46855096e-06,30,1.11199999,1
597210100005715,282221516,2460576.720483704,60576.215162,15.9876127,0.0120006194,0,zr,341.41419889999997,20.2759994,0.933000028,-0.0289999992,20240923215150,597,0xa,0x1,21.4599991,26.2777863,0.0226492789,0.102004565,6.74686135e-06,30,1.06799996,1
597210100005715,282422445,2460578.7297436777,60578.224456000004,15.9206333,0.0118676824,0,zr,341.41419530000002,20.276016200000001,1.07500005,0.00400000019,20240925224456,597,0xa,0x1,21.4400005,26.2814598,0.023505386,0.106493317,7.2587668e-06,30,1.04799998,1
597210100005715,282640561,2460580.910857196,60580.405613399998,15.9578962,0.0119403051,0,zr,341.41418640000001,20.276027599999999,1.24899995,-0.075000003,20240927405590,597,0xa,0x1,21.0799999,26.2558079,0.0240575895,0.0996537134,7.72683688e-06,30,1.60300004,1
597210100005715,282917247,2460583.6776549569,60583.172476899999,15.9456415,0.0119160572,0,zr,341.41419300000001,20.276007499999999,0.809000015,0.00200000009,20240930172477,597,0xa,0x1,21.3400002,26.3027611,0.0207642745,0.0962096155,5.65129494e-06,30,1.11800003,1
597210100005715,283815407,2460592.6589612523,60592.154074099999,15.9857588,0.0119967945,0,zr,341.41418659999999,20.276001300000001,0.662,-0.0439999998,20241009154062,597,0xa,0x1,21.4699993,26.3058796,0.0227149874,0.099409461,6.8316881e-06,30,1.102,1
597210100005715,284020815,2460594.7129642041,60594.2081597,15.9063091,0.011840635,0,zr,341.41420090000003,20.276015399999999,0.301999986,-0.0140000004,20241011208148,597,0xa,0x1,20.9699993,26.3152065,0.0220533218,0.102911428,6.44645752e-06,30,1.03100002,1
597210100005715,284216444,2460596.6691647768,60596.164444399998,15.8980684,0.0118252933,0,zr,341.41418670000002,20.276003800000002,1.89300001,0.00600000005,20241013164444,597,0xa,0x1,21.0799999,26.3228722,0.0213274714,0.102627367,6.02696946e-06,30,1.06200004,1
597210100005715,284414614,2460598.650775705,60598.146145799998,15.965662,0.0119558582,0,zr,341.41419400000001,20.276015300000001,0.59799999,-0.0209999997,20241015146146,597,0xa,0x1,20.4899998,26.3076725,0.0264100861,0.10442052,9.2728269e-06,30,1.08399999,1
597210100005715,284619756,2460600.7021002071,60600.197569399999,15.9284334,0.0118826153,0,zr,341.4141884,20.276019900000001,0.671999991,-0.0450000018,20241017197558,597,0xa,0x1,20.0100002,26.3143444,0.0332589932,0.108314641,1.45894937e-05,30,1.03100002,1
597210100005715,284920063,2460603.7050125268,60603.200636599999,15.9853106,0.0119958697,0,zr,341.41418870000001,20.276009200000001,0.786000013,-0.0359999985,20241020200637,597,0xa,0x1,21.0300007,26.3105373,0.0225633979,0.102145232,6.71871567e-06,30,1.03400004,1
597210100005715,285319203,2460607.6961895991,60607.192037000001,15.9139986,0.0118550975,0,zr,341.41419539999998,20.2760234,0.549000025,0.00600000005,20241024192037,597,0xa,0x1,21.5200005,26.3189182,0.025576923,0.0989409387,8.7567114e-06,30,1.03499997,1
597210100005715,285516597,2460609.6700072223,60609.165972199997,15.9038286,0.0118360026,0,zr,341.41418340000001,20.2760259,1.18900001,0.0160000008,20241026165961,597,0xa,0x1,21.3500004,26.3126049,0.0246025417,0.104083791,8.0132786e-06,30,1.03199995,1
597210100005715,286124343,2460615.7470824737,60615.243437500001,15.9738646,0.011972446,0,zr,341.41419079999997,20.2760222,0.989000022,0.0140000004,20241101243426,597,0xa,0x1,21.2999992,26.2868328,0.0223368965,0.10546232,6.64907429e-06,30,1.17499995,1
597210100005715,287114946,2460625.6523956028,60625.1494676,15.9393282,0.011903706,0,zr,341.41419409999997,20.276014,0.90200001,0.0160000008,20241111149456,597,0xa,0x1,20.8799992,26.3103981,0.0258796066,0.101135947,8.87476017e-06,30,1.03900003,1
597210100005715,287323645,2460627.7392240413,60627.236458300002,15.9338512,0.0118930656,0,zr,341.4141826,20.276059,0.736999989,0.00400000019,20241113236447,597,0xa,0x1,19.6299992,26.2986946,0.0386704691,0.109661438,2.02258416e-05,30,1.28999996,1
597210100005715,287515351,2460629.6561322622,60629.153518500003,15.9165812,0.0118599832,0,zr,341.41418779999998,20.2760061,0.606000006,-0.00400000019,20241115153507,597,0xa,0x1,20.7000008,26.3015308,0.025979273,0.105644226,9.04409444e-06,30,1.05400002,1
597210100005715,288019134,2460634.6935442928,60634.191342600003,15.9439821,0.0119128013,0,zr,341.41416570000001,20.276064600000002,0.925999999,-0.00600000005,20241120191273,597,0xa,0x1,20.0900002,25.966877,0.0329790562,0.108251616,1.43965717e-05,30,1.17400002,1
597210100005715,288219858,2460636.7006209209,60636.198587999999,15.924592,0.0118752429,0,zr,341.41421070000001,20.276027599999999,0.368000001,-0.0260000005,20241122198588,597,0xa,0x1,20.9200001,26.2914581,0.0220638104,0.103699572,6.42513578e-06,30,1.22500002,1
597210100005715,288515365,2460639.6554377046,60639.153657399998,15.9824791,0.0119900433,0,zr,341.41418650000003,20.276022900000001,0.776000023,-0.0120000001,20241125153657,597,0xa,0x1,20.7199993,26.0829601,0.0245098509,0.10295938,7.80775099e-06,30,1.10300004,1
597210100005715,289309166,2460647.5927486513,60647.091666699998,15.9156733,0.0118582658,0,zr,341.4141932,20.276002999999999,0.330000013,-0.00400000019,20241203091667,597,0xa,0x1,21.5300007,26.3016071,0.0283622369,0.100824408,1.06900916e-05,30,1.04100001,1
597210100005715,289522518,2460649.7260757666,60649.225185199997,15.9357824,0.0118968096,0,zr,341.41420390000002,20.276013800000001,0.68900001,-0.00499999989,20241205225185,597,0xa,0x1,21.2399998,26.2395496,0.0209371913,0.104326397,5.81874428e-06,30,1.69299996,1
597210100005715,289912395,2460653.6244970113,60653.123958299999,15.9157219,0.0118583553,0,zr,341.41418429999999,20.2760046,1.06799996,0.00400000019,20241209123958,597,0xa,0x1,21.0599995,26.3125477,0.0219223574,0.101975732,6.38810889e-06,30,1.125,1
597210100005715,290411781,2460658.6178983394,60658.117812500001,15.9321451,0.0118897669,0,zr,341.41419250000001,20.276026900000002,1.05700004,0.0160000008,20241214117813,597,0xa,0x1,20.2999992,26.2580891,0.0274727531,0.0984261632,9.95766459e-06,30,1.14699996,1
597210100005715,290614311,2460660.6430155835,60660.143113400001,15.9614201,0.0119473441,0,zr,341.41418540000001,20.276026699999999,0.672999978,-0.0810000002,20241216143102,597,0xa,0x1,20.3799992,26.2603703,0.0265662614,0.110511288,9.26404573e-06,30,1.273,1
597210100005715,290912810,2460663.6277341195,60663.128101900002,15.9707108,0.0119660459,0,zr,341.41419280000002,20.276023299999999,0.697000027,0.0109999999,20241219128090,597,0xa,0x1,20.9599991,26.3016109,0.0210102182,0.100556575,5.87131763e-06,30,1.24000001,1
597210100005715,291110995,2460665.6094074384,60665.109953699997,15.9277582,0.0118813142,0,zr,341.41419519999999,20.276039999999998,1.59399998,0.0280000009,20241221109954,597,0xa,0x1,20.8299999,26.1656322,0.0266381893,0.107268818,9.40088376e-06,30,1.18599999,1
597210100005715,291315945,2460667.6587260077,60667.159456000001,15.9822607,0.0119895954,0,zr,341.41419930000001,20.276047599999998,0.628000021,0.00600000005,20241223159444,597,0xa,0x1,20.6100006,26.2751675,0.0252752099,0.104934946,8.49000753e-06,30,1.51900005,1
597210100005715,291911525,2460673.6139982413,60673.115254600001,15.884388,0.0118001597,0,zr,341.41419230000002,20.276042,0.578000009,-0.0370000005,20241229115255,597,0xa,0x1,20.5499992,26.1791573,0.025000548,0.108839631,8.26481482e-06,30,1.31500006,1
597210100005715,292116217,2460675.660741908,60675.162175899997,15.9787006,0.011982304,0,zr,341.41419960000002,20.276027599999999,0.349000007,-0.023,20241231162176,597,0xa,0x1,20.5400009,26.2025776,0.0253730454,0.113773473,8.62576417e-06,30,1.79700005,1
597210100005715,292312275,2460677.6211525197,60677.122754600001,15.9776917,0.0119802402,0,zr,341.41419459999997,20.276019399999999,0.592999995,-0.0439999998,20250102122743,597,0xa,0x1,21.1599998,26.286602,0.0221073665,0.0980183557,6.45096543e-06,30,1.43900001,1
597210100005715,292515920,2460679.6574269286,60679.159201399998,15.944088,0.0119130099,0,zr,341.4142076,20.276009699999999,0.984000027,-0.0149999997,20250104159190,597,0xa,0x1,20.5200005,26.2558689,0.0260928422,0.105530776,8.97615064e-06,30,1.91799998,1
597210100005715,301950609,2460774.0016499907,60773.506099500002,15.9223824,0.0118710194,0,zr,341.41419189999999,20.276031799999998,0.535000026,0.0109999999,20250408506088,597,0xa,0x1,20.2800007,25.8911076,0.0332793593,0.121129125,1.46000839e-05,30,2.82299995,1
597210100005715,301950998,2460774.0055390485,60773.509988400001,15.9245815,0.0118752215,0,zr,341.41420959999999,20.276020599999999,0.907999992,0.0399999991,20250408509977,597,0xa,0x1,20.4200001,25.9573116,0.0304387547,0.124602862,1.22876454e-05,30,2.68199992,1
597210100005715,301951387,2460774.0094281072,60773.5138773,15.918088,0.0118628414,0,zr,341.41420579999999,20.276015300000001,0.352999985,-0.0109999999,20250408513854,597,0xa,0x1,20.1900005,25.9968071,0.0308115724,0.119984582,1.26056839e-05,30,2.55500007,1
597210100005715,302749502,2460781.990932141,60781.495023099997,15.9624367,0.0119493818,0,zr,341.4141975,20.276010100000001,0.667999983,-0.00300000003,20250416494977,597,0xa,0x1,19.8899994,26.1152534,0.0374532007,0.110119201,1.84060718e-05,30,2.46499991,1
597210100005715,302750106,2460781.9969741507,60781.501064800002,15.9815817,0.011988204,0,zr,341.41419739999998,20.276029300000001,0.777999997,-0.0140000004,20250416500845,597,0xa,0x1,20,26.1165695,0.03410808,0.122519016,1.53635574e-05,30,2.30599999,1
597210100005715,302750641,2460782.0023216237,60781.506412000002,15.9730892,0.0119708721,0,zr,341.41420679999999,20.276035499999999,1.00399995,0.00700000022,20250416506377,597,0xa,0x1,20.3099995,26.1390743,0.0398647189,0.114593618,2.0969901e-05,30,2.1789999,1
597210100005715,306343054,2460817.928915387,60817.430544000003,15.9102859,0.0118480958,0,zr,341.41420399999998,20.276010100000001,0.882000029,-0.0450000018,20250522430544,597,0xa,0x1,21.0300007,26.2290821,0.0214796662,0.105265431,6.07866832e-06,30,1.78699994,1
597210100005715,306839899,2460822.8977807714,60822.398993100003,15.9940786,0.0120140305,0,zr,341.41420449999998,20.276021199999999,0.569000006,-0.00800000038,20250527398981,597,0xa,0x1,21.3299999,26.0689754,0.0236678794,0.107541263,7.43736655e-06,30,2.08500004,1
597210100005715,307938863,2460833.8883729624,60833.388634299998,15.9425688,0.0119100334,0,zr,341.41420460000001,20.276009999999999,0.615999997,-0.0460000001,20250607388634,597,0xa,0x1,20.7999992,26.1784019,0.0237767044,0.111169852,7.45741136e-06,30,1.76300001,1
597210100005715,308240366,2460836.9036724432,60836.403668999999,15.9642601,0.0119530391,0,zr,341.41420249999999,20.276043600000001,1.59000003,-0.0989999995,20250610403669,597,0xa,0x1,20.6499996,26.1971302,0.0298326872,0.108380042,1.17683594e-05,30,1.50800002,1
597210100005715,308740010,2460841.9005470234,60841.400104200002,15.9647465,0.0119540161,0,zr,341.41420590000001,20.276008300000001,0.648999989,0.0189999994,20250615400093,597,0xa,0x1,20.9300003,26.2688179,0.0228556395,0.103693314,6.90739353e-06,30,1.42499995,1
597210100005715,308942651,2460843.9271369129,60843.426516200001,15.9367228,0.011898635,0,zr,341.41421150000002,20.2760216,0.56400001,-0.0240000002,20250617426516,597,0xa,0x1,20.7600002,26.2946053,0.0213374775,0.10615813,6.07860648e-06,30,1.23599994,1
597210100005715,309132831,2460845.8290973129,60845.328310199999,15.9938297,0.0120135117,0,zr,341.41419259999998,20.276004,0.797999978,-0.0790000036,20250619328299,597,0xa,0x1,20.9799995,26.110815,0.0227406938,0.103012696,6.81654819e-06,30,2.25600004,1
597210100005715,309736092,2460851.8622364053,60851.3609259,15.9802895,0.0119855544,0,zr,341.41421070000001,20.276021400000001,0.593999982,-0.0209999997,20250625360926,597,0xa,0x1,21.3700008,26.1922607,0.021429196,0.0998189822,6.08830123e-06,30,1.52400005,1
597210100005715,309746320,2460851.9645253667,60851.463206,15.9566517,0.0119378269,0,zr,341.41420820000002,20.2760207,0.720000029,-0.0379999988,20250625463194,597,0xa,0x1,21.25,26.252779,0.0225071199,0.0995084718,6.65270727e-06,30,1.06500006,1
597210100005715,310042171,2460854.9232849823,60854.421713000003,15.9847536,0.0119947195,0,zr,341.414199,20.276021100000001,0.197999999,-0.00600000005,20250628421713,597,0xa,0x1,21.6100006,26.2588272,0.0223669112,0.100544661,6.61308832e-06,30,1.14100003,1
597210100005715,310238243,2460856.8841680959,60856.382430600002,15.9786739,0.0119822472,0,zr,341.41420349999999,20.276018700000002,0.529999971,-0.0299999993,20250630382419,597,0xa,0x1,21.2600002,26.2616806,0.0218138266,0.105634004,6.30388104e-06,30,1.278,1
597210100005715,310444346,2460858.9453702816,60858.4434606,15.9227257,0.011871675,0,zr,341.41420069999998,20.2760231,0.421999991,0.050999999,20250702443449,597,0xa,0x1,21.7099991,26.2747173,0.0212927517,0.0948779732,6.01802867e-06,30,1.06599998,1
597210100005715,310639392,2460860.8959942292,60860.393923600001,15.9192123,0.0118649779,0,zr,341.41420829999998,20.2760158,0.291000009,-0.0109999999,20250704393912,597,0xa,0x1,21.5599995,26.2501526,0.0218999032,0.0991203412,6.34210164e-06,30,1.17900002,1
597210100005715,312334252,2460877.845889078,60877.3425231,15.9782486,0.0119813802,0,zr,341.41421329999997,20.2759988,0.676999986,-0.0370000005,20250721342512,597,0xa,0x1,21.6399994,26.2223186,0.0221794713,0.0936170295,6.50905667e-06,30,1.19799995,1
597210100005715,312537305,2460879.8765615285,60879.373055600001,15.9302368,0.0118860845,0,zr,341.41421070000001,20.2760134,0.661000013,-0.00300000003,20250723373044,597,0xa,0x1,20.9500008,26.2850647,0.0249480326,0.102061085,8.25217012e-06,30,1.09000003,1
597210100005715,312741194,2460881.9155869363,60881.411944400003,15.967968,0.0119605064,0,zr,341.4142033,20.276008000000001,0.495000005,0.0250000004,20250725411933,597,0xa,0x1,21.6700001,26.2941856,0.0218243934,0.0970407054,6.29106944e-06,30,1.03400004,1
597210100005715,312939059,2460883.8943614741,60883.390590299998,15.965806,0.0119561478,0,zr,341.41420419999997,20.276004100000002,0.619000018,-0.00499999989,20250727390579,597,0xa,0x1,21.7299995,26.3138103,0.0229614135,0.0957557112,7.00467672e-06,30,1.046,1
597210100005715,313133898,2460885.8428754089,60885.338981499997,15.9625072,0.0119495234,0,zr,341.41420690000001,20.276018199999999,0.588,0.0289999992,20250729338981,597,0xa,0x1,21.6800003,26.3035221,0.0221760757,0.0977997556,6.53455345e-06,30,1.13499999,1
597210100005715,313438790,2460888.8919830052,60888.387905099997,15.9408579,0.011906689,0,zr,341.41420449999998,20.276007499999999,0.688000023,0.0130000003,20250801387882,597,0xa,0x1,21.7299995,26.3187656,0.0245747324,0.0972159803,8.02296654e-06,30,1.03699994,1
597210100005715,313637993,2460890.8841231568,60890.3799306,15.9745045,0.011973748,0,zr,341.41419719999999,20.276012900000001,0.486000001,0.0140000004,20250803379884,597,0xa,0x1,21.6599998,26.3094044,0.0230321679,0.0976604074,7.05071034e-06,30,1.03900003,1
597210100005715,313842528,2460892.9295949652,60892.425289400002,15.8994484,0.0118278489,0,zr,341.41420799999997,20.276011100000002,0.689999998,0.00499999989,20250805425289,597,0xa,0x1,21.6599998,26.3122425,0.0213798992,0.0957889408,6.05984997e-06,30,1.04499996,1
597210100005715,314140188,2460895.9063478429,60895.401886599997,15.9900455,0.0120056542,0,zr,341.41421400000002,20.2760113,0.505999982,-0.023,20250808401887,597,0xa,0x1,20.3799992,26.2384014,0.0288950074,0.105696842,1.08348322e-05,30,1.03400004,1
597210100005715,314538160,2460899.8862613495,60899.381608800002,15.9372005,0.0118995644,0,zr,341.41420920000002,20.276025000000001,1.153,0.0170000009,20250812381562,597,0xa,0x1,20.1499996,26.217308,0.0310852379,0.115855359,1.26010491e-05,30,1.03100002,1
597210100005715,314835756,2460902.8623519596,60902.357569400003,15.9132414,0.011853667,0,zr,341.41420920000002,20.276024100000001,0.871999979,0.0579999983,20250815357523,597,0xa,0x1,21.1800003,26.2973633,0.0237924438,0.110840857,7.3915935e-06,30,1.03299999,1
597210100005715,315033594,2460904.8408117048,60904.335949100001,15.9565935,0.0119377105,0,zr,341.4142109,20.276033600000002,0.579999983,0.0160000008,20250817335949,597,0xa,0x1,21.6000004,26.3036289,0.0228515491,0.0995164216,6.9272146e-06,30,1.04299998,1
597210100005715,315536250,2460909.8675422524,60909.362500000003,15.9490938,0.0119228521,0,zr,341.41421769999999,20.276026600000002,1.625,0.122000001,20250822362488,597,0xa,0x1,21.4500008,26.2392654,0.02408248,0.0947267264,7.60020384e-06,30,1.03400004,1
597210100005715,315732230,2460911.8274059971,60911.322303200002,15.9387808,0.0119026396,0,zr,341.41421489999999,20.276024899999999,0.598999977,-0.0179999992,20250824322303,597,0xa,0x1,21.6399994,26.2768555,0.0212086178,0.0969176739,5.89939327e-06,30,1.03900003,1
597210100005715,315925752,2460913.7626803103,60913.257523100001,15.9032488,0.0118349195,0,zr,341.41419530000002,20.276041200000002,0.656000018,0.0260000005,20250826257523,597,0xa,0x1,21.5799999,26.2523022,0.0224729311,0.0934082866,6.66821188e-06,30,1.14999998,1
597210100005715,316228777,2460916.7930094465,60916.287777799997,15.932929,0.0118912831,0,zr,341.41420440000002,20.2760082,1.10800004,0.0500000007,20250829287766,597,0xa,0x1,21.6100006,26.3010368,0.0227201656,0.0946754441,6.84084716e-06,30,1.06200004,1
597210100005715,316434710,2460918.8523810972,60918.347106499998,15.9577646,0.0119400406,0,zr,341.41421050000002,20.2760119,1.14900005,0.00499999989,20250831347106,597,0xa,0x1,21.3999996,26.2916775,0.0200493224,0.100595452,5.35723393e-06,30,1.03900003,1
597210100005715,316637342,2460920.8787366622,60920.373425899998,15.9027147,0.0118339239,0,zr,341.41420950000003,20.2760091,0.728999972,0.0170000009,20250902373426,597,0xa,0x1,21.3600006,26.1434746,0.0263813566,0.0988002717,9.23972675e-06,30,1.08099997,1
597210100005715,316828473,2460922.7900731224,60922.284733799999,16.0067749,0.0120406691,0,zr,341.41419780000001,20.276009800000001,0.469999999,-0.00200000009,20250904284606,597,0xa,0x1,21,26.2259007,0.0307257604,0.0985322222,1.25440483e-05,30,1.04499996,1
597210100005715,317038221,2460924.8875750001,60924.382210600001,15.984045,0.0119932629,0,zr,341.41420399999998,20.276015600000001,0.686999977,0.0179999992,20250906382211,597,0xa,0x1,20.4899998,26.2831364,0.0265741367,0.109688371,9.40456721e-06,30,1.12800002,1
597210100005715,317224623,2460926.7516195932,60926.246238400003,15.9056387,0.0118393814,0,zr,341.41420210000001,20.276014400000001,1.03999996,-0.0260000005,20250908246238,597,0xa,0x1,20.2700005,26.2995911,0.0280263852,0.102664292,1.04336159e-05,30,1.08700001,1
597210100005715,317423821,2460928.7436109823,60928.238217600003,15.9393845,0.011903814,0,zr,341.41420470000003,20.276021,0.711000025,-0.00200000009,20250910238206,597,0xa,0x1,20.7800007,26.3103676,0.0239136554,0.102247544,7.56955887e-06,30,1.09300005,1
597210100005715,317823563,2460932.7410364118,60932.235636600002,15.9424334,0.0119097698,0,zr,341.41420620000002,20.276019699999999,0.88499999,-0.0240000002,20250914235625,597,0xa,0x1,21.5,26.2754002,0.0220272951,0.0989091545,6.48318792e-06,30,1.07599998,1
597210100005715,318027716,2460934.782558159,60934.277164400002,15.9619465,0.0119483974,0,zr,341.41421359999998,20.276033200000001,0.60799998,0.0579999983,20250916277164,597,0xa,0x1,21.6299992,26.2849617,0.0251731481,0.101702042,8.38311735e-06,30,1.03100002,1
597210100005715,318434464,2460938.8500039279,60938.344641199998,15.9483776,0.0119214393,0,zr,341.41420879999998,20.276025099999998,0.578000009,0.0240000002,20250920344630,597,0xa,0x1,21.2600002,26.3003654,0.0216649398,0.101813614,6.23740652e-06,30,1.12899995,1
597210100005715,318926950,2460943.7747937925,60943.269502299998,15.9816475,0.0119883372,0,zr,341.41420290000002,20.276021400000001,0.48300001,-0.00800000038,20250925269398,597,0xa,0x1,21.6299992,26.3145905,0.0231112745,0.0998599678,7.11229723e-06,30,1.03400004,1
597210100005715,319719383,2460951.6989315241,60951.193830999997,15.9617243,0.0119479541,0,zr,341.41420290000002,20.276014100000001,0.81400001,-0.0340000018,20251003193831,597,0xa,0x1,21.2000008,26.3077431,0.0262267459,0.100289799,9.11211191e-06,30,1.05999994,1
597210100005715,319921271,2460953.7177570807,60953.212719900002,15.9790173,0.0119829495,0,zr,341.41419509999997,20.276030599999999,0.294,0.00999999978,20251005212708,597,0xa,0x1,20.3999996,26.2961025,0.0268150419,0.10877303,9.55920041e-06,30,1.03600001,1
597210100005715,320128949,2460955.7944566235,60955.289490700001,15.999012,0.0120243318,0,zr,341.41419910000002,20.276027500000001,0.842000008,0.0250000004,20251007289468,597,0xa,0x1,20.1599998,26.3090096,0.0311452616,0.107724145,1.28395977e-05,30,1.10599995,1
597210100005715,320324998,2460957.7548814914,60957.249988399999,15.9991264,0.0120245731,0,zr,341.41420249999999,20.276024499999998,0.51700002,-0.0270000007,20251009249977,597,0xa,0x1,20.5,26.2971821,0.0234344602,0.100520372,7.30071179e-06,30,1.04799998,1
597210100005715,320618137,2460960.6861514891,60960.181377300003,15.9541121,0.0119327772,0,zr,341.41419819999999,20.276011199999999,0.620000005,0.0260000005,20251012181366,597,0xa,0x1,21.4699993,26.3279972,0.0215994176,0.100656733,6.20806986e-06,30,1.04499996,1
597210100005715,321126915,2460965.7736951215,60965.269155100003,15.9298515,0.0118853422,0,zr,341.41420829999998,20.276017499999998,0.720000029,-0.023,20251017269144,597,0xa,0x1,21.1599998,26.3057499,0.0218483601,0.10079781,6.28109001e-06,30,1.12399995,1
597210100005715,321325868,2460967.7631197283,60967.258680600004,15.9047527,0.0118377265,0,zr,341.41420690000001,20.2760383,1.06400001,-0.0109999999,20251019258681,597,0xa,0x1,21.2299995,26.3045902,0.0204725489,0.101935416,5.54698772e-06,30,1.11099994,1
597210100005715,321528181,2460969.7861483991,60969.281817100004,16.0017319,0.0120300408,0,zr,341.41421680000002,20.276025000000001,0.616999984,0.0160000008,20251021281806,597,0xa,0x1,21.3899994,26.3108044,0.0211750101,0.102654554,5.96019709e-06,30,1.204,1
1642101200001696,54648261,2458300.9844278926,58300.482615699999,15.5782452,0.0116895977,0,zg,341.41408630000001,20.276006599999999,0.666000009,-0.0179999992,20180701482616,1642,0x1,0x2,20.3199997,26.2115936,0.0368811637,-0.00385515532,2.90935277e-05,30,1.01999998,2
1642101200001696,54648307,2458300.9848909318,58300.483078700003,15.5770903,0.0116881989,0,zg,341.41407659999999,20.276010599999999,0.869000018,0.00700000022,20180701483067,1642,0x1,0x2,20.3299999,26.2194481,0.0339254439,-0.0146770896,2.61644163e-05,30,1.01999998,2
1642101200001696,57243483,2458326.9385984992,58326.434838000001,15.5863333,0.0116994763,0,zg,341.41406940000002,20.2760088,0.504999995,0.00899999961,20180727434792,1642,0x1,0x2,20.2199993,26.2399197,0.0368980877,-0.026470555,3.173203e-05,30,1.02400005,2
1642101200001696,57243528,2458326.939049928,58326.435289399997,15.5892563,0.0117030721,0,zg,341.4140797,20.2760055,0.944000006,-0.0250000004,20180727435289,1642,0x1,0x2,20.1299992,26.2288532,0.0353048146,-0.0113728335,3.04786827e-05,30,1.02400005,2
1642101200001696,57941094,2458333.9151315116,58333.410949099998,15.598897,0.0117150377,0,zg,341.4140711,20.2760152,0.684000015,0.00400000019,20180803410949,1642,0x1,0x2,20.9099998,26.1899281,0.0301888995,-0.0152952354,1.41258424e-05,30,1.02199996,2
1642101200001696,57941141,2458333.9155944372,58333.411412000001,15.6042175,0.0117217116,0,zg,341.4140908,20.276008600000001,0.589999974,-0.00100000005,20180803411400,1642,0x1,0x2,21.0499992,26.1832676,0.030271709,-0.0198595077,1.39785006e-05,30,1.02199996,2
1642101200001696,58233357,2458336.8379195621,58336.3335764,15.6030254,0.0117202122,0,zg,341.41409370000002,20.2760319,1.32099998,0.0120000001,20180806333565,1642,0x1,0x2,21.5799999,26.2514076,0.0243024882,-0.017432129,8.36057643e-06,30,1.07799995,2
1642101200001696,58341666,2458337.9210669226,58337.416666700003,15.5881853,0.0117017543,0,zg,341.41408050000001,20.275993199999998,1.64100003,-0.0359999985,20180807416667,1642,0x1,0x2,21.8700008,26.2357655,0.0226305127,-0.0380114764,7.31631599e-06,30,1.03299999,2
1642101200001696,58438480,2458338.8892532173,58338.384803200002,15.6075287,0.0117258867,0,zg,341.41415000000001,20.276041800000002,2.2579999,-0.00499999989,20180808384792,1642,0x1,0x2,21.4400005,26.1940765,0.0261130817,-0.00541780377,9.66098196e-06,30,1.02100003,2
1642101200001696,59038403,2458344.8887720248,58344.3840394,15.5990086,0.0117151784,0,zg,341.41408460000002,20.2760067,1.18499994,-0.0179999992,20180814384028,1642,0x1,0x2,21.9200001,26.1832886,0.022882944,-0.0327791572,7.54121265e-06,30,1.02400005,2
1642101200001696,59437167,2458348.8765728562,58348.371678199997,15.6206121,0.0117425723,0,zg,341.41415430000001,20.276067900000001,1.17900002,-0.00899999961,20180818371667,1642,0x1,0x2,21.3999996,26.184721,0.0284662098,-0.0162552893,1.15762359e-05,30,1.02400005,2
1642101200001696,59632836,2458350.8333344511,58350.328368100003,15.6217537,0.0117440438,0,zg,341.4141601,20.276083799999999,1.40100002,-0,20180820328356,1642,0x1,0x2,21.2000008,26.1948757,0.031566795,0.00263008755,1.64039338e-05,30,1.03199995,2
1642101200001696,60637417,2458360.8794287266,58360.3741782,15.5839024,0.011696496,0,zg,341.41413979999999,20.276062199999998,0.463,0.00800000038,20180830374120,1642,0x1,0x2,20.0699997,26.257864,0.0334629864,-0.00423443457,2.84335256e-05,30,1.05499995,2
1642101200001696,60932076,2458363.826070345,58363.320763900003,15.5998564,0.0117162382,0,zg,341.41412350000002,20.276036999999999,1.11399996,0.00100000005,20180902320752,1642,0x1,0x2,20.8700008,26.222929,0.0328604691,-0.00942198467,1.73528151e-05,30,1.01800001,2
1642101200001696,61530662,2458369.8120007836,58369.306620399999,15.5673552,0.0116764717,0,zg,341.41408139999999,20.275995600000002,1.49199998,0.0189999994,20180908306609,1642,0x1,0x2,22.1200008,26.2572746,0.0211521965,-0.0600585602,6.27178861e-06,30,1.01800001,2
1642101200001696,62826567,2458382.7710257377,58382.265671300003,15.5837431,0.0116963005,0,zg,341.4140754,20.275991099999999,1.07700002,-0.0670000017,20180921265660,1642,0x1,0x2,20.7999992,26.2893867,0.0315232798,-0.0828114897,1.6859276e-05,30,1.01800001,2
1642101200001696,62928267,2458383.7880152217,58383.282673599999,15.560317,0.0116680935,0,zg,341.41406999999998,20.275984300000001,0.902999997,-0.0659999996,20180922282639,1642,0x1,0x2,20.5799999,26.2433338,0.0322259068,-0.0726872087,2.0634041e-05,30,1.02400005,2
1642101200001696,63032896,2458384.8342966982,58384.328969900002,15.5607147,0.0116685648,0,zg,341.41407759999998,20.275997799999999,1.45599997,-0.0649999976,20180923328970,1642,0x1,0x2,20,26.231245,0.0356463566,-0.0678765401,3.64235748e-05,30,1.09500003,2
1642101200001696,63634668,2458390.8518996099,58390.346689799997,15.5265779,0.0116290506,0,zg,341.41400110000001,20.276030800000001,1.76900005,0.00400000019,20180929346597,1642,0x1,0x2,20.3999996,26.2723961,0.0367962904,-0.103876114,3.11716394e-05,30,1.20599997,2
1642101200001696,67422774,2458428.7310723355,58428.227743099997,15.571372,0.0116812922,0,zg,341.4140807,20.2760055,0.773999989,-0.00700000022,20181106227697,1642,0x1,0x2,21.2800007,26.2549362,0.028392056,-0.0416137464,1.14269578e-05,30,1.15499997,2
1642101200001696,91548370,2458669.9858261133,58669.483703700003,15.5498381,0.0116557693,0,zg,341.4140883,20.275990700000001,1.18200004,0.0309999995,20190705483704,1642,0x1,0x2,21.0499992,26.1964378,0.0292019285,-0.0409991741,1.22939373e-05,30,1.01800001,2
1642101200001696,91548415,2458669.98627755,58669.484155099999,15.5733032,0.0116836177,0,zg,341.41408430000001,20.275993700000001,0.532999992,0.0149999997,20190705484155,1642,0x1,0x2,21.0200005,26.2039852,0.0298375729,-0.0472875573,1.31466495e-05,30,1.01800001,3
1642101200001696,94140148,2458695.9054734008,58695.401481499997,15.5971394,0.0117128463,0,zg,341.41410139999999,20.275995000000002,0.414999992,-0.00200000009,20190731401447,1642,0x1,0x2,22.1200008,26.1877327,0.0223886427,-0.0619308054,6.9228895e-06,30,1.01800001,2
1642101200001696,94140193,2458695.9059248287,58695.4019329,15.5708427,0.0116806552,0,zg,341.4140984,20.275992500000001,0.819000006,0.0579999983,20190731401933,1642,0x1,0x2,22.1000004,26.1813431,0.0230536629,-0.0539238118,7.37562141e-06,30,1.01800001,3
1642101200001696,95043641,2458704.940902276,58704.436412000003,15.5705147,0.0116802612,0,zg,341.41408259999997,20.276002099999999,0.335999995,-0.00899999961,20190809436400,1642,0x1,0x2,21.3899994,26.2177811,0.0285172164,-0.0904840529,1.13719507e-05,30,1.06099999,2
1642101200001696,95043685,2458704.9413421974,58704.436851899998,15.5652208,0.0116739236,0,zg,341.41409329999999,20.276000400000001,0.686999977,0.0430000015,20190809436852,1642,0x1,0x2,21.7600002,26.1924667,0.02473999,-0.065437451,8.48425952e-06,30,1.06200004,3
1642101200001696,96341569,2458717.9207232594,58717.415694399999,15.5934706,0.0117082838,0,zg,341.41410070000001,20.275986499999998,0.63499999,-0.00300000003,20190822415683,1642,0x1,0x2,21.2399998,26.16605,0.0263526049,-0.0515544228,1.0120275e-05,30,1.09200001,2
1642101200001696,96341614,2458717.9211746738,58717.416145800002,15.594676,0.0117097814,0,zg,341.41410100000002,20.275987000000001,0.560000002,-0.0189999994,20190822416146,1642,0x1,0x2,21.25,26.16926,0.0248491913,-0.057663884,8.70597705e-06,30,1.09300005,3
1642101200001696,97132885,2458725.8340987545,58725.328854200001,15.5808201,0.0116927307,0,zg,341.41409979999997,20.275998099999999,0.758000016,0.0250000004,20190830328854,1642,0x1,0x2,22.0499992,26.1894665,0.0250873994,-0.0739720836,8.73653789e-06,30,1.01800001,2
1642101200001696,97132930,2458725.8345501646,58725.329305599997,15.5843668,0.011697066,0,zg,341.41409900000002,20.275988099999999,0.479999989,0.0179999992,20190830329306,1642,0x1,0x2,22.1200008,26.1920261,0.0242504012,-0.0669846758,8.09839548e-06,30,1.01800001,3
1642101200001696,100317216,2458757.6773351673,58757.172164399999,15.5578327,0.0116651542,0,zg,341.41408030000002,20.276009899999998,1.38900006,-0.108000003,20191001172164,1642,0x1,0x2,21.6100006,26.1893291,0.0278138574,-0.100365914,1.06809466e-05,30,1.09399998,2
1642101200001696,100826903,2458762.7740571909,58762.269039400002,15.587903,0.011701406,0,zg,341.41409199999998,20.276009299999998,0.862999976,0.0270000007,20191006269039,1642,0x1,0x2,21.1900005,26.1657524,0.0284293313,-0.0368926078,1.14782251e-05,30,1.04700005,2
1642101200001696,100826949,2458762.7745084767,58762.269490699997,15.5945358,0.0117096063,0,zg,341.41410509999997,20.275984399999999,1.04900002,-0.0329999998,20191006269491,1642,0x1,0x2,21.4500008,26.1844082,0.0270883776,-0.0625088215,1.03297298e-05,30,1.04799998,3
1642101200001696,101128114,2458765.7860556226,58765.2811458,15.5695076,0.0116790524,0,zg,341.41409829999998,20.275992599999999,0.547999978,0.0260000005,20191009281146,1642,0x1,0x2,20.9599991,26.172533,0.0280268416,-0.0461278483,1.24209037e-05,30,1.08399999,2
1642101200001696,101128159,2458765.7865070058,58765.281597200003,15.5665274,0.0116754826,0,zg,341.41410059999998,20.275983400000001,0.754999995,0.00100000005,20191009281597,1642,0x1,0x2,20.9899998,26.1515446,0.0295216385,-0.0444694199,1.40345492e-05,30,1.08500004,3
1642101200001696,101227643,2458766.7813065466,58766.276435200001,15.5810022,0.0116929524,0,zg,341.41410519999999,20.275998600000001,0.541999996,-0.00100000005,20191010276435,1642,0x1,0x2,20.5100002,26.1619339,0.0341258571,-0.0408505648,2.27213186e-05,30,1.079,2
1642101200001696,101227688,2458766.781757928,58766.276886599997,15.5709581,0.0116807939,0,zg,341.41409429999999,20.276001099999998,0.672999978,-0.0219999999,20191010276887,1642,0x1,0x2,20.4599991,26.1718903,0.0328903385,-0.0413252413,2.30539281e-05,30,1.08000004,3
1642101200001696,101822925,2458772.7338721887,58772.229259300002,15.5792227,0.0116907861,0,zg,341.41408180000002,20.2759787,0.980000019,-0.0250000004,20191016229178,1642,0x1,0x2,20.2600002,26.1673241,0.035376966,-0.0719178021,2.88208012e-05,30,1.03199995,2
1642101200001696,101826672,2458772.7713355995,58772.266724499998,15.5735006,0.0116838543,0,zg,341.41409390000001,20.275996599999999,0.460999995,-0.00100000005,20191016266713,1642,0x1,0x2,20.1800003,26.0437584,0.035850428,-0.0417552143,3.17750128e-05,30,1.09399998,3
1642101200001696,102418974,2458778.6940526003,58778.189745399999,15.5586424,0.0116661107,0,zg,341.41409800000002,20.275985899999998,0.577000022,-0.0160000008,20191022189745,1642,0x1,0x2,21.6000004,26.1830349,0.0288291648,-0.0690626577,1.14430077e-05,30,1.01800001,2
1642101200001696,102419020,2458778.6945154746,58778.190208300002,15.5785561,0.0116899768,0,zg,341.41409700000003,20.275998000000001,0.904999971,0.0270000007,20191022190208,1642,0x1,0x2,21.5699997,26.1850185,0.025215514,-0.0714843869,8.71406246e-06,30,1.01800001,3
1642101200001696,103719508,2458791.6985725909,58791.195080999998,15.5621338,0.0116702477,0,zg,341.41409779999998,20.275998000000001,0.254000008,0.0219999999,20191104195081,1642,0x1,0x2,21.1399994,26.1840172,0.0303636901,-0.0636807531,1.3294617e-05,30,1.05499995,2
1642101200001696,103820731,2458792.7107352191,58792.207314799998,15.5850611,0.0116979154,0,zg,341.41409420000002,20.275987300000001,0.736999989,0.00600000005,20191105207315,1642,0x1,0x2,21.0699997,26.1192017,0.0300511084,-0.0460007712,1.45915101e-05,30,1.08299994,2
1642101200001696,103820777,2458792.7111981865,58792.207777800002,15.5796528,0.0116913095,0,zg,341.41410480000002,20.275984900000001,1.26800001,0.0410000011,20191105207766,1642,0x1,0x2,21.0900002,26.1227741,0.0298404042,-0.0508752316,1.32487576e-05,30,1.08399999,3
1642101200001696,104018728,2458794.6905584424,58794.187280099999,15.6047611,0.0117223952,0,zg,341.41409850000002,20.276005900000001,0.91900003,0.00700000022,20191107187280,1642,0x1,0x2,20.8899994,26.1489658,0.0301939864,-0.0402434506,1.56971473e-05,30,1.05599999,2
1642101200001696,104018773,2458794.6910098097,58794.187731500002,15.583231,0.0116956756,0,zg,341.41410509999997,20.275991099999999,0.906000018,0.0289999992,20191107187731,1642,0x1,0x2,20.8500004,26.1513653,0.031799376,-0.0335557535,1.67323233e-05,30,1.05599999,3
1642101200001696,104319247,2458797.6955326274,58797.192476900003,15.5720282,0.0116820801,0,zg,341.41410309999998,20.275994000000001,0.54400003,0.00400000019,20191110192477,1642,0x1,0x2,20.4300003,26.1522179,0.0357994996,-0.0472657047,2.70921973e-05,30,1.08099997,2
1642101200001696,104319292,2458797.6959838937,58797.192928199998,15.5733643,0.0116836904,0,zg,341.41410869999999,20.276005300000001,0.986999989,0.0439999998,20191110192928,1642,0x1,0x2,20.3899994,26.1645889,0.031475991,-0.049471274,2.21490973e-05,30,1.08200002,3
1642101200001696,104413707,2458798.6400559153,58798.137071800003,15.5998306,0.0117162075,0,zg,341.4141146,20.275986400000001,0.694000006,-0.0549999997,20191111137072,1642,0x1,0x2,20.3999996,26.1809292,0.035426572,-0.0478793196,2.57778265e-05,30,1.01900005,2
1642101200001696,104413752,2458798.6405071802,58798.137523099998,15.5714169,0.0116813453,0,zg,341.4141037,20.2759976,0.528999984,0.00200000009,20191111137523,1642,0x1,0x2,20.4099998,26.1974182,0.034971077,-0.0556903668,2.68598797e-05,30,1.01900005,3
1642101200001696,129345716,2459047.9602733185,59047.457164400003,15.5869436,0.011700226,0,zg,341.41411959999999,20.2760006,0.86500001,-0.0399999991,20200717457164,1642,0x1,0x2,22.2299995,26.3566132,0.0222541615,-0.0668716207,6.84742918e-06,30,1.01999998,3
1642101200001696,129448989,2459048.9930796018,59048.489895799998,15.5971146,0.0117128147,0,zg,341.41411729999999,20.275999500000001,1.00399995,-0.050999999,20200718489896,1642,0x1,0x2,21.2600002,26.3557167,0.0266645141,-0.0629657432,1.03476805e-05,30,1.05400002,3
1642101200001696,129849097,2459052.9944373639,59052.490972200001,15.5649109,0.0116735529,0,zg,341.41411549999998,20.276000799999998,0.596000016,-0.0209999997,20200722490961,1642,0x1,0x2,21.1399994,26.3404198,0.0285391416,-0.0466670915,1.17184063e-05,30,1.07500005,3
1642101200001696,210625828,2459860.7632263061,59860.258286999997,15.5785904,0.0116900178,0,zg,341.41415360000002,20.276003200000002,1.08200002,-0.0590000004,20221008258287,1642,0x1,0x2,20.4899998,26.3454609,0.0343404971,-0.0588612035,2.43586001e-05,30,1.03999996,2
1642101200001696,211126723,2459865.7719711596,59865.267233799997,15.5752687,0.0116859917,0,zg,341.41415890000002,20.276010800000002,0.495999992,-0.0309999995,20221013267234,1642,0x1,0x2,20.9200001,26.3435097,0.0311007667,-0.0677599907,1.48247254e-05,30,1.07799995,2
1642101200001696,211327692,2459867.7815679964,59867.276921299999,15.5591068,0.0116666602,0,zg,341.41413790000001,20.2760143,0.624000013,-0.00600000005,20221015276898,1642,0x1,0x2,20.75,26.2576618,0.0325037315,-0.0479164273,1.675368e-05,30,1.11500001,2
1642101200001696,212420269,2459878.7067590128,59878.202696799999,15.5650501,0.0116737206,0,zg,341.41414680000003,20.276011,0.981000006,-0.0170000009,20221026202685,1642,0x1,0x2,21.3600006,26.3793774,0.027208915,-0.0976272747,1.02702879e-05,30,1.03299999,2
1642101200001696,212813907,2459882.6428902284,59882.1390741,15.5799026,0.011691615,0,zg,341.41414830000002,20.276008000000001,1.78199995,-0.0930000022,20221030139063,1642,0x1,0x2,21.4500008,26.3378525,0.0262141693,-0.0837050229,9.55446558e-06,30,1.02400005,2
1642101200001696,214018796,2459894.6909255739,59894.187962999997,15.596343,0.0117118536,0,zg,341.41415139999998,20.2760167,0.625,-0.0379999988,20221111187951,1642,0x1,0x2,20.7999992,26.3432388,0.0332884081,-0.0532488115,1.7788072e-05,30,1.07799995,2
1642101200001696,236947621,2460123.9777510706,60123.476215299997,15.5723829,0.0116825085,0,zg,341.41417009999998,20.276018100000002,0.754000008,-0.00600000005,20230628476215,1642,0x1,0x2,21.3999996,26.3354492,0.0258744378,-0.0798566788,9.40297195e-06,30,1.02600002,2
1642101200001696,242932994,2460183.8351147375,60183.329942099997,15.5887423,0.0117024407,0,zg,341.41417710000002,20.276017400000001,0.680000007,-0.0410000011,20230827329942,1642,0x1,0x2,21.2099991,26.3647671,0.0284441151,-0.0663828179,1.1477684e-05,30,1.01800001,2
1642101200001696,243128932,2460185.7945492794,60185.289328699997,15.5770903,0.0116881989,0,zg,341.41419100000002,20.276011100000002,0.430999994,0.0309999995,20230829289317,1642,0x1,0x2,20.4899998,26.339241,0.0372847058,-0.0309442431,2.56538151e-05,30,1.04400003,2
1642101200001696,243233240,2460186.8376512583,60186.332407399997,15.5861683,0.0116992742,0,zg,341.4141712,20.275995999999999,0.903999984,0.023,20230830332407,1642,0x1,0x2,20.2099991,26.3343639,0.0350819789,-0.0255648773,2.91377091e-05,30,1.01699996,2
1642101200001696,243942371,2460193.9290751549,60193.423715299999,15.5985489,0.0117146038,0,zg,341.41419180000003,20.276017,0.643000007,-0.0240000002,20230906423704,1642,0x1,0x2,21.3199997,26.3011875,0.025955623,-0.054908108,9.56250915e-06,30,1.26800001,2
1642101200001696,245724391,2460211.7492292407,60211.243911999998,15.5932407,0.0117079997,0,zg,341.41417719999998,20.276010200000002,1.15999997,-0.0769999996,20230924243900,1642,0x1,0x2,21.3299999,26.3512974,0.0267611332,-0.0516584292,1.00272619e-05,30,1.02100003,2
1642101200001696,245927026,2460213.7755480884,60213.270266200001,15.5795078,0.0116911344,0,zg,341.41417819999998,20.276024499999998,0.289999992,0.00300000003,20230926270255,1642,0x1,0x2,21.0100002,26.3411064,0.0302059632,-0.0373533964,1.45732038e-05,30,1.02100003,2
1642101200001696,246026613,2460214.7713965666,60214.2661343,15.5814228,0.0116934674,0,zg,341.41417810000002,20.276014100000001,1.10800004,-0.0500000007,20230927266111,1642,0x1,0x2,20.5799999,26.3671455,0.0327976011,-0.0546330735,2.0060641e-05,30,1.02100003,2
1642101200001696,246126310,2460215.7683430472,60215.263101899996,15.5713615,0.0116812792,0,zg,341.4141793,20.276014799999999,0.626999974,-0.0670000017,20230928263090,1642,0x1,0x2,20.3500004,26.364954,0.031487599,-0.0373887755,2.16071712e-05,30,1.02100003,2
1642101200001696,246223546,2460216.7406821307,60216.235462999997,15.5566902,0.0116638076,0,zg,341.414176,20.276000499999999,0.825999975,0.00300000003,20230929235451,1642,0x1,0x2,20.2800007,26.368618,0.0358181559,-0.0422797762,3.05092653e-05,30,1.01900005,2
1642101200001696,246629174,2460220.7968599875,60220.291747700001,15.5506096,0.0116566699,0,zg,341.41415940000002,20.2760161,0.890999973,-0.0329999998,20231003291690,1642,0x1,0x2,20.6200008,26.3189526,0.0337422304,-0.0637799203,2.00596223e-05,30,1.07099998,2
1642101200001696,247036616,2460224.8711498342,60224.366169000001,15.5784903,0.0116898967,0,zg,341.41417849999999,20.2760052,1.11500001,0.00700000022,20231007366157,1642,0x1,0x2,20.6299992,26.2723217,0.0356173068,-0.0368383192,2.06342611e-05,30,1.44099998,2
1642101200001696,248325981,2460237.7642270103,60237.259814800003,15.5565329,0.0116636222,0,zg,341.4141712,20.276001099999998,0.799000025,0.0399999991,20231020259815,1642,0x1,0x2,21.7099991,26.2957497,0.0238755215,-0.0557002723,7.87220779e-06,30,1.10399997,2
1642101200001696,248519947,2460239.7037868625,60239.199479199997,15.5691614,0.0116786361,0,zg,341.41417740000003,20.276014499999999,0.998000026,0.00200000009,20231022199468,1642,0x1,0x2,21.5900002,26.368948,0.0264956821,-0.0713459253,9.82147321e-06,30,1.02199996,2
1642101200001696,249023598,2460244.7399985562,60244.235983799997,15.5505438,0.0116565935,0,zg,341.41417059999998,20.276013800000001,1.49100006,-0.0649999976,20231027235984,1642,0x1,0x2,20.2700005,26.3651161,0.0336904153,-0.0640260726,2.44019466e-05,30,1.09200001,2
1642101200001696,249421718,2460248.7209500074,60248.217187499999,15.5765247,0.0116875116,0,zg,341.41417159999997,20.276005399999999,0.451000005,-0.00499999989,20231031217176,1642,0x1,0x2,20.1399994,26.3499928,0.0364903621,-0.0512837693,2.95941463e-05,30,1.07500005,2
1642101200001696,249520087,2460249.7045771009,60249.200879600001,15.5878773,0.0117013743,0,zg,341.41417589999998,20.276015600000001,0.683000028,-0.00800000038,20231101200880,1642,0x1,0x2,20.7999992,26.3621845,0.0333538353,-0.0652163178,1.81965515e-05,30,1.051,2
1642201200003042,57238745,2458326.8912111521,58326.387453700001,15.9107656,0.0124699185,0,zr,341.41405479999997,20.276046399999998,1.63800001,0.0370000005,20180727387350,1642,0x1,0x2,20.1800003,26.1894341,0.0284156576,0.0769134611,1.14409368e-05,30,1.03699994,2
1642201200003042,57238791,2458326.8916741824,58326.387916699998,15.9022036,0.0124520045,0,zr,341.41405320000001,20.276040399999999,1.21800005,0.0340000018,20180727387905,1642,0x1,0x2,20.2999992,26.1868515,0.025536757,0.0835585818,9.4342995e-06,30,1.03600001,2
1642201200003042,57436101,2458328.8649006351,58328.3610185,15.9568291,0.0125696613,0,zr,341.41406490000003,20.275999899999999,1.41199994,-0.0370000005,20180729361007,1642,0x1,0x2,20.0900002,26.1057873,0.031172106,0.09586858,1.40507655e-05,30,1.06700003,2
1642201200003042,57436148,2458328.8653636645,58328.361481499996,15.970048,0.0125993555,0,zr,341.4140749,20.275988000000002,1.03600001,-0.0689999983,20180729361470,1642,0x1,0x2,20.1599998,26.0960388,0.0312316976,0.0930900797,1.41115916e-05,30,1.06599998,2
1642201200003042,57842989,2458332.934022062,58332.4298958,15.9519691,0.0125588644,0,zr,341.41406189999998,20.2760067,1.63900006,0.00400000019,20180802429757,1642,0x1,0x2,20.7600002,26.1314812,0.0214289092,0.0897452906,6.71904036e-06,30,1.03199995,2
1642201200003042,57843034,2458332.9344734889,58332.430347200003,15.970438,0.0126002412,0,zr,341.41406119999999,20.2759909,1.92999995,-0.0610000007,20180802430336,1642,0x1,0x2,20.8700008,26.1309776,0.0243385304,0.0900361463,8.74079342e-06,30,1.03199995,2
1642201200003042,58039003,2458334.8942720667,58334.390034700002,15.9580622,0.0125724105,0,zr,341.41406540000003,20.275979800000002,1.58299994,-0.0590000004,20180804390023,1642,0x1,0x2,21.2299995,26.1724682,0.019913448,0.0879952163,5.74407841e-06,30,1.02199996,2
1642201200003042,58039048,2458334.8947234908,58334.390486099997,15.9726562,0.0126052732,0,zr,341.41407379999998,20.275984900000001,1.52100003,-0.101000004,20180804390486,1642,0x1,0x2,21.25,26.1670971,0.0196958743,0.0896987319,5.67832694e-06,30,1.02100003,2
1642201200003042,58139346,2458335.897753146,58335.393460599997,15.9811411,0.0126246549,0,zr,341.41406499999999,20.275990100000001,0.859000027,-0.0120000001,20180805393426,1642,0x1,0x2,21.5200005,26.1843891,0.0202121232,0.0916047841,5.82173379e-06,30,1.02100003,2
1642201200003042,58139392,2458335.8982161712,58335.393923600001,15.9874325,0.0126391584,0,zr,341.41406640000002,20.275991900000001,0.963,-0.0500000007,20180805393912,1642,0x1,0x2,21.5400009,26.1866951,0.0198676232,0.090680927,5.58874763e-06,30,1.02100003,2
1642201200003042,58238839,2458336.892737302,58336.388391200002,15.9883146,0.0126412017,0,zr,341.41407359999999,20.275987300000001,0.532999992,0.0289999992,20180806388356,1642,0x1,0x2,21.6100006,26.2075653,0.0186485592,0.0867554024,4.94343612e-06,30,1.02100003,2
1642201200003042,58238975,2458336.8941030749,58336.389756899996,15.969718,0.0125986105,0,zr,341.4140688,20.275987799999999,1.176,-0.0759999976,20180806389757,1642,0x1,0x2,21.5499992,26.2069263,0.0186773837,0.0900421962,4.91596484e-06,30,1.02100003,2
1642201200003042,58639578,2458340.9003368039,58340.395787000001,15.9781771,0.0126178628,0,zr,341.4140673,20.2759979,0.342000008,-0.0280000009,20180810395775,1642,0x1,0x2,21.0200005,25.6619225,0.0228302255,0.108182803,7.37438359e-06,30,1.02499998,2
1642201200003042,59134506,2458345.849843001,58345.345069399998,15.9645567,0.0125869606,0,zr,341.41407959999998,20.275998399999999,0.541999996,-0.0140000004,20180815345058,1642,0x1,0x2,21.6299992,26.1242142,0.0197513234,0.0916340277,5.44277736e-06,30,1.02999997,2
1642201200003042,59932738,2458353.8324503591,58353.327384299999,15.966444,0.0125912111,0,zr,341.41406660000001,20.2759854,2.41799998,0.0199999996,20180823327373,1642,0x1,0x2,21.0499992,26.189497,0.0198386591,0.0879020914,5.6164331e-06,30,1.028,2
1642201200003042,60030115,2458354.8062531366,58354.301157399997,15.9563751,0.0125686489,0,zr,341.41406110000003,20.275989200000001,2.08299994,-0.0270000007,20180824301134,1642,0x1,0x2,20.7800007,26.1916866,0.0222152006,0.0886376053,6.94277833e-06,30,1.04999995,2
1642201200003042,60131936,2458355.8244887572,58355.319363399998,15.890728,0.0124283023,0,zr,341.41407220000002,20.275992899999999,0.605000019,0.0909999982,20180825319317,1642,0x1,0x2,20.7399998,26.1955032,0.024273701,0.0879588574,8.32461046e-06,30,1.02900004,2
1642201200003042,60234465,2458356.8498065011,58356.344652799999,15.9493694,0.0125531163,0,zr,341.41407020000003,20.275994600000001,1.29900002,0.0120000001,20180826344606,1642,0x1,0x2,20.2800007,26.2032623,0.0264951233,0.0898104236,9.88582542e-06,30,1.023,2
1642201200003042,60336427,2458357.8694512025,58357.364270799997,15.9789419,0.0126196118,0,zr,341.41406799999999,20.276002600000002,1.653,-0.0560000017,20180827364259,1642,0x1,0x2,20.4599991,26.2160568,0.024318831,0.0886195078,8.38596225e-06,30,1.03600001,2
1642201200003042,60536828,2458359.8735155487,58359.368286999998,15.9300756,0.0125110308,0,zr,341.41406769999998,20.2759988,0.878000021,-0.0729999989,20180829368113,1642,0x1,0x2,19.9200001,25.9765358,0.0349691696,0.0866502896,1.7397977e-05,30,1.04700005,2
1642201200003042,60631790,2458360.8231544411,58360.317905099997,15.988452,0.0126415184,0,zr,341.41412919999999,20.276062,1.05999994,-0.0170000009,20180830317847,1642,0x1,0x2,20.2399998,26.1791306,0.0271218084,0.112374112,1.03269549e-05,30,1.01900005,2
1642201200003042,60733011,2458361.8353857673,58361.330115700002,15.9133883,0.0124754431,0,zr,341.41407809999998,20.275992599999999,0.512000024,-0.0430000015,20180831330081,1642,0x1,0x2,21.2000008,26.2027874,0.019117469,0.0932286009,5.15357442e-06,30,1.01900005,2
1642201200003042,60834270,2458362.8479975988,58362.342708299999,15.9283342,0.0125072813,0,zr,341.41406219999999,20.276002200000001,0.648999989,-0.00400000019,20180901342697,1642,0x1,0x2,21.3799992,26.1967716,0.0196609423,0.0986349434,5.43499755e-06,30,1.02499998,2
1642201200003042,61035011,2458364.855438666,58364.350115699999,15.9881182,0.0126407454,0,zr,341.41408200000001,20.276008099999999,0.61500001,-0.0430000015,20180903350104,1642,0x1,0x2,21.4300003,26.1267471,0.0188394114,0.0957543999,5.01211571e-06,30,1.03699994,2
1642201200003042,61431165,2458368.8170269225,58368.311655099998,15.9212065,0.0124920225,0,zr,341.41407670000001,20.275986199999998,1.38499999,-0.0299999993,20180907311644,1642,0x1,0x2,21.7700005,26.1815395,0.0184223056,0.0867396668,4.77050207e-06,30,1.01900005,2
1642201200003042,61832409,2458372.8294943608,58372.324097199999,15.979022,0.0126197943,0,zr,341.41406039999998,20.276001999999998,1.87100005,-0.0419999994,20180911324074,1642,0x1,0x2,21.6399994,26.2070599,0.0194139723,0.0828667879,5.35150775e-06,30,1.03299999,2
1642201200003042,62528432,2458379.7897117063,58379.2843287,15.9604912,0.0125778411,0,zr,341.41406519999998,20.275996500000002,2.03900003,-0.0610000007,20180918284317,1642,0x1,0x2,21.4899998,26.200943,0.0204877947,0.0845314711,5.91324942e-06,30,1.01900005,2
1642201200003042,62628285,2458380.7882337365,58380.282858799997,15.9832602,0.0126295285,0,zr,341.41407779999997,20.275987900000001,1.02900004,0.0179999992,20180919282847,1642,0x1,0x2,21.4400005,26.1910591,0.0213417374,0.0945368409,6.59867055e-06,30,1.01999998,2
1642201200003042,63230303,2458386.808326791,58386.303032399999,15.9753609,0.0126114292,0,zr,341.41407190000001,20.2759915,0.795000017,-0.0289999992,20180925303032,1642,0x1,0x2,20.0699997,26.1760368,0.0305471513,0.0966258273,1.33032581e-05,30,1.05499995,2
1642201200003042,63528427,2458389.7895052112,58389.284270800003,15.9541464,0.0125636924,0,zr,341.41407249999997,20.2759839,0.782000005,0.0179999992,20180928284271,1642,0x1,0x2,21.1299992,26.1704159,0.020963775,0.0882956311,6.3043899e-06,30,1.03999996,2
1642201200003042,68910193,2458443.6040967321,58443.101932899997,15.9789953,0.0126197357,0,zr,341.41406549999999,20.2759781,1.55599999,-0.0680000037,20181121101921,1642,0x1,0x2,20.7000008,26.1721497,0.0233312156,0.0854569301,7.55498058e-06,30,1.02199996,2
1642201200003042,90142857,2458655.9295070246,58655.428576400001,15.9899178,0.0126449158,0,zr,341.4140835,20.275993400000001,0.363999993,-0.0149999997,20190621428565,1642,0x1,0x2,20.3199997,26.1081505,0.0258814711,0.107731946,9.72673388e-06,30,1.15900004,2
1642201200003042,90142902,2458655.9299584632,58655.429027799997,15.9653959,0.0125888502,0,zr,341.41410300000001,20.275984300000001,0.43599999,-0.0179999992,20190621429028,1642,0x1,0x2,20.4899998,26.1125717,0.0236368161,0.0975388885,8.13143288e-06,30,1.15699995,3
1642201200003042,90847851,2458662.9800563036,58662.4785185,15.9001207,0.0124476776,0,zr,341.41408890000002,20.2759824,0.518000007,0.0419999994,20190628478519,1642,0x1,0x2,21.4699993,26.1327477,0.0191511493,0.0909241438,5.27740031e-06,30,1.02499998,2
1642201200003042,90847896,2458662.9805077426,58662.478969900003,15.9078131,0.0124637196,0,zr,341.41407950000001,20.2759821,0.331,0.0140000004,20190628478970,1642,0x1,0x2,21.4099998,26.1254578,0.0203083474,0.0948757902,5.9272943e-06,30,1.02400005,3
1642201200003042,92740489,2458681.9079464762,58681.404895799998,15.9411278,0.0125350133,0,zr,341.4140855,20.275987000000001,0.748000026,-0.0480000004,20190717404896,1642,0x1,0x2,20.5100002,26.1430855,0.023926774,0.087279737,7.94104653e-06,30,1.04700005,2
1642201200003042,92740535,2458681.9084095098,58681.405358800002,15.9435844,0.0125403898,0,zr,341.41408289999998,20.2759973,0.449999988,-0.0379999988,20190717405347,1642,0x1,0x2,20.5900002,26.1415482,0.0235466603,0.0904910639,7.59371687e-06,30,1.046,3
1642201200003042,92841015,2458682.91327469,58682.4101505,15.9654541,0.0125889815,0,zr,341.41408840000003,20.275979,0.523000002,0.023,20190718410139,1642,0x1,0x2,20.9300003,26.1150856,0.0241719931,0.0884906873,8.12846793e-06,30,1.03699994,2
1642201200003042,92841060,2458682.913726123,58682.410601900003,15.9831305,0.0126292296,0,zr,341.41408749999999,20.275980499999999,0.291999996,-0.00100000005,20190718410602,1642,0x1,0x2,20.8700008,26.1158257,0.0234238226,0.0906507149,7.61016508e-06,30,1.03600001,3
1642201200003042,93639355,2458690.8972299062,58690.393553200003,15.985054,0.0126336608,0,zr,341.41409190000002,20.2759854,1.28900003,-0.0149999997,20190726393530,1642,0x1,0x2,21.6399994,26.0583839,0.021147076,0.0875406712,6.14876626e-06,30,1.03100002,2
1642201200003042,93639400,2458690.8976813368,58690.394004599999,15.9892559,0.012643381,0,zr,341.41408689999997,20.275977300000001,0.856999993,0.00499999989,20190726393993,1642,0x1,0x2,21.75,26.0525951,0.0227641724,0.0891628414,7.11918619e-06,30,1.03100002,3
1642201200003042,93741348,2458691.9172267886,58691.413483800003,15.9529018,0.0125609292,0,zr,341.41410009999998,20.275987099999998,0.307000011,-0.0160000008,20190727413449,1642,0x1,0x2,21.5799999,26.0730801,0.0191579945,0.0951391757,5.10143991e-06,30,1.01800001,2
1642201200003042,93741393,2458691.9176782183,58691.413935199998,15.9580956,0.0125724841,0,zr,341.41409290000001,20.275984399999999,0.455000013,-0.0270000007,20190727413935,1642,0x1,0x2,21.6000004,26.0832863,0.0185769852,0.0885651037,4.79990922e-06,30,1.01800001,3
1642201200003042,94037168,2458694.8756190217,58694.371689799998,15.9041605,0.0124560827,0,zr,341.4140888,20.2759921,0.501999974,0.00400000019,20190730371678,1642,0x1,0x2,21.8299999,26.1093025,0.0184490383,0.088781476,4.7323997e-06,30,1.04400003,2
1642201200003042,94037214,2458694.8760704491,58694.372141200001,15.8933458,0.0124336788,0,zr,341.41410000000002,20.275993100000001,0.736000001,0.0149999997,20190730372141,1642,0x1,0x2,21.8400002,26.1104622,0.0176175069,0.0913003981,4.32788738e-06,30,1.04299998,3
1642201200003042,94237403,2458696.8780894293,58696.374039399998,15.9481325,0.0125503857,0,zr,341.41408869999998,20.2759897,1.10000002,0.00400000019,20190801374028,1642,0x1,0x2,21.8600006,26.0996437,0.0204908699,0.0865512118,5.79363723e-06,30,1.03400004,2
1642201200003042,94237450,2458696.8785523572,58696.374502300001,15.9549026,0.0125653744,0,zr,341.41410080000003,20.2759742,1.04900002,0.00200000009,20190801374491,1642,0x1,0x2,21.9099998,26.1144485,0.0215181969,0.08318609,6.4337255e-06,30,1.03400004,3
1642201200003042,94341696,2458697.9210788128,58697.416967600002,15.9802828,0.0126226861,0,zr,341.41409820000001,20.275986,0.405999988,0.00999999978,20190802416968,1642,0x1,0x2,21.9200001,26.1047993,0.0211002808,0.0860583261,6.17591513e-06,30,1.01999998,2
1642201200003042,94642721,2458700.9314914718,58700.427210599999,15.9262781,0.0125028687,0,zr,341.41409110000001,20.2759839,0.499000013,-0.0130000003,20190805427176,1642,0x1,0x2,21.8700008,26.0868149,0.0200414192,0.0901989862,5.57043268e-06,30,1.03400004,2
1642201200003042,94642856,2458700.9328457462,58700.4285648,15.9112644,0.0124709681,0,zr,341.41408910000001,20.275978299999998,0.497000009,0.0340000018,20190805428565,1642,0x1,0x2,21.8700008,26.0837879,0.0198353827,0.0923846141,5.44013392e-06,30,1.03499997,3
1642201200003042,96240093,2458716.905932324,58716.400937500002,15.9734135,0.012606997,0,zr,341.41410029999997,20.275986199999998,0.680000007,0.0329999998,20190821400938,1642,0x1,0x2,21.1800003,26.1025085,0.0214149542,0.094314903,6.39999371e-06,30,1.05700004,2
1642201200003042,96240138,2458716.9063837389,58716.401388899998,15.9741602,0.0126086939,0,zr,341.41409090000002,20.2759942,1.13,0.0130000003,20190821401377,1642,0x1,0x2,21.1800003,26.1132774,0.0228588991,0.0910724252,7.2046073e-06,30,1.05799997,3
1642201200003042,96538611,2458719.8912019897,58719.386111100001,15.9525948,0.0125602512,0,zr,341.41410509999997,20.275988300000002,0.294,0.023,20190824386100,1642,0x1,0x2,21.4699993,26.0817413,0.0189370587,0.0904713944,4.95750328e-06,30,1.04700005,2
1642201200003042,96538656,2458719.8916534036,58719.386562500003,15.9654036,0.0125888661,0,zr,341.41409770000001,20.275985299999999,0.439999998,-0.0299999993,20190824386562,1642,0x1,0x2,21.4799995,26.0875931,0.0205913484,0.0856507123,5.89281535e-06,30,1.04700005,3
1642201200003042,98130543,2458735.8108255309,58735.305439800002,15.9830198,0.0126289744,0,zr,341.41410330000002,20.275985899999998,0.861000001,0.0540000014,20190909305440,1642,0x1,0x2,21.1800003,26.0816174,0.0222226474,0.094105646,6.85071245e-06,30,1.01800001,2
1642201200003042,98130590,2458735.8112885323,58735.305902799999,16.0060997,0.0126828533,0,zr,341.41411590000001,20.276023299999999,1.824,-0.0390000008,20190909305891,1642,0x1,0x2,20.7000008,26.1017494,0.0306435321,0.107948415,1.31268707e-05,30,1.01800001,3
1642201200003042,98935278,2458743.8581800759,58743.3527894,15.9119549,0.01247242,0,zr,341.4140936,20.276003100000001,0.666999996,-0.0240000002,20190917352720,1642,0x1,0x2,20.1599998,26.0748844,0.0286093224,0.103795402,1.13500282e-05,30,1.11199999,2
1642201200003042,98935324,2458743.8586313734,58743.353240700002,15.9011374,0.0124497889,0,zr,341.4141042,20.2760073,0.899999976,-0.0560000017,20190917353241,1642,0x1,0x2,20.1299992,26.0680428,0.0304723941,0.104904965,1.28877173e-05,30,1.11300004,3
1642201200003042,99138747,2458745.892853295,58745.387476900003,15.9894495,0.0126438327,0,zr,341.41408890000002,20.276001900000001,0.841000021,-0.00999999978,20190919387477,1642,0x1,0x2,20.6800003,26.0706711,0.0211783573,0.10003113,6.22706739e-06,30,1.26499999,2
1642201200003042,99138792,2458745.8933045911,58745.387928199998,15.9890871,0.0126429917,0,zr,341.41409770000001,20.276000400000001,0.640999973,0.0170000009,20190919387928,1642,0x1,0x2,20.5799999,26.0742989,0.0239340533,0.102721125,7.99462669e-06,30,1.26800001,3
1642201200003042,99730313,2458751.8084359756,58751.3031366,15.9158916,0.0124807358,0,zr,341.41408430000001,20.2760094,0.521000028,-0.0439999998,20190925303137,1642,0x1,0x2,21.0799999,26.0494709,0.0224636514,0.0859091803,6.90559318e-06,30,1.05299997,2
1642201200003042,99730358,2458751.8088873681,58751.303588000002,15.906579,0.0124611352,0,zr,341.41409850000002,20.275997700000001,0.976000011,-0.0280000009,20190925303588,1642,0x1,0x2,21.1599998,26.0461369,0.0204710774,0.0949349105,5.7502516e-06,30,1.05400002,3
1642201200003042,100324517,2458757.7503424664,58757.2451736,15.9742565,0.0126089156,0,zr,341.41409809999999,20.275989899999999,0.495999992,0.00999999978,20191001244977,1642,0x1,0x2,21.4799995,26.0982552,0.0196285434,0.0916371718,5.30589705e-06,30,1.01800001,2
1642201200003042,100926575,2458763.77073579,58763.265752300002,15.9759359,0.0126127433,0,zr,341.41410960000002,20.2759827,0.852999985,0.00700000022,20191007265752,1642,0x1,0x2,20.8799992,26.0888748,0.0215792134,0.100056604,6.48177001e-06,30,1.046,2
1642201200003042,100926621,2458763.7711987724,58763.266215299998,15.9789276,0.0126195792,0,zr,341.41409110000001,20.276000799999998,0.925999999,0.0130000003,20191007266204,1642,0x1,0x2,21.0100002,26.0938606,0.0206180438,0.0927432179,5.93154209e-06,30,1.04700005,3
1642201200003042,101629787,2458770.802572371,58770.297870399998,16.0019951,0.0126731601,0,zr,341.41410689999998,20.276003200000002,0.871999979,-0.0149999997,20191014297859,1642,0x1,0x2,19.9200001,26.0633221,0.0309344977,0.0937594548,1.33784361e-05,30,1.17200005,2
1642201200003042,101629832,2458770.8030237504,58770.298321800001,15.9788771,0.0126194647,0,zr,341.41410389999999,20.2759979,0.656000018,-0.0410000011,20191014298322,1642,0x1,0x2,19.9699993,26.0721607,0.0302477051,0.102051407,1.28521679e-05,30,1.17400002,3
1642201200003042,101731037,2458771.8150262665,58771.310370400002,15.9520226,0.0125589836,0,zr,341.41409929999998,20.276033699999999,0.832000017,-0.0130000003,20191015310301,1642,0x1,0x2,19.5300007,26.0641174,0.0395948365,0.0999105275,2.27456349e-05,30,1.23500001,2
1642201200003042,101731082,2458771.8154776455,58771.310821799998,15.9490862,0.0125524886,0,zr,341.41409379999999,20.276008300000001,0.683000028,0.00200000009,20191015310822,1642,0x1,0x2,19.6800003,26.0681744,0.0361296423,0.101886801,1.84906003e-05,30,1.23699999,3
1642201200003042,102022531,2458774.7298281202,58774.225312499999,15.9562187,0.0125683015,0,zr,341.41409720000001,20.275993700000001,0.305000007,-0.0120000001,20191018225243,1642,0x1,0x2,20.8400002,26.0797825,0.0215447005,0.0930425525,6.42173018e-06,30,1.03400004,2
1642201200003042,102022576,2458774.7302794978,58774.225763900002,15.9519682,0.0125588626,0,zr,341.41409640000001,20.275999200000001,0.354000002,-0.0179999992,20191018225764,1642,0x1,0x2,20.9400005,26.0795231,0.0210938267,0.0902520493,6.19089678e-06,30,1.03400004,3
1642201200003042,102524652,2458779.7507760865,58779.246527800002,15.9858065,0.0126354005,0,zr,341.4140979,20.275987400000002,0.330000013,-0.0199999996,20191023246528,1642,0x1,0x2,21.25,26.0949421,0.0194943696,0.0944534391,5.2625237e-06,30,1.09200001,2
1642201200003042,102524697,2458779.7512274608,58779.246979199997,15.983963,0.0126311453,0,zr,341.41409370000002,20.275975500000001,0.791999996,0.00300000003,20191023246979,1642,0x1,0x2,21.3199997,26.0890942,0.0193208009,0.0950657278,5.18305933e-06,30,1.09300005,3
1642201200003042,102910068,2458783.6047048499,58783.100682900003,15.9706192,0.0126006519,0,zr,341.41409169999997,20.275986799999998,0.583000004,-0.00800000038,20191027100671,1642,0x1,0x2,21.0499992,26.101862,0.0195799004,0.0885016695,5.39212169e-06,30,1.09500003,2
1642201200003042,102910113,2458783.6051562228,58783.101134299999,15.9786158,0.0126188667,0,zr,341.4140946,20.275994499999999,0.685000002,-0.0500000007,20191027101134,1642,0x1,0x2,21.1000004,26.0998764,0.0204500947,0.0903950855,5.85717635e-06,30,1.09399998,3
1642201200003042,103319067,2458787.6944341674,58787.190671299999,15.9738321,0.0126079479,0,zr,341.4140921,20.275987600000001,0.57099998,-0.00300000003,20191031190637,1642,0x1,0x2,20.4099998,26.1073494,0.0250903387,0.0898086503,8.76264858e-06,30,1.03499997,2
1642201200003042,103319112,2458787.6948855384,58787.191122700002,15.9804258,0.0126230139,0,zr,341.41409820000001,20.2759958,0.467000008,-0.00400000019,20191031191123,1642,0x1,0x2,20.25,26.0959587,0.0250614248,0.0982425064,8.60577802e-06,30,1.03499997,3
1642201200003042,103618576,2458790.6893254342,58790.185763900001,15.9266453,0.0125036556,0,zr,341.4140913,20.275987199999999,0.856999993,-0.0280000009,20191103185764,1642,0x1,0x2,20.9300003,26.1039238,0.021245705,0.0906625688,6.29040551e-06,30,1.03799999,2
1642201200003042,103618621,2458790.6897768034,58790.186215299997,15.9298563,0.0125105586,0,zr,341.41409659999999,20.275997100000001,0.592999995,-0.0109999999,20191103186215,1642,0x1,0x2,21.0900002,26.1061211,0.0200802591,0.0909958333,5.62477544e-06,30,1.03900003,3
1642201200003042,211028104,2459864.7858215431,59864.2810417,15.9721279,0.0126040736,0,zr,341.414151,20.27599,0.566999972,-0.0130000003,20221012281042,1642,0x1,0x2,20.8799992,26.2073803,0.023798069,0.0857138261,7.87721183e-06,30,1.10399997,2
1642201200003042,211720424,2459871.7087017843,59871.2042477,15.9428959,0.0125388829,0,zr,341.4141535,20.276008699999998,0.388000011,-0.0160000008,20221019204248,1642,0x1,0x2,21.3899994,26.2572632,0.0198038071,0.0855993927,5.47700211e-06,30,1.01999998,2
1642201200003042,212613261,2459880.6365594631,59880.1326157,15.8982553,0.0124438098,0,zr,341.41414470000001,20.276002900000002,0.975000024,0.0329999998,20221028132616,1642,0x1,0x2,21.5599995,26.2511826,0.0197046362,0.0864635184,5.37477263e-06,30,1.03400004,2
1642201200003042,239141412,2460145.9173872578,60145.414120399997,15.9660769,0.0125903832,0,zr,341.41416759999998,20.276010299999999,0.600000024,0.00700000022,20230720414109,1642,0x1,0x2,21.7000008,26.2295933,0.0200410411,0.0889127702,5.59252067e-06,30,1.02699995,2
1642201200003042,243036348,2460184.8686824162,60184.3634838,15.9018917,0.0124513581,0,zr,341.41417389999998,20.276017100000001,0.248999998,-0.0189999994,20230828363472,1642,0x1,0x2,20.9400005,26.2559471,0.0213815868,0.0923063532,6.27572763e-06,30,1.03199995,2
1642201200003042,258710098,2460341.5972308521,60341.100983800003,16.0049324,0.0126800919,0,zr,341.41418670000002,20.276018799999999,0.876999974,0,20240201100926,1642,0x1,0x2,19.7000008,26.1571941,0.0336955376,0.0888458863,1.62557535e-05,30,2.1500001,2
1642201200003042,258710144,2460341.5976938219,60341.101446799999,15.9584379,0.0125732478,0,zr,341.41415590000003,20.2759939,0.661000013,-0.00499999989,20240201101447,1642,0x1,0x2,19.5799999,26.1525879,0.03383407,0.0984368324,1.65170914e-05,30,2.16000009,2
1642201200003042,258710192,2460341.5981682958,60341.101921300004,15.9519558,0.0125588356,0,zr,341.4141621,20.276032399999998,0.546000004,0.00499999989,20240201101921,1642,0x1,0x2,19.6599998,26.1560917,0.0359729491,0.0918326974,1.83366992e-05,30,2.17000008,2
1642201200003042,258710239,2460341.5986427683,60341.102395800001,15.965764,0.01258968,0,zr,341.41418060000001,20.276033099999999,0.726999998,0.00400000019,20240201102384,1642,0x1,0x2,19.7199993,26.1629314,0.0369105004,0.0791268572,1.95664106e-05,30,2.18000007,2
1642201200003042,264253003,2460397.0252180421,60396.530034700001,15.9514942,0.0125578111,0,zr,341.41418140000002,20.276010500000002,0.140000001,-0,20240327530023,1642,0x1,0x2,18.3999996,25.9852333,0.0450473167,0.0877124071,6.25883695e-05,30,2.83999991,1
1642201200003042,264253050,2460397.0256926543,60396.530509299999,15.8990154,0.0124453865,0,zr,341.4141745,20.276026000000002,0.626999974,-0.00899999961,20240327530498,1642,0x1,0x2,18.5499992,25.9886456,0.0433084033,0.0993452594,5.35932631e-05,30,2.82299995,1
1642201200003042,264253097,2460397.0261555677,60396.530972200002,15.9494972,0.0125533966,0,zr,341.41413130000001,20.276042700000001,0.875999987,-0.0399999991,20240327530972,1642,0x1,0x2,18.3799992,25.9982491,0.0403206907,0.095467262,5.07873265e-05,30,2.80500007,1
1642201200003042,265051582,2460405.0112339961,60404.5158218,15.8767147,0.0123998206,0,zr,341.41415110000003,20.276018100000002,0.671999991,-0,20240404515810,1642,0x1,0x2,19.6100006,25.9545345,0.0479347482,0.10532245,3.44365908e-05,30,2.57800007,1
1642201200003042,265051629,2460405.011708511,60404.516296299997,15.8848648,0.0124163236,0,zr,341.41418909999999,20.276020299999999,0.898000002,-0.00700000022,20240404516296,1642,0x1,0x2,19.6499996,25.9637203,0.0481020324,0.101223715,3.38007703e-05,30,2.56299996,1
1642201200003042,265051677,2460405.0121830287,60404.516770800001,15.9163322,0.0124816652,0,zr,341.4141765,20.276017299999999,0.540000021,-0.00800000038,20240404516759,1642,0x1,0x2,19.7600002,25.9942722,0.0403764285,0.110369056,2.30478072e-05,30,2.5480001,1
1642201200003042,265350659,2460408.0021185577,60407.506597200001,15.9848309,0.0126331458,0,zr,341.41416340000001,20.276012999999999,1.449,-0.0390000008,20240407506586,1642,0x1,0x2,20.2299995,25.9657803,0.0427937768,0.098374635,2.57563115e-05,30,2.6099999,1
1642201200003042,265351101,2460408.0065400354,60407.511018500001,15.9848099,0.0126331002,0,zr,341.41414140000001,20.276034599999999,0.662999988,-0.0160000008,20240407510995,1642,0x1,0x2,20.2000008,25.9827881,0.0327639394,0.102645725,1.49384578e-05,30,2.477,1
1642201200003042,265351501,2460408.0105332932,60407.5150116,16.0005589,0.0126697794,0,zr,341.41415599999999,20.2760423,0.697000027,-0.0209999997,20240407514988,1642,0x1,0x2,19.7900009,26.0016174,0.0414787866,0.103370018,2.41190737e-05,30,2.36800003,1
1642201200003042,300753087,2460762.0260566967,60761.530879600003,15.9837914,0.0126307504,0,zr,341.41416279999999,20.276025400000002,0.606000006,-0.023,20250327530243,1642,0x1,0x2,19.2999992,25.9148483,0.0412504748,0.0997055918,2.82105539e-05,30,2.83800006,1
1642201200003042,301651770,2460771.0131465388,60770.517708300002,15.9693489,0.0125977742,0,zr,341.41419719999999,20.276050300000001,0.975000024,-0.00499999989,20250405517697,1642,0x1,0x2,19.3199997,26.0083504,0.0468073748,0.10555736,3.56823148e-05,30,2.46199989,1
1642201200003042,301750681,2460772.0022911197,60771.506817100002,15.9570045,0.0125700515,1,zr,341.41420859999999,20.275985599999998,1.46000004,0.00100000005,20250406506806,1642,0x1,0x2,19.7099991,25.8660622,0.0488285236,0.10414163,3.42650274e-05,30,2.71799994,1
1642201200003042,301850438,2460772.9998980947,60772.504386599998,15.9257841,0.012501806,0,zr,341.41411970000001,20.276060699999999,0.379999995,0.0199999996,20250407504363,1642,0x1,0x2,20.1299992,25.7868195,0.0334465094,0.103856437,1.60928212e-05,30,2.70700002,1
1642201200003042,301850778,2460773.0033010221,60772.507789399999,15.8895893,0.0124259694,0,zr,341.41422770000003,20.275998300000001,1.09200001,-0.0460000001,20250407507778,1642,0x1,0x2,20,25.7895584,0.0373144187,0.10308107,1.95331595e-05,30,2.59500003,1
1642201200003042,301851270,2460773.0082201189,60772.512708299997,15.8904877,0.0124278078,0,zr,341.41418069999997,20.276019900000001,1.02900004,-0.0710000023,20250407512697,1642,0x1,0x2,20.2399998,25.9634953,0.0302249324,0.101715386,1.28081892e-05,30,2.44899988,1
1642201200003042,302050268,2460774.9982758323,60774.502685200001,15.9296761,0.0125101702,0,zr,341.41422369999998,20.276000100000001,0.800000012,-0.0299999993,20250409502662,1642,0x1,0x2,20.1399994,25.9919872,0.0311951824,0.108752266,1.35963082e-05,30,2.58400011,1
1642201200003042,302050667,2460775.0022690017,60774.506678199999,15.9146547,0.0124781169,0,zr,341.41420620000002,20.2760079,0.583999991,-0.0329999998,20250409506655,1642,0x1,0x2,20.4400005,26.0089302,0.0303368159,0.106058225,1.2846971e-05,30,2.46499991,1
1642201200003042,302051120,2460775.0067946929,60774.5112037,15.9514723,0.0125577645,0,zr,341.41419350000001,20.276016200000001,0.649999976,0.00300000003,20250409511192,1642,0x1,0x2,20.4599991,26.0288601,0.0289917327,0.107522883,1.1858071e-05,30,2.34299994,1
1642201200003042,302150311,2460775.998745678,60775.503113400002,15.9775047,0.0126163261,0,zr,341.41419380000002,20.276019699999999,0.901000023,-0.0480000004,20250410503102,1642,0x1,0x2,20.0400009,25.96558,0.0316381007,0.105874449,1.38429223e-05,30,2.48900008,1
1642201200003042,302150711,2460776.0027505523,60775.507118100002,15.9631948,0.0125839012,0,zr,341.41419109999998,20.276022999999999,0.532000005,-0.0320000015,20250410507106,1642,0x1,0x2,20.1200008,25.9782772,0.0306924973,0.107298389,1.30381468e-05,30,2.37800002,1
1642201200003042,302151209,2460776.007727569,60775.512094899997,15.9779186,0.0126172714,0,zr,341.41418199999998,20.276012399999999,0.834999979,-0.0219999999,20250410512014,1642,0x1,0x2,20.0900002,26.0040722,0.0309963804,0.109764002,1.31518755e-05,30,2.25500011,1
