oid,expid,hjd,mjd,mag,magerr,catflags,filtercode,ra,dec,chi,sharp,filefracday,field,ccdid,qid,limitmag,magzp,magzprms,clrcoeff,clrcounc,exptime,airmass,programid
309108100019052,45213527,2458206.63632514,58206.1352778,16.55056,0.0164818112,0,zg,105.5960424,-17.825263499999998,1.68499994,-0.0560000017,20180329135266,309,0x8,0x1,19.7299995,26.2042618,0.0285928473,-0.1211394,1.36094313e-05,30,1.60300004,1
309108100019052,45215068,2458206.651729092,58206.150682899999,16.5382175,0.0164138936,0,zg,105.59604210000001,-17.825258099999999,1.48000002,-0.0419999994,20180329150671,309,0x8,0x1,19.6399994,26.1968498,0.0284178481,-0.104342341,1.32102796e-05,30,1.64900005,1
309108100019052,63252487,2458387.0237208176,58386.5248727,16.5848198,0.0166743249,0,zg,105.5960302,-17.8252807,0.648000002,0.00700000022,20180925524861,309,0x8,0x1,19.2199993,26.1590767,0.0379948169,-0.090302445,2.51384736e-05,30,1.926,1
309108100019052,63649971,2458390.9988497901,58390.499710600001,16.5458717,0.0164559204,0,zg,105.5960414,-17.825275699999999,0.42899999,-0.00100000005,20180929499711,309,0x8,0x1,19.7800007,26.1081734,0.0272345152,-0.0677679777,1.27890553e-05,30,2.08699989,1
309108100019052,67150291,2458426.0046711988,58425.502916700003,16.3756371,0.0155859208,0,zg,105.59606719999999,-17.8253047,1.028,0.0489999987,20181103502894,309,0x8,0x1,19.9699993,26.2496376,0.0376410447,-0.0890260115,2.44289804e-05,30,1.60500002,1
309108100019052,67343402,2458427.9359183558,58427.434027800002,16.4255524,0.0158274192,0,zg,105.5960302,-17.825301199999998,0.827000022,-0.00899999961,20181105434028,309,0x8,0x1,20.3500004,25.7126923,0.0215995163,-0.0831825137,7.93227264e-06,30,1.80200005,1
309108100019052,67543922,2458429.9412542898,58429.439224499998,16.344574,0.0154409958,0,zg,105.5960413,-17.8252861,0.644999981,0.0450000018,20181107439224,309,0x8,0x1,21.2999992,26.1982269,0.0167782176,-0.0577379838,4.8142233e-06,30,1.73899996,1
309108100019052,67643711,2458430.93921634,58430.437118100002,16.5298176,0.016368093,0,zg,105.5960278,-17.8253001,0.843999982,-0.0149999997,20181108437106,309,0x8,0x1,21.2099991,26.1813011,0.0156512074,-0.0237516444,4.07390417e-06,30,1.73599994,1
309108100019052,67743846,2458431.9406269365,58431.438460600002,16.5581207,0.0165237933,0,zg,105.59602940000001,-17.8253044,1.15900004,-0.00800000038,20181109438380,309,0x8,0x1,20.2099991,26.1117821,0.0237834342,-0.0555936247,9.64500214e-06,30,1.71599996,1
309108100019052,67843821,2458432.9404513133,58432.4382176,16.5122032,0.0162731726,0,zg,105.59604179999999,-17.825262599999999,0.995000005,-0.0179999992,20181110438171,309,0x8,0x1,20.8400002,26.2235947,0.0212786011,-0.0871756747,7.8662888e-06,30,1.70500004,1
309108100019052,68043619,2458434.9385585403,58434.436192100002,16.2883129,0.015188545,0,zg,105.5960417,-17.825278900000001,1.29100001,0.0540000014,20181112436192,309,0x8,0x1,19.6399994,26.2309284,0.0344930142,-0.0599076636,2.07305457e-05,30,1.69099998,1
309108100019052,68345068,2458437.9532444426,58437.450682900002,16.5662766,0.0165693928,0,zg,105.5960199,-17.825331800000001,0.897000015,-0.00100000005,20181115450671,309,0x8,0x1,20.1399994,26.2150822,0.0342212394,-0.0422151014,2.00819668e-05,30,1.625,1
309108100019052,68443910,2458438.941732883,58438.439108799997,16.4364357,0.0158815272,0,zg,105.59604640000001,-17.825292099999999,0.976999998,-0.0160000008,20181116439097,309,0x8,0x1,20.5799999,25.9866753,0.0240909252,-0.0822393149,9.97159623e-06,30,1.64499998,1
309108100019052,68551175,2458440.0144504118,58439.511759300003,16.5309105,0.0163740348,0,zg,105.5960589,-17.825289300000001,1.06700003,-0.0520000011,20181117511748,309,0x8,0x1,20.9799995,26.0235844,0.0169715099,-0.0413574576,4.82021096e-06,30,1.68599999,1
309108100019052,68745960,2458441.9624170628,58441.459606500001,16.3628082,0.0155255813,0,zg,105.5960542,-17.825279900000002,0.774999976,-0.0170000009,20181119459595,309,0x8,0x1,20.9599991,26.1806946,0.0165124722,-0.0433676206,4.61234231e-06,30,1.60500002,1
309108100019052,68948292,2458443.9858595761,58443.482928199999,16.5319729,0.0163798127,0,zg,105.59604640000001,-17.825285099999999,0.674000025,0.0379999988,20181121482928,309,0x8,0x1,19.9699993,26.1686554,0.0236185789,-0.0123745063,9.35553817e-06,30,1.63199997,1
309108100019052,69643629,2458450.9396156846,58450.436296300002,16.2879066,0.0151867727,0,zg,105.5960468,-17.825297800000001,0.84799999,-0.0649999976,20181128436285,309,0x8,0x1,19.9699993,26.0004673,0.025448164,-0.056505084,1.11761738e-05,30,1.60399997,1
309108100019052,71441884,2458468.9229360563,58468.418842599996,16.5453053,0.0164528023,0,zg,105.596048,-17.825291799999999,0.465999991,0.0199999996,20181216418831,309,0x8,0x1,20.9400005,26.2109661,0.0172561742,-0.0486513078,5.10040081e-06,30,1.64199996,1
309108100019052,71846650,2458472.9707204066,58472.466504600001,16.446373,0.0159313921,0,zg,105.5960649,-17.825285699999998,0.984000027,-0.0260000005,20181220466493,309,0x8,0x1,19.4500008,26.1415539,0.0277099311,-0.0363835469,1.26828163e-05,30,1.98899996,1
309108100019052,72228693,2458476.7912454396,58476.286932900002,16.3377056,0.0154094882,0,zg,105.59604109999999,-17.8252956,1,-0.0359999985,20181224286921,309,0x8,0x1,19.7000008,26.195549,0.0254548602,-0.0611576103,1.10213523e-05,30,1.903,1
309108100019052,72728694,2458481.7913552551,58481.286944400003,16.2896233,0.0151942857,0,zg,105.5960355,-17.825284199999999,0.926999986,0.00600000005,20181229286933,309,0x8,0x1,20.1800003,26.1832542,0.0275841057,-0.0693582371,1.32544783e-05,30,1.79999995,1
309108100019052,73344921,2458487.9536996232,58487.449213,16.4861526,0.0161355045,0,zg,105.5960517,-17.8252895,1.10599995,-0.0289999992,20190104449213,309,0x8,0x1,20.4099998,26.0705605,0.0192017276,-0.0339945927,6.16918669e-06,30,2.30800009,1
309108100019052,73742001,2458491.9245200264,58491.420011599999,16.5612106,0.0165410303,0,zg,105.5960596,-17.825323000000001,0.69599998,-0.00400000019,20190108420012,309,0x8,0x1,19.2299995,25.7518711,0.0519112237,-0.0280946344,4.56628368e-05,30,1.99199998,1
309108100019052,73924917,2458493.7536895056,58493.2491782,16.5411148,0.016429767,0,zg,105.5960374,-17.825281499999999,0.864000022,-0.0149999997,20190110249178,309,0x8,0x1,20.6299992,26.1757336,0.0191115122,-0.0345326364,6.31794319e-06,30,1.78799999,1
309108100019052,74125262,2458495.7571365396,58495.252627299997,16.3053017,0.015263442,0,zg,105.5960292,-17.825288199999999,0.737999976,0.00400000019,20190112252616,309,0x8,0x1,20.5100002,26.0889645,0.0188732874,-0.0461717397,6.06140975e-06,30,1.73099995,1
309108100019052,75320692,2458507.7113064993,58507.2069213,16.5599422,0.0165339503,0,zg,105.5960498,-17.8252974,0.704999983,-0.0170000009,20190124206910,309,0x8,0x1,20,26.1687336,0.0256120376,-0.0395394005,1.10655483e-05,30,1.81700003,1
309108100019052,75418908,2458508.6934522279,58508.189085600003,16.3714027,0.0155659262,0,zg,105.59611870000001,-17.825295499999999,0.561999977,0.0149999997,20190125189074,309,0x8,0x1,19.3700008,26.1693058,0.0438584723,-0.0679201186,3.33772914e-05,30,1.95000005,1
309108100019052,75523027,2458509.7346233963,58509.230277800001,16.4811306,0.0161093362,0,zg,105.5960384,-17.825312700000001,0.785000026,0.0240000002,20190126230278,309,0x8,0x1,19.9300003,26.194315,0.0264638122,-0.0480645746,1.22073379e-05,30,1.65499997,1
309108100019052,75619445,2458510.6987808407,58510.194455999997,16.4467106,0.0159330908,0,zg,105.5960121,-17.8252764,1.097,0.0240000002,20190127194444,309,0x8,0x1,19.6499996,26.0859604,0.0337288231,-0.0434838347,1.95352586e-05,30,1.85099995,1
309108100019052,75716793,2458511.6722424659,58511.167939799998,16.5610924,0.0165403653,0,zg,105.5960182,-17.825314299999999,1.26499999,0.00899999961,20190128167940,309,0x8,0x1,19.5300007,25.9947567,0.0336780287,-0.0461647473,1.93659507e-05,30,2.102,1
309108100019052,76923263,2458523.7365685529,58523.232638900001,16.5157928,0.0162923951,0,zg,105.5960364,-17.825273599999999,0.922999978,-0.0280000009,20190209232639,309,0x8,0x1,20.4500008,26.0314083,0.0202015247,-0.0122135365,6.9039952e-06,30,1.56900001,1
309108100019052,77024041,2458524.7443072661,58524.240416699999,16.5323124,0.0163816605,0,zg,105.5960465,-17.8252755,0.662999988,-0.0170000009,20190210240417,309,0x8,0x1,20.7999992,26.2150135,0.0182239506,-0.0635058805,5.63881667e-06,30,1.56799996,1
309108100019052,78521084,2458539.7140262425,58539.210844900001,16.5838661,0.0166688841,0,zg,105.5960492,-17.825261699999999,0.70599997,0.0219999999,20190225210845,309,0x8,0x1,20.8999996,26.1797905,0.0175536443,-0.0497787856,5.12627821e-06,30,1.57799995,1
309108100019052,78616819,2458540.6713228286,58540.168194400001,16.2919121,0.0152043216,0,zg,105.5960599,-17.8252709,2.0309999,-0.0680000037,20190226168183,309,0x8,0x1,20.8999996,26.2405701,0.0189437643,-0.118006788,6.31180592e-06,30,1.59000003,1
309108100019052,80316790,2458557.6699709161,58557.167905100003,16.4246101,0.0158227626,0,zg,105.5959577,-17.8252016,0.952000022,0.0469999984,20190315167905,309,0x8,0x1,18.5799999,26.2097645,0.0527024008,-0.0235468578,6.92429239e-05,30,1.58700001,1
309108100019052,80411737,2458558.6193734081,58558.117372699999,16.4391956,0.0158953294,0,zg,105.5960504,-17.825250499999999,1.005,0.00200000009,20190316117280,309,0x8,0x1,18.9799995,26.1635017,0.0440837704,-0.0247622374,3.41587984e-05,30,1.59300005,1
309108100019052,80616743,2458560.6692890632,58560.167430599999,16.4618855,0.0160101261,0,zg,105.59603989999999,-17.825289699999999,1.01499999,-0.0160000008,20190318167280,309,0x8,0x1,19.4799995,26.2159519,0.0332133286,-0.103292078,1.93774176e-05,30,1.60300004,1
309108100019052,80818902,2458562.6907439362,58562.189027799999,16.2855797,0.0151766054,0,zg,105.596063,-17.825286299999998,0.556999981,-0.00300000003,20190320189028,309,0x8,0x1,18.8199997,26.1007423,0.0414117202,-0.0922467485,3.22026099e-05,30,1.704,1
309108100019052,82813659,2458582.636836031,58582.136597199999,16.3361969,0.0154025927,0,zg,105.5960371,-17.825296099999999,1.14499998,-0.0189999994,20190409136597,309,0x8,0x1,19.8500004,25.764822,0.0261668395,-0.0258077309,1.16727979e-05,30,1.71500003,1
309108100019052,83117001,2458585.6700206632,58585.170011599999,16.5326881,0.0163837057,0,zg,105.5960626,-17.825307899999999,0.815999985,-0.00300000003,20190412170012,309,0x8,0x1,19.2600002,25.9613304,0.0357288904,-0.0485937521,2.14403044e-05,30,2.0710001,1
309108100019052,83418784,2458588.6876281858,58588.187847200003,16.5139027,0.016282266,0,zg,105.59607339999999,-17.825277499999999,1.45200002,-0.0500000007,20190415187847,309,0x8,0x1,19.4899998,25.8930321,0.0321605951,-0.0352559052,1.70776602e-05,30,2.51699996,1
309108100019052,99550737,2458750.006056543,58749.507372699998,16.5355797,0.016399473,0,zg,105.5960534,-17.8252746,0.657999992,0.00200000009,20190923507338,309,0x8,0x1,20.2199993,25.9796963,0.0206842907,-0.0446950383,6.95071185e-06,30,2.21600008,1
309108100019052,100648246,2458760.9819568982,58760.482465300003,16.3036137,0.0152559504,0,zg,105.5960383,-17.825276200000001,0.141000003,0.00100000005,20191004482465,309,0x8,0x1,20.2399998,26.0160522,0.0230626874,-0.0501351766,8.66596474e-06,30,2.13899994,1
309108100019052,101347719,2458767.9772197288,58767.477199100002,16.4859028,0.0161342025,0,zg,105.596042,-17.8252627,0.416999996,-0.00300000003,20191011476759,309,0x8,0x1,19.8500004,26.0219555,0.0257057808,-0.0574659184,1.12695998e-05,30,1.96899998,1
309108100019052,101652195,2458771.0222080178,58770.521955999997,16.5696564,0.016588388,0,zg,105.59606340000001,-17.825302000000001,0.889999986,-0.0540000014,20191014521516,309,0x8,0x1,19.6900005,26.0892982,0.0251459349,-0.054345753,1.02157946e-05,30,1.62800002,1
309108100019052,102141997,2458775.9206003807,58775.419976899997,16.4394798,0.0158967506,0,zg,105.5960396,-17.825290299999999,0.345999986,0.00100000005,20191019419977,309,0x8,0x1,19.5499992,25.9453239,0.0278908908,-0.0408430584,1.26320256e-05,30,2.52999997,1
309108100019052,102745938,2458781.9604636766,58781.4593866,16.2429962,0.0149942534,0,zg,105.59607219999999,-17.8252737,0.976999998,0.061999999,20191025459271,309,0x8,0x1,19.1800003,26.0882111,0.0458012223,-0.0642009601,3.53069809e-05,30,1.79100001,1
309108100019052,103047975,2458784.9810574641,58784.4797569,16.558506,0.0165259391,0,zg,105.59610790000001,-17.825291700000001,0.736000001,0.275000006,20191028479653,309,0x8,0x1,18.7900009,26.0690556,0.0538807437,-0.0722593591,6.12601143e-05,30,1.64199996,1
309108100019052,103350061,2458788.0021343604,58787.5006134,16.4520206,0.0159599241,0,zg,105.5960731,-17.825303900000002,1.12100005,0.0320000015,20191031500428,309,0x8,0x1,19.6499996,26.1251678,0.0333882011,-0.0751994997,1.83255743e-05,30,1.574,1
309108100019052,103652363,2458791.0253720265,58790.5236343,16.2925873,0.0152072832,0,zg,105.59607200000001,-17.825284,2.0539999,0.0280000009,20191103523634,309,0x8,0x1,20.6800003,26.1560574,0.0213568658,-0.116642252,7.47737204e-06,30,1.57700002,1
309108100019052,104552628,2458800.0286397268,58799.526284699998,16.5046844,0.0162331089,0,zg,105.59606119999999,-17.825285900000001,0.725000024,0.00600000005,20191112526285,309,0x8,0x1,19.5400009,26.0919151,0.0298181865,-0.0300702266,1.44055257e-05,30,1.64499998,1
309108100019052,104952769,2458804.0303098322,58803.527696800003,16.4895172,0.0161531065,0,zg,105.5960867,-17.825271499999999,1.57000005,-0.0289999992,20191116527697,309,0x8,0x1,19.6200008,26.1028004,0.0290133432,-0.10465166,1.42541485e-05,30,1.699,1
309108100019052,107741763,2458831.9225230627,58831.417638899999,16.5650826,0.0165627003,0,zg,105.59605259999999,-17.8252898,0.597000003,-0,20191214417616,309,0x8,0x1,20.0200005,28.20578,0.0182144288,-0.0386347473,5.49316701e-06,180,1.58700001,2
309108100019052,110123658,2458855.7419563183,58855.236585600003,16.5322495,0.0163813159,0,zg,105.59604229999999,-17.825282300000001,0.967000008,-0.00300000003,20200107236458,309,0x8,0x1,19.8999996,28.1655598,0.0203552879,-0.0535989888,6.67654285e-06,180,1.97300005,2
309108100019052,110142244,2458855.9269456109,58855.422442100004,16.2985001,0.0152333193,0,zg,105.59606429999999,-17.8252971,0.839999974,-0.00100000005,20200107422442,309,0x8,0x1,19.6399994,26.1759415,0.026613744,-0.0502469614,1.13624656e-05,30,1.97899997,1
309108100019052,110223253,2458856.7379094707,58856.232534700001,16.409317,0.0157476831,0,zg,105.5960463,-17.8252807,0.755999982,-0.00200000009,20200108232535,309,0x8,0x1,20.1900005,28.1581116,0.0164000113,-0.0586508401,4.33649075e-06,180,1.98699999,2
309108100019052,110734130,2458861.8458144944,58861.341307900002,16.4080048,0.0157412887,0,zg,105.5960501,-17.825351999999999,0.616999984,0,20200113341308,309,0x8,0x1,18.7600002,26.2288647,0.0446386375,-0.0478121452,3.82023209e-05,30,1.59800005,1
309108100019052,111822386,2458872.7282553939,58872.223865699998,16.3643265,0.0155326836,0,zg,105.5960441,-17.825289600000001,0.58099997,-0.00400000019,20200124223866,309,0x8,0x1,20.8600006,26.2258205,0.021643756,-0.0518498905,7.5166904e-06,30,1.71099997,1
309108100019052,112117265,2458875.6769814584,58875.172650499997,16.3453789,0.0154446997,0,zg,105.5960426,-17.825293500000001,0.614000022,0,20200127172650,309,0x8,0x1,20.6499996,26.0669708,0.022870332,-0.0489862002,8.37816788e-06,30,2.08299994,1
309108100019052,112423413,2458878.7383900448,58878.234131899997,16.3386555,0.0154138356,0,zg,105.59606909999999,-17.825296399999999,0.828999996,0.00100000005,20200130234132,309,0x8,0x1,19.8199997,26.2372627,0.0291969832,-0.0537824519,1.40262773e-05,30,1.60800004,1
309108100019052,112721049,2458881.7146736486,58881.210497699998,16.5395641,0.016421264,0,zg,105.5960465,-17.8252831,1.00199997,-0.0170000009,20200202210498,309,0x8,0x1,20.0699997,26.2210331,0.0266238619,-0.0306527223,1.11986637e-05,30,1.65900004,1
309108100019052,113127181,2458885.7758633164,58885.271817100001,16.3640728,0.0155314934,0,zg,105.59605860000001,-17.825278300000001,0.611000001,-0.00200000009,20200206271713,309,0x8,0x1,18.9799995,26.1007786,0.0409721769,-0.0719393045,2.90528205e-05,30,1.59000003,1
309108100019052,113718958,2458891.6934056003,58891.189583300002,16.5398827,0.0164230093,0,zg,105.59604589999999,-17.825296900000001,0.856000006,0,20200212189583,309,0x8,0x1,20.5,26.2244797,0.0203694589,-0.0526943244,6.70059899e-06,30,1.63499999,1
309108100019052,114018630,2458894.690001695,58894.186307900003,16.4887123,0.0161488932,0,zg,105.59605689999999,-17.825270499999998,0.680000007,0.0350000001,20200215186296,309,0x8,0x1,20.9799995,26.2169456,0.0176619515,-0.0542618744,5.11513645e-06,30,1.61899996,1
309108100019052,114518841,2458899.6918721716,58899.1884144,16.3808823,0.0156107936,0,zg,105.59604899999999,-17.825275600000001,0.611999989,0.00100000005,20200220188287,309,0x8,0x1,21.0100002,26.2377815,0.0167927872,-0.0649880692,4.59401008e-06,30,1.58299994,1
309108100019052,115014693,2458904.650131715,58904.146932900003,16.5479507,0.0164673887,0,zg,105.5960492,-17.825290299999999,0.565999985,0.0109999999,20200225146597,309,0x8,0x1,20.7800007,26.1575623,0.0182412639,-0.0433541462,5.34866331e-06,30,1.66199994,1
309108100019052,118712833,2458941.6290452401,58941.128333300003,16.5564613,0.0165145565,0,zg,105.5960434,-17.825280899999999,1.26699996,-0.0450000018,20200402128148,309,0x8,0x1,19.5599995,26.1929245,0.0282457452,-0.0634250641,1.27095864e-05,30,1.61199999,1
309108100019052,137050413,2459125.003531009,59124.504131900001,16.3179474,0.015319936,0,zg,105.59604400000001,-17.825279200000001,0.846000016,0.0240000002,20201002504120,309,0x8,0x1,19.4300003,26.1699238,0.0306059755,-0.0590708107,1.53980745e-05,30,1.92400002,1
309108100019052,137248084,2459126.9803923243,59126.480844899997,16.5476112,0.0164655186,0,zg,105.5960281,-17.825289399999999,1.26600003,-0.057,20201004480706,309,0x8,0x1,19.6900005,26.1297741,0.0262031835,-0.0594313666,1.21888643e-05,30,2.1329999,1
309108100019052,137446175,2459128.9614560897,59128.4617593,16.3465691,0.0154501796,0,zg,105.5960379,-17.825277799999999,0.648999989,-0.00499999989,20201006461759,309,0x8,0x1,19.5,25.9294415,0.0319837406,-0.05110218,1.68182214e-05,30,2.36199999,1
309108100019052,137650069,2459131.0005455674,59130.500694399998,16.338953,0.0154151944,0,zg,105.5960467,-17.825276599999999,0.781000018,-0.0199999996,20201008500694,309,0x8,0x1,20.2000008,26.2340984,0.0201881751,-0.0579596162,6.75001957e-06,30,1.81700003,1
309108100019052,138146035,2459135.9605867942,59135.460358800003,16.5711975,0.0165970698,0,zg,105.5960389,-17.8252886,0.912999988,-0.0260000005,20201013460359,309,0x8,0x1,20.7900009,26.1339874,0.0176617932,-0.0444824025,5.13127952e-06,30,2.08299994,1
309108100019052,138650317,2459141.0037821624,59140.503171299999,16.2944832,0.0152156148,0,zg,105.596062,-17.825288400000002,0.712000012,-0.00100000005,20201018503090,309,0x8,0x1,20.6800003,26.1803684,0.0186289493,-0.0585184433,5.59543059e-06,30,1.65199995,1
309108100019052,138845989,2459142.9606544473,59142.459895799999,16.4714088,0.016059,0,zg,105.5960462,-17.825288199999999,0.778999984,-0.0390000008,20201020459838,309,0x8,0x1,21.0900002,26.2050838,0.0206377488,-0.0556537509,6.8684385e-06,30,1.87899995,1
309108100019052,139050100,2459145.0019189934,59144.501006899998,16.5010128,0.0162136424,0,zg,105.5960599,-17.825286299999998,1.023,-0.0989999995,20201022500891,309,0x8,0x1,21.5300007,26.2777214,0.0164410211,-0.0754216909,4.44024317e-06,30,1.61500001,1
309108100019052,139643917,2459150.9405305493,59150.439178200002,16.5367622,0.0164059345,0,zg,105.5960065,-17.825275900000001,0.697000027,0,20201028439132,309,0x8,0x1,19.8500004,26.2541332,0.029236827,-0.0532381609,1.39212534e-05,30,1.86300004,1
309108100019052,139850347,2459153.0049748938,59152.503472199998,16.383625,0.015623848,0,zg,105.5960501,-17.825292000000001,0.472000003,0.00100000005,20201030503461,309,0x8,0x1,19.7999992,26.3119011,0.0255848169,-0.0673841909,1.06677908e-05,30,1.56799996,1
309108100019052,139941974,2459153.9213142549,59153.419745400002,16.3150558,0.0153069589,0,zg,105.5960367,-17.8253083,0.465000004,0.00499999989,20201031419745,309,0x8,0x1,18.9599991,26.2443008,0.0462319069,-0.0544783771,3.59662081e-05,30,1.972,1
309108100019052,140246097,2459156.9627581523,59156.460972200002,16.4835014,0.0161216725,0,zg,105.5960398,-17.8252913,0.769999981,-0.0120000001,20201103460972,309,0x8,0x1,19.5799999,26.2851105,0.042355936,-0.0730397627,2.93048397e-05,30,1.63900006,1
309108100019052,140445534,2459158.9572731149,59158.455347199997,16.5108757,0.0162660815,0,zg,105.5960362,-17.825274199999999,0.748000026,-0.0109999999,20201105454965,309,0x8,0x1,19.7399998,26.2506275,0.0293764509,-0.0529571548,1.38945943e-05,30,1.63900006,1
309108100019052,141139575,2459165.8981478629,59165.395752299999,16.5542488,0.0165022593,0,zg,105.59603509999999,-17.825282600000001,0.725000024,-0.0320000015,20201112395752,309,0x8,0x1,20.9799995,26.2445202,0.0162222255,-0.0435973778,4.32218985e-06,30,1.88499999,1
309108100019052,141350322,2459168.005761276,59167.503229200003,16.2971573,0.015227396,0,zg,105.59607750000001,-17.825303900000002,0.42899999,-0.00499999989,20201114503229,309,0x8,0x1,20.25,26.2990952,0.0220914055,-0.060317412,8.07455035e-06,30,1.59399998,1
309108100019052,141742981,2459171.9325924679,59171.429814800002,16.5099564,0.0162611678,0,zg,105.59604880000001,-17.8252849,0.708000004,-0.00600000005,20201118429803,309,0x8,0x1,21.1700001,26.3067913,0.0162852034,-0.0630765483,4.36980054e-06,30,1.60699999,1
309108100019052,142041946,2459174.9224239951,59174.419467599997,16.3031483,0.0152538829,0,zg,105.5960551,-17.8253132,0.787,-0.0350000001,20201121419468,309,0x8,0x1,20.6299992,26.1132622,0.0218457468,-0.0571931861,9.34257241e-06,30,1.61399996,1
309108100019052,142238425,2459176.8873289917,59176.384259300001,16.5484676,0.0164702442,0,zg,105.5960528,-17.825289900000001,0.75,-0.00800000038,20201123384259,309,0x8,0x1,21.1399994,26.2285042,0.0162580255,-0.0502283089,4.27966324e-06,30,1.74600005,1
309108100019052,142646152,2459180.9648214839,59180.461527799998,16.4847488,0.0161281805,0,zg,105.59601790000001,-17.825299399999999,0.518999994,0.0170000009,20201127461528,309,0x8,0x1,19.1299992,26.2795143,0.0408953913,-0.0479636379,2.83772952e-05,30,1.58200002,1
309108100019052,143337789,2459187.8815301121,59187.377893500001,16.5116043,0.0162699725,0,zg,105.5960642,-17.825283899999999,1.02100003,-0.00100000005,20201204377870,309,0x8,0x1,19.3600006,26.2854385,0.0318981968,-0.0508845672,1.65520141e-05,30,1.63300002,1
309108100019052,143539805,2459189.9017829983,59189.398055600002,16.3126373,0.0152961323,0,zg,105.596052,-17.8252995,0.532000005,0.00200000009,20201206398056,309,0x8,0x1,20.2999992,26.3256702,0.0216646027,-0.0517595485,8.18908484e-06,30,1.57299995,1
309108100019052,144039855,2459194.9024858498,59194.398553200001,16.4030666,0.0157172959,0,zg,105.5960482,-17.825286800000001,1.00399995,0.00100000005,20201211398553,309,0x8,0x1,20.3899994,26.1373348,0.0204718523,-0.0668301582,6.89942317e-06,30,1.56200004,1
309108100019052,144435644,2459198.8605213016,59198.356446799997,16.3057594,0.0152654769,0,zg,105.59605089999999,-17.8252825,0.994000018,-0.0270000007,20201215356447,309,0x8,0x1,20.7800007,26.2931099,0.0165410712,-0.0599702932,4.53248731e-06,30,1.60699999,1
309108100019052,144935711,2459203.8613444949,59203.357118100001,16.3554688,0.0154913682,0,zg,105.59602889999999,-17.8253047,1.41799998,-0.00499999989,20201220357106,309,0x8,0x1,19.9599991,26.2766838,0.0322265588,-0.0464396402,1.69989762e-05,30,1.57599998,1
309108100019052,144935851,2459203.862744933,59203.358518499997,16.3970108,0.0156880133,0,zg,105.59605120000001,-17.825294599999999,0.367000014,0,20201220358518,309,0x8,0x1,20.1900005,26.289362,0.0277734362,-0.0584064722,1.26706318e-05,30,1.574,3
309108100019052,145626706,2459210.7714443309,59210.2670602,16.3014183,0.0152462218,0,zg,105.59607029999999,-17.825291700000001,0.569999993,-0.00600000005,20201227267060,309,0x8,0x1,19.2199993,26.232378,0.0342107788,-0.0471685678,1.90509854e-05,30,1.94099998,3
309108100019052,146131978,2459215.8242402859,59215.319780099999,16.5725784,0.0166048631,0,zg,105.5960437,-17.825279399999999,0.656000018,-0.00499999989,20210101319769,309,0x8,0x1,18.5300007,26.1196728,0.0499994457,-0.0765535161,6.19366183e-05,30,1.58399999,1
309108100019052,146431605,2459218.8205424971,59218.316053199997,16.2579231,0.0150573859,0,zg,105.59603610000001,-17.825279699999999,0.493000001,-0.0260000005,20210104316053,309,0x8,0x1,20.2000008,26.2206326,0.0232355446,-0.0652256683,8.79098661e-06,30,1.57700002,1
309108100019052,146431793,2459218.8224291112,59218.317939799999,16.2680798,0.0151008256,0,zg,105.59605639999999,-17.825285099999999,0.852999985,0.00300000003,20210104317928,309,0x8,0x1,20.3400002,26.2438297,0.0245790146,-0.0610608943,1.00186689e-05,30,1.574,3
309108100019052,146635622,2459220.8607291374,59220.356226900003,16.2685871,0.015103003,0,zg,105.5960563,-17.825287400000001,1.10399997,-0.00899999961,20210106356227,309,0x8,0x1,19.75,26.0653629,0.0292006992,-0.0286416057,1.37791885e-05,30,1.58899999,1
309108100019052,146635717,2459220.8616781412,59220.357175899997,16.2849808,0.0151739893,0,zg,105.596041,-17.825297599999999,1.08000004,-0.00600000005,20210106357164,309,0x8,0x1,19.8400002,26.027813,0.030261863,-0.0405326039,1.47601486e-05,30,1.59099996,3
309108100019052,146743635,2459221.9408609755,59221.436354199999,16.5676956,0.0165773649,0,zg,105.5960747,-17.825310399999999,0.605000019,0.00100000005,20210107436354,309,0x8,0x1,19.9699993,26.0510349,0.0255070664,-0.0419916697,1.05657464e-05,30,2.17600012,3
309108100019052,146835687,2459222.8613844845,59222.356874999998,16.5274963,0.0163554996,0,zg,105.59606309999999,-17.8252956,0.748000026,-0.0170000009,20210108356875,309,0x8,0x1,20.8400002,26.2783852,0.016619198,-0.0592917986,4.48853552e-06,30,1.60300004,1
309108100019052,146835781,2459222.8623219873,59222.357812499999,16.5204678,0.016317524,0,zg,105.59605670000001,-17.825275699999999,1.06700003,-0.0489999987,20210108357812,309,0x8,0x1,20.8999996,26.2802887,0.0160737578,-0.0671879351,4.271124e-06,30,1.60599995,3
309108100019052,146933572,2459223.8402402643,59223.3357292,16.4886818,0.0161487311,0,zg,105.59606530000001,-17.825286699999999,0.708999991,-0.00700000022,20210109335706,309,0x8,0x1,20.4400005,26.268322,0.0205929037,-0.0490382127,6.91848845e-06,30,1.57000005,3
309108100019052,147033600,2459224.8405182329,59224.336006899997,16.2932777,0.0152103156,0,zg,105.59605980000001,-17.825284700000001,0.611999989,-0.00100000005,20210110336007,309,0x8,0x1,20.5400009,26.2811375,0.0207819901,-0.0535703823,7.05058801e-06,30,1.57299995,1
309108100019052,147137305,2459225.8775657653,59225.373055600001,16.4411926,0.0159053393,0,zg,105.59605310000001,-17.8252962,0.412,-0.00200000009,20210111373056,309,0x8,0x1,20.3600006,26.2077198,0.0213302318,-0.0478957929,7.46252499e-06,30,1.69500005,3
309108100019052,147231378,2459226.8182925717,59226.313784700003,16.5511436,0.0164850429,0,zg,105.596057,-17.825301,0.836000025,0.00499999989,20210112313762,309,0x8,0x1,20.2700005,26.2748775,0.0237456411,-0.0504955389,9.34655054e-06,30,1.56200004,3
309108100019052,147231707,2459226.8215796612,59226.317071799996,16.5703506,0.0165922996,0,zg,105.5960688,-17.825308799999998,1.27199996,-0.00400000019,20210112317072,309,0x8,0x1,20.2199993,26.2781487,0.0239185169,-0.0590330027,9.53647577e-06,30,1.56299996,1
309108100019052,147427243,2459228.7769298158,59228.272430600002,16.4436684,0.0159177743,0,zg,105.5960388,-17.825289099999999,0.52700001,0.00899999961,20210114272431,309,0x8,0x1,20.7700005,26.2343216,0.0187521596,-0.0494862497,5.69205304e-06,30,1.61300004,1
309108100019052,147427337,2459228.7778788097,59228.273379600003,16.4073334,0.0157380216,0,zg,105.59603629999999,-17.8253038,0.834999979,-0.0340000018,20210114273368,309,0x8,0x1,20.75,26.2188206,0.018859975,-0.0598701052,5.84557847e-06,30,1.61000001,3
309108100019052,147532626,2459229.8307540119,59229.326261599999,16.3092422,0.015280975,0,zg,105.5960338,-17.825315100000001,0.776000023,0.0140000004,20210115326262,309,0x8,0x1,19.3500004,26.2951355,0.0483620055,-0.0403808318,3.94740018e-05,30,1.579,3
309108100019052,147634802,2459230.8525051805,59230.348020799996,16.3154831,0.0153088728,0,zg,105.59605910000001,-17.8253056,0.519999981,0.0189999994,20210116348021,309,0x8,0x1,20.5699997,26.2704563,0.0177289154,-0.0421034992,5.13380974e-06,30,1.64499998,1
309108100019052,147634849,2459230.8529797769,59230.348495400001,16.3118286,0.0152925197,0,zg,105.59605569999999,-17.825295000000001,0.873000026,-0.0170000009,20210116348495,309,0x8,0x1,20.5799999,26.2677784,0.0172605142,-0.0409719571,4.81796633e-06,30,1.64699996,3
309108100019052,147728959,2459231.7940706545,59231.289594900001,16.5473289,0.0164639615,0,zg,105.59605209999999,-17.8252712,0.433999985,-0.00300000003,20210117289537,309,0x8,0x1,20.2800007,26.2762661,0.0240229219,-0.0443879813,9.3940962e-06,30,1.56599998,3
309108100019052,147836490,2459232.8693718156,59232.364907399999,16.370882,0.0155634722,0,zg,105.59607250000001,-17.825285399999999,1.68099999,-0.00899999961,20210118364792,309,0x8,0x1,20.7700005,26.2521954,0.0171131939,-0.0541041866,4.8273705e-06,30,1.75800002,1
309108100019052,147836537,2459232.8698348091,59232.365370400003,16.3382759,0.015412095,0,zg,105.5960736,-17.8252974,0.477999985,0.00100000005,20210118365370,309,0x8,0x1,20.6599998,26.2524471,0.0172553528,-0.0587734506,4.87569787e-06,30,1.76100004,3
309108100019052,147931684,2459233.8212934239,59233.316840300002,16.4802227,0.0161046144,0,zg,105.5960457,-17.8252989,1.00999999,0.00600000005,20210119316829,309,0x8,0x1,20.7000008,26.2469616,0.0216616634,-0.0447501875,7.64771721e-06,30,1.58200002,3
309108100019052,149435422,2459248.8583428622,59248.354224499999,16.4362011,0.0158803537,0,zg,105.5960714,-17.825283200000001,0.666000009,0.00800000038,20210203354201,309,0x8,0x1,19.8999996,26.1887836,0.0253856964,-0.0489701703,1.04924611e-05,30,2.06100011,1
309108100019052,149521253,2459249.716625419,59249.212534699996,16.4969215,0.0161920264,0,zg,105.59605329999999,-17.825265900000002,0.77700001,-0.00200000009,20210204212535,309,0x8,0x1,19.3899994,25.794632,0.0345318504,-0.0434986465,1.93381256e-05,30,1.62,3
309108100019052,149627241,2459250.7764743036,59250.272419000001,16.522953,0.0163309257,0,zg,105.5960994,-17.825317500000001,0.59799999,0.00400000019,20210205272407,309,0x8,0x1,19.75,26.2688007,0.0313255526,-0.0382420048,1.62110755e-05,30,1.58500004,1
309108100019052,149627336,2459250.7774233688,59250.273368100003,16.491394,0.016162945,0,zg,105.59604229999999,-17.825301799999998,0.207000002,-0.00700000022,20210205273356,309,0x8,0x1,20.0900002,26.2711048,0.0283082984,-0.0281657279,1.29772588e-05,30,1.58700001,3
309108100019052,149727303,2459251.7770530256,59251.2730324,16.5701981,0.0165914409,0,zg,105.5960449,-17.825298400000001,0.495999992,-0.0149999997,20210206273032,309,0x8,0x1,20.6100006,26.2752724,0.0184022896,-0.0382709764,5.53867676e-06,30,1.59200001,3
309108100019052,149825126,2459252.7552471757,59252.251261600002,16.3843346,0.0156272277,0,zg,105.5960524,-17.825292399999999,1.09099996,-0.00400000019,20210207251250,309,0x8,0x1,21.1499996,26.2904816,0.0156349633,-0.0599532239,4.01567877e-06,30,1.56500006,1
309108100019052,150232858,2459256.8324153707,59256.328587999997,16.3207359,0.0153324781,0,zg,105.59605980000001,-17.825283599999999,0.561999977,0.00600000005,20210211328588,309,0x8,0x1,20.2600002,26.1160164,0.0222728569,-0.0291918069,8.09728681e-06,30,2.0150001,1
309108100019052,150618969,2459260.6933594011,59260.189699100003,16.3701668,0.0155601036,0,zg,105.5960528,-17.825281799999999,0.552999973,-0.00400000019,20210215189699,309,0x8,0x1,20.4899998,26.225359,0.0195059143,-0.0681651533,6.2925169e-06,30,1.60000002,1
309108100019052,150925417,2459263.7576944549,59263.254178199997,16.3583431,0.0155047383,0,zg,105.5960943,-17.825287700000001,0.869000018,0.0170000009,20210218254178,309,0x8,0x1,19.0200005,26.301403,0.0501066819,-0.0432625189,4.63185825e-05,30,1.63199997,1
309108100019052,151120717,2459265.7105953274,59265.207175900003,16.5355396,0.0163992532,0,zg,105.596052,-17.825282000000001,0.526000023,-0.0280000009,20210220207176,309,0x8,0x1,20.3899994,26.3034821,0.0179874785,-0.0468385518,5.62225205e-06,30,1.56299996,1
309108100019052,151323100,2459267.7343220012,59267.231006900001,16.4328384,0.0158635825,0,zg,105.5960577,-17.8252886,0.85799998,0.00899999961,20210222230995,309,0x8,0x1,19.6399994,26.2773056,0.0288280975,-0.0374739803,1.47602868e-05,30,1.597,1
309108100019052,151521303,2459269.7162415497,59269.213032400003,16.5214539,0.0163228344,0,zg,105.5960604,-17.825281400000001,0.773000002,0.00600000005,20210224213032,309,0x8,0x1,20.1100006,26.2854576,0.0222926941,-0.0646764562,8.57781743e-06,30,1.574,1
309108100019052,151721023,2459271.713330227,59271.210231500001,16.5111542,0.016267566,0,zg,105.5960444,-17.8252755,0.210999995,0,20210226210231,309,0x8,0x1,19.3299999,26.290266,0.0323418193,-0.0538202189,1.83247794e-05,30,1.57799995,1
309108100019052,151916968,2459273.6726744599,59273.169687499998,16.5327225,0.0163838938,0,zg,105.5960541,-17.825290299999999,0.587000012,-0.0149999997,20210228169688,309,0x8,0x1,19.4099998,26.2006226,0.0331411324,-0.0616650097,1.8914372e-05,30,1.57200003,1
309108100019052,152421517,2459278.7178579778,59278.215173600001,16.2738895,0.0151258493,0,zg,105.5960662,-17.825275399999999,0.55400002,-0.00200000009,20210305215174,309,0x8,0x1,19.6000004,26.1905899,0.0414838716,-0.0369440466,2.84581674e-05,30,1.63900006,1
309108100019052,153914755,2459293.6492425133,59293.147557900003,16.5477486,0.0164662749,0,zg,105.5960583,-17.825287400000001,0.735000014,0.00100000005,20210320147558,309,0x8,0x1,20.3600006,26.2745132,0.019295726,-0.0445571207,6.11590485e-06,30,1.57299995,1
309108100019052,154219041,2459296.691882913,59296.190416700003,16.6314812,0.0169462208,0,zg,105.5960858,-17.825378000000001,0.81099999,-0.224000007,20210323190417,309,0x8,0x1,18.2999992,26.1848869,0.0539444163,-0.0633368865,0.000101239122,30,1.75999999,1
309108100019052,154719056,2459301.6916670939,59301.190567099999,16.5702171,0.0165915489,0,zg,105.59606479999999,-17.825279500000001,0.518999994,-0.0130000003,20210328190567,309,0x8,0x1,18.9500008,26.1333599,0.0387020372,-0.0347298458,2.51141028e-05,30,1.86300004,1
309108100019052,154919061,2459303.6915648472,59303.190613400002,16.3988342,0.0156968087,0,zg,105.59606309999999,-17.825292999999999,0.479000002,0.0149999997,20210330190613,309,0x8,0x1,19.4599991,26.1723347,0.0321573801,-0.064509511,1.67931721e-05,30,1.91299999,1
309108100019052,155215373,2459306.6544681308,59306.153738399997,16.4934425,0.0161737092,0,zg,105.59606429999999,-17.8252694,1.01900005,0.0240000002,20210402153738,309,0x8,0x1,20.5699997,26.1421108,0.0186319146,-0.0393695273,5.72388763e-06,30,1.70500004,1
309108100019052,155615381,2459310.654247521,59310.153819400002,16.5525188,0.0164926592,0,zg,105.59605980000001,-17.825284700000001,0.60799998,0.0140000004,20210406153819,309,0x8,0x1,20.1499996,26.17453,0.0214812253,-0.0484342612,7.46106798e-06,30,1.77100003,1
309108100019052,155819118,2459312.6914544827,59312.191180599999,16.5562496,0.0165133756,0,zg,105.59606789999999,-17.825270700000001,1.28400004,-0.0209999997,20210408191181,309,0x8,0x1,20.1200008,26.1025753,0.0211508349,-0.0306592453,7.29334079e-06,30,2.22799993,1
309108100019052,156019081,2459314.6909325896,59314.190810200002,16.3562756,0.0154951178,0,zg,105.596084,-17.825272099999999,0.799000025,0,20210410190810,309,0x8,0x1,20.1399994,26.0477276,0.0213778038,-0.0302891899,7.41309532e-06,30,2.31500006,1
309108100019052,173550099,2459490.0003750348,59489.500995399998,16.5406685,0.0164273214,0,zg,105.5960283,-17.8252782,1.09200001,-0.050999999,20211002500926,309,0x8,0x1,20.6900005,26.1954727,0.0178441461,-0.0676974952,5.20957201e-06,30,1.95700002,1
309108100019052,174743903,2459501.9393225447,59501.4390394,16.4523735,0.0159617141,0,zg,105.59604469999999,-17.825272300000002,0.815999985,-0.0309999995,20211014439016,309,0x8,0x1,20.7399998,26.1459236,0.0179782342,-0.0545371622,5.24495317e-06,30,2.37800002,1
309108100019052,174947991,2459503.9803571641,59503.479918999998,16.4845085,0.0161269233,0,zg,105.59604280000001,-17.825309799999999,1.102,-0,20211016479803,309,0x8,0x1,20.3999996,26.1770668,0.024226604,-0.040672835,9.46504679e-06,30,1.80499995,1
309108100019052,175541848,2459509.9193702852,59509.4184838,16.3456192,0.0154458033,0,zg,105.5960412,-17.825278099999998,1.40699995,-0.0370000005,20211022418484,309,0x8,0x1,19.6599998,26.1607094,0.0282824393,-0.0299406573,1.28572801e-05,30,2.35299993,1
309108100019052,176444620,2459518.9477560045,59518.446203699998,16.5023289,0.0162206125,0,zg,105.59605019999999,-17.8252925,1.36600006,-0.0890000015,20211031446192,309,0x8,0x1,21.1000004,26.2939568,0.0181431975,-0.0841725245,5.3782137e-06,30,1.755,1
309108100019052,176750234,2459522.0041204207,59521.502349499999,16.527359,0.0163547564,0,zg,105.596059,-17.8252959,0.848999977,-0.00800000038,20211103502338,309,0x8,0x1,20.5400009,26.3100128,0.0204554014,-0.0665280074,6.90415663e-06,30,1.56200004,1
309108100019052,177539446,2459529.8967804578,59529.394467600003,16.4549599,0.0159748383,0,zg,105.5960515,-17.8252959,0.703000009,0.00400000019,20211111394456,309,0x8,0x1,20.4400005,26.2374058,0.0240505394,-0.0296699405,9.31453542e-06,30,1.92900002,1
309108100019052,178240385,2459536.9066144503,59536.403854199998,16.2734795,0.0151240788,0,zg,105.5960522,-17.8252819,0.616999984,0.0130000003,20211118403843,309,0x8,0x1,19.4599991,26.2692184,0.0295784846,-0.0545670353,1.40527673e-05,30,1.71500003,1
309108100019052,186823210,2459622.7359070079,59622.2321065,16.5735455,0.0166103225,0,zg,105.5960364,-17.825283500000001,0.574999988,-0.00700000022,20220212232095,309,0x8,0x1,19.3400002,26.2614117,0.0338984095,-0.0383682512,1.90661667e-05,30,1.56200004,1
309108100019052,187022797,2459624.7316892906,59624.227974499998,16.4361115,0.0158799086,0,zg,105.5960613,-17.825288499999999,1.04900002,-0.0540000014,20220214227975,309,0x8,0x1,19.8299999,26.2755909,0.0234169755,-0.0382526815,9.02929241e-06,30,1.56299996,1
309108100019052,187521365,2459629.7171394755,59629.213657400003,16.358902,0.0155073432,0,zg,105.5960374,-17.825301100000001,1.19200003,-0.00700000022,20220219213646,309,0x8,0x1,19.6000004,26.2937622,0.0276682619,-0.067585893,1.26642872e-05,30,1.56200004,1
309108100019052,192015119,2459674.6517151943,59674.151192099998,16.467535,0.0160390716,0,zg,105.5960697,-17.825292399999999,0.500999987,0,20220405151181,309,0x8,0x1,20.6399994,26.212038,0.0170420315,-0.0605858639,4.81312145e-06,30,1.73300004,1
309108100019052,192415547,2459678.6556946035,59678.155474500003,16.5259476,0.0163471121,0,zg,105.59606049999999,-17.8252788,1.91900003,-0.0410000011,20220409155463,309,0x8,0x1,20.1599998,26.1126747,0.0217515845,-0.0557258576,7.85488555e-06,30,1.83800006,1
309108100019052,210146303,2459855.9624652872,59855.463032400003,16.5560074,0.0165120307,0,zg,105.5960341,-17.8252664,1.42499995,-0.0460000001,20221003463032,309,0x8,0x1,20.8600006,26.0849457,0.0244960412,-0.0698992014,9.87065869e-06,30,2.52099991,1
309108100019052,210446296,2459858.962621598,59858.462962999998,16.2884865,0.0151893059,0,zg,105.59604969999999,-17.825302900000001,0.606000006,-0.0289999992,20221006462963,309,0x8,0x1,20.9200001,26.1033173,0.0244797599,-0.056502603,9.73424994e-06,30,2.352,1
309108100019052,210648148,2459860.9812927647,59860.481481499999,16.3816433,0.0156144165,0,zg,105.59604160000001,-17.8252706,1.15799999,-0.0439999998,20221008481470,309,0x8,0x1,19.8799992,26.223877,0.0254379287,-0.0954556391,1.0437986e-05,30,1.99899995,1
309108100019052,211146023,2459865.9604207403,59865.460231500001,16.5320015,0.0163799673,0,zg,105.59605000000001,-17.825279299999998,0.786000013,-0.0260000005,20221013460220,309,0x8,0x1,19.7000008,26.1837578,0.0300788432,-0.0510148853,1.47003238e-05,30,2.09200001,1
309108100019052,211748033,2459871.9809816224,59871.480335599997,16.4383469,0.0158910807,0,zg,105.5960714,-17.825299600000001,0.708000004,0.00200000009,20221019479850,309,0x8,0x1,20.1399994,26.246769,0.0300692134,-0.0609146729,1.46921966e-05,30,1.75100005,1
309108100019052,212250296,2459877.0039865463,59876.502962999999,16.2772522,0.0151403947,0,zg,105.5960628,-17.825279299999998,1.755,0.00600000005,20221024502951,309,0x8,0x1,19.9300003,26.2778168,0.0315180086,-0.068373315,1.64479134e-05,30,1.59800005,1
309108100019052,212443776,2459878.9389335918,59878.437766199997,16.326992,0.0153607326,0,zg,105.5960566,-17.8252819,0.921999991,-0.0399999991,20221026437755,309,0x8,0x1,20.5599995,26.2118893,0.0188118741,-0.0449901372,5.79656489e-06,30,1.94000006,1
309108100019052,213338717,2459887.888991361,59887.387175900003,16.2377548,0.0149722844,0,zg,105.5960139,-17.825347900000001,0.986999989,-0.00200000009,20221104387164,309,0x8,0x1,19.1000004,26.1535263,0.0493208133,-0.0555150807,4.08315937e-05,30,2.28999996,1
309108100019052,214443576,2459898.9383227634,59898.435763900001,16.5412788,0.0164306704,0,zg,105.5960556,-17.82526,1.28100002,-0.061999999,20221115435706,309,0x8,0x1,20.3600006,26.2899342,0.0202046372,-0.0831567049,6.76159971e-06,30,1.61800003,1
309108100019052,214645226,2459900.9549543094,59900.452268499997,16.3549919,0.0154891517,0,zg,105.5960724,-17.825304500000001,0.579999983,0.00100000005,20221117452268,309,0x8,0x1,19.7099991,26.2859135,0.0298123751,-0.0522164181,1.47395103e-05,30,1.57099998,1
309108100019052,214742773,2459901.9304776122,59901.4277315,16.443325,0.0159160476,0,zg,105.5960532,-17.825276899999999,1.00399995,-0.0140000004,20221118427674,309,0x8,0x1,20.6200008,26.2545338,0.0197367389,-0.0647389963,6.49923322e-06,30,1.61699998,1
309108100019052,214844019,2459902.943004712,59902.440196800002,16.5319366,0.0163796172,0,zg,105.5960796,-17.825316600000001,0.876999974,0.0359999985,20221119440185,309,0x8,0x1,19.7199993,26.2715969,0.0317607597,-0.0542469472,1.69836094e-05,30,1.58099997,1
309108100019052,215233784,2459906.840885093,59906.337847199997,16.3128433,0.0152970543,0,zg,105.5960528,-17.8252816,1.21599996,-0.00700000022,20221123337836,309,0x8,0x1,20.3700008,26.1927795,0.026715707,-0.0737529621,1.17335712e-05,30,2.24699998,1
309108100019052,217836940,2459932.8735938482,59932.369409699997,16.5407276,0.0164276436,0,zg,105.5960583,-17.825276800000001,1.13,-0.0430000015,20221219369398,309,0x8,0x1,20.8400002,26.2783699,0.0166598335,-0.0623520352,4.64961431e-06,30,1.56700003,1
309108100019052,218037009,2459934.8743326208,59934.370092600002,16.3778973,0.0155966245,0,zg,105.59604899999999,-17.825287200000002,1.11899996,-0.0149999997,20221221370081,309,0x8,0x1,20.4899998,26.2758923,0.0209071003,-0.0627245978,7.18718047e-06,30,1.56299996,1
309108100019052,218233591,2459936.8402043725,59936.335914399999,16.5483189,0.0164694227,0,zg,105.5960532,-17.8252773,0.89200002,-0.0120000001,20221223335903,309,0x8,0x1,20.8099995,26.2961197,0.0178907793,-0.0843108669,5.34511628e-06,30,1.60699999,1
309108100019052,219733842,2459951.8429303602,59951.338425900001,16.464077,0.0160213355,0,zg,105.5960212,-17.825282000000001,0.537999988,0.0120000001,20230107338426,309,0x8,0x1,18.6399994,26.2823124,0.0457172059,-0.0523898602,4.45120968e-05,30,1.56599998,1
309108100019052,221231618,2459966.8205989352,59966.316180599999,16.4146786,0.0157738905,0,zg,105.59604659999999,-17.82527,0.779999971,-0.0120000001,20230122316181,309,0x8,0x1,20.6800003,26.2767181,0.018827796,-0.0538898073,5.86238957e-06,30,1.59399998,1
309108100019052,221425644,2459968.7608320336,59968.256446799998,16.3122635,0.0152944643,0,zg,105.5960685,-17.825275099999999,0.912999988,-0.00499999989,20230124256447,309,0x8,0x1,20.2199993,26.2890434,0.0230316147,-0.0633489341,8.7572671e-06,30,1.58800006,1
309108100019052,221625437,2459970.7587209828,59970.254374999997,16.5636482,0.0165546592,0,zg,105.5960513,-17.8253354,1.14100003,0.0179999992,20230126254363,309,0x8,0x1,19.4500008,26.3235302,0.0393709987,-0.0796461478,2.61100704e-05,30,1.58200002,1
309108100019052,221831505,2459972.8193579842,59972.315057899999,16.5248795,0.0163413342,0,zg,105.59607080000001,-17.825275099999999,0.954999983,-0.0140000004,20230128315046,309,0x8,0x1,20.3199997,26.2713375,0.0207566805,-0.0606636479,7.17172725e-06,30,1.63900006,1
309108100019052,222523278,2459979.7368962541,59979.232789399997,16.5334148,0.0163876656,0,zg,105.5960429,-17.825292300000001,0.699999988,-0.0370000005,20230204232778,309,0x8,0x1,19.3099995,26.2340393,0.033389803,-0.0604512952,1.83824432e-05,30,1.57700002,1
309108100019052,222814817,2459982.6521791639,59982.148171300003,16.5486164,0.0164710674,0,zg,105.5960815,-17.825332800000002,0.843999982,-0.00200000009,20230207147905,309,0x8,0x1,18.6100006,26.2184505,0.0514401942,-0.0711989105,6.13627417e-05,30,2.00200009,1
309108100019052,225925289,2460013.7552900952,60013.252893500001,16.5704308,0.0165927503,0,zg,105.596065,-17.825347099999998,0.435000002,0.0430000015,20230310252894,309,0x8,0x1,18.7900009,26.1224518,0.045269344,-0.0616544075,3.91614085e-05,30,1.977,1
309108100019052,226616268,2460020.6646162067,60020.162685199997,16.5529194,0.0164948776,0,zg,105.5960685,-17.825264799999999,0.760999978,-0.0549999997,20230317162685,309,0x8,0x1,20.8099995,26.2546558,0.0176617783,-0.0745424703,5.26171061e-06,30,1.58200002,1
309108100019052,227615353,2460030.654744783,60030.153530099997,16.5538101,0.0164998248,0,zg,105.5960736,-17.825260700000001,0.915000021,-0.0179999992,20230327153530,309,0x8,0x1,20.4899998,26.2264462,0.018395165,-0.0709507391,5.57108069e-06,30,1.62800002,1
309108100019052,228215017,2460036.6509421999,60036.150173599999,16.5383129,0.016414417,0,zg,105.59605740000001,-17.825279200000001,1.58800006,-0.107000001,20230402150174,309,0x8,0x1,20.0400009,26.2088757,0.022918608,-0.0655150563,8.63259265e-06,30,1.67999995,1
309108100019052,246646077,2460220.9601886477,60220.460775500003,16.2568932,0.0150530031,0,zg,105.59606119999999,-17.825279800000001,0.74000001,0.0309999995,20231003460775,309,0x8,0x1,18.9599991,26.0356827,0.048465915,-0.0657258257,4.0018258e-05,30,2.58999991,1
309108100019052,246846202,2460222.9615889308,60222.462025499997,16.4601059,0.0160010364,0,zg,105.5960082,-17.825313900000001,0.720000029,0.00100000005,20231005462014,309,0x8,0x1,19.2199993,26.1225796,0.0404621735,-0.0563857481,2.65974577e-05,30,2.43799996,1
309108100019052,247046003,2460224.9597489052,60224.460034700001,16.5315323,0.0163774192,0,zg,105.5960393,-17.825265300000002,0.853999972,-0.0160000008,20231007459919,309,0x8,0x1,20.1299992,26.139307,0.0236779433,-0.0439406484,9.11711959e-06,30,2.36899996,1
309108100019052,247544060,2460229.9406940099,60229.440601900002,16.4258537,0.0158289112,0,zg,105.5961557,-17.8252907,0.936999977,0.0599999987,20231012440602,309,0x8,0x1,18.9099998,26.1671352,0.0542958155,-0.057314571,5.80014421e-05,30,2.48799992,1
309108100019052,247845407,2460232.954395405,60232.454074100002,16.3983955,0.0156946909,0,zg,105.5960506,-17.825281499999999,1.29299998,-0.00999999978,20231015454062,309,0x8,0x1,20.8899994,26.2015724,0.0180230681,-0.0542651899,5.30355965e-06,30,2.1099999,1
309108100019052,248243792,2460236.9385517263,60236.437928200001,16.2973976,0.0152284531,0,zg,105.5960583,-17.8252907,1.16700006,-0.0399999991,20231019437928,309,0x8,0x1,20.7199993,26.2032528,0.0232114159,-0.0868324563,8.98882899e-06,30,2.18600011,1
309108100019052,248441894,2460238.9197198674,60238.418946799997,16.5625191,0.0165483411,0,zg,105.5960291,-17.825274,1.55999994,-0.0209999997,20231021418819,309,0x8,0x1,20.7000008,26.1294403,0.0197993815,-0.0642711297,6.43192698e-06,30,2.42600012,1
309108100019052,248848156,2460242.9826398157,60242.481562499997,16.431303,0.0158559419,0,zg,105.59606770000001,-17.825278399999998,1.245,-0.050999999,20231025481562,309,0x8,0x1,21.3500004,26.2695179,0.016743198,-0.0776964128,4.69510542e-06,30,1.66299999,1
309108100019052,249147479,2460245.9760903204,60245.474791699999,16.5281925,0.0163592733,0,zg,105.5960551,-17.825268600000001,0.381000012,-0.00899999961,20231028474792,309,0x8,0x1,19.3700008,26.2929478,0.0315789878,-0.0800050572,1.6217351e-05,30,1.65699995,1
309108100019052,249945998,2460253.9618610456,60253.459988399998,16.2838821,0.0151692024,0,zg,105.59604469999999,-17.8252618,0.640999973,-0.00499999989,20231105459977,309,0x8,0x1,20.3400002,26.2785263,0.0230254922,-0.0468039103,8.71150587e-06,30,1.63,1
309108100019052,250247337,2460256.9754610169,60256.4733796,16.5540733,0.0165012814,0,zg,105.59607560000001,-17.8252606,0.711000025,0.00100000005,20231108472558,309,0x8,0x1,19.8899994,26.2777386,0.0434779674,-0.0709682703,3.1585736e-05,30,1.57700002,1
309108100019052,250439877,2460258.9009851785,60258.398773100002,16.5242615,0.0163379908,0,zg,105.5960522,-17.825288499999999,1.17900002,-0.0109999999,20231110398762,309,0x8,0x1,20.1000004,26.1819878,0.0262900926,-0.0458003581,1.13952947e-05,30,1.92799997,1
309108100019052,250647903,2460260.9813901139,60260.479039400001,16.3614693,0.0155193191,0,zg,105.5960632,-17.825293800000001,0.474000007,0,20231112479039,309,0x8,0x1,20.3500004,26.285368,0.0238933954,-0.0576824285,9.4412344e-06,30,1.56200004,1
309108100019052,253329541,2460287.7992350813,60287.295416699999,16.5028229,0.0162232295,0,zg,105.596051,-17.825246400000001,0.944999993,-0.00400000019,20231209295405,309,0x8,0x1,19.8400002,26.1843204,0.0298494399,-0.0738388672,1.45356789e-05,30,2.23799992,1
309108100019052,253637500,2460290.8789407327,60290.375,16.5622387,0.0165467747,0,zg,105.5960508,-17.825279099999999,0.430000007,0.00800000038,20231212375000,309,0x8,0x1,20.4200001,25.787838,0.044071693,-0.0394716486,3.17824306e-05,30,1.58700001,1
309108100019052,256027523,2460314.7797224629,60314.275231500003,16.3557167,0.0154925194,0,zg,105.59606220000001,-17.825274199999999,0.89200002,-0.00300000003,20240105275231,309,0x8,0x1,20.2399998,26.2665977,0.0251832958,-0.0649620891,1.07201276e-05,30,1.71000004,1
309108100019052,256830456,2460322.8090675063,60322.304560199998,16.3623657,0.0155235073,0,zg,105.5960839,-17.825303900000002,0.865999997,0.0399999991,20240113304549,309,0x8,0x1,19.6499996,26.2851295,0.0319843031,-0.0639960542,1.71116008e-05,30,1.56500006,1
309108100019052,257033635,2460324.8408517903,60324.336354200001,16.3935928,0.0156715587,0,zg,105.59605980000001,-17.825269800000001,0.666999996,-0.0370000005,20240115336343,309,0x8,0x1,20.7399998,26.2904453,0.0186825842,-0.079516001,5.85004409e-06,30,1.59500003,1
309108100019052,257230788,2460326.8123647477,60326.3078819,16.4044418,0.0157239642,0,zg,105.5960604,-17.8252819,0.549000025,0.0280000009,20240117307870,309,0x8,0x1,20.5799999,26.1082535,0.0192490555,-0.037570063,6.08006485e-06,30,1.56299996,1
309108100019052,258025472,2460334.759093218,60334.254722199999,16.4585381,0.0159930438,0,zg,105.5960523,-17.825279699999999,0.878000021,0.00499999989,20240125254722,309,0x8,0x1,19.1499996,26.2728024,0.036740955,-0.0700006634,2.22887375e-05,30,1.58700001,1
309108100019052,258525987,2460339.7641311074,60339.2598727,16.5329456,0.0163851082,0,zg,105.5960585,-17.825282600000001,0.873000026,-0.0649999976,20240130259850,309,0x8,0x1,20.4400005,26.2824116,0.0194756873,-0.0648870468,6.34968728e-06,30,1.56400001,1
309108100019052,258734840,2460341.8526047827,60341.348402800002,16.4496861,0.0159481131,0,zg,105.59607509999999,-17.825274400000001,1,-0.00600000005,20240201348218,309,0x8,0x1,19.8099995,26.2038898,0.0264359098,-0.0763525143,1.13443848e-05,30,1.91299999,1
309108100019052,259827475,2460352.7785771913,60352.274756899998,16.299614,0.0152382376,0,zg,105.5960603,-17.825282000000001,1.32200003,-0.0560000017,20240212274757,309,0x8,0x1,20.5699997,26.2571602,0.0208255667,-0.0553687327,7.17496414e-06,30,1.63900006,1
309108100019052,260021151,2460354.7152543371,60354.211516199997,16.3613815,0.0155189121,0,zg,105.59605569999999,-17.825278900000001,0.758000016,-0.0599999987,20240214211505,309,0x8,0x1,20.5499992,26.0672779,0.0227690265,-0.0781614631,8.82333097e-06,30,1.57000005,1
309108100019052,260327043,2460357.7740398338,60357.270439799999,16.3339653,0.0153924115,0,zg,105.5960688,-17.8252849,0.689999998,-0.0189999994,20240217270428,309,0x8,0x1,20.3600006,26.2486324,0.0189030766,-0.0658290461,5.86804299e-06,30,1.67799997,1
309108100019052,262023084,2460374.7335142894,60374.230844899997,16.5516262,0.0164877176,0,zg,105.5960765,-17.8252752,0.551999986,-0.00400000019,20240305230845,309,0x8,0x1,20.0799999,26.2082367,0.0213496629,-0.0474648513,7.48784669e-06,30,1.71200001,1
309108100019052,263414740,2460388.64914688,60388.1474074,16.5597038,0.0165326186,0,zg,105.5960798,-17.8252728,0.425000012,0.00400000019,20240319147407,309,0x8,0x1,19.7800007,26.2521725,0.0309769642,-0.067618154,1.5781583e-05,30,1.57099998,1
309108100019052,264321570,2460397.7167873983,60397.215706000003,16.4594345,0.0159976128,0,zg,105.59607440000001,-17.825278699999998,1.27199996,-0.0350000001,20240328215706,309,0x8,0x1,19.8199997,26.0608025,0.0278017242,-0.0527921207,1.2851423e-05,30,2.15400004,1
309108100019052,264916684,2460403.66747675,60403.1668403,16.5248184,0.0163410045,0,zg,105.5960594,-17.825266299999999,0.949000001,0.0309999995,20240403166829,309,0x8,0x1,20.4599991,26.1334572,0.0189353563,-0.0369316973,6.02431692e-06,30,1.80900002,1
309108100019052,283847987,2460592.9797964613,60592.479872700002,16.5307732,0.0163732879,0,zg,105.5960718,-17.8252846,0.861000001,0.0209999997,20241009479734,309,0x8,0x1,20.3099995,26.1986866,0.0233766735,-0.0811386108,8.90945375e-06,30,1.97099996,1
309108100019052,284144228,2460595.9424289395,60595.442280099996,16.5361443,0.0164025519,0,zg,105.59603,-17.825264499999999,0.833999991,-0.0109999999,20241012442280,309,0x8,0x1,20.5699997,26.1355515,0.0196145587,-0.0468436778,6.23064261e-06,30,2.40899992,1
309108100019052,284246268,2460596.9629116217,60596.4626852,16.5320473,0.0163802207,0,zg,105.5960389,-17.825276599999999,0.875999987,-0.0370000005,20241013462685,309,0x8,0x1,20.8099995,26.2253895,0.0186918825,-0.0747802034,5.79887774e-06,30,2.04299998,1
309108100019052,284447935,2460598.9797315421,60598.479351900001,16.5385475,0.0164156947,0,zg,105.5960489,-17.825268000000001,0.782999992,-0.0299999993,20241015479352,309,0x8,0x1,20.5,26.2326508,0.0205226019,-0.0592108257,6.97343239e-06,30,1.82500005,1
309108100019052,284650591,2460601.0064477487,60600.505914399997,16.4500046,0.0159497224,0,zg,105.59604969999999,-17.825273599999999,0.583000004,-0.0260000005,20241017505903,309,0x8,0x1,19.1499996,26.2831154,0.0382469594,-0.0734047219,2.36790784e-05,30,1.64400005,1
309108100019052,284944239,2460603.9431509976,60603.442395799997,16.3649521,0.0155356154,0,zg,105.5960323,-17.825274199999999,0.93900001,-0.0280000009,20241020442292,309,0x8,0x1,19.5400009,26.2066116,0.0297006927,-0.088765718,1.4511199e-05,30,2.05800009,1
309108100019052,285350039,2460608.0014528227,60607.500393499999,16.2859707,0.0151783116,0,zg,105.5960678,-17.8252782,0.717999995,-0.0390000008,20241024500370,309,0x8,0x1,20.5300007,26.3029022,0.0187642314,-0.0781633705,5.79656171e-06,30,1.60099995,1
309108100019052,285541561,2460609.916814812,60609.4156134,16.3850899,0.0156308319,0,zg,105.5960587,-17.825290200000001,0.952000022,-0.0340000018,20241026415613,309,0x8,0x1,20.5499992,26.1836185,0.0244980939,-0.0662672073,9.85351016e-06,30,2.204,1
309108100019052,286142053,2460615.922171446,60615.4205324,16.4657898,0.0160301141,0,zg,105.5960518,-17.825275699999999,0.882000029,-0.0450000018,20241101420521,309,0x8,0x1,20.7099991,26.2080669,0.01757266,-0.0656792521,5.08624316e-06,30,1.93599999,1
309108100019052,286549952,2460620.0014529866,60619.499525500003,16.4792347,0.0160994828,0,zg,105.5960939,-17.825262200000001,1.00199997,0.0280000009,20241105499514,309,0x8,0x1,19.7600002,26.2634602,0.0301816799,-0.0506938212,1.52998127e-05,30,1.56200004,1
309108100019052,287439936,2460628.9018871295,60628.3993634,16.3922005,0.0156648662,0,zg,105.5960468,-17.825272600000002,1.22000003,-0.064000003,20241114399329,309,0x8,0x1,19.6499996,26.2601948,0.0271102581,-0.0819172934,1.20065533e-05,30,1.81099999,1
309108100019052,287741542,2460631.9181417944,60631.415428200002,16.4829369,0.0161187351,0,zg,105.5960603,-17.825251900000001,1.14699996,-0.0309999995,20241117415428,309,0x8,0x1,19.0699997,26.1373539,0.0394248776,-0.0571208596,2.71142053e-05,30,1.66900003,1
309108100019052,287835833,2460632.8611047994,60632.358333299999,16.2997646,0.0152389063,0,zg,105.5960664,-17.825290200000001,0.870999992,0.0140000004,20241118358275,309,0x8,0x1,18.9599991,26.1913319,0.0422467887,-0.055843465,3.13990167e-05,30,2.12299991,1
309108100019052,288244405,2460636.9470651718,60636.444050899998,16.3190193,0.0153247528,0,zg,105.596053,-17.825294299999999,1.23199999,-0.064000003,20241122444039,309,0x8,0x1,20.4799995,26.2544155,0.017969327,-0.0453858748,5.30028865e-06,30,1.56500006,1
309108100019052,288637913,2460640.8823662754,60640.379131900001,16.4270096,0.015834637,0,zg,105.59605670000001,-17.825284,1.09300005,-0.00200000009,20241126379120,309,0x8,0x1,20.5799999,26.2561436,0.0177447144,-0.0660156682,5.14789917e-06,30,1.72800004,1
309108100019052,289037750,2460644.880943107,60644.377500000002,16.2651367,0.0150881968,0,zg,105.596065,-17.8252816,0.617999971,-0.0209999997,20241130377488,309,0x8,0x1,20.4400005,26.2565632,0.0218277574,-0.0529795624,7.82483858e-06,30,1.67999995,1
309108100019052,289437668,2460648.8803255004,60648.376689800003,16.5135078,0.0162801538,0,zg,105.59606839999999,-17.8252822,0.50999999,-0.0419999994,20241204376586,309,0x8,0x1,21.1200008,26.2258739,0.0169002209,-0.0554528609,4.69191264e-06,30,1.63800001,1
309108100019052,289931158,2460653.8154351157,60653.3115856,16.4737606,0.016071137,0,zg,105.59597789999999,-17.825340199999999,1.23699999,-0.0790000036,20241209311574,309,0x8,0x1,19.0699997,26.2260475,0.0444623716,-0.0611638762,3.42732747e-05,30,1.99100006,1
309108100019052,291035732,2460664.8615520233,60664.357326400001,16.3723755,0.0155705139,0,zg,105.59607459999999,-17.825290599999999,1.08000004,-0.0109999999,20241220357326,309,0x8,0x1,20.3799992,26.2880497,0.0190714411,-0.0700531825,6.06397771e-06,30,1.57599998,1
309108100019052,291240170,2460666.9059802471,60666.401701399998,16.3954086,0.0156802926,0,zg,105.5960692,-17.825263100000001,0.635999978,-0.0189999994,20241222401701,309,0x8,0x1,20.5900002,26.2582264,0.0180713385,-0.0676490143,5.41572535e-06,30,1.59899998,1
309108100019052,293727568,2460691.7801681245,60691.275682899999,16.5502129,0.0164798927,0,zg,105.5960426,-17.825268099999999,0.828999996,-0.00700000022,20250116275683,309,0x8,0x1,19.0300007,26.2439041,0.0402250029,-0.0568809547,2.80976674e-05,30,1.59099996,1
309108100019052,293925233,2460693.7568040709,60693.252337999998,16.3679104,0.0155494967,0,zg,105.59603970000001,-17.825277400000001,0.856000006,0.0120000001,20250118252326,309,0x8,0x1,19.8500004,26.2697678,0.02769088,-0.0723600313,1.27863241e-05,30,1.64300001,1
309108100019052,294129195,2460695.7963968706,60695.291956000001,16.3627052,0.0155250961,0,zg,105.5960675,-17.825270400000001,0.944999993,-0.0179999992,20250120291956,309,0x8,0x1,20.8199997,26.2823696,0.0172264688,-0.0585325882,4.92824665e-06,30,1.56200004,1
309108100019052,294421312,2460698.7175201625,60698.213125000002,16.5764523,0.0166267604,0,zg,105.596019,-17.8253123,1.03900003,-0.00200000009,20250123213113,309,0x8,0x1,19.4200001,26.0931969,0.0359279588,-0.0730856955,2.1609796e-05,30,1.77600002,1
309108100019052,295229400,2460706.7982154964,60706.2940046,16.3495102,0.0154637536,0,zg,105.5960774,-17.825281400000001,1.204,-0.0710000023,20250131294005,309,0x8,0x1,20.8299999,26.2731781,0.0176140126,-0.080693163,5.18398519e-06,30,1.60300004,1
309108100019052,296825662,2460722.7602332025,60722.256620400003,16.5283051,0.0163598824,0,zg,105.5960777,-17.8252609,1.00300002,-0.0109999999,20250216256620,309,0x8,0x1,19.5,25.9436302,0.0398273543,-0.0596008487,2.60335073e-05,30,1.62100005,1
309108100019052,297116935,2460725.6728250445,60725.169351899996,16.4426689,0.0159127545,0,zg,105.59606290000001,-17.825273200000002,0.680999994,0.00999999978,20250219169352,309,0x8,0x1,20.1900005,26.2279339,0.0234020166,-0.0578368679,9.25362292e-06,30,1.62800002,1
309108100019052,297323116,2460727.7345380709,60727.231168999999,16.523407,0.0163333789,0,zg,105.5960694,-17.8252764,0.558000028,-0.00800000038,20250221231146,309,0x8,0x1,20.6299992,26.2388325,0.0322937593,-0.0645378307,1.712827e-05,30,1.59000003,1
309108100019052,297423195,2460728.7352730399,60728.231956000003,16.4316635,0.0158577375,0,zg,105.59606530000001,-17.825270499999998,0.492000014,-0.00700000022,20250222231956,309,0x8,0x1,20.3700008,26.2387695,0.0219557956,-0.0735729486,7.93614345e-06,30,1.59800005,1
309108100019052,297524682,2460729.7500919835,60729.246828700001,16.3811188,0.0156119214,0,zg,105.5960781,-17.825289900000001,0.532999992,-0.00100000005,20250223246817,309,0x8,0x1,20.3799992,26.2029819,0.0250823721,-0.045002304,1.04087203e-05,30,1.65499997,1
309108100019052,297623193,2460730.7351430771,60730.231932900002,16.3558311,0.0154930511,0,zg,105.5960661,-17.825291,0.356999993,-0.00499999989,20250224231933,309,0x8,0x1,20.1700001,26.2425232,0.0246927664,-0.0492844656,1.00526113e-05,30,1.61300004,1
309108100019052,297818969,2460732.692801062,60732.189699100003,16.31147,0.0152909169,0,zg,105.59606410000001,-17.8252767,0.986000001,-0.0529999994,20250226189687,309,0x8,0x1,20.7399998,26.253788,0.0185887255,-0.070745945,5.81650283e-06,30,1.56200004,1
309108100019052,298514728,2460739.6499705748,60739.147280099998,16.5417004,0.0164329801,0,zg,105.59606789999999,-17.825269200000001,1.29700005,-0.0419999994,20250305147280,309,0x8,0x1,20.1299992,26.0722466,0.0367865078,-0.100765347,2.23575717e-05,30,1.58500004,1
309108100019052,299022090,2460744.7232696181,60744.2209028,16.3581352,0.0155037716,0,zg,105.59607509999999,-17.825271399999998,0.930999994,0.0140000004,20250310220891,309,0x8,0x1,19.7900009,26.2127399,0.0244090445,-0.0572445393,9.88398551e-06,30,1.72899997,1
309108100019052,300321317,2460757.7146384828,60757.213171299998,16.5455513,0.0164541621,0,zg,105.59607579999999,-17.825278399999998,1.29200006,-0.105999999,20250323213171,309,0x8,0x1,20.5599995,26.1371288,0.0188126061,-0.0510049872,5.88706143e-06,30,1.94599998,1
309108100019052,300514790,2460759.649231568,60759.147905099999,16.4850044,0.0161295105,0,zg,105.5960537,-17.8252788,0.620000005,0.023,20250325147905,309,0x8,0x1,20.6599998,26.2062263,0.0181490984,-0.0453008935,5.38439144e-06,30,1.60000002,1
309108100019052,300714792,2460761.6491077971,60761.1479282,16.5639763,0.0165565014,0,zg,105.5960601,-17.825294400000001,0.787,-0.00700000022,20250327147917,309,0x8,0x1,20.9400005,26.2266407,0.0192852877,-0.0421996824,6.15124645e-06,30,1.61500001,1
309108100019052,301714826,2460771.6486946577,60771.148263900002,16.5739975,0.0166128743,0,zg,105.59604760000001,-17.825273899999999,0.409000009,-0.00600000005,20250406148264,309,0x8,0x1,19.7800007,26.1906719,0.0293586385,-0.0577967875,1.40741404e-05,30,1.73500001,1
309108100019052,301914800,2460773.6482887478,60773.148009299999,16.3476448,0.0154551454,0,zg,105.5960674,-17.825282999999999,0.852999985,-0.0529999994,20250408147998,309,0x8,0x1,19.5699997,25.9741917,0.0291010458,-0.0317230858,1.37704728e-05,30,1.76800001,1
309208100026395,46419981,2458218.6999543747,58218.199814799998,16.7656631,0.0170232933,0,zr,105.5960345,-17.825222,0.685000002,0.00200000009,20180410199815,309,0x8,0x1,19.2700005,25.9786472,0.0353983082,0.0826933682,2.07132525e-05,30,2.50099993,1
309208100026395,62452212,2458379.0204114909,58378.522129600002,16.4366112,0.0153918527,0,zr,105.59604589999999,-17.8252825,1.30299997,-0.0250000004,20180917522118,309,0x8,0x1,19.8899994,26.2361832,0.0153286988,0.0778942928,4.01884472e-06,30,2.23799992,1
309208100026395,62552392,2458380.0222746716,58379.523923599998,16.6429977,0.0163509063,0,zr,105.5960333,-17.825303399999999,0.911000013,0.00100000005,20180918523889,309,0x8,0x1,19.7999992,26.2370777,0.0207967311,0.0961981714,7.75634817e-06,30,2.16799998,1
309208100026395,63553144,2458390.0305146002,58389.5314468,16.486187,0.0156040965,0,zr,105.59605999999999,-17.8253077,0.58099997,-0.050999999,20180928531435,309,0x8,0x1,19.9099998,26.2384396,0.0196199957,0.0887217894,6.65362313e-06,30,1.80200005,1
309208100026395,63652962,2458391.0287710181,58390.529629600001,16.6036148,0.016152015,0,zr,105.59605259999999,-17.825311299999999,0.654999971,-0.0280000009,20180929529618,309,0x8,0x1,19.9599991,26.2358341,0.0172756463,0.0925896391,5.21633774e-06,30,1.796,1
309208100026395,67145893,2458425.9606865742,58425.458935199997,16.7456512,0.0169078987,0,zr,105.596035,-17.825309600000001,0.763000011,0.00300000003,20181103458773,309,0x8,0x1,20.4500008,26.2768383,0.0162361078,0.0841309056,4.55548843e-06,30,1.69799995,1
309208100026395,67243628,2458426.9381051837,58426.436284700001,17.0149231,0.0186687931,0,zr,105.5960487,-17.8253108,0.713,-0.0270000007,20181104436273,309,0x8,0x1,20.6499996,26.2473545,0.0169979613,0.0798492506,4.97632982e-06,30,1.80499995,1
309208100026395,67345663,2458427.9585240423,58427.456631900001,17.0170975,0.0186849833,0,zr,105.5960683,-17.825316099999998,0.93900001,0.00700000022,20181105456620,309,0x8,0x1,20.3999996,26.2120972,0.0173878875,0.0912614688,5.17003764e-06,30,1.68499994,1
309208100026395,67539957,2458429.9015988358,58429.399571800001,17.0269623,0.0187588651,0,zr,105.5960463,-17.825311800000001,0.902999997,-0.0219999999,20181107399572,309,0x8,0x1,21.1499996,26.2313938,0.0139919473,0.0913287029,3.40172437e-06,30,2.06299996,1
309208100026395,67643951,2458430.9416123051,58430.439513899997,16.902195,0.0178746544,0,zr,105.5960291,-17.825283200000001,0.744000018,-0.0149999997,20181108439514,309,0x8,0x1,20.5200005,26.2854958,0.020466309,0.117115162,7.13211557e-06,30,1.72399998,1
309208100026395,67841528,2458432.9175215624,58432.4152894,16.5774784,0.0160243306,0,zr,105.59605430000001,-17.825310200000001,0.605000019,-0.0140000004,20181110415289,309,0x8,0x1,20.4899998,26.253561,0.0165206995,0.0944999754,4.78116635e-06,30,1.83700001,1
309208100026395,68339554,2458437.898102012,58437.395543999999,16.4722633,0.0155433873,0,zr,105.5960628,-17.8252983,0.721000016,0.00899999961,20181115395532,309,0x8,0x1,20.1399994,26.2542019,0.022553375,0.103422433,8.83000121e-06,30,1.88499999,1
309208100026395,68537283,2458439.8755180603,58439.372835599999,17.0492477,0.0189283993,0,zr,105.5960273,-17.8253065,1.05200005,-0.0610000007,20181117372824,309,0x8,0x1,20.5599995,26.0840111,0.0214488469,0.1020483,8.05870786e-06,30,2.05599999,1
309208100026395,68739865,2458441.9014642579,58441.398657400001,16.9305382,0.0180661809,0,zr,105.5960489,-17.825305199999999,0.414999992,-0.023,20181119398657,309,0x8,0x1,20.1900005,26.1171741,0.0186719503,0.098553434,6.0008897e-06,30,1.78400004,1
309208100026395,68838906,2458442.8919289666,58442.389062499999,16.4690056,0.0155293066,0,zr,105.5960484,-17.825295100000002,0.927999973,-0.0839999989,20181120388993,309,0x8,0x1,20.0799999,26.0771999,0.0156073291,0.0928375423,4.22688072e-06,30,1.829,1
309208100026395,69443879,2458448.9420087277,58448.438796299997,16.9723015,0.0183582399,0,zr,105.5960674,-17.825307299999999,0.721000016,0.0170000009,20181126438796,309,0x8,0x1,19.6599998,26.2471962,0.0212010387,0.102776527,7.796928e-06,30,1.60500002,1
309208100026395,69531681,2458449.8200769559,58449.3168171,16.571661,0.0159963686,0,zr,105.59603799999999,-17.825299399999999,1.051,-0.0379999988,20181127316817,309,0x8,0x1,19.9400005,26.209362,0.0195007827,0.0951247066,6.48892137e-06,30,2.52699995,1
309208100026395,69544537,2458449.9486371973,58449.445370399997,16.8175392,0.0173333324,0,zr,105.5960473,-17.825289999999999,0.754000008,-0.063000001,20181127445359,309,0x8,0x1,19.4799995,25.987299,0.0203339644,0.0969945863,7.13530562e-06,30,1.60500002,1
309208100026395,69637678,2458450.8800986395,58450.376782400002,17.0090752,0.0186254233,0,zr,105.59605569999999,-17.8253147,1.398,-0.0839999989,20181128376759,309,0x8,0x1,20.2800007,26.2697487,0.0157574154,0.0913781449,4.35346919e-06,30,1.76699996,1
309208100026395,71033543,2458464.839389577,58464.335439800001,17.0719986,0.0191052817,0,zr,105.5960705,-17.8253147,0.463999987,-0.00100000005,20181212335428,309,0x8,0x1,20.1700001,26.2619801,0.0313198194,0.0825783536,1.71023312e-05,30,1.78600001,2
309208100026395,71033725,2458464.841206748,58464.337256899998,17.0032005,0.0185820982,0,zr,105.5960494,-17.825300800000001,0.508000016,-0.00300000003,20181212337257,309,0x8,0x1,20.4400005,26.2521191,0.024916213,0.0849407911,1.07843589e-05,30,1.77499998,2
309208100026395,71033817,2458464.8421211834,58464.338171299998,17.0197105,0.0187044851,0,zr,105.5960348,-17.825300599999998,0.709999979,0.00400000019,20181212338171,309,0x8,0x1,20.3799992,26.2666664,0.0275565814,0.078331545,1.31966499e-05,30,1.76999998,2
309208100026395,71033908,2458464.8430355191,58464.339085599997,17.0371933,0.0188362468,0,zr,105.5960391,-17.8252816,0.815999985,-0.0199999996,20181212339086,309,0x8,0x1,20.5300007,26.265173,0.0162357502,0.0832746997,4.61072796e-06,30,1.76400006,2
309208100026395,71033999,2458464.8439499512,58464.339999999997,17.024231,0.0187383406,0,zr,105.5960556,-17.8253117,0.654999971,-0.00400000019,20181212340000,309,0x8,0x1,20.3999996,26.2741909,0.0249244869,0.0754786432,1.09986759e-05,30,1.75899994,2
309208100026395,71034091,2458464.844864388,58464.340914400003,17.0720463,0.0191056561,0,zr,105.5960274,-17.825294499999998,0.856999993,-0.0109999999,20181212340914,309,0x8,0x1,20.3600006,26.2670918,0.0259117857,0.08188463,1.18651506e-05,30,1.75399995,2
309208100026395,71034182,2458464.8457787223,58464.341828700002,17.0392056,0.0188515559,0,zr,105.5960504,-17.825291799999999,0.433999985,-0,20181212341829,309,0x8,0x1,20.2299995,26.2732182,0.024135774,0.0821778178,1.01511223e-05,30,1.74899995,2
309208100026395,71034274,2458464.8466931568,58464.342743100002,17.0045338,0.018591905,0,zr,105.5960558,-17.825291,0.785000026,-0.00100000005,20181212342743,309,0x8,0x1,20.3099995,26.2604866,0.0188652463,0.0852235854,6.27408417e-06,30,1.74399996,2
309208100026395,71034365,2458464.847607492,58464.343657400001,17.0369759,0.0188345872,0,zr,105.59602340000001,-17.825301199999998,0.972000003,-0.00999999978,20181212343657,309,0x8,0x1,20.3099995,26.2619858,0.0210021231,0.0919136256,7.68565496e-06,30,1.73899996,2
309208100026395,71034457,2458464.8485219264,58464.3445718,17.0163288,0.0186792538,0,zr,105.5960371,-17.825296300000002,0.58099997,0.00400000019,20181212344572,309,0x8,0x1,20.3299999,26.26231,0.0225565005,0.0816107243,8.81388223e-06,30,1.73500001,2
309208100026395,71034548,2458464.8494362617,58464.345486099999,16.9991379,0.0185522791,0,zr,105.59604,-17.825291199999999,0.458999991,-0.00400000019,20181212345486,309,0x8,0x1,20.2399998,26.2641068,0.0261800531,0.0848410428,1.18655762e-05,30,1.73000002,2
309208100026395,71034640,2458464.8503506952,58464.346400499999,17.0404778,0.0188612472,0,zr,105.5960546,-17.8252989,0.740999997,0.00200000009,20181212346389,309,0x8,0x1,20.0200005,26.2765064,0.0377106853,0.0909665152,2.50504745e-05,30,1.72599995,2
309208100026395,71034731,2458464.8512650304,58464.347314799998,16.995615,0.0185265113,0,zr,105.5960455,-17.8252934,0.713999987,-0.0109999999,20181212347303,309,0x8,0x1,20.1900005,26.2575798,0.0277846567,0.0803577229,1.33473559e-05,30,1.72099996,2
309208100026395,71034822,2458464.8521794626,58464.348229199997,17.0001392,0.0185596179,0,zr,105.596081,-17.8253153,0.796000004,-0,20181212348218,309,0x8,0x1,20.2399998,26.2571106,0.0190837327,0.0887173265,6.3118996e-06,30,1.71700001,2
309208100026395,71034914,2458464.8530938011,58464.349143500003,16.9811668,0.0184217747,0,zr,105.5960331,-17.825284799999999,1.11699998,-0.0250000004,20181212349132,309,0x8,0x1,20.4300003,26.2681313,0.0195727143,0.0883212611,6.69966175e-06,30,1.71300006,2
309208100026395,71035004,2458464.853996634,58464.350046300002,16.9984436,0.0185471885,0,zr,105.5960494,-17.825294700000001,1.01699996,0.00600000005,20181212350046,309,0x8,0x1,20.6000004,26.2744312,0.0164432693,0.0873376653,4.75973548e-06,30,1.70899999,2
309208100026395,71035097,2458464.854922568,58464.350972200002,16.9815636,0.018424632,0,zr,105.5960527,-17.8253132,1.01800001,-0.0340000018,20181212350961,309,0x8,0x1,20.5,26.2745285,0.0226937346,0.0853084102,9.05193338e-06,30,1.70500004,2
309208100026395,71035188,2458464.8558370019,58464.351886600001,16.9604149,0.0182738937,0,zr,105.59605980000001,-17.8253165,0.707000017,-0.0270000007,20181212351875,309,0x8,0x1,20.6200008,26.2743626,0.0162724331,0.0854172111,4.67292648e-06,30,1.70099998,2
309208100026395,71035278,2458464.8567398372,58464.3527894,16.9128017,0.0179457106,0,zr,105.5960496,-17.825308100000001,1.28199995,-0.0399999991,20181212352789,309,0x8,0x1,20.4599991,26.2736797,0.0195719153,0.0882064477,6.66252663e-06,30,1.69700003,2
309208100026395,71035370,2458464.857654172,58464.353703699999,16.9514427,0.0182108823,0,zr,105.59605259999999,-17.8253044,1.05999994,-0.0299999993,20181212353704,309,0x8,0x1,20.5900002,26.2773972,0.0174550842,0.0825059861,5.31765181e-06,30,1.69299996,2
309208100026395,71035461,2458464.8585686064,58464.354618099998,16.952877,0.0182209164,0,zr,105.59605310000001,-17.825308499999998,0.889999986,-0.00100000005,20181212354618,309,0x8,0x1,20.4799995,26.2718315,0.0167437568,0.0883832201,4.9498376e-06,30,1.68900001,2
309208100026395,71035553,2458464.8594829421,58464.355532399997,16.9340534,0.0180903077,0,zr,105.59603439999999,-17.825299600000001,0.822000027,-0.0120000001,20181212355532,309,0x8,0x1,20.5799999,26.2729816,0.0149824135,0.0867064297,3.93537039e-06,30,1.68599999,2
309208100026395,71035644,2458464.8603973747,58464.356446799997,16.891964,0.0178068168,0,zr,105.5960795,-17.825310099999999,1.102,-0.0260000005,20181212356447,309,0x8,0x1,20.5200005,26.2708302,0.0177968871,0.0885680094,5.52554366e-06,30,1.68200004,2
309208100026395,71035736,2458464.86131171,58464.357361100003,16.9149456,0.0179601572,0,zr,105.5960537,-17.825312499999999,1.14600003,-0.0350000001,20181212357361,309,0x8,0x1,20.5400009,26.2728577,0.0185131878,0.0886616856,5.99907662e-06,30,1.67900002,2
309208100026395,71035827,2458464.8622261439,58464.358275500002,16.9151535,0.017961558,0,zr,105.5960762,-17.825313099999999,0.601000011,0.00300000003,20181212358275,309,0x8,0x1,20.3600006,26.2750683,0.0229179524,0.076551713,9.13489657e-06,30,1.676,2
309208100026395,71035918,2458464.8631404783,58464.359189800001,16.8579788,0.0175862964,0,zr,105.5960786,-17.8253153,0.882000029,-0.0289999992,20181212359190,309,0x8,0x1,20.5100002,26.2738075,0.0171069913,0.0885089785,5.11770804e-06,30,1.67200005,2
309208100026395,71036010,2458464.8640549146,58464.360104200001,16.8521519,0.0175492186,0,zr,105.5960518,-17.825303000000002,0.611000001,-0.0170000009,20181212360104,309,0x8,0x1,20.4599991,26.2719707,0.0192552283,0.087018609,6.4655087e-06,30,1.66900003,2
309208100026395,71036101,2458464.8649692503,58464.3610185,16.8248024,0.017378021,0,zr,105.5960379,-17.825294,0.745000005,-0.0149999997,20181212361018,309,0x8,0x1,20.4099998,26.2695942,0.0233026892,0.092392534,9.46450837e-06,30,1.66600001,2
309208100026395,71036193,2458464.8658836824,58464.361932899999,16.8598022,0.0175979361,0,zr,105.5960468,-17.825325599999999,0.681999981,0.00899999961,20181212361933,309,0x8,0x1,20.2700005,26.2696514,0.0230086595,0.0972285494,9.12645191e-06,30,1.66299999,2
309208100026395,71036284,2458464.8667980181,58464.362847199998,16.8118782,0.0172987189,0,zr,105.596041,-17.825308799999998,0.587000012,-0.0280000009,20181212362847,309,0x8,0x1,20.6000004,26.2756691,0.0168919358,0.0880308226,4.96908024e-06,30,1.65999997,2
309208100026395,71036376,2458464.8677124535,58464.363761599998,16.819416,0.0173448492,0,zr,105.5960402,-17.825298400000001,1.65600002,-0.0790000036,20181212363762,309,0x8,0x1,20.5900002,26.2772045,0.019265864,0.0853792801,6.41796214e-06,30,1.65699995,2
309208100026395,71036467,2458464.8686267873,58464.364675899997,16.8062382,0.0172644276,0,zr,105.596039,-17.825312400000001,0.702000022,-0.0209999997,20181212364664,309,0x8,0x1,20.5900002,26.2770195,0.0155820977,0.0834649056,4.24751897e-06,30,1.65499997,2
309208100026395,71036559,2458464.8695412213,58464.365590300004,16.7885456,0.0171580855,0,zr,105.5960438,-17.825316000000001,1.05599999,-0.0179999992,20181212365579,309,0x8,0x1,20.4899998,26.2752991,0.0181465931,0.0889587477,5.74797878e-06,30,1.65199995,2
309208100026395,71036650,2458464.870455557,58464.366504600002,16.7342072,0.0168429334,0,zr,105.596045,-17.825300500000001,0.575999975,-0.0140000004,20181212366505,309,0x8,0x1,20.5499992,26.2718868,0.0170935411,0.0905214846,5.14816702e-06,30,1.64900005,2
309208100026395,71036741,2458464.8713699901,58464.367419000002,16.7409592,0.0168811735,0,zr,105.5960449,-17.8253238,0.351000011,0.00400000019,20181212367419,309,0x8,0x1,20.4699993,26.2786369,0.0188295078,0.0841896161,6.11840733e-06,30,1.64699996,2
309208100026395,71036833,2458464.8722843244,58464.368333300001,16.7083397,0.0166987907,0,zr,105.59605190000001,-17.825320000000001,0.805000007,-0.0240000002,20181212368333,309,0x8,0x1,20.5,26.2789974,0.0164404083,0.0890282691,4.6244254e-06,30,1.64400005,2
309208100026395,71036924,2458464.8731987611,58464.3692477,16.7107944,0.0167123154,0,zr,105.59603509999999,-17.8253001,0.501999974,-0.0140000004,20181212369248,309,0x8,0x1,20.4300003,26.2704563,0.0198614281,0.0940931588,6.84426504e-06,30,1.64199996,2
309208100026395,71037016,2458464.874113095,58464.370161999999,16.7068558,0.0166906398,0,zr,105.5960365,-17.825310200000001,0.449000001,0.0140000004,20181212370150,309,0x8,0x1,20.5799999,26.2795219,0.0166695062,0.0862910524,4.82669611e-06,30,1.63999999,2
309208100026395,71037107,2458464.875027528,58464.371076399999,16.6658287,0.0164698754,0,zr,105.5960602,-17.825313699999999,0.44600001,-0.00600000005,20181212371065,309,0x8,0x1,20.3400002,26.2714157,0.0180454645,0.0839539021,5.66765084e-06,30,1.63800001,2
309208100026395,71037199,2458464.8759418642,58464.371990699998,16.6523895,0.0163995121,0,zr,105.59604210000001,-17.825302600000001,0.658999979,-0.0130000003,20181212371979,309,0x8,0x1,20.2700005,26.2149677,0.0296338815,0.0926065668,1.53750643e-05,30,1.63499999,2
309208100026395,71037290,2458464.8768562973,58464.372905099997,16.6651039,0.0164660569,0,zr,105.59605809999999,-17.825312100000001,0.356000006,0.00400000019,20181212372894,309,0x8,0x1,20.2099991,26.2566891,0.0338726155,0.0780483708,2.00413724e-05,30,1.63300002,2
309208100026395,71037381,2458464.8777706325,58464.373819400003,16.6246223,0.0162571184,0,zr,105.5960639,-17.825301,0.572000027,0.00600000005,20181212373808,309,0x8,0x1,20.3400002,26.2661533,0.0208660662,0.0921406969,7.52549431e-06,30,1.63100004,2
309208100026395,71037473,2458464.8786850651,58464.374733800003,16.6382332,0.01632642,0,zr,105.59607459999999,-17.825321500000001,0.610000014,-0.00499999989,20181212374722,309,0x8,0x1,20.1599998,26.2668056,0.032453157,0.0876603574,1.8236311e-05,30,1.62899995,2
309208100026395,71037564,2458464.8795994017,58464.375648100002,16.5906029,0.0160880256,0,zr,105.5960522,-17.8253038,1.06500006,-0.0130000003,20181212375637,309,0x8,0x1,20.3099995,26.2660885,0.0244166385,0.0924171358,1.03499915e-05,30,1.62800002,2
309208100026395,71037656,2458464.8805138357,58464.376562500001,16.592659,0.0160980765,0,zr,105.5960291,-17.825322199999999,1.30400002,0,20181212376551,309,0x8,0x1,20.3999996,26.2661552,0.0191546138,0.0912587792,6.42113901e-06,30,1.62600005,2
309208100026395,71037746,2458464.88141667,58464.3774653,16.6177502,0.0162224881,0,zr,105.5960473,-17.825305,0.577000022,-0,20181212377465,309,0x8,0x1,20.2099991,26.2603016,0.026577346,0.0832848921,1.22708443e-05,30,1.62399995,2
309208100026395,71037839,2458464.8823426045,58464.3783912,16.5285454,0.0157942139,0,zr,105.5960635,-17.825302600000001,0.862999976,-0.00100000005,20181212378380,309,0x8,0x1,20.2600002,26.271944,0.0322060026,0.0974661782,1.7963097e-05,30,1.62300003,2
309208100026395,71037930,2458464.8832570389,58464.379305599999,16.5128841,0.0157229565,0,zr,105.59606429999999,-17.825302099999998,0.861000001,-0.0140000004,20181212379294,309,0x8,0x1,20.4300003,26.2742672,0.0197814275,0.0938831344,6.81556503e-06,30,1.62100005,2
309208100026395,71038021,2458464.8841713723,58464.380219899998,16.5401726,0.0158478599,0,zr,105.59607579999999,-17.825312499999999,0.949999988,-0.0140000004,20181212380208,309,0x8,0x1,20.3500004,26.2625923,0.0229303408,0.0889903903,9.18711521e-06,30,1.61899996,2
309208100026395,71038112,2458464.8850742085,58464.381122699997,16.4881916,0.0156129096,0,zr,105.5960529,-17.825291199999999,0.75999999,-0.00800000038,20181212381123,309,0x8,0x1,20.1399994,26.2705307,0.0369188003,0.0883811936,2.34601794e-05,30,1.61800003,2
309208100026395,71038203,2458464.8859885428,58464.382037000003,16.4745789,0.0155534251,0,zr,105.59603970000001,-17.8253056,0.561999977,-0.00100000005,20181212382037,309,0x8,0x1,20.2199993,26.2378941,0.0349934436,0.0957706347,2.13311396e-05,30,1.61699998,2
309208100026395,71038295,2458464.8869029777,58464.382951400003,16.5240631,0.0157737024,0,zr,105.59603559999999,-17.825302400000002,0.91900003,-0.0160000008,20181212382951,309,0x8,0x1,20.3600006,26.2584782,0.0283530001,0.075729169,1.38441146e-05,30,1.61500001,2
309208100026395,71038386,2458464.8878173116,58464.383865700001,16.4733047,0.0155478995,0,zr,105.5960544,-17.8252971,1.06700003,0.0219999999,20181212383866,309,0x8,0x1,20.2600002,26.2216187,0.0333252624,0.0875829458,1.94235836e-05,30,1.61399996,2
309208100026395,71038569,2458464.8896460808,58464.3856944,16.4831333,0.0155907106,0,zr,105.596031,-17.825301499999998,0.597000003,0.00300000003,20181212385694,309,0x8,0x1,20.1499996,26.269495,0.0396934152,0.0885482356,2.69638749e-05,30,1.61199999,2
309208100026395,71038660,2458464.8905605124,58464.3866088,16.5122948,0.0157202985,0,zr,105.5960923,-17.8253114,0.625,0.00600000005,20181212386597,309,0x8,0x1,19.9899998,26.2717209,0.0427865908,0.0982709974,3.13914352e-05,30,1.61099994,2
309208100026395,71038752,2458464.8914748491,58464.387523099998,16.4508553,0.0154517274,0,zr,105.5960503,-17.825301899999999,0.800000012,0.023,20181212387512,309,0x8,0x1,20.0499992,26.2391529,0.0360783823,0.0954700112,2.27184482e-05,30,1.61000001,2
309208100026395,71038934,2458464.8932921169,58464.389340299997,16.4435539,0.0154209258,0,zr,105.5960384,-17.8253108,0.856000006,-0.0199999996,20181212389340,309,0x8,0x1,20.4400005,26.2868671,0.0303135253,0.0836596042,1.60249238e-05,30,1.60800004,2
309208100026395,71039025,2458464.8942064517,58464.390254600003,16.4513474,0.0154538127,0,zr,105.596053,-17.825300599999998,0.950999975,-0.0460000001,20181212390255,309,0x8,0x1,20.5699997,26.2826881,0.0262759514,0.093301788,1.17639438e-05,30,1.60800004,2
309208100026395,71039116,2458464.8951208857,58464.391169000002,16.4633598,0.0155050186,0,zr,105.59607149999999,-17.825292900000001,0.508000016,-0.00999999978,20181212391169,309,0x8,0x1,20.7399998,26.2787094,0.0172132347,0.0863883644,5.09793563e-06,30,1.60699999,2
309208100026395,71039208,2458464.8960352205,58464.392083300001,16.4738255,0.015550158,0,zr,105.59603199999999,-17.8253126,0.898000002,-0.00100000005,20181212392083,309,0x8,0x1,20.7600002,26.2722054,0.0175024439,0.088666819,5.36643347e-06,30,1.60699999,2
309208100026395,71039299,2458464.896949654,58464.392997700001,16.4613876,0.0154965688,0,zr,105.5960559,-17.8253068,1.20500004,-0.057,20181212392998,309,0x8,0x1,20.7299995,26.273735,0.0165512785,0.0908830017,4.79704204e-06,30,1.60599995,2
309208100026395,71039391,2458464.8978639888,58464.393912,16.5045776,0.0156856235,0,zr,105.59603989999999,-17.825309499999999,0.411000013,0.023,20181212393912,309,0x8,0x1,20.4799995,26.2820244,0.0188326966,0.0845786333,6.12911208e-06,30,1.60599995,2
309208100026395,71039482,2458464.8987784232,58464.394826399999,16.4752769,0.0155564528,0,zr,105.59605740000001,-17.8253016,0.782999992,-0.0350000001,20181212394815,309,0x8,0x1,20.7600002,26.2736912,0.0155102052,0.0916117877,4.15410932e-06,30,1.60500002,2
309208100026395,71039574,2458464.8996927566,58464.395740699998,16.4782753,0.0155694913,0,zr,105.5960584,-17.825311500000002,1.06799996,-0.0199999996,20181212395729,309,0x8,0x1,20.5100002,26.279707,0.0198762808,0.086568296,6.84076667e-06,30,1.60500002,2
309208100026395,71039665,2458464.9006071915,58464.396655099998,16.4846287,0.0155972587,0,zr,105.5960491,-17.825312799999999,1.20500004,0.0250000004,20181212396644,309,0x8,0x1,20.5699997,26.277071,0.0164919961,0.087876834,4.6469745e-06,30,1.60500002,2
309208100026395,71039756,2458464.9015215258,58464.397569399996,16.4997444,0.0156640504,0,zr,105.59606049999999,-17.825305100000001,0.521000028,-0.0280000009,20181212397558,309,0x8,0x1,20.6700001,26.2772141,0.0199201256,0.0850096494,6.87474585e-06,30,1.60399997,2
309208100026395,71039848,2458464.9024359598,58464.398483800003,16.5068665,0.0156958792,0,zr,105.5960583,-17.8253089,0.768999994,-0.0189999994,20181212398472,309,0x8,0x1,20.5799999,26.2723465,0.0192786716,0.0933426395,6.4394867e-06,30,1.60399997,2
309208100026395,71039939,2458464.9033502936,58464.399398100002,16.5259037,0.0157821141,0,zr,105.59607320000001,-17.825303900000002,0.495999992,-0.00100000005,20181212399387,309,0x8,0x1,20.4300003,26.2674313,0.0174744464,0.0908707604,5.21612174e-06,30,1.60399997,2
309208100026395,71040031,2458464.9042647281,58464.400312500002,16.5313492,0.0158070903,0,zr,105.59604659999999,-17.825320699999999,1.08899999,-0.0109999999,20181212400301,309,0x8,0x1,20.5100002,26.2708931,0.0167041589,0.0922757164,4.83367239e-06,30,1.60399997,2
309208100026395,71040122,2458464.905179163,58464.401226900001,16.5542126,0.0159134865,0,zr,105.59606549999999,-17.825302099999998,0.397000015,-0.00600000005,20181212401215,309,0x8,0x1,20.4200001,26.2707882,0.0168706328,0.0915618539,4.94084497e-06,30,1.60399997,2
309208100026395,71040214,2458464.9060934959,58464.4021412,16.5580635,0.0159316566,0,zr,105.5960618,-17.8253208,1.00999999,-0.0270000007,20181212402130,309,0x8,0x1,20.4699993,26.2736473,0.0178303644,0.0930121541,5.4727343e-06,30,1.60500002,2
309208100026395,71040305,2458464.9070079313,58464.4030556,16.5741653,0.0160083864,0,zr,105.59605550000001,-17.825309799999999,1.347,-0.0130000003,20181212403044,309,0x8,0x1,20.5,26.2777767,0.0175434574,0.0915691778,5.31080923e-06,30,1.60500002,2
309208100026395,71040396,2458464.9079222661,58464.403969899999,16.5762806,0.0160185583,0,zr,105.5960417,-17.825306600000001,0.843999982,-0.0280000009,20181212403958,309,0x8,0x1,20.7399998,26.2758942,0.0154609997,0.0891813561,4.12863756e-06,30,1.60500002,2
309208100026395,71040488,2458464.908836701,58464.404884299998,16.5892429,0.0160813853,0,zr,105.5960382,-17.8253007,0.742999971,-0.023,20181212404884,309,0x8,0x1,20.5400009,26.2808914,0.0169978384,0.0894491151,4.94861433e-06,30,1.60500002,2
309208100026395,71040579,2458464.9097510348,58464.405798599997,16.6051331,0.0161595326,0,zr,105.59604950000001,-17.825302000000001,1.65600002,-0.00499999989,20181212405787,309,0x8,0x1,20.6200008,26.2757969,0.0145078674,0.0913345218,3.60479021e-06,30,1.60599995,2
309208100026395,71040671,2458464.9106654688,58464.406712999997,16.6124001,0.016195694,0,zr,105.5960532,-17.825301400000001,0.950999975,-0.0379999988,20181212406701,309,0x8,0x1,20.6399994,26.2760887,0.0163905937,0.0927963853,4.65539097e-06,30,1.60599995,2
309208100026395,71040762,2458464.9115798017,58464.407627300003,16.6336975,0.0163032189,0,zr,105.596046,-17.825322700000001,0.39199999,-0.00200000009,20181212407616,309,0x8,0x1,20.4300003,26.2674255,0.0167319663,0.0926460028,4.84644715e-06,30,1.60699999,2
309208100026395,71040854,2458464.912494238,58464.408541700002,16.6417065,0.016344253,0,zr,105.5960414,-17.825296999999999,0.566999972,-0.0170000009,20181212408530,309,0x8,0x1,20.8099995,26.2714729,0.0142437732,0.0901079774,3.47531795e-06,30,1.60800004,2
309208100026395,71040945,2458464.9134085719,58464.409456000001,16.6781349,0.0165351406,0,zr,105.59603079999999,-17.8253077,0.623000026,0.0149999997,20181212409444,309,0x8,0x1,20.7099991,26.2719307,0.0143114319,0.0901756361,3.49759489e-06,30,1.60800004,2
309208100026395,71041037,2458464.9143230049,58464.410370400001,16.6782227,0.0165356044,0,zr,105.59605449999999,-17.825312400000001,0.435000002,-0.0160000008,20181212410359,309,0x8,0x1,20.7600002,26.2710495,0.0146075226,0.0908694044,3.63180357e-06,30,1.60899997,2
309208100026395,71041127,2458464.9152257396,58464.411273099999,16.6889267,0.0165930465,0,zr,105.59603989999999,-17.8253074,0.741999984,-0.023,20181212411273,309,0x8,0x1,20.6399994,26.2717705,0.0158180352,0.0878956392,4.28189696e-06,30,1.61000001,2
309208100026395,71041219,2458464.9161517732,58464.412199099999,16.7274799,0.0168050826,0,zr,105.59607099999999,-17.825301199999998,1.05200005,-0.0189999994,20181212412188,309,0x8,0x1,20.5699997,26.2713985,0.0172198731,0.0973270684,5.06558536e-06,30,1.61099994,2
309208100026395,71041311,2458464.917066108,58464.413113399998,16.7140579,0.0167303346,0,zr,105.59605620000001,-17.8253056,1.03799999,-0.0350000001,20181212413102,309,0x8,0x1,20.6000004,26.2709541,0.0155292843,0.0966668427,4.13095358e-06,30,1.61199999,2
309208100026395,71041402,2458464.9179805429,58464.414027799998,16.7581482,0.0169796906,0,zr,105.5960515,-17.825294899999999,0.726999998,-0.00700000022,20181212414016,309,0x8,0x1,20.6900005,26.2701073,0.0156755913,0.0922595263,4.25367671e-06,30,1.61300004,2
309208100026395,71041494,2458464.9188948772,58464.414942099997,16.7674751,0.0170338564,0,zr,105.5960496,-17.825291700000001,0.853999972,-0.0170000009,20181212414931,309,0x8,0x1,20.6200008,26.2724514,0.0183641333,0.0903060958,5.84184409e-06,30,1.61399996,2
309208100026395,71041585,2458464.9198093107,58464.415856500003,16.7813072,0.0171151161,0,zr,105.5960414,-17.825308100000001,0.745999992,-0.0289999992,20181212415845,309,0x8,0x1,20.6800003,26.2683353,0.0157505702,0.0935565904,4.25876897e-06,30,1.61500001,2
309208100026395,71041675,2458464.9207121455,58464.416759300002,16.7675819,0.0170344748,0,zr,105.59604950000001,-17.825287899999999,1.01499999,-0.0240000002,20181212416759,309,0x8,0x1,20.75,26.2725754,0.013638759,0.0913535058,3.16578553e-06,30,1.61600006,2
309208100026395,71041767,2458464.921626478,58464.417673600001,16.8052711,0.0172585621,0,zr,105.5960479,-17.825310000000002,0.680000007,0.0140000004,20181212417674,309,0x8,0x1,20.7999992,26.2693348,0.015903607,0.0922969729,4.32643492e-06,30,1.61800003,2
309208100026395,71041858,2458464.9225409119,58464.418588,16.838356,0.0174622852,0,zr,105.59605500000001,-17.825310999999999,0.533999979,-0.0320000015,20181212418588,309,0x8,0x1,20.8400002,26.267458,0.014589265,0.0910199508,3.6810743e-06,30,1.61899996,2
309208100026395,71041950,2458464.9234552472,58464.419502299999,16.845911,0.0175097492,0,zr,105.5960469,-17.8252956,0.721000016,0.00499999989,20181212419502,309,0x8,0x1,20.7399998,26.2720261,0.0157598816,0.0936692655,4.27275472e-06,30,1.62100005,2
309208100026395,71042041,2458464.9243696798,58464.420416699999,16.8555412,0.0175707582,0,zr,105.59605790000001,-17.8253181,0.59799999,0.0130000003,20181212420405,309,0x8,0x1,20.7099991,26.2716579,0.0183735155,0.0956882834,5.77530636e-06,30,1.62199998,2
309208100026395,71042133,2458464.925284015,58464.421330999998,16.8706303,0.0176675282,0,zr,105.5960649,-17.825294400000001,0.451999992,-0.0250000004,20181212421319,309,0x8,0x1,20.7900009,26.271759,0.0156490095,0.0903266296,4.22531502e-06,30,1.62399995,2
309208100026395,71042224,2458464.9261984495,58464.422245399997,16.9055519,0.0178970601,0,zr,105.5960426,-17.825299600000001,0.782000005,-0.0460000001,20181212422234,309,0x8,0x1,20.7099991,26.2727337,0.0171497073,0.0844288245,5.04850232e-06,30,1.625,2
309208100026395,71042314,2458464.9271011832,58464.423148100002,16.8942585,0.0178219639,0,zr,105.5960523,-17.825293200000001,0.666999996,-0.0320000015,20181212423148,309,0x8,0x1,20.5799999,26.2654228,0.0229906403,0.098988466,9.10267227e-06,30,1.62699997,2
309208100026395,71042406,2458464.9280156177,58464.424062500002,16.9089165,0.0179195907,0,zr,105.5960315,-17.8252986,1.26800001,-0.0149999997,20181212424062,309,0x8,0x1,20.6200008,26.2740917,0.0209221914,0.0922807232,7.54107168e-06,30,1.62899995,2
309208100026395,71042497,2458464.9289300516,58464.424976900002,16.9186859,0.0179854464,0,zr,105.5960225,-17.8253053,0.372000009,-0.00999999978,20181212424977,309,0x8,0x1,20.5,26.2698727,0.0218853112,0.0897141621,8.18462649e-06,30,1.63100004,2
309208100026395,71042589,2458464.9298443845,58464.4258912,16.9157963,0.0179659054,0,zr,105.5960551,-17.8253092,0.984000027,-0.0500000007,20181212425891,309,0x8,0x1,20.4899998,26.2709808,0.0241656397,0.0921642557,9.91929028e-06,30,1.63300002,2
309208100026395,71042680,2458464.9307588185,58464.4268056,16.9948349,0.0185208209,0,zr,105.5960467,-17.8253147,0.647000015,0.0209999997,20181212426806,309,0x8,0x1,20.5,26.2801323,0.0289483927,0.0834566206,1.4521017e-05,30,1.63499999,2
309208100026395,71042771,2458464.9316731547,58464.427719899999,16.9768486,0.0183907598,0,zr,105.5960218,-17.825291799999999,0.931999981,0.0179999992,20181212427708,309,0x8,0x1,20.4699993,26.2661209,0.023920998,0.0975430533,9.87097246e-06,30,1.63699996,2
309208100026395,71042863,2458464.9325875873,58464.428634299999,16.9645576,0.0183031838,0,zr,105.5960321,-17.825309000000001,0.703000009,-0.0240000002,20181212428634,309,0x8,0x1,20.5,26.2748127,0.0259643123,0.0844071507,1.15119028e-05,30,1.63900006,2
309208100026395,71042954,2458464.9335019216,58464.429548599997,16.9388351,0.0181232579,0,zr,105.5960477,-17.8253004,0.469999999,-0.00800000038,20181212429549,309,0x8,0x1,20.6100006,26.2730522,0.0210285671,0.0883231014,7.56822692e-06,30,1.64100003,2
309208100026395,71043046,2458464.9344163556,58464.430462999997,16.9816093,0.0184249673,0,zr,105.59603389999999,-17.825305199999999,1.11800003,-0.0370000005,20181212430451,309,0x8,0x1,20.6000004,26.2708874,0.0188175123,0.0912203714,6.07501852e-06,30,1.64400005,2
309208100026395,71043137,2458464.935330689,58464.431377300003,16.9994049,0.0185542349,0,zr,105.5960735,-17.825295799999999,0.419,-0.0410000011,20181212431366,309,0x8,0x1,20.7999992,26.2647076,0.0145659018,0.0956332833,3.69808731e-06,30,1.64600003,2
309208100026395,71043229,2458464.9362451229,58464.432291700003,16.9799423,0.0184129681,0,zr,105.59605860000001,-17.825303000000002,0.819000006,-0.00800000038,20181212432280,309,0x8,0x1,20.6499996,26.2702198,0.0247132219,0.0917075574,1.05843037e-05,30,1.64900005,2
309208100026395,71043320,2458464.9371594572,58464.433206000002,17.0042152,0.0185895618,0,zr,105.59604589999999,-17.825304899999999,0.686999977,-0.064000003,20181212433194,309,0x8,0x1,20.8700008,26.2615261,0.0141480668,0.0958460867,3.43554643e-06,30,1.65100002,2
309208100026395,71043412,2458464.9380738912,58464.434120400001,17.0016594,0.0185707696,0,zr,105.59603869999999,-17.825308700000001,0.739000022,-0.0199999996,20181212434109,309,0x8,0x1,20.6299992,26.2679653,0.0178290829,0.0945105925,5.46415868e-06,30,1.65400004,2
309208100026395,71043503,2458464.938988226,58464.4350347,17.0008087,0.0185645223,0,zr,105.596048,-17.8252956,0.935000002,0.00300000003,20181212435023,309,0x8,0x1,20.8400002,26.2641144,0.0163397696,0.0910440087,4.56883436e-06,30,1.65699995,2
309208100026395,71043594,2458464.9399026604,58464.4359491,16.9826336,0.0184323452,0,zr,105.5960345,-17.825296900000001,1.17299998,-0.101999998,20181212435938,309,0x8,0x1,20.7900009,26.2668953,0.0183616113,0.0902438313,5.79284233e-06,30,1.65900004,2
309208100026395,71043685,2458464.9408054929,58464.436851899998,17.010685,0.0186373349,0,zr,105.59604710000001,-17.825304599999999,0.63499999,-0.0350000001,20181212436852,309,0x8,0x1,20.8899994,26.2659874,0.0137345614,0.0914590955,3.2520868e-06,30,1.66199994,2
309208100026395,71043776,2458464.9417198277,58464.437766199997,17.0306129,0.0187863894,0,zr,105.5960379,-17.825296300000002,0.917999983,0.0309999995,20181212437766,309,0x8,0x1,20.6900005,26.2649422,0.0159484036,0.0923230276,4.35580841e-06,30,1.66499996,2
309208100026395,71043868,2458464.9426342612,58464.438680599997,17.0251541,0.0187452752,0,zr,105.5960554,-17.8252889,0.365999997,-0.0149999997,20181212438681,309,0x8,0x1,20.8299999,26.2594757,0.0133235157,0.0953789651,3.02556691e-06,30,1.66799998,2
309208100026395,71043959,2458464.9435485951,58464.439594900003,17.0132446,0.018656319,0,zr,105.59602959999999,-17.8253129,1.84200001,-0.0829999968,20181212439595,309,0x8,0x1,20.7299995,26.2655487,0.0178344287,0.0939760357,5.43975329e-06,30,1.67200005,2
309208100026395,71044050,2458464.944463029,58464.440509300002,17.0322952,0.0187991038,0,zr,105.5960561,-17.825294499999998,0.216999993,-0.00999999978,20181212440509,309,0x8,0x1,20.7800007,26.2616272,0.0147535363,0.0939640254,3.73013609e-06,30,1.67499995,2
309208100026395,71044142,2458464.9453773629,58464.441423600001,17.0304127,0.0187848788,0,zr,105.5960532,-17.8252995,0.683000028,-0.0419999994,20181212441424,309,0x8,0x1,20.8099995,26.2627411,0.0151825948,0.0927251056,3.9186898e-06,30,1.67799997,2
309208100026395,71044233,2458464.9462917969,58464.442338000001,17.0309067,0.0187886059,0,zr,105.59604589999999,-17.825300899999998,0.639999986,-0.0529999994,20181212442338,309,0x8,0x1,20.8600006,26.2582359,0.0160618555,0.0943863168,4.40829808e-06,30,1.68099999,2
309208100026395,71044325,2458464.9472061316,58464.4432523,17.0370235,0.0188349504,0,zr,105.5960273,-17.825299699999999,0.666999996,-0.0430000015,20181212443252,309,0x8,0x1,20.7700005,26.2593613,0.0153063824,0.0953603312,4.0287664e-06,30,1.68499994,2
309208100026395,71044416,2458464.9481205642,58464.444166699999,17.036129,0.0188281573,0,zr,105.59604899999999,-17.825307800000001,0.497000009,-0.023,20181212444167,309,0x8,0x1,20.8299999,26.2604656,0.0130846957,0.0925000608,2.93714334e-06,30,1.68799996,2
309208100026395,71044508,2458464.9490348981,58464.445080999998,17.0299835,0.0187816396,0,zr,105.5960456,-17.825311500000002,0.783999979,-0.00899999961,20181212445069,309,0x8,0x1,20.7099991,26.2653008,0.0190539081,0.0931004286,6.23623419e-06,30,1.69200003,2
309208100026395,71044599,2458464.9499493325,58464.445995399998,17.0428238,0.0188791566,0,zr,105.59603610000001,-17.825304800000001,0.349999994,-0.00200000009,20181212445995,309,0x8,0x1,20.8500004,26.2591705,0.0146859651,0.0915738046,3.72616341e-06,30,1.69599998,2
309208100026395,71044690,2458464.9508636673,58464.446909699996,17.0325699,0.0188011788,0,zr,105.5960359,-17.825296900000001,0.589999974,0.0130000003,20181212446898,309,0x8,0x1,20.7299995,26.2628899,0.0175726339,0.0849477649,5.36694733e-06,30,1.70000005,2
309208100026395,71044782,2458464.9517780999,58464.447824100003,17.0354042,0.0188226588,0,zr,105.59604849999999,-17.8253032,0.683000028,0.0410000011,20181212447813,309,0x8,0x1,20.9099998,26.2517223,0.0136636151,0.0954204649,3.21366724e-06,30,1.704,2
309208100026395,71044873,2458464.9526924347,58464.448738400002,17.0546513,0.0189700611,0,zr,105.59605430000001,-17.825291199999999,0.584999979,0.00800000038,20181212448727,309,0x8,0x1,20.7999992,26.2569828,0.0155017702,0.0950827226,4.14990791e-06,30,1.70799994,2
309208100026395,71044965,2458464.9536068682,58464.449652800002,17.0187073,0.0186969973,0,zr,105.5960293,-17.8253132,1.00699997,-0.0780000016,20181212449641,309,0x8,0x1,20.6499996,26.2589893,0.0163388867,0.0951582193,4.6324285e-06,30,1.71200001,2
309208100026395,71045055,2458464.954509702,58464.4505556,17.0436134,0.0188851878,0,zr,105.5960379,-17.825297899999999,0.653999984,0.00300000003,20181212450556,309,0x8,0x1,20.6800003,26.260931,0.0154894898,0.0920538306,4.1630592e-06,30,1.71599996,2
309208100026395,71045148,2458464.9554356365,58464.4514815,17.0515594,0.018946195,0,zr,105.59604349999999,-17.825294299999999,0.917999983,-0.0460000001,20181212451470,309,0x8,0x1,20.7199993,26.2578869,0.0147818327,0.0935927033,3.79814151e-06,30,1.72000003,2
309208100026395,71045239,2458464.9563499694,58464.452395799999,17.0433311,0.0188830383,0,zr,105.5960524,-17.825300899999998,1.16700006,-0.064000003,20181212452384,309,0x8,0x1,20.7800007,26.2596359,0.0170600321,0.0942365602,5.07049708e-06,30,1.72500002,2
309208100026395,71045331,2458464.9572644033,58464.453310199999,17.0149994,0.0186693594,0,zr,105.5960681,-17.825290200000001,0.730000019,-0.00700000022,20181212453299,309,0x8,0x1,20.6800003,26.2582455,0.0190515779,0.0950425342,6.32446108e-06,30,1.72899997,2
309208100026395,71045422,2458464.9581787377,58464.454224499998,17.042408,0.0188759752,0,zr,105.5960384,-17.8253038,0.670000017,0.0399999991,20181212454213,309,0x8,0x1,20.6700001,26.2546978,0.0159703866,0.0904555097,4.37494964e-06,30,1.73399997,2
309208100026395,71045512,2458464.9590815706,58464.455127300003,17.0070343,0.0186103433,0,zr,105.59605329999999,-17.825303099999999,0.666000009,0.0179999992,20181212455127,309,0x8,0x1,20.7600002,26.2302876,0.0166019741,0.0964266509,4.74078161e-06,30,1.73800004,2
309208100026395,71045604,2458464.9599960046,58464.456041700003,17.002964,0.018580351,0,zr,105.5960487,-17.825302799999999,0.842999995,-0.0309999995,20181212456042,309,0x8,0x1,20.5599995,26.2071819,0.0154569065,0.0945869088,4.13469888e-06,30,1.74300003,2
309208100026395,71045695,2458464.9609103384,58464.456956000002,17.0184269,0.0186948963,0,zr,105.5960504,-17.825299000000001,0.730000019,0.0160000008,20181212456956,309,0x8,0x1,20.5900002,26.1626663,0.015147998,0.0948576257,3.94969811e-06,30,1.74800003,2
309208100026395,71045787,2458464.9618247738,58464.457870400001,17.02425,0.0187384821,0,zr,105.5960346,-17.825286999999999,0.75999999,-0.00899999961,20181212457870,309,0x8,0x1,20.4300003,26.157486,0.0165602546,0.0919875428,4.73422369e-06,30,1.75300002,2
309208100026395,71045878,2458464.9627391058,58464.4587847,17.0012245,0.0185675751,0,zr,105.5960475,-17.825302400000002,0.414000005,-0.0320000015,20181212458785,309,0x8,0x1,20.5799999,26.1304398,0.0139074279,0.0974335223,3.37290362e-06,30,1.75800002,2
309208100026395,71045969,2458464.9636535407,58464.4596991,17.0136452,0.0186592937,0,zr,105.5960473,-17.825291100000001,0.638000011,0.00300000003,20181212459688,309,0x8,0x1,20.2999992,26.0608654,0.0142103145,0.0930281654,3.48836807e-06,30,1.76300001,2
309208100026395,71046061,2458464.9645678741,58464.460613399999,16.9860268,0.0184568409,0,zr,105.5960632,-17.825286899999998,0.32100001,-0.0219999999,20181212460613,309,0x8,0x1,20.2199993,26.0271893,0.0166426115,0.095259659,4.76729747e-06,30,1.76800001,2
309208100026395,71046152,2458464.9654823076,58464.461527799998,17.0338478,0.0188108552,0,zr,105.5960453,-17.825301199999998,0.870999992,-0.00499999989,20181212461516,309,0x8,0x1,20.0400009,26.0150661,0.0196617711,0.0882666409,6.65930065e-06,30,1.77400005,2
309208100026395,71046244,2458464.966396641,58464.462442099997,16.9960575,0.0185297504,0,zr,105.5960331,-17.825311500000002,0.786000013,-0.0350000001,20181212462442,309,0x8,0x1,20.0200005,25.9192352,0.0191917028,0.0943525136,6.39131713e-06,30,1.77900004,2
309208100026395,71139244,2458465.8964309907,58465.392442099997,16.6447868,0.0163601264,0,zr,105.5960659,-17.825315799999998,0.58099997,0.00100000005,20181213392442,309,0x8,0x1,19.8600006,26.2919445,0.0227904581,0.0827399939,8.95681569e-06,30,1.60500002,2
309208100026395,71139335,2458465.8973454232,58465.393356499997,16.6265392,0.016266821,0,zr,105.5960316,-17.825342599999999,0.593999982,-0.00499999989,20181213393356,309,0x8,0x1,20.1200008,26.2966652,0.0271969792,0.076005511,1.28479651e-05,30,1.60500002,2
309208100026395,71139427,2458465.8982597585,58465.394270800003,16.6586914,0.016432384,0,zr,105.5960345,-17.825311800000001,0.569999993,0.00300000003,20181213394271,309,0x8,0x1,19.9899998,26.2868786,0.0234460048,0.0892758891,9.56236363e-06,30,1.60500002,2
309208100026395,71139518,2458465.8991741911,58465.395185200003,16.5979385,0.0161239933,0,zr,105.5960573,-17.8253032,0.646000028,0.0120000001,20181213395174,309,0x8,0x1,20.0300007,26.2930031,0.0218747519,0.0878749862,8.31993748e-06,30,1.60399997,2
309208100026395,71139609,2458465.900088524,58465.396099500002,16.5856457,0.0160638653,0,zr,105.59604779999999,-17.825317200000001,0.612999976,0.00100000005,20181213396100,309,0x8,0x1,20.0100002,26.2906895,0.0225713421,0.0863627195,8.84195742e-06,30,1.60399997,2
309208100026395,71139701,2458465.901002957,58465.397013900001,16.5901985,0.0160860457,0,zr,105.5960462,-17.8253235,0.693000019,0.0130000003,20181213397014,309,0x8,0x1,19.9200001,26.2902622,0.0222149361,0.0905843154,8.55268081e-06,30,1.60399997,2
309208100026395,71139792,2458465.9019172913,58465.3979282,16.5575962,0.0159294475,0,zr,105.5960417,-17.825302700000002,0.363000005,0.00700000022,20181213397917,309,0x8,0x1,20.2099991,26.2905922,0.0224259198,0.0842437074,8.70019448e-06,30,1.60399997,2
309208100026395,71139884,2458465.9028317239,58465.3988426,16.5672512,0.0159752853,0,zr,105.59606119999999,-17.825303999999999,0.628000021,0.00300000003,20181213398831,309,0x8,0x1,20.2800007,26.2862759,0.0192351677,0.0858185887,6.42441182e-06,30,1.60399997,2
309208100026395,71139975,2458465.9037460554,58465.399756899998,16.5598717,0.0159402043,0,zr,105.5960673,-17.8253296,0.763000011,0.00400000019,20181213399745,309,0x8,0x1,20.1599998,26.2938709,0.0210642982,0.0838744119,7.65543336e-06,30,1.60500002,2
309208100026395,71140067,2458465.9046604903,58465.400671299998,16.5442734,0.0158669315,0,zr,105.5960628,-17.8253001,0.521000028,-0.00200000009,20181213400660,309,0x8,0x1,20.2299995,26.2932587,0.0195380058,0.084151566,6.62232105e-06,30,1.60500002,2
309208100026395,71140158,2458465.9055748242,58465.401585599997,16.5354595,0.0158260353,0,zr,105.59602649999999,-17.8253153,0.69599998,-0.00800000038,20181213401574,309,0x8,0x1,20.2700005,26.2894363,0.0240507331,0.0873166323,1.01241476e-05,30,1.60500002,2
309208100026395,71140249,2458465.9064892549,58465.402499999997,16.5237885,0.0157724507,0,zr,105.596079,-17.8253196,0.54400003,-0.00999999978,20181213402488,309,0x8,0x1,20.2399998,26.2787571,0.0172400381,0.0842327923,5.18143543e-06,30,1.60599995,2
309208100026395,71140340,2458465.9073920893,58465.403402800002,16.5102539,0.0157111026,0,zr,105.5960171,-17.825332,0.963999987,0.00600000005,20181213403403,309,0x8,0x1,20.0499992,26.287199,0.0204534978,0.0862735435,7.36132642e-06,30,1.60599995,2
309208100026395,71140431,2458465.9083064212,58465.404317100001,16.4856033,0.0156015372,0,zr,105.5960271,-17.825339499999998,0.697000027,0.00100000005,20181213404317,309,0x8,0x1,20.1800003,26.2835178,0.0193052609,0.0857364386,6.49296362e-06,30,1.60699999,2
309208100026395,71140523,2458465.9092208557,58465.405231500001,16.5075912,0.0156991314,0,zr,105.5960441,-17.825313399999999,0.563000023,0.00200000009,20181213405231,309,0x8,0x1,20.3299999,26.2765312,0.0161300022,0.087193355,4.48232549e-06,30,1.60699999,2
309208100026395,71140614,2458465.9101351891,58465.4061458,16.4999199,0.0156648308,0,zr,105.59605500000001,-17.825305199999999,0.460999995,-0.00400000019,20181213406146,309,0x8,0x1,20.3500004,26.2808475,0.0162035786,0.0871155486,4.54993005e-06,30,1.60800004,2
309208100026395,71140706,2458465.9110496235,58465.407060199999,16.4870186,0.015607751,0,zr,105.5960311,-17.8252925,0.796999991,-0.00499999989,20181213407049,309,0x8,0x1,20.2999992,26.2799225,0.0169956125,0.0838009194,5.08230187e-06,30,1.60899997,2
309208100026395,71140797,2458465.9119639546,58465.407974499998,16.4640808,0.0155081116,0,zr,105.59605500000001,-17.825313999999999,0.836000025,-0.0130000003,20181213407963,309,0x8,0x1,20.4099998,26.2909565,0.0183310881,0.0836077332,5.89929914e-06,30,1.60899997,2
309208100026395,71140888,2458465.912878389,58465.408888899998,16.4752159,0.0155561892,0,zr,105.5960405,-17.825302400000002,0.546000004,-0.00400000019,20181213408877,309,0x8,0x1,20.2900009,26.2780991,0.017515203,0.0837907419,5.3302565e-06,30,1.61000001,2
309208100026395,71140980,2458465.9137927215,58465.409803199997,16.4508991,0.0154519137,0,zr,105.5960644,-17.8253001,1.04200006,0.00899999961,20181213409792,309,0x8,0x1,20.1900005,26.2807503,0.0201581921,0.0921753943,7.05463935e-06,30,1.61099994,2
309208100026395,71141071,2458465.9147071531,58465.410717600003,16.4557972,0.0154727045,0,zr,105.5960474,-17.825331200000001,1.42200005,-0.00899999961,20181213410706,309,0x8,0x1,20.1800003,26.2746582,0.0202614088,0.0894077718,7.06911942e-06,30,1.61199999,2
309208100026395,71141163,2458465.9156214874,58465.411631900002,16.4888248,0.015615698,0,zr,105.5960465,-17.8253083,0.898999989,-0.00899999961,20181213411620,309,0x8,0x1,20.1100006,26.2857571,0.0256358013,0.0869534686,1.13057449e-05,30,1.61300004,2
309208100026395,71141254,2458465.9165359195,58465.412546300002,16.4688187,0.0155285038,0,zr,105.596054,-17.8253196,0.828999996,0.00300000003,20181213412535,309,0x8,0x1,20.1299992,26.2777023,0.0190171152,0.0895323679,6.24999575e-06,30,1.61399996,2
309208100026395,71141344,2458465.9174387516,58465.4134491,16.4698906,0.0155331297,0,zr,105.5960473,-17.8253354,0.861999989,-0.00200000009,20181213413449,309,0x8,0x1,19.8899994,26.2787895,0.0226309691,0.092912972,9.01056774e-06,30,1.61600006,2
309208100026395,71141436,2458465.9183530863,58465.414363399999,16.5058517,0.0156913307,0,zr,105.5960493,-17.825309600000001,0.760999978,0.0170000009,20181213414363,309,0x8,0x1,19.9599991,26.2848129,0.0241599195,0.0885268226,9.98352971e-06,30,1.61699998,2
309208100026395,71141527,2458465.9192675198,58465.415277799999,16.4525948,0.0154590989,0,zr,105.5960225,-17.825312499999999,0.947000027,-0.00400000019,20181213415278,309,0x8,0x1,19.8199997,26.2804623,0.0209495854,0.0930546522,7.70465613e-06,30,1.61800003,2
309208100026395,71141619,2458465.9201818532,58465.416192099998,16.4302578,0.0153654264,0,zr,105.5960285,-17.825309699999998,0.72299999,0.00499999989,20181213416192,309,0x8,0x1,19.8999996,26.2770786,0.0207878407,0.09554369,7.49179208e-06,30,1.62,2
309208100026395,71141710,2458465.9210962849,58465.417106499997,16.4686737,0.0155278761,0,zr,105.59604040000001,-17.8253193,0.559000015,0,20181213417106,309,0x8,0x1,20.1000004,26.2845573,0.0195847154,0.0892658457,6.74621015e-06,30,1.62100005,2
309208100026395,71141802,2458465.9220106178,58465.418020800003,16.4929924,0.0156340878,0,zr,105.5960553,-17.825312499999999,0.662,0.00100000005,20181213418009,309,0x8,0x1,20.2700005,26.2788944,0.0171452593,0.0883839577,5.12044926e-06,30,1.62300003,2
309208100026395,71141893,2458465.9229250513,58465.418935200003,16.4613419,0.015496375,0,zr,105.596046,-17.825313099999999,0.358999997,-0.00100000005,20181213418924,309,0x8,0x1,20.2299995,26.2781982,0.0176117364,0.0870237872,5.39048096e-06,30,1.62399995,2
309208100026395,71141984,2458465.9238393838,58465.419849500002,16.5045967,0.0156857092,0,zr,105.5960571,-17.825315400000001,1.16799998,-0.00600000005,20181213419838,309,0x8,0x1,20.2099991,26.2775078,0.0177226588,0.0889837965,5.41087138e-06,30,1.62600005,2
309208100026395,71142076,2458465.9247538191,58465.420763900001,16.5017624,0.0156730469,0,zr,105.596007,-17.825305700000001,0.504000008,-0.00200000009,20181213420752,309,0x8,0x1,20.2000008,26.2746792,0.0197468065,0.0860881358,6.82705604e-06,30,1.62800002,2
309208100026395,71142167,2458465.9256681493,58465.4216782,16.5258522,0.0157818794,0,zr,105.5960513,-17.825327600000001,0.963,-0.0170000009,20181213421667,309,0x8,0x1,20.3099995,26.2837982,0.018022025,0.0845650658,5.62490231e-06,30,1.63,2
309208100026395,71142259,2458465.9265825828,58465.4225926,16.54636,0.0158766657,0,zr,105.5960369,-17.825326,0.510999978,-0.00300000003,20181213422581,309,0x8,0x1,20.1599998,26.2703438,0.0201520845,0.0911560804,7.10999484e-06,30,1.63199997,2
309208100026395,71142350,2458465.9274969157,58465.423506899999,16.5513687,0.0159001201,0,zr,105.59603850000001,-17.825326799999999,0.591000021,0.00200000009,20181213423495,309,0x8,0x1,20.1100006,26.2743607,0.0219808966,0.0887708068,8.424513e-06,30,1.63399994,2
309208100026395,71142442,2458465.9284113497,58465.424421299998,16.5538273,0.0159116741,0,zr,105.5960501,-17.825304800000001,1.26800001,-0.0460000001,20181213424410,309,0x8,0x1,20.4899998,26.2868233,0.0175738819,0.0860721245,5.34324909e-06,30,1.63600004,2
309208100026395,71142533,2458465.929325683,58465.425335599997,16.571703,0.0159965698,0,zr,105.5960395,-17.825304500000001,0.975000024,-0.0199999996,20181213425324,309,0x8,0x1,20.3700008,26.2817173,0.0159186032,0.0889088139,4.43803128e-06,30,1.63800001,2
309208100026395,71142624,2458465.9302401161,58465.426249999997,16.5666161,0.0159722529,0,zr,105.5960372,-17.825306399999999,0.644999981,-0.0109999999,20181213426238,309,0x8,0x1,20.2600002,26.2726345,0.0186237991,0.087797001,6.04751085e-06,30,1.63999999,2
309208100026395,71142716,2458465.9311545482,58465.427164399996,16.5959778,0.0161143523,0,zr,105.59605070000001,-17.825313300000001,1.21399999,-0.0160000008,20181213427153,309,0x8,0x1,20.1800003,26.2740345,0.0166091602,0.0902176425,4.82107725e-06,30,1.64199996,2
309208100026395,71142806,2458465.9320572801,58465.428067100001,16.6160812,0.0162141137,0,zr,105.5960403,-17.825324200000001,0.994000018,-0.0179999992,20181213428067,309,0x8,0x1,20.2099991,26.2821712,0.0193209108,0.084579803,6.51735127e-06,30,1.64499998,2
309208100026395,71142898,2458465.932971715,58465.428981500001,16.645256,0.0163625497,0,zr,105.5960528,-17.825287299999999,1.05599999,-0.0260000005,20181213428981,309,0x8,0x1,20.3400002,26.2833958,0.0180529971,0.083529003,5.7546581e-06,30,1.64699996,2
309208100026395,71142989,2458465.9338860475,58465.4298958,16.6589737,0.016433863,0,zr,105.59602630000001,-17.825311299999999,0.330000013,-0.00300000003,20181213429896,309,0x8,0x1,20.1599998,26.2881145,0.0213311575,0.0865443647,7.86824785e-06,30,1.64999998,2
309208100026395,71143081,2458465.9348004796,58465.4308102,16.6459541,0.0163661577,0,zr,105.596051,-17.825310699999999,1.09899998,-0.00800000038,20181213430810,309,0x8,0x1,20.2399998,26.2750797,0.0201970711,0.0903375521,7.19525724e-06,30,1.65199995,2
309208100026395,71143172,2458465.935714812,58465.431724499998,16.6849136,0.0165714361,0,zr,105.5960572,-17.8253138,0.713999987,-0.0189999994,20181213431725,309,0x8,0x1,20.2399998,26.2771187,0.0202832036,0.0836607292,7.1681161e-06,30,1.65499997,2
309208100026395,71143263,2458465.9366292465,58465.432638899998,16.702919,0.0166690554,0,zr,105.5960398,-17.825303399999999,0.734000027,-0.00100000005,20181213432627,309,0x8,0x1,20.1900005,26.2691517,0.0173370466,0.0871722028,5.34150513e-06,30,1.65799999,2
309208100026395,71143355,2458465.9375435789,58465.433553199997,16.7175446,0.0167496596,0,zr,105.59604469999999,-17.825302799999999,1.19599998,-0.0219999999,20181213433542,309,0x8,0x1,20.2800007,26.2748032,0.0183568615,0.091279313,5.89368665e-06,30,1.66100001,2
309208100026395,71143446,2458465.9384580129,58465.434467599996,16.7016964,0.0166623741,0,zr,105.5960267,-17.825295100000002,0.674000025,0.00100000005,20181213434456,309,0x8,0x1,20.1100006,26.2749081,0.0228696056,0.0899633467,9.22498657e-06,30,1.66299999,2
309208100026395,71143538,2458465.9393723435,58465.435381900003,16.7465515,0.0169130377,0,zr,105.5960481,-17.825321299999999,0.708999991,0,20181213435370,309,0x8,0x1,20.1900005,26.256855,0.0211714413,0.0901034325,7.83539508e-06,30,1.66600001,2
309208100026395,71143628,2458465.9402751774,58465.436284700001,16.7709045,0.0170539021,0,zr,105.59604109999999,-17.825303999999999,0.51700002,0,20181213436285,309,0x8,0x1,20.2000008,26.2342281,0.0192856248,0.0846161991,6.48193645e-06,30,1.66999996,2
309208100026395,71143719,2458465.9411896099,58465.437199100001,16.8351727,0.0174423978,0,zr,105.59602270000001,-17.825317399999999,0.451999992,0.00700000022,20181213437199,309,0x8,0x1,20.1399994,26.2675953,0.0229913685,0.0912630707,9.25706718e-06,30,1.67299998,2
309208100026395,71143811,2458465.9421039419,58465.4381134,16.8172531,0.0173315778,0,zr,105.5960463,-17.825316900000001,0.497999996,-0.00700000022,20181213438113,309,0x8,0x1,20.3400002,26.2766476,0.017223198,0.0876624063,5.2091541e-06,30,1.676,2
309208100026395,71143902,2458465.9430183759,58465.439027799999,16.7986603,0.0172186531,0,zr,105.5960426,-17.825300299999999,0.91900003,-0.00499999989,20181213439028,309,0x8,0x1,20.3400002,26.2770252,0.0162957218,0.0863448009,4.6420455e-06,30,1.67900002,2
309208100026395,71143994,2458465.9439327084,58465.439942099998,16.8363285,0.0174496081,0,zr,105.5960487,-17.825305199999999,0.697000027,0.00300000003,20181213439942,309,0x8,0x1,20.0799999,26.2697392,0.0224844757,0.0922397003,8.81012329e-06,30,1.68299997,2
309208100026395,71144085,2458465.9448471409,58465.440856499998,16.8515053,0.0175451152,0,zr,105.59605759999999,-17.8253062,0.805999994,-0.00700000022,20181213440856,309,0x8,0x1,19.9599991,26.2779408,0.0218347088,0.0919873863,8.36317395e-06,30,1.68599999,2
309208100026395,71144177,2458465.9457614734,58465.441770799996,16.8719482,0.0176760443,0,zr,105.59605019999999,-17.8253162,0.48300001,0.00300000003,20181213441771,309,0x8,0x1,20.2299995,26.2704144,0.0217253696,0.0923080966,8.21725553e-06,30,1.69000006,2
309208100026395,71144268,2458465.9466759069,58465.442685200003,16.8753242,0.017697921,0,zr,105.5960359,-17.825313399999999,0.907000005,-0.0179999992,20181213442685,309,0x8,0x1,20.2399998,26.2687931,0.0183390789,0.0868376717,5.89391539e-06,30,1.69299996,2
309208100026395,71144359,2458465.9475902393,58465.443599500002,16.9054871,0.0178966299,0,zr,105.5960522,-17.825311599999999,1.34599996,-0.0280000009,20181213443588,309,0x8,0x1,20.1700001,26.2619896,0.0184278805,0.0891017094,6.07858237e-06,30,1.69700003,2
309208100026395,71144451,2458465.9485046715,58465.444513900002,16.9170952,0.0179746766,0,zr,105.5960456,-17.825325599999999,0.976000011,0.00100000005,20181213444502,309,0x8,0x1,20.2000008,26.2676144,0.021347113,0.0893846527,7.97094344e-06,30,1.70099998,2
309208100026395,71144542,2458465.9494190044,58465.445428200001,16.8889694,0.0177870896,0,zr,105.59605999999999,-17.825312199999999,0.515999973,-0.00899999961,20181213445428,309,0x8,0x1,20.2900009,26.2754478,0.0156841706,0.0880672783,4.34560752e-06,30,1.70500004,2
309208100026395,71144634,2458465.9503334379,58465.4463426,16.9365292,0.0181073509,0,zr,105.596052,-17.825306999999999,0.763000011,0.00200000009,20181213446331,309,0x8,0x1,20.1499996,26.2640762,0.0197751522,0.0903746784,6.89901435e-06,30,1.70899999,2
309208100026395,71144725,2458465.9512477713,58465.447256899999,16.9455032,0.0181694701,0,zr,105.59604969999999,-17.825302600000001,0.675999999,-0.00800000038,20181213447245,309,0x8,0x1,20.2099991,26.263031,0.0179192293,0.0920164362,5.58785769e-06,30,1.71300006,2
309208100026395,71144817,2458465.9521622038,58465.448171299999,16.9430656,0.0181525424,0,zr,105.5960462,-17.8253053,0.787999988,0.0130000003,20181213448160,309,0x8,0x1,20.2800007,26.273592,0.0184818171,0.0931306854,5.99214673e-06,30,1.71700001,2
309208100026395,71144907,2458465.9530650363,58465.449074099997,16.967762,0.0183259174,0,zr,105.5960474,-17.825304500000001,0.657000005,-0.0219999999,20181213449074,309,0x8,0x1,20.3799992,26.2723236,0.0164382681,0.090284802,4.76044215e-06,30,1.722,2
309208100026395,71144998,2458465.9539793706,58465.449988400003,16.9916,0.0184972566,0,zr,105.59602839999999,-17.8252913,0.592999995,-0.00700000022,20181213449988,309,0x8,0x1,20.3400002,26.2701931,0.0167983677,0.0893552378,4.95066934e-06,30,1.72599995,2
309208100026395,71145091,2458465.9549054024,58465.450914399997,16.9818916,0.018426992,0,zr,105.5960547,-17.825296300000002,0.79400003,-0.0289999992,20181213450903,309,0x8,0x1,20.3999996,26.2704601,0.0170179959,0.0911331847,5.10386826e-06,30,1.73099995,2
309208100026395,71145181,2458465.9558081338,58465.451817100002,16.9979057,0.0185432546,0,zr,105.59604880000001,-17.825313300000001,0.867999971,-0.0240000002,20181213451817,309,0x8,0x1,20.3099995,26.2704964,0.0167340096,0.0880372226,4.92707932e-06,30,1.73500001,2
309208100026395,71145273,2458465.9567225673,58465.452731500001,16.9717541,0.0183543283,0,zr,105.5960491,-17.825302600000001,0.614000022,0.00400000019,20181213452732,309,0x8,0x1,20.25,26.2702942,0.017481003,0.089553766,5.38576933e-06,30,1.74000001,2
309208100026395,71145364,2458465.9576369002,58465.4536458,16.9959965,0.0185292959,0,zr,105.5960499,-17.825302199999999,1.29499996,-0.0289999992,20181213453646,309,0x8,0x1,20.25,26.2655716,0.0171077624,0.0902244225,5.12842371e-06,30,1.745,2
309208100026395,71145456,2458465.9585513319,58465.4545602,17.009285,0.018626973,0,zr,105.5960638,-17.8253092,0.58099997,-0.0260000005,20181213454560,309,0x8,0x1,20.3500004,26.2688789,0.0157847479,0.0935691893,4.37375229e-06,30,1.75,2
309208100026395,71145547,2458465.9594656648,58465.455474499999,16.9794445,0.0184093919,0,zr,105.5960692,-17.825307899999999,0.782000005,-0.0130000003,20181213455463,309,0x8,0x1,20.25,26.2629967,0.0214200038,0.0968287736,8.01266651e-06,30,1.755,2
309208100026395,71145638,2458465.9603800988,58465.456388899998,17.0140648,0.0186624099,0,zr,105.59605740000001,-17.825291499999999,0.925999999,-0.0160000008,20181213456377,309,0x8,0x1,20.2299995,26.2596321,0.0165703129,0.092102997,4.88634669e-06,30,1.75999999,2
309208100026395,71145730,2458465.9612944303,58465.457303199997,17.008379,0.018620275,0,zr,105.596045,-17.825319799999999,0.625,0.00400000019,20181213457292,309,0x8,0x1,20.0799999,26.2669392,0.0220419541,0.0918718055,8.63638161e-06,30,1.76499999,2
309208100026395,71145821,2458465.9622088643,58465.458217599997,17.0129318,0.018654,0,zr,105.5960735,-17.8252779,0.944999993,0.00300000003,20181213458206,309,0x8,0x1,20.1100006,26.2504864,0.0181841031,0.0943970606,5.80896858e-06,30,1.76999998,2
309208100026395,71145913,2458465.9631231949,58465.459131900003,17.0130157,0.0186546184,0,zr,105.5960501,-17.825327000000001,0.852999985,-0.00100000005,20181213459120,309,0x8,0x1,20.1800003,26.2565842,0.0188092794,0.0936201662,6.22025391e-06,30,1.77600002,2
309208100026395,71146003,2458465.9640260288,58465.460034700001,17.0006714,0.0185635146,0,zr,105.5960218,-17.8253229,0.913999975,-0.00700000022,20181213460035,309,0x8,0x1,20.1499996,26.255209,0.0211895239,0.0954804271,7.89082424e-06,30,1.78100002,2
309208100026395,71146096,2458465.9649519627,58465.460960600001,16.9988613,0.0185502544,0,zr,105.59601670000001,-17.825307299999999,0.686999977,0.00499999989,20181213460949,309,0x8,0x1,19.9799995,26.2623959,0.0238965619,0.0899923146,9.93259346e-06,30,1.78699994,2
309208100026395,71146186,2458465.9658547947,58465.4618634,17.03022,0.0187834222,0,zr,105.59603420000001,-17.8253016,0.463999987,-0.00100000005,20181213461863,309,0x8,0x1,20.0799999,26.2497845,0.0176041629,0.0937302858,5.4519146e-06,30,1.79299998,2
309208100026395,71146277,2458465.9667692259,58465.462777799999,17.0142021,0.0186634306,0,zr,105.5960391,-17.825323699999998,1.09599996,-0,20181213462778,309,0x8,0x1,20.0200005,26.2457447,0.0176966768,0.0959533006,5.5112414e-06,30,1.79900002,2
309208100026395,71232809,2458466.8321126821,58466.328090299998,16.5283146,0.0157931522,0,zr,105.5960518,-17.825304299999999,0.606999993,-0.023,20181214328079,309,0x8,0x1,20.6100006,26.134264,0.0202485975,0.0934019312,7.32058334e-06,30,1.79799998,1
309208100026395,71233453,2458466.8385596126,58466.334537000002,16.594883,0.0161089804,0,zr,105.5960381,-17.825302799999999,0.903999984,-0.0579999983,20181214334525,309,0x8,0x1,20.5699997,26.0880375,0.0176328924,0.095629558,5.51301673e-06,30,1.75899994,2
309208100026395,71233545,2458466.8394740443,58466.335451400002,16.6148224,0.0162078086,0,zr,105.59604969999999,-17.825311500000002,0.778999984,-0.0320000015,20181214335440,309,0x8,0x1,20.5699997,26.1050167,0.0145145478,0.0996628702,3.66719905e-06,30,1.75399995,2
309208100026395,71233636,2458466.8403883777,58466.336365700001,16.6100616,0.0161840338,0,zr,105.59603679999999,-17.825308,0.944999993,-0.0680000037,20181214336354,309,0x8,0x1,20.4699993,26.0412483,0.0159602053,0.0982967168,4.492892e-06,30,1.74899995,2
309208100026395,71239849,2458466.9025202752,58466.398495399997,16.9036255,0.0178841911,0,zr,105.5960407,-17.825296600000001,0.691999972,-0.0700000003,20181214398495,309,0x8,0x1,20.0200005,25.7486095,0.0205212831,0.0945748836,7.37426672e-06,30,1.60500002,2
309208100026395,71239940,2458466.9034346072,58466.399409700003,16.8636646,0.017622672,0,zr,105.59603989999999,-17.825299000000001,0.409999996,-0.0260000005,20181214399410,309,0x8,0x1,20.0599995,25.7926006,0.0168593749,0.0940913036,4.97276369e-06,30,1.60500002,2
309208100026395,71243229,2458466.9363177558,58466.432291700003,16.4567528,0.0154767754,0,zr,105.5960173,-17.825308199999998,1.28699994,0.00400000019,20181214432292,309,0x8,0x1,19.2700005,25.7029743,0.0247734226,0.0949265286,1.064155e-05,30,1.66499996,2
309208100026395,73621024,2458490.7147471393,58490.210243100002,16.9864845,0.0184601545,0,zr,105.5960396,-17.825307200000001,0.430999994,-0.00300000003,20190107210243,309,0x8,0x1,20.2000008,26.1410332,0.0183529556,0.0979360566,5.76236062e-06,30,2.33999991,1
309208100026395,73927151,2458493.7760275216,58493.271516200002,16.9841309,0.0184431467,0,zr,105.5960367,-17.8252889,1.07099998,-0.0390000008,20190110271319,309,0x8,0x1,20.5200005,26.2727642,0.0208968483,0.0948700532,7.61829324e-06,30,1.66499996,1
309208100026395,75323019,2458507.7345815827,58507.230196800003,16.9674091,0.0183234084,0,zr,105.596037,-17.825313399999999,0.549000025,-0.0160000008,20190124229873,309,0x8,0x1,20.3199997,26.2640953,0.0162357353,0.0878779069,4.61214904e-06,30,1.67799997,1
309208100026395,75422990,2458508.734273246,58508.229907399997,17.0455666,0.018900143,0,zr,105.59604539999999,-17.8252977,1.18200004,0.0240000002,20190125229838,309,0x8,0x1,20.3500004,26.2685623,0.0213374626,0.0915912837,7.79667062e-06,30,1.66799998,1
309208100026395,75527292,2458509.7772729108,58509.2729282,16.9690208,0.0183348656,0,zr,105.596056,-17.825314599999999,0.827000022,0.00700000022,20190126272928,309,0x8,0x1,19.8700008,26.271286,0.0200157668,0.102168269,7.04890454e-06,30,1.56799996,1
309208100026395,75720347,2458511.7077740552,58511.203472200003,16.929882,0.01806169,0,zr,105.5960463,-17.825323900000001,1.09000003,-0.0199999996,20190128203461,309,0x8,0x1,19.8600006,26.1753368,0.0187872555,0.104156956,6.1776791e-06,30,1.76499999,1
309208100026395,76918854,2458523.6924730283,58523.188541700001,16.9314117,0.0180721711,0,zr,105.5960429,-17.825298,0.432000011,0.0130000003,20190209188403,309,0x8,0x1,20.6800003,26.0654221,0.0186996944,0.0948141515,6.17143405e-06,30,1.66999996,1
309208100026395,78519232,2458539.6955087571,58539.1923264,17.0172997,0.018686492,0,zr,105.5960226,-17.825286800000001,1.46000004,-0.0270000007,20190225192326,309,0x8,0x1,20.2399998,26.2335358,0.024361603,0.103372931,1.03128859e-05,30,1.56799996,1
309208100026395,78620962,2458540.7127557169,58540.209629600002,16.9737892,0.0183688663,0,zr,105.5960451,-17.8252959,0.725000024,-0.0320000015,20190226209618,309,0x8,0x1,20.9599991,26.2388535,0.0143744973,0.0947356224,3.60955937e-06,30,1.58000004,1
309208100026395,78923155,2458543.7345044897,58543.231550899996,16.4615936,0.0154974526,0,zr,105.59605310000001,-17.825311500000002,0.654999971,-0.0270000007,20190301231539,309,0x8,0x1,19.8400002,25.8516369,0.0206230339,0.0948355421,7.15831084e-06,30,1.66100001,1
309208100026395,79318899,2458547.6917090844,58547.188993099997,16.5694504,0.0159857888,0,zr,105.5960513,-17.825306900000001,0.603999972,-0.0419999994,20190305188993,309,0x8,0x1,20.8799992,26.2397537,0.0151991788,0.096673727,4.0293894e-06,30,1.57799995,1
309208100026395,80416802,2458558.6700180159,58558.168020800003,16.9670296,0.0183207095,0,zr,105.59602839999999,-17.825298499999999,0.651000023,0.00400000019,20190316168021,309,0x8,0x1,19.25,26.2080688,0.0326005258,0.111823618,1.85185272e-05,30,1.59300005,1
309208100026395,80517042,2458559.6723561077,58559.170428199999,17.039257,0.0188519433,0,zr,105.5959884,-17.825228800000001,0.312000006,-0.00600000005,20190317170428,309,0x8,0x1,19.3400002,26.2222462,0.0273464192,0.115731262,1.30091048e-05,30,1.60399997,1
309208100026395,80611934,2458560.6212021303,58560.1193403,16.6125145,0.0161962658,0,zr,105.59604880000001,-17.8252749,1.11399996,-0.0130000003,20190318119340,309,0x8,0x1,19.7900009,26.2438335,0.0182522684,0.0999611765,5.77161154e-06,30,1.58000004,1
309208100026395,80812594,2458562.6276697186,58562.125949100002,17.0184307,0.0186949335,0,zr,105.5960376,-17.825306900000001,0.818000019,0.00700000022,20190320125856,309,0x8,0x1,19.4799995,26.1752338,0.0209088176,0.0916280076,7.58624219e-06,30,1.56900001,1
309208100026395,83113622,2458585.6362385405,58585.136226900002,16.9891224,0.0184792671,0,zr,105.59603799999999,-17.825312499999999,1.09200001,-0.0149999997,20190412135405,309,0x8,0x1,19.2099991,26.1053486,0.0232197233,0.104290023,9.12819814e-06,30,1.75999999,1
309208100026395,100348802,2458757.9872883982,58757.488020800003,16.922224,0.0180094503,0,zr,105.5960642,-17.825270199999999,0.527999997,-0.023,20191001487998,309,0x8,0x1,20.2999992,26.1095638,0.0168311726,0.11096932,4.67793825e-06,30,2.17799997,2
309208100026395,100350574,2458758.0050096307,58757.505740699999,16.6642036,0.016461309,0,zr,105.59605089999999,-17.825298700000001,0.500999987,-0.00600000005,20191001505625,309,0x8,0x1,20.5699997,26.1411991,0.0143793002,0.102404177,3.37722736e-06,30,1.95599997,1
309208100026395,100650765,2458761.0071440046,58760.507650500003,16.8938217,0.0178190824,0,zr,105.596063,-17.825295300000001,0.591000021,-0.0130000003,20191004507650,309,0x8,0x1,20.1200008,26.1474094,0.0163335968,0.104199551,4.34680032e-06,30,1.86099994,1
309208100026395,101049893,2458764.9987299014,58764.498935199998,17.0310955,0.0187900383,0,zr,105.5960516,-17.8252889,0.558000028,0.00400000019,20191008498924,309,0x8,0x1,20.7000008,26.1197414,0.0153162917,0.102341674,3.84084842e-06,30,1.84300005,1
309208100026395,102448232,2458778.983180806,58778.482326400001,16.834301,0.0174369551,0,zr,105.59604210000001,-17.825278900000001,1.08800006,0.0280000009,20191022482326,309,0x8,0x1,19.2399998,26.1694298,0.0298475716,0.108501822,1.46689717e-05,30,1.70200002,1
309208100026395,102750293,2458782.0040201307,58781.502939799997,17.0205822,0.0187110007,0,zr,105.5960762,-17.8253369,0.680000007,0.00400000019,20191025502940,309,0x8,0x1,19.5599995,26.1909313,0.0299214236,0.0969870165,1.53559777e-05,30,1.59800005,1
309208100026395,103351917,2458788.0207005064,58787.519178199997,17.022686,0.0187267493,0,zr,105.596034,-17.825323099999999,0.745000005,0.00400000019,20191031519178,309,0x8,0x1,19.4799995,26.1652184,0.0235743318,0.105762914,9.15001783e-06,30,1.56700003,1
309208100026395,103648086,2458790.98260279,58790.480868099999,17.031723,0.0187947769,0,zr,105.5960595,-17.8253056,0.957000017,-0.0299999993,20191103480868,309,0x8,0x1,20.1700001,26.1692276,0.0169102028,0.105930746,4.82308451e-06,30,1.59200001,1
309208100026395,103950127,2458794.0032200525,58793.501273100002,16.6737499,0.0165117886,0,zr,105.5960584,-17.825323999999998,0.522000015,0.0189999994,20191106501262,309,0x8,0x1,20.4500008,26.153862,0.0208126046,0.092691496,7.09698406e-06,30,1.56599998,1
309208100026395,104545958,2458799.9619339425,58799.459583299998,16.914444,0.017956771,0,zr,105.5960443,-17.8252916,0.751999974,0.00300000003,20191112459132,309,0x8,0x1,19.8600006,26.1675682,0.0180362221,0.0990818664,5.33256025e-06,30,1.58599997,1
309208100026395,104942233,2458803.9249443957,58803.422337999997,17.0001011,0.0185593385,0,zr,105.5960329,-17.825295100000002,0.819999993,-0.0149999997,20191116422199,309,0x8,0x1,20.0400009,26.1415024,0.0185421687,0.0965432078,5.6586432e-06,30,1.66299999,1
309208100026395,105248131,2458806.9841153757,58806.481319400002,17.020977,0.0187139623,0,zr,105.5960649,-17.825253799999999,0.538999975,-0.0240000002,20191119481319,309,0x8,0x1,19.6800003,26.1808681,0.0260602608,0.117411949,1.10546262e-05,30,1.579,1
309208100026395,107939386,2458833.8979495969,58833.393865700004,16.6260033,0.0162641108,0,zr,105.59605139999999,-17.8253153,0.507000029,0.0140000004,20191216393866,309,0x8,0x1,19.0900002,26.2851219,0.0268926807,0.108597465,1.15730791e-05,30,1.56700003,1
309208100026395,108141821,2458835.9223660422,58835.418217600003,16.9263878,0.0180377979,0,zr,105.59606960000001,-17.8252749,0.805000007,0.0710000023,20191218418218,309,0x8,0x1,19.0499992,26.3022156,0.0336025953,0.105150804,1.85354547e-05,30,1.61300004,1
309208100026395,110125114,2458855.7565165912,58855.251145800001,17.0209255,0.0187135674,0,zr,105.59610619999999,-17.825356899999999,0.194000006,0.00700000022,20200107251146,309,0x8,0x1,19.8500004,28.2610416,0.0169662349,0.105102144,4.66066285e-06,180,1.83700001,2
309208100026395,110131409,2458855.8186002532,58855.314097199996,16.4926109,0.0156324022,0,zr,105.5960546,-17.8253001,1.26999998,-0.0419999994,20200107314097,309,0x8,0x1,19.6499996,26.2977829,0.0214187242,0.105405703,7.47706645e-06,30,1.57500005,1
309208100026395,110225807,2458856.7634535711,58856.258078699997,17.0045891,0.0185923073,0,zr,105.59606340000001,-17.825292900000001,0.388999999,-0.0350000001,20200108258021,309,0x8,0x1,20.5499992,28.2487221,0.0117611932,0.0998776853,2.2554359e-06,180,1.76699996,2
309208100026395,110535090,2458859.855413618,58859.350902799997,16.9571609,0.0182509813,0,zr,105.59603559999999,-17.825276800000001,0.915000021,-0.0140000004,20200111350903,309,0x8,0x1,19.1200008,26.279295,0.0258562379,0.102799572,1.08603354e-05,30,1.60800004,1
309208100026395,110729656,2458861.8010692568,58861.2965625,16.7001076,0.0166536998,0,zr,105.5960852,-17.825284199999999,0.69599998,-0.0370000005,20200113296562,309,0x8,0x1,19.0499992,26.2906532,0.0267243367,0.103475139,1.16457113e-05,30,1.57700002,1
309208100026395,111021262,2458864.7171184202,58864.212627300003,17.0250587,0.01874456,0,zr,105.5960434,-17.825295400000002,0.856999993,-0.00499999989,20200116212627,309,0x8,0x1,21.1000004,26.2479172,0.0157447457,0.101347782,3.97638723e-06,30,1.96599996,1
309208100026395,111827456,2458872.7789489925,58872.2745602,17.0368843,0.0188338999,0,zr,105.59605430000001,-17.8252822,1.47500002,-0.0529999994,20200124274560,309,0x8,0x1,20.7299995,26.3028145,0.0167604331,0.103824086,4.57777196e-06,30,1.56900001,1
309208100026395,112123214,2458875.736470887,58875.232141200002,16.9562149,0.018244328,0,zr,105.5960645,-17.825309099999998,0.328000009,0.0170000009,20200127232141,309,0x8,0x1,20.2000008,26.2567463,0.0191429574,0.110171862,6.02940645e-06,30,1.63900006,1
309208100026395,112727306,2458881.7772412063,58881.273067100003,16.5148239,0.015731724,0,zr,105.59604710000001,-17.825298400000001,0.524999976,-0.00400000019,20200202273067,309,0x8,0x1,20.2299995,26.3041115,0.0215617102,0.111801885,7.51453217e-06,30,1.57500005,1
309208100026395,113118971,2458885.6937596276,58885.189710600003,16.9680862,0.0183282215,0,zr,105.5960323,-17.825281799999999,0.623000026,-0.00200000009,20200206189687,309,0x8,0x1,18.3700008,25.9251347,0.0382462777,0.0929785296,2.54051938e-05,30,1.70500004,1
309208100026395,113726238,2458891.7662035958,58891.262384299996,16.4520493,0.0154567827,0,zr,105.5960525,-17.8252989,0.652999997,0.00899999961,20200212262384,309,0x8,0x1,20.3199997,26.2853107,0.0143476194,0.10222324,3.41343321e-06,30,1.60500002,1
309208100026395,114023020,2458894.73390014,58894.230208300003,16.5765495,0.0160198547,0,zr,105.5960517,-17.825309300000001,0.658999979,-0.00300000003,20200215230197,309,0x8,0x1,20.3999996,26.2653847,0.0176150613,0.11180947,5.10247128e-06,30,1.56799996,1
309208100026395,115717070,2458911.6734996359,58911.170705999997,17.0660267,0.0190584715,0,zr,105.5960347,-17.825253400000001,0.691999972,0.0109999999,20200303169884,309,0x8,0x1,19.2999992,26.2476025,0.0380834267,0.0988613591,2.39784094e-05,30,1.56799996,1
309208100026395,118719571,2458941.6964244382,58941.1957176,16.5336151,0.0158175249,0,zr,105.59604539999999,-17.8253144,1.23899996,-0.0199999996,20200402195718,309,0x8,0x1,19.25,26.1823235,0.0275350548,0.110036932,1.23329237e-05,30,2.07500005,1
309208100026395,137046057,2459124.9599745176,59124.460578699996,16.9768829,0.0183910057,0,zr,105.5960424,-17.825303300000002,0.439999998,-0.0299999993,20201002460579,309,0x8,0x1,19.6200008,26.1682129,0.0205394477,0.102782898,6.9766038e-06,30,2.62100005,1
309208100026395,137452166,2459129.0213680519,59128.521666699999,17.0065136,0.0186064988,0,zr,105.5960568,-17.825313000000001,1.023,-0.0399999991,20201006521620,309,0x8,0x1,20.1399994,26.2163105,0.0198201872,0.0892189965,6.70508916e-06,30,1.71700001,1
309208100026395,137646350,2459130.9633552223,59130.4635069,17.0299034,0.0187810361,0,zr,105.5960589,-17.825300500000001,0.532000005,0.00400000019,20201008463507,309,0x8,0x1,20.0799999,26.2605553,0.0189905614,0.105173148,5.93655977e-06,30,2.2349999,1
309208100026395,138149898,2459135.9992124517,59135.498981500001,16.5033493,0.0156801324,0,zr,105.5960493,-17.825309600000001,0.776000023,0.00100000005,20201013498981,309,0x8,0x1,20.7700005,26.2754555,0.0149474367,0.0980732515,3.81941072e-06,30,1.73699999,1
309208100026395,138348423,2459137.984617969,59137.484236099997,17.0218449,0.0187204555,0,zr,105.5960549,-17.825313000000001,0.690999985,-0.057,20201015484236,309,0x8,0x1,20.9200001,26.2235012,0.0145345656,0.0965540037,3.46949764e-06,30,1.79700005,1
309208100026395,138652297,2459141.0235868637,59140.522974500003,16.7586803,0.016982764,0,zr,105.5960831,-17.8252937,0.89200002,0.00600000005,20201018522789,309,0x8,0x1,19.9400005,26.2700024,0.0196471419,0.108898133,6.33653963e-06,30,1.59399998,1
309208100026395,138852150,2459143.0222679111,59142.521504600001,16.6465073,0.0163690168,0,zr,105.5960498,-17.825306699999999,0.643000007,-0.0460000001,20201020521481,309,0x8,0x1,21.0499992,26.305151,0.0137295919,0.0990726277,3.14450494e-06,30,1.58399999,1
309208100026395,139044621,2459144.9471232626,59144.446215299999,16.7116737,0.0167171601,0,zr,105.5960548,-17.825299699999999,0.693000019,0.0270000007,20201022446030,309,0x8,0x1,21.1399994,26.2800503,0.0129019506,0.100053377,2.73829755e-06,30,1.95099998,1
309208100026395,139648079,2459150.9821540089,59150.480798600001,16.446064,0.0154314907,0,zr,105.59604849999999,-17.8252907,0.518000007,0.0179999992,20201028480799,309,0x8,0x1,20.7199993,26.3499222,0.0163263157,0.0989158228,4.48327501e-06,30,1.62699997,1
309208100026395,139745806,2459151.9594938527,59151.4580671,16.9983597,0.0185465794,0,zr,105.59608489999999,-17.825281100000002,0.800999999,-0.00700000022,20201029458067,309,0x8,0x1,19.5100002,26.3383102,0.0268765222,0.107128032,1.20000923e-05,30,1.71399999,1
309208100026395,139845999,2459152.9614995359,59152.459999999999,16.9850273,0.0184496213,0,zr,105.596041,-17.825310900000002,0.843999982,-0.0289999992,20201030460000,309,0x8,0x1,19.8099995,26.3359909,0.0186589845,0.108715326,5.73030957e-06,30,1.68900001,1
309208100026395,140146031,2459155.9620274897,59155.460312499999,16.5249443,0.0157777276,0,zr,105.59606220000001,-17.825306300000001,1.22300005,0.0160000008,20201102460312,309,0x8,0x1,20.1900005,26.3291531,0.0159280505,0.0979214236,4.22781295e-06,30,1.65199995,1
309208100026395,140439003,2459158.891956029,59158.390034700002,16.8509598,0.0175416619,0,zr,105.5960331,-17.825284400000001,0.404000014,-0.00200000009,20201105390035,309,0x8,0x1,19.5,26.2595882,0.0270717535,0.104520217,1.20099548e-05,30,2.17700005,1
309208100026395,141346836,2459167.9708979507,59167.468368100002,16.7949409,0.0171963107,0,zr,105.596065,-17.825276500000001,0.330000013,-0.00400000019,20201114468368,309,0x8,0x1,20.2700005,26.3435822,0.0173661355,0.105097622,5.01776321e-06,30,1.56299996,1
309208100026395,141442104,2459168.9236322264,59168.421041699999,16.66609,0.0164712518,0,zr,105.59606770000001,-17.825295400000002,1.30900002,-0.0670000017,20201115421042,309,0x8,0x1,20.8099995,26.3427067,0.0154719744,0.0998663455,3.95260031e-06,30,1.66799998,1
309208100026395,142241949,2459176.9225624031,59176.419490699998,16.9521713,0.0182159767,0,zr,105.5960568,-17.825292300000001,0.323000014,-0.0309999995,20201123419491,309,0x8,0x1,20.9300003,26.3190079,0.0127781108,0.0949245691,2.72198645e-06,30,1.59899998,1
309208100026395,142644750,2459180.9507929399,59180.447500000002,16.7093697,0.0167044587,0,zr,105.5960714,-17.8252907,0.592999995,-0,20201127447500,309,0x8,0x1,18.9699993,26.3370094,0.0344258882,0.108182117,1.99471233e-05,30,1.56500006,1
309208100026395,142843967,2459182.9430725747,59182.439675900001,16.8246746,0.0173772331,0,zr,105.5960449,-17.8252883,0.95599997,-0.0299999993,20201129439664,309,0x8,0x1,20.0900002,26.3407097,0.0155585101,0.0955460817,4.06725621e-06,30,1.56299996,1
309208100026395,143139629,2459185.8998396476,59185.396296300001,16.6866188,0.0165806096,0,zr,105.5960405,-17.825290899999999,0.882000029,-0.0439999998,20201202396262,309,0x8,0x1,19.8099995,26.3272629,0.017811168,0.101142623,5.230856e-06,30,1.59599996,1
309208100026395,143345480,2459187.9584433474,59187.454803200002,16.4637985,0.0155068999,0,zr,105.5960055,-17.825326799999999,0.791999996,0.0670000017,20201204454803,309,0x8,0x1,18.8999996,26.3452091,0.0323348269,0.103135355,1.74189645e-05,30,1.61000001,1
309208100026395,144037711,2459194.8810499283,59194.377118099997,16.461998,0.015499182,0,zr,105.5960522,-17.825307500000001,0.686999977,-0.0170000009,20201211377118,309,0x8,0x1,19.8400002,25.9873753,0.0181780402,0.100065283,5.49001788e-06,30,1.58399999,1
309208100026395,144442267,2459198.9267503102,59198.422673599998,16.9304028,0.0180652495,0,zr,105.5960903,-17.825295700000002,0.873000026,-0.00700000022,20201215422674,309,0x8,0x1,19.9799995,26.3582611,0.0307173599,0.0947336555,1.57602572e-05,30,1.60399997,1
309208100026395,144637759,2459200.8817322366,59200.377592600002,16.5462608,0.0158762019,0,zr,105.59604640000001,-17.825219700000002,1.51499999,-0.0939999968,20201217377593,309,0x8,0x1,19.7399998,26.0568848,0.0319659039,0.114473984,1.72353066e-05,30,1.56400001,1
309208100026395,144839569,2459202.8998940126,59202.395694400002,16.9392281,0.0181259774,0,zr,105.5960441,-17.825294299999999,0.704999983,0.0120000001,20201219395694,309,0x8,0x1,19.8600006,26.334341,0.0190013777,0.107659757,5.97065764e-06,30,1.57299995,3
309208100026395,144942087,2459203.9251077208,59203.420879600002,16.8789349,0.0177213997,0,zr,105.5960329,-17.825299300000001,1.01300001,0.0810000002,20201220420880,309,0x8,0x1,19.7099991,26.3421822,0.0285957158,0.104243577,1.37734778e-05,30,1.64199996,3
309208100026395,144942322,2459203.9274573852,59203.423229200002,16.8486691,0.0175271574,0,zr,105.59604419999999,-17.8252682,0.781000018,0.050999999,20201220423229,309,0x8,0x1,19.6900005,26.3478622,0.0286371447,0.0961554646,1.39135554e-05,30,1.65100002,1
309208100026395,145039262,2459204.8968812302,59204.392627300003,16.8584442,0.0175892636,0,zr,105.5960595,-17.825309499999999,0.486999989,-0.0219999999,20201221392627,309,0x8,0x1,20.6000004,26.3364353,0.0192947332,0.105788283,6.20072615e-06,30,1.57599998,3
309208100026395,145637810,2459210.8824880845,59210.378101900002,16.4519272,0.0154562676,0,zr,105.5960676,-17.825316399999998,0.893999994,-0.0170000009,20201227378102,309,0x8,0x1,19.8199997,26.3354378,0.0165326316,0.101969548,4.60026558e-06,30,1.579,3
309208100026395,146230336,2459216.807839158,59216.303368100002,16.8515549,0.0175454319,0,zr,105.5960449,-17.825297599999999,1.23399997,0.00700000022,20210102303264,309,0x8,0x1,20.2199993,26.3382015,0.0147756739,0.0927391946,3.66181189e-06,30,1.61800003,1
309208100026395,146442584,2459218.9303350006,59218.425844899997,16.4580231,0.0154821929,0,zr,105.5960522,-17.825287200000002,1.09399998,-0.104000002,20210104425833,309,0x8,0x1,20.3099995,26.288372,0.0189381372,0.0980942175,5.89594356e-06,30,1.94400001,1
309208100026395,146442631,2459218.9308095034,59218.426319400001,16.4560242,0.015473675,0,zr,105.5960601,-17.8252998,0.699000001,-0.0260000005,20210104426308,309,0x8,0x1,20.4899998,26.2833691,0.0181336515,0.0983223617,5.50871982e-06,30,1.94799995,3
309208100026395,146628971,2459220.794212502,59220.289710600002,16.9972038,0.0185381211,0,zr,105.5960465,-17.825309399999998,0.689999998,0.0109999999,20210106289676,309,0x8,0x1,20.2099991,26.3134003,0.01759395,0.102705419,5.23997915e-06,30,1.62699997,3
309208100026395,146629068,2459220.7951848069,59220.290682899999,16.9892063,0.0184798706,0,zr,105.59605329999999,-17.8253108,0.954999983,-0.00300000003,20210106290660,309,0x8,0x1,20.0900002,26.3114128,0.0214046221,0.106623419,7.59388558e-06,30,1.62399995,1
309208100026395,146725187,2459221.7563811345,59221.251875000002,16.5248356,0.0157772321,0,zr,105.5960551,-17.8253226,0.82099998,-0.0120000001,20210107251875,309,0x8,0x1,20.2199993,26.2792301,0.0192117672,0.104469396,6.10533516e-06,30,1.81099999,3
309208100026395,146831570,2459222.8202153952,59222.315706000001,16.884964,0.0177607909,0,zr,105.5960515,-17.825298499999999,0.73299998,-0.0160000008,20210108315706,309,0x8,0x1,20.5900002,26.3380985,0.0152738998,0.0970317498,3.86987585e-06,30,1.56500006,3
309208100026395,146931218,2459223.8166985423,59223.3121875,16.462307,0.0155005064,0,zr,105.59605070000001,-17.825300200000001,0.307999998,-0.00800000038,20210109312188,309,0x8,0x1,20.4300003,26.3266888,0.0160783119,0.104751326,4.2498018e-06,30,1.56599998,3
309208100026395,147029399,2459224.7985044485,59224.2939931,16.9117661,0.0179387368,0,zr,105.59610979999999,-17.825310200000001,0.624000013,-0.00700000022,20210110293993,309,0x8,0x1,19.9699993,26.3269138,0.0228276886,0.103728019,8.57978648e-06,30,1.58700001,1
309208100026395,147129312,2459225.7976353206,59225.293124999997,17.0096703,0.0186298229,0,zr,105.59605449999999,-17.825284400000001,0.398000002,-0.0219999999,20210111293113,309,0x8,0x1,20.6100006,26.3220196,0.0153034162,0.100566112,3.86402598e-06,30,1.58299994,3
309208100026395,147227261,2459226.7771236934,59226.2726157,16.6216125,0.0162419211,0,zr,105.596048,-17.8253001,0.671000004,0.00200000009,20210112272616,309,0x8,0x1,20.1900005,26.2847805,0.0208385903,0.105776966,7.34226342e-06,30,1.62899995,3
309208100026395,147229112,2459226.7956306408,59226.2911227,16.922781,0.0180132333,0,zr,105.5960637,-17.825299600000001,0.404000014,0.00300000003,20210112291123,309,0x8,0x1,20.3299999,26.3223724,0.0165048465,0.102876678,4.58424392e-06,30,1.58200002,1
309208100026395,147331261,2459227.8171198084,59227.312615700001,16.9319782,0.0180760548,0,zr,105.5960575,-17.825294299999999,0.537999988,0.0109999999,20210113312616,309,0x8,0x1,20.6700001,26.1891804,0.0142891183,0.0947557762,3.4317618e-06,30,1.56200004,3
309208100026395,147431534,2459228.8198461705,59228.315347199998,16.6509514,0.016392041,0,zr,105.5960522,-17.825295700000002,0.893000007,-0.0390000008,20210114315347,309,0x8,0x1,20.8799992,26.3365059,0.014069654,0.0978401974,3.28222632e-06,30,1.56400001,3
309208100026395,147435168,2459228.8561885501,59228.351689800002,17.0353851,0.0188225135,0,zr,105.5960663,-17.825296699999999,0.671999991,0.0209999997,20210114351690,309,0x8,0x1,20.6000004,26.3324909,0.015164067,0.0985963047,3.8148878e-06,30,1.63800001,1
309208100026395,147528865,2459229.793150085,59229.2886574,16.8475266,0.0175199434,0,zr,105.5961202,-17.825304299999999,0.962000012,0.0719999969,20210115288646,309,0x8,0x1,19.5699997,26.3485947,0.0296811908,0.110055827,1.47664623e-05,30,1.57299995,3
309208100026395,147627371,2459230.77820032,59230.273715299998,17.0052071,0.0185968671,0,zr,105.5960484,-17.8252956,0.72299999,-0.0329999998,20210116273715,309,0x8,0x1,20.7600002,26.3374386,0.013424213,0.101068862,2.99252565e-06,30,1.59500003,3
309208100026395,147731472,2459231.819197705,59231.314722199997,16.9385548,0.0181213245,0,zr,105.59606429999999,-17.8252965,1.36899996,0.0450000018,20210117314722,309,0x8,0x1,19.6599998,26.2576103,0.0239084736,0.113298014,9.55966425e-06,30,1.57099998,3
309208100026395,147927269,2459233.7771504764,59233.272696799999,16.593689,0.0161031205,0,zr,105.5960523,-17.825317299999998,0.398999989,-0.0179999992,20210119272697,309,0x8,0x1,20.7999992,26.3129444,0.0159132984,0.0974464566,4.22849689e-06,30,1.58099997,3
309208100026395,149624996,2459250.7540213675,59250.249965299998,17.0260544,0.0187520422,0,zr,105.5960303,-17.8253199,1.06799996,0.0219999999,20210205249965,309,0x8,0x1,19.5799999,26.3434086,0.0260787662,0.104582727,1.12819616e-05,30,1.56200004,3
309208100026395,149633097,2459250.8350254805,59250.330972199998,16.7936745,0.0171887185,0,zr,105.5960572,-17.8252849,0.541999996,0.00300000003,20210205330961,309,0x8,0x1,19.9300003,26.3004894,0.0211662706,0.0981024727,7.44104864e-06,30,1.87300003,1
309208100026395,149820936,2459252.7133504986,59252.209363399998,16.768177,0.0170379542,0,zr,105.5960551,-17.825295499999999,0.991999984,-0.0930000022,20210207209201,309,0x8,0x1,21.0200005,26.3280869,0.0144333094,0.0981061906,3.4587847e-06,30,1.60599995,1
309208100026395,150025230,2459254.7562135565,59254.252303200003,16.7268581,0.0168016031,0,zr,105.5960547,-17.825283200000001,1.29200006,-0.109999999,20210209252292,309,0x8,0x1,20.9699993,26.3427925,0.0152043654,0.103873357,3.89253273e-06,30,1.57099998,1
309208100026395,150220981,2459256.7136470862,59256.2098148,16.4697342,0.0155324554,0,zr,105.59605259999999,-17.825299099999999,0.640999973,-0.0549999997,20210211209815,309,0x8,0x1,21,26.2912216,0.0136142895,0.0968170837,3.08483686e-06,30,1.58099997,1
309208100026395,151123041,2459265.7338349475,59265.230416699997,17.0138245,0.0186606292,0,zr,105.59603250000001,-17.825295700000002,0.962000012,-0.0799999982,20210220230417,309,0x8,0x1,20.4200001,26.3575382,0.0159510672,0.107919134,4.50438574e-06,30,1.58399999,1
309208100026395,151317214,2459267.6754593933,59267.172141199997,16.933012,0.0180831496,0,zr,105.5960627,-17.825315400000001,0.68900001,-0.00300000003,20210222172141,309,0x8,0x1,20.0200005,26.3459549,0.0157152638,0.100669563,4.39879295e-06,30,1.59599996,1
309208100026395,151529641,2459269.7996165701,59269.296412000003,17.0542641,0.0189670678,0,zr,105.5960524,-17.825305199999999,0.806999981,0.00800000038,20210224296412,309,0x8,0x1,19.7900009,26.2446709,0.0194154494,0.100696445,6.75624688e-06,30,2.05699992,1
309208100026395,151723216,2459271.7352618882,59271.232164399997,16.992857,0.0185064096,0,zr,105.5960614,-17.825310600000002,0.602999985,-0.00100000005,20210226232153,309,0x8,0x1,19.3500004,26.3141289,0.0239496063,0.102018103,1.01850464e-05,30,1.63199997,1
309208100026395,151921067,2459273.7136558834,59273.210671300003,16.5408039,0.015850788,0,zr,105.5960462,-17.825261000000001,0.268999994,-0.00800000038,20210228210671,309,0x8,0x1,19.2299995,26.2500114,0.0255931504,0.105768189,1.18349217e-05,30,1.58800006,1
309208100026395,152125768,2459275.7605494279,59275.257685199998,16.4698772,0.0155330729,0,zr,105.5960443,-17.825305100000001,0.824000001,-0.0109999999,20210302257685,309,0x8,0x1,19.6100006,26.2798634,0.0203635395,0.103629477,7.50779691e-06,30,1.83299994,1
309208100026395,152415027,2459278.652966206,59278.150277799999,17.0481815,0.0189201999,0,zr,105.5960542,-17.825271900000001,0.964999974,-0.0140000004,20210305150266,309,0x8,0x1,19.9099998,26.3245773,0.0228097439,0.100018203,8.8125762e-06,30,1.58000004,1
309208100026395,153718987,2459291.6916956534,59291.189872700001,17.0064392,0.0186059456,0,zr,105.596059,-17.825280500000002,1.08599997,-0.0560000017,20210318189873,309,0x8,0x1,20.6299992,26.2900295,0.0165090058,0.0999550894,4.59604098e-06,30,1.68099999,1
309208100026395,153916928,2459293.670965462,59293.169282399998,16.6369705,0.0163199548,0,zr,105.5960513,-17.825272099999999,1.17900002,-0.00999999978,20210320169282,309,0x8,0x1,19.9099998,26.3077526,0.0177563727,0.113626614,5.24331472e-06,30,1.62199998,1
309208100026395,154222811,2459296.7295768522,59296.2281134,16.6897278,0.0165973678,0,zr,105.5960149,-17.8253308,0.813000023,0.294,20210323228113,309,0x8,0x1,18.2999992,26.1852665,0.0456904471,0.105476968,3.84534251e-05,30,2.12700009,1
309208100026395,154717184,2459301.6729416898,59301.171840299998,16.9998646,0.018557597,0,zr,105.5960523,-17.825279699999999,0.810000002,-0.00899999961,20210328171840,309,0x8,0x1,19.3600006,26.2652111,0.0249385796,0.0977111086,1.04555838e-05,30,1.73000002,1
309208100026395,154915026,2459303.651220676,59303.150266199998,16.6758442,0.0165229291,0,zr,105.5960647,-17.825301400000001,0.865999997,-0.0149999997,20210330150266,309,0x8,0x1,20.2700005,26.2944584,0.0146926371,0.106427625,3.58750003e-06,30,1.65100002,1
309208100026395,155416895,2459308.6695363279,59308.168958299997,16.4502449,0.0154491449,0,zr,105.5960759,-17.8252709,0.493000001,-0.00300000003,20210404168750,309,0x8,0x1,19.9099998,26.2433891,0.0213009976,0.118405856,7.56745158e-06,30,1.84200001,1
309208100026395,155616971,2459310.6701375102,59310.169710599999,16.9579506,0.0182565339,0,zr,105.5960654,-17.825316000000001,0.856999993,-0.0140000004,20210406169711,309,0x8,0x1,19.8199997,26.2289085,0.0197113063,0.104377553,6.40449707e-06,30,1.89600003,1
309208100026395,156015461,2459314.654743257,59314.154618100001,16.682869,0.0165604632,0,zr,105.5960608,-17.825304200000001,0.906000018,-0.0500000007,20210410154606,309,0x8,0x1,20.2800007,26.259161,0.0177961253,0.101910956,5.26145186e-06,30,1.85899997,1
309208100026395,173547936,2459489.9787413981,59489.479363400002,16.9625778,0.0182891749,0,zr,105.5960616,-17.8252922,0.768000007,-0.0500000007,20211002479340,309,0x8,0x1,20.5,26.2416992,0.0142762065,0.102679893,3.37546317e-06,30,2.2420001,1
309208100026395,174750059,2459502.000878159,59501.500590299998,16.9221115,0.0180086792,0,zr,105.5960575,-17.825294700000001,0.879000008,-0.00300000003,20211014500556,309,0x8,0x1,20.8899994,26.3054771,0.0149180889,0.094293505,3.72122122e-06,30,1.70899999,1
309208100026395,175750726,2459512.008311193,59511.507268499998,17.0000153,0.0185587108,0,zr,105.5960559,-17.8253038,0.60799998,-0.0439999998,20211024507268,309,0x8,0x1,19.9599991,26.1893349,0.015087137,0.0910915136,3.80519236e-06,30,1.58700001,1
309208100026395,176745958,2459521.9613511856,59521.459583299998,16.8407516,0.0174773,0,zr,105.59605620000001,-17.825299300000001,0.818000019,-0.0209999997,20211103459155,309,0x8,0x1,20.5900002,26.3498898,0.015279525,0.100241572,3.93990149e-06,30,1.64600003,1
309208100026395,176948137,2459523.9832874043,59523.481377299999,16.512825,0.015722692,0,zr,105.5960552,-17.8253013,0.550999999,-0.0160000008,20211105481366,309,0x8,0x1,20.8799992,26.3593922,0.0142077319,0.0989836454,3.35822779e-06,30,1.57500005,1
309208100026395,177144258,2459525.9446269763,59525.442581000003,16.9975052,0.0185403246,0,zr,105.5960505,-17.825269200000001,0.48300001,-0.0340000018,20211107442569,309,0x8,0x1,20.7999992,26.3457737,0.0141989803,0.10329739,3.30553507e-06,30,1.67200005,1
309208100026395,177639555,2459530.8979344862,59530.3955556,16.4258919,0.0153473718,0,zr,105.5960683,-17.825314500000001,1.31799996,0.0160000008,20211112395498,309,0x8,0x1,19.9200001,26.3419666,0.0249846578,0.109798387,1.03393604e-05,30,1.89300001,1
309208100026395,178246001,2459536.962775297,59536.4600116,17.0381317,0.0188433789,0,zr,105.5960585,-17.825284799999999,1.10500002,-0.0820000023,20211118459815,309,0x8,0x1,19.9599991,26.3374119,0.0172715038,0.0971009135,4.95826225e-06,30,1.56299996,1
309208100026395,178443708,2459538.9399663536,59538.437083299999,16.5308037,0.0158045795,0,zr,105.59606460000001,-17.825296099999999,0.5,-0.0270000007,20211120437072,309,0x8,0x1,19.9599991,26.2884464,0.0230678283,0.0901849046,8.90193405e-06,30,1.58099997,1
309208100026395,179635626,2459550.8597908607,59550.356261599998,16.4475212,0.0154376328,0,zr,105.59603389999999,-17.825294599999999,0.605000019,-0.0199999996,20211202356262,309,0x8,0x1,21.0400009,26.3119106,0.0144423656,0.0960816666,3.50504229e-06,30,1.77199996,1
309208100026395,186827401,2459622.7778149438,59622.274016199997,16.4229774,0.0153353624,0,zr,105.5960438,-17.825284199999999,0.495000005,-0.00400000019,20220212274005,309,0x8,0x1,19.6599998,26.3135242,0.0207869615,0.108699813,7.18841511e-06,30,1.64100003,1
309208100026395,187032090,2459624.8246134552,59624.320902799998,16.459938,0.015490368,0,zr,105.5960731,-17.825277700000001,1.17799997,-0.074000001,20220214320903,309,0x8,0x1,19.7199993,26.2843685,0.0196837578,0.105092995,6.39820291e-06,30,2.01200008,1
309208100026395,187523251,2459629.7359927474,59629.232511599999,16.9464226,0.0181758646,0,zr,105.59605860000001,-17.825257100000002,0.944000006,-0.0149999997,20220219232512,309,0x8,0x1,19.7399998,26.3341084,0.0252122227,0.101501532,1.07277638e-05,30,1.58099997,1
309208100026395,188216608,2459636.6692039901,59636.166087999998,17.0131187,0.0186553877,0,zr,105.5960438,-17.825272600000002,1.76800001,0.0460000001,20220226166076,309,0x8,0x1,20.6299992,26.317524,0.0189082529,0.0937169641,5.99644227e-06,30,1.58700001,1
309208100026395,188623570,2459640.7385870721,59640.235705999999,16.9203644,0.0179968234,0,zr,105.5960508,-17.8252913,0.670000017,0.0179999992,20220302235694,309,0x8,0x1,20.3099995,26.3336868,0.0248095915,0.100256667,1.02017893e-05,30,1.68799996,1
309208100026395,191714906,2459671.6498117899,59671.149062500001,16.7294312,0.0168160331,0,zr,105.5960524,-17.8252834,1.26400006,-0.0260000005,20220402149062,309,0x8,0x1,20.6399994,26.2600765,0.0182223096,0.0975986421,5.5555638e-06,30,1.67900002,1
309208100026395,192215131,2459676.6516912575,59676.1513194,16.5432129,0.0158619899,0,zr,105.5960523,-17.825285999999998,0.792999983,-0.0149999997,20220407151308,309,0x8,0x1,19.7999992,26.2115688,0.0215020347,0.108931996,7.86494002e-06,30,1.76699996,1
309208100026395,210450078,2459859.0004484798,59858.500786999997,16.968504,0.018331185,0,zr,105.5960516,-17.8252883,0.829999983,-0.0260000005,20221006500648,309,0x8,0x1,20.9799995,26.280817,0.0157385748,0.0955077037,4.22144922e-06,30,1.86199999,1
309208100026395,210848924,2459862.9892112301,59862.489247700003,17.0395298,0.0188540239,0,zr,105.59606479999999,-17.825275300000001,0.35800001,-0.00200000009,20221010489248,309,0x8,0x1,19.7199993,26.2961388,0.0181552842,0.10017512,5.4974339e-06,30,1.86699998,1
309208100026395,211150037,2459866.0005627135,59865.500370399997,16.4854584,0.0156008992,0,zr,105.5960532,-17.825309000000001,0.583999991,-0.0329999998,20221013500359,309,0x8,0x1,20.3700008,26.3260803,0.015983751,0.0891167074,4.28611065e-06,30,1.72899997,1
309208100026395,211350531,2459868.0056571765,59867.505312499998,16.8974266,0.0178429503,0,zr,105.5960561,-17.825281,0.40200001,0.0140000004,20221015505312,309,0x8,0x1,20.0900002,26.236721,0.0153346155,0.0972513109,3.96054338e-06,30,1.67499995,1
309208100026395,211947199,2459873.972786996,59873.471990700004,16.9573727,0.0182524659,0,zr,105.5960587,-17.825294700000001,0.870000005,-0.0209999997,20221021471933,309,0x8,0x1,20.8899994,26.286768,0.0163458511,0.0957795978,4.53646408e-06,30,1.76999998,1
309208100026395,212448065,2459878.9818302891,59878.480659699999,17.0329494,0.0188040584,0,zr,105.5960583,-17.8252937,0.423999995,-0.0140000004,20221026480648,309,0x8,0x1,20.8400002,26.3204136,0.014376035,0.095722191,3.46368506e-06,30,1.65199995,1
309208100026395,213545734,2459889.959309754,59889.4573495,16.8017521,0.0172372814,0,zr,105.5960568,-17.825277,0.661000013,-0.0260000005,20221106457326,309,0x8,0x1,19.9099998,26.3229599,0.0163524002,0.0978195444,4.51228698e-06,30,1.62800002,1
309208100026395,214139709,2459895.8994569443,59895.3970949,17.0286255,0.0187713988,0,zr,105.59605380000001,-17.825293800000001,0.287,-0.023,20221112397002,309,0x8,0x1,20.2600002,26.3020229,0.0160248652,0.0939074382,4.29554757e-06,30,1.88600004,1
309208100026395,214441445,2459898.917013498,59898.414455999999,16.7405281,0.0168787222,0,zr,105.59604950000001,-17.825293599999998,1.18799996,-0.0689999983,20221115414456,309,0x8,0x1,20.6800003,26.3239365,0.0146654593,0.0956086963,3.61739126e-06,30,1.70599997,1
309208100026395,214744012,2459901.942874175,59901.440127299997,16.5640888,0.0159602202,0,zr,105.59605999999999,-17.825289999999999,0.569000006,-0.0590000004,20221118440116,309,0x8,0x1,20.6599998,26.3453617,0.0146680288,0.101244509,3.62033438e-06,30,1.58599997,1
309208100026395,214839027,2459902.8930826727,59902.390277799997,16.815546,0.0173211247,0,zr,105.5960544,-17.825268399999999,0.930999994,-0.00800000038,20221119390266,309,0x8,0x1,20.0400009,26.3077583,0.0204011556,0.107477039,7.08340758e-06,30,1.78699994,1
309208100026395,215239326,2459906.8963050013,59906.393263899998,17.0196838,0.0187042896,0,zr,105.59605380000001,-17.825292300000001,0.569999993,0.00700000022,20221123393264,309,0x8,0x1,20.6499996,26.3360558,0.0178386737,0.100338086,5.3453e-06,30,1.70299995,1
309208100026395,215539721,2459909.9004197321,59909.3972106,16.4552059,0.015470189,0,zr,105.596053,-17.825296300000002,1.04499996,-0.0719999969,20221126397211,309,0x8,0x1,20.6299992,26.3489113,0.0141987465,0.0985537693,3.34859328e-06,30,1.648,1
309208100026395,215941238,2459913.915804686,59913.412384299998,17.003849,0.0185868684,0,zr,105.5960769,-17.825291,0.699999988,-0.0260000005,20221130412384,309,0x8,0x1,20.3400002,26.3332481,0.0159705933,0.0979805067,4.2981419e-06,30,1.57700002,1
309208100026395,216039877,2459914.9022429385,59914.398773100002,16.5542145,0.0159134977,0,zr,105.5960707,-17.8252825,0.683000028,-0.023,20221201398762,309,0x8,0x1,20.6499996,26.3471775,0.0134757599,0.102159575,3.06492325e-06,30,1.59899998,1
309208100026395,216935701,2459923.8608857887,59923.3570139,16.5137577,0.0157269016,0,zr,105.59605089999999,-17.825284,0.93599999,-0.00400000019,20221210357014,309,0x8,0x1,20.0499992,26.3435059,0.0159393102,0.0936185643,4.25862754e-06,30,1.65600002,1
309208100026395,218229552,2459936.7998097804,59936.295520799998,16.6259384,0.0162637774,0,zr,105.5960535,-17.8252892,0.624000013,-0.0399999991,20221223295521,309,0x8,0x1,20.8700008,26.3188801,0.014661896,0.0929002836,3.62105402e-06,30,1.801,1
309208100026395,219731613,2459951.8206386641,59951.316134300003,16.9998837,0.0185577385,0,zr,105.5960774,-17.825297899999999,0.690999985,-0.00999999978,20230107316134,309,0x8,0x1,19.2600002,26.334837,0.0217403155,0.100402623,7.85530119e-06,30,1.56799996,1
309208100026395,220229459,2459956.7991042389,59956.294594899999,17.0251026,0.0187448822,0,zr,105.5960517,-17.8252934,0.643999994,-0.0430000015,20230112294583,309,0x8,0x1,20.4200001,26.2678299,0.0155268535,0.0886761919,4.0420523e-06,30,1.57799995,1
309208100026395,221423255,2459968.7369435648,59968.232557900003,16.8889656,0.017787056,0,zr,105.5960382,-17.825272900000002,1.199,-0.00700000022,20230124232546,309,0x8,0x1,20.1200008,26.3227825,0.019203851,0.107333206,6.12482063e-06,30,1.66199994,1
309208100026395,221827609,2459972.7804005109,59972.276099499999,16.9487686,0.0181922093,0,zr,105.5960662,-17.825282399999999,0.495000005,-0.0340000018,20230128276088,309,0x8,0x1,20.6000004,26.3521805,0.0139627038,0.0975570232,3.32119066e-06,30,1.56299996,1
309208100026395,222522856,2459979.7326717903,59979.228564800003,16.9849529,0.0184490792,0,zr,105.59605120000001,-17.825292000000001,0.788999975,-0.023,20230204228565,309,0x8,0x1,19.7800007,26.2877426,0.0175850727,0.0896956548,5.18912339e-06,30,1.58399999,1
309208100026395,222823228,2459982.7362849903,59982.232280099997,16.5310726,0.01580582,0,zr,105.5960968,-17.825325899999999,0.505999982,-0.0179999992,20230207232269,309,0x8,0x1,19.0100002,26.333271,0.0321827158,0.093744643,1.72099535e-05,30,1.56700003,1
309208100026395,223323118,2459987.7349921609,59987.2311806,16.6111374,0.0161893927,0,zr,105.59606890000001,-17.825278099999998,0.716000021,-0.0209999997,20230212231169,309,0x8,0x1,20.5200005,26.3205528,0.0151062049,0.0990163982,3.85648354e-06,30,1.56200004,1
309208100026395,225923278,2460013.73518732,60013.232789399997,16.9356575,0.0181013402,0,zr,105.5960563,-17.825279299999998,1.09500003,-0.0390000008,20230310232789,309,0x8,0x1,19.8999996,26.2869015,0.0215105657,0.10221725,7.70368388e-06,30,1.79700005,1
309208100026395,226623434,2460020.7362662978,60020.234340299998,16.5104733,0.0157120898,0,zr,105.5960707,-17.825285300000001,0.888000011,-0.0710000023,20230317234329,309,0x8,0x1,20.6700001,26.273304,0.0154088931,0.0929972902,4.01557327e-06,30,1.98300004,1
309208100026395,227617155,2460030.6727642464,60030.171550899999,16.9359474,0.0181033444,0,zr,105.59604969999999,-17.8252998,0.666000009,-0.0450000018,20230327171539,309,0x8,0x1,20.7000008,26.2788544,0.0145173278,0.0944312066,3.49881975e-06,30,1.70500004,1
309208100026395,228216877,2460036.6695402954,60036.168773099998,17.0328407,0.018803237,0,zr,105.5960639,-17.8252858,1.222,0.0949999988,20230402168762,309,0x8,0x1,20.0499992,26.2677364,0.0186300576,0.101167731,5.80290316e-06,30,1.78900003,1
309208100026395,228917074,2460043.6709795031,60043.170740699999,16.8105145,0.0172904078,0,zr,105.59607680000001,-17.8252928,0.762000024,-0.0260000005,20230409170741,309,0x8,0x1,20.2299995,26.0538197,0.0161771718,0.0955604911,4.39357427e-06,30,1.97399998,1
309208100026395,246649996,2460220.9993814109,60220.499965299998,17.0155468,0.0186734293,0,zr,105.59607200000001,-17.825264700000002,0.85799998,-0.00400000019,20231003499965,309,0x8,0x1,19.6599998,26.2720051,0.0313669406,0.0932165086,1.63540008e-05,30,1.954,1
309208100026395,246848557,2460222.9851439148,60222.485578699998,16.5022049,0.0156750213,0,zr,105.5960858,-17.825299699999999,0.319000006,-0.0130000003,20231005485451,309,0x8,0x1,19.9599991,26.2957573,0.0197878033,0.0899676085,6.48334117e-06,30,2.05500007,1
309208100026395,247050155,2460225.0012682704,60224.5015509,16.9085369,0.0179170482,0,zr,105.5960637,-17.825285300000001,0.674000025,-0.0450000018,20231007501551,309,0x8,0x1,20.7900009,26.3157749,0.0152266296,0.0925596356,3.88330454e-06,30,1.83899999,1
309208100026395,247550092,2460230.0010226415,60229.5009259,16.7834816,0.0171279926,0,zr,105.5961089,-17.825268999999999,0.75,-0.00100000005,20231012500856,309,0x8,0x1,19.6000004,26.3246708,0.0277802777,0.100815438,1.29415894e-05,30,1.74600005,1
309208100026395,247850082,2460233.0011466844,60232.5008218,16.7768459,0.0170887876,0,zr,105.5960565,-17.825286899999998,0.971000016,-0.0410000011,20231015500775,309,0x8,0x1,20.9099998,26.3189754,0.0139843803,0.0957355648,3.23822815e-06,30,1.70099998,1
309208100026395,248247980,2460236.9804299176,60236.479803200004,16.9251099,0.0180290826,0,zr,105.5960764,-17.8252931,0.75999999,-0.0109999999,20231019479711,309,0x8,0x1,20.3799992,26.3124142,0.0152844684,0.0961030051,3.93111759e-06,30,1.75899994,1
309208100026395,248450090,2460239.0016820813,60238.500902799999,16.5827026,0.0160495806,0,zr,105.5960721,-17.825311599999999,0.890999973,-0.023,20231021500810,309,0x8,0x1,21.0200005,26.3174744,0.0135564683,0.090379253,3.09588199e-06,30,1.63,1
309208100026395,248847712,2460242.9782065842,60242.477129600004,16.6658249,0.0164698474,0,zr,105.59606340000001,-17.8253016,0.708000004,-0.0359999985,20231025477106,309,0x8,0x1,21.1900005,26.3119164,0.0135682439,0.0933603048,3.09127449e-06,30,1.68299997,1
309208100026395,249148725,2460245.9885564372,60245.4872569,16.8686905,0.017655002,0,zr,105.5960718,-17.8252965,0.694000006,-0.0379999988,20231028487245,309,0x8,0x1,19.7000008,26.3408394,0.0167306326,0.0917947441,4.63023525e-06,30,1.61300004,1
309208100026395,249746006,2460251.96180089,60251.460069399996,16.9748878,0.0183767155,0,zr,105.5960765,-17.825287700000001,0.572000027,-0.00300000003,20231103460069,309,0x8,0x1,19.7099991,26.3344231,0.0285744984,0.10859482,1.37412644e-05,30,1.64999998,1
309208100026395,249948130,2460253.9831820405,60253.481307900001,16.6791916,0.0165407807,0,zr,105.5960656,-17.8252965,0.908999979,-0.0670000017,20231105481296,309,0x8,0x1,20.7199993,26.3572807,0.0128258141,0.0869589895,2.77362801e-06,30,1.57799995,1
309208100026395,250443935,2460258.9415667271,60258.4393519,16.5251637,0.0157787278,0,zr,105.5960619,-17.825287400000001,0.545000017,-0.0160000008,20231110439352,309,0x8,0x1,20.1299992,26.2970371,0.0178682152,0.109345868,5.33588536e-06,30,1.65699995,1
309208100026395,250941824,2460263.9207822862,60263.418240699997,16.7493629,0.0169291236,0,zr,105.59606309999999,-17.825292900000001,0.667999983,-0.0529999994,20231115418241,309,0x8,0x1,20.7000008,26.3146286,0.0165814515,0.0981721953,4.58951854e-06,30,1.69000006,1
309208100026395,253335615,2460287.8599783313,60287.356157399998,16.6771584,0.0165299345,0,zr,105.59606290000001,-17.825272099999999,0.875999987,-0.00899999961,20231209356157,309,0x8,0x1,19.5799999,26.3308487,0.0280879233,0.11202392,1.30806375e-05,30,1.67400002,1
309208100026395,253440028,2460288.9041529573,60288.4002894,16.4641304,0.0155083286,0,zr,105.5960683,-17.825294400000001,0.358999997,0.00300000003,20231210400289,309,0x8,0x1,20.5599995,26.3407192,0.014213996,0.0943811834,3.40530369e-06,30,1.56299996,1
309208100026395,253641243,2460290.9163727514,60290.412430600001,16.8137646,0.0173102282,0,zr,105.59604229999999,-17.8252931,0.578999996,0.00899999961,20231212412431,309,0x8,0x1,20.6599998,26.2078304,0.0183105413,0.0928050727,5.70458042e-06,30,1.56799996,1
309208100026395,254131954,2460295.8236622857,60295.319548599997,16.4447746,0.0154260593,0,zr,105.5960589,-17.8253035,0.389999986,-0.00899999961,20231217319549,309,0x8,0x1,19.8799992,26.0509987,0.0187403262,0.103772782,5.87364411e-06,30,1.75399995,1
309208100026395,255235788,2460306.8622720256,60306.357881900003,16.944046,0.0181593429,0,zr,105.59606770000001,-17.825294199999998,0.97299999,-0.0329999998,20231228357882,309,0x8,0x1,18.8400002,25.8663311,0.028022483,0.0943780988,1.30140106e-05,30,1.56200004,1
309208100026395,256041993,2460314.9244226078,60314.419930600001,17.0123558,0.0186497271,0,zr,105.5960674,-17.825272999999999,1.074,-0.0340000018,20240105419919,309,0x8,0x1,20.1299992,26.2026844,0.0176704749,0.0922824666,5.3725953e-06,30,1.89300001,1
309208100026395,256825321,2460322.7577250698,60322.253217600002,17.019577,0.0187034868,0,zr,105.5960829,-17.8252858,0.238000005,0.00700000022,20240113253206,309,0x8,0x1,19.8299999,26.3240223,0.0234784465,0.100639038,9.52570736e-06,30,1.71099997,1
309208100026395,257025192,2460324.7564193988,60324.251921299998,16.5073738,0.0156981573,0,zr,105.5960575,-17.825294499999998,0.398000002,-0.0209999997,20240115251910,309,0x8,0x1,20.6700001,26.3088627,0.0157786962,0.0989179462,4.25095777e-06,30,1.68900001,1
309208100026395,257222600,2460326.7304904452,60326.226006899997,17.0112762,0.0186417177,0,zr,105.596048,-17.825290200000001,1.35000002,-0.0469999984,20240117225984,309,0x8,0x1,20.4200001,26.301405,0.0147681525,0.102426812,3.65589949e-06,30,1.81599998,1
309208100026395,258024408,2460334.7484568208,60334.244085600003,16.5938549,0.0161039401,0,zr,105.5960721,-17.825291400000001,0.61500001,-0.0350000001,20240125244086,309,0x8,0x1,19.5799999,26.3011837,0.0171313565,0.0982548669,5.02023295e-06,30,1.61399996,1
309208100026395,258529804,2460339.8023014204,60339.298044000003,16.920435,0.0179973003,0,zr,105.5960644,-17.8252864,0.920000017,-0.0299999993,20240130298044,309,0x8,0x1,20.3999996,26.324707,0.018320445,0.097026132,5.59790533e-06,30,1.60099995,1
309208100026395,258720996,2460341.7141712131,60341.209965299997,17.0397186,0.01885546,0,zr,105.59607,-17.8253032,0.986000001,-0.057,20240201209965,309,0x8,0x1,20.7000008,26.3247185,0.0148994215,0.0987668484,3.75338436e-06,30,1.66900003,1
309208100026395,260025288,2460354.7566182334,60354.2528819,17.0172615,0.0186862089,0,zr,105.59606410000001,-17.825278399999998,0.286000013,-0.0170000009,20240214252870,309,0x8,0x1,20.4899998,26.1744366,0.0176316183,0.099745214,5.23484232e-06,30,1.59099996,1
309208100026395,261425309,2460368.7561170966,60368.253090300001,16.4878445,0.0156113841,0,zr,105.5960558,-17.825292099999999,0.625,-0.0199999996,20240228253090,309,0x8,0x1,20.0400009,26.2234154,0.0175253171,0.0975542516,5.10982954e-06,30,1.74600005,1
309208100026395,263416939,2460388.6711360207,60388.169398099999,17.0144997,0.0186656471,0,zr,105.5961044,-17.825268600000001,0.996999979,-0.0450000018,20240319169387,309,0x8,0x1,19.7900009,26.2830944,0.0275065787,0.0962037221,1.25653569e-05,30,1.61600006,1
309208100026395,263614945,2460390.651052922,60390.149455999999,16.4903946,0.0156226158,0,zr,105.59605310000001,-17.825306600000001,0.606000006,0.0140000004,20240321149444,309,0x8,0x1,20.0200005,26.2089996,0.0189756285,0.0963311046,6.06195135e-06,30,1.58099997,1
309208100026395,264920519,2460403.7058303319,60403.205196800001,16.5129356,0.0157231931,0,zr,105.5960522,-17.825295799999999,1.33299994,0.0560000017,20240403205197,309,0x8,0x1,20.0499992,26.1961823,0.0214160103,0.095009312,7.70009501e-06,30,2.24499989,1
309208100026395,283845717,2460592.9570979234,60592.457175900003,16.8870354,0.0177743733,0,zr,105.59605329999999,-17.8253077,1.11699998,-0,20241009457176,309,0x8,0x1,19.9899998,26.2517319,0.0290285274,0.102475837,1.37843554e-05,30,2.28399992,1
309208100026395,284248886,2460596.9890941246,60596.488865699997,16.6192665,0.0162301082,0,zr,105.5960615,-17.8252934,0.407000005,-0.00100000005,20241013488866,309,0x8,0x1,20.9500008,26.318243,0.0132059325,0.094012849,2.92673576e-06,30,1.79499996,1
309208100026395,284648313,2460600.9836682118,60600.4831366,16.4961433,0.0156480446,0,zr,105.5960752,-17.825293299999998,0.561999977,-0.00499999989,20241017483137,309,0x8,0x1,19.5400009,26.3110161,0.0196980815,0.0928196982,6.41136967e-06,30,1.75999999,1
309208100026395,285345947,2460607.9605354602,60607.459479199999,17.015974,0.0186766163,0,zr,105.59607010000001,-17.825296999999999,0.643999994,-0.050999999,20241024459132,309,0x8,0x1,20.3999996,26.3209629,0.014896092,0.100527257,3.72715886e-06,30,1.79100001,1
309208100026395,285548009,2460609.9812988117,60609.480092600003,16.9885292,0.0184749607,0,zr,105.5960707,-17.8253065,0.772000015,-0.0439999998,20241026480046,309,0x8,0x1,20.6900005,26.3295212,0.0165828783,0.0917411447,4.53517032e-06,30,1.64900005,1
309208100026395,286145934,2460615.9609821448,60615.459340300004,16.5116425,0.0157173574,0,zr,105.59606460000001,-17.8252907,0.839999974,-0.0689999983,20241101459340,309,0x8,0x1,20.6100006,26.3068027,0.0150489192,0.100716919,3.82545568e-06,30,1.66799998,1
309208100026395,286544003,2460619.9419580312,60619.440034699997,16.7338181,0.0168407336,0,zr,105.5960602,-17.8253111,1.074,-0.0219999999,20241105440000,309,0x8,0x1,20.0400009,26.3123512,0.0195892993,0.0903263688,6.43184285e-06,30,1.70799994,1
309208100026395,286850519,2460623.007331165,60622.505196799997,16.7159538,0.0167408381,0,zr,105.59607269999999,-17.825324200000001,1.26100004,-0.0359999985,20241108505185,309,0x8,0x1,19.75,26.3267632,0.0328065008,0.111091405,1.79898561e-05,30,1.57000005,1
309208100026395,286950263,2460624.0048407451,60623.502638899998,16.4711018,0.0155383637,0,zr,105.5960589,-17.825294899999999,0.782000005,-0.0359999985,20241109502627,309,0x8,0x1,20.5900002,26.3299675,0.0159165245,0.095897235,4.24782138e-06,30,1.57000005,1
309208100026395,287439020,2460628.8927314365,60628.390208299999,16.526226,0.0157835875,0,zr,105.5960607,-17.8252855,0.477999985,0.0450000018,20241114390197,309,0x8,0x1,19.9500008,26.3063068,0.0169092678,0.100646242,4.73911768e-06,30,1.88699996,1
309208100026395,287841501,2460632.9177865884,60632.415011600002,17.0497131,0.0189319756,0,zr,105.596079,-17.825310900000002,0.529999971,-0.00300000003,20241118415000,309,0x8,0x1,19.4799995,26.2978458,0.0187871773,0.101634637,6.06226331e-06,30,1.65900004,1
309208100026395,287944596,2460633.9487980874,60633.445960600002,17.0092869,0.0186269842,0,zr,105.5961109,-17.825345899999999,1.13100004,-0.0109999999,20241119445949,309,0x8,0x1,19.1599998,26.298872,0.0248565525,0.100722663,1.03572038e-05,30,1.57099998,1
309208100026395,288237892,2460636.8819340933,60636.378923600001,17.0290718,0.018774759,0,zr,105.5960678,-17.825306300000001,0.796999991,-0.0500000007,20241122378912,309,0x8,0x1,20.4099998,26.2685642,0.0153228743,0.0910990015,4.32354864e-06,30,1.801,1
309208100026395,289340803,2460647.9116229997,60647.408032400002,16.8314514,0.0174192172,0,zr,105.59606100000001,-17.825293899999998,1.01800001,-0.0500000007,20241203407986,309,0x8,0x1,20.6499996,26.0573826,0.0162829049,0.0954410359,4.39417772e-06,30,1.57099998,1
309208100026395,289444112,2460648.944761367,60648.441122700002,16.61479,0.0162076466,0,zr,105.5960638,-17.8252986,0.617999971,0.0149999997,20241204441123,309,0x8,0x1,21.0300007,26.2902794,0.0165369287,0.0982555747,4.58364229e-06,30,1.579,1
309208100026395,289537688,2460649.8805678147,60649.376886600003,16.5197811,0.0157541968,0,zr,105.5960625,-17.8252901,0.74000001,0.0719999969,20241205376875,309,0x8,0x1,21,26.3076401,0.0149617223,0.0952730626,3.76895241e-06,30,1.62800002,1
309208100026395,289742282,2460651.9265950015,60651.422824100002,16.5953827,0.0161114298,0,zr,105.59607130000001,-17.8253038,0.77700001,-0.0219999999,20241207422812,309,0x8,0x1,20.2700005,26.3258228,0.0182965491,0.101337239,5.68562973e-06,30,1.56700003,1
309208100026395,291035016,2460664.8543874263,60664.350162000002,16.5286922,0.0157948863,0,zr,105.59606429999999,-17.8252983,0.925999999,-0.0309999995,20241220350093,309,0x8,0x1,20.5599995,26.3264236,0.0141661176,0.0909950212,3.38165728e-06,30,1.58899999,1
309208100026395,291233726,2460666.8415457509,60666.337268499999,16.9772072,0.0183933321,0,zr,105.59605980000001,-17.8252913,0.549000025,-0.0680000037,20241222337268,309,0x8,0x1,20.5300007,26.245121,0.0149202263,0.0887807831,3.65794767e-06,30,1.60699999,1
309208100026395,291437151,2460668.8758413014,60668.371516200001,17.0331783,0.0188057907,0,zr,105.5960642,-17.825294400000001,0.25999999,-0.0140000004,20241224371516,309,0x8,0x1,20.5200005,26.1547604,0.0161237866,0.0897406861,4.44515899e-06,30,1.56400001,1
309208100026395,291929437,2460673.7987936563,60673.294374999998,16.4893951,0.0156182069,0,zr,105.5960537,-17.825276800000001,0.503000021,-0.00200000009,20241229294363,309,0x8,0x1,20.7199993,26.3155308,0.0143564297,0.101230241,3.45585977e-06,30,1.699,1
309208100026395,292335743,2460677.8619023249,60677.357430600001,16.8018379,0.0172378011,0,zr,105.5960663,-17.825295799999999,1.02499998,-0.064000003,20250102357431,309,0x8,0x1,20.8600006,26.3196449,0.0137335118,0.0926575437,3.1704642e-06,30,1.57299995,1
309208100026395,292727380,2460681.7783097806,60681.273807899997,16.8876839,0.0177786313,0,zr,105.5960614,-17.825290200000001,0.432999998,-0.0260000005,20250106273796,309,0x8,0x1,20.5300007,26.3203239,0.0155054694,0.0919095501,3.97318263e-06,30,1.69299996,1
309208100026395,293735715,2460691.8616373255,60691.357152800003,16.6439857,0.0163559932,0,zr,105.5960573,-17.825275399999999,0.848999977,-0.0299999993,20250116356968,309,0x8,0x1,19.6200008,26.2830982,0.0184377041,0.101614088,5.72142744e-06,30,1.68400002,1
309208100026395,293935583,2460693.8602982154,60693.355833299996,16.7441177,0.0168991443,0,zr,105.5960635,-17.825277199999999,0.742999971,-0.00100000005,20250118355648,309,0x8,0x1,20.1800003,26.3106709,0.0168107413,0.0962549448,4.71064141e-06,30,1.70500004,1
309208100026395,294131464,2460695.8190817568,60695.314641199999,16.4674416,0.0155225629,0,zr,105.596073,-17.825266299999999,0.681999981,-0.0120000001,20250120314630,309,0x8,0x1,20.3099995,26.3182621,0.0169740338,0.108370632,4.87712441e-06,30,1.58299994,1
309208100026395,297032003,2460724.8235494248,60724.320034700002,16.8442459,0.0174992569,0,zr,105.5960438,-17.825317500000001,0.74000001,-0.0140000004,20250218320012,309,0x8,0x1,19.4500008,26.063652,0.0256897472,0.102605477,1.09557113e-05,30,2.15100002,1
309208100026395,297333065,2460727.834023586,60727.330659699997,16.8785782,0.0177190769,0,zr,105.5960886,-17.8252022,0.782999992,0.0120000001,20250221330370,309,0x8,0x1,19.7299995,26.1625004,0.0255579222,0.110014178,1.08005061e-05,30,2.48900008,1
309208100026395,297518559,2460729.6888568634,60729.185590300003,16.9843178,0.0184444971,0,zr,105.5960539,-17.825301700000001,0.597000003,-0.0320000015,20250223185590,309,0x8,0x1,20.4599991,26.1786461,0.0151960449,0.0955847427,3.84658051e-06,30,1.56900001,1
309208100026395,297621356,2460730.7167759812,60730.213564799997,16.9112473,0.0179352481,0,zr,105.59607320000001,-17.825288700000002,0.726000011,-0.0189999994,20250224213565,309,0x8,0x1,20.1599998,26.3095589,0.0173426569,0.103672571,5.04589843e-06,30,1.574,1
309208100026395,297823118,2460732.7342802235,60732.2311806,17.0378246,0.0188410413,0,zr,105.5960704,-17.825278900000001,0.620999992,-0,20250226231157,309,0x8,0x1,20.3799992,26.2960072,0.0158455875,0.103425585,4.23925667e-06,30,1.62800002,1
309208100026395,299025282,2460744.7551888055,60744.252824100004,17.0202198,0.0187082905,0,zr,105.5960719,-17.8252804,0.432999998,0.00400000019,20250310252824,309,0x8,0x1,19.4400005,26.246315,0.0192717612,0.104616888,6.17280693e-06,30,1.99100006,1
309208100026395,300314769,2460757.6491687493,60757.147696799999,16.5341015,0.0158197694,0,zr,105.5960445,-17.825294400000001,0.629000008,-0.0320000015,20250323147685,309,0x8,0x1,20.5,26.2416496,0.0224939007,0.102338888,8.55664075e-06,30,1.58700001,1
309208100026395,300516912,2460759.6704453095,60759.169120400002,16.4883308,0.0156135233,0,zr,105.59605740000001,-17.825292699999999,0.934000015,-0.0879999995,20250325169109,309,0x8,0x1,20.4500008,26.2827568,0.0160073359,0.100164108,4.30500904e-06,30,1.67299998,1
309208100026395,300722023,2460761.7214057203,60761.220231500003,16.4655991,0.0155146373,0,zr,105.5960505,-17.825300200000001,0.904999971,-0.0680000037,20250327220220,309,0x8,0x1,20.4899998,26.2352524,0.0170940701,0.105364986,4.96553912e-06,30,2.16899991,1
309208100026395,301920497,2460773.7052519913,60773.2049769,17.0267944,0.0187576097,0,zr,105.5960553,-17.825284799999999,0.698000014,-0.0130000003,20250408204965,309,0x8,0x1,19.1599998,26.0443535,0.0269976854,0.110615656,1.20084669e-05,30,2.48799992,1
309208100026395,302114928,2460775.6494103153,60775.149282400002,16.7887383,0.0171592366,0,zr,105.5960654,-17.825291100000001,0.907999992,-0.0659999996,20250410149271,309,0x8,0x1,20.1299992,26.2302895,0.0230293889,0.0930424333,8.90384763e-06,30,1.81599998,1
1301115400025191,68553016,2458440.032854246,58439.530162000003,16.3737488,0.0173645318,0,zg,105.59606700000001,-17.825276599999999,0.723999977,0.0280000009,20181117530150,1301,0xf,0x4,20.4300003,25.7748566,0.0232841261,-0.0237240233,7.69120652e-06,30,1.977,2
1301115400025191,140946820,2459163.9704741011,59163.468205999998,16.5684948,0.018536862,0,zg,105.5960513,-17.825267400000001,0.513000011,0.00600000005,20201110468206,1301,0xf,0x4,20.5799999,26.3299122,0.0212696623,-0.0411696546,6.40125745e-06,30,1.70000005,2
1301115400025191,140946868,2459163.970948732,59163.468680600003,16.5579376,0.018468732,0,zg,105.5960559,-17.825270799999998,0.925000012,-0.0149999997,20201110468681,1301,0xf,0x4,20.5699997,26.3273182,0.0193713587,-0.035476286,5.24886445e-06,30,1.699,3
1301115400025191,146135312,2459215.8575855796,59215.353125000001,16.3274498,0.0171104018,0,zg,105.5961034,-17.825216699999999,0.904999971,0.0320000015,20210101353125,1301,0xf,0x4,18.0799999,25.9222717,0.0532545932,-0.0339979082,8.5212363e-05,30,1.70099998,2
1301115400025191,146135406,2459215.8585230899,59215.354062500002,16.2922268,0.016922893,0,zg,105.5960451,-17.8252317,0.981000006,0.0179999992,20210101354063,1301,0xf,0x4,18.0599995,25.9409409,0.0504250638,-0.0337344371,7.86918681e-05,30,1.70200002,3
1301115400025191,176347881,2459517.9803016847,59517.478819399999,16.4222679,0.0176405478,0,zg,105.5960528,-17.825267100000001,1.01400006,0.0270000007,20211030478646,1301,0xf,0x4,20.8799992,26.331522,0.0164758004,-0.0411313921,3.89225215e-06,30,1.74199998,2
1301115400025191,178234994,2459536.8526990199,59536.349942100001,16.6280251,0.0189316217,0,zg,105.596022,-17.825254699999999,0.448000014,-0.00100000005,20211118349803,1301,0xf,0x4,19.1599998,26.1976433,0.0450088046,-0.0156583264,2.83410736e-05,30,2.43199992,2
1301115400025191,187120141,2459625.7050834117,59625.201412000002,16.4378815,0.0177315567,0,zg,105.5960493,-17.825289999999999,0.907000005,0.00100000005,20220215201400,1301,0xf,0x4,19.6399994,26.3432846,0.0256972499,-0.0540326312,9.22426898e-06,30,1.70299995,2
1301115400025191,209749342,2459851.9925631681,59851.4934259,16.5554733,0.0184529107,0,zg,105.59604899999999,-17.825281100000002,0.658999979,0.0140000004,20220929493345,1301,0xf,0x4,20.8400002,26.120245,0.019045772,-0.0326466747,5.04838772e-06,30,2.32299995,2
1301115400025191,209950046,2459853.999749247,59853.500462999997,16.4810143,0.0179886445,0,zg,105.5960352,-17.8252825,0.871999979,-0.00200000009,20221001500382,1301,0xf,0x4,21.2999992,26.2570705,0.0165258497,-0.055582393,3.81894415e-06,30,2.14700007,2
1301115400025191,212747944,2459881.9808356334,59881.4794444,16.318985,0.0170648862,0,zg,105.5960647,-17.825262899999998,1.09000003,0.00200000009,20221029479444,1301,0xf,0x4,20.75,26.2882557,0.0175006054,-0.0420441702,4.30224827e-06,30,1.75100005,2
1301115400025191,216835049,2459922.8543288028,59922.350497699998,16.4726334,0.017938029,0,zg,105.5960575,-17.8252299,0.483999997,0.00300000003,20221209350498,1301,0xf,0x4,19.4400005,26.2749958,0.0298199058,-0.00673258817,1.23682776e-05,30,1.82500005,2
1301215400033007,68538103,2458439.8837130736,58439.381030099998,17.0298576,0.0216060616,0,zr,105.5960396,-17.825321200000001,0.536000013,0.00999999978,20181117381007,1301,0xf,0x4,20.7199993,26.017767,0.0157984756,0.092660442,3.56421265e-06,30,2.11999989,2
1301215400033007,101749898,2458771.9993077382,58771.498981500001,16.6549282,0.0186177026,0,zr,105.59608,-17.8252992,0.921000004,0.0719999969,20191015498900,1301,0xf,0x4,18.8500004,26.0726357,0.0288390517,0.09510912,1.17047703e-05,30,1.84300005,2
1301215400033007,101749943,2458771.9997591665,58771.499432899996,16.7877846,0.0195656326,0,zr,105.5961369,-17.825332800000002,0.497000009,0.105999999,20191015499433,1301,0xf,0x4,18.6900005,26.065752,0.0340551287,0.0936422646,1.63848326e-05,30,1.84000003,3
1301215400033007,138050858,2459135.0087436335,59134.508587999997,16.7234898,0.0190929733,0,zr,105.5960575,-17.825296399999999,1.00600004,-0.0759999976,20201012508576,1301,0xf,0x4,20.3799992,26.2275238,0.0152192973,0.0919085294,3.32066406e-06,30,1.82799995,2
1301215400033007,138050905,2459135.0092065698,59134.5090509,16.7411728,0.0192203037,0,zr,105.5960493,-17.8252773,0.522000015,-0.00800000038,20201012509051,1301,0xf,0x4,20.2800007,26.2252407,0.0166679416,0.0871532038,3.96992209e-06,30,1.82500005,3
1301215400033007,138253392,2459137.0342332586,59136.5339236,16.4823685,0.017541822,0,zr,105.5960566,-17.825287299999999,0.995999992,-0.0710000023,20201014533924,1301,0xf,0x4,20.6599998,26.2706661,0.0154650649,0.0875923783,3.36446283e-06,30,1.72000003,2
1301215400033007,138253438,2459137.0346962935,59136.534386599997,16.4964581,0.017623622,0,zr,105.596057,-17.825290200000001,0.560000002,-0,20201014534387,1301,0xf,0x4,20.75,26.2657986,0.0158768203,0.0847722888,3.53939777e-06,30,1.71899998,3
1301215400033007,139842525,2459152.9267516029,59152.425254599999,16.6091042,0.0183157604,0,zr,105.596025,-17.825297800000001,0.841000021,0.00499999989,20201030425255,1301,0xf,0x4,19.3799992,26.2680626,0.0214220937,0.0931010246,6.51955042e-06,30,2.08500004,2
1301215400033007,139842571,2459152.9272146355,59152.425717600003,16.6399002,0.018517321,0,zr,105.5960419,-17.825292699999999,0.671000004,0.0240000002,20201030425718,1301,0xf,0x4,19.6499996,26.2699223,0.020123288,0.0945446566,5.78833124e-06,30,2.07999992,3
1301215400033007,142732899,2459181.8323323834,59181.328993100004,16.4914093,0.017594194,0,zr,105.5960134,-17.825260700000001,0.828999996,-0.00800000038,20201128328982,1301,0xf,0x4,19.2700005,26.2421646,0.0259967819,0.102823675,9.73236183e-06,30,2.31200004,2
1301215400033007,142732945,2459181.8327953024,59181.329455999999,16.448494,0.0173492897,0,zr,105.5960481,-17.825321200000001,0.535000026,-0.00700000022,20201128329456,1301,0xf,0x4,19.2299995,26.2451515,0.0266326442,0.0950445831,1.01477208e-05,30,2.3039999,3
1301215400033007,142838702,2459182.8904194767,59182.3870255,16.8958817,0.0204233136,0,zr,105.59604229999999,-17.8252974,0.917999983,0.0140000004,20201129387025,1301,0xf,0x4,20.0300007,26.2923965,0.0155375302,0.087267153,3.43661645e-06,30,1.77499998,2
1301215400033007,142838749,2459182.8908940009,59182.387499999997,16.8898983,0.020373676,0,zr,105.5960505,-17.825296600000001,0.975000024,-0.00999999978,20201129387500,1301,0xf,0x4,20.0499992,26.2934017,0.0146843968,0.0861485898,3.06791071e-06,30,1.773,3
1301215400033007,143135280,2459185.8563421387,59185.3528009,17.0128517,0.0214481167,0,zr,105.5960426,-17.8253007,0.814999998,-0.0439999998,20201202352743,1301,0xf,0x4,19.8799992,26.2895432,0.017127512,0.0804797187,4.23971051e-06,30,1.92299998,2
1301215400033007,143135327,2459185.8568167626,59185.353275499998,17.0396118,0.0216977336,0,zr,105.5960348,-17.825295400000002,1.00999999,-0.0659999996,20201202353275,1301,0xf,0x4,19.9099998,26.2773438,0.0196952093,0.0811348334,5.57531712e-06,30,1.91999996,3
1301215400033007,146131216,2459215.8166244938,59215.312164399998,17.0249405,0.0215601474,0,zr,105.5960639,-17.8253035,0.662,-0.00600000005,20210101312164,1301,0xf,0x4,18.8700008,26.1646652,0.0282417703,0.0913125426,1.12826056e-05,30,1.72500002,2
1301215400033007,146131262,2459215.8170874002,59215.312627300002,17.0364799,0.0216682069,0,zr,105.59605550000001,-17.825287599999999,1.01300001,0.023,20210101312627,1301,0xf,0x4,18.7999992,26.174221,0.0280358065,0.0957761705,1.11966019e-05,30,1.72399998,3
1301215400033007,174345709,2459497.9570753574,59497.457094899997,16.948658,0.0208726805,0,zr,105.59603490000001,-17.825284799999999,0.742999971,-0.00600000005,20211010457083,1301,0xf,0x4,20.0200005,26.2162399,0.0199492984,0.0899985805,5.68149062e-06,30,2.41899991,2
1301215400033007,178337214,2459537.8749603294,59537.372141200001,17.0331364,0.0216367934,0,zr,105.5960494,-17.825299699999999,0.768000007,-0.0390000008,20211119372141,1301,0xf,0x4,20.6800003,26.0828495,0.0137454504,0.085133329,2.6704115e-06,30,2.0769999,2
1301215400033007,184632641,2459600.8308412568,59600.326412000002,17.0108604,0.0214297697,0,zr,105.5960522,-17.8252852,0.479999989,-0.0350000001,20220121326400,1301,0xf,0x4,20.2999992,26.2923584,0.0149259586,0.0870398507,3.13207784e-06,30,1.76999998,2
1301215400033007,188516696,2459639.6699117557,59639.166967600002,16.5678902,0.0180544686,0,zr,105.5960403,-17.825292900000001,0.898000002,-0.0189999994,20220301166956,1301,0xf,0x4,20.2099991,26.2785492,0.0200158898,0.0894893929,5.66644439e-06,30,1.699,2
1301215400033007,209553150,2459850.0304974415,59849.531504600003,16.8619041,0.0201448668,0,zr,105.5960367,-17.825305499999999,0.303000003,0.0149999997,20220927531505,1301,0xf,0x4,19.7099991,26.2733612,0.0191958919,0.0788147897,5.26042459e-06,30,1.94599998,2
1301215400033007,209850546,2459853.0046752542,59852.505463000001,17.0144691,0.0214630291,0,zr,105.59605689999999,-17.825294800000002,0.795000017,-0.0350000001,20220930505451,1301,0xf,0x4,20.9300003,26.2482052,0.015270317,0.0859829187,3.29951104e-06,30,2.11999989,2
1301215400033007,249443283,2460248.9343499304,60248.432835599997,16.9114952,0.0205540936,0,zr,105.5960826,-17.8252652,1.04700005,0.0299999993,20231031432789,1301,0xf,0x4,19.0200005,26.2739315,0.0379011743,0.0941032469,2.02414649e-05,30,2.00200009,2
1301215400033007,249640356,2460250.9052209319,60250.403564799999,16.456728,0.017395556,0,zr,105.5960472,-17.825294299999999,0.791000009,-0.0299999993,20231102403565,1301,0xf,0x4,20.3600006,26.2553368,0.0150434002,0.0869489908,3.18161528e-06,30,2.28800011,2
1301215400033007,253238465,2460286.8884329745,60286.384652799999,16.8322334,0.0199084375,0,zr,105.5960683,-17.825279999999999,0.367000014,0.00499999989,20231208384641,1301,0xf,0x4,20.3799992,26.2857361,0.0149312178,0.092951864,3.23941049e-06,30,1.71399999,2
1301215400033007,255326781,2460307.7722184048,60307.267812500002,16.9727821,0.0210851338,0,zr,105.5960851,-17.825295000000001,0.444000006,0.00800000038,20231229267801,1301,0xf,0x4,18.7299995,25.9916496,0.0304452479,0.0817077532,1.32351579e-05,30,2.03999996,2
