oid,expid,hjd,mjd,mag,magerr,catflags,filtercode,ra,dec,chi,sharp,filefracday,field,ccdid,qid,limitmag,magzp,magzprms,clrcoeff,clrcounc,exptime,airmass,programid
573110400002634,44827091,2458202.7762481445,58202.270914399996,17.3703575,0.0206298232,0,zg,167.608563,19.207175599999999,0.319000006,-0.0179999992,20180325270845,573,0xa,0x4,20.8199997,26.2833862,0.0351373479,-0.0445457436,4.67142636e-05,30,1.03400004,1
573110400002634,45021354,2458204.7188007864,58204.213541700003,17.357235,0.020484956,0,zg,167.6085209,19.207154800000001,1.10000002,-0,20180327213530,573,0xa,0x4,20.1000004,26.2941341,0.0417769328,-0.0790629387,8.86672715e-05,30,1.097,1
573110400002634,45031547,2458204.8207295244,58204.315474499999,17.3795738,0.020732766,0,zg,167.60856200000001,19.2071395,0.395000011,0.00899999961,20180327315463,573,0xa,0x4,20.0400009,26.3086319,0.0376729108,-0.0503497086,7.63922581e-05,30,1.06299996,1
573110400002634,48117133,2458235.6747100367,58235.171330999998,17.2937946,0.0198122617,0,zg,167.60856290000001,19.207135399999999,0.317000002,-0.0149999997,20180427171319,573,0xa,0x4,20,26.2953568,0.0371293277,-0.0455994084,7.75298104e-05,30,1.03900003,1
573110400002634,48121929,2458235.7226692694,58235.219294000002,17.3743935,0.0206747893,0,zg,167.60857229999999,19.207120499999998,0.605000019,0.0250000004,20180427219282,573,0xa,0x4,20.0599995,26.2883892,0.0371427499,-0.0300091505,8.00013004e-05,30,1.04799998,1
573110400002634,48122158,2458235.7249606876,58235.221585599997,17.416008,0.0211496111,0,zg,167.60856749999999,19.207144599999999,0.549000025,-0.0320000015,20180427221586,573,0xa,0x4,20.1100006,26.2672234,0.0404688492,-0.0229482539,9.54654679e-05,30,1.051,1
573110400002634,48414961,2458238.6527592307,58238.149618099997,17.3389778,0.0202867109,0,zg,167.60852819999999,19.2071215,0.902999997,0,20180430149618,573,0xa,0x4,19.8799992,26.2908707,0.0366211534,-0.0777545124,8.28899356e-05,30,1.04999995,1
573110400002634,49420505,2458248.7073433571,58248.205057899999,17.3212299,0.0200976226,0,zg,167.60855989999999,19.2071237,0.962000012,-0.00600000005,20180510205023,573,0xa,0x4,21.6599998,26.2710094,0.0263417289,-0.0530209653,2.30078094e-05,30,1.079,1
573110400002634,51521143,2458269.7117661498,58269.211435199999,17.289238,0.0197656602,0,zg,167.6085698,19.2071319,0.745000005,-0.0309999995,20180531211424,573,0xa,0x4,20.5300007,26.2208462,0.0359401591,-0.0124635063,5.4504093e-05,30,1.29999995,1
573110400002634,51819114,2458272.6911922316,58272.191145800003,17.2887192,0.0197603703,0,zg,167.60855839999999,19.2071179,0.720000029,-0.0340000018,20180603191134,573,0xa,0x4,21.6100006,26.1968861,0.0290754084,-0.0810774788,2.83285808e-05,30,1.23899996,1
573110400002634,52320831,2458277.7078784807,58277.208310200003,17.2955074,0.0198298246,0,zg,167.608564,19.207122699999999,0.337000012,-0.0289999992,20180608208299,573,0xa,0x4,21.3999996,26.0980492,0.0283164512,-0.046293851,2.77589352e-05,30,1.42200005,1
573110400002634,52621398,2458280.7132650795,58280.213981499997,17.3063965,0.0199423023,0,zg,167.60853710000001,19.207123599999999,0.81400001,-0.0130000003,20180611213970,573,0xa,0x4,20.9200001,26.206152,0.0315918922,-0.0648931265,3.60338672e-05,30,1.53900003,1
573110400002634,53021562,2458284.7145331507,58284.215624999997,17.3937607,0.0208931938,0,zg,167.6085698,19.207125099999999,0.465000004,-0.00100000005,20180615215613,573,0xa,0x4,21.1700001,26.115984,0.0318681151,-0.0713368803,3.502646e-05,30,1.67200005,1
573110400002634,53619341,2458290.691773084,58290.193414399997,17.3537464,0.0204467811,0,zg,167.6085449,19.207123200000002,0.60799998,0.0250000004,20180621193403,573,0xa,0x4,20.4400005,26.0875664,0.0358596109,-0.0251470879,5.96602549e-05,30,1.60699999,1
573110400002634,53917741,2458293.6755100209,58293.177419,17.3426189,0.0203259364,0,zg,167.60854309999999,19.2071349,0.637000024,-0.00300000003,20180624177407,573,0xa,0x4,20.5100002,26.1993427,0.0322544016,-0.0575466901,4.92369363e-05,30,1.53100002,1
573110400002634,66949792,2458423.9951152997,58423.497928199999,17.4049644,0.0210215859,0,zg,167.608543,19.2070896,0.734000027,-0.00600000005,20181101497928,573,0xa,0x4,20.2600002,26.0659389,0.0379624665,-0.0243712105,7.30190804e-05,30,1.89699996,1
573110400002634,67352618,2458428.0237103309,58427.526180599998,17.3388252,0.0202850681,0,zg,167.60856889999999,19.207087600000001,0.632000029,0.0140000004,20181105526181,573,0xa,0x4,20.8400002,26.1856232,0.0339760333,-0.0190764833,4.29214415e-05,30,1.45099998,1
573110400002634,67653777,2458431.0355723631,58430.537777799997,17.3363876,0.0202588867,0,zg,167.60855570000001,19.207083000000001,0.653999984,0.0120000001,20181108537766,573,0xa,0x4,21.6900005,26.2262669,0.0240101088,-0.0535202026,1.91270283e-05,30,1.31599998,1
573110400002634,68052324,2458435.0213957066,58434.5232407,17.3799458,0.0207369421,0,zg,167.60851690000001,19.207115999999999,0.962000012,0.0289999992,20181112523229,573,0xa,0x4,20.5100002,26.2109833,0.0415396765,-0.0430758223,7.15528804e-05,30,1.33800006,1
573110400002634,68350775,2458438.0061859712,58437.507754600003,17.4105682,0.0210863482,0,zg,167.60854230000001,19.207084600000002,1.22399998,-0.00400000019,20181115507755,573,0xa,0x4,21.0300007,26.214817,0.0339884162,-0.0455142707,3.98812408e-05,30,1.38499999,1
573110400002634,68550064,2458439.9992666673,58439.500648100002,17.3635406,0.0205543246,0,zg,167.60854739999999,19.207083999999998,0.583000004,-0.00700000022,20181117500637,573,0xa,0x4,21.5100002,25.922514,0.0284814481,-0.0588683002,2.7449727e-05,30,1.39699996,1
573110400002634,69651965,2458451.019333933,58450.519652800001,17.3736668,0.0206666738,0,zg,167.60854800000001,19.207080000000001,0.638999999,-0.0109999999,20181128519641,573,0xa,0x4,20.7900009,26.3007889,0.0334018506,-0.0802138075,4.25472317e-05,30,1.15600002,1
573110400002634,71051901,2458465.0200692099,58464.5190162,17.3184948,0.0200688019,0,zg,167.60854079999999,19.207078200000002,0.762000024,-0.0219999999,20181212519016,573,0xa,0x4,21.6200008,26.2603321,0.0243431162,-0.0417266712,1.93316209e-05,30,1.06900001,1
573110400002634,71852296,2458473.0247814008,58472.522963000003,17.3201485,0.0200862195,0,zg,167.60854029999999,19.207076000000001,0.597000003,-0.0109999999,20181220522928,573,0xa,0x4,21.6299992,26.2899761,0.024492126,-0.0677461624,2.0101741e-05,30,1.04299998,1
573110400002634,72254704,2458477.0492403018,58476.547048599998,17.3887081,0.0208357889,0,zg,167.60853270000001,19.207075400000001,0.70599997,-0.0590000004,20181224547037,573,0xa,0x4,20.7700005,26.3099098,0.0385853909,-0.0903772041,5.73916514e-05,30,1.04400003,1
573110400002634,72850486,2458483.0075865109,58482.504861100002,17.3947296,0.0209042374,0,zg,167.60853370000001,19.207072499999999,0.575999975,-0.0149999997,20181230504850,573,0xa,0x4,21.2600002,26.2798939,0.0303655565,-0.0681215525,3.08846102e-05,30,1.03900003,1
573110400002634,73254199,2458487.0450622509,58486.541990700003,17.3646698,0.0205667913,0,zg,167.6085358,19.207085599999999,0.824000001,0.00100000005,20190103541991,573,0xa,0x4,21.2600002,26.2866764,0.029552469,-0.0583538935,2.94053752e-05,30,1.06700003,1
573110400002634,73747656,2458491.9800370024,58491.4765625,17.3673439,0.0205963776,0,zg,167.60854370000001,19.207074599999999,1.04100001,0.00400000019,20190108476551,573,0xa,0x4,21.0900002,26.127346,0.0342934988,-0.0584314093,3.99907476e-05,30,1.03499997,1
573110400002634,73955314,2458494.0567848068,58493.5531481,17.2819977,0.0196920987,0,zg,167.60854860000001,19.207066300000001,0.521000028,0.00200000009,20190110553137,573,0xa,0x4,22.0799999,26.2796097,0.0269854814,-0.0795045793,2.40359441e-05,30,1.12300003,1
573110400002634,74048137,2458494.9850850357,58494.481377299999,17.3004742,0.0198809672,0,zg,167.6085435,19.207071800000001,0.685000002,0.0120000001,20190111481366,573,0xa,0x4,22.0699997,26.2652206,0.0270517636,-0.0675621033,2.37179338e-05,30,1.03299999,1
573110400002634,75145840,2458505.9628732274,58505.458402800003,17.2435417,0.0193107761,0,zg,167.6085248,19.207045300000001,1.05700004,0.00400000019,20190122458403,573,0xa,0x4,19.5400009,26.3019314,0.0435392074,-0.0626991615,0.000154736917,30,1.03400004,1
573110400002634,75454017,2458509.0448304694,58508.540173599999,17.3599701,0.0205149949,0,zg,167.6085918,19.2070623,0.442000002,0.00899999961,20190125540174,573,0xa,0x4,19.9500008,26.2549095,0.0393598452,-0.0378107913,9.18498336e-05,30,1.22000003,1
573110400002634,75742174,2458511.926567114,58511.421747699998,17.3019104,0.0198958125,0,zg,167.6085483,19.207071299999999,0.785000026,-0.0289999992,20190128421736,573,0xa,0x4,21.3299999,26.2736225,0.032472901,-0.0811410397,3.54988842e-05,30,1.03499997,1
573110400002634,75746534,2458511.9701689803,58511.465347199999,17.3254967,0.0201427545,0,zg,167.60854929999999,19.207071899999999,0.206,-0.00600000005,20190128465336,573,0xa,0x4,21.5200005,26.2513428,0.0286198203,-0.0524370968,2.80971308e-05,30,1.051,1
573110400002634,76841459,2458522.9199214159,58522.414594900001,17.2995148,0.0198710673,0,zg,167.60853370000001,19.2071209,1.19799995,-0.0120000001,20190208414583,573,0xa,0x4,21.1200008,26.2372246,0.0304638371,-0.00770697556,3.14920471e-05,30,1.03499997,1
573110400002634,76843873,2458522.94406582,58522.4387384,17.3415451,0.0203143638,0,zg,167.60853320000001,19.2070857,0.944000006,0.00700000022,20190208438356,573,0xa,0x4,20.8400002,26.2354717,0.0363296829,-0.0106858592,4.6706733e-05,30,1.05499995,1
573110400002634,77243978,2458526.9452449488,58526.439780100001,17.3890839,0.0208400451,0,zg,167.60853180000001,19.2070744,0.524999976,0.0109999999,20190212439769,573,0xa,0x4,20.9200001,25.972271,0.0367182493,-0.0817280337,4.75117595e-05,30,1.07200003,1
573110400002634,78726978,2458541.7755240854,58541.269780100003,17.3674774,0.0205978584,0,zg,167.6085616,19.207128099999998,1.35500002,-0.00300000003,20190227269768,573,0xa,0x4,20.4599991,25.6774654,0.038911555,-0.0335782319,6.91889363e-05,30,1.153,1
573110400002634,79227344,2458546.7792037241,58546.273449100001,17.3789787,0.0207260903,0,zg,167.60855269999999,19.207082100000001,1.26199996,-0.0189999994,20190304273414,573,0xa,0x4,21.1599998,26.2271042,0.0290844161,-0.0419815406,2.90989265e-05,30,1.10500002,1
573110400002634,80237074,2458556.8763875817,58556.370740699997,17.4112625,0.0210944135,0,zg,167.6085353,19.207155700000001,1.44000006,0.0299999993,20190314370729,573,0xa,0x4,20.4500008,26.2374573,0.0326641537,-0.0362346508,4.86479039e-05,30,1.097,1
573110400002634,80533306,2458559.8386501917,58559.3330671,17.3709068,0.0206359345,0,zg,167.6085545,19.2070744,0.546999991,0.00499999989,20190317332951,573,0xa,0x4,20.6399994,26.2549629,0.0338654704,-0.0545188636,4.58655268e-05,30,1.04900002,1
573110400002634,81325356,2458567.7589083035,58567.253564799998,17.2913132,0.0197868533,0,zg,167.60852249999999,19.207070399999999,0.757000029,-0.0329999998,20190325253565,573,0xa,0x4,21.4699993,26.2029762,0.0275941286,-0.0357986577,2.61127316e-05,30,1.04499996,1
573110400002634,81825484,2458572.7599916565,58572.254849500001,17.3257484,0.0201454218,0,zg,167.60853610000001,19.2070668,0.513999999,0.0280000009,20190330254850,573,0xa,0x4,21.25,25.8976212,0.0354812481,-0.0705770031,4.31763074e-05,30,1.03499997,1
573110400002634,82127414,2458575.7791460501,58575.274143499999,17.3497658,0.0204033945,0,zg,167.60853359999999,19.207060800000001,0.880999982,0.0839999989,20190402274097,573,0xa,0x4,21.9599991,26.167696,0.0254555307,-0.0526878312,2.233347e-05,30,1.03699994,1
573110400002634,82623219,2458580.7369441446,58580.232199099999,17.2991943,0.0198677592,0,zg,167.60852750000001,19.207068899999999,0.546999991,0.0140000004,20190407232199,573,0xa,0x4,21.6399994,26.2480049,0.0266018845,-0.0730607808,2.31642334e-05,30,1.03499997,1
573110400002634,83217120,2458586.6755967159,58586.171203700003,17.3277588,0.0201667696,0,zg,167.60851339999999,19.2070699,0.386999995,0.0189999994,20190413171169,573,0xa,0x4,21.0699997,26.1806355,0.0335284881,-0.0574155822,3.89032903e-05,30,1.08899999,1
573110400002634,83718962,2458591.6936911326,58591.189629599998,17.3522587,0.0204305444,0,zg,167.6085526,19.2070711,0.488999993,0.0160000008,20190418189595,573,0xa,0x4,20.0599995,26.1773338,0.0407839753,-0.0268734209,0.00010537554,30,1.04299998,1
573110400002634,84325364,2458597.7572690775,58597.253645800003,17.4061584,0.021035349,0,zg,167.60853280000001,19.2070644,0.453000009,-0.0359999985,20190424253646,573,0xa,0x4,21.5599995,26.2025146,0.0298909992,-0.0626122653,2.93516587e-05,30,1.08599997,1
573110400002634,84722862,2458601.7319383463,58601.2286227,17.3736095,0.020666033,0,zg,167.60852929999999,19.207050299999999,0.630999982,0.00899999961,20190428228623,573,0xa,0x4,21.8899994,26.1958656,0.0274185054,-0.0709085315,2.44861731e-05,30,1.06200004,1
573110400002634,85123432,2458605.737319645,58605.234328699997,17.3502388,0.0204085317,0,zg,167.608519,19.207061899999999,0.704999983,-0.0199999996,20190502234329,573,0xa,0x4,21.2000008,26.1693573,0.0311602205,-0.0362423286,3.31292795e-05,30,1.09200001,1
573110400002634,85420796,2458608.7107042973,58608.207963000001,17.3281364,0.0201707892,0,zg,167.60852779999999,19.207059600000001,1.11699998,0.0120000001,20190505207963,573,0xa,0x4,21.8999996,26.1712589,0.026166698,-0.0558957756,2.27785131e-05,30,1.05999994,1
573110400002634,85817372,2458612.6761251362,58612.1737269,17.41119,0.0210935697,0,zg,167.6085315,19.207049300000001,0.916999996,0.00200000009,20190509173727,573,0xa,0x4,21.7700005,26.1600075,0.0253365822,-0.0589947887,2.10981216e-05,30,1.03699994,1
573110400002634,88019482,2458634.6951829544,58634.194826400002,17.2906094,0.0197796673,0,zg,167.6085272,19.207045600000001,1.30299997,-0.0130000003,20190531194826,573,0xa,0x4,21.6700001,26.0963192,0.0264412258,-0.0459541269,2.34851759e-05,30,1.21399999,1
573110400002634,88322318,2458637.7232500529,58637.223182900001,17.34342,0.0203345884,0,zg,167.6085128,19.207046999999999,0.726000011,-0.0109999999,20190603223171,573,0xa,0x4,21.3899994,26.051342,0.03126036,-0.0486442521,3.35063814e-05,30,1.42299998,1
573110400002634,88617199,2458640.6717763725,58640.171990700001,17.3105907,0.0199859682,0,zg,167.60852349999999,19.207085599999999,0.690999985,-0.00100000005,20190606171991,573,0xa,0x4,20.4400005,26.1029167,0.0398821533,-0.0131670581,6.56955744e-05,30,1.18799996,1
573110400002634,89119493,2458645.6942394385,58645.194930600002,17.314249,0.0200242195,0,zg,167.6085405,19.2070559,0.44600001,0.0179999992,20190611194931,573,0xa,0x4,20.3600006,26.0866547,0.03777197,-0.0143551389,6.6576169e-05,30,1.37699997,1
573110400002634,89417131,2458648.6703485162,58648.171319399997,17.2210999,0.0190954618,0,zg,167.6085458,19.207059000000001,0.38499999,-0.0219999999,20190614171319,573,0xa,0x4,19.7800007,26.1470375,0.037299633,-0.0396119431,9.237841e-05,30,1.28400004,1
573110400002634,89717340,2458651.6721527018,58651.173402799999,17.3137188,0.0200186651,0,zg,167.60855050000001,19.207040200000002,0.351000011,0.0179999992,20190617173391,573,0xa,0x4,19.9400005,26.0752583,0.0476701818,-0.0179580133,0.000134190646,30,1.34399998,1
573110400002634,90023362,2458654.732091635,58654.233622699998,17.4101372,0.0210813656,0,zg,167.6085588,19.207063000000002,0.864000022,-0.0329999998,20190620233623,573,0xa,0x4,19.9899998,25.9320202,0.0434963778,-0.0173409916,0.000104607563,30,2.16000009,1
573110400002634,90820152,2458662.6992879901,58662.201527800004,17.3851128,0.0207951255,0,zg,167.60852199999999,19.207046999999999,0.569999993,-0.0340000018,20190628201528,573,0xa,0x4,21.0200005,26.0567627,0.0329441614,-0.0383107513,3.87358486e-05,30,1.96200001,1
573110400002634,91520231,2458669.6994871874,58669.202314800001,17.286253,0.0197352581,0,zg,167.6085291,19.2070559,0.99000001,0.0149999997,20190705202315,573,0xa,0x4,20.2900009,26.0021152,0.0413514301,-0.0761925504,8.21055437e-05,30,2.39100003,1
573110400002634,103550731,2458790.0045648469,58789.507314800001,17.3637238,0.0205563344,0,zg,167.6085056,19.207026800000001,0.828000009,-0.0719999969,20191102507303,573,0xa,0x4,21.1900005,26.0464134,0.0349023044,-0.068848148,4.22220583e-05,30,1.71099997,1
573110400002634,103853736,2458793.0348696145,58792.537361100003,17.2610817,0.0194827467,0,zg,167.60850289999999,19.207021999999998,0.592000008,0.0120000001,20191105537350,573,0xa,0x4,21.2000008,26.0830231,0.0300423224,-0.0574169792,3.14533172e-05,30,1.36199999,1
573110400002634,105050570,2458805.0043002237,58804.505706000004,17.4026222,0.0209946185,0,zg,167.6085416,19.207037199999998,0.486000001,0.0839999989,20191117505706,573,0xa,0x4,19.5900002,26.1222935,0.048251614,-0.0217368733,0.000187467609,30,1.35500002,1
573110400002634,107454374,2458829.0446827873,58828.543749999997,17.3796558,0.0207336899,0,zg,167.60856279999999,19.2070167,0.230000004,-0.00400000019,20191211543750,573,0xa,0x4,20.0699997,26.3190174,0.03871518,-0.0412098095,8.28892153e-05,30,1.03999996,1
573110400002634,108254865,2458837.0503593395,58836.548657400002,17.3814526,0.0207538716,0,zg,167.60851959999999,19.2070364,0.36500001,0.0160000008,20191219548634,573,0xa,0x4,21.1200008,26.3009853,0.0308262147,-0.0610426553,3.31879382e-05,30,1.03299999,1
573110400002634,109550034,2458850.0032234006,58849.500347200003,17.3579731,0.0204930492,0,zg,167.60850360000001,19.207020499999999,0.465999991,0.00200000009,20200101500347,573,0xa,0x4,21.6000004,26.3023872,0.0389601216,-0.0698181838,5.08258381e-05,30,1.03400004,1
573110400002634,109850233,2458853.005468294,58852.502337999998,17.3674126,0.0205971412,0,zg,167.60850400000001,19.2070173,0.508000016,-0.00100000005,20200104502303,573,0xa,0x4,21.6800003,26.3260384,0.0388130657,-0.0911219716,5.00699789e-05,30,1.03299999,1
573110400002634,110152032,2458856.0237014252,58855.520324099998,17.3968048,0.0209279303,0,zg,167.60852,19.207008299999998,1.15499997,-0.00300000003,20200107520278,573,0xa,0x4,21.4200001,26.3175621,0.0395145379,-0.0855788961,5.15266765e-05,30,1.04700005,1
573110400002634,111041498,2458864.9190386082,58864.4149884,17.3763733,0.0206969138,0,zg,167.60851600000001,19.2070188,0.800000012,0.0469999984,20200116414907,573,0xa,0x4,21.1100006,26.3148823,0.0296198521,-0.0646905154,3.03748457e-05,30,1.07799995,1
573110400002634,111341526,2458867.9195228252,58867.415266199998,17.394783,0.0209048521,0,zg,167.6085171,19.2070203,0.912,-0.0309999995,20200119415266,573,0xa,0x4,21.4099998,26.3044243,0.0411782339,-0.0775680467,5.70288503e-05,30,1.06400001,1
573110400002634,111743718,2458871.9417028623,58871.4371875,17.3227425,0.0201136041,0,zg,167.60849999999999,19.2070343,0.847000003,-0.00899999961,20200123437176,573,0xa,0x4,21.2900009,26.3090611,0.0386979878,-0.0678125322,5.00028291e-05,30,1.03400004,1
573110400002634,112644164,2458880.9466570471,58880.441643500002,17.3818665,0.0207585413,0,zg,167.6085276,19.2070103,0.995000005,-0.00300000003,20200201441620,573,0xa,0x4,21.4799995,26.3085938,0.0359294191,-0.0815292969,4.28866006e-05,30,1.03900003,1
573110400002634,112943967,2458883.9448288274,58883.439675900001,17.4121017,0.021104157,0,zg,167.60854380000001,19.207008699999999,0.841000021,0.00400000019,20200204439676,573,0xa,0x4,20.8600006,26.2937222,0.0378244221,-0.076358676,5.07179975e-05,30,1.04299998,1
573110400002634,113242089,2458886.9261690229,58886.420891200003,17.3748817,0.020680232,0,zg,167.60851940000001,19.207008399999999,0.606999993,-0.0160000008,20200207420891,573,0xa,0x4,20.3299999,26.3035984,0.0411834419,-0.0259566121,7.52920896e-05,30,1.03600001,1
573110400002634,113742269,2458891.9281527302,58891.4226968,17.4115925,0.0210982449,0,zg,167.60851049999999,19.2070252,0.745000005,-0.0149999997,20200212422685,573,0xa,0x4,20.2399998,26.3113499,0.0331094489,-0.0447135158,5.46066694e-05,30,1.04799998,1
573110400002634,114437870,2458898.8843398602,58898.3787037,17.2769356,0.0196409915,0,zg,167.6084979,19.207001300000002,0.43599999,-0.0460000001,20200219378704,573,0xa,0x4,22.0900002,26.2932053,0.0425940454,-0.101912014,5.90900745e-05,30,1.03299999,1
573110400002634,114538082,2458899.8864772953,58899.380821799998,17.3982334,0.0209442656,0,zg,167.60850970000001,19.207011099999999,0.633000016,-0.050999999,20200220380810,573,0xa,0x4,21.8500004,26.2900066,0.0398398787,-0.0950930342,5.23849412e-05,30,1.03400004,1
573110400002634,114633100,2458900.8366791601,58900.3310069,17.3869705,0.0208161119,0,zg,167.60849999999999,19.2070075,0.549000025,0.0270000007,20200221330995,573,0xa,0x4,21.4699993,26.2947693,0.0360324197,-0.0883323327,4.42354976e-05,30,1.05599999,1
573110400002634,114929609,2458903.8018142586,58903.296099500003,17.3906059,0.0208573174,0,zg,167.60850260000001,19.207014399999998,0.569999993,-0.0500000007,20200224296100,573,0xa,0x4,21.8199997,26.2561836,0.0378809609,-0.0898725539,4.77587346e-05,30,1.10399997,1
573110400002634,115028829,2458904.7940242458,58904.288298599997,17.3791428,0.0207279399,0,zg,167.60850439999999,19.207011000000001,0.953000009,-0.0149999997,20200225288299,573,0xa,0x4,21.3600006,26.243782,0.0406834111,-0.0707390457,5.58714237e-05,30,1.11699998,1
573110400002634,115031192,2458904.8176471954,58904.311921300003,17.3071938,0.0199505929,0,zg,167.6085137,19.207008500000001,0.31400001,0,20200225311921,573,0xa,0x4,21.6599998,26.2614689,0.0380684808,-0.0871441439,4.73411965e-05,30,1.06799996,1
573110400002634,115131059,2458905.8163254233,58905.310590300003,17.3486824,0.0203916188,0,zg,167.60851099999999,19.207028399999999,1.18499994,-0.0130000003,20200226310579,573,0xa,0x4,20.9200001,26.2801819,0.0413553566,-0.0617968105,6.07316979e-05,30,1.06599998,1
573110400002634,115231065,2458906.8164023631,58906.310659700001,17.3942451,0.020898724,0,zg,167.608485,19.207020400000001,1.29900002,-0.0689999983,20200227310648,573,0xa,0x4,21.2199993,26.2880116,0.0334745832,-0.0689720139,3.71014576e-05,30,1.06200004,1
573110400002634,115527738,2458909.7831392898,58909.277384300003,17.3614426,0.0205311943,0,zg,167.60851829999999,19.207015999999999,1.15400004,0.00600000005,20200301277384,573,0xa,0x4,20.5599995,26.2741241,0.0435960852,-0.0563972406,7.30476677e-05,30,1.11000001,1
573110400002634,115738091,2458911.8866690821,58911.380914399997,17.3157463,0.0200399198,0,zg,167.6085262,19.207036800000001,1.14199996,-0.0130000003,20200303380914,573,0xa,0x4,20.7600002,26.2770329,0.0397236347,-0.0639042035,5.89000956e-05,30,1.06400001,1
573110400002634,115829099,2458912.796747617,58912.290995399999,17.3826847,0.0207677484,0,zg,167.6085022,19.207011399999999,0.948000014,0.0670000017,20200304290984,573,0xa,0x4,21.0400009,26.2883244,0.0309726708,-0.062522307,3.34623546e-05,30,1.06599998,1
573110400002634,115927740,2458913.7831553631,58913.277407399997,17.3024902,0.0199018028,0,zg,167.6084831,19.207010400000001,0.801999986,-0.0390000008,20200305277396,573,0xa,0x4,20.8700008,26.242857,0.0332847908,-0.0591396168,4.13840826e-05,30,1.08599997,1
573110400002634,116121127,2458915.7170079392,58915.211273100002,17.3639641,0.0205589961,0,zg,167.60849139999999,19.2070136,0.488000005,-0.00300000003,20200307211262,573,0xa,0x4,20.1900005,26.2314854,0.0393578187,-0.0507663004,8.0424601e-05,30,1.30299997,1
573110400002634,118531570,2458939.8207660886,58939.315706000001,17.2839603,0.0197119787,0,zg,167.6085152,19.207027499999999,0.601000011,-0.00400000019,20200331315683,573,0xa,0x4,20.8199997,25.9150448,0.0367423631,-0.0471115373,5.04698291e-05,30,1.08299994,1
573110400002634,118724945,2458941.7544230637,58941.249455999998,17.3965797,0.0209253579,0,zg,167.60850300000001,19.207001900000002,0.851999998,-0.0299999993,20200402249456,573,0xa,0x4,20.7800007,26.2754917,0.0333895423,-0.0416113101,4.13885646e-05,30,1.03299999,1
573110400002634,120027622,2458954.7804357293,58954.276226900001,17.3775139,0.0207096692,0,zg,167.6084918,19.207007699999998,1.01499999,0.0109999999,20200415276181,573,0xa,0x4,21.6299992,26.2431984,0.0359037779,-0.0831449851,4.22443372e-05,30,1.08599997,1
573110400002634,121020230,2458964.7057973621,58964.2023032,17.3561993,0.0204736013,0,zg,167.6085051,19.206998200000001,0.944999993,0.0410000011,20200425202303,573,0xa,0x4,21.7900009,26.2039299,0.0247262716,-0.0507041514,2.04116732e-05,30,1.03400004,1
573110400002634,121121158,2458965.7150013684,58965.211585600002,17.345541,0.0203575417,0,zg,167.6085094,19.206992400000001,0.550999999,-0.0390000008,20200426211586,573,0xa,0x4,21.8500004,26.273283,0.0249586105,-0.0587827265,2.06170389e-05,30,1.03999996,1
573110400002634,121324202,2458967.7452806719,58967.242025500003,17.3163605,0.0200463645,0,zg,167.60849210000001,19.206988899999999,0.856000006,-0.0390000008,20200428242002,573,0xa,0x4,21.3899994,26.2528534,0.0343039148,-0.0736063197,3.98639022e-05,30,1.08899999,1
573110400002634,121423249,2458968.7356754947,58968.232499999998,17.3794575,0.0207314715,0,zg,167.60850110000001,19.2069972,0.69599998,-0.0140000004,20200429232500,573,0xa,0x4,21.5100002,26.2832813,0.027997233,-0.0465719923,2.68007825e-05,30,1.07599998,1
573110400002634,121424682,2458968.7500030301,58968.246828700001,17.3796654,0.0207337942,0,zg,167.60849859999999,19.2069942,0.579999983,0.0130000003,20200429246794,573,0xa,0x4,21.5900002,26.2793732,0.0276245102,-0.0531130843,2.51986985e-05,30,1.10599995,1
573110400002634,121924348,2458973.7462437032,58973.243483799997,17.3667984,0.0205903444,0,zg,167.6085065,19.206997900000001,0.912999988,-0.0939999968,20200504243183,573,0xa,0x4,20.4200001,26.2946434,0.0346034281,-0.0552126989,5.60709304e-05,30,1.13300002,1
573110400002634,122217494,2458976.6774501274,58976.174942099999,17.3007736,0.0198840573,0,zg,167.6085205,19.2070185,0.463,0.0170000009,20200507174896,573,0xa,0x4,20.3299999,26.3103676,0.0389309414,-0.0234247595,7.0342634e-05,30,1.03600001,1
573110400002634,122617118,2458980.6733361161,58980.171180600002,17.3860168,0.0208053272,0,zg,167.6085046,19.206995599999999,0.702000022,0.0260000005,20200511171181,573,0xa,0x4,22.0100002,26.2571163,0.0366181284,-0.0876836181,4.39962387e-05,30,1.03999996,1
573110400002634,123117083,2458985.6725350898,58985.170833299999,17.3983231,0.0209452882,0,zg,167.60850199999999,19.207001900000002,0.596000016,0.0179999992,20200516170833,573,0xa,0x4,22,26.2641811,0.0307709537,-0.0738128945,3.08299605e-05,30,1.05299997,1
573110400002634,123817630,2458992.6773559824,58992.176307900001,17.2896919,0.0197702926,0,zg,167.60850579999999,19.2069911,0.405000001,-0.00800000038,20200523176308,573,0xa,0x4,21.8899994,26.2680283,0.0340213925,-0.0834783167,3.87117034e-05,30,1.09399998,1
573110400002634,124117105,2458995.6718175225,58995.1710532,17.3690071,0.0206148177,0,zg,167.60849930000001,19.206988299999999,0.606000006,-0,20200526171053,573,0xa,0x4,21.5400009,26.239954,0.0282010715,-0.0532974675,2.61905207e-05,30,1.10099995,1
573110400002634,125117118,2459005.670991037,59005.171180600002,17.2660675,0.0195322167,0,zg,167.6085167,19.207001600000002,0.92900002,-0.00600000005,20200605171181,573,0xa,0x4,20.2000008,26.2706699,0.0357274897,-0.036811877,6.27163317e-05,30,1.18299997,1
573110400002634,126016984,2459014.6688096826,59014.169849500002,17.3660164,0.0205816869,0,zg,167.60850189999999,19.207002200000002,1.09599996,0.0309999995,20200614169525,573,0xa,0x4,20.4400005,26.2898121,0.0368437394,-0.0240143202,5.81358108e-05,30,1.28699994,1
573110400002634,139550538,2459150.0022035697,59149.505381900002,17.3100433,0.0199802592,0,zg,167.60847749999999,19.206976699999998,0.819999993,-0.00999999978,20201027505370,573,0xa,0x4,20.6000004,26.1221962,0.0350199491,-0.0543255471,4.86478893e-05,30,1.94599998,1
573110400002634,139651743,2459151.0143327126,59150.517430599997,17.3575134,0.0204880126,0,zg,167.60850339999999,19.206948199999999,1.42900002,0.00300000003,20201028517419,573,0xa,0x4,21.1299992,26.2250214,0.032102406,-0.0542483144,3.5217523e-05,30,1.72800004,1
573110400002634,139854494,2459153.0420083725,59152.544942100001,17.3229485,0.0201157834,0,zg,167.6084875,19.206968400000001,0.907000005,-0.0500000007,20201030544942,573,0xa,0x4,20.4099998,26.2914982,0.0390169881,-0.0393643267,6.71133603e-05,30,1.40799999,1
573110400002634,140249736,2459156.9947581366,59156.497361100002,17.3690109,0.0206148736,0,zg,167.60849289999999,19.2069802,0.763000011,-0.0160000008,20201103497350,573,0xa,0x4,20.1499996,26.2089367,0.0450859889,-0.0468699187,0.000100297606,30,1.77699995,1
573110400002634,140449480,2459158.992372511,59158.494803200003,17.3006287,0.0198825561,0,zg,167.60849859999999,19.206970999999999,0.866999984,0.023,20201105494803,573,0xa,0x4,19.9500008,26.1922207,0.0459016711,-0.0222591106,0.000119886718,30,1.73800004,1
573110400002634,141151833,2459166.0165322674,59165.518333300002,17.316761,0.0200505666,0,zg,167.60847390000001,19.206971599999999,0.638000011,0.0130000003,20201112518333,573,0xa,0x4,21.5799999,26.303196,0.030784782,-0.0623553619,3.14929603e-05,30,1.34800005,1
573110400002634,141450637,2459169.004853813,59168.5063773,17.2891979,0.0197652616,0,zg,167.60849339999999,19.2069656,0.493000001,-0.00600000005,20201115506377,573,0xa,0x4,21.4400005,26.2975864,0.0283109769,-0.0651590824,2.65199415e-05,30,1.37199998,1
573110400002634,141647561,2459170.9742753999,59170.475613399998,17.4073906,0.0210495815,0,zg,167.60850379999999,19.206940599999999,0.597000003,-0.0109999999,20201117475613,573,0xa,0x4,21.4200001,26.2555103,0.0281777401,-0.0747503638,2.63137299e-05,30,1.58200002,1
573110400002634,141948555,2459173.9845045432,59173.485555599997,17.3533134,0.0204420574,0,zg,167.6084922,19.206976900000001,0.25999999,-0.00700000022,20201120485544,573,0xa,0x4,20.8600006,25.9239559,0.0421868898,-0.0471912026,6.4177395e-05,30,1.42299998,1
573110400002634,142352918,2459178.0285293483,59177.5291898,17.3860626,0.0208058618,0,zg,167.60847380000001,19.206935600000001,0.656000018,0.0419999994,20201124529155,573,0xa,0x4,21.5,26.344883,0.0320074148,-0.0783921257,3.36835546e-05,30,1.148,1
573110400002634,142651932,2459181.0189597835,59180.5193287,17.4710121,0.0218095593,0,zg,167.6083764,19.206872300000001,1.33000004,0.229000002,20201127519294,573,0xa,0x4,19.8199997,26.3444424,0.0426325984,-0.0530443639,0.000105101979,30,1.153,1
573110400002634,142856280,2459183.0626321114,59182.562800899999,17.3980236,0.0209418628,0,zg,167.6084922,19.206923100000001,0.907999992,-0.00600000005,20201129562801,573,0xa,0x4,20.7299995,26.3619938,0.0347018763,-0.0488705523,4.56563976e-05,30,1.04999995,1
573110400002634,142951599,2459184.0174826016,59183.515995399997,17.3831863,0.0207733996,0,zg,167.60847150000001,19.206932900000002,0.444000006,-0.0140000004,20201130515660,573,0xa,0x4,20.0400009,28.6251488,0.0261222571,-0.0626301169,2.93520698e-05,300,1.13800001,2
573110400002634,143038840,2459184.8899755278,59184.388402800003,17.3597832,0.0205129385,0,zg,167.60847649999999,19.206921300000001,0.386999995,0.00800000038,20201201387836,573,0xa,0x4,20.0799999,28.5873585,0.0330257863,-0.0271325167,4.52505737e-05,300,2.40899992,2
573110400002634,143148861,2459185.9887294928,59185.488611100001,17.3465614,0.0203685984,0,zg,167.6084616,19.206929800000001,1.398,-0.0970000029,20201202488576,573,0xa,0x4,20.5699997,26.3372936,0.0373267308,-0.0640171841,5.72840108e-05,30,1.21700001,2
573110400002634,143149048,2459185.9906046758,59185.490486100003,17.3624344,0.0205421206,0,zg,167.60848849999999,19.206926200000002,0.625,-0.063000001,20201202490475,573,0xa,0x4,20.6499996,26.3092518,0.0361577198,-0.0425447859,4.94048254e-05,30,1.20899999,1
573110400002634,143254207,2459187.0422937414,59186.542071800002,17.4241829,0.0212453194,0,zg,167.6082835,19.207144899999999,0.972000003,0.0500000007,20201203542072,573,0xa,0x4,18.8299999,26.3852654,0.041413296,-0.0670735091,0.000299632637,30,1.06299996,2
573110400002634,143353209,2459188.0324140633,59187.532094900002,17.3127689,0.0200087223,0,zg,167.6085008,19.206923400000001,0.437000006,0.00200000009,20201204532095,573,0xa,0x4,19.9300003,26.3613338,0.038222868,-0.0505797379,9.36984216e-05,30,1.07500005,2
573110400002634,143353302,2459188.0333400541,59187.533020800001,17.3419304,0.0203185137,0,zg,167.60851260000001,19.206940400000001,0.573000014,-0.00600000005,20201204533021,573,0xa,0x4,20.1200008,26.3586464,0.0390024111,-0.0307488106,7.35173599e-05,30,1.07299995,1
573110400002634,143447388,2459188.9743005135,59188.4738889,17.3893204,0.0208427198,0,zg,167.6084726,19.206937700000001,0.925999999,-0.0520000011,20201205473565,573,0xa,0x4,20.3999996,26.3072376,0.0402563363,-0.020056827,7.04260092e-05,30,1.24699998,2
573110400002634,144053072,2459195.0317331464,59194.5307292,17.3174095,0.0200573821,0,zg,167.60847140000001,19.206933899999999,1.23599994,-0.0270000007,20201211530729,573,0xa,0x4,21.2600002,26.3610115,0.0340222158,-0.0822512284,3.79984413e-05,30,1.04900002,1
573110400002634,144451548,2459199.0168751078,59198.515486099997,17.3250198,0.0201376993,0,zg,167.60848899999999,19.2069388,0.637000024,-0.0120000001,20201215515486,573,0xa,0x4,21.3700008,26.3624573,0.0325323977,-0.0768233165,3.41576851e-05,30,1.05400002,1
573110400002634,145143131,2459205.933361188,59205.431319399999,17.3798409,0.020735763,0,zg,167.60848709999999,19.206933800000002,0.476000011,0.0260000005,20201222431319,573,0xa,0x4,21.2600002,25.9347382,0.0332628191,-0.0651587173,3.7933256e-05,30,1.22899997,1
573110400002634,146148312,2459215.9860632033,59215.483124999999,17.4270878,0.0212795362,0,zg,167.60845549999999,19.206932900000002,0.444000006,0.00499999989,20210101483125,573,0xa,0x4,19.8999996,26.3462658,0.0395252034,-0.0508548655,0.000102407059,30,1.03999996,1
573110400002634,146542041,2459219.923683946,59219.420416699999,17.3875656,0.0208228417,0,zg,167.60849630000001,19.206923199999999,0.558000028,0.0109999999,20210105420405,573,0xa,0x4,20.2600002,26.3335304,0.0352496952,-0.0416622758,5.61154047e-05,30,1.13,1
573110400002634,146743103,2459221.9344597948,59221.4310301,17.3866348,0.0208123252,0,zg,167.6084764,19.206935699999999,1.87899995,-0.0579999983,20210107430694,573,0xa,0x4,21.2900009,26.3456497,0.0296284929,-0.0696464404,2.84279959e-05,30,1.09099996,1
573110400002634,146937965,2459223.8832360161,59223.379652800002,17.280838,0.0196803678,0,zg,167.60846340000001,19.2069312,0.379999995,-0.00499999989,20210109379653,573,0xa,0x4,21.2199993,26.3072052,0.0333164819,-0.0526585132,3.58540165e-05,30,1.24100006,1
573110400002634,147144179,2459225.945535366,59225.441793999998,17.2322388,0.0192016847,0,zg,167.60845979999999,19.206941799999999,0.870999992,0,20210111441794,573,0xa,0x4,20.5900002,26.3053093,0.0371441394,-0.048521135,5.34000646e-05,30,1.05400002,1
573110400002634,147344109,2459227.9449896454,59227.4410995,17.3538933,0.0204483829,0,zg,167.6084865,19.206926500000002,0.819000006,0.0280000009,20210113441100,573,0xa,0x4,21.8600006,26.2917614,0.0270689111,-0.077992633,2.34587005e-05,30,1.04900002,1
573110400002634,149441364,2459248.9187861118,59248.413645799999,17.3768845,0.0207026228,0,zg,167.60849020000001,19.206930799999999,1.04100001,-0.00600000005,20210203413507,573,0xa,0x4,21.3199997,26.3477364,0.0256849453,-0.0469428897,2.16846438e-05,30,1.03199995,1
573110400002634,149636954,2459250.874773405,59250.3695486,17.261694,0.0194888134,0,zg,167.6085037,19.206933500000002,1.08700001,-0.0109999999,20210205369549,573,0xa,0x4,21.0100002,26.3380184,0.0359222852,-0.0593093149,4.30107539e-05,30,1.05999994,1
573110400002634,149837853,2459252.8838355052,59252.378530100003,17.3370094,0.0202655662,0,zg,167.6084726,19.2069291,0.675999999,-0.00100000005,20210207378518,573,0xa,0x4,21.9799995,26.3368015,0.0334744044,-0.0758401975,3.67746834e-05,30,1.04299998,1
573110400002634,150234346,2459256.8489061981,59256.343460600001,17.3056793,0.0199348517,0,zg,167.60847430000001,19.2069364,0.814999998,0.00200000009,20210211343380,573,0xa,0x4,21.7999992,26.3281708,0.030883288,-0.0897573978,3.12491284e-05,30,1.07500005,1
573110400002634,150436598,2459258.8714910918,59258.365983800002,17.2977295,0.019852668,0,zg,167.60848110000001,19.206932999999999,0.61500001,-0.00200000009,20210213365984,573,0xa,0x4,21.6599998,26.2141228,0.0304971393,-0.0741794184,3.06830771e-05,30,1.03999996,1
573110400002634,150841116,2459262.9167793831,59262.411168999999,17.3556442,0.0204675347,0,zg,167.6084668,19.2069291,0.375999987,-0.0109999999,20210217411169,573,0xa,0x4,21.3600006,26.2614594,0.0343529992,-0.0768703744,3.74404044e-05,30,1.05200005,1
573110400002634,151033189,2459264.8375478685,59264.331898099997,17.3011742,0.0198881961,0,zg,167.6084879,19.2069355,0.545000017,-0.0149999997,20210219331898,573,0xa,0x4,21.5499992,26.3666992,0.0291077737,-0.0685994849,2.66640527e-05,30,1.05900002,1
573110400002634,151230523,2459266.8109152764,59266.305231500002,17.3533573,0.0204425231,0,zg,167.60848999999999,19.206929899999999,0.629999995,0.00999999978,20210221305231,573,0xa,0x4,20.3700008,26.3390694,0.0346035287,-0.0298050623,5.48846656e-05,30,1.097,1
573110400002634,151325078,2459267.756484719,59267.250786999997,17.3595619,0.0205105003,0,zg,167.60846860000001,19.206929599999999,0.708000004,0.0299999993,20210222250521,573,0xa,0x4,20.5400009,26.3033028,0.0354352035,-0.0299812146,5.22019218e-05,30,1.28400004,2
573110400002634,151417042,2459268.676137988,59268.170428199999,17.3249207,0.0201366525,0,zg,167.6084822,19.2069443,0.67900002,0.00100000005,20210223170428,573,0xa,0x4,20.1900005,26.1301918,0.0400881916,-0.0032772678,8.20310888e-05,30,2.13400006,2
573110400002634,151443135,2459268.9370672866,59268.431354200002,17.2848587,0.019721102,0,zg,167.6084797,19.206919599999999,0.239999995,0.0120000001,20210223431354,573,0xa,0x4,21.1000004,26.358139,0.0328736007,-0.048226431,3.8850565e-05,30,1.12100005,1
573110400002634,151443322,2459268.9389423081,59268.433229200004,17.3167534,0.0200504959,0,zg,167.6084784,19.206928099999999,0.792999983,0.0329999998,20210223433229,573,0xa,0x4,21.1399994,26.3352013,0.0274829101,-0.054749243,2.65785384e-05,30,1.12699997,2
573110400002634,151524177,2459269.7474930165,59269.241770799999,17.3809662,0.0207484048,0,zg,167.60847330000001,19.2069109,0.82099998,0.00200000009,20210224241771,573,0xa,0x4,20.6399994,26.2887344,0.0362425484,-0.0434566364,5.54704493e-05,30,1.30299997,2
573110400002634,151544209,2459269.9478192399,59269.442094899998,17.3918381,0.0208713077,0,zg,167.6084778,19.206931699999998,0.564999998,0.0140000004,20210224442083,573,0xa,0x4,20.7800007,26.327755,0.0346815772,-0.0364903845,4.86766876e-05,30,1.16199994,2
573110400002634,151624173,2459270.7474680999,59270.241736099997,17.3895721,0.0208455902,0,zg,167.60850139999999,19.206948100000002,0.335000008,0.00400000019,20210225241736,573,0xa,0x4,19.7399998,26.2953625,0.052849222,-0.0439043306,0.000198856214,30,1.28799999,2
573110400002634,151638200,2459270.8877355866,59270.382002300001,17.3716793,0.0206445288,0,zg,167.60849150000001,19.2069109,0.589999974,0.0610000007,20210225382002,573,0xa,0x4,20.3899994,26.3474712,0.036786776,-0.0598882623,6.7442772e-05,30,1.04400003,1
573110400002634,152023914,2459274.7448977553,59274.239143500003,17.3488007,0.0203928985,0,zg,167.60852840000001,19.206939500000001,0.906000018,0.00100000005,20210301239109,573,0xa,0x4,19.1800003,26.3094788,0.0442032926,-0.0200927053,0.00023692238,30,1.24600005,1
573110400002634,152121201,2459275.7177694691,59275.212013900004,17.3644924,0.0205648281,0,zg,167.60848480000001,19.206919500000001,0.324999988,-0.0130000003,20210302212014,573,0xa,0x4,20.4099998,26.2722321,0.0366509408,-0.048447039,6.37561607e-05,30,1.38699996,3
573110400002634,152225748,2459276.7632436585,59276.257488399999,17.3987274,0.02094993,0,zg,167.60847279999999,19.206928099999999,0.916999996,0.0109999999,20210303257488,573,0xa,0x4,20.6100006,26.3137379,0.0392648801,-0.0485490859,5.79447114e-05,30,1.153,3
573110400002634,152225842,2459276.7641811576,59276.2584259,17.2712173,0.0195835996,0,zg,167.608474,19.206929800000001,0.643999994,-0.00499999989,20210303258426,573,0xa,0x4,20.8400002,26.2955379,0.0363700762,-0.0348579474,4.56074158e-05,30,1.14999998,1
573110400002634,152636030,2459280.866036973,59280.3603009,17.3435593,0.0203360952,0,zg,167.60847709999999,19.206928999999999,0.653999984,0,20210307360301,573,0xa,0x4,21.3899994,26.2903442,0.0367222801,-0.0815361664,4.39493633e-05,30,1.04999995,1
573110400002634,153629611,2459290.8016835665,59290.296111099997,17.3827801,0.0207688212,0,zg,167.60848530000001,19.2069212,1,0,20210317296100,573,0xa,0x4,21.9200001,26.3257751,0.030136548,-0.0796679631,2.91771339e-05,30,1.03199995,1
573110400002634,153829523,2459292.8007513885,59292.2952315,17.3889618,0.0208386686,0,zg,167.60847870000001,19.2069239,0.652999997,-0.0270000007,20210319295232,573,0xa,0x4,21.7700005,26.2860622,0.0276001226,-0.0628991649,2.45968931e-05,30,1.03199995,1
573110400002634,154127429,2459295.7797236703,59295.274294000003,17.362236,0.0205399245,0,zg,167.6084458,19.206932599999998,0.483999997,0.00400000019,20210322274236,573,0xa,0x4,20.2700005,26.2631607,0.0382070802,-0.0484564118,6.55878102e-05,30,1.03499997,1
573110400002634,154320692,2459297.7122849608,59297.2069213,17.2913723,0.0197874643,0,zg,167.60848970000001,19.206928300000001,0.68599999,0.0120000001,20210324206921,573,0xa,0x4,20.0900002,26.2518921,0.0408030227,-0.0457343981,8.53509773e-05,30,1.13199997,1
573110400002634,154726851,2459301.7737248461,59301.268518500001,17.344738,0.020348845,0,zg,167.60846910000001,19.206917900000001,0.620000005,-0.0370000005,20210328268414,573,0xa,0x4,19.0799999,26.2926159,0.0408509597,-0.0198179334,0.000206042314,30,1.03199995,3
573110400002634,154726945,2459301.7746623065,59301.269456000002,17.4091148,0.0210695192,0,zg,167.6084792,19.206935000000001,0.541000009,-0.0700000003,20210328269456,573,0xa,0x4,19.2999992,26.3233299,0.0468744747,-0.0343146846,0.000230501289,30,1.03199995,1
573110400002634,154832871,2459302.8338764887,59302.328715299998,17.3515739,0.0204230696,0,zg,167.60848590000001,19.206929800000001,0.375,0.0469999984,20210329328715,573,0xa,0x4,20.1399994,26.3212509,0.0337381102,-0.0339866616,6.43613166e-05,30,1.097,3
573110400002634,154927818,2459303.7833022638,59303.278182900001,17.3854294,0.0207986925,0,zg,167.6084606,19.206907900000001,0.552999973,0.0160000008,20210330278183,573,0xa,0x4,20.4099998,26.3163414,0.0349138379,-0.0249303151,5.40702567e-05,30,1.03499997,3
573110400002634,154927912,2459303.7842397224,59303.279120400002,17.4032326,0.021001637,0,zg,167.60848379999999,19.206907900000001,0.493000001,0.0370000005,20210330279120,573,0xa,0x4,20.4099998,26.3252392,0.0352116935,-0.0381484777,5.39316716e-05,30,1.03499997,1
573110400002634,155023449,2459304.7395665902,59304.234490700001,17.3470383,0.0203737691,0,zg,167.60849540000001,19.206912899999999,0.609000027,-0.0149999997,20210331234468,573,0xa,0x4,20.3899994,26.2758522,0.0432112478,-0.0395574719,7.76249508e-05,30,1.04499996,3
573110400002634,155128968,2459305.7947138855,59305.289687500001,17.326561,0.0201540459,0,zg,167.60847150000001,19.206920700000001,0.35800001,0.00600000005,20210401289676,573,0xa,0x4,21.1399994,26.3121986,0.0290504545,-0.0549418852,2.82035089e-05,30,1.04700005,3
573110400002634,155129062,2459305.7956513404,59305.290625000001,17.3295441,0.0201857518,0,zg,167.60846040000001,19.206924399999998,0.721000016,0.0350000001,20210401290625,573,0xa,0x4,21.0200005,26.2762032,0.0337130539,-0.0696388856,3.89821944e-05,30,1.04799998,1
573110400002634,155327962,2459307.7845582869,59307.279629600001,17.2937889,0.0198122002,0,zg,167.60847720000001,19.2069036,0.389999986,-0.00999999978,20210403279630,573,0xa,0x4,21.8999996,26.3293552,0.0317919925,-0.0716440454,3.23090535e-05,30,1.04299998,1
573110400002634,155519324,2459309.6980701531,59309.193240699999,17.3282795,0.0201723091,0,zg,167.60847939999999,19.206911000000002,0.432999998,-0.0350000001,20210405193241,573,0xa,0x4,21.7199993,26.3150539,0.0243005138,-0.0697879791,1.87615842e-05,30,1.08599997,1
573110400002634,155721234,2459311.7170687821,59311.212349499998,17.2910633,0.0197842941,0,zg,167.60846720000001,19.206918399999999,0.657000005,0.00300000003,20210407212338,573,0xa,0x4,21.6000004,26.0705547,0.0300066005,-0.0795795023,2.91638262e-05,30,1.04799998,1
573110400002634,155923423,2459313.7388395439,59313.234236099997,17.2888107,0.0197613109,0,zg,167.6084754,19.206921399999999,0.219999999,0.00899999961,20210409234236,573,0xa,0x4,21.8400002,26.2962875,0.0300636049,-0.0764711872,2.89306736e-05,30,1.03199995,1
573110400002634,156121243,2459315.7169155059,59315.212430599997,17.3780365,0.0207155328,0,zg,167.60847229999999,19.206922299999999,0.453000009,0.0170000009,20210411212419,573,0xa,0x4,21.9899998,26.1879082,0.0305795223,-0.0670537576,3.07436312e-05,30,1.03900003,1
573110400002634,156323423,2459317.7385947052,59317.234236099997,17.3723469,0.0206519645,0,zg,167.60846889999999,19.206918099999999,0.596000016,0.0219999999,20210413234236,573,0xa,0x4,22.0900002,26.311367,0.0377757289,-0.0839881748,4.49855143e-05,30,1.03299999,1
573110400002634,156617512,2459320.6792932297,59320.175127299997,17.3301277,0.0201919787,0,zg,167.60847480000001,19.206908899999998,0.591000021,0.0209999997,20210416175116,573,0xa,0x4,21.8099995,26.255867,0.0273117609,-0.0729252547,2.36730702e-05,30,1.06500006,1
573110400002634,157017187,2459324.6757630003,59324.171875,17.3590298,0.0205046535,0,zg,167.6084764,19.2069212,0.514999986,-0.0390000008,20210420171875,573,0xa,0x4,20.9500008,26.2779293,0.0326445661,-0.0305447131,3.62591309e-05,30,1.05400002,1
573110400002634,157531284,2459329.8163525676,59329.312847200003,17.3620644,0.0205380321,0,zg,167.608475,19.2069197,0.523000002,0.0430000015,20210425312847,573,0xa,0x4,19.9400005,26.2447147,0.0410199761,-0.020794604,9.81798439e-05,30,1.31799996,1
573110400002634,158123491,2459335.7379524279,59335.234919000002,17.3214378,0.0200998113,0,zg,167.6084754,19.206909599999999,0.829999983,0.0109999999,20210501234919,573,0xa,0x4,21.3999996,26.0849533,0.0310475323,-0.0506951734,3.18291422e-05,30,1.08899999,1
573110400002634,158419271,2459338.6955064065,59338.192719899998,17.275753,0.0196290966,0,zg,167.6084774,19.206922200000001,0.356000006,0.0390000008,20210504192720,573,0xa,0x4,21.8199997,26.2791615,0.029590128,-0.0715324879,2.78081989e-05,30,1.04100001,1
573110400002634,158621542,2459340.7180419564,59340.215428199997,17.3064346,0.019942699,0,zg,167.60847749999999,19.206904600000001,0.616999984,-0.0450000018,20210506215428,573,0xa,0x4,21.8400002,26.2530689,0.0310131758,-0.067677334,3.09731513e-05,30,1.07799995,1
573110400002634,158822918,2459342.7316286741,59342.229189799997,17.3298206,0.0201886985,0,zg,167.60847720000001,19.206913499999999,0.486000001,-0.0219999999,20210508229190,573,0xa,0x4,21.7199993,26.2513294,0.0348056927,-0.0792063624,4.01688449e-05,30,1.12100005,1
573110400002634,159026868,2459344.7709396118,59344.268680599998,17.3685188,0.0206094105,0,zg,167.6084741,19.2069215,0.889999986,-0.0430000015,20210510268681,573,0xa,0x4,21.75,26.2221794,0.0330730341,-0.0862974599,3.55333977e-05,30,1.29999995,1
573110400002634,159233151,2459346.8335906989,59346.3315162,17.3159714,0.0200422853,0,zg,167.60846910000001,19.206907600000001,0.735000014,-0.0370000005,20210512331516,573,0xa,0x4,20.9200001,26.0601845,0.0344256759,-0.0506252982,4.15678041e-05,30,2.00999999,1
573110400002634,159424637,2459348.7482785671,59348.246377299998,17.288311,0.0197562184,0,zg,167.60846649999999,19.206913100000001,0.5,0.0160000008,20210514246377,573,0xa,0x4,21.8700008,26.2315445,0.0274780802,-0.0705907047,2.47488188e-05,30,1.24199998,1
573110400002634,159619358,2459350.6953112045,59350.193588000002,17.3941116,0.0208971985,0,zg,167.60846950000001,19.206913799999999,0.588,-0.0130000003,20210516193588,573,0xa,0x4,20.9200001,26.2611217,0.0380742401,-0.0551334769,5.17017834e-05,30,1.08800006,1
573110400002634,160218136,2459356.6825317391,59356.181365700002,17.3984222,0.0209464356,0,zg,167.60846570000001,19.206909100000001,0.412999988,-0.0130000003,20210522181331,573,0xa,0x4,20.1599998,26.2795181,0.0404538848,-0.0448629037,8.29035489e-05,30,1.097,1
573110400002634,160425758,2459358.7585512032,59358.257580999998,17.3544083,0.0204540119,0,zg,167.6084783,19.2069221,0.978999972,0.00700000022,20210524257581,573,0xa,0x4,19.7600002,26.1650009,0.0416893438,-0.0106888935,0.000112324786,30,1.48899996,1
573110400002634,160728924,2459361.7899303432,59361.289247699999,17.3124046,0.0200049169,0,zg,167.60847229999999,19.206905800000001,0.792999983,-0,20210527289248,573,0xa,0x4,19.8799992,26.1525993,0.0376638211,-0.0373977497,8.657734e-05,30,1.98599994,1
573110400002634,160921446,2459363.7149669849,59363.214467600003,17.3814373,0.0207537152,0,zg,167.60847889999999,19.206911900000001,0.871999979,-0.00999999978,20210529214468,573,0xa,0x4,21.5900002,26.2822418,0.0286641475,-0.0532999299,2.63227539e-05,30,1.28699994,1
573110400002634,161120505,2459365.705367357,59365.205057899999,17.3555946,0.020466987,0,zg,167.60846860000001,19.2069039,0.402999997,-0.0419999994,20210531205058,573,0xa,0x4,21.5499992,26.2352467,0.0301228128,-0.0523074679,3.02978769e-05,30,1.26600003,1
573110400002634,161325422,2459367.7543381937,59367.2542245,17.3602829,0.0205184277,0,zg,167.60845860000001,19.2069121,0.444000006,0.023,20210602254167,573,0xa,0x4,21.2700005,26.127779,0.0297593772,-0.0399365127,3.0079289e-05,30,1.70799994,1
573110400002634,161522353,2459369.7234557639,59369.223530099996,17.2953911,0.0198286343,0,zg,167.60847870000001,19.2069072,0.796999991,0.0430000015,20210604223530,573,0xa,0x4,21.7299995,26.2067585,0.0288601909,-0.0610493533,2.78213429e-05,30,1.45500004,1
573110400002634,163120368,2459385.7021080619,59385.203680600003,17.3436813,0.0203374214,0,zg,167.60849400000001,19.206881299999999,0.560000002,-0.0329999998,20210620203681,573,0xa,0x4,19.7600002,26.1193352,0.0336202718,-0.0501132123,7.48583261e-05,30,1.69099998,1
573110400002634,176851856,2459523.0160273118,59522.518564799997,17.3434258,0.0203346536,0,zg,167.60846179999999,19.206876900000001,1.03400004,0.0179999992,20211104518565,573,0xa,0x4,21.5,26.2572765,0.02805488,-0.058544606,2.56117837e-05,30,1.51699996,1
573110400002634,177053935,2459525.0369901401,59524.539351899999,17.4032383,0.0210017078,0,zg,167.6084591,19.206872400000002,0.672999978,0.0149999997,20211106539340,573,0xa,0x4,21.5400009,26.3104115,0.0253010411,-0.0668038204,2.07422745e-05,30,1.32299995,1
573110400002634,177247516,2459526.9729714538,59526.475162000002,17.3166466,0.0200493652,0,zg,167.6084486,19.206884800000001,0.435000002,0.00800000038,20211108475150,573,0xa,0x4,21.2099991,26.1912613,0.0353652351,-0.0703696981,4.20038705e-05,30,1.91499996,1
573110400002634,177452394,2459529.0219404907,59528.5239468,17.2993469,0.0198693331,0,zg,167.60843059999999,19.206883099999999,0.80400002,0,20211110523912,573,0xa,0x4,21.2199993,26.3068314,0.0339240283,-0.0741705298,3.7634516e-05,30,1.35099995,1
573110400002634,177649532,2459530.9934975915,59530.495324099997,17.3602028,0.0205175485,0,zg,167.6084687,19.206897399999999,1.421,0.32100001,20211112495324,573,0xa,0x4,19.5,26.2631283,0.0428891927,-0.0174596701,0.000137205177,30,1.52999997,1
573110400002634,177852223,2459533.0205946467,59532.522233800002,17.4115982,0.0210982971,0,zg,167.60845639999999,19.206885400000001,0.815999985,-0.0149999997,20211114522188,573,0xa,0x4,21.3799992,26.3098698,0.0305363871,-0.0689277947,3.00095016e-05,30,1.296,1
573110400002634,179648468,2459550.9847801337,59550.4846875,17.3083687,0.0199628081,0,zg,167.6084659,19.206879000000001,1.11300004,0.00499999989,20211202484676,573,0xa,0x4,21.8299999,26.2971478,0.0309743434,-0.0653791726,3.05630783e-05,30,1.23800004,1
573110400002634,186850424,2459623.0097212265,59622.504247700002,17.3657494,0.0205787309,0,zg,167.60843840000001,19.206876000000001,1.01699996,-0.0160000008,20220212504236,573,0xa,0x4,21.1499996,26.3227272,0.0322420225,-0.0591501035,3.48837457e-05,30,1.28499997,1
573110400002634,187027710,2459624.7826317688,59624.277106499998,17.314888,0.0200309176,0,zg,167.60845169999999,19.206875199999999,0.180999994,-0.00200000009,20220214277095,573,0xa,0x4,20.4699993,26.3157806,0.0317953192,-0.0560340025,4.30321234e-05,30,1.26499999,1
573110400002634,187540303,2459629.9086782448,59629.403032399998,17.3585434,0.0204993151,0,zg,167.60844829999999,19.206894699999999,0.397000015,0.00899999961,20220219403021,573,0xa,0x4,19.8400002,26.3597469,0.0416593328,-0.0291501321,0.000102172206,30,1.04799998,1
573110400002634,188244197,2459636.9477189993,59636.441979199997,17.3016396,0.0198929999,0,zg,167.60842869999999,19.2068431,1.28199995,0.00400000019,20220226441979,573,0xa,0x4,20.8899994,26.3123016,0.036837928,-0.0583730265,4.65748417e-05,30,1.17799997,1
573110400002634,188528023,2459639.7859854358,59639.280231500001,17.3953819,0.0209116749,0,zg,167.60844399999999,19.2068701,0.65200001,0.00600000005,20220301280220,573,0xa,0x4,21.2099991,26.3266487,0.0326682329,-0.0595651343,3.39342259e-05,30,1.10599995,1
573110400002634,188722651,2459641.732271845,59641.226516199997,17.2721443,0.0195928849,0,zg,167.60845140000001,19.206860500000001,0.577000022,-0.0350000001,20220303226505,573,0xa,0x4,21.6000004,26.2838249,0.0288197324,-0.0632247105,2.72533598e-05,30,1.28600001,1
573110400002634,191740135,2459671.9063391634,59671.401354200003,17.3084393,0.0199635383,0,zg,167.60845330000001,19.2068561,0.855000019,0.0299999993,20220402401343,573,0xa,0x4,21.7000008,26.22682,0.0312694237,-0.0660030842,3.21538973e-05,30,1.49800003,1
573110400002634,192431223,2459678.8168471586,59678.312233800003,17.3240261,0.0201271847,0,zg,167.60844589999999,19.206836200000001,0.657999992,0.0149999997,20220409312222,573,0xa,0x4,21.3400002,26.26264,0.0297655668,-0.0481329635,2.93334106e-05,30,1.12899995,1
573110400002634,193027841,2459684.7826566645,59684.278414400003,17.402916,0.0209979899,0,zg,167.60844169999999,19.206862099999999,0.433999985,0.0130000003,20220415278403,573,0xa,0x4,19.5900002,26.3339691,0.0447912328,-0.0441709496,0.000159899355,30,1.08700001,1
573110400002634,193326137,2459687.7654179591,59687.261377299998,17.4154167,0.0211427193,0,zg,167.6084377,19.206875799999999,0.633000016,-0,20220418261366,573,0xa,0x4,20.4599991,26.2877102,0.0365863182,-0.0390649363,5.41927257e-05,30,1.07099998,1
573110400002634,193527689,2459689.780796824,59689.276898099997,17.3248482,0.0201358777,0,zg,167.60844750000001,19.206857200000002,0.875999987,0.00100000005,20220420276887,573,0xa,0x4,20.4500008,26.2915459,0.0392683037,-0.0554454215,6.22624939e-05,30,1.11500001,1
573110400002634,193924640,2459693.7500069318,59693.2464005,17.3924637,0.0208784286,0,zg,167.60843,19.206869900000001,0.626999974,-0.0120000001,20220424246389,573,0xa,0x4,21.2700005,26.2505283,0.0314366408,-0.0664464235,3.24034918e-05,30,1.07299995,1
573110400002634,194321381,2459697.717117846,59697.2138194,17.3056984,0.0199350473,0,zg,167.60844549999999,19.2068443,0.648000002,-0.0390000008,20220428213819,573,0xa,0x4,21.8199997,26.2633476,0.031497471,-0.0704112127,3.24420434e-05,30,1.04499996,1
573110400002634,194523900,2459699.7421401758,59699.2390046,17.3668861,0.0205913056,0,zg,167.6084458,19.206867599999999,0.83099997,0.0790000036,20220430238993,573,0xa,0x4,21.5100002,26.2529564,0.0290749911,-0.052661065,2.75345992e-05,30,1.09000003,1
573110400002634,194726069,2459701.7636638526,59701.2606944,17.3794212,0.0207310505,0,zg,167.60844259999999,19.206854700000001,0.871999979,-0.023,20220502260694,573,0xa,0x4,21.6100006,26.2504539,0.0335316025,-0.0903995782,3.66396271e-05,30,1.16499996,1
573110400002634,194925931,2459703.7621190799,59703.259317099997,17.379858,0.0207359642,0,zg,167.60845459999999,19.2068634,1.28900003,0.0469999984,20220504259317,573,0xa,0x4,21.0699997,26.2497749,0.0344476737,-0.0489771478,4.08917913e-05,30,1.17900002,1
573110400002634,195722759,2459711.7296989434,59711.2275926,17.3102417,0.0199823212,0,zg,167.60843389999999,19.206865100000002,0.488000005,0.0480000004,20220512227593,573,0xa,0x4,20.3299999,26.2888927,0.0370974801,-0.0425216146,6.39287391e-05,30,1.14600003,1
573110400002634,195919509,2459713.6970213461,59713.195092599999,17.3315582,0.0202072281,0,zg,167.60846119999999,19.206822299999999,0.601000011,-0.0209999997,20220514195081,573,0xa,0x4,20.3500004,26.2745705,0.037491791,-0.0264899824,6.33303425e-05,30,1.079,1
573110400002634,196123635,2459715.7380966172,59715.236354200002,17.3415604,0.0203145165,0,zg,167.60843639999999,19.206857899999999,0.330000013,-0.0299999993,20220516236285,573,0xa,0x4,20.7800007,26.2734699,0.0334585197,-0.0326998681,3.92762777e-05,30,1.21800005,1
573110400002634,196923427,2459723.7352672671,59723.2342708,17.3472023,0.0203755386,0,zg,167.60844090000001,19.206859300000001,0.335000008,0.00300000003,20220524234259,573,0xa,0x4,21.3400002,26.1179714,0.0321716033,-0.0475196019,3.42315398e-05,30,1.31799996,1
573110400002634,197223703,2459726.7377486536,59726.237036999999,17.310936,0.0199895762,0,zg,167.60845560000001,19.2068616,0.56400001,-0.023,20220527237037,573,0xa,0x4,21.5900002,26.2676678,0.0302075651,-0.0534099564,2.89178879e-05,30,1.38800001,1
573110400002634,197719336,2459731.6936069229,59731.193368100001,17.4097557,0.0210769419,0,zg,167.60847960000001,19.2068276,0.31400001,0,20220601193368,573,0xa,0x4,20.9699993,26.2619934,0.0346766189,-0.0510454997,4.13058224e-05,30,1.22099996,1
573110400002634,198719405,2459741.6933379243,59741.194050899998,17.3830032,0.0207713302,0,zg,167.60843360000001,19.206834400000002,0.736000001,0.0450000018,20220611194051,573,0xa,0x4,20.6100006,26.215126,0.0376869924,-0.0664963797,5.90907293e-05,30,1.37399995,1
573110400002634,198926004,2459743.7591389646,59743.260046299998,17.3448448,0.0203500073,0,zg,167.60845029999999,19.206830100000001,0.50999999,-0.0149999997,20220613260046,573,0xa,0x4,19.8099995,26.1434822,0.0406436846,-0.0383360125,0.000108834181,30,2.33999991,1
573110400002634,213944341,2459893.9413774321,59893.443414399997,17.3820858,0.0207610093,0,zg,167.6085104,19.206982199999999,0.790000021,0.0769999996,20221110443414,573,0xa,0x4,18.8600006,26.0537891,0.0428119414,-0.0180305745,0.000302091474,30,2.51600003,1
573110400002634,214347624,2459897.97458243,59897.47625,17.3769875,0.020703787,0,zg,167.60843299999999,19.206827199999999,0.660000026,-0.0250000004,20221114476238,573,0xa,0x4,20.1399994,26.2038078,0.0357364044,-0.0240895171,6.89445587e-05,30,1.68099999,1
573110400002634,214847158,2459902.9703881554,59902.471585599997,17.2648029,0.0195196569,0,zg,167.6084496,19.206833199999998,0.986000001,0,20221119471574,573,0xa,0x4,19.7900009,26.2251091,0.0400723703,-0.044961568,0.000102253558,30,1.58200002,1
573110400002634,215242603,2459906.9252125295,59906.426030100003,17.380024,0.0207378268,0,zg,167.6084262,19.206819800000002,0.614000022,0.0350000001,20221123426030,573,0xa,0x4,20.9400005,26.138855,0.0363885127,-0.0416882262,4.58386457e-05,30,2.07500005,1
573110400002634,215551663,2459910.0161147849,59909.516631899998,17.2525139,0.0193983428,0,zg,167.60841540000001,19.206809400000001,0.558000028,0.00100000005,20221126516609,573,0xa,0x4,21.2999992,26.3599205,0.0303974487,-0.0988693088,2.94251495e-05,30,1.17700005,1
573110400002634,217648743,2459930.9889586647,59930.487430599998,17.340168,0.0202995092,0,zg,167.60843149999999,19.2068181,0.541999996,-0.0149999997,20221217487419,573,0xa,0x4,20.7999992,26.293993,0.0342774428,-0.0300499033,4.16821495e-05,30,1.09599996,1
573110400002634,218345827,2459937.9604564928,59937.458275500001,17.3595791,0.0205106959,0,zg,167.60843449999999,19.206824099999999,0.514999986,-0.00899999961,20221224458264,573,0xa,0x4,21.4300003,26.3345699,0.0313207172,-0.0594964586,3.15230209e-05,30,1.12,1
573110400002634,220345643,2459957.9602881647,59957.456435200002,17.387001,0.020816464,0,zg,167.60843209999999,19.206809499999999,0.930000007,-0.0590000004,20230113456424,573,0xa,0x4,20.1399994,26.1481285,0.0339132696,-0.0280598421,5.99233499e-05,30,1.03699994,1
573110400002634,221241414,2459966.9186094166,59966.414143499998,17.2898827,0.0197722428,0,zg,167.60842830000001,19.206815500000001,0.810000002,-0.00999999978,20230122414120,573,0xa,0x4,20.9500008,26.343462,0.0327683277,-0.052277308,3.76591815e-05,30,1.05299997,1
573110400002634,226620298,2460020.7085731272,60020.202986099997,17.28829,0.0197559986,0,zg,167.60839870000001,19.2067996,0.508000016,-0.00700000022,20230317202975,573,0xa,0x4,21.4699993,26.2747784,0.0272314884,-0.065840587,2.34770505e-05,30,1.21899998,1
573110400002634,227727589,2460031.7811185569,60031.275891199999,17.3657131,0.0205783229,0,zg,167.60841060000001,19.206807900000001,0.865999997,0.0610000007,20230328275880,573,0xa,0x4,21.0200005,26.1328716,0.0305357557,-0.0216881353,3.32670352e-05,30,1.03199995,1
573110400002634,229223193,2460046.7363865152,60046.231932900002,17.3002281,0.019878421,0,zg,167.60842919999999,19.2067917,0.674000025,0.0309999995,20230412231933,573,0xa,0x4,21.7199993,26.3230228,0.0343585685,-0.0634637251,3.90129062e-05,30,1.03199995,1
573110400002634,229618403,2460050.6882391633,60050.184039400003,17.3374443,0.0202702358,0,zg,167.60842650000001,19.206803799999999,0.712000012,-0.0170000009,20230416184028,573,0xa,0x4,21.7700005,26.2843418,0.0305846203,-0.0751783773,3.00147858e-05,30,1.05400002,1
573110400002634,229821563,2460052.7196985767,60052.215636599998,17.2845955,0.0197184272,0,zg,167.6084401,19.206788,0.871999979,-0.0370000005,20230418215637,573,0xa,0x4,21.4300003,26.2842922,0.0375723317,-0.0605878383,4.44421239e-05,30,1.03199995,1
573110400002634,230026199,2460054.7659090869,60054.261990699997,17.3047905,0.0199256353,0,zg,167.60839129999999,19.206796300000001,1.32099998,0.00999999978,20230420261991,573,0xa,0x4,20.8199997,26.2975311,0.0359340273,-0.0446955226,4.6046167e-05,30,1.08000004,1
573110400002634,230219268,2460056.6964639104,60056.192685200003,17.358017,0.0204935316,0,zg,167.60842869999999,19.206795499999998,0.572000027,-0.00100000005,20230422192674,573,0xa,0x4,21.5,26.3032055,0.0309618134,-0.0518296398,3.07126611e-05,30,1.03400004,1
573110400002634,230429887,2460058.8024991206,60058.298877300003,17.3057804,0.0199358985,0,zg,167.60841429999999,19.206802799999998,0.551999986,-0.0149999997,20230424298866,573,0xa,0x4,21.4300003,26.1975327,0.0310141128,-0.0537786111,3.0939842e-05,30,1.22599995,1
573110400002634,230624159,2460060.7450704239,60060.241597200002,17.3415985,0.0203149244,0,zg,167.60841099999999,19.206798800000001,0.409000009,0.00300000003,20230426241574,573,0xa,0x4,21.0599995,26.2205849,0.0295986906,-0.023842033,2.97298538e-05,30,1.07299995,1
573110400002634,230823347,2460062.7367893052,60062.233472200001,17.3023987,0.019900851,0,zg,167.60840010000001,19.2067944,0.976000011,-0.0280000009,20230428233461,573,0xa,0x4,20.9099998,26.2142925,0.0323267765,-0.0287410915,3.61918501e-05,30,1.06900001,1
573110400002634,231328931,2460067.7922222242,60067.289317100003,17.2965088,0.019840112,0,zg,167.60832970000001,19.206804200000001,0.38499999,-0.00800000038,20230503289271,573,0xa,0x4,19.1399994,26.2019386,0.0430119187,-0.0244244915,0.000220706032,30,1.301,1
573110400002634,232325870,2460077.7607408511,60077.258703699998,17.3792706,0.0207293667,0,zg,167.60840730000001,19.206790699999999,0.799000025,0.0219999999,20230513258704,573,0xa,0x4,21.6299992,26.2282848,0.0328035057,-0.0576925613,3.43384563e-05,30,1.28299999,1
573110400002634,233018562,2460084.6870259186,60084.185624999998,17.2750244,0.0196217727,0,zg,167.60841149999999,19.206773599999998,0.827000022,-0.0560000017,20230520185625,573,0xa,0x4,21.5499992,26.2026768,0.0343581289,-0.0578425899,3.93387018e-05,30,1.09200001,1
573110400002634,233221380,2460086.7150188871,60086.2138079,17.3172264,0.0200554635,0,zg,167.60840580000001,19.206786000000001,0.797999978,0.00999999978,20230522213808,573,0xa,0x4,21.7399998,26.1860752,0.0322795473,-0.0585622601,3.37985221e-05,30,1.19000006,1
573110400002634,233230952,2460086.8107274054,60086.309525500001,17.3429165,0.020329155,0,zg,167.6084041,19.206780699999999,0.382999986,-0.00100000005,20230522309514,573,0xa,0x4,21.0400009,25.9905682,0.0319218487,-0.0282009505,3.42222265e-05,30,2.08500004,1
573110400002634,233428811,2460088.7891288428,60088.288113399998,17.3009052,0.0198854115,0,zg,167.60842539999999,19.2067856,0.116999999,0.00600000005,20230524288113,573,0xa,0x4,21.4500008,26.1373844,0.0318668857,-0.0571937524,3.36606245e-05,30,1.81500006,1
573110400002634,234522403,2460099.7240134473,60099.224039399996,17.3416138,0.0203150958,0,zg,167.60840899999999,19.206789799999999,0.694999993,-0.023,20230604224016,573,0xa,0x4,19.6399994,26.1763783,0.0451422893,-0.0266735181,0.000155524089,30,1.44799995,1
573110400002634,234720421,2460101.7039982295,60101.204212999997,17.4087429,0.0210652128,0,zg,167.608383,19.206772600000001,0.744000018,0.0130000003,20230606204201,573,0xa,0x4,20.8199997,26.1938496,0.0358563811,-0.0415701196,4.58878276e-05,30,1.347,1
573110400002634,234923754,2460103.7371380264,60103.237546299999,17.3764763,0.0206980612,0,zg,167.60841379999999,19.2067765,0.795000017,-0.00600000005,20230608237465,573,0xa,0x4,21.1000004,26.1583214,0.0318864286,-0.0499476939,3.49934271e-05,30,1.68799996,1
573110400002634,235121607,2460105.7154805032,60105.2160764,17.2625008,0.0194967948,0,zg,167.6084151,19.206782799999999,0.814999998,0.0399999991,20230610216065,573,0xa,0x4,21.4500008,26.1909256,0.0293849688,-0.0498758294,2.80802305e-05,30,1.51999998,1
573110400002634,235724418,2460111.7430280745,60111.244189800003,17.3385696,0.0202823263,0,zg,167.6084185,19.206785100000001,0.523000002,0.0520000011,20230616244190,573,0xa,0x4,21.1499996,26.0600948,0.0320632793,-0.049319841,3.52303687e-05,30,2.14499998,1
573110400002634,236123847,2460115.7369427099,60115.238472199999,17.3149052,0.020031089,0,zg,167.6084074,19.206781800000002,0.898999989,-0.0260000005,20230620238461,573,0xa,0x4,20.6499996,26.1373711,0.0368175507,-0.033414308,5.21232032e-05,30,2.26200008,1
573110400002634,250646612,2460260.9642463615,60260.466122700003,17.3698025,0.0206236653,0,zg,167.60841249999999,19.206767800000002,1.574,-0.0309999995,20231112466111,573,0xa,0x4,20.6599998,26.1576385,0.0428756513,-0.00834549032,6.57165729e-05,30,1.90799999,1
573110400002634,253346561,2460287.9663409689,60287.465613400003,17.4592628,0.0216654148,0,zg,167.60841629999999,19.206811500000001,1.25899994,-0.0270000007,20231209465613,573,0xa,0x4,20.0100002,26.2862434,0.0425649732,-0.0385518521,9.70610126e-05,30,1.24399996,1
573110400002634,256845822,2460322.9620639752,60322.458229199998,17.3876457,0.0208237637,0,zg,167.6083878,19.206755399999999,0.653999984,-0.0260000005,20240113458229,573,0xa,0x4,21.4200001,26.3402977,0.03270863,-0.0665045604,3.50239316e-05,30,1.03699994,1
573110400002634,260935104,2460363.8567439476,60363.3510417,17.4076576,0.0210526679,0,zg,167.6084501,19.206768799999999,1.07200003,0.0390000008,20240223350856,573,0xa,0x4,18.6200008,26.2104092,0.0409345701,-0.0526099727,0.00036085755,30,1.03499997,1
573110400002634,261440353,2460368.9092787905,60368.403530099997,17.4070644,0.0210458096,0,zg,167.60839619999999,19.206752099999999,0.843999982,-0.0270000007,20240228403507,573,0xa,0x4,20.2999992,26.2719097,0.0368382819,-0.0308420714,6.13553566e-05,30,1.08299994,1
573210400005597,46421487,2458218.7194320327,58218.214872700002,17.1606255,0.0212781671,0,zr,167.6085684,19.207118300000001,1.09399998,-0.0599999987,20180410214699,573,0xa,0x4,21.2099991,26.2063332,0.0256742723,0.112447254,2.21225473e-05,30,1.04100001,1
573210400005597,46424251,2458218.7470692876,58218.242511600001,17.155386,0.0212226249,0,zr,167.60856920000001,19.207123500000002,0.689999998,0.00899999961,20180410242500,573,0xa,0x4,21.4799995,26.2351856,0.0296808984,0.110038802,2.91670822e-05,30,1.03400004,1
573210400005597,46720436,2458221.7087388793,58221.2043634,17.1816101,0.0215036049,0,zr,167.60857519999999,19.2072267,0.578999996,-0.0109999999,20180413204329,573,0xa,0x4,20.3400002,26.0264187,0.0333336294,0.131563559,3.69404443e-05,30,1.04200006,1
573210400005597,46722703,2458221.7314110454,58221.227036999997,17.2095299,0.0218110494,0,zr,167.60864340000001,19.2072848,1.19400001,-0.0820000023,20180413227025,573,0xa,0x4,20.1299992,26.0993671,0.0382149145,0.133529708,5.44262948e-05,30,1.03299999,1
573210400005597,47022417,2458224.7283567041,58224.224178199998,17.1969185,0.0216711108,0,zr,167.6085606,19.207131700000001,0.76700002,-0.00600000005,20180416224167,573,0xa,0x4,21.0400009,26.0679111,0.0275089499,0.116131134,2.52096033e-05,30,1.03400004,1
573210400005597,47324298,2458227.7469569417,58227.242986099998,17.2137985,0.0218588244,0,zr,167.60858440000001,19.207151700000001,0.838999987,-0.00899999961,20180419242975,573,0xa,0x4,21.2299995,26.2416649,0.0267153848,0.126002058,2.36913929e-05,30,1.04999995,1
573210400005597,49416005,2458248.6623473521,58248.160057900001,17.2034454,0.0217433125,0,zr,167.60855699999999,19.2071231,0.556999981,-0.00999999978,20180510160023,573,0xa,0x4,21.5,26.2833557,0.0260779466,0.110867321,2.24307551e-05,30,1.03400004,1
573210400005597,50819230,2458262.6934751882,58262.192303199998,17.2325401,0.0220710058,0,zr,167.6086133,19.207231499999999,1.08800006,-0.0140000004,20180524192303,573,0xa,0x4,20.1800003,26.998888,0.0398415476,0.129114121,5.19902569e-05,60,1.13999999,2
573210400005597,50824278,2458262.743956584,58262.242789399999,17.2440643,0.0222034659,0,zr,167.60863320000001,19.2072094,0.524999976,-0.00100000005,20180524242789,573,0xa,0x4,20.0300007,26.9503422,0.0317864455,0.123869181,3.33309436e-05,60,1.375,2
573210400005597,50921831,2458263.7195587093,58263.218310199998,17.1862373,0.0215539671,0,zr,167.6085884,19.207130200000002,0.787999988,-0.00100000005,20180525218310,573,0xa,0x4,20.8700008,27.4375153,0.0297353882,0.120320641,2.87742569e-05,90,1.25100005,2
573210400005597,51223230,2458266.7329181954,58266.232303199999,17.1539898,0.0212078746,0,zr,167.60858099999999,19.207149000000001,0.769999981,-0.0829999968,20180528232280,573,0xa,0x4,20.3099995,26.1822739,0.0304206554,0.122547068,3.03144752e-05,30,1.37800002,1
573210400005597,51816591,2458272.6659632577,58272.1659144,17.1515579,0.0211822297,0,zr,167.60856380000001,19.207107100000002,1.44099998,-0.0909999982,20180603165891,573,0xa,0x4,20.8799992,26.2452679,0.0300382003,0.0889872164,2.96864837e-05,30,1.14300001,1
573210400005597,52323469,2458277.7342648478,58277.234699100001,17.1492767,0.0211582277,0,zr,167.60855309999999,19.207112899999998,1.13399994,0.0340000018,20180608234676,573,0xa,0x4,21.1100006,26.1422062,0.0241118986,0.120064922,2.00752347e-05,30,1.671,1
573210400005597,53017296,2458284.6718751648,58284.172962999997,17.23386,0.0220860969,0,zr,167.6085606,19.2071088,1.07299995,-0.0340000018,20180615172963,573,0xa,0x4,20.7399998,26.1189384,0.0259772465,0.109107025,2.24982541e-05,30,1.31500006,1
573210400005597,67347692,2458427.9744467074,58427.476921300004,17.2213078,0.021943355,0,zr,167.6085501,19.207066300000001,0.47299999,-0.00100000005,20181105476829,573,0xa,0x4,20.1200008,26.1533775,0.0333650596,0.133017391,3.80574857e-05,30,2.0769999,1
573210400005597,67648265,2458430.9804400993,58430.482650500002,17.1448994,0.0211123321,0,zr,167.60855599999999,19.207070099999999,0.763999999,-0.0399999991,20181108482639,573,0xa,0x4,21.0900002,26.1879215,0.0264440849,0.123749539,2.39050387e-05,30,1.83800006,1
573210400005597,68048456,2458434.9827116164,58434.484560199999,17.2109222,0.02182661,0,zr,167.6085588,19.2070723,0.936999977,0.0370000005,20181112484560,573,0xa,0x4,19.6399994,26.1998787,0.0435077213,0.12127275,6.57004712e-05,30,1.66900003,1
573210400005597,68652373,2458441.0224538255,58440.523738399999,17.1734676,0.021415567,0,zr,167.60854850000001,19.207068400000001,0.620000005,-0.0370000005,20181118523738,573,0xa,0x4,21.5699997,26.2494793,0.0262549277,0.102682024,2.37915865e-05,30,1.24699998,1
573210400005597,68945460,2458443.9536017156,58443.454606500003,17.2308578,0.022051787,0,zr,167.60855609999999,19.2070662,0.579999983,0.00800000038,20181121454606,573,0xa,0x4,20.8299999,26.2318554,0.0291828513,0.111748546,2.95347818e-05,30,1.73500001,1
573210400005597,69348219,2458447.9815837741,58447.482199099999,17.211113,0.0218287408,0,zr,167.60854710000001,19.207070399999999,0.402999997,0.00800000038,20181125482199,573,0xa,0x4,20.3899994,26.2422123,0.0340701714,0.124104038,3.86405809e-05,30,1.37399995,1
573210400005597,69447813,2458448.9776182538,58448.478136600002,17.2385159,0.0221394897,0,zr,167.60854130000001,19.2070753,0.676999986,-0.0460000001,20181126478021,573,0xa,0x4,20.4599991,26.2326317,0.0305128675,0.120325439,3.1329866e-05,30,1.38300002,1
573210400005597,70753976,2458462.0405312134,58461.539768499999,17.1874142,0.0215668101,0,zr,167.6085429,19.207076799999999,0.64200002,-0.0170000009,20181209539768,573,0xa,0x4,21.2199993,26.0814285,0.0248403158,0.118992589,2.07960748e-05,30,1.05299997,1
573210400005597,71054357,2458465.0446317988,58464.543576399999,17.1385098,0.0210457053,0,zr,167.6085659,19.207092400000001,0.405999988,0.0170000009,20181212543576,573,0xa,0x4,21.2700005,26.2424679,0.0245707072,0.127499998,2.0076317e-05,30,1.04299998,1
573210400005597,71354006,2458468.0414142483,58467.540069399998,17.1507664,0.0211738963,0,zr,167.60854219999999,19.207089,0.786000013,-0.0350000001,20181215540069,573,0xa,0x4,21.0799999,26.1117668,0.0299208369,0.114997454,2.95769823e-05,30,1.04100001,1
573210400005597,71854479,2458473.0466121542,58472.544791699998,17.1727448,0.0214077905,0,zr,167.60850569999999,19.207068899999999,2.49900007,-0.0240000002,20181220544780,573,0xa,0x4,21.1299992,26.3108845,0.0199593473,0.0860532597,1.35267474e-05,30,1.03900003,1
573210400005597,72244694,2458476.949126902,58476.446944399999,17.1579437,0.0212497078,0,zr,167.60855119999999,19.207079499999999,0.579999983,-0.0289999992,20181224446944,573,0xa,0x4,20.5499992,26.2199841,0.0308491215,0.116099633,3.2566255e-05,30,1.16199994,1
573210400005597,72250318,2458477.0053705787,58476.5031829,17.1985683,0.0216893181,0,zr,167.60855939999999,19.207068899999999,0.416000009,-0.023,20181224503171,573,0xa,0x4,20.9699993,26.2827511,0.0242115315,0.113767587,1.96208202e-05,30,1.04900002,1
573210400005597,72747254,2458481.975181059,58481.4725463,17.1681023,0.0213579424,0,zr,167.6085277,19.207081800000001,0.367000014,0.00899999961,20181229472535,573,0xa,0x4,20.6100006,26.2650585,0.0280426387,0.107207604,2.61730402e-05,30,1.06900001,1
573210400005597,72750215,2458482.0047901771,58481.5021528,17.1735458,0.0214164164,0,zr,167.60852389999999,19.207071899999999,0.419,-0.0160000008,20181229502141,573,0xa,0x4,20.9400005,26.2575397,0.024426477,0.117041022,1.94472486e-05,30,1.04100001,1
573210400005597,73248170,2458486.9847678873,58486.4817014,17.1741753,0.0214231964,0,zr,167.60853800000001,19.2070629,0.363999993,0.0399999991,20190103481690,573,0xa,0x4,21.5400009,26.2962475,0.0264551956,0.108859122,2.31943759e-05,30,1.04499996,1
573210400005597,73752790,2458492.0313836639,58491.527905100003,17.1525192,0.0211923551,0,zr,167.60853890000001,19.2070699,0.626999974,-0.0280000009,20190108527894,573,0xa,0x4,20.8500004,26.1256294,0.0258332491,0.0986464247,2.26394368e-05,30,1.06099999,1
573210400005597,73944238,2458493.9460124802,58493.442384299997,17.2305984,0.0220488366,0,zr,167.60854520000001,19.207055499999999,0.85799998,-0.0540000014,20190110442384,573,0xa,0x4,21.6700001,26.2847404,0.0224305019,0.105926655,1.68023489e-05,30,1.05999994,1
573210400005597,74851996,2458503.0242461888,58502.519965300002,17.1864147,0.021555908,0,zr,167.6085271,19.207076099999998,0.522000015,-0.0280000009,20190119519965,573,0xa,0x4,20.7000008,26.2604542,0.0274752118,0.115286916,2.51689471e-05,30,1.10099995,1
573210400005597,75150509,2458506.0095659378,58505.505092599997,17.1825352,0.0215136539,0,zr,167.6085152,19.2070036,0.815999985,-0.0160000008,20190122505081,573,0xa,0x4,19.0599995,26.2746696,0.0406403504,0.110636525,7.92865103e-05,30,1.08700001,1
573210400005597,75942343,2458513.9283628156,58513.423437500001,17.2173252,0.021898441,0,zr,167.6085497,19.207072400000001,0.954999983,0.0120000001,20190130423426,573,0xa,0x4,21.9500008,26.2305393,0.025857294,0.104804873,2.19919821e-05,30,1.03299999,1
573210400005597,76043694,2458514.9419210977,58514.436944399997,17.183115,0.0215199664,0,zr,167.6085477,19.207055799999999,1.00199997,-0.0260000005,20190131436944,573,0xa,0x4,21.2299995,25.9282913,0.0260813162,0.10670162,2.2434795e-05,30,1.03499997,1
573210400005597,80525325,2458559.7588372901,58559.253252299997,17.1494255,0.0211597923,0,zr,167.6085411,19.207069499999999,0.991999984,0.0370000005,20190317253218,573,0xa,0x4,20.7000008,26.2395058,0.0303040184,0.112775311,3.05593385e-05,30,1.074,1
573210400005597,81323381,2458567.7391636171,58567.233819399997,17.1758976,0.0214417614,0,zr,167.60853990000001,19.207064299999999,0.691999972,-0.0299999993,20190325233808,573,0xa,0x4,21.7199993,26.2019463,0.026989067,0.117544621,2.53081998e-05,30,1.07000005,1
573210400005597,81827616,2458572.7813102193,58572.276168999997,17.1805573,0.0214921813,0,zr,167.608543,19.207041700000001,1.16400003,-0.0340000018,20190330276169,573,0xa,0x4,21.0599995,25.8087196,0.0335456356,0.105059363,3.80201564e-05,30,1.03400004,1
573210400005597,82622829,2458580.7330438606,58580.228298599999,17.1623955,0.0212970003,0,zr,167.60853259999999,19.207053899999998,0.66900003,-0.0590000004,20190407227951,573,0xa,0x4,21.3899994,26.2125359,0.0228326805,0.118943229,1.7545839e-05,30,1.03699994,1
573210400005597,82925916,2458583.7637380348,58583.259166700002,17.1871719,0.021564167,0,zr,167.60852840000001,19.207050800000001,0.689999998,0.0399999991,20190410259155,573,0xa,0x4,21.1700001,26.1984539,0.0251271054,0.114398383,2.11748666e-05,30,1.04200006,1
573210400005597,83221393,2458586.7183255353,58586.213935200001,17.1140671,0.0207947828,0,zr,167.6085405,19.207050299999999,0.842000008,0.0130000003,20190413213935,573,0xa,0x4,21.2099991,26.2011871,0.0269232038,0.111888826,2.39430628e-05,30,1.03600001,1
573210400005597,84015734,2458594.6612014575,58594.157349499998,17.2028465,0.0217366721,0,zr,167.60853560000001,19.2070595,0.448000014,-0.0140000004,20190421157350,573,0xa,0x4,21.2000008,26.2190361,0.0260691568,0.106848188,2.23636744e-05,30,1.074,1
573210400005597,84332949,2458597.833108204,58597.329490700002,17.1848297,0.0215386208,0,zr,167.60854090000001,19.207056699999999,0.377999991,-0.0309999995,20190424329479,573,0xa,0x4,21.0699997,26.1679153,0.0252168365,0.115216613,2.13676649e-05,30,1.40199995,1
573210400005597,84725664,2458601.759956914,58601.256643499997,17.1922531,0.0216197819,0,zr,167.60853499999999,19.207050800000001,1.05999994,-0.0189999994,20190428256644,573,0xa,0x4,21.5300007,26.2454929,0.0237398967,0.111678034,1.82830026e-05,30,1.11899996,1
573210400005597,85421503,2458608.7177753947,58608.215034699999,17.1998959,0.0217039958,0,zr,167.6085333,19.2070416,0.374000013,-0.00100000005,20190505215023,573,0xa,0x4,21.4200001,26.1779499,0.0249837805,0.116065636,2.07287903e-05,30,1.07099998,1
573210400005597,85819298,2458612.6953826416,58612.192986100003,17.2093697,0.021809265,0,zr,167.60853589999999,19.207046299999998,0.737999976,-0.0179999992,20190509192975,573,0xa,0x4,21.5300007,26.1624279,0.0235021971,0.117980525,1.84078781e-05,30,1.05499995,1
573210400005597,88018504,2458634.6854037959,58634.185046300001,17.185154,0.0215421543,0,zr,167.6085325,19.207036899999999,1.15900004,-0.00400000019,20190531185035,573,0xa,0x4,21.6399994,26.1442585,0.0246218517,0.117443532,2.0427713e-05,30,1.176,1
573210400005597,88317859,2458637.6786709493,58637.178599500003,17.1386547,0.0210472178,0,zr,167.60853510000001,19.207041799999999,0.681999981,0.0189999994,20190603178588,573,0xa,0x4,21.5100002,26.1377029,0.0253921263,0.114962563,2.17713277e-05,30,1.18200004,1
573210400005597,88622059,2458640.7203713041,58640.220590299999,17.2117805,0.0218362119,0,zr,167.6085435,19.207053399999999,0.437999994,-0.0120000001,20190606220590,573,0xa,0x4,20.9799995,26.1199093,0.0265689623,0.121848755,2.35404623e-05,30,1.46700001,1
573210400005597,89419702,2458648.6960521904,58648.197025499998,17.1321907,0.0209802315,0,zr,167.60853549999999,19.207029500000001,0.828000009,-0.0250000004,20190614197025,573,0xa,0x4,19.8600006,26.1362038,0.0406982452,0.118271515,5.65609007e-05,30,1.45299995,1
573210400005597,89723699,2458651.7357346597,58651.236990700003,17.2278614,0.0220176615,0,zr,167.60853220000001,19.2070556,0.819000006,-0.0410000011,20190617236991,573,0xa,0x4,20.1200008,26.1059914,0.0352896862,0.124451488,4.15762552e-05,30,2.06100011,1
573210400005597,90017584,2458654.6743191583,58654.175844899997,17.2111511,0.0218291692,0,zr,167.60854470000001,19.207049300000001,0.88499999,0.0419999994,20190620175833,573,0xa,0x4,20.7600002,26.1191959,0.0290019643,0.11934118,2.81211032e-05,30,1.41600001,1
573210400005597,90817828,2458662.676049225,58662.178287000002,17.2302608,0.0220449902,0,zr,167.60851310000001,19.207052699999998,0.523000002,0.00200000009,20190628178287,573,0xa,0x4,20.3999996,26.1494865,0.0306771044,0.115613937,3.17502709e-05,30,1.63800001,1
573210400005597,91517512,2458669.6723019243,58669.175127299997,17.1697903,0.021376038,0,zr,167.60851959999999,19.207055700000002,0.446999997,0.00400000019,20190705175116,573,0xa,0x4,20.4500008,26.1208191,0.0288713127,0.121628821,2.79222695e-05,30,1.84300005,1
573210400005597,101351954,2458768.0152070713,58767.519548600001,17.1913605,0.0216100048,0,zr,167.60851120000001,19.207034799999999,1.06099999,0.00800000038,20191011518924,573,0xa,0x4,19.9200001,25.963438,0.0433923118,0.139495179,6.28599591e-05,30,2.73000002,2
573210400005597,101352453,2458768.0201957696,58767.524536999998,17.2023792,0.0217314921,0,zr,167.6085415,19.207001300000002,0.574999988,-0.0149999997,20191011524433,573,0xa,0x4,19.7999992,25.9824677,0.0474834219,0.148474008,7.63620774e-05,30,2.56299996,2
573210400005597,101352953,2458768.0251960759,58767.529537000002,17.2219887,0.0219510496,0,zr,167.60846419999999,19.207027199999999,1.07500005,-0.0140000004,20191011529433,573,0xa,0x4,19.2900009,26.0190983,0.0467425399,0.111918591,8.97613281e-05,30,2.41599989,2
573210400005597,101353454,2458768.0302079772,58767.534548600001,17.2650223,0.0224483069,0,zr,167.60850170000001,19.207043800000001,0.950999975,-0.00899999961,20191011534433,573,0xa,0x4,18.9500008,26.0431767,0.0447713546,0.113172993,0.000103175153,30,2.28699994,2
573210400005597,101552163,2458770.0174114024,58769.521631900003,17.2227898,0.0219601132,0,zr,167.6085128,19.2070401,0.510999978,-0.00999999978,20191013521053,573,0xa,0x4,19.8500004,26.0118446,0.0424801558,0.131081626,6.1662271e-05,30,2.48600006,2
573210400005597,101552649,2458770.0222729067,58769.526493099998,17.1600723,0.0212722905,0,zr,167.60852779999999,19.207016800000002,0.63499999,0.00200000009,20191013526493,573,0xa,0x4,19.9300003,26.0080509,0.044379238,0.130874068,6.68396096e-05,30,2.352,2
573210400005597,101553136,2458770.0271458132,58769.531365700001,17.2161484,0.0218852069,0,zr,167.60852919999999,19.207013400000001,0.686999977,0.075000003,20191013531354,573,0xa,0x4,19.7999992,26.0661907,0.0403610617,0.1273987,5.56743871e-05,30,2.23200011,2
573210400005597,101553624,2458770.0320304213,58769.536249999997,17.2355461,0.0221054014,0,zr,167.60853280000001,19.207032600000002,0.44600001,-0.063000001,20191013536238,573,0xa,0x4,19.2700005,26.0406113,0.0395838059,0.12081489,6.26444016e-05,30,2.125,2
573210400005597,101752164,2458772.0175491115,58771.521643499997,17.1165485,0.0208199807,0,zr,167.60858469999999,19.207020199999999,1,0.0219999999,20191015521644,573,0xa,0x4,19.0599995,26.0235596,0.0507758185,0.140264079,0.000127570253,30,2.33599997,2
573210400005597,101752652,2458772.0224337354,58771.526527800001,17.1670437,0.0213466119,0,zr,167.6085137,19.207030700000001,0.57099998,0.0289999992,20191015526528,573,0xa,0x4,18.8299999,26.027113,0.0531573482,0.137825415,0.000156712122,30,2.21799994,2
573210400005597,101753141,2458772.0273182583,58771.531411999997,17.2277832,0.0220167655,0,zr,167.6084645,19.207037400000001,0.850000024,0.218999997,20191015531412,573,0xa,0x4,18.3199997,26.0619164,0.0545310974,0.110175394,0.000254677201,30,2.11199999,2
573210400005597,101753629,2458772.0322028794,58771.536296300001,17.1988182,0.0216920823,0,zr,167.60852059999999,19.207132699999999,0.588,0.00899999961,20191015536296,573,0xa,0x4,18.6499996,26.0689182,0.0473388135,0.125222355,0.000148633379,30,2.01699996,2
573210400005597,101953657,2458774.0326119177,58773.536574099999,17.1856613,0.0215476882,0,zr,167.60853130000001,19.207015999999999,0.537,-0.0170000009,20191017536562,573,0xa,0x4,19.9200001,26.0855465,0.0362600014,0.11985229,4.43203789e-05,30,1.91700006,2
573210400005597,102251479,2458777.0110340174,58776.514791699999,17.1681499,0.0213584546,0,zr,167.6085266,19.207015699999999,0.894999981,0.00999999978,20191020514792,573,0xa,0x4,19.8999996,26.0651722,0.0367137343,0.127659947,4.55005757e-05,30,2.17499995,1
573210400005597,102352874,2458778.0250643822,58777.528749999998,17.2124386,0.0218435787,0,zr,167.60853040000001,19.2069951,0.483999997,-0.0120000001,20191021528738,573,0xa,0x4,20.0499992,26.0913525,0.038328588,0.12380565,4.92966174e-05,30,1.86800003,2
573210400005597,102353353,2458778.0298448321,58777.533530100001,17.2670345,0.0224720854,0,zr,167.6085157,19.207018600000001,0.753000021,0.0149999997,20191021533530,573,0xa,0x4,20.1000004,26.0949993,0.0333599374,0.124360129,3.72173927e-05,30,1.79799998,2
573210400005597,102353831,2458778.034625276,58777.538310199998,17.2666397,0.0224674027,0,zr,167.60858139999999,19.2070224,0.759000003,-0.0299999993,20191021538299,573,0xa,0x4,19.4200001,26.1106014,0.0416484959,0.12749745,6.45344626e-05,30,1.73300004,2
573210400005597,102354309,2458778.0394057338,58777.543090300001,17.4164619,0.0243770126,0,zr,167.60845850000001,19.207098299999998,0.272000015,0.0659999996,20191021543090,573,0xa,0x4,18.5900002,26.1325359,0.0440329686,0.121296063,0.00011736327,30,1.67400002,2
573210400005597,103151616,2458786.0130910906,58785.516169000002,17.2000008,0.0217051562,0,zr,167.60852,19.2070261,0.776000023,-0.0309999995,20191029516169,573,0xa,0x4,20.7299995,26.0870819,0.0295207929,0.129718602,2.90874286e-05,30,1.73699999,1
573210400005597,103851844,2458793.015955958,58792.518449100004,17.1641273,0.021315461,0,zr,167.6085348,19.207023100000001,0.85799998,0.0439999998,20191105518438,573,0xa,0x4,20.8500004,26.0920525,0.0266229846,0.127422437,2.37388249e-05,30,1.50699997,1
573210400005597,104453635,2458799.034395366,58798.536354199998,17.1942348,0.0216415618,0,zr,167.60852629999999,19.207013,0.70599997,0.0109999999,20191111536354,573,0xa,0x4,20.2800007,26.1562366,0.0306706671,0.120792113,3.14626595e-05,30,1.273,1
573210400005597,105054958,2458805.0481816945,58804.549583300002,17.268364,0.0224878173,0,zr,167.6085266,19.2070288,0.653999984,-0.00600000005,20191117549572,573,0xa,0x4,20.3600006,26.1745148,0.0301142298,0.117485486,2.99453877e-05,30,1.15100002,1
573210400005597,105855254,2458813.0519125881,58812.552546300001,17.2486305,0.0222563669,0,zr,167.6084974,19.2070139,0.460000008,0.00300000003,20191125552546,573,0xa,0x4,20.6299992,26.1639061,0.0252173133,0.116811581,2.17652942e-05,30,1.08700001,1
573210400005597,107456519,2458829.0661316807,58828.565196800002,17.2304497,0.0220471378,0,zr,167.6085229,19.207020799999999,0.768999994,-0.0520000011,20191211565127,573,0xa,0x4,21.0300007,26.302681,0.0273414329,0.117088974,2.48825072e-05,30,1.03299999,1
573210400005597,107745638,2458831.9576040171,58831.456388899998,17.2146759,0.0218686685,0,zr,167.60853839999999,19.207061700000001,0.782000005,-0.00700000022,20191214456389,573,0xa,0x4,19.6399994,26.2968178,0.0413287692,0.114383101,5.88769362e-05,30,1.22500002,1
573210400005597,108248163,2458836.9833274861,58836.481631900002,17.2512207,0.0222864915,0,zr,167.6085143,19.207026599999999,0.842000008,-0.074000001,20191219481574,573,0xa,0x4,20.8099995,26.2905216,0.0237077363,0.11246594,1.88814683e-05,30,1.09800005,1
573210400005597,109246238,2458846.9649955621,58846.462384300001,17.2025108,0.0217329431,0,zr,167.60851009999999,19.207001999999999,0.782999992,0.0299999993,20191229462373,573,0xa,0x4,21.3099995,26.3207741,0.0283330977,0.108836606,2.69499124e-05,30,1.08200002,1
573210400005597,109545260,2458849.9554762826,58849.4526042,17.1397934,0.0210590567,0,zr,167.60849830000001,19.206999400000001,0.671999991,-0.0379999988,20200101452604,573,0xa,0x4,21.1900005,26.3049011,0.0244288165,0.11016237,2.00628128e-05,30,1.08500004,1
573210400005597,109845759,2458852.9607191565,58852.457592600003,17.1542358,0.0212104674,0,zr,167.60851769999999,19.206992,0.704999983,-0.0109999999,20200104457176,573,0xa,0x4,21.7700005,26.3412476,0.0333277285,0.0996271521,3.68635483e-05,30,1.06200004,1
573210400005597,110153771,2458856.0410986189,58855.5377199,17.2680626,0.0224842466,0,zr,167.60851959999999,19.207009599999999,0.600000024,-0.0370000005,20200107537708,573,0xa,0x4,21.2700005,26.3092575,0.0241708681,0.113105692,1.92403604e-05,30,1.07000005,1
573210400005597,110533547,2458859.8391509536,58859.335474500003,17.1990414,0.0216945447,0,zr,167.60847759999999,19.207018000000001,0.957000017,0.0109999999,20200111335417,573,0xa,0x4,19.8299999,26.2491684,0.0376730822,0.122276977,4.68584985e-05,30,1.50800002,1
573210400005597,111033886,2458864.842910477,58864.338865700003,17.1813469,0.0215007607,0,zr,167.6085175,19.207020700000001,0.954999983,-0.0280000009,20200116338866,573,0xa,0x4,21.0599995,26.2694168,0.0261175428,0.115478858,2.26973043e-05,30,1.375,1
573210400005597,111335633,2458867.8605836444,58867.356331000003,17.2030582,0.0217390135,0,zr,167.6085228,19.207030400000001,0.629999995,0.00400000019,20200119356331,573,0xa,0x4,20.7900009,26.2811203,0.0287816282,0.125309229,2.74774284e-05,30,1.23199999,1
573210400005597,111748636,2458871.9908840884,58871.486365700002,17.2462921,0.0222292524,0,zr,167.60851120000001,19.207003700000001,0.603999972,0.00100000005,20200123486366,573,0xa,0x4,20.75,26.3073311,0.0300592948,0.11198809,2.95021291e-05,30,1.05900002,3
573210400005597,111748728,2458871.9917985443,58871.487280100002,17.2113152,0.0218310114,0,zr,167.60851600000001,19.207016800000002,0.324999988,-0.00200000009,20200123487269,573,0xa,0x4,20.7999992,26.3083324,0.0293112528,0.112282343,2.8330729e-05,30,1.05999994,1
573210400005597,112332577,2458877.8306298414,58877.325775500001,17.2166119,0.0218904186,0,zr,167.6085344,19.207021699999999,0.656000018,-0.0240000002,20200129325764,573,0xa,0x4,20.7800007,26.2606983,0.0280554015,0.124084286,2.57488027e-05,30,1.24800003,1
573210400005597,112633827,2458880.8432839704,58880.338275499998,17.157917,0.0212494172,0,zr,167.60851840000001,19.207013499999999,0.853999972,-0.0240000002,20200201338264,573,0xa,0x4,21,26.2838173,0.0265243538,0.117438629,2.35868429e-05,30,1.16400003,1
573210400005597,112950496,2458884.0101210866,58883.504965300002,17.1443443,0.0211065337,0,zr,167.60847849999999,19.207013199999999,0.819999993,0.00700000022,20200204504954,573,0xa,0x4,19.9200001,26.2437534,0.0354183726,0.128530666,4.09283384e-05,30,1.18499994,1
573210400005597,113229614,2458886.8014186262,58886.296145799999,17.133585,0.0209946465,0,zr,167.60852890000001,19.207005800000001,1.03299999,0.0109999999,20200207296146,573,0xa,0x4,20.6200008,26.2944851,0.0306178387,0.111367688,3.12079792e-05,30,1.273,1
573210400005597,113731980,2458891.8252558499,58891.3198032,17.1521702,0.0211886726,0,zr,167.60850479999999,19.207011099999999,0.620999992,-0.0329999998,20200212319792,573,0xa,0x4,20.4300003,26.3132915,0.0290934201,0.107640885,2.85612732e-05,30,1.12800002,1
573210400005597,114027501,2458894.7805510308,58894.275011600002,17.1591835,0.0212628618,0,zr,167.6085104,19.2070112,1.10699999,-0.108000003,20200215275012,573,0xa,0x4,21.3799992,26.2704449,0.0255309269,0.113042198,2.20629518e-05,30,1.26900005,1
573210400005597,114433862,2458898.8442580453,58898.338622700001,17.1856022,0.02154704,0,zr,167.60851550000001,19.2070024,0.749000013,-0.0140000004,20200219338611,573,0xa,0x4,21.6800003,26.2965069,0.0265573692,0.106106818,2.3704737e-05,30,1.05299997,1
573210400005597,114531930,2458899.8249599449,58899.319305600002,17.1594009,0.021265164,0,zr,167.6085185,19.207002500000002,0.750999987,0.0370000005,20200220319294,573,0xa,0x4,21.4899998,26.2984028,0.0272146929,0.106689833,2.4699104e-05,30,1.079,1
573210400005597,114533214,2458899.837795788,58899.3321412,17.1472664,0.0211371295,0,zr,167.60852009999999,19.206999700000001,0.428000003,0.00999999978,20200220332141,573,0xa,0x4,21.6499996,26.292284,0.0282976273,0.113309301,2.65234939e-05,30,1.05799997,1
573210400005597,114626973,2458900.775404992,58900.2697338,17.171875,0.0213984307,0,zr,167.6085071,19.207007999999998,0.632000029,-0.00400000019,20200221269722,573,0xa,0x4,21.1700001,26.2647438,0.0229559876,0.114422038,1.77993788e-05,30,1.21700001,1
573210400005597,114939612,2458903.9018386463,58903.396122700004,17.1624794,0.0212978888,0,zr,167.6085099,19.206994000000002,1.66700006,0.0320000015,20200224396100,573,0xa,0x4,21.4200001,26.302578,0.0267370399,0.106991939,2.42214774e-05,30,1.05499995,1
573210400005597,115024790,2458904.753630308,58904.247905099997,17.2341404,0.0220893044,0,zr,167.608507,19.207001099999999,0.317000002,0.00700000022,20200225247894,573,0xa,0x4,21.2399998,26.2511921,0.0248042215,0.112582773,2.02851115e-05,30,1.26800001,1
573210400005597,115124807,2458905.7538132593,58905.248078700002,17.1739998,0.0214212947,0,zr,167.6085243,19.207027499999999,1.30700004,0.0219999999,20200226248079,573,0xa,0x4,20.8199997,26.2609863,0.0276002903,0.120672084,2.53318703e-05,30,1.25399995,1
573210400005597,115222946,2458906.7352096643,58906.229467600002,17.2004375,0.0217099804,0,zr,167.60850070000001,19.2070002,0.623000026,0.0130000003,20200227229352,573,0xa,0x4,20.75,26.2544422,0.0270262267,0.117734753,2.44026942e-05,30,1.34099996,1
573210400005597,115531800,2458909.8237643708,58909.318009299997,17.193058,0.0216286331,0,zr,167.60850640000001,19.2069896,0.601000011,-0.0309999995,20200301318009,573,0xa,0x4,21.2700005,26.2900677,0.0297983922,0.118229136,2.93669818e-05,30,1.04400003,1
573210400005597,115724857,2458911.7543312963,58911.248576400001,17.2186165,0.0219129939,0,zr,167.60852220000001,19.207038399999998,1.33899999,0.00200000009,20200303248576,573,0xa,0x4,20.0300007,26.2468204,0.0358025841,0.116469964,4.30516775e-05,30,1.18200004,1
573210400005597,115840140,2458912.907152317,58912.401400499999,17.2434464,0.0221963152,0,zr,167.60851479999999,19.207017,0.587000012,0.0520000011,20200304401389,573,0xa,0x4,21.0100002,26.2649937,0.0243796427,0.118159533,1.93226042e-05,30,1.11000001,1
573210400005597,115923333,2458913.7390814619,58913.233333299999,17.1821327,0.0215092897,0,zr,167.6085171,19.207004699999999,0.749000013,-0.00100000005,20200305233322,573,0xa,0x4,20.8500004,26.2199249,0.025777068,0.118926644,2.21020127e-05,30,1.22099996,1
573210400005597,116137262,2458915.8783608112,58915.372627299999,17.1988525,0.021692453,0,zr,167.60851109999999,19.2069872,0.772000015,0.0390000008,20200307372604,573,0xa,0x4,20.6100006,26.3119602,0.0438336395,0.112935118,6.31777802e-05,30,1.06799996,1
573210400005597,118520533,2458939.7104008328,58939.205335600003,17.2435875,0.0221979544,0,zr,167.60850550000001,19.2070021,0.685000002,0.00100000005,20200331205336,573,0xa,0x4,21.25,26.2408161,0.0239165947,0.117984727,1.91118743e-05,30,1.08800006,1
573210400005597,118522211,2458939.7271825564,58939.222118099999,17.2304649,0.0220473148,0,zr,167.60849020000001,19.207018099999999,0.654999971,0.0529999994,20200331222106,573,0xa,0x4,20.7600002,26.0186672,0.0287792608,0.11250329,2.70483451e-05,30,1.05900002,1
573210400005597,120023317,2458954.7373829996,58954.233171300002,17.193058,0.0216286331,0,zr,167.6085023,19.207000399999998,0.776000023,-0.0610000007,20200415233171,573,0xa,0x4,21.3999996,26.2522144,0.0272627454,0.11264582,2.48930919e-05,30,1.03499997,1
573210400005597,120825361,2458962.7572538024,58962.253611100001,17.2373886,0.0221265461,0,zr,167.60850450000001,19.207005500000001,0.472000003,-0.00200000009,20200423253611,573,0xa,0x4,21.4099998,26.2662888,0.0260620899,0.112846822,2.23599745e-05,30,1.08500004,1
573210400005597,121420833,2458968.7115107556,58968.208333299997,17.2012329,0.0217187814,0,zr,167.6085013,19.206987699999999,0.587000012,-0.0209999997,20200429208333,573,0xa,0x4,21.5400009,26.3200321,0.024904836,0.11176119,2.04916196e-05,30,1.04400003,1
573210400005597,121927381,2458973.7765767071,58973.273819399998,17.201395,0.0217205789,0,zr,167.60849250000001,19.207011099999999,0.592999995,-0.0529999994,20200504273669,573,0xa,0x4,20.0200005,26.2701149,0.0377863608,0.127291664,4.7035388e-05,30,1.24699998,1
573210400005597,122623353,2458980.7356800172,58980.233530099998,17.1422424,0.0210845731,0,zr,167.6085071,19.206985899999999,1.03799999,0.00200000009,20200511233530,573,0xa,0x4,21.9599991,26.2899437,0.0273447018,0.110972419,2.48473352e-05,30,1.16199994,1
573210400005597,123822203,2458992.7230807375,58992.222037,17.1928864,0.0216267463,0,zr,167.60850120000001,19.206995299999999,0.819999993,-0.0289999992,20200523222025,573,0xa,0x4,21.5400009,26.2677917,0.0247512795,0.117163122,2.03227773e-05,30,1.24699998,1
573210400005597,124122797,2458995.7287333771,58995.227974499998,17.2297821,0.0220395252,0,zr,167.60850529999999,19.2069835,0.89200002,-0.0719999969,20200526227975,573,0xa,0x4,21.3099995,26.2568703,0.0257837288,0.117187098,2.20497295e-05,30,1.32200003,1
573210400005597,124722829,2459001.728485269,59001.228298599999,17.2597294,0.0223859884,0,zr,167.60852370000001,19.2069796,0.435000002,-0.0140000004,20200601228299,573,0xa,0x4,20,26.0543747,0.0388253108,0.109293178,5.01500945e-05,30,1.43599999,1
573210400005597,125723922,2459011.7384594805,59011.239224500001,17.2289619,0.0220301822,0,zr,167.6085009,19.206992499999998,1.35399997,0.0250000004,20200611239225,573,0xa,0x4,20.7999992,26.1706734,0.031146789,0.123170979,3.21636908e-05,30,1.852,1
573210400005597,126022167,2459014.7206334993,59014.221678200003,17.2294502,0.0220357515,0,zr,167.60850479999999,19.206976999999998,0.540000021,-0.00400000019,20200614221678,573,0xa,0x4,21.1000004,26.2843018,0.0242635217,0.115956061,1.93438646e-05,30,1.72300005,1
573210400005597,126422777,2459018.7263622303,59018.227777799999,17.21838,0.0219103228,0,zr,167.60851389999999,19.206973600000001,0.616999984,0.00300000003,20200618227778,573,0xa,0x4,20.6299992,26.2410336,0.0347165391,0.115054749,3.97247895e-05,30,1.97800004,1
573210400005597,128817611,2459042.6726845335,59042.176111100001,17.1926117,0.0216237232,0,zr,167.60851439999999,19.206977899999998,0.944000006,-0.0289999992,20200712176042,573,0xa,0x4,20.5799999,26.1094437,0.0325953439,0.111389071,3.52527859e-05,30,2.26300001,2
573210400005597,128818103,2459042.6776031642,59042.1810301,17.1782341,0.0214670133,0,zr,167.60851579999999,19.206968100000001,0.707000017,0.0460000001,20200712180961,573,0xa,0x4,20.6800003,26.0891647,0.0276661403,0.119937226,2.54527877e-05,30,2.38700008,2
573210400005597,128818594,2459042.6825217935,59042.1859491,17.1323204,0.0209815726,0,zr,167.60850819999999,19.206987600000001,0.479000002,-0.0700000003,20200712185880,573,0xa,0x4,20.6700001,26.0892696,0.0324059241,0.119455792,3.48715184e-05,30,2.52800012,2
573210400005597,128819086,2459042.6874404233,59042.190868099999,17.1776485,0.0214606803,0,zr,167.60850360000001,19.206993600000001,1.17999995,-0.0450000018,20200712190799,573,0xa,0x4,20.5599995,26.0506973,0.0339303352,0.125054449,3.79026242e-05,30,2.68700004,2
573210400005597,129017472,2459044.6711497866,59044.174722199998,17.2231331,0.0219639968,0,zr,167.60851009999999,19.206978500000002,1.00399995,0.0240000002,20200714174676,573,0xa,0x4,20.2999992,26.2100697,0.034770444,0.116300322,4.03166414e-05,30,2.36500001,2
573210400005597,129017969,2459044.6761263204,59044.179699100001,17.2371483,0.022123782,0,zr,167.6084793,19.206972199999999,1.01600003,-0.00499999989,20200714179653,573,0xa,0x4,20.4599991,26.1942329,0.0313310623,0.124793783,3.28077185e-05,30,2.50399995,2
573210400005597,129018468,2459044.6811143565,59044.184687499997,17.2299881,0.0220418759,0,zr,167.60848870000001,19.206981299999999,0.368000001,0.0289999992,20200714184630,573,0xa,0x4,20.6800003,26.1701221,0.0277335718,0.121411346,2.54213737e-05,30,2.66199994,2
573210400005597,129018966,2459044.6860908945,59044.189664400001,17.2561283,0.0223437734,0,zr,167.60851690000001,19.2069887,0.702000022,-0.0390000008,20200714189618,573,0xa,0x4,20.2600002,26.1683292,0.0334039219,0.124713756,3.7665257e-05,30,2.84299994,2
573210400005597,138151871,2459136.0145408055,59135.518715300001,17.2267189,0.0220046639,0,zr,167.60850310000001,19.206955000000001,0.808000028,-0.0359999985,20201013518681,573,0xa,0x4,20.6000004,26.1237888,0.0292958301,0.13570337,2.85619262e-05,30,2.51699996,2
573210400005597,138152347,2459136.019298011,59135.523472200002,17.2390823,0.0221460164,0,zr,167.6084874,19.206966000000001,0.81400001,0.0599999987,20201013523438,573,0xa,0x4,20.5,26.1461678,0.0311706048,0.126232773,3.18896055e-05,30,2.38199997,2
573210400005597,138152822,2459136.0240553129,59135.528229199997,17.2405205,0.022162566,0,zr,167.60852410000001,19.206958400000001,0.675000012,-0.061999999,20201013528194,573,0xa,0x4,20.4799995,26.1676064,0.0320953391,0.12438073,3.41356499e-05,30,2.26200008,2
573210400005597,138153298,2459136.0288125183,59135.532986099999,17.1889763,0.0215838943,0,zr,167.6085042,19.206972,0.588,-0.0280000009,20201013532951,573,0xa,0x4,20.2700005,26.1840115,0.0340445191,0.125209138,3.82145481e-05,30,2.15499997,2
573210400005597,138153774,2459136.0335698221,59135.537743100002,17.2483101,0.0222526435,0,zr,167.60850060000001,19.206960299999999,1.403,-0.0759999976,20201013537708,573,0xa,0x4,19.6900005,26.199398,0.0437342972,0.123605706,6.53851821e-05,30,2.05800009,2
573210400005597,138352201,2459138.0179677182,59137.522013900001,17.2502518,0.0222752094,0,zr,167.60850919999999,19.206954499999998,0.419,0.0379999988,20201015522002,573,0xa,0x4,20.7399998,25.9802341,0.0268507767,0.133401528,2.35015086e-05,30,2.27999997,2
573210400005597,138352671,2459138.0226671309,59137.526712999999,17.2435837,0.0221979134,0,zr,167.6085104,19.2069598,0.533999979,-0.0590000004,20201015526713,573,0xa,0x4,20.7999992,25.9985695,0.0291621722,0.12038818,2.78878069e-05,30,2.17199993,2
573210400005597,138353142,2459138.0273780446,59137.531423599998,17.2111435,0.021829091,0,zr,167.60849329999999,19.206959600000001,0.400999993,0.023,20201015531424,573,0xa,0x4,20.7099991,26.0160961,0.0286934376,0.136726871,2.65990529e-05,30,2.07500005,2
573210400005597,138353613,2459138.0320890578,59137.536134299997,17.2137833,0.0218586493,0,zr,167.6085037,19.206965799999999,0.829999983,-0.0719999969,20201015536134,573,0xa,0x4,20.3299999,26.0567474,0.0419715308,0.122569978,5.74657424e-05,30,1.98599994,2
573210400005597,138552090,2459140.0169897205,59139.520902800003,17.1604538,0.0212763436,0,zr,167.6085009,19.206932999999999,0.591000021,0.00100000005,20201017520903,573,0xa,0x4,20.8199997,25.7982216,0.0305651296,0.130321428,3.18013044e-05,30,2.18000007,2
573210400005597,138552564,2459140.0217353492,59139.525648100003,17.177166,0.0214554612,0,zr,167.6085004,19.206958100000001,0.59799999,-0.0590000004,20201017525648,573,0xa,0x4,20.7299995,25.8349342,0.0298845433,0.137138069,3.025968e-05,30,2.08100009,2
573210400005597,138553040,2459140.0264926753,59139.530405099998,17.1844025,0.0215339772,0,zr,167.60850160000001,19.206912599999999,0.595000029,-0.057,20201017530405,573,0xa,0x4,20.6299992,25.8741131,0.036460977,0.127747968,4.5819037e-05,30,1.99100006,2
573210400005597,138752145,2459142.0176833519,59141.521458299998,17.1925011,0.021622505,0,zr,167.6084985,19.2069498,1.15999997,0.0460000001,20201019521458,573,0xa,0x4,20.9799995,26.2113419,0.0241900962,0.122662932,1.87279511e-05,30,2.05599999,2
573210400005597,138752618,2459142.022405989,59141.526180599998,17.1782475,0.0214671679,0,zr,167.60851339999999,19.2069683,0.728999972,0.0410000011,20201019526181,573,0xa,0x4,20.8700008,26.2131042,0.0270880759,0.12025328,2.34461968e-05,30,1.96899998,2
573210400005597,138753091,2459142.027140127,59141.530914399998,17.1519051,0.0211858861,0,zr,167.6085114,19.206971800000002,1.324,0.0240000002,20201019530914,573,0xa,0x4,20.9099998,26.2187653,0.0283931177,0.121360838,2.58267992e-05,30,1.88999999,2
573210400005597,138753563,2459142.031862665,59141.535636599998,17.1796665,0.0214825291,0,zr,167.6084936,19.206967200000001,0.558000028,-0.0120000001,20201019535637,573,0xa,0x4,20.75,26.2355862,0.0284613222,0.103177629,2.58792315e-05,30,1.81900001,2
573210400005597,138754035,2459142.0365852029,59141.540358799997,17.1372147,0.021032257,0,zr,167.6084682,19.2069546,0.953000009,-0.0430000015,20201019540359,573,0xa,0x4,20.0599995,26.2491207,0.0312474892,0.103754088,3.13340497e-05,30,1.75300002,2
573210400005597,138952444,2459144.0208124998,59143.524444399998,17.2234821,0.0219679531,0,zr,167.60851030000001,19.206954,0.713,-0,20201021524444,573,0xa,0x4,21.1299992,26.2266464,0.029773375,0.127458215,2.93206267e-05,30,1.90100002,2
573210400005597,138952912,2459144.0254888455,59143.529120400002,17.2292175,0.0220330879,0,zr,167.60848970000001,19.206955300000001,0.708999991,-0.0370000005,20201021529109,573,0xa,0x4,21.2600002,26.2424221,0.0273082275,0.117416814,2.47672706e-05,30,1.829,2
573210400005597,138953378,2459144.0301534892,59143.533784699997,17.2203484,0.0219325144,0,zr,167.60849440000001,19.206969300000001,0.449000001,0.0450000018,20201021533785,573,0xa,0x4,21.1800003,26.2455826,0.0260277968,0.114143178,2.22924155e-05,30,1.76400006,2
573210400005597,138953847,2459144.0348413344,59143.538472200002,17.2261696,0.021998439,0,zr,167.6084846,19.206955099999998,0.917999983,0.063000001,20201021538472,573,0xa,0x4,20.8500004,26.2594376,0.0264828429,0.111953475,2.30761434e-05,30,1.704,2
573210400005597,138954314,2459144.0395175773,59143.543148099998,17.2238369,0.0219719782,0,zr,167.6085147,19.206959900000001,0.907999992,-0.0860000029,20201021543137,573,0xa,0x4,20.3500004,26.2451286,0.029136993,0.122334063,2.73878595e-05,30,1.648,2
573210400005597,139654634,2459151.0432470576,59150.546342599999,17.2219105,0.0219501741,0,zr,167.60847960000001,19.206980900000001,0.676999986,-0.0410000011,20201028546343,573,0xa,0x4,19.8400002,26.3232231,0.0368621685,0.113360554,4.65024714e-05,30,1.43799996,1
573210400005597,139849215,2459152.9892146951,59152.492152799998,17.1914215,0.0216106698,0,zr,167.6084961,19.206985400000001,0.374000013,-0.00200000009,20201030492153,573,0xa,0x4,19.4200001,26.2565193,0.0415374786,0.127620742,6.53591924e-05,30,2.03600001,1
573210400005597,140148758,2459155.9848921979,59155.487581000001,17.1445732,0.0211089291,0,zr,167.608495,19.2069428,0.419999987,-0.0209999997,20201102487569,573,0xa,0x4,20.6800003,26.2464027,0.0343668796,0.112434745,3.91404647e-05,30,1.97000003,1
573210400005597,140254719,2459157.0446004411,59156.547199100001,17.2333107,0.0220798105,0,zr,167.6085052,19.206944700000001,0.386999995,-0.0270000007,20201103546724,573,0xa,0x4,20.7399998,26.3262978,0.0334467888,0.107518487,3.74743431e-05,30,1.32099998,1
573210400005597,140453076,2459159.0283363787,59158.530763900002,17.2446423,0.0222101491,0,zr,167.60847430000001,19.206944499999999,0.699000001,-0.0189999994,20201105530752,573,0xa,0x4,20,25.9838448,0.039077308,0.121449165,5.0503877e-05,30,1.39199996,1
573210400005597,141149350,2459165.9917035578,59165.493506899998,17.2119789,0.0218384415,0,zr,167.60848780000001,19.206958400000001,0.635999978,0.0160000008,20201112493507,573,0xa,0x4,21.2900009,26.3002968,0.0225943718,0.118843198,1.70264957e-05,30,1.53999996,1
573210400005597,141454003,2459169.0385143938,59168.540034700003,17.1714554,0.0213939231,0,zr,167.60849640000001,19.206955600000001,0.619000018,-0.0350000001,20201115540035,573,0xa,0x4,21.3099995,26.3449688,0.0244731195,0.116561659,1.91620293e-05,30,1.19700003,1
573210400005597,141654157,2459171.0402424028,59170.541574100003,17.1857338,0.0215484835,0,zr,167.6084965,19.2069279,0.643999994,-0.0329999998,20201117541574,573,0xa,0x4,21.1100006,26.3427658,0.0259112269,0.110224031,2.25785134e-05,30,1.16999996,1
573210400005597,142654509,2459181.0447262134,59180.545092599998,17.2331276,0.0220777094,0,zr,167.6084529,19.206958700000001,1.22000003,-0.0350000001,20201127545093,573,0xa,0x4,19.5300007,26.3403492,0.0420076549,0.13186042,5.88097137e-05,30,1.08599997,1
573210400005597,142848724,2459182.9870691639,59182.4872454,17.1262512,0.0209190845,0,zr,167.60847319999999,19.206935600000001,1.24899995,-0.00700000022,20201129487211,573,0xa,0x4,20.2900009,26.3177681,0.030138135,0.123780951,2.91505785e-05,30,1.26100004,1
573210400005597,143049422,2459184.9942452223,59184.494224499998,17.1694412,0.0213722903,0,zr,167.60849479999999,19.206920499999999,0.68599999,-0.0329999998,20201201494109,573,0xa,0x4,20.8099995,26.335886,0.0290933494,0.107230008,2.76176925e-05,30,1.20500004,2
573210400005597,143152653,2459186.0266615399,59185.526539400002,17.2089996,0.0218051281,0,zr,167.60848949999999,19.206938999999998,0.564999998,0.050999999,20201202526539,573,0xa,0x4,20.9400005,26.3525143,0.0308330432,0.108820386,3.11317563e-05,30,1.097,1
573210400005597,143152747,2459186.0275991326,59185.527476900003,17.218853,0.0219156537,0,zr,167.6084999,19.2069586,0.671999991,-0.0579999983,20201202527477,573,0xa,0x4,20.8099995,26.3433895,0.0259404592,0.112999491,2.17309389e-05,30,1.09500003,2
573210400005597,143348931,2459187.9896320389,59187.4893171,17.1100311,0.0207539592,0,zr,167.60848290000001,19.2069078,0.606000006,0.00600000005,20201204489317,573,0xa,0x4,19.8899994,26.3417034,0.0366495065,0.122059055,4.40914337e-05,30,1.19200003,2
573210400005597,143349025,2459187.9905696297,59187.490254600001,17.1416492,0.0210783929,0,zr,167.60851890000001,19.206941100000002,0.89200002,-0.0160000008,20201204490255,573,0xa,0x4,19.9799995,26.3563137,0.0346272513,0.115447976,3.91491594e-05,30,1.18900001,1
573210400005597,143438393,2459188.884337896,59188.3839352,17.1316299,0.0209744498,0,zr,167.60846760000001,19.207007900000001,0.246999994,0.023,20201205383935,573,0xa,0x4,19.6700001,26.2398186,0.0626085028,0.137327731,0.000133966358,30,2.24499989,2
573210400005597,144051892,2459195.019926392,59194.518923600001,17.1926708,0.0216243789,0,zr,167.6085046,19.206944499999999,0.352999985,-0.00800000038,20201211518924,573,0xa,0x4,21.1800003,26.3274345,0.0238649193,0.122113816,1.84685687e-05,30,1.06500006,1
573210400005597,144448331,2459198.9846961093,59198.483310199998,17.1815605,0.021503076,0,zr,167.60846069999999,19.206959600000001,0.510999978,-0.00800000038,20201215483299,573,0xa,0x4,20.6900005,26.347105,0.0296752248,0.113042049,2.84452362e-05,30,1.11500001,1
573210400005597,144651790,2459201.0194854559,59200.517905100001,17.177702,0.0214612614,0,zr,167.60849809999999,19.2069574,0.68900001,-0.0500000007,20201217517905,573,0xa,0x4,20.3899994,25.8554592,0.0297409706,0.117886834,2.85979277e-05,30,1.046,1
573210400005597,144948334,2459203.9852052741,59203.4833449,17.1682682,0.0213597175,0,zr,167.60846849999999,19.2069352,0.305000007,0,20201220483345,573,0xa,0x4,21.1399994,26.3440762,0.0263229068,0.117402717,2.19407775e-05,30,1.08399999,1
573210400005597,146144310,2459215.9460366694,59215.443101899997,17.1694183,0.02137205,0,zr,167.60850919999999,19.206930499999999,0.990999997,-0.0289999992,20210101443102,573,0xa,0x4,20.0300007,26.3193054,0.0358729102,0.114747733,4.10196189e-05,30,1.10000002,1
573210400005597,146547694,2459219.980216288,59219.476944399998,17.1675358,0.0213518795,0,zr,167.6084966,19.206918300000002,0.509000003,0,20210105476944,573,0xa,0x4,20.7600002,26.3403168,0.0270696357,0.116941012,2.37846834e-05,30,1.03699994,1
573210400005597,146744618,2459221.9496115083,59221.446180600004,17.2091064,0.0218063239,0,zr,167.60849210000001,19.206921000000001,0.546000004,-0.0240000002,20210107446181,573,0xa,0x4,21.0300007,26.2308998,0.0268733986,0.115669429,2.36920841e-05,30,1.06299996,1
573210400005597,146946282,2459223.9664138216,59223.462824100003,17.2124481,0.0218436848,0,zr,167.60847870000001,19.206937,0.652999997,-0.0240000002,20210109462824,573,0xa,0x4,20.8799992,26.348196,0.0252224281,0.112411164,2.06454224e-05,30,1.03900003,1
573210400005597,147141305,2459225.9167947806,59225.413055600002,17.1681175,0.0213581119,0,zr,167.60848910000001,19.206938699999998,0.52700001,-0.0350000001,20210111413056,573,0xa,0x4,21.1700001,26.2835007,0.024310777,0.111995518,1.93939995e-05,30,1.10699999,1
573210400005597,147543670,2459229.9407354151,59229.436701400002,17.238039,0.0221340097,0,zr,167.60850719999999,19.206932200000001,1.227,0.00300000003,20210115436701,573,0xa,0x4,20.4899998,26.3326187,0.0311442968,0.118209146,3.08644121e-05,30,1.04799998,1
573210400005597,147746583,2459231.9700086722,59231.465833299997,17.2545471,0.0223252792,0,zr,167.60848419999999,19.206939800000001,0.638999999,-0.0289999992,20210117465833,573,0xa,0x4,21.8299999,26.3681583,0.0291489605,0.108638138,2.68689055e-05,30,1.03199995,1
573210400005597,149637783,2459250.8830607543,59250.377835599997,17.1615257,0.0212877374,0,zr,167.6084692,19.2069194,0.479999989,-0.00600000005,20210205377836,573,0xa,0x4,20.9899998,26.338316,0.027092196,0.119701467,2.34661511e-05,30,1.04900002,1
573210400005597,149831140,2459252.8167032832,59252.311400500002,17.2297039,0.0220386274,0,zr,167.60846989999999,19.206921699999999,0.921000004,-0.0350000001,20210207311366,573,0xa,0x4,21.3400002,26.3242817,0.0240420569,0.115292966,1.88243066e-05,30,1.19400001,1
573210400005597,150239958,2459256.9050307106,59256.399583300001,17.2095871,0.0218116902,0,zr,167.6084845,19.206926800000002,0.509000003,-0.0219999999,20210211399583,573,0xa,0x4,21.8899994,26.3774357,0.0331156254,0.105753705,3.54233343e-05,30,1.03299999,1
573210400005597,150434153,2459258.847045979,59258.341539399997,17.1898689,0.0215936489,0,zr,167.60849229999999,19.206924099999998,0.873000026,-0.0780000016,20210213341539,573,0xa,0x4,21.3099995,26.3224449,0.0220008381,0.110433154,1.55795915e-05,30,1.06900001,1
573210400005597,150834781,2459262.8534214781,59262.347812499997,17.2482338,0.0222517569,0,zr,167.60847219999999,19.206915200000001,0.79400003,-0.0769999996,20210217347812,573,0xa,0x4,21.5300007,26.3262215,0.0235831179,0.111121103,1.77803704e-05,30,1.04700005,1
573210400005597,151029644,2459264.8020958817,59264.296446799999,17.1737823,0.021418957,0,zr,167.6084822,19.206929500000001,0.524999976,-0.00700000022,20210219296447,573,0xa,0x4,20.9099998,26.343811,0.0239924137,0.113727428,1.82581916e-05,30,1.13399994,1
573210400005597,151050795,2459265.0136044133,59264.507951400003,17.1415672,0.0210775342,0,zr,167.6084821,19.2069218,1.13699996,0.00800000038,20210219507801,573,0xa,0x4,21.2399998,26.3304462,0.0255504418,0.111717001,2.09190384e-05,30,1.43700004,2
573210400005597,151050842,2459265.0140789216,59264.5084259,17.1586609,0.0212573074,0,zr,167.60848440000001,19.206920700000001,0.754999995,-0.0240000002,20210219508414,573,0xa,0x4,21.3799992,26.3435497,0.0297084395,0.106905624,2.83561931e-05,30,1.44099998,2
573210400005597,151050888,2459265.0145419296,59264.508888900004,17.1621933,0.0212948434,0,zr,167.60848609999999,19.206928600000001,0.720000029,-0.0480000004,20210219508889,573,0xa,0x4,21.1599998,26.3430862,0.0241646226,0.116015993,1.87130026e-05,30,1.44500005,2
573210400005597,151050936,2459265.015016438,59264.5093634,17.1624432,0.0212975089,0,zr,167.60848680000001,19.206925300000002,0.254999995,0.0149999997,20210219509363,573,0xa,0x4,21.3500004,26.3363304,0.0232594777,0.115058109,1.74236284e-05,30,1.44799995,2
573210400005597,151050982,2459265.0154794464,59264.509826399997,17.1508636,0.0211749114,0,zr,167.60849150000001,19.206923199999999,0.845000029,0.00300000003,20210219509826,573,0xa,0x4,21.2900009,26.3247433,0.0250421278,0.111490145,2.01946496e-05,30,1.45200002,2
573210400005597,151233206,2459266.8377444046,59266.332060200002,17.1959381,0.0216603111,0,zr,167.60848369999999,19.2069115,0.574999988,0.00899999961,20210221332060,573,0xa,0x4,20.2000008,26.3475647,0.0338674039,0.116633505,3.93123846e-05,30,1.05200005,1
573210400005597,151331887,2459267.8245760081,59267.3188773,17.1630936,0.0213044435,0,zr,167.60849769999999,19.206920100000001,0.750999987,0.00300000003,20210222318866,573,0xa,0x4,20.8600006,26.3517513,0.0246651638,0.116376109,2.12519572e-05,30,1.06599998,2
573210400005597,151340052,2459267.9062206401,59267.400520800002,17.2119675,0.0218383074,0,zr,167.60847860000001,19.206928300000001,0.944999993,-0.0419999994,20210222400498,573,0xa,0x4,20.9799995,26.3597126,0.027636217,0.115153849,2.62298217e-05,30,1.05599999,2
573210400005597,151426619,2459268.7719031638,59268.266192100004,17.1669083,0.0213451739,0,zr,167.6084688,19.206922800000001,0.47299999,-0.0450000018,20210223266076,573,0xa,0x4,20.8500004,26.3384552,0.0290866848,0.121613778,2.91532178e-05,30,1.20000005,2
573210400005597,151435393,2459268.8596473695,59268.353935200001,17.2377052,0.0221301746,0,zr,167.60847419999999,19.2069349,0.610000014,-0.0379999988,20210223353935,573,0xa,0x4,21.1200008,26.3534946,0.0279249102,0.115689538,2.6345504e-05,30,1.03299999,1
573210400005597,151435694,2459268.8626566059,59268.356944400002,17.2225723,0.0219576582,0,zr,167.60848669999999,19.2069279,0.861999989,-0.0529999994,20210223356944,573,0xa,0x4,21.1499996,26.3494301,0.026693495,0.119253896,2.44873063e-05,30,1.03199995,2
573210400005597,151531091,2459269.8166373898,59269.310914399997,17.1870155,0.0215624627,0,zr,167.6084841,19.206924799999999,1.00999999,-0.063000001,20210224310903,573,0xa,0x4,20.7299995,26.3385792,0.0261963587,0.117671862,2.34134131e-05,30,1.07000005,2
573210400005597,151537782,2459269.8835477987,59269.377824100004,17.2231617,0.0219643209,0,zr,167.6084899,19.206901800000001,0.976000011,-0,20210224377812,573,0xa,0x4,20.9400005,26.3040962,0.0392391719,0.104437262,5.24978641e-05,30,1.03900003,2
573210400005597,151630913,2459270.8148645405,59270.309131900001,17.1856346,0.0215473901,0,zr,167.60848050000001,19.2069151,0.977999985,-0.064000003,20210225309120,573,0xa,0x4,20.3299999,26.3291759,0.0328633711,0.128107056,3.73943658e-05,30,1.06799996,2
573210400005597,151633826,2459270.8439968051,59270.338263899997,17.1958427,0.0216592606,0,zr,167.60848010000001,19.206916700000001,0.54400003,-0.063000001,20210225338252,573,0xa,0x4,20.2900009,26.3327312,0.0333431065,0.117931165,3.78812547e-05,30,1.03699994,1
573210400005597,151635690,2459270.8626427702,59270.3569097,17.1762238,0.0214452893,0,zr,167.60846069999999,19.206933200000002,0.541000009,-0.0120000001,20210225356863,573,0xa,0x4,19.8400002,26.3331089,0.036670465,0.119942278,4.63306606e-05,30,1.03199995,2
573210400005597,152035944,2459274.8651989517,59274.359444399997,17.1248455,0.0209046695,0,zr,167.6084812,19.206912899999999,0.338,-0.00999999978,20210301359444,573,0xa,0x4,19.8199997,26.3325539,0.0373962149,0.128422752,4.77196481e-05,30,1.03600001,1
573210400005597,152041405,2459274.9198055412,59274.414050899999,17.2294998,0.0220363066,0,zr,167.60851790000001,19.206907900000001,0.307000011,-0.0109999999,20210301414016,573,0xa,0x4,19.4400005,26.3351307,0.0434730388,0.11594107,7.45910147e-05,30,1.11899996,2
573210400005597,152133935,2459275.8451075898,59275.339351900002,17.2194614,0.0219225083,0,zr,167.6084974,19.206934799999999,1.11000001,-0.0280000009,20210302339352,573,0xa,0x4,20.4500008,26.3370647,0.0328657143,0.119518086,3.66989843e-05,30,1.03199995,3
573210400005597,152233755,2459276.8433130826,59276.337557899999,17.2544365,0.0223239977,0,zr,167.60849690000001,19.206933500000002,0.944000006,-0.00499999989,20210303337546,573,0xa,0x4,20.6299992,26.3369541,0.0267379396,0.117147267,2.31699432e-05,30,1.03199995,1
573210400005597,152233849,2459276.8442505812,59276.338495399999,17.2195015,0.0219229665,0,zr,167.60850740000001,19.206941100000002,0.592000008,0.0280000009,20210303338484,573,0xa,0x4,20.6299992,26.3319855,0.0269745588,0.121825978,2.38081666e-05,30,1.03199995,3
573210400005597,152441123,2459278.9169871272,59278.411238399996,17.2178211,0.0219040215,0,zr,167.60846849999999,19.206928300000001,1.19099998,-0.0199999996,20210305411238,573,0xa,0x4,20.6900005,26.3312798,0.0283361785,0.117957622,2.6137368e-05,30,1.14199996,3
573210400005597,152628601,2459280.7917551687,59280.286018500003,17.1956425,0.0216570552,0,zr,167.6084788,19.206913199999999,0.73299998,-0.0309999995,20210307285972,573,0xa,0x4,21.7900009,26.341053,0.0252219308,0.111432992,2.09764275e-05,30,1.06200004,1
573210400005597,153625618,2459290.7617540425,59290.256180600001,17.2205505,0.0219348054,0,zr,167.60847670000001,19.206919899999999,0.815999985,0.0130000003,20210317256169,573,0xa,0x4,21.4200001,26.3295994,0.0223833881,0.112010993,1.61687949e-05,30,1.06599998,1
573210400005597,153833925,2459292.8447779524,59292.339259300003,17.2019081,0.021726273,0,zr,167.60848329999999,19.2069151,0.773999989,0.0540000014,20210319339259,573,0xa,0x4,21.6000004,26.300808,0.0249396171,0.113241471,2.0091953e-05,30,1.06500006,1
573210400005597,154126417,2459295.7696081996,59295.264178199999,17.2148438,0.0218705535,0,zr,167.60849529999999,19.206938399999999,0.430999994,-0.00800000038,20210322264167,573,0xa,0x4,20.3899994,26.2778111,0.0325481817,0.122358739,3.36433804e-05,30,1.04100001,1
573210400005597,154325717,2459297.7625377881,59297.257175899998,17.138483,0.0210454315,0,zr,167.60847380000001,19.206912899999999,0.875,-0.074000001,20210324257164,573,0xa,0x4,20.5900002,26.243412,0.0267069321,0.120384514,2.2695549e-05,30,1.04200006,1
573210400005597,154729481,2459301.8000200456,59301.2948148,17.2043304,0.0217531491,0,zr,167.60852969999999,19.206956900000002,0.556999981,0.397000015,20210328294803,573,0xa,0x4,18.4500008,26.3342113,0.0430887938,0.106387533,0.000143456607,30,1.04200006,1
573210400005597,154729576,2459301.8009691047,59301.295763900001,17.2088699,0.0218036901,0,zr,167.60848250000001,19.206938399999999,0.492000014,-0.00200000009,20210328295752,573,0xa,0x4,19.0300007,26.3237667,0.0433559678,0.118589029,8.08544792e-05,30,1.04299998,3
573210400005597,154823761,2459302.7427808414,59302.237615700004,17.2294044,0.0220352225,0,zr,167.6084985,19.2069276,0.382999986,0.00499999989,20210329237616,573,0xa,0x4,20.1399994,26.3157368,0.034304779,0.115979128,3.83100487e-05,30,1.04799998,3
573210400005597,154931619,2459303.8213097537,59303.316192099999,17.2492275,0.0222633034,0,zr,167.60848870000001,19.206919299999999,0.797999978,-0.0430000015,20210330316181,573,0xa,0x4,20.5300007,26.3299751,0.0320392288,0.110816129,3.31619485e-05,30,1.07700002,1
573210400005597,154931714,2459303.822258811,59303.317141200001,17.2293053,0.0220340937,0,zr,167.6084788,19.206906,0.870999992,-0.0719999969,20210330317130,573,0xa,0x4,20.6299992,26.3050346,0.0343403816,0.110191025,3.8318718e-05,30,1.079,3
573210400005597,155027662,2459304.7816943475,59304.2766204,17.1868439,0.0215605907,0,zr,167.60846559999999,19.206896100000002,0.522000015,-0.00700000022,20210331276609,573,0xa,0x4,20.0100002,26.2825146,0.0368605703,0.12831898,4.34928552e-05,30,1.03600001,3
573210400005597,155324684,2459307.7517706431,59307.246840300002,17.203804,0.0217472948,0,zr,167.60847699999999,19.206916199999998,0.456,-0.0209999997,20210403246840,573,0xa,0x4,21.5699997,26.3313179,0.0224106424,0.11196135,1.61749504e-05,30,1.03299999,1
573210400005597,155523348,2459309.7383111236,59309.233483800002,17.2165718,0.0218899623,0,zr,167.60847000000001,19.206903799999999,0.643000007,0.0390000008,20210405233472,573,0xa,0x4,21.7399998,26.3301468,0.0244752225,0.108465649,1.93156175e-05,30,1.03600001,1
573210400005597,155717140,2459311.6761220549,59311.171400500003,17.2014256,0.0217209235,0,zr,167.60846799999999,19.206910000000001,0.999000013,0.0160000008,20210407171400,573,0xa,0x4,20.7700005,25.8019714,0.0282466635,0.112777613,2.63125148e-05,30,1.12399995,1
573210400005597,155920589,2459313.7104963013,59313.205891199999,17.2119942,0.0218385998,0,zr,167.6084893,19.206917700000002,0.841000021,-0.0649999976,20210409205799,573,0xa,0x4,21.4300003,26.3115559,0.0234158114,0.115124151,1.78453956e-05,30,1.04900002,1
573210400005597,156319313,2459317.6974978186,59317.193136599999,17.194664,0.0216462836,0,zr,167.60847720000001,19.206920799999999,0.479000002,-0.0529999994,20210413193137,573,0xa,0x4,21.7700005,26.3331852,0.0233480688,0.109156683,1.77264192e-05,30,1.051,1
573210400005597,156823467,2459322.7387008574,59322.234675899999,17.2058907,0.021770481,0,zr,167.6084851,19.2069264,0.523000002,-0.0419999994,20210418234664,573,0xa,0x4,21.0499992,26.2566242,0.0283441767,0.11951223,2.61581663e-05,30,1.03999996,1
573210400005597,157021255,2459324.7164429869,59324.212557899999,17.1611366,0.0212836042,0,zr,167.60848730000001,19.206927499999999,0.845000029,-0.0520000011,20210420212558,573,0xa,0x4,20.9400005,26.3066959,0.0260427985,0.118396379,2.17950892e-05,30,1.03299999,1
573210400005597,157523577,2459329.7392868414,59329.235775499998,17.1739235,0.0214204732,0,zr,167.6084706,19.2069163,0.460000008,0.00200000009,20210425235775,573,0xa,0x4,20.3700008,26.310627,0.0333538577,0.100561112,3.61889324e-05,30,1.06200004,1
573210400005597,158119158,2459335.6946226037,59335.191585599998,17.1677856,0.0213545617,0,zr,167.60847960000001,19.206912500000001,0.643999994,-0.0309999995,20210501191586,573,0xa,0x4,21.2600002,26.1762848,0.0244600624,0.113681093,1.94672521e-05,30,1.03499997,1
573210400005597,158423951,2459338.7422964303,59338.2395139,17.2217636,0.0219485164,0,zr,167.60847480000001,19.206903700000002,0.661000013,0.0199999996,20210504239502,573,0xa,0x4,21.6700001,26.2943325,0.0244687349,0.109757669,1.93508658e-05,30,1.11899996,1
573210400005597,158625621,2459340.7588255201,59340.256215300004,17.1943302,0.0216426123,0,zr,167.60845710000001,19.206912299999999,0.816999972,-0.0250000004,20210506256204,573,0xa,0x4,21.3999996,26.2738094,0.0245281029,0.113966346,1.99206515e-05,30,1.19099998,1
573210400005597,158825792,2459342.7603645409,59342.257928200001,17.1469288,0.0211335924,0,zr,167.60846660000001,19.2069127,0.425000012,0.0120000001,20210508257928,573,0xa,0x4,21.4500008,26.2582436,0.0252057593,0.115815938,2.10343933e-05,30,1.22000003,1
573210400005597,159022320,2459344.7254690807,59344.223206000002,17.2157478,0.021880703,0,zr,167.60848050000001,19.206905299999999,0.728999972,-0.0469999984,20210510223206,573,0xa,0x4,21.6399994,26.2682743,0.0239989795,0.115924738,1.88518152e-05,30,1.11899996,1
573210400005597,159219332,2459346.6954088355,59346.193321799998,17.1314392,0.020972481,0,zr,167.60846129999999,19.206918399999999,1.58399999,-0.138999999,20210512193322,573,0xa,0x4,21.3400002,26.241909,0.026482705,0.107852027,2.29471734e-05,30,1.06799996,1
573210400005597,159624549,2459350.7472161031,59350.245497700002,17.1781502,0.0214661118,0,zr,167.60846409999999,19.2069048,0.90200001,0.0140000004,20210516245486,573,0xa,0x4,20.4799995,26.2367077,0.0282211229,0.116532832,2.58660366e-05,30,1.26400006,1
573210400005597,160223628,2459356.7374455393,59356.236284699997,17.1880436,0.021573687,0,zr,167.60844499999999,19.206900999999998,0.305999994,0.00499999989,20210522236285,573,0xa,0x4,19.8899994,26.2836094,0.0384692773,0.110415198,4.8125512e-05,30,1.30200005,1
573210400005597,160718060,2459361.681294966,59361.1806019,17.2694321,0.0225004777,0,zr,167.60847219999999,19.206909,0.442000002,-0.0309999995,20210527180579,573,0xa,0x4,21.2099991,26.3431263,0.0342607051,0.0993938819,3.82706457e-05,30,1.13,1
573210400005597,160920392,2459363.7044239976,59363.203923599998,17.2272491,0.0220106933,0,zr,167.6084725,19.206906400000001,0.280000001,0.0170000009,20210529203924,573,0xa,0x4,21.4500008,26.3247929,0.0270565692,0.112653904,2.37980021e-05,30,1.23500001,1
573210400005597,161320776,2459367.7078843759,59367.207766200001,17.1630173,0.0213036314,0,zr,167.60847340000001,19.206908200000001,0.981000006,-0.0460000001,20210602207755,573,0xa,0x4,21.2800007,26.2354221,0.0249347035,0.11502675,2.06016339e-05,30,1.31099999,1
573210400005597,161722515,2459371.7248852625,59371.225150500002,17.23769,0.0221300125,0,zr,167.60846179999999,19.2069081,0.597000003,-0.0410000011,20210606225150,573,0xa,0x4,21.3199997,26.2809563,0.0245520603,0.109921068,1.99623737e-05,30,1.51600003,1
573210400005597,161921770,2459373.7172535066,59373.217708299999,17.2343063,0.0220912006,0,zr,167.6084596,19.206909499999998,0.541000009,-0.00899999961,20210608217708,573,0xa,0x4,20.9599991,26.2678185,0.0260623395,0.116547838,2.22111448e-05,30,1.49800003,1
573210400005597,162122649,2459375.7258478981,59375.226493100003,17.1468754,0.0211330317,0,zr,167.60847319999999,19.206903400000002,0.564999998,-0.0329999998,20210610226493,573,0xa,0x4,20.9400005,26.2682514,0.0250911415,0.121631727,2.06938294e-05,30,1.63900006,1
573210400005597,163121611,2459385.7145374161,59385.216111100002,17.2210083,0.0219399761,0,zr,167.60847029999999,19.206911600000002,0.470999986,-0.0120000001,20210620216076,573,0xa,0x4,20.1599998,26.20084,0.0365243442,0.112223156,4.45075711e-05,30,1.86099994,1
573210400005597,165717942,2459411.6757246964,59411.179421300003,17.1612625,0.021284949,0,zr,167.60847949999999,19.206882799999999,0.643999994,-0.0670000017,20210716179375,573,0xa,0x4,19.8500004,25.808218,0.0432361923,0.123067625,6.41598235e-05,30,2.63800001,2
573210400005597,165718043,2459411.6767431237,59411.180439800002,17.1727352,0.021407688,0,zr,167.6084797,19.206882499999999,0.395999998,-0.0340000018,20210716180394,573,0xa,0x4,19.7099991,25.7937336,0.0404478349,0.132481635,5.64285219e-05,30,2.67199993,2
573210400005597,165718146,2459411.6777731469,59411.181469900002,17.3009338,0.0228798985,0,zr,167.6084266,19.206868100000001,0.893000007,-0.023,20210716181424,573,0xa,0x4,19.5900002,25.7990913,0.0514603667,0.1214706,9.68746754e-05,30,2.70700002,2
573210400005597,165718248,2459411.6787915756,59411.182488400002,17.2772312,0.0225933027,0,zr,167.6084458,19.2068826,0.646000028,0.0670000017,20210716182442,573,0xa,0x4,19.6399994,25.8153915,0.0436668135,0.134249449,6.62193343e-05,30,2.74399996,2
573210400005597,165718350,2459411.6798100029,59411.183506900001,17.2345581,0.0220940802,0,zr,167.6084386,19.206869300000001,0.699000001,-0.00300000003,20210716183472,573,0xa,0x4,19.7000008,25.787693,0.0478636734,0.12962243,8.05997333e-05,30,2.7809999,2
573210400005597,174352666,2459498.0222954792,59497.526666700003,17.2116051,0.0218342505,0,zr,167.60844700000001,19.206927100000001,1.35599995,-0.0309999995,20211010526655,573,0xa,0x4,19.8199997,26.1888523,0.0437562279,0.118385136,6.47069173e-05,30,2.53600001,1
573210400005597,174352905,2459498.0246798196,59497.529050899997,17.2345772,0.0220942982,0,zr,167.60845990000001,19.206896799999999,0.538999975,0.00200000009,20211010529051,573,0xa,0x4,19.4799995,26.1748619,0.0552258976,0.136590883,0.000109190943,30,2.46499991,1
573210400005597,174353383,2459498.0294602015,59497.533831000001,17.1799278,0.0214853585,0,zr,167.60853779999999,19.2068966,1.23800004,-0.00700000022,20211010533831,573,0xa,0x4,19.2399998,26.2082138,0.0531941354,0.133937076,0.000113565249,30,2.33500004,1
573210400005597,174353622,2459498.0318562482,59497.536226900003,17.1971855,0.0216740575,0,zr,167.60847369999999,19.206922899999999,0.736000001,0.0379999988,20211010536215,573,0xa,0x4,18.7800007,26.213501,0.047243271,0.127440408,0.000123855483,30,2.27600002,1
573210400005597,174452773,2459499.0234195106,59498.527731499998,17.1456985,0.0211207047,0,zr,167.60845990000001,19.206915800000001,1.19299996,-0.0370000005,20211011527720,573,0xa,0x4,19.5699997,26.1623783,0.0476220064,0.13782759,7.66200028e-05,30,2.42499995,1
573210400005597,174453012,2459499.0258154538,59498.5301273,17.1033134,0.0206863545,0,zr,167.60850450000001,19.206895599999999,0.578999996,0.023,20211011530116,573,0xa,0x4,19.0300007,26.1869621,0.04852264,0.126267716,0.00010853666,30,2.36100006,1
573210400005597,174453251,2459499.0281998999,59498.532511600002,17.2897854,0.0227442589,0,zr,167.60849999999999,19.206904099999999,0.828999996,-0.0359999985,20211011532500,573,0xa,0x4,19.1200008,26.2116508,0.0500368476,0.115465313,0.000109406479,30,2.29999995,1
573210400005597,174453489,2459499.0305842455,59498.534895800003,17.1704483,0.0213830993,0,zr,167.6084707,19.2068677,0.922999978,-0.0209999997,20211011534896,573,0xa,0x4,19.3999996,26.2002087,0.0408849306,0.12555939,6.30009163e-05,30,2.24300003,1
573210400005597,174652829,2459501.0241089575,59500.528298600002,17.2576218,0.0223612655,0,zr,167.6084798,19.206870500000001,0.800000012,0.0460000001,20211013528287,573,0xa,0x4,20.5699997,26.1892376,0.0366282985,0.125542536,4.31847548e-05,30,2.26900005,1
573210400005597,174653072,2459501.0265397145,59500.5307292,17.2276173,0.0220148843,0,zr,167.6084424,19.206892700000001,0.617999971,-0.0260000005,20211013530729,573,0xa,0x4,20.4500008,26.194212,0.0321636237,0.123060949,3.37508573e-05,30,2.21300006,1
573210400005597,174653317,2459501.0289819692,59500.533171299998,17.2570381,0.0223544221,0,zr,167.60845180000001,19.206887300000002,0.851000011,0.0289999992,20211013533171,573,0xa,0x4,20.1700001,26.196682,0.0372151807,0.115918949,4.42204037e-05,30,2.15899992,1
573210400005597,174653560,2459501.0314127225,59500.535601900003,17.2283592,0.0220233165,0,zr,167.6084741,19.2068768,0.273000002,-0.0120000001,20211013535602,573,0xa,0x4,20.1900005,26.1999855,0.0331999809,0.119765796,3.54733202e-05,30,2.10800004,1
573210400005597,174653804,2459501.0338549782,59500.538044000001,17.2102928,0.0218195729,0,zr,167.60846409999999,19.206866399999999,0.963,0.0390000008,20211013538044,573,0xa,0x4,19.75,26.2229118,0.0436604321,0.112918988,6.24001405e-05,30,2.05900002,1
573210400005597,174752850,2459502.0243803784,59501.528506900002,17.1757774,0.0214404762,0,zr,167.6084717,19.206882400000001,0.977999985,0.00400000019,20211014528495,573,0xa,0x4,20.7999992,26.2211914,0.0320441499,0.107174918,3.3807024e-05,30,2.20099998,1
573210400005597,174753086,2459502.0267417314,59501.530868100002,17.1256714,0.020913139,0,zr,167.6084812,19.206879900000001,0.754999995,-0.0149999997,20211014530868,573,0xa,0x4,20.5300007,26.2250404,0.0323269255,0.11981339,3.40902734e-05,30,2.1500001,1
573210400005597,174753322,2459502.0291029853,59501.533229200002,17.127449,0.020931391,0,zr,167.6084572,19.206872700000002,0.643000007,-0.0260000005,20211014533229,573,0xa,0x4,20.4400005,26.2558289,0.0325353108,0.106158681,3.44450345e-05,30,2.10100007,1
573210400005597,174753560,2459502.0314758392,59501.535601900003,17.1511917,0.0211783797,0,zr,167.60847609999999,19.206890300000001,0.816999972,-0.0430000015,20211014535590,573,0xa,0x4,20.1700001,26.2086124,0.0325846188,0.127257898,3.47011264e-05,30,2.0539999,1
573210400005597,174753796,2459502.0338370944,59501.537963000002,17.1312904,0.0209709425,0,zr,167.6084377,19.206896,0.246000007,-0.00499999989,20211014537963,573,0xa,0x4,19.5699997,26.2556992,0.0427277014,0.124744602,6.20920182e-05,30,2.00900006,1
573210400005597,174852853,2459503.0244679651,59502.528530099997,17.2196484,0.0219246205,0,zr,167.60845760000001,19.2069513,0.606000006,0.0829999968,20211015528530,573,0xa,0x4,19.3700008,26.2070332,0.0519172102,0.105666772,0.000102702026,30,2.14100003,1
573210400005597,174853090,2459503.0268408163,59502.530902799997,17.2077408,0.0217910875,0,zr,167.60846290000001,19.206818200000001,0.287999988,0.0170000009,20211015530891,573,0xa,0x4,19.6499996,26.2081413,0.0448890962,0.12151631,7.02967882e-05,30,2.09200001,1
573210400005597,174853327,2459503.0292136786,59502.533275499998,17.2657547,0.0224569496,0,zr,167.6084472,19.206925500000001,0.72299999,0.0140000004,20211015533264,573,0xa,0x4,19.3999996,26.2162151,0.0533784367,0.122451566,0.000104579231,30,2.046,1
573210400005597,174853563,2459503.0315749305,59502.535636599998,17.2618141,0.0224104822,0,zr,167.60844420000001,19.206820499999999,0.55400002,0.0219999999,20211015535625,573,0xa,0x4,19.3700008,26.2172985,0.0563412607,0.126411721,0.000122203739,30,2.00200009,1
573210400005597,175552071,2459510.0171396495,59509.520717599997,17.13731,0.0210332461,0,zr,167.60849089999999,19.2068938,1.22899997,-0.0350000001,20211022520706,573,0xa,0x4,20.1900005,26.2552586,0.0326617844,0.13097614,3.55080301e-05,30,1.92900002,1
573210400005597,175552320,2459510.0196282351,59509.523205999998,17.1917534,0.0216143019,0,zr,167.60847319999999,19.206878400000001,0.984000027,-0.0250000004,20211022523194,573,0xa,0x4,20.2099991,26.2587585,0.032649152,0.126164541,3.53857977e-05,30,1.88900006,1
573210400005597,175552569,2459510.0221168203,59509.525694399999,17.163826,0.0213122442,0,zr,167.60846799999999,19.2068744,0.49000001,-0.0340000018,20211022525694,573,0xa,0x4,20.2199993,26.2738113,0.0309713315,0.117520884,3.19855098e-05,30,1.85000002,1
573210400005597,175552818,2459510.0246055061,59509.528182900001,17.1627541,0.0213008244,0,zr,167.6084573,19.206872799999999,0.769999981,-0.023,20211022528183,573,0xa,0x4,20.2099991,26.2827511,0.0331578888,0.112724699,3.63091131e-05,30,1.81400001,1
573210400005597,175553069,2459510.0271171937,59509.530694399997,17.1503792,0.0211698208,0,zr,167.60845990000001,19.206883699999999,0.569000006,0.0320000015,20211022530683,573,0xa,0x4,20.25,26.2753925,0.0311170388,0.120865472,3.19765677e-05,30,1.77900004,1
573210400005597,175851027,2459513.0069240001,59512.5102778,17.1773243,0.0214571748,0,zr,167.6084654,19.206882700000001,0.998000026,-0.0240000002,20211025510278,573,0xa,0x4,20.3899994,26.2568188,0.0300886948,0.115541339,2.94513266e-05,30,1.96800005,1
573210400005597,176849915,2459522.9966159193,59522.499155099998,17.2220955,0.0219522659,0,zr,167.60846480000001,19.2068674,0.662999988,-0.0540000014,20211104499144,573,0xa,0x4,21.3099995,26.2703552,0.0220662244,0.118781149,1.58114126e-05,30,1.72599995,1
573210400005597,177047590,2459524.9735354101,59524.475902799997,17.2731094,0.0225441623,0,zr,167.60845570000001,19.206870599999998,0.823000014,-0.0469999984,20211106475903,573,0xa,0x4,21.1299992,26.2752075,0.0267920587,0.109035075,2.35266725e-05,30,1.99600005,1
573210400005597,177252270,2459527.0205220422,59526.522708299999,17.2131958,0.0218520593,0,zr,167.60846799999999,19.206876099999999,0.875,-0.0670000017,20211108522708,573,0xa,0x4,21.2199993,26.32477,0.0226803925,0.108818047,1.69126433e-05,30,1.39600003,1
573210400005597,177645634,2459530.9545124709,59530.456342600002,17.1752777,0.0214350708,0,zr,167.6084778,19.206919899999999,0.781000018,0.00400000019,20211112456331,573,0xa,0x4,19.6000004,26.2509689,0.0483499318,0.125293955,7.79513502e-05,30,2.05500007,1
573210400005597,177847877,2459532.9771298631,59532.478773100003,17.2250595,0.0219858289,0,zr,167.60846860000001,19.206872199999999,0.697000027,-0.050999999,20211114478773,573,0xa,0x4,20.9599991,26.2873192,0.025550155,0.122139037,2.07214889e-05,30,1.64300001,1
573210400005597,186844443,2459622.9499046244,59622.444432900003,17.159687,0.0212682001,0,zr,167.60849279999999,19.206855099999999,0.790000021,0.0140000004,20220212444421,573,0xa,0x4,20.5300007,26.3455238,0.0307775289,0.123110048,3.0453999e-05,30,1.08099997,1
573210400005597,187038238,2459624.8879125277,59624.382384299999,17.2413101,0.0221716613,0,zr,167.60842959999999,19.2068546,0.943000019,-0.0949999988,20220214382373,573,0xa,0x4,20.8099995,26.3571873,0.0249485187,0.110371262,2.00628056e-05,30,1.03199995,1
573210400005597,187533586,2459629.8415126433,59629.335868100003,17.1591225,0.0212622005,0,zr,167.6084572,19.2068707,0.282000005,-0.0260000005,20220219335856,573,0xa,0x4,20.5900002,26.374157,0.0303242411,0.107914366,2.89746458e-05,30,1.05499995,1
573210400005597,188239915,2459636.9048946011,59636.3991551,17.1576672,0.0212467797,0,zr,167.608453,19.2068537,0.796999991,0.0189999994,20220226399144,573,0xa,0x4,21.3899994,26.33955,0.0236938242,0.107301898,1.77348047e-05,30,1.06799996,1
573210400005597,188526921,2459639.7749669012,59639.269213,17.2192173,0.0219197683,0,zr,167.6084659,19.206860299999999,0.788999975,-0.0280000009,20220301269213,573,0xa,0x4,20.8899994,26.3350468,0.0277351253,0.112657622,2.49604527e-05,30,1.13499999,1
573210400005597,188727136,2459641.7771213399,59641.271365699999,17.1939831,0.0216387976,0,zr,167.60845850000001,19.2068501,0.833999991,-0.0529999994,20220303271354,573,0xa,0x4,21.6700001,26.3287544,0.0225042421,0.113669127,1.65362417e-05,30,1.11399996,1
573210400005597,191732019,2459671.8251857911,59671.320196799999,17.2126541,0.0218459982,0,zr,167.60845080000001,19.2068516,0.75999999,-0.00200000009,20220402320150,573,0xa,0x4,21.7099991,26.3373013,0.0250100791,0.107967742,2.01676266e-05,30,1.10099995,1
573210400005597,192030489,2459674.8097326602,59674.3048958,17.1944695,0.0216441453,0,zr,167.60844230000001,19.206855099999999,0.601999998,0.0379999988,20220405304896,573,0xa,0x4,21.5699997,26.324316,0.0287489798,0.111443244,2.6687856e-05,30,1.08599997,1
573210400005597,192235342,2459676.8581511709,59676.353425900001,17.1974316,0.021676762,0,zr,167.6084353,19.206848999999998,0.869000018,-0.00700000022,20220407353414,573,0xa,0x4,20.4799995,26.2260017,0.0286389105,0.116456144,2.67860469e-05,30,1.26800001,1
573210400005597,192423462,2459678.739247507,59678.234629600003,17.1727047,0.0214073546,0,zr,167.6084467,19.206851199999999,0.66900003,-0.0529999994,20220409234618,573,0xa,0x4,21.3999996,26.30126,0.0257101506,0.116388194,2.11089864e-05,30,1.03199995,1
573210400005597,192624732,2459680.7518242868,59680.2473264,17.2622032,0.0224150736,0,zr,167.60844259999999,19.206861199999999,0.973999977,-0.0109999999,20220411247315,573,0xa,0x4,20.2000008,26.3129406,0.0267516412,0.120706581,2.3308954e-05,30,1.03600001,1
573210400005597,193032078,2459684.8250264511,59684.320786999997,17.2036114,0.0217451509,0,zr,167.60845499999999,19.206857800000002,1.00100005,0.00100000005,20220415320775,573,0xa,0x4,19.9400005,26.326189,0.0351537727,0.112664677,3.99881937e-05,30,1.21700001,1
573210400005597,193335305,2459687.8570898431,59687.353055599997,17.1683426,0.021360524,0,zr,167.6084496,19.206879799999999,0.328999996,-0.0120000001,20220418353044,573,0xa,0x4,20.3500004,26.2488918,0.032826744,0.129133776,3.49914808e-05,30,1.45899999,1
573210400005597,193525902,2459689.7629278093,59689.259027799999,17.1592941,0.0212640222,0,zr,167.60844399999999,19.206858700000002,0.670000017,0.0109999999,20220420259016,573,0xa,0x4,20.6100006,26.2980671,0.0271016024,0.114213645,2.35174848e-05,30,1.07599998,1
573210400005597,194121252,2459695.7159788031,59695.212523100003,17.1586838,0.0212575458,0,zr,167.6084529,19.206844499999999,0.805999994,-0.0189999994,20220426212512,573,0xa,0x4,21.3999996,26.2594738,0.0265323427,0.116238698,2.25421118e-05,30,1.03900003,1
573210400005597,194318468,2459697.6879882636,59697.184687499997,17.1964607,0.021666063,0,zr,167.60844700000001,19.2068501,0.612999976,-0.00800000038,20220428184618,573,0xa,0x4,21.3899994,26.2632351,0.0268276092,0.120633207,2.32928596e-05,30,1.03199995,1
573210400005597,194526314,2459699.7662817007,59699.263148099999,17.1588116,0.0212589111,0,zr,167.60844,19.206852600000001,0.630999982,-0.0160000008,20220430263148,573,0xa,0x4,21.4699993,26.2725143,0.0252362825,0.117140524,2.04845346e-05,30,1.15499997,1
573210400005597,194721646,2459701.7194430423,59701.216469899999,17.2415371,0.0221742857,0,zr,167.60844739999999,19.2068528,0.588,-0.00100000005,20220502216458,573,0xa,0x4,21.1800003,26.2863712,0.0233973376,0.118055008,1.77880538e-05,30,1.05999994,1
573210400005597,195422881,2459708.731192329,59708.228819399999,17.1424904,0.0210871585,0,zr,167.60844349999999,19.206852600000001,0.77700001,-0.00999999978,20220509228762,573,0xa,0x4,20.5499992,26.3211422,0.0276996717,0.117831647,2.51234487e-05,30,1.125,1
573210400005597,195426809,2459708.7704597465,59708.2680903,17.2083397,0.0217977725,0,zr,167.6084462,19.2068735,0.838,-0.0120000001,20220509268079,573,0xa,0x4,19.9799995,26.3029213,0.0343408063,0.129183695,3.79402954e-05,30,1.278,1
573210400005597,195725813,2459711.7602401823,59711.258136600001,17.217205,0.0218970999,0,zr,167.60843589999999,19.2068534,0.574999988,-0.0289999992,20220512258137,573,0xa,0x4,20.0499992,26.2931595,0.0303963833,0.12221688,2.94374586e-05,30,1.26900005,1
573210400005597,195923578,2459713.7377120275,59713.235786999998,17.1716843,0.0213963781,0,zr,167.6084481,19.206869999999999,0.851999998,-0.0289999992,20220514235775,573,0xa,0x4,20.4200001,26.2975101,0.0380223431,0.116341211,4.63325414e-05,30,1.19299996,1
573210400005597,196420685,2459718.7083199532,59718.206851900002,17.1897774,0.021592658,0,zr,167.60843589999999,19.206828999999999,0.574999988,0.0549999997,20220519206852,573,0xa,0x4,21.4200001,26.2569695,0.0298149623,0.104770541,2.83502868e-05,30,1.14100003,1
573210400005597,196423851,2459718.7399835885,59718.238518500002,17.1349411,0.021008689,0,zr,167.6084396,19.206839800000001,0.680000007,0.00499999989,20220519238495,573,0xa,0x4,21.3700008,26.263937,0.028279515,0.107406154,2.62624162e-05,30,1.26600003,1
573210400005597,196917811,2459723.6791152116,59723.178113399998,17.2287788,0.0220280923,0,zr,167.60844789999999,19.206843800000001,0.416999996,0.0240000002,20220524178079,573,0xa,0x4,21.2900009,26.1546459,0.023152709,0.118449949,1.70111889e-05,30,1.10099995,1
573210400005597,197218290,2459726.6836219416,59726.182905100002,17.2152214,0.0218747985,0,zr,167.60844839999999,19.206842000000002,0.727999985,-0.0260000005,20220527182905,573,0xa,0x4,21.7199993,26.3478203,0.0308021251,0.111316122,3.05524736e-05,30,1.13399994,1
573210400005597,197723855,2459731.7387876627,59731.238553199997,17.2077332,0.0217910092,0,zr,167.6084352,19.206849600000002,0.74000001,0.0340000018,20220601238553,573,0xa,0x4,20.6700001,26.2524796,0.0291728973,0.113070078,2.75436796e-05,30,1.50699997,1
573210400005597,197922373,2459733.7237831727,59733.223738399996,17.2356377,0.0221064556,0,zr,167.60844990000001,19.2068367,0.565999985,0.0149999997,20220603223727,573,0xa,0x4,21.0699997,26.2891579,0.0241302513,0.113333888,1.92606913e-05,30,1.42999995,1
573210400005597,198123884,2459735.7386949635,59735.238842600003,17.1808205,0.0214950424,0,zr,167.60844119999999,19.2068437,0.838999987,0.0120000001,20220605238843,573,0xa,0x4,21.1800003,26.2594757,0.0265984889,0.115045719,2.27204491e-05,30,1.61699998,1
573210400005597,198523820,2459739.7376779318,59739.238206000002,17.2103806,0.0218205601,0,zr,167.60846509999999,19.206832500000001,1.08500004,0.023,20220609238206,573,0xa,0x4,20.6000004,26.2396832,0.0250091199,0.119248159,2.04396747e-05,30,1.73899996,1
573210400005597,198918782,2459743.6869236091,59743.187824100001,17.1574516,0.0212444924,0,zr,167.60844349999999,19.206829500000001,0.657000005,-0.0549999997,20220613187812,573,0xa,0x4,20.5,26.3078098,0.0295782685,0.114588909,2.85618298e-05,30,1.36899996,1
573210400005597,210652724,2459861.0227459781,59860.527245400001,17.2285919,0.0220259745,0,zr,167.60841690000001,19.206816499999999,0.463999987,-0.0399999991,20221008527245,573,0xa,0x4,20.6499996,26.1301003,0.0309640691,0.13254565,3.09259267e-05,30,2.72000003,1
573210400005597,210652962,2459861.0251303129,59860.529629600001,17.2255707,0.0219916292,0,zr,167.60842389999999,19.2068154,0.80400002,0.0680000037,20221008529630,573,0xa,0x4,20.5200005,26.1420975,0.0290594324,0.11850372,2.71172576e-05,30,2.63800001,1
573210400005597,210653202,2459861.0275263465,59860.532025499997,17.2254047,0.0219897479,0,zr,167.6084591,19.2068078,0.699999988,-0.0520000011,20221008532014,573,0xa,0x4,20.3400002,26.1739407,0.0388546474,0.12195392,4.86684294e-05,30,2.56100011,1
573210400005597,210653440,2459861.0299106822,59860.534409699998,17.2216835,0.0219475999,0,zr,167.60843890000001,19.206808200000001,0.736999989,-0.0260000005,20221008534398,573,0xa,0x4,20.2399998,26.1662292,0.0361830704,0.122870684,4.2353935e-05,30,2.48900008,1
573210400005597,210653679,2459861.0322951167,59860.536794,17.2629642,0.0224240255,0,zr,167.60845900000001,19.206825599999998,0.976999998,-0.0930000022,20221008536782,573,0xa,0x4,19.8700008,26.1725636,0.0397340916,0.12219552,5.27757911e-05,30,2.421,1
573210400005597,210752826,2459862.0238205795,59861.5282639,17.1079655,0.0207331218,0,zr,167.60841260000001,19.206811200000001,0.485000014,-0.0359999985,20221009528264,573,0xa,0x4,19.8299999,26.1465092,0.0369331203,0.1048747,4.58667964e-05,30,2.5940001,1
573210400005597,210753063,2459862.0261934181,59861.5306366,17.1737213,0.0214183033,0,zr,167.6084007,19.206820400000002,0.70599997,-0.0340000018,20221009530625,573,0xa,0x4,19.8600006,26.1343498,0.0398007371,0.103925161,5.41525078e-05,30,2.51999998,1
573210400005597,210753537,2459862.0309274895,59861.535370400001,17.2185745,0.0219125096,0,zr,167.6084482,19.206805599999999,0.83099997,0.00100000005,20221009535359,573,0xa,0x4,19.4799995,26.1272812,0.046670679,0.129953146,8.58814237e-05,30,2.38599992,1
573210400005597,210952821,2459864.0238904362,59863.528217599996,17.1852913,0.0215436481,0,zr,167.60844030000001,19.206819299999999,0.913999975,-0.0670000017,20221011528206,573,0xa,0x4,20.0200005,26.1479988,0.0435992368,0.12700443,6.21193176e-05,30,2.43199992,1
573210400005597,210953060,2459864.0262748799,59863.530601899998,17.1979065,0.021682011,0,zr,167.6084414,19.206805800000001,0.683000028,-0.0280000009,20221011530602,573,0xa,0x4,20.1900005,26.1986408,0.0382360481,0.100836612,4.81009265e-05,30,2.3670001,1
573210400005597,210953299,2459864.028670826,59863.5329977,17.2121429,0.0218402706,0,zr,167.6084319,19.206808200000001,0.802999973,-0.0469999984,20221011532986,573,0xa,0x4,20.0499992,26.2359066,0.0337003917,0.104702152,3.70663256e-05,30,2.30599999,1
573210400005597,211152849,2459866.0242897468,59865.528495400002,17.262701,0.0224209242,0,zr,167.6084558,19.206817399999998,0.568000019,0.00600000005,20221013528495,573,0xa,0x4,20.3400002,26.2238274,0.0326701105,0.116479494,3.46141787e-05,30,2.28200006,1
573210400005597,211153093,2459866.0267320019,59865.5309375,17.2247276,0.0219820701,0,zr,167.608441,19.206811299999998,0.605000019,-0.00300000003,20221013530926,573,0xa,0x4,20.1599998,26.22085,0.0330944248,0.126565099,3.59476144e-05,30,2.22399998,1
573210400005597,211153336,2459866.0291627566,59865.533368099997,17.2230759,0.0219633486,0,zr,167.60841690000001,19.206805200000002,0.866999984,-0.0289999992,20221013533368,573,0xa,0x4,20.2199993,26.2412319,0.0342813507,0.115872443,3.86925385e-05,30,2.17000008,1
573210400005597,211153581,2459866.0316050118,59865.535810200003,17.1960716,0.0216617826,0,zr,167.60841540000001,19.206821699999999,0.289000005,-0,20221013535799,573,0xa,0x4,20.0100002,26.2452164,0.0387028158,0.1035771,4.88713777e-05,30,2.11800003,1
573210400005597,211153825,2459866.0340472641,59865.538252300001,17.2723637,0.0225352831,0,zr,167.60843310000001,19.206802700000001,0.879999995,-0.0649999976,20221013538241,573,0xa,0x4,19.7700005,26.2576046,0.0381404124,0.107362919,4.83199838e-05,30,2.06900001,1
573210400005597,211252831,2459867.0241672448,59866.528310200003,17.1370888,0.0210309457,0,zr,167.60845140000001,19.206795700000001,0.976000011,-0.100000001,20221014528299,573,0xa,0x4,20.2900009,26.2170982,0.0332082026,0.123628445,3.65363558e-05,30,2.22199988,1
573210400005597,211253067,2459867.0265284977,59866.530671300003,17.1252327,0.0209086407,0,zr,167.6084492,19.206813700000001,0.680000007,-0.0359999985,20221014530660,573,0xa,0x4,20.4400005,26.2182465,0.0306783542,0.119810976,3.07928967e-05,30,2.16899991,1
573210400005597,211253304,2459867.0289013516,59866.533044000003,17.1653976,0.0213290136,0,zr,167.60843800000001,19.206820799999999,1.44700003,-0.0979999974,20221014533032,573,0xa,0x4,20.3500004,26.2344933,0.0282287151,0.115322106,2.62695612e-05,30,2.11899996,1
573210400005597,211253541,2459867.0312742046,59866.535416699997,17.1483192,0.021148175,0,zr,167.60844449999999,19.206829200000001,0.43900001,0.0309999995,20221014535405,573,0xa,0x4,20.1299992,26.2294102,0.0345214084,0.124794401,3.91180001e-05,30,2.0710001,1
573210400005597,211253777,2459867.0336354566,59866.537777799997,17.1197014,0.0208520815,0,zr,167.6084386,19.206808599999999,0.568000019,0.0199999996,20221014537778,573,0xa,0x4,19.9899998,26.240778,0.034604229,0.117091998,4.00892059e-05,30,2.02600002,1
573210400005597,211953031,2459874.0266437717,59873.530312499999,17.2203369,0.021932397,0,zr,167.6084275,19.206822500000001,1.153,-0.050999999,20221021530289,573,0xa,0x4,20.5400009,26.1927166,0.034455061,0.123445086,3.82299222e-05,30,1.83299994,1
573210400005597,212052012,2459875.0165303415,59874.520127299998,17.1878986,0.021572113,0,zr,167.60843059999999,19.2068127,0.48300001,0.0140000004,20221022520116,573,0xa,0x4,20.7299995,26.2422161,0.0259636436,0.116547376,2.16869994e-05,30,1.95099998,1
573210400005597,212052261,2459875.0190189267,59874.5226157,17.1527767,0.0211950708,0,zr,167.6084223,19.206803600000001,0.586000025,-0.00100000005,20221022522616,573,0xa,0x4,20.6599998,26.2410717,0.0280298311,0.113464184,2.49086297e-05,30,1.90999997,1
573210400005597,212052511,2459875.0215191119,59874.525115700002,17.1228905,0.0208846498,0,zr,167.60843070000001,19.2068184,0.870999992,-0.0410000011,20221022525104,573,0xa,0x4,20.6900005,26.2511826,0.025940137,0.112526499,2.17954166e-05,30,1.87,1
573210400005597,212052761,2459875.0240192972,59874.527615699997,17.1697273,0.0213753618,0,zr,167.60844510000001,19.206829200000001,0.870000005,0.00499999989,20221022527616,573,0xa,0x4,20.6800003,26.2530899,0.0250237472,0.115187973,2.02384581e-05,30,1.83200002,1
573210400005597,212053011,2459875.026519483,59874.530115699999,17.1403522,0.0210648775,0,zr,167.60842479999999,19.2068084,0.802999973,-0.0350000001,20221022530104,573,0xa,0x4,20.5900002,26.252697,0.0253224652,0.117861278,2.06678887e-05,30,1.796,1
573210400005597,212252224,2459877.0187970339,59876.522245400003,17.2259979,0.0219964888,0,zr,167.60842690000001,19.206810999999998,1.42499995,-0.0260000005,20221024522245,573,0xa,0x4,20.5200005,26.2497482,0.0289783962,0.121733949,2.72962225e-05,30,1.83099997,1
573210400005597,212252473,2459877.0212856238,59876.524733799997,17.2241859,0.0219759345,0,zr,167.60843199999999,19.206818599999998,0.749000013,-0.0240000002,20221024524722,573,0xa,0x4,20.4300003,26.2519474,0.0289323516,0.116737612,2.72741727e-05,30,1.796,1
573210400005597,213949491,2459893.992886743,59893.494918999997,17.1449165,0.0211125184,0,zr,167.60839630000001,19.206831999999999,0.987999976,-0.0260000005,20221110494907,573,0xa,0x4,19.8500004,26.2866764,0.0401225053,0.114308424,5.11900034e-05,30,1.59500003,1
573210400005597,214852550,2459903.0243170415,59902.525509300001,17.2339516,0.0220871493,0,zr,167.60846179999999,19.206821600000001,1.32799995,0.00999999978,20221119525498,573,0xa,0x4,20.1399994,26.3219891,0.0341698155,0.11498329,3.70440612e-05,30,1.21700001,1
573210400005597,215251902,2459907.0182193173,59906.519027800001,17.1340446,0.0209994093,0,zr,167.60844109999999,19.206823499999999,0.819000006,-0.0189999994,20221123519016,573,0xa,0x4,21.1599998,26.3127728,0.0266975816,0.124809332,2.30987062e-05,30,1.199,1
573210400005597,215545756,2459909.9570464715,59909.457569400001,17.2094612,0.0218102932,0,zr,167.6084329,19.206803900000001,0.833999991,0.00899999961,20221126457558,573,0xa,0x4,21.2800007,26.3181458,0.0249425415,0.114953868,2.02358515e-05,30,1.53199995,1
573210400005597,215948554,2459913.9854153711,59913.485544000003,17.2061958,0.0217738785,0,zr,167.60842719999999,19.2068303,0.423999995,-0.00400000019,20221130485532,573,0xa,0x4,20.8500004,26.3095474,0.0262042787,0.123792067,2.20357069e-05,30,1.26300001,1
573210400005597,216945660,2459923.9574579559,59923.456608799999,17.1499786,0.0211656075,0,zr,167.60843560000001,19.206817099999999,0.834999979,-0.00499999989,20221210456609,573,0xa,0x4,20.8400002,26.2997532,0.027428288,0.117316052,2.41580492e-05,30,1.27199996,1
573210400005597,217650809,2459931.0096203433,59930.508090299998,17.1717472,0.0213970616,0,zr,167.60843199999999,19.206826499999998,0.358999997,0.00200000009,20221217508090,573,0xa,0x4,20.7900009,26.3167229,0.0273360405,0.124717772,2.39432666e-05,30,1.05900002,1
573210400005597,218146384,2459935.9658394423,59935.463842600002,17.2202625,0.0219315495,0,zr,167.60843729999999,19.206798599999999,0.815999985,0.0489999987,20221222463843,573,0xa,0x4,21.5699997,26.3353405,0.0250004567,0.107627109,2.01037146e-05,30,1.12,1
573210400005597,218346185,2459937.9640332218,59937.4618519,17.221302,0.0219432879,0,zr,167.60843629999999,19.206802199999998,0.961000025,0.0209999997,20221224461713,573,0xa,0x4,21.1800003,26.3542233,0.024137143,0.107280746,1.83711163e-05,30,1.11099994,1
573210400005597,220350228,2459958.0061364477,59957.502280100001,17.1933441,0.0216317754,0,zr,167.60842550000001,19.206795,0.823000014,0.0659999996,20230113502130,573,0xa,0x4,19.9899998,25.9633522,0.0394051708,0.109223634,5.03730771e-05,30,1.046,1
573210400005597,226225364,2460016.7593133803,60016.253645800003,17.1906452,0.0216021631,0,zr,167.6084161,19.206802199999998,0.591000021,0.0439999998,20230313253646,573,0xa,0x4,21.2800007,26.0687199,0.0263238586,0.113586798,2.20693237e-05,30,1.09399998,1
573210400005597,226629953,2460020.8051217776,60020.299536999999,17.2203636,0.0219326932,0,zr,167.60842099999999,19.206796799999999,1.06500006,-0.0109999999,20230317299537,573,0xa,0x4,21.3299999,26.3276482,0.0253684446,0.123918422,2.05927827e-05,30,1.03199995,1
573210400005597,229020047,2460044.7050509877,60044.200474500001,17.1617546,0.0212901756,0,zr,167.608428,19.2067838,0.68900001,0.0860000029,20230410200463,573,0xa,0x4,21.3199997,26.3156357,0.0260764398,0.120865248,2.16705303e-05,30,1.05400002,1
573210400005597,229623108,2460050.7352846344,60050.231088,17.214077,0.0218619537,0,zr,167.6084285,19.206775799999999,1.02999997,0.0939999968,20230416231088,573,0xa,0x4,21.4400005,26.3021641,0.0244139228,0.110977925,1.90962182e-05,30,1.03400004,1
573210400005597,229828692,2460052.7909783348,60052.286921300001,17.2298317,0.022040097,0,zr,167.60840339999999,19.206786699999999,0.759000003,-0.0390000008,20230418286887,573,0xa,0x4,21.3899994,26.2779121,0.0220951792,0.112724856,1.52004241e-05,30,1.125,1
573210400005597,230217251,2460056.6762917857,60056.172511600002,17.22262,0.0219581965,0,zr,167.6084055,19.206788,0.593999982,-0.0439999998,20230422172500,573,0xa,0x4,21.5900002,26.3226757,0.0256573614,0.115141258,2.09956688e-05,30,1.04900002,1
573210400005597,230422608,2460058.7297153501,60058.226088000003,17.1984634,0.0216881596,0,zr,167.60841550000001,19.206799,0.713,-0.0410000011,20230424226076,573,0xa,0x4,21.1900005,26.2523689,0.0236516129,0.122211672,1.74915931e-05,30,1.04499996,1
573210400005597,230618093,2460060.6844154284,60060.180937500001,17.1440144,0.0211030822,0,zr,167.60842779999999,19.206785199999999,0.859000027,0.109999999,20230426180926,573,0xa,0x4,20.8099995,26.0124149,0.0341687538,0.115078308,3.71542446e-05,30,1.03499997,1
573210400005597,230818295,2460062.6862725178,60062.182951399998,17.2323284,0.0220685825,0,zr,167.60841310000001,19.206788,1.23000002,0.00899999961,20230428182940,573,0xa,0x4,20.8099995,26.2561569,0.0258355178,0.127796963,2.175191e-05,30,1.03199995,1
573210400005597,232321370,2460077.7157449382,60077.213703699999,17.2174339,0.021899676,0,zr,167.6084089,19.206771100000001,0.377999991,-0.0149999997,20230513213692,573,0xa,0x4,21.4099998,26.2734966,0.0265779439,0.10859926,2.25810381e-05,30,1.11199999,1
573210400005597,232819362,2460082.6952087358,60082.193622699997,17.1854553,0.0215454418,0,zr,167.608408,19.206790999999999,0.541000009,0.0280000009,20230518193623,573,0xa,0x4,21.3700008,26.1902199,0.0298510715,0.111830138,2.90432999e-05,30,1.097,1
573210400005597,233020393,2460084.7053344008,60084.203935199999,17.1538963,0.0212068781,0,zr,167.60840909999999,19.206785700000001,0.442999989,0.0299999993,20230520203900,573,0xa,0x4,21.5699997,26.2485828,0.0239199679,0.112007558,1.84957007e-05,30,1.13800001,1
573210400005597,233421784,2460088.7188693443,60088.217847200001,17.2384586,0.0221388321,0,zr,167.6084099,19.206787299999998,0.47299999,0.0280000009,20230524217847,573,0xa,0x4,21.4300003,26.2894211,0.0280661918,0.113469958,2.48834913e-05,30,1.23000002,1
573210400005597,233618083,2460090.6816695752,60090.180833300001,17.1691914,0.021369623,0,zr,167.6084061,19.206788,0.583999991,0.0280000009,20230526180833,573,0xa,0x4,20.9500008,26.2640743,0.0287875682,0.125993028,2.6636033e-05,30,1.11899996,1
573210400005597,234321758,2460097.7177466177,60097.217580999997,17.1282558,0.0209396891,0,zr,167.60841379999999,19.206765600000001,0.896000028,-0.0460000001,20230602217569,573,0xa,0x4,20.7199993,26.2801228,0.0358967856,0.125022173,4.03851118e-05,30,1.36199999,1
573210400005597,234919783,2460103.6974311373,60103.197835600004,17.1614952,0.0212874226,0,zr,167.608417,19.206763599999999,0.342000008,-0.0209999997,20230608197836,573,0xa,0x4,21.2800007,26.2403984,0.02537225,0.116798207,2.05595297e-05,30,1.34099996,1
573210400005597,235123708,2460105.7364853937,60105.237083300002,17.1759396,0.0214422252,0,zr,167.6084099,19.206772699999998,0.56400001,-0.0390000008,20230610237083,573,0xa,0x4,21.4300003,26.2376804,0.0299168359,0.112293921,2.91948199e-05,30,1.75100005,1
573210400005597,235921597,2460113.7146280962,60113.2159722,17.1641197,0.0213153716,0,zr,167.60841569999999,19.206757199999998,0.796999991,-0.0469999984,20230618215961,573,0xa,0x4,21.2999992,26.243681,0.0288426075,0.110284537,2.65543677e-05,30,1.76100004,1
573210400005597,236122848,2460115.7269552322,60115.228483799998,17.1734352,0.0214152224,0,zr,167.6084104,19.206780899999998,0.898999989,-0.00499999989,20230620228472,573,0xa,0x4,20.4599991,26.2109814,0.0300102979,0.119903453,2.90323424e-05,30,2.0480001,1
573210400005597,236320313,2460117.7014289899,60117.203136600001,17.2067413,0.0217799563,0,zr,167.6083975,19.206763500000001,0.39199999,0.0199999996,20230622203113,573,0xa,0x4,20.8299999,26.1054478,0.0282837097,0.113485575,2.60549514e-05,30,1.73599994,1
573210400005597,247652833,2460231.0241115508,60230.528333299997,17.2478638,0.0222474691,0,zr,167.60838899999999,19.206752999999999,0.529999971,-0.0350000001,20231013528322,573,0xa,0x4,20.7800007,26.2242737,0.0269886311,0.112583488,2.3673836e-05,30,2.30299997,1
573210400005597,247653321,2460231.0289961565,60230.533217600001,17.2204437,0.0219335929,0,zr,167.60841809999999,19.206743100000001,0.834999979,-0.0329999998,20231013533206,573,0xa,0x4,20.3400002,26.2178688,0.0351801254,0.109109476,4.01727557e-05,30,2.18899989,1
573210400005597,247653564,2460231.0314268097,60230.535648099998,17.2199211,0.0219276994,0,zr,167.60841569999999,19.2067443,0.481000006,-0.00300000003,20231013535648,573,0xa,0x4,19.7900009,26.2293606,0.0408341996,0.107682325,5.55334991e-05,30,2.13599992,1
573210400005597,247753063,2460232.0264774407,60231.5306366,17.1463394,0.0211274065,0,zr,167.60837960000001,19.206763899999999,0.777999997,-0.0299999993,20231014530625,573,0xa,0x4,20.6100006,26.2084332,0.0304938126,0.123102263,3.05818248e-05,30,2.18499994,1
573210400005597,247753305,2460232.0288965944,60231.533055599997,17.138958,0.0210503619,0,zr,167.608407,19.206752900000001,0.791999996,-0.0460000001,20231014533056,573,0xa,0x4,20.4200001,26.2120609,0.0332962759,0.125986472,3.67957255e-05,30,2.1329999,1
573210400005597,247753547,2460232.0313156517,60231.5354745,17.1442032,0.021105051,0,zr,167.60838200000001,19.206762000000001,0.791000009,-0.050999999,20231014535475,573,0xa,0x4,20.0200005,26.228344,0.0431385562,0.119734004,6.15951285e-05,30,2.08400011,1
573210400005597,247853042,2460233.0263327681,60232.5304282,17.2040424,0.0217499435,0,zr,167.608408,19.206759000000002,0.813000023,-0.0379999988,20231015530428,573,0xa,0x4,20.6599998,26.2253056,0.0323616043,0.119429618,3.37324418e-05,30,2.13100004,1
573210400005597,247953018,2460234.0261547738,60233.530185199998,17.2199936,0.0219285227,0,zr,167.60840200000001,19.206752999999999,0.57099998,-0.0350000001,20231016530174,573,0xa,0x4,20.4899998,26.2288971,0.0335669778,0.122334786,3.64445259e-05,30,2.08100009,1
573210400005597,247953254,2460234.0285160313,60233.532546299997,17.212204,0.0218409486,0,zr,167.60840680000001,19.206764700000001,0.693000019,-0.064000003,20231016532535,573,0xa,0x4,20.4599991,26.2291107,0.0301148109,0.131420106,2.93618614e-05,30,2.03500009,1
573210400005597,247953728,2460234.0332501465,60233.537280099998,17.2410698,0.022168899,0,zr,167.6084142,19.206743599999999,0.56099999,-0.0489999987,20231016537268,573,0xa,0x4,20.1599998,26.2530346,0.0334803313,0.125400841,3.63590298e-05,30,1.95000005,1
573210400005597,248452206,2460239.0183727588,60238.522060199997,17.2248192,0.0219831113,0,zr,167.60840830000001,19.206748099999999,0.349999994,0.00700000022,20231021522049,573,0xa,0x4,20.9799995,26.2479267,0.0241893437,0.115024179,1.91271283e-05,30,1.977,1
573210400005597,248552778,2460240.024174632,60239.527789400003,17.1890259,0.0215844251,0,zr,167.60839910000001,19.206750299999999,0.556999981,0.00999999978,20231022527789,573,0xa,0x4,20.9899998,26.2743797,0.0255231354,0.110106789,2.08555666e-05,30,1.84000003,1
573210400005597,248752380,2460242.0203407044,60241.523807899997,17.2314167,0.0220581684,0,zr,167.60839569999999,19.206752900000001,0.970000029,0.0109999999,20231024523796,573,0xa,0x4,20.1499996,26.2577724,0.0374455787,0.0939095542,4.67850041e-05,30,1.81799996,1
573210400005597,248753143,2460242.0279685855,60241.531435199999,17.1847172,0.0215374026,0,zr,167.60839110000001,19.206753800000001,0.686999977,0.00400000019,20231024531424,573,0xa,0x4,20.1599998,26.2460747,0.0531864837,0.11742036,9.19984886e-05,30,1.71599996,1
573210400005597,250652364,2460261.0217747833,60260.5236458,17.1892853,0.0215872694,0,zr,167.60842270000001,19.206749500000001,0.542999983,-0,20231112523322,573,0xa,0x4,20.1000004,26.3152752,0.0387407094,0.116359144,4.92816725e-05,30,1.32799995,1
573210400005597,253344421,2460287.9449384622,60287.444213000002,17.1982765,0.0216860939,0,zr,167.60835159999999,19.2067953,0.713999987,-0.0209999997,20231209444213,573,0xa,0x4,19.8600006,26.2958126,0.0434045158,0.12087597,5.99122577e-05,30,1.36399996,1
573210400005597,256850438,2460323.0082247928,60322.504386599998,17.1408844,0.0210704152,0,zr,167.60840540000001,19.2067497,0.547999978,-0.0270000007,20240113504387,573,0xa,0x4,21.1299992,26.3376503,0.0251398757,0.117943138,2.03721593e-05,30,1.04700005,1
573210400005597,259837795,2460352.8834054912,60352.377951399998,17.2359829,0.0221104193,0,zr,167.60838849999999,19.206757199999998,0.451000005,-0.0370000005,20240212377951,573,0xa,0x4,21.0799999,26.3348312,0.0270358473,0.115217023,2.35487714e-05,30,1.03600001,1
573210400005597,260038027,2460354.8857920719,60354.380277800003,17.199625,0.0217009857,0,zr,167.60839609999999,19.206753500000001,0.802999973,-0.0219999999,20240214380266,573,0xa,0x4,21.4400005,26.2722874,0.0297448374,0.114055991,2.81837747e-05,30,1.03299999,1
1619104400002140,48121975,2458235.7231321298,58235.219756899998,17.3836536,0.0244537294,0,zg,167.60850540000001,19.207098299999998,0.936999977,-0.0549999997,20180427219745,1619,0x4,0x4,20.1399994,26.2532597,0.0447444618,-0.0255529396,8.9996196e-05,30,1.02499998,2
1619104400002140,48122113,2458235.7245094213,58235.221134300002,17.3932114,0.0245552026,0,zg,167.60851829999999,19.2071176,0.486000001,0.00700000022,20180427221123,1619,0x4,0x4,20.2099991,26.2648602,0.0425729714,-0.034675464,8.12182043e-05,30,1.02499998,2
1619104400002140,68550156,2458440.0001811548,58439.501562500001,17.3519135,0.0241230242,0,zg,167.60852800000001,19.207062400000002,0.609000027,-0.0179999992,20181117501563,1619,0x4,0x4,21.4899998,25.8694248,0.0297220591,-0.0376592912,2.70996425e-05,30,1.43200004,2
1619104400002140,72850394,2458483.006672129,58482.503946800003,17.3815536,0.024431549,0,zg,167.60854560000001,19.207047500000002,0.672999978,-0.0299999993,20181230503935,1619,0x4,0x4,21.2800007,26.2461777,0.0304829609,-0.0506598465,2.87134553e-05,30,1.028,2
1619104400002140,73955268,2458494.056321871,58493.552685199997,17.2903938,0.0235088468,0,zg,167.60854710000001,19.207051499999999,0.68900001,0.0309999995,20190110552685,1619,0x4,0x4,22.0799999,26.2126827,0.0254651867,-0.0490682013,1.9762494e-05,30,1.07700002,2
1619104400002140,75746579,2458511.9706204049,58511.465798600002,17.3653049,0.0242613852,0,zg,167.60854359999999,19.207056600000001,0.499000013,0.0240000002,20190128465799,1619,0x4,0x4,21.5900002,26.2449703,0.0259854253,-0.0550388433,2.06135428e-05,30,1.02600002,2
1619104400002140,78641210,2458540.9178444073,58540.4121065,17.3233414,0.0238334499,0,zg,167.60854019999999,19.2070562,0.734000027,-0.0529999994,20190226412106,1619,0x4,0x4,21.5799999,26.2308407,0.0260153469,-0.0741461813,2.05936085e-05,30,1.05400002,1
1619104400002140,81349490,2458568.0002419185,58567.494907400003,17.3475342,0.0240781531,0,zg,167.6085463,19.207053200000001,0.910000026,-0.0120000001,20190325494896,1619,0x4,0x4,19.4799995,25.7679672,0.0481763892,-0.0112868352,0.000156197566,30,2.31599998,1
1619104400002140,82620653,2458580.7112858603,58580.206539400002,17.3754425,0.0243672542,0,zg,167.60852990000001,19.207040800000001,1.02199996,-0.0120000001,20190407206528,1619,0x4,0x4,21.5699997,26.2051868,0.0266023241,-0.0927741751,2.17151428e-05,30,1.05799997,1
1619104400002140,83119950,2458585.7039560126,58585.199502299998,17.3963852,0.0245891046,0,zg,167.60853349999999,19.207034700000001,0.903999984,-0.0670000017,20190412199491,1619,0x4,0x4,21.2999992,26.2131329,0.030796729,-0.0789085329,2.95406317e-05,30,1.04799998,1
1619104400002140,83820732,2458592.7113171639,58592.207326399999,17.2937241,0.0235412046,0,zg,167.60853359999999,19.207051700000001,0.683000028,-0.0399999991,20190419207292,1619,0x4,0x4,20.2800007,26.2541752,0.0400586613,-0.0665604621,6.85341874e-05,30,1.02199996,1
1619104400002140,84724711,2458601.7504322748,58601.2471181,17.3163433,0.0237636827,0,zg,167.60854119999999,19.207040800000001,0.836000025,-0.104000002,20190428247118,1619,0x4,0x4,22.0799999,26.2099228,0.0244310498,-0.06768094,1.85544141e-05,30,1.05700004,1
1619104400002140,108351723,2458838.019027079,58837.517233799997,17.3637543,0.0242452733,0,zg,167.6085033,19.206987900000001,0.690999985,0.00700000022,20191220517234,1619,0x4,0x4,20.4699993,26.288784,0.0397394858,-0.0572414063,6.0048671e-05,30,1.03699994,2
1619104400002140,108351768,2458838.0194785199,58837.5176852,17.2998123,0.0236006379,0,zg,167.60852850000001,19.2070018,0.959999979,-0.0280000009,20191220517685,1619,0x4,0x4,20.8700008,26.3115463,0.0327584445,-0.0524390414,3.71807037e-05,30,1.03699994,3
1619104400002140,115029192,2458904.797646984,58904.291921299999,17.3832016,0.0244489573,0,zg,167.6085267,19.2069978,1.03999996,-0.0560000017,20200225291910,1619,0x4,0x4,21.6399994,26.2765121,0.0320334174,-0.112866528,3.13597557e-05,30,1.11800003,2
1619104400002140,121020821,2458964.7117113071,58964.208217599997,17.3211899,0.0238119457,0,zg,167.6085162,19.206979499999999,0.810000002,-0.00200000009,20200425208206,1619,0x4,0x4,21.5799999,26.2418327,0.0288649816,-0.103170775,2.49279292e-05,30,1.01800001,2
1619104400002140,121020866,2458964.7121626707,58964.208669,17.3043518,0.0236451644,0,zg,167.60849239999999,19.2069735,1.62600005,-0.0939999968,20200425208657,1619,0x4,0x4,21.7900009,26.2459145,0.0292373914,-0.0948098153,2.56431122e-05,30,1.01800001,3
1619104400002140,121324019,2458967.743452121,58967.240196799998,17.3003845,0.0236062426,0,zg,167.60851640000001,19.206984899999998,0.941999972,-0.0399999991,20200428240197,1619,0x4,0x4,21.4899998,26.2678146,0.0340572484,-0.107354924,3.49677321e-05,30,1.04900002,2
1619104400002140,121324064,2458967.7439033845,58967.2406481,17.2954559,0.0235580765,0,zg,167.60851049999999,19.206979700000002,0.746999979,-0.0320000015,20200428240648,1619,0x4,0x4,21.4899998,26.2648621,0.0302759763,-0.104192227,2.76533538e-05,30,1.04999995,3
1619104400002140,121424730,2458968.7504774937,58968.247303199998,17.3892708,0.0245132651,0,zg,167.6085181,19.2069811,0.537,-0.0280000009,20200429247303,1619,0x4,0x4,21.6800003,26.3119488,0.0315046571,-0.0805821791,2.95675982e-05,30,1.06500006,2
1619104400002140,121924394,2458973.7467066646,58973.243946800001,17.3540897,0.0241453964,0,zg,167.60850830000001,19.2069838,0.351000011,-0.0419999994,20200504243947,1619,0x4,0x4,20.4899998,26.2779865,0.0451345891,-0.055653628,7.66531957e-05,30,1.08599997,2
1619104400002140,121924722,2458973.7499817843,58973.2472222,17.4064465,0.0246972051,0,zg,167.6085042,19.206991299999999,0.402999997,-0.0179999992,20200504247222,1619,0x4,0x4,20.3999996,26.2756157,0.0395945907,-0.0705582574,6.19265484e-05,30,1.09399998,3
1619104400002140,123220861,2458986.7102171918,58986.208611100003,17.2896767,0.0235018842,0,zg,167.6085123,19.206978800000002,0.670000017,-0.00499999989,20200517208611,1619,0x4,0x4,21.8400002,26.2805958,0.0293870382,-0.0792586505,2.62955346e-05,30,1.08700001,2
1619104400002140,151431063,2459268.8163482323,59268.310636599999,17.3971825,0.0245976374,0,zg,167.6084788,19.206902800000002,0.256999999,-0.0309999995,20210223310637,1619,0x4,0x4,20.8099995,26.3637733,0.0330581181,-0.0569849871,3.85064523e-05,30,1.08000004,2
1619104400002140,151431109,2459268.8168111388,59268.311099500002,17.3861427,0.0244800746,0,zg,167.6084759,19.206894500000001,0.657000005,-0.0540000014,20210223311100,1619,0x4,0x4,20.9899998,26.3516788,0.0322079435,-0.0639329404,3.50450537e-05,30,1.079,3
1619104400002140,154733241,2459301.8376226597,59301.332418999998,17.2406044,0.0230366476,0,zg,167.60846549999999,19.2069121,0.5,-0.0160000008,20210328332384,1619,0x4,0x4,18.7000008,26.3132267,0.0459543206,-0.0441793725,0.000327783549,30,1.05999994,2
1619104400002140,154733288,2459301.8380855424,59301.332881900002,17.3075829,0.0236769654,0,zg,167.60847050000001,19.206852099999999,0.797999978,0.0240000002,20210328332882,1619,0x4,0x4,18.75,26.3195381,0.0469316244,-0.0431370549,0.000290976051,30,1.05999994,3
1619104400002140,155034961,2459304.8546886458,59304.349618100001,17.2547112,0.0231682397,0,zg,167.60847440000001,19.206876000000001,0.658999979,0.0179999992,20210331349606,1619,0x4,0x4,19.9200001,26.2860661,0.0474930741,-0.0558140911,0.000125721592,30,1.11600006,2
1619104400002140,155035008,2459304.8551515234,59304.350080999997,17.3153496,0.0237538051,0,zg,167.60845090000001,19.206872199999999,0.324999988,-0.00899999961,20210331350081,1619,0x4,0x4,19.8799992,26.2779808,0.041129671,-0.0480838679,8.95307967e-05,30,1.11699998,3
1619104400002140,186835077,2459622.8562443415,59622.350775500003,17.3654232,0.0242626108,0,zg,167.60846799999999,19.206860200000001,0.853999972,0.0149999997,20220212350764,1619,0x4,0x4,20.6499996,26.3409443,0.0325108767,-0.0434086584,3.78295153e-05,30,1.06200004,2
1619104400002140,195722854,2459711.7306479593,59711.228541700002,17.3185349,0.0237854775,0,zg,167.60844510000001,19.206858700000002,0.58099997,-0.0280000009,20220512228530,1619,0x4,0x4,20.3199997,26.3098679,0.0423860326,-0.0734418705,7.30997999e-05,30,1.097,2
1619104400002140,219735089,2459951.8542730412,59951.350891200003,17.3059788,0.023661159,0,zg,167.6083998,19.2068023,0.550000012,0.0130000003,20230107350891,1619,0x4,0x4,19.2600002,26.2960072,0.0451634973,-0.0415295921,0.000169511812,30,1.51400006,2
1619104400002140,223939590,2459993.9015232795,59993.395902800003,17.2836075,0.0234431978,0,zg,167.60843410000001,19.2068023,1.03699994,-0.0359999985,20230218395891,1619,0x4,0x4,21.3700008,26.221817,0.0440818854,-0.104768172,6.20988212e-05,30,1.01900005,2
1619104400002140,229221789,2460046.7223479818,60046.217893499997,17.3090038,0.0236909837,0,zg,167.6084247,19.206787299999998,0.986999989,-0.0909999982,20230412217894,1619,0x4,0x4,21.9899998,26.3380585,0.0359766297,-0.0986213312,3.96993528e-05,30,1.02699995,2
1619104400002140,256941076,2460323.9146687347,60323.410763899999,17.3107491,0.0237082262,0,zg,167.60837660000001,19.2067221,0.976999998,0.00800000038,20240114410752,1619,0x4,0x4,20.7600002,26.3435936,0.0352116562,-0.0750986636,4.28484091e-05,30,1.10699999,2
1619204400004446,69447950,2458448.9789840868,58448.479502299997,17.2430267,0.0318066813,0,zr,167.60854230000001,19.2070492,0.535000026,0.00700000022,20181126479502,1619,0x4,0x4,20.3500004,26.0960484,0.0344104692,0.107729852,3.62196515e-05,30,1.41299999,2
1619204400004446,69545958,2458449.9591607195,58449.459583299998,17.1670952,0.0308463387,0,zr,167.60855000000001,19.2070638,0.439999998,-0.0140000004,20181127459433,1619,0x4,0x4,20.4899998,26.0759563,0.0284897555,0.106562331,2.47634198e-05,30,1.55999994,2
1619204400004446,72244740,2458476.9495899435,58476.447407400003,17.1440563,0.0305681396,0,zr,167.60854950000001,19.207050299999999,0.797999978,-0.0240000002,20181224447396,1619,0x4,0x4,20.6299992,26.0987644,0.0326515026,0.108401999,3.29538852e-05,30,1.176,2
1619204400004446,72747163,2458481.9742665756,58481.4716319,17.1873875,0.0310963877,0,zr,167.60854320000001,19.2070483,0.76700002,0.0120000001,20181229471620,1619,0x4,0x4,20.7199993,26.1182804,0.0269197673,0.112190612,2.21199971e-05,30,1.07200003,2
1619204400004446,73946730,2458493.9709333074,58493.467303199999,17.2517471,0.0319213867,0,zr,167.60854599999999,19.2070562,0.782999992,0.00400000019,20190110467292,1619,0x4,0x4,21.7800007,26.1432266,0.0262482651,0.0999845415,2.11016777e-05,30,1.02900004,2
1619204400004446,75739151,2458511.8963339636,58511.391516199998,17.1966057,0.0312115494,0,zr,167.60853320000001,19.2070337,0.658999979,-0.0160000008,20190128391516,1619,0x4,0x4,21.2000008,26.1374626,0.0248288084,0.104305685,1.9088211e-05,30,1.06400001,2
1619204400004446,75942481,2458513.9297401858,58513.424814799997,17.2036629,0.0313003808,0,zr,167.6085564,19.2070522,0.790000021,0.0309999995,20190130424803,1619,0x4,0x4,21.9200001,26.0442295,0.0410584211,0.0981967598,5.12240586e-05,30,1.02100003,2
1619204400004446,80326531,2458557.7709416319,58557.2653125,17.2004852,0.0312603042,0,zr,167.60846380000001,19.207074899999999,0.486999989,0.00100000005,20190315265312,1619,0x4,0x4,20.1800003,26.1131573,0.0375717692,0.120099396,4.37359631e-05,30,1.06500006,1
1619204400004446,80420699,2458558.7125996947,58558.206990699997,17.1990662,0.0312424526,0,zr,167.6085027,19.207067200000001,0.64200002,-0.00700000022,20190316206991,1619,0x4,0x4,20.1200008,26.089201,0.0360080786,0.112351432,3.96824144e-05,30,1.23800004,1
1619204400004446,80524981,2458559.7553998712,58559.249814800001,17.1988754,0.0312400553,0,zr,167.60852499999999,19.2070337,0.578000009,-0.00400000019,20190317249780,1619,0x4,0x4,20.6700001,26.1032066,0.0271123722,0.107066438,2.22611161e-05,30,1.08500004,1
1619204400004446,82820394,2458582.7085800623,58582.2039468,17.215416,0.0314496197,0,zr,167.60853309999999,19.207039099999999,1.08299994,0.0209999997,20190409203935,1619,0x4,0x4,21.4799995,26.0720501,0.0280064512,0.108263157,2.44122948e-05,30,1.05400002,1
1619204400004446,83928112,2458593.7850375297,58593.281122699998,17.1376915,0.0304923356,0,zr,167.60851400000001,19.207022500000001,1.34399998,-0.0829999968,20190420281111,1619,0x4,0x4,20.3700008,26.0844269,0.0298169386,0.104505807,2.73554087e-05,30,1.08000004,1
1619204400004446,84324418,2458597.7478137957,58597.244189800003,17.2515888,0.0319192894,0,zr,167.60852170000001,19.2070264,0.773999989,0.00300000003,20190424244190,1619,0x4,0x4,21.6800003,26.082613,0.0265706647,0.102112457,2.17552151e-05,30,1.03799999,1
1619204400004446,85224310,2458606.7460089289,58606.2431019,17.2285347,0.0316181369,0,zr,167.60850640000001,19.207034199999999,1.09099996,0.0390000008,20190503243102,1619,0x4,0x4,21.2299995,26.0502644,0.0265271366,0.110582165,2.14484935e-05,30,1.074,1
1619204400004446,86426793,2458618.7697919118,58618.267939799996,17.2362747,0.0317185149,0,zr,167.60852779999999,19.2070331,0.703000009,-0.0299999993,20190515267928,1619,0x4,0x4,20.3999996,26.0459347,0.0361446813,0.100591719,4.05922801e-05,30,1.27199996,1
1619204400004446,109747587,2458851.9789239126,58851.475879600002,17.1780605,0.0309808776,0,zr,167.60851579999999,19.206990699999999,0.612999976,0.0140000004,20200103475845,1619,0x4,0x4,21.25,26.1526871,0.0255165845,0.102044255,2.02813389e-05,30,1.04100001,2
1619204400004446,109747768,2458851.9807296647,58851.4776852,17.1587868,0.0307453293,0,zr,167.6085195,19.206989199999999,0.714999974,0.00400000019,20200103477674,1619,0x4,0x4,21.1299992,26.1544437,0.0245601665,0.0999218225,1.87090609e-05,30,1.03900003,3
1619204400004446,110536042,2458859.8641065792,58859.360428200001,17.2188835,0.0314939618,0,zr,167.60852600000001,19.207000600000001,0.414999992,0.00400000019,20200111360266,1619,0x4,0x4,20.0200005,26.1642399,0.0343397446,0.10321489,3.58373181e-05,30,1.36099994,2
1619204400004446,110536087,2458859.8645580136,58859.360879599997,17.2200394,0.0315087661,0,zr,167.6085243,19.206986700000002,0.601999998,0.0160000008,20200111360880,1619,0x4,0x4,20.0699997,26.173418,0.0327916853,0.100992374,3.25897017e-05,30,1.35800004,3
1619204400004446,118520670,2458939.7117665703,58939.206701399999,17.2464485,0.031851586,0,zr,167.60849379999999,19.206973300000001,0.579999983,-0.00400000019,20200331206690,1619,0x4,0x4,21.3400002,26.1451607,0.0296455193,0.108827844,2.72537545e-05,30,1.09200001,2
1619204400004446,142845376,2459182.9535820512,59182.453761600002,17.1525612,0.0306701362,0,zr,167.608475,19.206952000000001,1.08800006,-0.0299999993,20201129453738,1619,0x4,0x4,20.3199997,26.1797371,0.0316599831,0.121060707,3.08705312e-05,30,1.53400004,2
1619204400004446,142845422,2459182.9540449949,59182.454224499998,17.1639137,0.0308075752,0,zr,167.608487,19.206917099999998,0.625999987,0.00800000038,20201129454225,1619,0x4,0x4,20.2999992,26.1871033,0.0336692594,0.106565237,3.43986103e-05,30,1.52900004,3
1619204400004446,149645020,2459250.9554364667,59250.450208299997,17.2180805,0.0314836763,0,zr,167.60846620000001,19.206905500000001,0.662999988,0.00700000022,20210205450208,1619,0x4,0x4,20.9300003,26.2194977,0.026405802,0.1124935,2.17007382e-05,30,1.03100002,2
1619204400004446,150235262,2459256.8580731954,59256.352627300002,17.1976452,0.0312245972,0,zr,167.6084884,19.206914099999999,0.864000022,0.00899999961,20210211352627,1619,0x4,0x4,21.6599998,26.1990757,0.0240576249,0.106960014,1.79145281e-05,30,1.06200004,2
1619204400004446,150235310,2459256.8585478109,59256.3531019,17.1924953,0.0311600771,0,zr,167.60849089999999,19.206904099999999,0.873000026,0.00499999989,20210211353102,1619,0x4,0x4,21.6399994,26.2389259,0.025558155,0.104998685,1.99347251e-05,30,1.06099999,3
1619204400004446,151527124,2459269.7769725509,59269.271249999998,17.2226486,0.0315422677,0,zr,167.6084879,19.206912500000001,0.751999974,-0.0399999991,20210224271250,1619,0x4,0x4,20.8700008,26.2157536,0.0303631201,0.104836732,2.84614634e-05,30,1.18900001,2
1619204400004446,151529048,2459269.7962088655,59269.290486099999,17.2322102,0.0316657163,0,zr,167.60849049999999,19.2069081,0.825999975,-0.0410000011,20210224290475,1619,0x4,0x4,20.8899994,26.2133904,0.0273618866,0.102602646,2.31778049e-05,30,1.12399995,3
1619204400004446,155034408,2459304.8491564053,59304.344085600002,17.1738129,0.0309286062,0,zr,167.6084697,19.2068695,0.866999984,-0.0179999992,20210331344086,1619,0x4,0x4,19.9099998,26.1651974,0.0347810537,0.113052934,3.76905482e-05,30,1.10099995,2
1619204400004446,155034456,2459304.8496309817,59304.344560199999,17.1569366,0.0307229403,0,zr,167.60845549999999,19.2068911,0.407000005,-0.00400000019,20210331344560,1619,0x4,0x4,20.0599995,26.1753063,0.0392263159,0.100030921,4.77837821e-05,30,1.102,3
1619204400004446,188725733,2459641.7630936438,59641.257338000003,17.1530857,0.0306764562,0,zr,167.60844069999999,19.206842099999999,0.893999994,0.0340000018,20220303257326,1619,0x4,0x4,20.9799995,25.9086475,0.0261710472,0.105359256,2.10478665e-05,30,1.17299998,2
1619204400004446,192120641,2459675.7112004748,59675.206412,17.2227402,0.0315434448,0,zr,167.60846419999999,19.206827000000001,1.64499998,0.00200000009,20220406206377,1619,0x4,0x4,21.4300003,26.079258,0.0316230655,0.10713701,3.10442774e-05,30,1.06099999,2
1619204400004446,223043650,2459984.9418671429,59984.436504600002,17.168766,0.0308667533,0,zr,167.60843209999999,19.206791299999999,1.22599995,-0.0939999968,20230209436505,1619,0x4,0x4,20.4500008,26.2844276,0.0399186835,0.0888200551,4.99441703e-05,30,1.028,2
1619204400004446,226723842,2460021.7439876082,60021.238425900003,17.23666,0.031723544,0,zr,167.6084281,19.206769099999999,0.941999972,-0.0949999988,20230318238414,1619,0x4,0x4,21.4099998,26.226223,0.0281529035,0.0894431025,2.47111311e-05,30,1.10599995,2
1619204400004446,227822803,2460032.7332199486,60032.228032400002,17.2331352,0.0316777192,0,zr,167.60841479999999,19.206771700000001,0.65200001,-0.0280000009,20230329228021,1619,0x4,0x4,21.2099991,26.1207237,0.0268082283,0.102750473,2.26165539e-05,30,1.06299996,2
1619204400004446,229622388,2460050.7280860143,60050.2238889,17.2347717,0.0316989757,0,zr,167.60842629999999,19.206786300000001,0.714999974,-0.0329999998,20230416223877,1619,0x4,0x4,21.75,26.1965866,0.0259377938,0.093551062,2.05501365e-05,30,1.01900005,2
1619204400004446,230224474,2460056.7485202854,60056.244745399999,17.2221775,0.0315362178,0,zr,167.6084195,19.2067671,1.11099994,-0.0579999983,20230422244734,1619,0x4,0x4,21.7700005,26.2459602,0.0410018712,0.094762221,5.17681437e-05,30,1.03199995,2
1619204400004446,230730738,2460061.8107744101,60061.307384300002,17.1751289,0.0309447777,0,zr,167.60841260000001,19.206758499999999,0.864000022,-0.0299999993,20230427307373,1619,0x4,0x4,21.3999996,26.1546593,0.0258950163,0.105204999,2.05799188e-05,30,1.22399998,2
1619204400004446,253242673,2460286.9273619172,60286.426736100002,17.1514664,0.0306569673,0,zr,167.608405,19.206728099999999,0.700999975,0.0170000009,20231208426725,1619,0x4,0x4,20.9400005,26.1643295,0.0285293646,0.110855423,2.54542065e-05,30,1.57799995,2
