source_id,wdj_name,wd_class,known_roster,in_core,cache_present,cache_bytes,read_status,raw_rows,selected_rows,drop_unsupported_band,drop_catflags,drop_invalid_mag,drop_invalid_magerr,drop_chi,drop_invalid_mjd,nearest_separation_arcsec,ztf_objects_in_cone,selected_ztf_objects,zg_raw_rows,zg_clean_rows,zr_raw_rows,zr_clean_rows,crossmatched
1004340654352214656,WDJ063313.84+575609.40,unclassified,False,True,True,761140,ok,2941,2910,0,0,0,0,0,0,0.06328899133868388,8,6,1178,1178,1763,1732,True
1013776353903293056,WDJ084952.49+471247.88,unclassified,False,True,True,1172910,ok,4578,2253,0,2,0,0,0,0,0.4215408274616514,12,6,1861,910,2717,1341,True
1022716139350977792,WDJ091233.53+531313.09,unclassified,False,True,True,448657,ok,1754,1754,0,0,0,0,0,0,0.105581116328894,2,2,550,550,1204,1204,True
1022780838739029120,WDJ091556.08+532523.86,unclassified,False,True,True,116826,ok,457,457,0,0,0,0,0,0,4.430056667774311,4,4,110,110,347,347,True
1024785484658469120,WDJ093250.57+554315.39,unclassified,False,True,True,845009,ok,3315,2034,0,0,0,0,0,0,0.22099910630921174,8,4,1116,859,2199,1175,True
1025369256613064192,WDJ094213.14+573342.49,unclassified,False,True,True,520530,ok,2033,2033,0,0,0,0,0,0,0.2511327832790228,4,4,846,846,1187,1187,True
1034050485029928704,WDJ083035.14+564459.53,unclassified,False,True,True,27585,ok,107,107,0,0,0,0,0,0,0.11639111310510095,2,2,37,37,70,70,True
1038176780370360576,WDJ091433.60+581238.12,unclassified,False,True,True,543113,ok,2121,2121,0,2,0,0,0,0,0.08886860943537679,4,4,862,860,1259,1259,True
1039815430652482560,WDJ092253.62+611023.66,unclassified,False,True,True,160590,ok,625,625,0,0,0,0,0,0,0.3000171769227334,3,3,553,553,72,72,True
103999471976858496,WDJ020127.21+234952.82,periodic/transit,True,True,True,447324,ok,1753,1608,0,1,0,0,0,0,0.0876914897884637,7,4,688,675,1065,932,True
1057476580987879808,WDJ113443.00+664406.30,unclassified,False,True,True,420627,ok,1638,8,0,0,0,0,0,0,0.10445668474065462,6,1,826,8,812,0,False
1072975022015600000,WDJ110225.15+703709.88,unclassified,False,True,True,295577,ok,1152,1140,0,1,0,0,2,0,3.081147599862676,5,3,544,538,608,599,True
1081519288218904960,WDJ080034.68+563332.50,unclassified,False,True,True,834768,ok,3290,3290,0,0,0,0,2,0,0.3160865141128324,4,4,1446,1445,1844,1843,True
1085903148454238208,WDJ073121.39+595737.01,unclassified,False,True,True,407725,ok,1605,1605,0,0,0,0,0,0,0.0966103639550071,4,4,659,659,946,946,True
1090886925425489664,WDJ082954.01+640407.13,unclassified,False,True,True,26495,ok,103,103,0,0,0,0,0,0,0.17524826646113484,2,2,47,47,56,56,True
1094376947131876352,WDJ080026.64+633414.85,unclassified,False,True,True,863104,ok,3402,3392,0,1,0,0,0,0,0.07363786562733621,8,6,1511,1511,1891,1880,True
1107590946593313920,WDJ061535.10+711233.87,unclassified,False,True,True,32230,ok,123,119,0,0,0,0,0,0,0.06007266893033097,3,2,48,48,75,71,True
1110291480292939136,WDJ074629.95+703005.78,unclassified,False,True,True,820136,ok,3247,1368,0,8,0,0,4,0,0.18092428516102232,11,4,1395,654,1852,702,True
1112171030998592256,WDJ071709.79+740040.53,unclassified,False,True,True,359237,ok,1411,1411,0,0,0,0,0,0,0.4762172763249304,4,4,675,675,736,736,True
1116797359314558208,WDJ061851.11+772728.75,unclassified,False,True,True,627394,ok,2426,2426,0,0,0,0,0,0,0.29503215389564613,6,6,1164,1164,1262,1262,True
114808397128552576,WDJ024849.59+264332.15,unclassified,True,True,True,1276618,ok,4984,2499,0,42,0,0,0,0,0.0972924425684607,18,6,1811,870,3173,1587,True
1151452939325236864,WDJ105748.50+865658.09,unclassified,False,True,True,329994,ok,1283,1283,0,0,0,0,0,0,0.18410749251782768,4,4,635,635,648,648,True
1151978952560241024,WDJ083907.09+865815.69,unclassified,False,True,True,165932,ok,644,644,0,0,0,0,0,0,0.28587646415712775,2,2,309,309,335,335,True
1155921079702524160,WDJ152149.03+043928.30,unclassified,False,True,True,23168,ok,89,89,0,0,0,0,0,0,0.21287766854892365,3,3,20,20,69,69,True
1157401396015448960,WDJ151215.73+065156.43,unclassified,False,True,True,342256,ok,1334,1334,0,0,0,0,0,0,0.0485976479108746,4,4,520,520,814,814,True
1158050898150073472,WDJ145545.58+041508.67,unclassified,False,True,True,592027,ok,2315,1301,0,0,0,0,0,0,0.08966233114260247,6,3,858,489,1457,812,True
1160300056558791168,WDJ150626.20+063846.26,unclassified,False,True,True,349070,ok,1362,1362,0,0,0,0,0,0,0.45540948945208676,4,4,519,519,843,843,True
1163266672074075008,WDJ151826.69+065813.27,unclassified,False,True,True,343313,ok,1340,1340,0,1,0,0,0,0,0.053677856576176644,4,4,513,512,827,827,True
1171325095873664640,WDJ143440.09+060702.67,unclassified,False,True,True,234590,ok,916,916,0,0,0,0,0,0,0.09287110965622256,4,4,352,352,564,564,True
1179312330589760768,WDJ143041.14+122623.43,unclassified,False,True,True,338219,ok,1340,1333,0,0,0,0,0,0,0.07325198769296543,5,4,542,542,798,791,True
1180021786172275712,WDJ145832.64+100818.11,unclassified,False,True,True,328284,ok,1298,1298,0,1,0,0,0,0,0.08704271523201526,2,2,536,536,762,761,True
1183379213647590016,WDJ150552.81+135057.00,unclassified,False,True,True,361819,ok,1427,1427,0,0,0,0,2,0,0.10853716476745308,4,4,568,568,859,857,True
1188363918331170048,WDJ145540.89+175351.74,unclassified,False,True,True,590926,ok,2326,1461,0,1,0,0,0,0,0.19850220750692227,19,6,556,512,1770,948,True
1190316479183748992,WDJ154119.84+120914.79,unclassified,False,True,True,407723,ok,1612,1612,0,0,0,0,0,0,0.04517229144568054,4,4,624,624,988,988,True
1191504471436192512,WDJ155256.12+125444.43,WD-MS binaries,True,True,True,573195,ok,2276,1513,0,3,0,0,0,0,0.2753390226198904,6,3,676,606,1600,904,True
1196820816314793984,WDJ154955.89+175600.82,unclassified,False,True,True,920625,ok,3615,1740,0,1,0,0,1,0,0.4108384335019953,10,4,1444,721,2171,1017,True
1199164627209299584,WDJ160110.81+161827.19,unclassified,False,True,True,545065,ok,2138,1718,0,2,0,0,0,0,0.09256544417653301,4,2,740,705,1398,1011,True
1202826348825240832,WDJ155226.38+181018.69,unclassified,False,False,True,75003,ok,294,294,0,0,0,0,10,0,0.5606239491666504,5,5,112,112,182,172,True
1205863230004087808,WDJ160115.85+210622.70,unclassified,False,True,True,43749,ok,173,16,0,0,0,0,1,0,0.17826793733733834,4,1,24,15,149,0,False
1212352655004983808,WDJ151500.57+191619.69,unclassified,False,True,True,25868,ok,100,78,0,0,0,0,0,0,0.07195078311160212,3,2,33,33,67,45,True
1212395535957392256,WDJ151322.58+192810.61,unclassified,False,True,True,394082,ok,1556,1556,0,1,0,0,196,0,0.05261130278042982,4,4,645,644,911,715,True
1215329685816059520,WDJ151736.18+224822.80,unclassified,False,True,True,423768,ok,1663,1663,0,3,0,0,0,0,0.2441517972359259,4,4,734,733,929,927,True
1222226436929209472,WDJ153507.90+252118.56,unclassified,False,True,True,369346,ok,1452,1452,0,0,0,0,0,0,0.12545348912157067,4,4,528,528,924,924,True
1223988576107848832,WDJ153938.12+270605.84,unclassified,False,True,True,222181,ok,871,871,0,0,0,0,0,0,0.1042303427959398,3,3,418,418,453,453,True
12254267546754176,WDJ033958.55+094911.40,unclassified,False,True,True,162,ok,0,0,0,0,0,0,0,0,,0,0,0,0,0,0,False
1228266814506156928,WDJ143406.77+150817.81,unclassified,True,False,True,673681,ok,2662,2662,0,1,0,0,14,0,0.16634315398300012,6,6,1058,1048,1604,1599,True
1228505472953481728,WDJ142320.15+140608.73,unclassified,False,True,True,332750,ok,1315,1303,0,0,0,0,0,0,0.2717299577549954,6,4,557,552,758,751,True
1228541795492213248,WDJ142528.81+142059.39,unclassified,False,True,True,304192,ok,1203,1203,0,0,0,0,0,0,0.09003033991180331,4,4,544,544,659,659,True
1233399644022323712,WDJ141022.11+175232.63,unclassified,False,True,True,678323,ok,2663,2663,0,0,0,0,0,0,0.1201453378606632,6,6,1184,1184,1479,1479,True
1235533276400203776,WDJ142914.44+173219.18,unclassified,False,True,True,322140,ok,1263,1260,0,0,0,0,0,0,0.1394337575355703,5,4,462,459,801,801,True
1245635078135991296,WDJ140128.15+182006.12,unclassified,False,True,True,283801,ok,1113,1113,0,0,0,0,0,0,0.04247779156461137,3,3,425,425,688,688,True
1246692121126938240,WDJ135704.68+192133.34,unclassified,False,True,True,319715,ok,1251,1251,0,204,0,0,2,0,0.22014251740242075,4,4,586,483,665,562,True
1261751715280478848,WDJ150939.99+215015.77,unclassified,False,True,True,760693,ok,2977,2974,0,2,0,0,16,0,0.32317983949860596,7,6,1194,1186,1783,1770,True
1267342736203088128,WDJ145134.21+252222.30,unclassified,False,True,True,620595,ok,2443,1618,0,0,0,0,0,0,0.10133512742863071,7,4,734,725,1709,893,True
1273088783971336576,WDJ154315.11+302133.36,unclassified,False,True,True,785916,ok,3091,2585,0,2,0,0,4,0,0.48321802358985305,6,4,1191,1191,1900,1388,True
1273456463234876288,WDJ152935.00+292801.95,unclassified,False,True,True,391711,ok,1534,1534,0,0,0,0,0,0,0.29651734503496263,4,4,675,675,859,859,True
1286055427676135808,WDJ144007.60+315413.02,unclassified,False,True,True,639401,ok,2518,1917,0,0,0,0,0,0,0.1279143268666493,8,4,1050,873,1468,1044,True
1298959742817221760,WDJ163010.18+231735.06,unclassified,False,True,True,635961,ok,2494,2494,0,4,0,0,0,0,0.17535604523298431,4,4,1161,1159,1333,1331,True
1304881884242947200,WDJ163411.33+281211.59,unclassified,False,True,True,760104,ok,2980,2971,0,0,0,0,3,0,0.3564298732230808,5,4,1399,1399,1581,1569,True
130960218644587136,WDJ022228.39+283007.72,unclassified,False,True,True,567610,ok,2209,1409,0,1,0,0,0,0,0.06913858776485064,7,4,671,511,1538,897,True
1325292217371985024,WDJ162436.81+321252.81,unclassified,False,True,True,830450,ok,3249,3249,0,0,0,0,2,0,0.39712337477894727,4,4,1615,1614,1634,1633,True
1336712848946493952,WDJ172206.82+360229.55,unclassified,False,False,True,960859,ok,3735,3728,0,2,0,0,5,0,0.30665077323303114,5,4,1850,1846,1885,1875,True
1336988963803208192,WDJ171955.76+363936.32,unclassified,False,True,True,458708,ok,1788,1768,0,6,0,0,13,0,1.7720624370428306,6,4,901,899,887,850,True
1338943341425719168,WDJ170055.38+354951.09,unclassified,False,True,True,1863224,ok,7271,7044,0,4,0,0,6,0,0.35165360112776284,9,6,3465,3460,3806,3574,True
1346883876962000000,WDJ172240.63+395811.92,unclassified,False,True,True,1066534,ok,4142,4142,0,4,0,0,0,0,0.20262363720170956,4,4,2059,2058,2083,2080,True
1350121285870820352,WDJ174356.73+443852.18,unclassified,False,True,True,28920,ok,111,111,0,0,0,0,0,0,0.2494342629627683,2,2,46,46,65,65,True
1355161726346266112,WDJ170847.69+424100.56,unclassified,False,True,True,1993473,ok,7728,7725,0,1,0,0,14,0,0.12469819333967312,7,6,3837,3827,3891,3883,True
136610338318092544,WDJ024927.57+325112.43,unclassified,False,True,True,372721,ok,1450,1450,0,0,0,0,0,0,0.22361255964199642,3,3,620,620,830,830,True
1372458109403442432,WDJ160123.19+364834.29,unclassified,False,True,True,826543,ok,3230,3214,0,6,0,0,33,0,1.7611696415078777,9,6,1688,1665,1542,1510,True
1374086241309961600,WDJ153456.44+350534.73,unclassified,False,True,True,668445,ok,2618,2618,0,1,0,0,0,0,0.2899288591445529,4,4,1250,1250,1368,1367,True
137744793799623680,WDJ030710.82+342727.33,unclassified,False,True,True,383457,ok,1488,1488,0,2,0,0,0,0,0.21464541879391633,4,4,555,554,933,932,True
1395293935119779584,WDJ151343.51+443436.25,unclassified,False,True,True,672443,ok,2626,2622,0,0,0,0,2,0,0.10629451036499248,5,4,1317,1317,1309,1303,True
1410345596469085184,WDJ163914.29+474835.84,unclassified,True,True,True,1533848,ok,6017,3877,0,1,0,0,0,0,0.24500156084573702,11,6,2303,1912,3714,1964,True
1411939063696260736,WDJ164531.42+485949.06,unclassified,False,True,True,1054565,ok,4120,4120,0,0,0,0,0,0,0.14088289654274208,4,4,2044,2044,2076,2076,True
1415911839725510528,WDJ171743.52+515840.07,unclassified,False,True,True,1045442,ok,4077,4073,0,0,0,0,6,0,0.02816987299420595,5,4,1983,1983,2094,2084,True
141730416074813312,WDJ024830.32+372526.22,unclassified,False,True,True,829639,ok,3229,1480,0,7,0,0,0,0,0.09636559446124716,15,4,975,582,2254,891,True
1420761029600606592,WDJ172406.13+562003.08,unclassified,False,True,True,1041249,ok,4046,4046,0,12,0,0,0,0,0.05650717502316449,4,4,1995,1986,2051,2048,True
1425130935485979520,WDJ162024.49+522321.08,unclassified,False,True,True,1350362,ok,5280,3482,0,1,0,0,15,0,0.24419048700674734,9,5,1700,1673,3580,1793,True
1425758000710501248,WDJ163612.33+525408.22,unclassified,False,True,True,251216,ok,977,29,0,29,0,0,0,0,0.08026707426695204,4,1,823,0,154,0,False
1428369955006868352,WDJ162458.18+540429.97,unclassified,False,True,True,897182,ok,3508,3498,0,2,0,0,0,0,0.26596725055489623,6,4,1718,1716,1790,1780,True
1430581420783430528,WDJ164438.39+565841.79,unclassified,False,True,True,1399690,ok,5465,5465,0,3,0,0,3,0,0.2033217797451773,6,6,2681,2680,2784,2779,True
1434462314576560512,WDJ173426.55+582431.90,unclassified,False,True,True,1059848,ok,4119,4119,0,0,0,0,0,0,0.22665476176660812,3,3,1799,1799,2320,2320,True
1441779328237646720,WDJ133740.75+213217.11,unclassified,False,True,True,304178,ok,1193,1193,0,0,0,0,0,0,0.19935700565617667,3,3,591,591,602,602,True
1445074014829920000,WDJ133617.60+254141.11,unclassified,False,True,True,251281,ok,987,843,0,1,0,0,1,0,3.748997819808634,8,4,317,317,670,524,True
1449829295245251968,WDJ133017.09+283410.17,unclassified,False,True,True,89947,ok,355,210,0,0,0,0,170,0,6.9536288870051735,3,2,145,0,210,40,False
1457566425425140864,WDJ135610.10+320146.94,unclassified,False,True,True,352183,ok,1371,279,0,279,0,0,0,0,5.341592071755027,6,1,789,0,582,0,False
1465214177336901376,WDJ124740.10+303007.41,unclassified,False,True,True,341965,ok,1343,1343,0,0,0,0,0,0,0.11675578589351922,4,4,632,632,711,711,True
1470268533506847744,WDJ132614.47+343111.49,unclassified,False,True,True,409746,ok,1604,1405,0,0,0,0,0,0,0.38513137725281027,8,4,713,709,891,696,True
1474090607723007104,WDJ130957.68+350947.19,unclassified,False,True,True,194486,ok,760,759,0,18,0,0,0,0,0.6505117848169042,5,4,435,425,325,316,True
1476652053203050368,WDJ132952.65+392150.38,unclassified,False,True,True,327495,ok,1281,1281,0,0,0,0,0,0,0.19697340721835774,2,2,556,556,725,725,True
1479182789667845376,WDJ141201.54+340427.09,unclassified,False,True,True,41747,ok,164,164,0,0,0,0,44,0,0.7571320149611477,2,2,78,35,86,85,True
1485679322841561728,WDJ141531.30+392357.57,unclassified,False,True,True,956352,ok,3739,3739,0,2,0,0,1,0,0.4815730212886338,6,6,1913,1912,1826,1824,True
1503131458592587264,WDJ134426.85+440833.30,unclassified,False,True,True,950601,ok,3704,3704,0,2,0,0,2,0,0.05847894528644991,4,4,1878,1876,1826,1824,True
1503577310557364992,WDJ133914.87+454306.48,unclassified,False,True,True,56636,ok,221,196,0,0,0,0,0,0,0.19453632995584974,5,3,167,167,54,29,True
1504338718064197760,WDJ141325.12+430858.62,unclassified,False,True,True,720298,ok,2808,2790,0,240,0,0,38,0,3.4710180682551597,5,3,1876,1850,932,662,True
1510467090935595008,WDJ135309.97+484021.17,V777 Her,True,True,True,465183,ok,1817,1774,0,0,0,0,1,0,0.23640645387713122,6,4,957,955,860,818,True
1510650503218915968,WDJ135724.00+495903.26,unclassified,False,True,True,981472,ok,3829,3829,0,2,0,0,8,0,0.20234370572491617,4,4,1984,1979,1845,1840,True
1519336713796357248,WDJ122635.57+361346.93,unclassified,False,True,True,349369,ok,1366,1366,0,0,0,0,0,0,0.3028378329140288,4,4,633,633,733,733,True
152371871863155840,WDJ041856.64+271748.31,unclassified,False,True,True,662307,ok,2577,2575,0,1,0,0,5,0,0.2801687067246492,7,6,897,896,1680,1673,True
1527701145426221824,WDJ125724.06+422054.42,unclassified,False,True,True,523779,ok,2053,1217,0,16,0,0,0,0,0.1915018665887784,8,4,890,606,1163,595,True
153053427336817152,WDJ042821.59+290320.76,unclassified,False,True,True,332415,ok,1292,1292,0,0,0,0,0,0,0.07848181601798006,4,4,494,494,798,798,True
1534384148897669248,WDJ123752.23+415624.69,unclassified,False,True,True,333905,ok,1304,1304,0,1,0,0,1,0,1.6463345358071924,4,4,680,679,624,623,True
1543370904111505408,WDJ124341.75+480534.46,unclassified,False,True,True,749902,ok,2928,2928,0,1,0,0,3,0,0.3161163998514812,6,6,1521,1521,1407,1403,True
1545014807135001088,WDJ121929.50+471522.94,unclassified,False,True,True,358178,ok,1398,1398,0,0,0,0,0,0,0.4437686442234264,4,4,716,716,682,682,True
1555179177955997440,WDJ125526.34+475719.25,unclassified,False,False,True,469393,ok,1835,1835,0,1,0,0,0,0,0.33826197246793704,2,2,935,934,900,900,True
1558322303741820928,WDJ133941.14+484727.47,unclassified,False,True,True,881786,ok,3462,1846,0,2,0,0,0,0,0.10295363249794805,12,4,1178,1007,2284,837,True
1561515526026874624,WDJ135120.25+545742.59,unclassified,False,False,True,955746,ok,3735,3730,0,2,0,0,14,0,0.35304778067739134,5,4,1959,1958,1776,1756,True
1578040258079246592,WDJ124306.46+580851.28,unclassified,False,True,True,573491,ok,2241,335,0,2,0,0,0,0,0.20572366507977097,7,2,1248,333,993,0,False
1578072075196957696,WDJ124407.67+582351.90,unclassified,False,True,True,471099,ok,1839,1839,0,0,0,0,1,0,0.05087688664989626,3,3,888,888,951,950,True
1586418811560728192,WDJ145322.67+435505.51,unclassified,False,True,True,162,ok,0,0,0,0,0,0,0,0,,0,0,0,0,0,0,False
1587611884756030720,WDJ150945.35+454624.42,unclassified,False,True,True,21296,ok,82,82,0,0,0,0,0,0,0.5917908610682082,2,2,27,27,55,55,True
1599573471755615872,WDJ152356.59+542256.80,unclassified,False,True,True,1178847,ok,4630,2732,0,1,0,0,0,0,0.11979098413438305,8,4,2091,1314,2539,1417,True
1601328670269782400,WDJ152809.27+553914.49,unclassified,False,True,True,700644,ok,2741,2684,0,3,0,0,1,0,0.5623568964975606,3,2,1305,1303,1436,1377,True
1604590130995452032,WDJ143047.25+510730.35,unclassified,False,True,True,609356,ok,2381,2381,0,0,0,0,2,0,0.22648798119820585,4,4,1179,1179,1202,1200,True
161359000733439488,WDJ044258.31+323715.63,unclassified,False,True,True,194713,ok,755,755,0,0,0,0,0,0,0.10575991597658803,3,3,286,286,469,469,True
1613754148095692800,WDJ144823.77+572454.62,unclassified,False,True,True,650835,ok,2541,2541,0,3,0,0,1,0,0.13994097549837353,4,4,1303,1301,1238,1236,True
1617418957790376576,WDJ145323.52+595056.24,unclassified,False,True,True,559304,ok,2182,2182,0,0,0,0,0,0,0.16603050531809938,4,4,1107,1107,1075,1075,True
1622509593546662784,WDJ155513.93+564710.67,unclassified,False,True,True,20167,ok,78,76,0,0,0,0,0,0,0.11943557907974955,3,2,20,20,58,56,True
1622933901956297856,WDJ155517.49+580637.83,unclassified,False,True,True,715033,ok,2795,2783,0,0,0,0,2,0,0.06548972583974014,5,4,1318,1316,1477,1465,True
1624129483413023360,WDJ163358.75+591206.59,unclassified,False,True,True,721038,ok,2821,1669,0,0,0,0,1,0,0.2278602701486393,8,4,1247,808,1574,860,True
1632472715084508800,WDJ171113.00+654158.28,unclassified,False,True,True,320453,ok,1247,849,0,1,0,0,3,0,0.12069448689592745,5,3,397,397,850,448,True
1641326979142898048,WDJ154144.89+645352.98,unclassified,False,True,True,653783,ok,2548,2548,0,2,0,0,2,0,0.1611508556652244,3,3,1241,1241,1307,1303,True
1650240032714843008,WDJ165151.63+705312.69,unclassified,False,True,True,1107580,ok,4324,2238,0,1,0,0,0,0,0.07985408400743979,8,4,2139,1131,2185,1106,True
1660083749863708800,WDJ140518.73+594125.39,unclassified,False,True,True,989096,ok,3863,1924,0,1,0,0,0,0,0.16924266071705904,10,4,1970,982,1893,941,True
1666750569898974208,WDJ141557.87+623046.51,unclassified,False,True,True,619641,ok,2424,2424,0,2,0,0,0,0,0.04721731065034359,5,5,1200,1198,1224,1224,True
1667610770243901568,WDJ141722.69+630353.79,unclassified,False,True,True,2070315,ok,8096,4044,0,6,0,0,0,0,0.33865273649084265,8,4,4128,2059,3968,1979,True
1674958389840474496,WDJ141419.54+704554.50,unclassified,False,True,True,405744,ok,1580,1577,0,1,0,0,0,0,0.2315615453990346,5,4,823,820,757,756,True
1687736059280811008,WDJ132332.24+711453.65,unclassified,False,True,True,21824,ok,84,42,0,0,0,0,1,0,0.3534756527091897,4,2,28,14,56,27,False
1697669356564165632,WDJ151646.42+735206.96,unclassified,False,True,True,672108,ok,2625,1537,0,0,0,0,1,0,0.07129127530823133,4,2,1082,751,1543,785,True
1699066870202540288,WDJ141353.96+713612.59,unclassified,False,True,True,405775,ok,1579,1576,0,1,0,0,1,0,0.2744627190990657,4,3,803,802,776,772,True
1709387775398437760,WDJ165710.91+801137.32,unclassified,False,True,True,588752,ok,2292,2292,0,2,0,0,0,0,0.12639126184599553,3,3,927,926,1365,1364,True
1714635091562696320,WDJ143755.28+785148.62,unclassified,False,True,True,732133,ok,2856,2856,0,2,0,0,0,0,0.06810609690159752,4,4,1448,1446,1408,1408,True
1717969674107797760,WDJ120144.57+800459.70,unclassified,False,True,True,162,ok,0,0,0,0,0,0,0,0,,0,0,0,0,0,0,False
1719109695867245312,WDJ132845.71+811853.14,unclassified,False,True,True,211981,ok,825,825,0,0,0,0,0,0,0.18881921763888176,3,3,383,383,442,442,True
1728880879608190592,WDJ153028.82+874848.48,unclassified,False,True,True,162,ok,0,0,0,0,0,0,0,0,,0,0,0,0,0,0,False
172978953148524160,WDJ043338.11+335337.68,unclassified,False,True,True,143199,ok,550,213,0,0,0,0,0,0,0.12100716743776058,6,2,166,68,384,145,True
1734149262590636800,WDJ205214.06+035833.79,unclassified,False,True,True,276538,ok,1075,1075,0,2,0,0,0,0,0.2156115037110274,4,4,479,479,596,594,True
1739636512805502976,WDJ211736.85+065525.94,unclassified,False,True,True,378495,ok,1473,1213,0,1,0,0,0,0,0.024588681012045917,7,4,513,511,960,701,True
1740097341320384000,WDJ212128.17+072416.72,unclassified,False,True,True,74891,ok,289,161,0,0,0,0,0,0,0.27873197799628713,7,3,127,79,162,82,True
1747832062024486912,WDJ203750.60+061227.67,unclassified,False,True,True,450642,ok,1754,1219,0,0,0,0,0,0,0.33941899893329425,4,2,524,469,1230,750,True
1748833236082347136,WDJ202932.51+070107.70,unclassified,False,True,True,239505,ok,928,928,0,0,0,0,0,0,0.0812613127225023,4,4,298,298,630,630,True
1755145979013455872,WDJ204307.43+121926.72,unclassified,False,True,True,395376,ok,1554,1546,0,0,0,0,0,0,0.18981721199868712,5,4,622,622,932,924,True
1755694777053825792,WDJ202914.24+122817.11,unclassified,False,True,True,637261,ok,2518,1379,0,0,0,0,0,0,0.05188808896090742,9,2,582,495,1936,884,True
1761356059346267648,WDJ204845.82+133354.86,unclassified,False,True,True,471081,ok,1857,1215,0,5,0,0,0,0,0.09636559446124716,10,4,673,530,1184,680,True
1766702297192943488,WDJ214128.28+114622.57,unclassified,False,False,True,72125,ok,281,281,0,0,0,0,0,0,0.8189302108802677,4,4,111,111,170,170,True
1769711243905794560,WDJ215151.11+153653.56,unclassified,False,True,True,397532,ok,1563,1563,0,1,0,0,2,0,0.08389254746256476,2,2,675,672,888,888,True
177368203568437120,WDJ042017.25+361627.27,unclassified,False,True,True,89243,ok,343,168,0,0,0,0,0,0,0.9942608451633121,4,2,126,73,217,95,True
1781896688895465344,WDJ221512.18+213905.52,unclassified,False,True,True,1343458,ok,5237,2867,0,2,0,0,0,0,0.06283959636637347,9,4,2233,1311,3004,1554,True
1782043950438695808,WDJ220939.41+214751.18,unclassified,False,True,True,42436,ok,164,164,0,0,0,0,0,0,0.21044521112172782,2,2,57,57,107,107,True
178949262640226176,WDJ043405.03+391125.34,unclassified,False,True,True,613689,ok,2381,1352,0,0,0,0,0,0,0.5681229247742002,5,2,711,472,1670,880,True
1794680225259350144,WDJ214446.87+242445.64,unclassified,False,True,True,614504,ok,2397,2394,0,0,0,0,0,0,0.3672516246255335,3,2,1062,1059,1335,1335,True
1796210023892145408,WDJ214854.21+245754.54,unclassified,False,True,True,1282309,ok,4996,4996,0,4,0,0,0,0,0.6972026628895639,6,6,2287,2285,2709,2707,True
1797734879016276096,WDJ213959.16+244011.56,unclassified,False,True,True,903639,ok,3530,2525,0,2,0,0,1,0,0.029799513415632597,9,4,1130,1094,2400,1428,True
1800112366754245376,WDJ214725.82+271120.56,unclassified,False,True,True,1298845,ok,5060,5060,0,2,0,0,0,0,0.056423522608648496,6,6,2306,2306,2754,2752,True
1801198478081592192,WDJ214313.38+282717.41,unclassified,False,True,True,726617,ok,2846,2552,0,0,0,0,1,0,0.2816987299420812,6,4,1122,1122,1724,1429,True
1806429851344290560,WDJ200529.23+135917.81,unclassified,False,True,True,1799010,ok,7099,1671,0,0,0,0,118,0,0.35556743996938067,22,4,2196,551,4903,1002,True
1807309147099442432,WDJ195952.94+143534.17,unclassified,False,True,True,1300535,ok,5132,1638,0,0,0,0,0,0,0.06193102425384397,19,4,1134,520,3998,1118,True
1809460380271929344,WDJ200937.02+165219.12,unclassified,False,True,True,118429,ok,462,462,0,0,0,0,0,0,0.16823492172409965,4,4,93,93,369,369,True
1809844934461976832,WDJ200736.50+174214.73,unclassified,False,True,True,912615,ok,3565,1856,0,2,0,0,1,0,0.29793172418985947,11,4,885,584,2680,1269,True
1810340947334738944,WDJ201459.75+184544.26,unclassified,False,True,True,1993814,ok,7794,1886,0,0,0,0,0,0,0.2376420013752045,25,4,1980,603,5814,1283,True
1810475401285228928,WDJ203728.70+145353.15,unclassified,False,True,True,1488965,ok,5849,2913,0,4,0,0,10,0,0.09626751240584641,12,6,2220,1111,3629,1788,True
1819329248736952704,WDJ203804.29+234059.97,unclassified,False,True,True,942647,ok,3676,1857,0,1,0,0,3,0,0.10235546107870422,6,3,1184,602,2492,1251,True
1825570630817994112,WDJ193725.67+201558.07,unclassified,False,True,True,2614740,ok,10261,1972,0,1,0,0,128,0,0.059599026831265355,26,4,2566,752,7695,1091,True
1830536094036524032,WDJ201055.49+233421.48,unclassified,False,True,True,591241,ok,2302,684,0,0,0,0,0,0,0.5409684455351408,8,2,127,55,2175,629,True
183138612392838784,WDJ053628.03+353229.19,unclassified,False,True,True,1369931,ok,5326,1529,0,6,0,0,0,0,0.06913858776485064,18,4,1378,470,3948,1053,True
1839072118176095744,WDJ205521.32+223811.07,unclassified,False,True,True,475820,ok,1859,1293,0,0,0,0,0,0,0.09592343543733538,5,2,544,521,1315,772,True
1840865211187303424,WDJ210452.73+233321.42,unclassified,False,True,True,594421,ok,2321,1990,0,1,0,0,0,0,0.4244775737673467,6,4,643,643,1678,1346,True
1844311394160744960,WDJ205904.51+252333.81,unclassified,False,True,True,468513,ok,1829,1829,0,1,0,0,0,0,0.17212076708432633,2,2,597,597,1232,1231,True
1853123945507031808,WDJ211119.44+315846.43,unclassified,False,True,True,995638,ok,3892,3702,0,0,0,0,0,0,0.013745490554998244,11,6,1374,1332,2518,2370,True
1858595974363522304,WDJ205209.52+294430.92,unclassified,False,True,True,1961514,ok,7682,3705,0,0,0,0,642,0,0.22808818227396077,12,4,1626,1214,6056,1849,True
1862796379351925888,WDJ203737.79+323833.34,unclassified,False,True,True,88572,ok,345,345,0,0,0,0,0,0,0.1868325181356259,2,2,168,168,177,177,True
1863757043284422784,WDJ202841.38+325837.35,unclassified,False,True,True,1258791,ok,4935,1696,0,1,0,0,0,0,0.061008922779964565,13,2,1037,597,3898,1098,True
186863929583753856,WDJ050215.07+381424.71,unclassified,False,True,True,460954,ok,1781,1781,0,0,0,0,0,0,0.152599709800342,6,6,607,607,1174,1174,True
1869749145436680576,WDJ205925.47+354837.24,unclassified,False,True,True,1842110,ok,7178,2014,0,0,0,0,0,0,0.07616043773078464,18,4,2232,722,4946,1292,True
187330225592045824,WDJ051454.97+373020.13,unclassified,False,True,True,775961,ok,3005,1458,0,1,0,0,0,0,0.7473047903130535,10,4,985,494,2020,963,True
1874954641491354624,WDJ222301.60+220131.69,unclassified,False,True,True,2764812,ok,10756,5374,0,4,0,0,10,0,0.24248229728778767,13,6,4774,2379,5982,2981,True
1874954645786146304,WDJ222301.71+220125.28,unclassified,False,False,True,3023433,ok,11770,5377,0,5,0,0,7,0,0.24426784816408392,15,6,4774,2382,6996,2983,True
1875390155471117568,WDJ223405.82+232510.96,unclassified,False,True,True,1118531,ok,4364,3029,0,0,0,0,0,0,0.06954729233620258,8,4,1517,1340,2847,1689,True
187576000803144704,WDJ052026.35+381240.87,unclassified,False,True,True,407415,ok,1579,1512,0,2,0,0,1,0,0.17346024850858757,6,4,519,519,1060,990,True
1879989790567353344,WDJ221519.86+253059.05,unclassified,False,True,True,700029,ok,2727,2717,0,1,0,0,1,0,0.06831384348548562,6,4,1259,1258,1468,1457,True
1891820737544168576,WDJ220448.90+254307.12,unclassified,False,True,True,1134606,ok,4416,2189,0,0,0,0,0,0,0.28678377510438935,8,4,1675,831,2741,1358,True
1893101535448502400,WDJ220247.69+275010.67,GW Vir,True,True,True,1231484,ok,4804,2530,0,0,0,0,0,0,0.4029328258612381,4,2,2173,1192,2631,1338,True
1893512958955407232,WDJ220420.60+282321.36,unclassified,True,True,True,697755,ok,2718,2711,0,2,0,0,0,0,0.2526142948337031,6,4,1250,1250,1468,1459,True
1897597369775277568,WDJ215040.62+303534.09,unclassified,False,True,True,455537,ok,1776,1776,0,0,0,0,1,0,0.8128746558898995,4,4,728,728,1048,1047,True
1898174235426878208,WDJ215832.88+320635.78,unclassified,False,True,True,678412,ok,2639,1808,0,0,0,0,0,0,0.06663373769377166,7,4,740,740,1899,1068,True
1900545847646195840,WDJ222958.08+302410.01,unclassified,False,True,True,592860,ok,2313,2293,0,3,0,0,2,0,0.4364490879638962,5,4,1020,1019,1293,1269,True
190584264613181568,WDJ052809.49+382423.64,unclassified,False,True,True,396159,ok,1539,524,0,0,0,0,86,0,0.12507641135512834,5,2,546,438,993,0,False
191101206879480704,WDJ054043.66+403824.29,unclassified,False,True,True,59783,ok,230,228,0,1,0,0,0,0,0.11234363581403431,4,3,67,67,163,160,True
1913174219724912128,WDJ232215.49+360543.12,unclassified,False,True,True,162,ok,0,0,0,0,0,0,0,0,,0,0,0,0,0,0,False
192370146377407872,WDJ055411.87+422101.98,unclassified,False,False,True,345336,ok,1334,1334,0,9,0,0,0,0,0.7375195442561873,4,4,408,401,926,924,True
1927715845116118784,WDJ225502.75+370446.19,unclassified,False,False,True,154408,ok,596,527,0,527,0,0,0,0,8.092998276502822,4,3,414,0,182,0,False
1940056553173007488,WDJ233849.47+475115.67,unclassified,False,True,True,515437,ok,2001,1902,0,0,0,0,0,0,0.23999563528462,8,4,712,709,1289,1193,True
1943433329480153344,WDJ233741.83+492130.26,unclassified,False,True,True,913279,ok,3548,1767,0,2,0,0,0,0,0.13717972027787584,5,2,1234,644,2314,1121,True
1944442608134953472,WDJ233453.60+500206.92,unclassified,False,True,True,746171,ok,2902,1939,0,0,0,0,0,0,0.18536037373766281,8,4,796,723,2106,1216,True
1944856063168152832,WDJ233921.05+512410.79,unclassified,False,True,True,1586370,ok,6171,3361,0,3,0,0,2,0,0.4064111784442304,10,5,2041,1243,4130,2113,True
1948952328095510784,WDJ214944.77+343243.99,unclassified,False,True,True,921084,ok,3579,1775,0,0,0,0,11,0,0.18421008795210292,9,4,1486,739,2093,1025,True
1950573244454108160,WDJ213119.93+345246.84,unclassified,False,True,True,412000,ok,1601,1601,0,0,0,0,0,0,0.029640581544203716,4,4,542,542,1059,1059,True
1954100172820301056,WDJ214351.47+394103.14,unclassified,False,True,True,1577960,ok,6123,1381,0,1,0,0,1,0,0.21800798687391498,17,4,2812,1379,3311,0,False
1956343588854572544,WDJ220505.33+392327.71,unclassified,False,True,True,670,ok,2,2,0,0,0,0,0,0,10.118597952948164,1,1,2,2,0,0,False
1962873450975432448,WDJ220609.72+451513.83,unclassified,False,True,True,993971,ok,3837,1772,0,1772,0,0,0,0,0.022794317365151594,22,4,1089,0,2748,0,False
1974423541446133248,WDJ215309.86+461902.53,unclassified,False,True,True,422149,ok,1639,1639,0,1,0,0,0,0,0.31974150197362955,2,2,694,693,945,945,True
1976192282007568128,WDJ215938.99+481305.98,unclassified,False,True,True,913251,ok,3544,1768,0,4,0,0,0,0,0.03164449566934185,8,4,1510,755,2034,1009,True
1979173710875657344,WDJ213601.71+495456.54,unclassified,False,False,True,2332076,ok,9065,2650,0,0,0,0,0,0,0.17454608226441545,16,4,2432,936,6633,1714,True
1984582517786403328,WDJ230627.88+480302.27,unclassified,False,True,True,1027790,ok,3988,2004,0,1,0,0,3,0,3.1695652724679912,8,4,1386,700,2602,1300,True
1985385814114087808,WDJ224942.40+481751.35,unclassified,False,True,True,1112179,ok,4330,1848,0,2,0,0,0,0,0.12267417156473881,8,2,1242,620,3088,1226,True
1987013675437179008,WDJ223247.14+480714.18,unclassified,False,True,True,1130875,ok,4399,575,0,1,0,0,3,0,0.3277658266595027,13,3,1985,524,2414,47,True
1991219307415277184,WDJ232521.78+504153.41,unclassified,False,True,True,500711,ok,1938,1938,0,5,0,0,3,0,2.278393322452211,4,4,725,722,1213,1208,True
1997488585282421376,WDJ233707.27+551150.55,unclassified,False,True,True,457018,ok,1773,1773,0,0,0,0,0,0,0.06313954841150077,4,4,736,736,1037,1037,True
1997935055713474304,WDJ234521.27+562158.54,unclassified,False,True,True,68849,ok,266,164,0,0,0,0,0,0,0.08715117971675114,5,2,92,77,174,87,True
1999127510441929600,WDJ234507.33+581315.07,unclassified,False,True,True,64098,ok,248,171,0,0,0,0,1,0,0.139264274359359,5,2,84,84,164,86,True
2000317246438002688,WDJ223305.10+505619.57,unclassified,False,True,True,1061913,ok,4112,2183,0,1,0,0,0,0,0.4061321456763929,12,6,1353,760,2759,1422,True
2013322136838083840,WDJ230104.52+584119.40,unclassified,False,True,True,2080561,ok,8080,2821,0,0,0,0,1,0,0.5408636574575406,18,6,3167,1195,4913,1625,True
2017326107204193152,WDJ235915.98+653225.97,unclassified,False,True,True,1381068,ok,5357,5357,0,2,0,0,5,0,0.13666225438125953,8,8,2083,2081,3274,3269,True
2018186307564757760,WDJ193615.25+210058.25,unclassified,False,True,True,280766,ok,1097,125,0,0,0,0,0,0,0.20631976744275046,9,2,110,52,987,73,True
201854258801563520,WDJ045631.47+413120.83,unclassified,False,True,True,100674,ok,387,193,0,0,0,0,0,0,0.3854991381450067,4,2,144,73,243,120,True
201881364339401728,WDJ045722.54+415556.48,unclassified,False,False,True,392217,ok,1519,1519,0,2,0,0,0,0,0.7377884852937934,4,4,539,539,980,978,True
2021161620421893376,WDJ193844.94+242931.58,unclassified,False,True,True,1867540,ok,7327,1790,0,54,0,0,0,0,0.005323605600495954,12,2,1851,728,5476,1008,True
2022763711922380672,WDJ192329.48+235824.01,unclassified,False,True,True,27351,ok,107,84,0,0,0,0,37,0,5.719627286504734,5,2,19,0,88,47,False
2023651155237935360,WDJ190917.16+245241.05,unclassified,False,True,True,1646771,ok,6440,1686,0,0,0,0,0,0,0.1701611787367364,8,2,2022,551,4418,1135,True
2025832998631293952,WDJ192154.59+271437.48,unclassified,False,True,True,2181850,ok,8526,1856,0,0,0,0,0,0,0.1217465652754849,23,4,2846,807,5680,1049,True
2026040905089765888,WDJ192330.13+281348.41,unclassified,False,True,True,1252449,ok,4886,1956,0,0,0,0,0,0,0.25388259666696517,16,4,1293,808,3593,1148,True
2026653131220381824,WDJ195227.88+250929.18,unclassified,False,True,True,1133812,ok,4416,1990,0,64,0,0,3,0,0.7298583676161263,16,6,977,583,3439,1340,True
2032457521858833792,WDJ193913.12+301047.75,unclassified,False,True,True,1624777,ok,6305,703,0,703,0,0,0,0,0.15533012522787634,28,4,2833,0,3472,0,False
2033382692116807296,WDJ195237.76+301523.80,unclassified,False,True,True,1195031,ok,4684,1833,0,13,0,0,2,0,0.08207105398861769,13,4,1533,777,3151,1041,True
2043899619620928000,WDJ185924.85+330157.53,unclassified,False,True,True,709806,ok,2766,1089,0,0,0,0,0,0,0.20075005432243279,16,4,929,396,1837,693,True
2047237462045729152,WDJ193955.99+343220.97,unclassified,False,True,True,1620340,ok,6345,1743,0,1,0,0,609,0,0.15994459770467082,14,4,2277,821,4068,312,True
2048212728863128064,WDJ193924.48+354557.67,unclassified,False,True,True,1997163,ok,7781,2288,0,1,0,0,0,0,0.029957602129315097,27,6,2322,821,5459,1466,True
2052465197458897280,WDJ193359.04+392500.53,unclassified,False,True,True,770450,ok,3007,1200,0,0,0,0,449,0,0.3428115423840052,8,4,1037,295,1970,456,True
205380770549396736,WDJ050018.81+440654.25,unclassified,False,False,True,1244757,ok,4826,2677,0,2,0,0,1,0,0.2068913231043719,9,4,1564,978,3262,1696,True
2053953008490747392,WDJ201222.27+311348.88,unclassified,False,False,True,1082949,ok,4234,2122,0,1,0,0,5,0,0.45449584556558986,12,6,1827,917,2407,1199,True
2055661546498684416,WDJ201343.26+341355.59,unclassified,False,True,True,1263438,ok,4931,1919,0,3,0,0,1,0,0.5305830573911107,14,4,1614,887,3317,1028,True
2056368017063855360,WDJ202811.64+350525.08,unclassified,False,True,True,1475751,ok,5757,1901,0,3,0,0,0,0,0.09796977257478712,7,2,2313,813,3444,1085,True
205725119549955456,WDJ050932.26+450954.98,unclassified,False,True,True,1227963,ok,4759,2636,0,3,0,0,0,0,0.05684055357944761,12,6,1699,1004,3060,1629,True
2060393432246347648,WDJ200336.95+383030.62,unclassified,False,True,True,325617,ok,1262,552,0,6,0,0,0,0,0.06505553502496972,17,5,886,427,376,119,True
2061416695278519808,WDJ202034.57+392212.12,unclassified,False,True,True,802458,ok,3092,1828,0,1828,0,0,0,0,0.11784303343397096,4,2,775,0,2317,0,False
2062408081119518592,WDJ201309.37+400224.24,unclassified,False,True,True,1594751,ok,6208,2017,0,4,0,0,3,0,0.2005617334045074,15,4,1846,897,4362,1113,True
2062527859167527168,WDJ201448.14+403429.43,unclassified,False,True,True,5023,ok,19,19,0,0,0,0,1,0,8.798760575961511,1,1,0,0,19,18,False
2067689237315646848,WDJ202659.18+411643.87,unclassified,False,True,True,72064,ok,278,139,0,0,0,0,0,0,0.17632308957940834,4,2,118,59,160,80,True
2078037050483671552,WDJ194405.78+432720.91,unclassified,False,True,True,712921,ok,2771,1238,0,0,0,0,0,0,0.3236180100430771,8,3,123,62,2648,1176,True
2079732192477615360,WDJ194542.29+445512.35,unclassified,False,True,True,1410272,ok,5484,2762,0,3,0,0,2,0,0.43805866991587966,8,4,2355,1193,3129,1564,True
2086392484165035136,WDJ194914.58+473445.91,unclassified,False,False,True,148301,ok,572,279,0,0,0,0,2,0,0.07677813185174212,9,4,232,114,340,163,True
2089218503916899328,WDJ200246.47+521244.93,unclassified,False,True,True,170668,ok,661,16,0,0,0,0,1,0,0.11606599762895838,5,1,262,15,399,0,False
2092134443120038528,WDJ185730.18+335725.78,unclassified,False,True,True,552782,ok,2148,2139,0,0,0,0,6,0,1.0976744612406646,7,6,935,933,1213,1200,True
2095603539740855296,WDJ182408.25+351618.66,unclassified,False,True,True,56508,ok,217,217,0,0,0,0,0,0,0.04965528736497237,4,4,109,109,108,108,True
2097692474389579392,WDJ184213.78+375832.86,unclassified,False,True,True,734570,ok,2856,2853,0,0,0,0,0,0,0.3024632652593503,5,4,1303,1300,1553,1553,True
2114811453822316160,WDJ181222.75+432107.27,unclassified,False,True,True,580765,ok,2256,2036,0,1,0,0,5,0,0.27284019714009133,9,4,1021,1011,1235,1019,True
2118062851443364096,WDJ183040.20+451825.65,unclassified,False,True,True,1337730,ok,5202,2788,0,0,0,0,1,0,0.06988605367987669,8,4,2336,1343,2866,1444,True
2120335400240968448,WDJ183314.43+482912.80,unclassified,False,True,True,1386193,ok,5388,5388,0,3,0,0,1,0,0.014740396439281335,5,5,2558,2556,2830,2828,True
2120456419536355456,WDJ182606.04+482911.30,unclassified,False,True,True,723686,ok,2809,2809,0,3,0,0,3,0,0.22936854247235403,4,4,1352,1348,1457,1455,True
2121629147470776704,WDJ181824.35+465721.46,unclassified,False,True,True,1378322,ok,5355,2642,0,2,0,0,0,0,0.049845174434018584,10,4,2441,1219,2914,1421,True
2121710687425234048,WDJ181321.62+472104.53,unclassified,False,True,True,686452,ok,2683,1192,0,0,0,0,68,0,0.11450909411688671,6,2,1195,1124,1488,0,False
2126940892444693760,WDJ191931.09+443243.88,unclassified,False,True,True,703581,ok,2735,2730,0,0,0,0,1,0,0.011500302492468714,5,4,1190,1189,1545,1540,True
2128767627936545280,WDJ193914.79+482641.28,unclassified,False,True,True,704873,ok,2737,2673,0,7,0,0,1,0,0.08897484809786017,6,3,1247,1178,1490,1487,True
2143606976159946496,WDJ191446.09+593442.02,unclassified,False,True,True,708529,ok,2751,2751,0,16,0,0,0,0,0.03776884635531612,6,6,1337,1334,1414,1401,True
2144164707730692992,WDJ184516.50+501542.25,unclassified,False,True,True,725944,ok,2821,2811,0,1,0,0,0,0,0.029480792878562687,6,4,1282,1282,1539,1528,True
2144580907240525568,WDJ184506.31+505412.15,unclassified,False,True,True,718571,ok,2793,2793,0,2,0,0,1,0,0.013397446960808189,4,4,1280,1278,1513,1512,True
2146494091832635520,WDJ184716.63+533749.81,unclassified,False,True,True,714068,ok,2778,2775,0,0,0,0,0,0,0.0981624370137326,5,4,1293,1293,1485,1482,True
2155960371551164416,WDJ190319.56+603552.65,unclassified,False,True,True,662880,ok,2574,2574,0,0,0,0,8,0,0.6832697950015301,4,4,1253,1253,1321,1313,True
2158083013107793792,WDJ182444.29+600159.40,unclassified,False,False,True,752140,ok,2919,2919,0,1,0,0,3,0,0.20634266006611554,6,6,1427,1427,1492,1488,True
2163427876590946560,WDJ210111.97+452021.22,unclassified,False,True,True,1690147,ok,6583,2191,0,0,0,0,1,0,0.26546951699374893,15,4,1864,937,4719,1253,True
2163612727665972096,WDJ210404.68+463114.46,unclassified,False,True,True,1574047,ok,6126,2080,0,51,0,0,0,0,0.07714637440491137,17,3,1866,911,4260,1118,True
2167899311189012736,WDJ204044.65+492005.24,unclassified,False,True,True,1601518,ok,6227,2040,0,3,0,0,0,0,0.32762168406637615,8,2,2586,869,3641,1168,True
2173871656498100096,WDJ214959.19+540839.50,unclassified,False,True,True,118454,ok,457,253,0,0,0,0,0,0,1.5181332727506,9,4,131,104,326,149,True
2177866074856588928,WDJ212409.00+555520.78,unclassified,False,True,True,111405,ok,430,149,0,0,0,0,0,0,0.3505504347346804,9,2,101,58,329,91,True
2186782465621398656,WDJ202532.94+551656.48,unclassified,False,True,True,455925,ok,1769,1766,0,1,0,0,0,0,0.06177829646461979,5,4,793,792,976,973,True
2187273294481108352,WDJ203724.74+570846.01,unclassified,False,True,True,512596,ok,1986,1986,0,0,0,0,0,0,0.23716448849879612,4,4,896,896,1090,1090,True
2191618770599895296,WDJ212738.67+593755.72,unclassified,False,True,True,538177,ok,2088,2088,0,1,0,0,1,0,0.1665418066304111,4,4,851,851,1237,1235,True
2195949639517287936,WDJ205826.67+621720.81,unclassified,False,True,True,521522,ok,2027,2024,0,1,0,0,0,0,0.020846068559187744,5,4,785,785,1242,1238,True
2198121724740033408,WDJ215704.34+554842.88,unclassified,False,True,True,2710986,ok,10560,2177,0,0,0,0,0,0,0.07465712332140627,25,5,4384,998,6176,1179,True
2206722349507123456,WDJ222539.00+655030.47,unclassified,False,True,True,1730744,ok,6721,2411,0,8,0,0,0,0,0.1858439122953284,19,6,2172,1057,4549,1346,True
2208124536065383424,WDJ225039.96+632838.33,unclassified,False,True,True,1055729,ok,4106,1866,0,0,0,0,0,0,0.47142223440400016,11,4,1583,802,2523,1064,True
2210180554096762624,WDJ232411.16+653053.05,unclassified,False,True,True,436089,ok,1688,1688,0,0,0,0,1,0,0.10669369833079362,4,4,730,729,958,958,True
2210509235053668992,WDJ231927.46+663035.80,unclassified,False,True,True,389354,ok,1516,1323,0,1,0,0,0,0,0.08736770472057148,7,4,647,534,869,788,True
2214388728691905408,WDJ233707.48+690829.14,unclassified,False,True,True,353717,ok,1373,1373,0,1,0,0,0,0,0.040775714503346334,4,4,553,552,820,820,True
2216491579042731776,WDJ215512.94+631058.64,unclassified,False,True,True,479065,ok,1862,1862,0,0,0,0,0,0,0.20401753327751698,4,4,709,709,1153,1153,True
2230104696925290368,WDJ225546.01+724337.88,unclassified,False,True,True,801042,ok,3099,2795,0,2,0,0,0,0,0.2523523825861582,11,6,1248,1248,1851,1545,True
2231389789793686400,WDJ223140.69+742517.64,unclassified,False,True,True,13861,ok,53,53,0,1,0,0,0,0,4.173492890511001,1,1,53,52,0,0,False
2235756324128323712,WDJ194902.27+581330.82,unclassified,False,True,True,923767,ok,3581,3581,0,1,0,0,0,0,0.22376037475021032,6,6,1626,1625,1955,1955,True
2236516121030893568,WDJ200854.45+594158.89,unclassified,False,True,True,1217321,ok,4742,2645,0,0,0,0,0,0,0.28881889209127254,25,6,1498,1206,3244,1439,True
2237288944557097600,WDJ195709.84+600202.36,unclassified,False,True,True,638310,ok,2480,2480,0,1,0,0,0,0,0.008131941878121182,4,4,1134,1133,1346,1346,True
2240031951187372928,WDJ192853.87+610547.60,unclassified,False,True,True,1291715,ok,5016,2507,0,23,0,0,0,0,0.3068355582894109,8,4,2481,1227,2535,1257,True
2250247788602155904,WDJ202050.02+691244.23,unclassified,False,True,True,65253,ok,250,228,0,0,0,0,0,0,0.06534531612521721,6,4,99,99,151,129,True
2257524940668800128,WDJ181144.96+654916.42,unclassified,False,True,True,1418506,ok,5497,5497,0,3,0,0,2,0,0.18287185780148846,6,6,2786,2786,2711,2706,True
2260805780286092032,WDJ180115.37+721848.76,unclassified,False,True,True,724895,ok,2806,2775,0,0,0,0,2,0,0.12332700476012094,5,4,1401,1399,1405,1374,True
227766037015779200,WDJ041639.26+400233.25,unclassified,False,True,True,129284,ok,499,499,0,0,0,0,0,0,0.22569409043460456,2,2,499,499,0,0,False
229185399152176384,WDJ042221.56+424931.11,unclassified,False,False,True,50503,ok,193,193,0,0,0,0,0,0,0.3348092267807872,2,2,75,75,118,118,True
2293848574305633536,WDJ180958.04+782659.41,unclassified,False,True,True,29543,ok,113,113,0,0,0,0,0,0,0.30269742436019553,4,4,35,35,78,78,True
230146136092951296,WDJ035732.85+404842.66,unclassified,False,True,True,85460,ok,329,196,0,0,0,0,0,0,0.15370998910358494,5,2,98,76,231,120,True
2307289214897332480,WDJ235300.87-385146.66,unclassified,False,True,True,162,ok,0,0,0,0,0,0,0,0,,0,0,0,0,0,0,False
2311285729210966144,WDJ234931.84-353916.52,unclassified,False,True,True,162,ok,0,0,0,0,0,0,0,0,,0,0,0,0,0,0,False
2315815721412502656,WDJ002606.25-322424.24,unclassified,False,True,True,162,ok,0,0,0,0,0,0,0,0,,0,0,0,0,0,0,False
2317080636525453312,WDJ002300.86-302150.87,unclassified,False,True,True,39523,ok,152,152,0,0,0,0,0,0,0.25356611594681366,3,3,134,134,18,18,False
2317319612801004416,WDJ003449.86-312952.69,unclassified,False,True,True,4286,ok,16,16,0,0,0,0,0,0,0.2560501184872931,1,1,16,16,0,0,False
2326972431540034816,WDJ235040.28-302646.01,unclassified,False,True,True,13438,ok,51,44,0,0,0,0,0,0,0.15281622920965474,4,2,29,25,22,19,False
2338349628107880192,WDJ235122.09-240817.33,unclassified,False,True,True,14152,ok,54,54,0,0,0,0,0,0,1.2947164966908855,2,2,29,29,25,25,True
2342611713134728832,WDJ005459.15-273019.33,unclassified,False,True,True,130822,ok,515,515,0,0,0,0,0,0,0.22007813883183736,4,4,285,285,230,230,True
2348513096982909312,WDJ003348.97-225639.72,unclassified,False,True,True,135560,ok,524,524,0,1,0,0,0,0,0.1179632201387773,4,4,331,330,193,193,True
2364297204875140224,WDJ003611.76-173239.56,unclassified,False,True,True,163239,ok,632,632,0,2,0,0,0,0,0.18849373177342257,4,4,330,328,302,302,True
2365465955670181760,WDJ001511.15-185043.09,unclassified,False,True,True,162,ok,0,0,0,0,0,0,0,0,,0,0,0,0,0,0,False
236703211125673344,WDJ033543.61+402803.17,unclassified,False,True,True,110273,ok,424,424,0,0,0,0,0,0,0.07775623665739964,4,4,160,160,264,264,True
2371650330620404224,WDJ005546.41-150451.99,unclassified,False,True,True,24125,ok,94,94,0,0,0,0,0,0,1.2042100990655007,2,2,41,41,53,53,True
2372072298271576832,WDJ005833.45-142843.24,unclassified,False,True,True,233362,ok,930,668,0,0,0,0,0,0,0.5017857173614487,4,2,384,339,546,329,True
2375576682347401216,WDJ003512.88-122508.84,unclassified,False,True,True,737281,ok,2894,1632,0,1,0,0,0,0,0.8656058291611646,26,8,1065,809,1829,822,True
2375950378861879040,WDJ004147.33-133546.73,unclassified,False,True,True,153971,ok,613,613,0,2,0,0,0,0,0.08677096085276637,3,3,297,296,316,315,True
2378137036906365056,WDJ231534.96-283422.97,unclassified,False,True,True,96634,ok,374,373,0,0,0,0,0,0,0.06425189846655435,6,5,256,256,118,117,True
2383855218925266560,WDJ225645.31-243932.97,unclassified,False,True,True,127840,ok,501,501,0,2,0,0,2,0,0.4003573222328753,4,4,259,259,242,238,True
2386223463892847872,WDJ230840.77-214459.60,unclassified,False,False,True,106098,ok,412,412,0,0,0,0,0,0,1.4502404529945494,6,6,200,200,212,212,True
2393875961742886656,WDJ233852.80-182612.68,unclassified,False,True,True,176292,ok,684,684,0,0,0,0,0,0,0.6671379186416381,4,4,330,330,354,354,True
2399970451616401280,WDJ230429.81-183747.95,unclassified,False,True,True,170173,ok,661,661,0,0,0,0,0,0,0.35172075544922443,2,2,301,301,360,360,True
2404891590784758784,WDJ225216.48-145907.61,unclassified,False,True,True,298811,ok,1174,739,0,1,0,0,0,0,0.15334078923712915,8,4,483,342,691,396,True
2411529617359368960,WDJ230047.06-125054.98,unclassified,False,True,True,249740,ok,979,979,0,0,0,0,1,0,0.2045031523492247,4,4,444,443,535,535,True
2415294924993433216,WDJ235542.72-164924.98,unclassified,False,True,True,171361,ok,665,665,0,0,0,0,0,0,0.11259562185580593,4,4,354,354,311,311,True
2427145530036978816,WDJ003530.33-080905.69,unclassified,False,True,True,197274,ok,761,761,0,1,0,0,0,0,0.11276329971766148,2,2,383,383,378,377,True
2428675569186550784,WDJ000555.90-100213.55,unclassified,False,True,True,223183,ok,886,886,0,0,0,0,0,0,0.2939575272412704,6,6,456,456,430,430,True
2441483303397892608,WDJ235943.81-074038.08,unclassified,False,True,True,236185,ok,913,895,0,0,0,0,0,0,0.4287183027459392,7,4,472,454,441,441,True
2445199961937383424,WDJ000830.57-034941.84,unclassified,False,True,True,204685,ok,796,796,0,0,0,0,0,0,0.16631475566371798,4,4,365,365,431,431,True
2450585266810809216,WDJ013715.16-172722.72,unclassified,False,True,True,134905,ok,525,525,0,0,0,0,0,0,1.2953839562753198,4,4,241,241,284,284,True
2461540319633254656,WDJ020158.87-105438.25,unclassified,False,True,True,388762,ok,1529,1520,0,13,0,0,0,0,0.29987544767606067,5,4,836,834,693,673,True
2466766946939761280,WDJ015841.01-062841.90,unclassified,False,True,True,230110,ok,894,870,0,0,0,0,0,0,0.16873954351915188,8,4,423,411,471,459,True
2474288985158936960,WDJ005547.78-084507.23,unclassified,False,True,True,191068,ok,747,747,0,2,0,0,0,0,0.10931770577218979,4,4,398,398,349,347,True
2478893842934875136,WDJ013148.02-055900.14,unclassified,False,True,True,246425,ok,955,948,0,1,0,0,0,0,0.08828201154339929,5,4,459,459,496,488,True
2486390515077933696,WDJ021243.27-080216.23,unclassified,False,True,True,51468,ok,197,4,0,0,0,0,0,0,0.17018893522966005,5,1,101,4,96,0,False
2488974302977323008,WDJ023427.73-045430.68,unclassified,False,True,True,293278,ok,1132,1132,0,0,0,0,0,0,0.33788473630602583,4,4,554,554,578,578,True
2495887310538281600,WDJ024202.24-022538.47,unclassified,False,True,True,536066,ok,2082,1041,0,0,0,0,3,0,0.2829869037902326,8,4,1050,524,1032,514,True
2498367529597482496,WDJ025403.75+005854.22,unclassified,False,True,True,506670,ok,1958,1958,0,0,0,0,0,0,0.07603629675546389,4,4,946,946,1012,1012,True
2500748109710808064,WDJ021952.57-002248.99,unclassified,False,True,True,39169,ok,150,150,0,0,0,0,0,0,0.1080136705671959,2,2,75,75,75,75,True
2508550832631950592,WDJ014323.63-014958.74,unclassified,False,True,True,239844,ok,942,917,0,0,0,0,0,0,0.07115864026254491,6,4,460,460,482,457,True
2515384911578351232,WDJ022517.08+031218.43,unclassified,False,True,True,351174,ok,1367,1367,0,0,0,0,0,0,0.028001693144876376,6,6,638,638,729,729,True
2516291016534467200,WDJ023341.36+051843.65,unclassified,False,True,True,37412,ok,144,144,0,3,0,0,1,0,0.10788240010682507,2,2,71,71,73,69,True
2521231599018864000,WDJ020724.06+071546.88,unclassified,False,True,True,335542,ok,1309,1309,0,1,0,0,0,0,0.31559299083077835,4,4,574,574,735,734,True
2529964882439353728,WDJ004035.37-024747.92,unclassified,False,True,True,409578,ok,1619,1009,0,0,0,0,0,0,0.41290273072208233,11,6,570,427,1049,582,True
2532727272261119616,WDJ010812.87-020411.96,unclassified,False,True,True,404570,ok,1583,1032,0,1,0,0,0,0,0.06541756083067031,7,4,708,503,875,528,True
2533306985471073920,WDJ011810.31-015612.23,unclassified,False,True,True,198696,ok,782,782,0,1,0,0,1,0,0.11355638840806284,2,2,398,397,384,383,True
2539057401220177920,WDJ010528.63+020501.63,unclassified,False,True,True,245031,ok,960,944,0,1,0,0,0,0,0.680214318140062,6,4,434,433,526,510,True
2543356006353057792,WDJ003719.12+003139.22,unclassified,False,True,True,297874,ok,1148,1147,0,0,0,0,0,0,0.2452713227718758,5,4,512,511,636,636,True
2555917621757969408,WDJ004419.67+053705.64,unclassified,False,True,True,306291,ok,1204,1171,0,0,0,0,0,0,0.25976795233423694,6,4,530,530,674,641,True
2558979619911117568,WDJ013104.83+022218.60,unclassified,False,True,True,735232,ok,2882,557,0,0,0,0,0,0,0.242189926741421,12,5,1530,486,1352,71,True
2559512165787198592,WDJ012221.34+022706.18,unclassified,False,True,True,278390,ok,1095,1004,0,1,0,0,243,0,0.026618028002479786,13,4,495,406,600,354,True
2572682768899661312,WDJ013520.75+082814.85,unclassified,False,True,True,335857,ok,1306,1306,0,0,0,0,0,0,0.7343360287341383,4,4,554,554,752,752,True
258439731372229120,WDJ043350.99+485039.18,unclassified,False,True,True,477524,ok,1856,1461,0,0,0,0,1,0,0.11022135106875838,6,4,566,565,1290,895,True
2584756467429594880,WDJ011009.09+132616.38,unclassified,False,True,True,400209,ok,1590,1108,0,0,0,0,0,0,0.26145353915026903,3,2,482,482,1108,626,True
2601503098967161984,WDJ223503.28-122924.38,unclassified,False,True,True,56894,ok,223,205,0,0,0,0,10,0,1.2121348442894107,3,1,205,195,18,0,False
2608280729159380992,WDJ224653.73-094834.48,unclassified,False,True,True,46324,ok,176,176,0,0,0,0,0,0,0.17956156836437256,4,4,87,87,89,89,True
2608877450440101504,WDJ223831.91-095048.99,unclassified,False,True,True,43613,ok,166,166,0,0,0,0,0,0,0.25909429328975364,4,4,80,80,86,86,True
2611423167751076224,WDJ224840.07-064244.65,unclassified,False,True,True,25644,ok,98,98,0,0,0,0,0,0,0.10180018323301585,2,2,46,46,52,52,True
2613380053634956928,WDJ220340.60-121511.95,unclassified,False,True,True,86940,ok,340,340,0,0,0,0,0,0,0.18449193121692384,4,4,137,137,203,203,True
2614048247467990528,WDJ220929.82-102705.50,unclassified,False,True,True,267757,ok,1051,1038,0,0,0,0,0,0,0.2649173640240821,6,4,479,479,572,559,True
2614454620092715776,WDJ221945.16-111142.54,unclassified,False,True,True,287685,ok,1129,1008,0,0,0,0,0,0,0.4196428705488792,6,4,471,471,658,537,True
2616210918121365760,WDJ222236.56-082806.01,unclassified,False,True,True,555260,ok,2142,1060,0,1,0,0,0,0,0.051430916269940744,8,4,1001,494,1141,565,True
2625078449333017856,WDJ224244.62-041415.20,unclassified,False,False,True,27133,ok,105,105,0,0,0,0,0,0,0.5056024177539182,2,2,34,34,71,71,True
2647884790098989568,WDJ233617.11+033509.04,unclassified,False,True,True,31194,ok,120,120,0,0,0,0,0,0,0.3230775141968805,2,2,57,57,63,63,True
264955055023575808,WDJ053310.05+542703.74,unclassified,False,True,True,836565,ok,3242,1398,0,0,0,0,0,0,0.01683471906199563,12,4,1054,499,2188,899,True
2651651205835166336,WDJ230153.60-001312.79,unclassified,False,True,True,283953,ok,1099,1096,0,548,0,0,0,0,0.3225068217634631,5,4,506,253,593,295,True
2657498580470832384,WDJ230953.41+011213.26,unclassified,False,True,True,294157,ok,1155,1155,0,1,0,0,1,0,0.27499570699681647,4,4,546,545,609,608,True
2658005420970607744,WDJ231906.96+021241.40,unclassified,False,True,True,449167,ok,1754,1058,0,1,0,0,1,0,0.11836296110189375,4,2,767,527,987,529,True
2660358032257156736,WDJ232847.64+051454.24,unclassified,False,True,True,167424,ok,652,646,0,0,0,0,0,0,1.6719879334917838,6,4,272,268,380,378,True
2667317799127474944,WDJ213958.29-074126.17,unclassified,False,True,True,273970,ok,1060,987,0,0,0,0,0,0,0.09864245179320007,6,4,464,460,596,527,True
2668378930927399296,WDJ214448.79-045706.89,unclassified,False,True,True,267819,ok,1035,1035,0,0,0,0,0,0,0.027490981109996503,4,4,461,461,574,574,True
2672992211134257152,WDJ214454.89-040918.07,unclassified,False,True,True,263607,ok,1019,1019,0,1,0,0,0,0,0.011500302492468714,4,4,459,459,560,559,True
2674266437736332160,WDJ214207.40-020942.37,unclassified,False,True,True,280223,ok,1086,1062,0,0,0,0,0,0,0.21572101232884058,6,4,482,482,604,580,True
2679476512239443328,WDJ221640.39+012741.48,unclassified,False,True,True,324714,ok,1276,1024,0,2,0,0,0,0,0.10240159831840523,7,4,485,471,791,551,True
2681387527873207424,WDJ215713.51+003714.87,unclassified,False,True,True,342742,ok,1324,1095,0,0,0,0,0,0,0.2748926286998246,8,4,503,491,821,604,True
2681579190788729984,WDJ215923.32+011725.10,unclassified,False,True,True,309545,ok,1214,1214,0,0,0,0,0,0,0.6498361471258691,4,4,530,530,684,684,True
2689960935434596224,WDJ211028.79-000350.50,unclassified,False,True,True,9704,ok,36,36,0,15,0,0,0,0,3.576881967376027,1,1,36,21,0,0,False
2709363196787375488,WDJ222908.57+062247.49,unclassified,False,True,True,58476,ok,225,225,0,0,0,0,0,0,0.7741774624194628,3,3,149,149,76,76,True
271649642028459392,WDJ041128.82+510208.62,unclassified,False,True,True,431669,ok,1673,1659,0,2,0,0,0,0,0.2721815386930357,5,4,585,585,1088,1072,True
2719012579552367488,WDJ225646.15+125250.31,unclassified,False,True,True,646364,ok,2546,2546,0,0,0,0,5,0,0.669491470215231,6,6,1148,1148,1398,1393,True
2719317414856391040,WDJ224845.48+122007.22,unclassified,False,True,True,337700,ok,1331,1319,0,0,0,0,1,0,0.29479190618020024,7,4,589,583,742,735,True
2728495759969160448,WDJ220107.06+121424.59,unclassified,False,True,True,286479,ok,1123,1072,0,553,0,0,3,0,4.437919539269839,4,1,1072,516,51,0,False
2743616007651372288,WDJ235056.66+044028.51,unclassified,False,True,True,340595,ok,1324,1163,0,1,0,0,1,0,0.35415650531962795,8,4,539,528,785,633,True
2749524641403549312,WDJ003221.86+073934.50,unclassified,False,True,True,248754,ok,963,963,0,0,0,0,0,0,0.07427654077465105,4,4,400,400,563,563,True
2754909740118313344,WDJ002511.11+121712.39,unclassified,False,True,True,344631,ok,1357,1357,0,0,0,0,0,0,0.25317462297834176,4,4,618,618,739,739,True
2769930207121379968,WDJ234953.46+130612.92,unclassified,False,True,True,228955,ok,901,901,0,0,0,0,0,0,1.0662948570404498,4,4,414,414,487,487,True
2780903539324180736,WDJ003213.13+160434.78,unclassified,False,True,True,84154,ok,326,209,0,0,0,0,0,0,0.16803827066714533,4,2,96,82,230,127,True
2789405753503977472,WDJ004929.37+202711.81,unclassified,False,True,True,722765,ok,2857,2854,0,14,0,0,0,0,0.21574290738216556,9,8,1215,1213,1642,1627,True
279512833789658752,WDJ045927.24+552521.05,unclassified,False,True,True,328360,ok,1270,1270,0,0,0,0,0,0,1.1098323919811013,4,4,478,478,792,792,True
2795150147707769728,WDJ003750.45+190136.04,unclassified,False,True,True,107808,ok,416,416,0,1,0,0,0,0,0.07584970433492365,4,4,169,168,247,247,True
2796821959433536640,WDJ001038.25+173907.24,unclassified,False,True,True,342883,ok,1344,1344,0,0,0,0,0,0,0.16223173094755383,4,4,478,478,866,866,True
2800064999043636224,WDJ002535.80+223741.89,unclassified,False,True,True,357809,ok,1389,1366,0,0,0,0,0,0,0.30623459918028384,5,3,623,623,766,743,True
2806866303095872768,WDJ003925.21+254823.74,unclassified,False,True,True,550143,ok,2140,2138,0,4,0,0,0,0,0.11508514062592227,5,4,715,714,1425,1420,True
2811679247742881536,WDJ230541.44+114841.37,unclassified,False,True,True,45969,ok,180,180,0,0,0,0,0,0,0.2734972693567147,4,4,54,54,126,126,True
2821736446243766016,WDJ234943.99+181111.36,unclassified,False,True,True,406380,ok,1585,1585,0,1,0,0,0,0,0.2410756849203414,2,2,675,674,910,910,True
2823262637102613248,WDJ235010.39+201914.37,unclassified,False,True,True,836028,ok,3262,3262,0,2,0,0,0,0,0.09210504397604916,8,8,1373,1372,1889,1888,True
2825254226320937088,WDJ231536.88+192449.14,unclassified,False,True,True,119747,ok,465,272,0,0,0,0,0,0,0.03338768055024972,7,4,211,124,254,148,True
2825795087259417984,WDJ232435.20+205633.83,unclassified,False,False,True,59677,ok,231,231,0,0,0,0,0,0,0.1076632603312741,2,2,96,96,135,135,True
2833849800205759360,WDJ224539.30+201633.35,unclassified,True,True,True,740310,ok,2886,2886,0,2,0,0,0,0,0.2628409526691037,4,4,1310,1309,1576,1575,True
2834374778352293888,WDJ223705.58+201128.35,unclassified,False,True,True,745981,ok,2908,2889,0,1,0,0,0,0,0.12271266965812802,5,4,1319,1319,1589,1569,True
2842650153836732928,WDJ230617.69+243207.68,unclassified,False,True,True,565893,ok,2207,2207,0,0,0,0,3,0,0.4440878486986494,2,2,773,772,1434,1432,True
2844933221011789952,WDJ231936.31+272859.82,unclassified,False,True,True,950921,ok,3745,13,0,0,0,0,2,0,8.734052784652349,9,1,1284,0,2461,11,False
284963933264877056,WDJ045408.65+595208.59,unclassified,False,True,True,234954,ok,908,866,0,1,0,0,0,0,0.27499570699681647,8,6,397,397,511,468,True
2850846184091080576,WDJ234949.49+225014.76,unclassified,False,True,True,661040,ok,2579,2579,0,0,0,0,2,0,0.33990572109104816,6,6,1132,1131,1447,1446,True
2856887798622638720,WDJ001704.83+275431.74,unclassified,False,True,True,580373,ok,2264,2258,0,2,0,0,0,0,0.05692359314684845,5,4,985,984,1279,1272,True
2861452348130844160,WDJ000637.91+310415.94,unclassified,False,True,True,121973,ok,481,481,0,0,0,0,0,0,0.023807888016215095,4,4,199,199,282,282,True
2867203584218146944,WDJ235318.25+292809.08,unclassified,False,True,True,621711,ok,2412,2412,0,0,0,0,0,0,0.1801917951688986,4,4,1060,1060,1352,1352,True
2873505301968425984,WDJ000346.01+313729.88,unclassified,False,True,True,366817,ok,1430,1430,0,24,0,0,0,0,0.1046825372956631,2,2,497,485,933,921,True
2878866348868244096,WDJ235343.17+362228.63,unclassified,False,True,True,485789,ok,1887,31,0,0,0,0,0,0,0.10299950179516608,8,1,783,31,1104,0,False
2883906059196952704,WDJ055450.71-380115.97,unclassified,False,True,True,162,ok,0,0,0,0,0,0,0,0,,0,0,0,0,0,0,False
2884220489459553920,WDJ060151.41-370451.54,unclassified,False,True,True,162,ok,0,0,0,0,0,0,0,0,,0,0,0,0,0,0,False
2885245504877875968,WDJ061629.27-360232.14,unclassified,False,True,True,162,ok,0,0,0,0,0,0,0,0,,0,0,0,0,0,0,False
2888030331609338240,WDJ054140.88-362248.22,unclassified,False,True,True,162,ok,0,0,0,0,0,0,0,0,,0,0,0,0,0,0,False
2888177253850677760,WDJ054412.15-352547.00,unclassified,False,True,True,162,ok,0,0,0,0,0,0,0,0,,0,0,0,0,0,0,False
2891839246047842432,WDJ062230.32-332542.96,unclassified,False,True,True,162,ok,0,0,0,0,0,0,0,0,,0,0,0,0,0,0,False
2895348848506336384,WDJ063216.49-291449.39,unclassified,False,True,True,162,ok,0,0,0,0,0,0,0,0,,0,0,0,0,0,0,False
2908195134345338496,WDJ054243.47-261011.29,unclassified,False,True,True,162,ok,0,0,0,0,0,0,0,0,,0,0,0,0,0,0,False
2913182102474677632,WDJ060645.07-235534.45,unclassified,False,True,True,243209,ok,944,944,0,0,0,0,0,0,0.13298362527744123,2,2,189,189,755,755,True
2931529038838835712,WDJ072159.33-180633.13,unclassified,False,True,True,608346,ok,2401,704,0,0,0,0,0,0,0.45687992570067476,11,3,711,221,1690,483,True
2933395799119992320,WDJ065056.43-191530.80,unclassified,False,True,True,23170,ok,90,90,0,0,0,0,0,0,0.2643997899414853,4,4,28,28,62,62,True
2934281803636268416,WDJ071220.55-181556.49,unclassified,False,True,True,194079,ok,766,754,0,0,0,0,0,0,0.3553947021756102,6,4,251,251,515,503,True
2935237657195591424,WDJ070223.05-174931.25,WD-MS binaries,True,True,True,190184,ok,750,750,0,0,0,0,0,0,0.07961712774615612,4,4,258,258,492,492,True
2935978242694067072,WDJ071119.49-154712.73,unclassified,False,True,True,23671,ok,93,65,0,0,0,0,0,0,0.1201453378606632,4,2,16,16,77,49,False
2936228106716638720,WDJ070712.32-152025.41,unclassified,False,True,True,540421,ok,2154,678,0,0,0,0,0,0,0.07553769271063254,8,2,651,254,1503,424,True
2940050734981714432,WDJ062734.43-193425.93,unclassified,False,True,True,147753,ok,571,571,0,0,0,0,0,0,0.47893715536702053,4,4,286,286,285,285,True
2944687547315654784,WDJ061821.56-163133.51,unclassified,False,True,True,157250,ok,607,607,0,0,0,0,1,0,0.03726523920347172,4,4,303,303,304,303,True
2947231645421113216,WDJ065014.88-154151.48,unclassified,False,True,True,22453,ok,90,76,0,0,0,0,0,0,8.014956529503012,2,1,0,0,90,76,False
2950907725113997312,WDJ064115.64-134123.77,unclassified,False,True,True,633523,ok,2518,768,0,2,0,0,0,0,0.017112997733483057,15,4,768,254,1750,512,True
2951380789991336192,WDJ062555.04-141442.31,unclassified,False,True,True,156728,ok,611,611,0,0,0,0,0,0,0.2675961425665174,4,4,302,302,309,309,True
2965139013348941952,WDJ053711.96-212445.33,unclassified,False,True,True,123293,ok,477,477,0,0,0,0,0,0,0.3430732358794086,4,4,225,225,252,252,True
2970066126811876992,WDJ052547.64-173349.95,unclassified,False,True,True,22534,ok,86,86,0,0,0,0,0,0,0.2569892145195605,2,2,33,33,53,53,True
2984906067750284928,WDJ052300.28-145945.81,unclassified,False,True,True,192074,ok,749,749,0,0,0,0,0,0,0.4312120536402507,4,4,363,363,386,386,True
2993100487396185472,WDJ061230.36-152103.17,unclassified,False,True,True,266056,ok,1040,528,0,0,0,0,0,0,0.14111739445221527,4,2,537,276,503,252,True
30012303751796864,WDJ032109.02+141056.37,unclassified,False,True,True,269526,ok,1060,1060,0,1,0,0,0,0,0.12579189267415034,4,4,496,496,564,563,True
3001477838284831872,WDJ061922.16-104142.77,unclassified,False,True,True,220202,ok,861,637,0,2,0,0,0,0,0.04169213711837554,9,4,357,299,504,336,True
300356718095890816,WDJ020537.73+294006.68,unclassified,False,True,True,1698135,ok,6665,2829,0,0,0,0,0,0,0.35817488562958444,14,4,2390,1145,4275,1684,True
3004235516525934464,WDJ060906.97-105513.28,unclassified,False,True,True,2955,ok,11,11,0,0,0,0,0,0,9.333153167145804,1,1,0,0,11,11,False
3006514254375269888,WDJ061906.92-082807.15,unclassified,False,True,True,172799,ok,663,663,0,1,0,0,0,0,0.06131783069296557,4,4,317,317,346,345,True
300940112094402176,WDJ015630.05+295532.28,unclassified,False,True,True,413920,ok,1619,1614,0,1,0,0,1,0,0.3601869352181417,5,4,633,633,986,979,True
3012407808497574272,WDJ055017.86-085336.53,unclassified,False,True,True,29969,ok,114,114,0,0,0,0,0,0,0.13273475849686758,2,2,54,54,60,60,True
3014188330140493824,WDJ052338.25-095552.46,unclassified,False,True,True,57755,ok,220,220,0,0,0,0,0,0,0.3851681691433446,4,4,95,95,125,125,True
3017065782133772544,WDJ053817.01-060710.14,unclassified,False,True,True,177428,ok,683,683,0,0,0,0,0,0,0.0723436019531242,3,3,332,332,351,351,True
3021617485394291072,WDJ061311.03-032228.94,unclassified,False,True,True,168551,ok,652,638,0,1,0,0,0,0,0.2907423079659306,3,2,312,312,340,325,True
3032583606349680384,WDJ071324.95-133722.94,unclassified,False,True,True,400760,ok,1602,790,0,18,0,0,122,0,0.12854054905653672,12,4,437,252,1165,398,True
3039398650000089472,WDJ080333.79-090705.65,unclassified,False,True,True,249041,ok,973,504,0,1,0,0,0,0,0.04042670054145869,8,4,485,254,488,249,True
3039783277211029248,WDJ080124.37-075551.45,unclassified,False,True,True,20787,ok,80,62,0,0,0,0,0,0,0.27482388835648935,3,2,18,18,62,44,False
3040572859699144960,WDJ074624.91-101525.72,unclassified,False,True,True,126539,ok,504,504,0,1,0,0,19,0,0.08061938206508196,4,4,246,245,258,239,True
3041064135238502656,WDJ073542.64-103130.83,unclassified,False,True,True,598779,ok,2385,1090,0,0,0,0,0,0,0.3439395317278182,10,4,546,309,1839,781,True
3045879828670086144,WDJ070045.34-120918.78,unclassified,False,True,True,228091,ok,907,721,0,0,0,0,0,0,0.14228408698982414,7,4,327,320,580,401,True
3050819487739373696,WDJ065953.60-083005.68,unclassified,False,True,True,528019,ok,2069,715,0,4,0,0,0,0,0.16674022260519622,14,4,894,329,1175,382,True
3051506991743533184,WDJ070551.92-083526.76,unclassified,False,True,True,251996,ok,987,326,0,1,0,0,3,0,4.445480567672706,6,2,633,322,354,0,False
305256043125603968,WDJ014636.74+323614.51,unclassified,False,True,True,790651,ok,3082,3081,0,2,0,0,0,0,0.0849555831292232,5,4,1356,1355,1726,1724,True
3055046491471448320,WDJ072454.61-063531.66,unclassified,False,True,True,805564,ok,3173,1125,0,0,0,0,0,0,0.09945315997886502,18,4,661,332,2512,793,True
3058094200264637312,WDJ072217.70-062145.98,unclassified,False,True,True,1358918,ok,5337,1391,0,1,0,0,0,0,0.038018148377731785,24,6,1513,448,3824,942,True
3058123783999682816,WDJ072308.59-060740.32,unclassified,False,True,True,2094327,ok,8261,2753,0,1,0,0,1273,0,0.21707432953491365,26,7,1465,598,6796,881,True
3058706490797990016,WDJ072717.38-044627.46,unclassified,False,False,True,267498,ok,1054,1054,0,0,0,0,78,0,0.02534543225182117,4,4,310,310,744,666,True
3061997947577041536,WDJ073015.55-013255.00,unclassified,False,True,True,273897,ok,1090,1090,0,3,0,0,0,0,0.08693411542025344,4,4,333,333,757,754,True
3062514748102604288,WDJ081610.84-084840.76,unclassified,False,True,True,138450,ok,541,541,0,0,0,0,0,0,0.030581785877509732,3,3,252,252,289,289,True
3065654231757183616,WDJ082841.73-044011.79,unclassified,False,True,True,551881,ok,2162,1084,0,3,0,0,0,0,0.1223271435100406,8,4,994,500,1168,581,True
3069875325615956352,WDJ082042.09-024927.23,unclassified,False,True,True,314965,ok,1241,1087,0,4,0,0,0,0,0.36636309575137593,6,4,523,521,718,562,True
3070046750645458048,WDJ082309.66-015246.69,unclassified,False,True,True,287833,ok,1143,1143,0,4,0,0,0,0,0.29816944203202767,4,4,537,536,606,603,True
307323228064848512,WDJ011044.68+275815.74,unclassified,False,True,True,71345,ok,280,186,0,0,0,0,107,0,0.6986645039321493,4,2,110,55,170,24,True
3083765357227100800,WDJ081022.02+004148.88,unclassified,False,True,True,766848,ok,3008,1125,0,1,0,0,0,0,0.21863541154438726,9,3,930,387,2078,737,True
3084314288408404224,WDJ080016.15+004045.91,unclassified,False,False,True,102467,ok,400,8,0,0,0,0,0,0,0.7105700731073966,3,1,400,8,0,0,False
3087408657726940928,WDJ075655.92+011355.46,unclassified,False,True,True,254919,ok,1016,1009,0,2,0,0,0,0,0.1554517143856164,7,6,341,341,675,666,True
3088006139216480000,WDJ075948.41+022404.97,unclassified,False,True,True,235743,ok,931,931,0,0,0,0,0,0,0.1682910655340137,4,4,312,312,619,619,True
3091864870976321536,WDJ082940.36+030856.99,unclassified,False,True,True,775539,ok,3077,2111,0,28,0,0,0,0,0.2062968722790066,14,6,772,710,2305,1373,True
3095033113731843712,WDJ080743.01+051158.91,unclassified,False,True,True,33335,ok,130,130,0,0,0,0,0,0,0.02553111555654265,2,2,50,50,80,80,True
3095485154747382016,WDJ075337.30+050046.21,unclassified,False,True,True,59252,ok,232,232,0,0,0,0,0,0,0.09582490080892803,2,2,232,232,0,0,False
3101596034218137728,WDJ065759.51-050454.23,unclassified,False,True,True,801357,ok,3152,1168,0,4,0,0,0,0,0.04517229144568054,12,4,833,368,2319,796,True
3102457123623043072,WDJ065710.22-042157.66,unclassified,False,False,True,280068,ok,1102,1062,0,2,0,0,0,0,0.1278404519965736,4,2,348,331,754,729,True
3107374277060584064,WDJ064438.09-004550.51,unclassified,False,True,True,66978,ok,259,108,0,0,0,0,0,0,0.03610644988257735,5,2,101,50,158,58,True
3108255943655246976,WDJ071713.87-021216.23,unclassified,False,True,True,584472,ok,2304,1186,0,2,0,0,0,0,0.02129442240198382,8,4,711,384,1593,800,True
3108589752806346112,WDJ071330.96-012623.40,unclassified,False,True,True,650276,ok,2583,1193,0,0,0,0,0,0,0.16840329700066212,11,4,785,390,1798,803,True
3117810051152885760,WDJ062154.74-021605.36,unclassified,False,True,True,194831,ok,756,756,0,0,0,0,0,0,0.21245566639126784,4,4,365,365,391,391,True
3118034111008915712,WDJ061422.69-015549.56,unclassified,False,True,True,160777,ok,626,626,0,1,0,0,0,0,0.41434161950559323,2,2,309,308,317,317,True
3118326134425624320,WDJ062448.30-013910.62,unclassified,False,True,True,186619,ok,726,726,0,0,0,0,0,0,0.015367925632528692,4,4,356,356,370,370,True
3122856873948850816,WDJ061340.95+010436.51,unclassified,False,True,True,431648,ok,1690,996,0,0,0,0,0,0,0.050316757069659476,8,4,650,406,1040,590,True
3123625093275668736,WDJ061816.23+011512.20,unclassified,False,True,True,32538,ok,126,126,0,0,0,0,0,0,0.08241565055243975,2,2,59,59,67,67,True
3125897813875563904,WDJ064316.01+013012.78,unclassified,False,True,True,444833,ok,1772,961,0,0,0,0,2,0,0.030735851265057405,8,4,645,383,1127,576,True
3126611018963347072,WDJ064942.50+031423.98,unclassified,False,True,True,242432,ok,957,946,0,1,0,0,0,0,0.028996144091224967,5,4,372,372,585,573,True
3126624316184360576,WDJ063917.25+011329.49,unclassified,False,True,True,516160,ok,2032,1834,0,0,0,0,277,0,2.0509635356520066,8,6,745,470,1287,1087,True
3127343534223918592,WDJ064832.06+031937.62,unclassified,False,True,True,250599,ok,990,980,0,0,0,0,0,0,0.14278117975936466,6,4,403,393,587,587,True
3131036935517706752,WDJ064107.75+052258.59,unclassified,False,True,True,396161,ok,1569,972,0,3,0,0,11,0,0.29496810697121933,9,4,527,397,1042,561,True
3131460243199483136,WDJ062736.77+044958.76,unclassified,False,True,True,260420,ok,1011,973,0,4,0,0,0,0,0.16798204236687037,7,4,424,403,587,566,True
3138305596433476480,WDJ073529.47+044848.78,unclassified,False,True,True,498123,ok,1958,973,0,1,0,0,0,0,0.05583444657968346,10,4,690,345,1268,627,True
3141190753602906624,WDJ071715.30+061949.73,unclassified,False,True,True,264569,ok,1041,1041,0,2,0,0,0,0,0.16724935424081075,4,4,353,353,688,686,True
3142035831366855296,WDJ073708.88+065828.93,unclassified,False,True,True,257395,ok,1009,998,0,229,0,0,0,0,0.27245906263838343,5,4,346,322,663,447,True
314598009311483008,WDJ010332.41+333149.93,unclassified,False,True,True,450292,ok,1776,1607,0,0,0,0,0,0,0.10513278684576317,8,4,679,641,1097,966,True
3150708057532318208,WDJ075145.59+105931.36,unclassified,False,True,True,363060,ok,1451,1449,0,1,0,0,0,0,0.051705704955597384,5,4,412,411,1039,1037,True
3157315946324312320,WDJ065432.91+080216.78,unclassified,False,True,True,433752,ok,1710,661,0,1,0,0,17,0,0.05912159035457878,4,2,661,643,1049,0,False
3160251852820623744,WDJ071009.37+122154.46,unclassified,False,True,True,262877,ok,1049,1049,0,12,0,0,0,0,0.18604713150562882,4,4,390,385,659,652,True
3162999910335737216,WDJ072327.27+121236.51,unclassified,False,True,True,285770,ok,1139,1133,0,1,0,0,0,0,0.05133899320044929,5,4,401,401,738,731,True
3166867511205072128,WDJ072708.04+145216.49,unclassified,False,True,True,338549,ok,1345,1316,0,0,0,0,0,0,0.18318154787566993,11,6,471,466,874,850,True
3169486960220617088,WDJ072300.22+161703.98,unclassified,False,True,True,313877,ok,1241,1241,0,4,0,0,1,0,0.32414303284710116,3,3,339,337,902,899,True
3169614331770315392,WDJ072842.69+170752.43,unclassified,False,True,True,539202,ok,2131,1055,0,17,0,0,1,0,0.05650717502316449,10,4,542,278,1589,759,True
3170192017754631296,WDJ073213.72+180821.70,unclassified,False,True,True,703249,ok,2785,2477,0,1,0,0,0,0,0.014740396439281335,11,6,803,770,1982,1706,True
317698288504634496,WDJ014458.83+341016.05,unclassified,False,True,True,119415,ok,464,430,0,1,0,0,0,0,0.04898488628739321,6,4,209,175,255,254,True
3181589319065856384,WDJ044832.11-105349.85,unclassified,False,True,True,529318,ok,2070,2031,0,2,0,0,0,0,0.19975938886121172,10,6,964,964,1106,1065,True
3182491743235112448,WDJ050932.54-094356.18,unclassified,False,True,True,193364,ok,745,745,0,4,0,0,0,0,2.1805066563656554,6,6,365,362,380,379,True
318552918277214080,WDJ014841.05+363350.14,unclassified,False,True,True,1678694,ok,6545,3217,0,5,0,0,5,0,0.0825874096492407,17,6,2703,1343,3842,1864,True
3188783178831840512,WDJ040741.51-131335.30,unclassified,False,True,True,287816,ok,1133,1133,0,0,0,0,1,0,0.4205311473831209,4,4,555,555,578,577,True
3192083019385112320,WDJ041648.87-095006.71,unclassified,False,True,True,98609,ok,376,376,0,0,0,0,0,0,0.173187726347343,6,6,183,183,193,193,True
3195473019892503552,WDJ041016.80-083419.31,unclassified,False,True,True,263793,ok,1016,1016,0,0,0,0,0,0,0.024588681012045917,4,4,504,504,512,512,True
3200082520530117248,WDJ044424.96-053436.20,unclassified,False,True,True,284833,ok,1097,1082,0,0,0,0,0,0,0.15675284145179644,6,4,528,528,569,554,True
3204352783173513728,WDJ043103.75-041702.63,unclassified,False,True,True,47611,ok,184,151,0,0,0,0,0,0,0.0914875730330159,4,2,73,69,111,82,True
3205001976070620928,WDJ043425.25-024327.09,unclassified,False,True,True,70838,ok,271,271,0,0,0,0,0,0,0.423943107274996,4,4,131,131,140,140,True
3206726147742928128,WDJ051641.53-084234.73,unclassified,False,True,True,411159,ok,1582,1569,0,325,0,0,0,0,0.06116357175501964,9,6,772,618,810,626,True
3207788997529839104,WDJ050807.87-073850.61,unclassified,False,True,True,264312,ok,1018,1018,0,0,0,0,0,0,0.026618028002479786,4,4,505,505,513,513,True
3217123262838152320,WDJ053137.69-021517.07,unclassified,False,True,True,180262,ok,699,682,0,0,0,0,0,0,0.32831299136026076,3,2,326,326,373,356,True
3218565547214437632,WDJ055805.90-001115.98,unclassified,False,True,True,368068,ok,1424,1424,0,1,0,0,0,0,0.1488389746254764,6,6,687,686,737,737,True
3224908977688888064,WDJ045132.19-033308.43,unclassified,False,True,True,723063,ok,2806,1579,0,4,0,0,0,0,0.31340019900145744,4,2,1163,726,1643,849,True
3226138369126392064,WDJ044750.14-020357.30,unclassified,False,False,True,72489,ok,278,139,0,10,0,0,0,0,0.14692251303245032,4,2,140,70,138,59,True
3230486971974872192,WDJ043832.74+003117.01,unclassified,False,True,True,490734,ok,1883,1871,0,0,0,0,0,0,0.06373521772024685,6,4,934,934,949,937,True
323342459647016448,WDJ012828.99+385436.63,unclassified,False,True,True,381104,ok,1485,1485,0,4,0,0,0,0,0.03422599546696615,2,2,493,491,992,990,True
3234830931961892224,WDJ050943.91+020651.11,unclassified,False,True,True,240886,ok,933,904,0,0,0,0,1,0,0.03422599546696615,5,4,448,447,485,456,True
3236259854698180480,WDJ052608.31+033941.46,unclassified,False,True,True,232667,ok,901,901,0,1,0,0,0,0,0.35271314449986746,4,4,438,438,463,462,True
3237854863817516544,WDJ052547.38+060142.77,unclassified,False,True,True,266564,ok,1030,501,0,1,0,0,0,0,0.06705771060975486,8,4,497,243,533,257,True
3238056353617774336,WDJ052625.62+064315.31,unclassified,False,False,True,478376,ok,1848,928,0,1,0,0,0,0,0.27663973633147393,8,4,888,448,960,479,True
3238868171156736768,WDJ051013.52+043855.13,unclassified,False,True,True,107553,ok,412,412,0,29,0,0,1,0,0.3560586196274214,6,6,192,177,220,205,True
3244830444756183808,WDJ034356.13-050758.67,unclassified,False,True,True,247619,ok,956,956,0,1,0,0,0,0,0.14978801064657865,4,4,489,488,467,467,True
3251245339191040256,WDJ034917.41-005919.23,unclassified,False,True,True,212976,ok,820,820,0,1,0,0,0,0,0.041918112416438585,2,2,420,419,400,400,True
3266140045253880576,WDJ031847.10+003029.76,unclassified,False,True,True,269939,ok,1042,1042,0,9,0,0,0,0,0.13824301192806268,4,4,498,492,544,541,True
3270216931292757248,WDJ035151.67+013947.12,unclassified,False,True,True,50792,ok,198,141,0,0,0,0,0,0,0.12085092829263129,3,2,70,70,128,71,True
327102617617578112,WDJ023214.00+344304.51,unclassified,False,True,True,559472,ok,2179,1606,0,1,0,0,0,0,0.21160913735380685,7,4,652,640,1527,965,True
3277341526122556160,WDJ034651.34+072802.73,unclassified,False,True,True,232581,ok,901,901,0,0,0,0,0,0,0.023407726945025728,4,4,427,427,474,474,True
3287636940687565824,WDJ045311.12+045849.39,unclassified,False,True,True,241792,ok,933,933,0,1,0,0,0,0,0.12359481616075993,4,4,458,457,475,475,True
3301217592917972864,WDJ035454.20+074608.59,unclassified,False,True,True,203749,ok,786,784,0,0,0,0,0,0,1.0009841469660454,3,2,391,389,395,395,True
3302538209462061696,WDJ035315.71+095633.81,unclassified,False,True,True,97995,ok,377,377,0,4,0,0,0,0,0.0849555831292232,3,3,298,294,79,79,True
3310871201928485248,WDJ042641.73+141215.87,unclassified,False,True,True,257411,ok,1015,1015,0,0,0,0,1,0,0.16543198983284937,4,4,459,459,556,555,True
3312002496315376640,WDJ042148.89+152914.98,unclassified,False,True,True,282158,ok,1106,1106,0,0,0,0,1,0,0.11816325965865626,4,4,427,426,679,679,True
3315330438840951552,WDJ060629.10+020721.25,unclassified,False,True,True,493394,ok,1913,961,0,0,0,0,0,0,0.3050136433313247,12,6,904,454,1009,507,True
3316000080076232960,WDJ055616.68+022134.58,unclassified,False,True,True,208890,ok,812,812,0,2,0,0,0,0,0.5051631413105105,4,4,381,381,431,429,True
3321033403790648704,WDJ055335.92+060053.22,unclassified,False,True,True,215343,ok,838,838,0,0,0,0,87,0,0.2436094952556161,4,4,404,404,434,347,True
3321431014682434176,WDJ055921.51+051251.87,unclassified,False,False,True,552761,ok,2139,843,0,0,0,0,0,0,0.30313403739786954,12,4,869,404,1270,439,True
3324229885953813248,WDJ062840.77+061345.77,unclassified,False,True,True,416473,ok,1622,899,0,0,0,0,120,0,0.22988279930029357,4,2,573,324,1049,455,True
3324963367588643968,WDJ062054.41+070050.21,unclassified,False,True,True,531943,ok,2053,1028,0,0,0,0,0,0,0.4379292581937304,8,4,824,413,1229,615,True
3325045075045791744,WDJ062032.11+073408.36,unclassified,False,True,True,286348,ok,1106,1050,0,0,0,0,0,0,0.23361268969408952,6,4,427,427,679,623,True
3325754461908236928,WDJ061834.66+083758.00,unclassified,False,True,True,327755,ok,1264,1264,0,0,0,0,0,0,0.2553851480769412,6,6,511,511,753,753,True
3333971597632801920,WDJ053543.06+070214.19,unclassified,False,True,True,240159,ok,926,926,0,0,0,0,0,0,0.1256791927327484,4,4,447,447,479,479,True
3341182435406679424,WDJ053632.07+123128.65,unclassified,False,True,True,236216,ok,925,925,0,1,0,0,0,0,0.07175356725475868,4,4,421,421,504,503,True
3341996555048041856,WDJ055924.87+104140.41,unclassified,False,True,True,1081266,ok,4242,1104,0,0,0,0,0,0,0.06007266893033097,16,4,1622,446,2620,658,True
3343098536279170176,WDJ055115.79+114218.04,unclassified,False,True,True,134198,ok,521,474,0,0,0,0,0,0,0.18647823700228583,9,6,201,201,320,273,True
3345661467822106624,WDJ061249.28+150642.28,RRLyrae_contaminant(non-WD),True,True,True,282084,ok,1106,1106,0,1,0,0,0,0,0.03011486096378699,4,4,438,438,668,667,True
3347454874365770496,WDJ054616.03+140944.31,unclassified,False,True,True,166769,ok,653,653,0,0,0,0,0,0,0.11888061487348062,4,4,293,293,360,360,True
3353802007098057600,WDJ065902.14+141442.45,unclassified,False,True,True,76409,ok,302,302,0,0,0,0,0,0,0.06670458698299724,4,4,127,127,175,175,True
3354819845628139904,WDJ065956.81+154735.56,unclassified,False,True,True,563391,ok,2253,1350,0,0,0,0,0,0,0.03517878969512636,8,4,527,400,1726,950,True
335495116856304256,WDJ023824.05+412320.50,unclassified,False,True,True,888867,ok,3447,1636,0,0,0,0,0,0,0.020387857251673143,12,4,1330,667,2117,969,True
3356726158272880768,WDJ062516.34+145558.50,unclassified,False,True,True,579097,ok,2268,2268,0,3,0,0,0,0,0.0750357755727688,6,6,782,782,1486,1483,True
3369166170266811520,WDJ062444.80+162448.63,unclassified,False,True,True,849261,ok,3306,2053,0,0,0,0,0,0,0.11788310928394226,8,4,558,462,2748,1591,True
3369968199578582912,WDJ062029.99+163210.40,unclassified,False,True,True,526926,ok,2045,2045,0,99,0,0,0,0,0.20196986022179997,4,4,444,398,1601,1548,True
3370796406708211200,WDJ061928.95+183805.01,unclassified,False,True,True,1500601,ok,5836,2017,0,2,0,0,0,0,0.02496992360765051,12,4,1172,454,4664,1561,True
3375097898059812608,WDJ061247.06+203237.34,unclassified,False,True,True,481306,ok,1877,1877,0,1,0,0,1,0,0.11459156376684007,2,2,390,389,1487,1486,True
3389534764907160192,WDJ053258.85+133639.88,unclassified,False,True,True,75913,ok,296,292,0,0,0,0,0,0,0.14251627938322342,5,4,119,119,177,173,True
3396120251145386496,WDJ053349.69+155708.02,unclassified,False,True,True,336890,ok,1317,1255,0,0,0,0,0,0,0.18726181556021218,9,6,499,499,818,756,True
3398685725309107584,WDJ055812.19+191432.51,unclassified,False,True,True,1053202,ok,4111,2116,0,0,0,0,0,0,0.15816276048146194,8,4,795,448,3316,1668,True
340886198462842112,WDJ023851.64+443311.35,unclassified,False,True,True,207628,ok,798,399,0,0,0,0,0,0,0.1080573919495034,8,4,362,181,436,218,True
3410706892092688256,WDJ043139.22+192127.77,unclassified,False,True,True,291683,ok,1132,1132,0,2,0,0,0,0,0.08671650778128946,4,4,450,449,682,681,True
3414955164503979136,WDJ050824.06+213419.83,unclassified,False,True,True,626671,ok,2435,952,0,12,0,0,5,0,0.43357164473601995,5,2,773,387,1662,548,True
3422762075019208576,WDJ055918.99+195617.22,unclassified,False,True,True,497397,ok,1939,1939,0,1,0,0,0,0,0.22046412826404047,2,2,380,379,1559,1559,True
3423272518994757120,WDJ060047.00+213539.86,unclassified,False,True,True,678182,ok,2646,1993,0,1,0,0,0,0,0.028996144091224967,6,3,389,381,2257,1611,True
3425718245172233984,WDJ061950.94+242228.77,unclassified,False,True,True,609171,ok,2373,2373,0,3,0,0,0,0,0.2165078393020803,4,4,706,704,1667,1666,True
3426576074700535040,WDJ060649.17+250715.48,unclassified,False,True,True,358407,ok,1395,1366,0,0,0,0,0,0,0.04303019177108041,7,4,447,447,948,919,True
3429818633270156416,WDJ055915.83+255450.61,unclassified,False,True,True,569759,ok,2220,1125,0,0,0,0,1,0,0.26231928171530866,5,2,897,378,1323,746,True
3436267028447648512,WDJ061110.18+273658.21,unclassified,False,True,True,497449,ok,1941,1332,0,6,0,0,0,0,0.0701558850066487,8,4,444,435,1497,891,True
3444279861171809920,WDJ054658.09+293634.19,unclassified,False,True,True,912623,ok,3562,1431,0,2,0,0,38,0,0.07775623665739964,14,4,801,434,2761,957,True
3446909137068558464,WDJ052038.32+304823.92,ZZ Ceti,True,True,True,355547,ok,1382,1382,0,1,0,0,0,0,0.4089601075667435,4,4,517,517,865,864,True
3448106775815612928,WDJ054458.95+315555.49,unclassified,False,True,True,54228,ok,209,209,0,0,0,0,0,0,0.025158378534829696,2,2,58,58,151,151,True
3453072170325688960,WDJ061531.25+362032.28,unclassified,False,True,True,1240901,ok,4806,1596,0,2,0,0,0,0,0.0841735953099787,14,4,1192,417,3614,1177,True
3458597083113101952,WDJ055717.67+403437.42,unclassified,False,False,True,114361,ok,439,233,0,0,0,0,0,0,0.09912014200490521,5,2,145,64,294,169,True
3459790225027896448,WDJ120650.89-380549.23,unclassified,False,True,True,162,ok,0,0,0,0,0,0,0,0,,0,0,0,0,0,0,False
3462095007557034368,WDJ121411.95-345845.92,unclassified,False,True,True,162,ok,0,0,0,0,0,0,0,0,,0,0,0,0,0,0,False
3470091412027580672,WDJ123443.47-315243.17,unclassified,False,True,True,162,ok,0,0,0,0,0,0,0,0,,0,0,0,0,0,0,False
3471231910527986432,WDJ122738.60-304313.12,unclassified,False,True,True,162,ok,0,0,0,0,0,0,0,0,,0,0,0,0,0,0,False
3494580937593244672,WDJ115840.65-202951.23,unclassified,False,True,True,103659,ok,403,403,0,0,0,0,0,0,0.19073570776223328,2,2,188,188,215,215,True
3503987633230546688,WDJ131246.44-232132.60,unclassified,False,True,True,62597,ok,244,244,0,0,0,0,0,0,1.591683886569191,2,2,122,122,122,122,True
3506567328028533120,WDJ131619.57-200732.06,unclassified,False,True,True,38530,ok,150,150,0,0,0,0,0,0,2.3182453417937596,2,2,63,63,87,87,True
3509435507186636288,WDJ125005.11-203632.29,unclassified,False,True,True,191703,ok,748,748,0,0,0,0,0,0,0.05402869597475124,4,4,353,353,395,395,True
3514997906448391168,WDJ122107.30-200704.33,unclassified,False,True,True,162,ok,0,0,0,0,0,0,0,0,,0,0,0,0,0,0,False
3521997672348520064,WDJ124917.71-181851.32,unclassified,False,True,True,18556,ok,72,72,0,0,0,0,0,0,0.4077339763557052,2,2,36,36,36,36,True
3529049458892171776,WDJ124600.71-123619.89,unclassified,False,True,True,81648,ok,322,298,0,0,0,0,2,0,1.8119872686586482,4,2,126,121,196,175,True
352956774550265600,WDJ020322.00+460731.77,unclassified,False,True,True,442349,ok,1718,1718,0,3,0,0,0,0,0.045588634730303265,6,6,687,687,1031,1028,True
3537042874067950336,WDJ110339.29-241109.22,unclassified,False,True,True,162,ok,0,0,0,0,0,0,0,0,,0,0,0,0,0,0,False
3549260814780299520,WDJ105232.66-231049.57,unclassified,False,True,True,162,ok,0,0,0,0,0,0,0,0,,0,0,0,0,0,0,False
3549471753507182592,WDJ105638.63-225256.08,unclassified,False,True,True,53120,ok,207,207,0,0,0,0,0,0,1.5489557829747111,2,2,100,100,107,107,True
3553682127126319360,WDJ103855.57-204056.83,unclassified,False,True,True,62659,ok,245,245,0,0,0,0,1,0,2.3363735582271774,4,4,117,117,128,127,True
3557290342036755200,WDJ105327.70-164258.13,unclassified,False,True,True,108960,ok,425,425,0,0,0,0,0,0,0.20611361941381198,2,2,216,216,209,209,True
3557657200963262080,WDJ104736.65-153950.05,unclassified,False,True,True,105289,ok,414,412,0,0,0,0,0,0,0.4516706286861939,3,2,216,214,198,198,True
3559146111505680768,WDJ111348.94-171209.62,unclassified,False,True,True,103232,ok,404,404,0,0,0,0,0,0,0.2085286508229238,2,2,185,185,219,219,True
3560978005254115840,WDJ113105.52-143808.24,unclassified,False,True,True,144968,ok,573,409,0,2,0,0,0,0,0.29736042601473855,4,2,192,185,381,222,True
356186555597277440,WDJ015434.52+470047.68,unclassified,False,True,True,382201,ok,1488,1488,0,0,0,0,1,0,0.08865575018495997,4,4,594,594,894,893,True
3563873702267790080,WDJ105532.15-141302.12,unclassified,False,True,True,109070,ok,429,429,0,0,0,0,0,0,0.1664850729184496,2,2,214,214,215,215,True
3564317698806660480,WDJ110053.18-135020.76,unclassified,False,True,True,109325,ok,430,423,0,0,0,0,0,0,0.18282019178610454,3,2,210,210,220,213,True
3573543666515688576,WDJ114711.38-124336.23,unclassified,False,True,True,152337,ok,601,461,0,0,0,0,0,0,0.33646984344822733,4,2,252,202,349,259,True
357457350520905216,WDJ014635.73+491443.10,unclassified,False,True,True,435914,ok,1700,1359,0,0,0,0,0,0,0.03338768055024972,4,2,577,556,1123,803,True
3575948126647132416,WDJ122023.65-135321.11,unclassified,False,True,True,109372,ok,430,430,0,0,0,0,0,0,0.16882350050760522,2,2,208,208,222,222,True
3582916865703969024,WDJ121924.49-083752.07,unclassified,False,True,True,125621,ok,487,487,0,0,0,0,0,0,0.2850491299451509,2,2,214,214,273,273,True
3586103254697530240,WDJ113133.14-122541.21,unclassified,False,True,True,120088,ok,472,472,0,1,0,0,0,0,0.8749628284054952,2,2,210,209,262,262,True
3592210698192077568,WDJ114319.10-080115.41,unclassified,False,True,True,105565,ok,410,410,0,3,0,0,0,0,0.46074055994882945,2,2,183,183,227,224,True
3594834132936380032,WDJ120401.91-065328.98,unclassified,False,True,True,126737,ok,493,493,0,0,0,0,0,0,0.2002317456069401,2,2,215,215,278,278,True
3597350571454888448,WDJ120421.65-051326.53,unclassified,False,True,True,265646,ok,1037,613,0,0,0,0,0,0,0.10441145560463483,4,2,348,233,689,380,True
3598424931753893888,WDJ115033.35-063618.07,unclassified,False,True,True,83729,ok,325,325,0,0,0,0,0,0,1.4721510223967782,2,2,140,140,185,185,True
3598603632456807552,WDJ115057.40-055305.82,unclassified,False,True,True,165460,ok,643,643,0,0,0,0,0,0,0.26404225118435865,2,2,235,235,408,408,True
360447124498490240,WDJ004711.37+305609.18,unclassified,False,True,True,1074806,ok,4253,2097,0,0,0,0,0,0,0.2304369076416488,15,6,1704,853,2549,1244,True
3611613878670271232,WDJ132714.97-110847.76,unclassified,False,True,True,139853,ok,551,551,0,0,0,0,0,0,0.2839034494699312,2,2,239,239,312,312,True
3616636860103273728,WDJ134401.39-104705.83,unclassified,False,True,True,162,ok,0,0,0,0,0,0,0,0,,0,0,0,0,0,0,False
36207059639735296,WDJ034939.35+103649.97,unclassified,False,False,True,250368,ok,984,984,0,0,0,0,0,0,0.03649680122576089,4,4,456,456,528,528,True
3632261538808897408,WDJ134151.71-062613.72,unclassified,False,True,True,144816,ok,563,547,0,0,0,0,0,0,0.15263065994969185,4,2,243,240,320,307,True
3635841484244996096,WDJ131049.47-045701.17,unclassified,False,True,True,161941,ok,628,628,0,1,0,0,0,0,0.32102415891245967,2,2,289,289,339,338,True
3642258577702062720,WDJ143203.22-035638.03,unclassified,False,True,True,288787,ok,1129,975,0,0,0,0,0,0,0.48981029057878783,6,3,343,343,786,632,True
3656469211440196736,WDJ143740.61+030900.68,unclassified,False,True,True,233632,ok,916,885,0,0,0,0,0,0,0.290303328696123,6,4,340,334,576,551,True
3656923687699486720,WDJ135247.03-044137.04,unclassified,False,True,True,191954,ok,745,745,0,0,0,0,1,0,0.23560588790088632,3,3,289,288,456,456,True
3657568761722508672,WDJ135738.69-025819.41,unclassified,False,True,True,416943,ok,1626,717,0,0,0,0,0,0,0.21613663906253258,8,3,576,289,1050,428,True
3666166938357148672,WDJ141536.41+011718.23,unclassified,False,True,True,201473,ok,796,796,0,0,0,0,0,0,0.2327822262102111,4,4,361,361,435,435,True
3675345219043959680,WDJ124138.80-080702.63,unclassified,False,True,True,137073,ok,536,536,0,0,0,0,170,0,0.9227924291326624,2,2,231,178,305,188,True
3681220906102862720,WDJ123213.30-040925.74,unclassified,False,True,True,170217,ok,667,535,0,4,0,0,240,0,1.0780312294932,5,3,202,78,465,213,True
3681313024562519552,WDJ123813.73-033932.97,unclassified,False,True,True,160739,ok,627,627,0,0,0,0,0,0,0.777015450692695,2,2,262,262,365,365,True
3682469122383597056,WDJ125230.93-023417.72,unclassified,False,True,True,5850,ok,22,22,0,0,0,0,0,0,0.5052753333035974,1,1,0,0,22,22,False
3687524749863026304,WDJ131724.75+000237.38,unclassified,False,True,True,6623,ok,25,25,0,0,0,0,0,0,0.24569463595268626,1,1,0,0,25,25,False
3690323316193465344,WDJ130110.52+010739.93,unclassified,False,True,True,191198,ok,756,756,0,0,0,0,0,0,0.3005362789933568,3,3,293,293,463,463,True
3693488019896536704,WDJ122229.57-024332.61,unclassified,False,True,True,162,ok,0,0,0,0,0,0,0,0,,0,0,0,0,0,0,False
370046960520651008,WDJ011817.61+384249.43,unclassified,False,True,True,53975,ok,209,209,0,0,0,0,0,0,0.14158522512748425,2,2,89,89,120,120,True
3705386281897262848,WDJ125215.17+041042.95,unclassified,False,True,True,208513,ok,816,588,0,0,0,0,0,0,0.18276851116548576,5,2,297,235,519,353,True
371636961709032448,WDJ011631.77+392439.01,unclassified,False,True,True,476325,ok,1857,1857,0,0,0,0,0,0,0.02216393754623983,4,4,738,738,1119,1119,True
3721943209023827456,WDJ135523.92+085645.42,unclassified,False,True,True,348832,ok,1358,1358,0,0,0,0,0,0,0.10432093850430446,4,4,638,638,720,720,True
3735279494794280448,WDJ125627.98+101711.39,unclassified,False,True,True,365204,ok,1447,724,0,0,0,0,0,0,0.6334494154088812,6,3,553,277,894,447,True
3738139943013858816,WDJ133350.57+102935.14,unclassified,False,True,True,430087,ok,1703,655,0,0,0,0,0,0,0.451283525705488,9,3,723,346,980,309,True
3739708911747317248,WDJ132925.23+123025.48,unclassified,False,True,True,233166,ok,924,924,0,0,0,0,0,0,0.05741930868555627,4,4,380,380,544,544,True
3740975441767827968,WDJ134903.70+141955.67,unclassified,False,True,True,320149,ok,1267,1140,0,2,0,0,0,0,1.1618842907745006,7,4,525,525,742,613,True
3742240056233781248,WDJ133846.19+153359.67,unclassified,False,True,True,408784,ok,1623,1614,0,4,0,0,11,0,1.9709159417479958,5,4,670,662,953,937,True
374333032939743488,WDJ005554.61+411708.24,unclassified,False,True,True,1062834,ok,4197,2247,0,0,0,0,0,0,0.006147170253011476,10,4,1184,948,3013,1299,True
3745268523572692480,WDJ132814.32+163151.39,unclassified,False,True,True,343029,ok,1355,1355,0,0,0,0,64,0,0.10304535067426526,4,4,623,620,732,671,True
3745268523573825792,WDJ132814.40+163150.79,unclassified,False,True,True,343029,ok,1355,1355,0,0,0,0,64,0,1.461608497019226,4,4,623,620,732,671,True
374811767174987776,WDJ010025.52+421841.47,unclassified,False,True,True,56024,ok,219,137,0,0,0,0,0,0,0.3358797175743417,4,2,88,71,131,66,True
3750072904055666176,WDJ105010.80-140436.76,CV(SIMBAD),True,True,True,108879,ok,428,428,0,1,0,0,0,0,1.0504289132978264,2,2,213,212,215,215,True
3750176395587687296,WDJ104256.58-142741.07,unclassified,False,True,True,207975,ok,819,819,0,0,0,0,0,0,0.33820611217980656,4,4,405,405,414,414,True
3759364193922337152,WDJ110832.21-084326.55,unclassified,False,True,True,256856,ok,999,526,0,1,0,0,0,0,0.11872157719040508,4,2,407,224,592,301,True
3765357872322510976,WDJ100537.17-130712.29,unclassified,False,True,True,162,ok,0,0,0,0,0,0,0,0,,0,0,0,0,0,0,False
3770623807170338304,WDJ100133.27-084250.46,unclassified,False,True,True,139497,ok,542,542,0,0,0,0,0,0,0.11816325965865626,3,3,242,242,300,300,True
3774208322451434624,WDJ103455.66-081915.49,unclassified,False,True,True,169812,ok,659,659,0,0,0,0,3,0,0.2977096829485466,2,2,237,237,422,419,True
3775831167254103424,WDJ102938.30-061758.97,unclassified,False,False,True,631407,ok,2448,1231,0,0,0,0,0,0,0.11347316641930408,8,4,897,504,1551,727,True
3775992486225955712,WDJ102648.18-062553.16,unclassified,False,True,True,140475,ok,546,546,0,1,0,0,0,0,0.3035233397407521,3,3,239,239,307,306,True
3788606324138190848,WDJ110642.75-041013.25,unclassified,False,True,True,2193,ok,8,8,0,0,0,0,0,0,0.23332944912438433,1,1,0,0,8,8,False
3796414192429498880,WDJ114833.63+012859.42,unclassified,False,True,True,175814,ok,695,695,0,0,0,0,0,0,0.18876917941946889,4,4,263,263,432,432,True
3804750586512019840,WDJ105612.32-000621.79,unclassified,False,True,True,240674,ok,956,627,0,0,0,0,0,0,0.3233113530145727,8,3,321,249,635,378,True
3809362934711715712,WDJ104623.27+024236.61,unclassified,False,True,True,8596,ok,33,33,0,0,0,0,0,0,0.3232821324123155,1,1,0,0,33,33,False
3810134246413902848,WDJ111306.25+003243.84,unclassified,False,True,True,95317,ok,371,368,0,0,0,0,62,0,1.9641724047604787,4,3,139,131,232,175,True
381335822504421376,WDJ004101.22+414429.47,unclassified,False,True,True,934254,ok,3690,2185,0,9,0,0,0,0,0.0997850665605373,11,4,1290,929,2400,1247,True
3818342165139791232,WDJ110634.39+073712.26,unclassified,False,True,True,194522,ok,758,758,0,0,0,0,0,0,0.07534986558353185,3,3,278,278,480,480,True
3819282286235442688,WDJ094532.11-082901.53,unclassified,False,True,True,76373,ok,296,296,0,1,0,0,15,0,0.22110594658923055,3,3,140,140,156,140,True
3833958975465526784,WDJ095211.56+001839.92,unclassified,False,True,True,257079,ok,1003,821,0,12,0,0,0,0,0.17032764984656723,6,3,334,308,669,501,True
3833982271367482624,WDJ094901.29-001909.54,unclassified,False,True,True,211246,ok,815,815,0,0,0,0,0,0,0.5496563702634442,3,3,304,304,511,511,True
3834895969825628800,WDJ100645.76+003204.48,unclassified,False,True,True,212328,ok,824,824,0,0,0,0,0,0,0.1749245317023155,3,3,304,304,520,520,True
3842377248804727168,WDJ091748.20+001041.72,unclassified,False,True,True,243170,ok,952,952,0,1,0,0,0,0,0.05659070378276297,4,4,311,310,641,641,True
3847170947703000192,WDJ095014.88+030935.46,unclassified,False,True,True,364519,ok,1431,1431,0,0,0,0,0,0,0.39620646326128905,5,5,395,395,1036,1036,True
38532728593335296,WDJ035824.22+132431.03,unclassified,False,True,True,162,ok,0,0,0,0,0,0,0,0,,0,0,0,0,0,0,False
3853871715160246528,WDJ095144.01+074957.41,unclassified,False,True,True,572418,ok,2229,2226,0,0,0,0,0,0,0.21534845582490683,7,6,623,620,1606,1606,True
3857118439852847744,WDJ102822.34+034416.60,unclassified,False,True,True,232928,ok,916,684,0,0,0,0,0,0,0.2325995324793517,4,2,289,277,627,407,True
3859871342090899328,WDJ101548.02+030648.34,unclassified,False,True,True,332631,ok,1303,1303,0,0,0,0,1,0,0.546277338504416,5,5,322,322,981,980,True
386584233877132416,WDJ000155.04+452033.38,unclassified,False,True,True,571378,ok,2214,2144,0,0,0,0,0,0,0.888547890794405,7,4,886,880,1328,1264,True
3869028968280339200,WDJ104118.90+084139.75,unclassified,False,True,True,213720,ok,835,835,0,0,0,0,0,0,0.1538328588187313,4,4,312,312,523,523,True
3869420115246986368,WDJ104847.74+094841.03,unclassified,False,True,True,21333,ok,82,82,0,0,0,0,0,0,0.21975596307890552,2,2,21,21,61,61,True
3872667110522342656,WDJ105256.27+130349.55,unclassified,False,True,True,203560,ok,807,807,0,0,0,0,0,0,0.35174761358797146,4,4,323,323,484,484,True
3875365174618907264,WDJ101801.53+072124.56,unclassified,False,True,True,510520,ok,2000,1960,0,1,0,0,240,0,1.8194014399086107,8,6,638,371,1362,1348,True
3875574665942869632,WDJ102106.71+082724.97,unclassified,False,True,True,203940,ok,794,788,0,0,0,0,0,0,0.26697762663364527,5,4,315,315,479,473,True
388531679425970176,WDJ002952.68+441904.00,unclassified,False,True,True,485023,ok,1881,1875,0,0,0,0,0,0,0.2900265934669462,5,4,747,747,1134,1128,True
3890059941364406144,WDJ102251.65+161151.60,unclassified,False,True,True,469623,ok,1844,1844,0,4,0,0,0,0,0.2928950848628739,6,6,706,706,1138,1134,True
3897445571422443904,WDJ115154.21+052839.58,unclassified,False,True,True,166007,ok,647,647,0,0,0,0,1,0,0.8453756066602689,4,4,257,256,390,390,True
3898180418851205888,WDJ115707.43+055303.58,unclassified,False,True,True,127811,ok,498,498,0,0,0,0,0,0,0.13906062188721705,2,2,218,218,280,280,True
3908383272577728896,WDJ121217.38+121332.59,unclassified,False,True,True,377540,ok,1496,1496,0,0,0,0,1,0,0.30743534267621186,5,5,716,716,780,779,True
3916093146894721024,WDJ113853.76+103829.71,unclassified,False,True,True,196167,ok,777,706,0,0,0,0,0,0,0.2959911947408183,7,4,341,338,436,368,True
3917955857032022656,WDJ113439.29+131642.00,unclassified,False,True,True,209700,ok,830,830,0,0,0,0,0,0,2.4632498188730856,4,4,357,357,473,473,True
3937174946624964224,WDJ131426.84+173209.50,unclassified,False,True,True,341506,ok,1338,1338,0,0,0,0,0,0,0.17159856315432603,4,4,640,640,698,698,True
3938156295111047680,WDJ130542.40+180103.77,unclassified,False,True,True,15600,ok,60,60,0,0,0,0,0,0,1.0944811789347093,2,2,27,27,33,33,True
3958909096048741632,WDJ123516.33+233423.87,unclassified,False,True,True,370481,ok,1452,1448,0,0,0,0,0,0,0.06291471844503968,7,6,682,678,770,770,True
3964619267952920448,WDJ110843.56+115515.83,unclassified,False,True,True,215565,ok,854,854,0,0,0,0,0,0,0.11598457636490128,4,4,325,325,529,529,True
3981156747469092864,WDJ113823.88+241423.90,unclassified,False,True,True,15794,ok,61,56,0,0,0,0,0,0,0.3675730253001991,3,2,23,23,38,33,True
3982007636324256000,WDJ110143.04+172139.39,unclassified,False,True,True,77474,ok,305,305,0,2,0,0,17,0,2.044897554996385,2,2,140,131,165,155,True
3983606596814071680,WDJ110604.54+180233.72,unclassified,False,True,True,215517,ok,845,845,0,14,0,0,0,0,0.6728484317947921,4,4,306,298,539,533,True
3984115430179696128,WDJ111026.19+191229.75,Old DAVs,True,True,True,183855,ok,720,720,0,0,0,0,0,0,0.9538023529687922,4,4,294,294,426,426,True
3986794909951986432,WDJ104616.01+202127.99,unclassified,False,True,True,229326,ok,898,887,0,0,0,0,0,0,0.06747901974244214,6,4,358,358,540,529,True
3999770963934456704,WDJ120649.29+210148.58,unclassified,False,True,True,251710,ok,986,975,0,0,0,0,0,0,0.045276736189608244,5,4,452,452,534,523,True
4002567743555141760,WDJ121720.85+254409.66,unclassified,False,True,True,391495,ok,1535,1535,0,0,0,0,0,0,0.17527521736732438,4,4,856,856,679,679,True
4002914643768684288,WDJ120319.81+243955.65,unclassified,False,True,True,529000,ok,2074,2074,0,1,0,0,0,0,0.44077825541595217,4,4,1017,1017,1057,1056,True
4009851428268802944,WDJ121606.55+280648.64,unclassified,False,True,True,18937,ok,73,66,0,0,0,0,0,0,0.05991520425863035,3,2,39,39,34,27,True
4017619099961639936,WDJ113406.75+261637.35,unclassified,False,True,True,22657,ok,88,47,0,0,0,0,2,0,0.382868049655685,2,1,47,45,41,0,False
4017670532195031296,WDJ113912.19+262236.09,unclassified,False,True,True,278306,ok,1095,1095,0,0,0,0,0,0,0.2119882655847494,2,2,486,486,609,609,True
4017694519587168128,WDJ113811.35+264441.69,unclassified,False,True,True,366833,ok,1441,1437,0,1,0,0,1,0,0.35992456125032674,4,3,563,562,878,873,True
4018554475119137280,WDJ113316.27+270747.59,unclassified,False,True,True,339201,ok,1330,1330,0,0,0,0,0,0,0.07168770806946823,6,6,605,605,725,725,True
4032338708799508096,WDJ114446.16+364151.13,unclassified,False,False,True,1039512,ok,4060,3410,0,1,0,0,16,0,0.27033574661731513,10,6,1599,1582,2461,1811,True
4035787773760613632,WDJ180000.98-384429.69,unclassified,False,True,True,162,ok,0,0,0,0,0,0,0,0,,0,0,0,0,0,0,False
4036302448277184640,WDJ180354.33-375202.95,unclassified,False,False,True,162,ok,0,0,0,0,0,0,0,0,,0,0,0,0,0,0,False
4037931821378973184,WDJ181053.30-363416.78,unclassified,False,True,True,162,ok,0,0,0,0,0,0,0,0,,0,0,0,0,0,0,False
4039153752454813440,WDJ180442.13-343339.79,unclassified,False,True,True,162,ok,0,0,0,0,0,0,0,0,,0,0,0,0,0,0,False
4039600536544395392,WDJ181202.58-335206.56,unclassified,False,True,True,162,ok,0,0,0,0,0,0,0,0,,0,0,0,0,0,0,False
4048028121375060992,WDJ182503.04-293145.02,unclassified,False,False,True,162,ok,0,0,0,0,0,0,0,0,,0,0,0,0,0,0,False
4050368844146947712,WDJ180422.82-292029.34,unclassified,False,True,True,9991,ok,38,10,0,0,0,0,0,0,0.36641466350386603,7,1,38,10,0,0,False
4050699896067170560,WDJ181425.15-281027.35,unclassified,False,True,True,42822,ok,166,20,0,0,0,0,0,0,0.642959921914084,9,1,166,20,0,0,False
4053446239723942016,WDJ174205.25-335930.82,unclassified,False,True,True,162,ok,0,0,0,0,0,0,0,0,,0,0,0,0,0,0,False
4053464583483979648,WDJ173924.33-341519.64,unclassified,False,True,True,162,ok,0,0,0,0,0,0,0,0,,0,0,0,0,0,0,False
4054508333566787328,WDJ173436.43-332213.70,unclassified,False,True,True,162,ok,0,0,0,0,0,0,0,0,,0,0,0,0,0,0,False
4055833756162564480,WDJ174619.76-311812.58,unclassified,False,True,True,162,ok,0,0,0,0,0,0,0,0,,0,0,0,0,0,0,False
4059144385705702912,WDJ172340.02-293129.12,unclassified,False,True,True,162,ok,0,0,0,0,0,0,0,0,,0,0,0,0,0,0,False
4062359667225659648,WDJ180011.29-290414.74,unclassified,False,True,True,162,ok,0,0,0,0,0,0,0,0,,0,0,0,0,0,0,False
4076297007630077184,WDJ183500.57-245805.91,unclassified,False,True,True,806596,ok,3146,514,0,0,0,0,0,0,0.03119348216498702,14,2,1135,199,2011,315,True
4083816430173368320,WDJ191711.96-194131.99,unclassified,False,True,True,856118,ok,3333,1052,0,0,0,0,0,0,0.29809022381494044,17,4,912,363,2421,689,True
4088862329545928960,WDJ191115.03-155720.45,unclassified,False,True,True,776926,ok,3053,1043,0,0,0,0,0,0,0.03912035193911381,18,4,852,403,2201,640,True
4089730604499317760,WDJ182325.57-225233.22,unclassified,False,True,True,230945,ok,901,153,0,0,0,0,0,0,0.2562713918558125,14,2,507,95,394,58,True
4092017378209635072,WDJ183205.61-201911.34,unclassified,False,True,True,1456939,ok,5687,297,0,0,0,0,0,0,0.12030249337304871,24,1,1802,297,3885,0,False
4092690554160097920,WDJ183015.08-201233.45,unclassified,False,True,True,1865042,ok,7285,1166,0,2,0,0,0,0,0.14601955663860214,20,3,1399,314,5886,850,True
4093340502968374528,WDJ183303.93-182614.00,unclassified,False,True,True,1393681,ok,5448,1042,0,57,0,0,0,0,0.116957890572901,14,2,910,286,4538,699,True
4100389540731296384,WDJ184530.24-153449.57,unclassified,False,True,True,252841,ok,995,581,0,0,0,0,0,0,0.09631656591853589,10,4,404,325,591,256,True
4106646934496648448,WDJ184030.54-111422.90,unclassified,False,True,True,1767029,ok,6994,1533,0,0,0,0,0,0,0.4031437793344463,20,4,1060,393,5934,1140,True
4107290939047483008,WDJ171442.62-294345.17,unclassified,False,True,True,162,ok,0,0,0,0,0,0,0,0,,0,0,0,0,0,0,False
4116044735188734464,WDJ171346.28-205843.82,unclassified,False,True,True,1056464,ok,4123,792,0,0,0,0,0,0,0.04801093447632602,13,2,647,210,3476,582,True
4116588787373499904,WDJ173525.99-233103.40,unclassified,False,True,True,1405501,ok,5497,681,0,0,0,0,0,0,0.0880140837281142,17,2,1228,190,4269,491,True
4117752719121772800,WDJ173003.99-220346.23,unclassified,False,True,True,265079,ok,1031,589,0,1,0,0,0,0,0.1417186073757427,4,2,226,176,805,412,True
4121895850735647360,WDJ173252.24-183227.27,unclassified,False,True,True,1093341,ok,4278,1110,0,0,0,0,4,0,0.6400072218735334,12,3,1323,400,2955,706,True
4125015852414199936,WDJ173437.11-161853.21,unclassified,False,True,True,1148736,ok,4497,912,0,0,0,0,0,0,0.14682603331555646,24,4,1495,393,3002,519,True
4128367507456250240,WDJ171251.78-191550.28,unclassified,False,True,True,965898,ok,3770,1074,0,0,0,0,0,0,0.1665418066304111,13,3,825,298,2945,776,True
4128925548277018240,WDJ170120.99-191527.57,unclassified,False,True,True,812090,ok,3182,1059,0,0,0,0,0,0,0.16634315398300012,8,2,610,274,2572,785,True
413322333748126592,WDJ011619.55+570029.58,unclassified,False,True,True,388553,ok,1518,1501,0,0,0,0,0,0,0.1230586105252036,3,2,552,552,966,949,True
4134483442134184064,WDJ171942.86-182159.29,unclassified,False,True,True,1350640,ok,5280,1171,0,0,0,0,5,0,0.0773908960145977,12,2,1588,399,3692,767,True
4138252774131453952,WDJ172626.15-141246.88,unclassified,False,True,True,455794,ok,1791,507,0,0,0,0,0,0,0.48219055480322903,15,4,413,137,1378,370,True
414813439007636352,WDJ004502.35+503408.46,unclassified,False,True,True,490116,ok,1928,1928,0,1,0,0,0,0,0.045588634730303265,4,4,747,747,1181,1180,True
4153618204302689920,WDJ181913.36-120856.44,unclassified,False,True,True,1350249,ok,5344,1206,0,1,0,0,0,0,0.16260979231930625,14,3,677,405,4667,800,True
4154963942133386880,WDJ183039.43-103659.93,unclassified,False,True,True,562454,ok,2218,1037,0,0,0,0,0,0,1.019082363834304,7,4,210,210,2008,827,True
4158856591249854848,WDJ181014.65-081749.60,unclassified,False,True,True,650040,ok,2516,1240,0,0,0,0,0,0,0.19502133776407343,9,4,776,388,1740,852,True
4162484086261832960,WDJ173125.54-124709.55,unclassified,False,True,True,1579906,ok,6225,2104,0,1,0,0,0,0,0.1967094480963747,28,6,1001,642,5224,1461,True
4166492355895860352,WDJ173105.11-100210.64,unclassified,False,False,True,615661,ok,2429,1141,0,0,0,0,7,0,0.29677211242814105,16,6,558,359,1871,775,True
4181798519823760256,WDJ194549.13-153135.63,unclassified,False,True,True,609067,ok,2388,978,0,0,0,0,0,0,0.275287552571283,11,4,759,378,1629,600,True
4186494632767123968,WDJ192826.21-125643.45,unclassified,False,True,True,476620,ok,1873,1145,0,1,0,0,0,0,0.03610644988257735,9,4,531,366,1342,778,True
4190265648413981312,WDJ195314.95-105417.89,unclassified,False,True,True,1293771,ok,5107,759,0,0,0,0,1,0,0.21666050161015638,19,3,1620,758,3487,0,False
419064258342268160,WDJ002312.01+524245.18,unclassified,False,True,True,1026293,ok,3994,1655,0,2,0,0,20,0,0.13362144008903926,12,4,1365,648,2629,985,True
4192720278060810880,WDJ200436.99-080918.61,unclassified,False,True,True,249506,ok,969,969,0,2,0,0,28,0,0.1474360052505784,2,2,380,379,589,560,True
4199456779671028992,WDJ190401.01-102305.20,unclassified,False,True,True,1456890,ok,5734,1297,0,0,0,0,0,0,0.18831823713905624,19,4,1274,356,4460,941,True
4205809203774535936,WDJ190804.25-065740.90,unclassified,False,True,True,1210376,ok,4703,742,0,1,0,0,0,0,0.18323311199994968,21,3,54,14,4649,727,False
4215647633821856896,WDJ201722.07-075603.41,unclassified,False,True,True,61864,ok,238,78,0,0,0,0,0,0,0.10152140539362293,7,2,74,28,164,50,True
4215887984490400512,WDJ201249.20-074005.68,unclassified,False,True,True,391555,ok,1525,1104,0,0,0,0,558,0,0.4166380402838347,10,6,441,305,1084,241,True
4217793816094052480,WDJ202837.91-060842.77,unclassified,False,True,True,506107,ok,1958,1958,0,1,0,0,0,0,1.1326192469148009,5,5,802,802,1156,1155,True
4217910669267424512,WDJ202318.65-062015.73,unclassified,False,True,True,602233,ok,2323,2299,0,0,0,0,1,0,0.21051253563780525,8,6,952,951,1371,1347,True
4223147887966020224,WDJ202239.21-015657.58,unclassified,False,True,True,456098,ok,1797,1284,0,1,0,0,46,0,0.2669953184017727,9,4,587,502,1210,735,True
4234317757878747776,WDJ195309.25-022609.88,unclassified,False,True,True,499177,ok,1940,1372,0,1,0,0,0,0,0.09225876599228705,4,3,438,437,1502,934,True
4235280071072332672,WDJ195629.23-010232.67,unclassified,False,True,True,467165,ok,1826,472,0,1,0,0,0,0,2.260581638231299,4,2,489,70,1337,401,True
4241135657686132096,WDJ195912.98+023956.85,unclassified,False,False,True,255411,ok,985,148,0,0,0,0,0,0,0.393274795499531,27,4,340,57,645,91,True
4250461749665556224,WDJ201353.38+070946.36,unclassified,False,True,True,730394,ok,2835,1530,0,1,0,0,0,0,0.46195892427792457,10,5,830,504,2005,1025,True
4255583206132050944,WDJ185740.93-032309.55,unclassified,False,True,True,22697,ok,87,40,0,1,0,0,0,0,2.9202649722797993,5,2,26,12,61,27,False
4256487588779050368,WDJ183832.98-053921.07,unclassified,False,True,True,1137776,ok,4415,1253,0,3,0,0,0,0,0.07240886457528492,16,4,1376,466,3039,784,True
4258138333707381504,WDJ183319.76-024415.61,unclassified,False,True,True,127850,ok,496,493,0,0,0,0,0,0,0.640405635538049,6,5,214,214,282,279,True
4262657670098346624,WDJ191853.56-022012.44,unclassified,False,True,True,912903,ok,3564,1526,0,0,0,0,12,0,0.11784303343397096,7,2,746,415,2818,1099,True
4265068418051448832,WDJ185815.78-013450.96,unclassified,False,True,True,1717915,ok,6769,1556,0,1,0,0,0,0,0.11455033636353888,17,4,1043,491,5726,1064,True
4265081848416429440,WDJ185826.92-011954.43,unclassified,False,True,True,1953856,ok,7696,1548,0,0,0,0,0,0,0.12665259393211079,13,2,1910,475,5786,1073,True
4266643949497573760,WDJ185842.15+003224.72,unclassified,False,True,True,286468,ok,1107,1107,0,42,0,0,0,0,0.1722853447478229,2,2,460,437,647,628,True
4276493817043885056,WDJ182147.33+010646.67,unclassified,False,True,True,73057,ok,289,218,0,0,0,0,103,0,7.361921646875484,4,2,66,0,223,115,False
4282015946675896832,WDJ185205.15+044225.73,unclassified,False,True,True,46050,ok,177,164,0,0,0,0,0,0,0.03422599546696615,6,4,75,75,102,89,True
4285547303161689728,WDJ184032.36+055732.97,unclassified,False,True,True,1507760,ok,5870,1770,0,0,0,0,0,0,0.3286580997155552,17,4,1609,629,4261,1141,True
4291788165526059520,WDJ193836.39+062952.93,unclassified,False,True,True,120885,ok,466,109,0,0,0,0,0,0,0.1822768144569698,13,2,134,46,332,63,True
4303727384333935360,WDJ195255.25+113810.31,unclassified,False,True,True,1080804,ok,4269,1537,0,7,0,0,0,0,0.14766009658319246,14,3,1120,510,3149,1020,True
4304510507179404544,WDJ195025.42+115727.11,unclassified,False,True,True,1070214,ok,4239,1566,0,1,0,0,0,0,0.09413403288410124,11,3,867,491,3372,1074,True
4306244746253355776,WDJ191502.11+071947.86,unclassified,False,True,True,1335389,ok,5213,1815,0,0,0,0,0,0,0.5285315391900699,19,4,660,609,4553,1206,True
4308239608270863104,WDJ191752.60+091202.54,unclassified,False,True,True,1222002,ok,4744,1634,0,3,0,0,0,0,0.17099191359526886,14,4,1761,652,2983,979,True
4309653752005719424,WDJ192035.20+111044.30,unclassified,False,True,True,716762,ok,2837,1981,0,0,0,0,0,0,0.32671212337791483,13,6,559,559,2278,1422,True
4311103870386173312,WDJ185043.77+085209.46,unclassified,False,True,True,1096689,ok,4259,1676,0,0,0,0,1,0,0.016551762454990755,13,4,764,492,3495,1183,True
4311451556624073472,WDJ184639.21+094255.37,unclassified,False,False,True,1950399,ok,7573,1967,0,35,0,0,1,0,0.18436387405481794,23,4,1927,567,5646,1364,True
4318508939464901760,WDJ194125.05+152255.30,periodic/double-band,True,True,True,3080774,ok,12167,4896,0,3,0,0,1,0,0.21501919342985096,26,6,2922,1700,9245,3192,True
4322122179512445568,WDJ193141.19+164826.18,unclassified,False,False,True,1068749,ok,4178,1521,0,5,0,0,0,0,0.18336195887052337,12,4,1758,695,2420,821,True
4334641562477923712,WDJ165335.21-100116.33,unclassified,False,True,True,202090,ok,796,756,0,1,0,0,0,0,1.1885200379612455,4,3,196,195,600,560,True
4346426506065208192,WDJ155636.02-101808.79,unclassified,False,True,True,32308,ok,127,110,0,0,0,0,0,0,0.04454048002967906,4,3,37,37,90,73,True
436085007572835072,WDJ030211.43+480013.62,unclassified,False,True,True,378409,ok,1466,1466,0,1,0,0,0,0,0.0718193660464436,4,4,595,594,871,871,True
4362230748762429952,WDJ172444.85-053458.01,unclassified,False,True,True,351697,ok,1361,1341,0,1,0,0,0,0,0.47200301351918655,5,4,407,407,954,933,True
4366857837287969792,WDJ172137.63-030215.82,unclassified,False,False,True,400270,ok,1557,1251,0,0,0,0,2,0,0.45184837562150176,7,4,421,410,1136,839,True
4370487737488644096,WDJ173346.08-012423.37,unclassified,False,True,True,673683,ok,2637,1379,0,1,0,0,0,0,0.19907248076476647,9,4,778,434,1859,944,True
4379594403889216896,WDJ164900.24-005443.30,unclassified,False,True,True,230184,ok,889,889,0,0,0,0,0,0,0.25551458341353106,2,2,348,348,541,541,True
4384641785033845376,WDJ164938.84+011533.29,unclassified,False,True,True,330738,ok,1304,1301,0,0,0,0,0,0,0.15672270536741684,5,4,465,465,839,836,True
4387775530611235200,WDJ171241.64+015533.23,unclassified,False,True,True,365670,ok,1435,1420,0,2,0,0,0,0,0.07591195276914707,5,4,522,520,913,898,True
4400342433118262272,WDJ153307.70-060613.49,unclassified,False,True,True,321166,ok,1249,1249,0,1,0,0,0,0,0.33883400945687925,5,5,535,535,714,713,True
4403559191824602496,WDJ154101.26-023916.65,unclassified,False,True,True,11263,ok,43,43,0,0,0,0,0,0,0.27544193386348387,2,2,0,0,43,43,False
4406334049937890176,WDJ160635.66-013228.85,unclassified,False,True,True,454893,ok,1788,844,0,0,0,0,0,0,0.588573495139592,10,4,689,340,1099,504,True
4415701304886958848,WDJ152403.40-003022.87,unclassified,False,True,True,203081,ok,789,314,0,0,0,0,60,0,0.4065041468037775,3,2,314,254,475,0,False
4417843183603168640,WDJ152839.45+011300.07,unclassified,False,True,True,301210,ok,1189,1189,0,0,0,0,0,0,0.1541089575012193,2,2,455,455,734,734,True
4418372534027715968,WDJ150909.60-010826.97,unclassified,False,True,True,213448,ok,839,825,0,1,0,0,0,0,0.05489598568229624,5,4,316,316,523,508,True
4424531104813732736,WDJ154130.76+032313.05,unclassified,False,True,True,320027,ok,1254,1254,0,2,0,0,1,0,0.15660210303684505,3,3,481,480,773,771,True
4429106481934491136,WDJ152941.47+060402.00,unclassified,False,True,True,327791,ok,1279,1279,0,1,0,0,0,0,0.4520782973263007,4,4,506,505,773,773,True
4432766309468042752,WDJ162247.64+015343.98,unclassified,False,True,True,285193,ok,1125,1125,0,0,0,0,0,0,0.09413403288410124,4,4,420,420,705,705,True
4436905352274528896,WDJ162157.79+043218.81,unclassified,False,False,True,23447,ok,90,90,0,0,0,0,0,0,0.3590047423142882,4,4,33,33,57,57,True
4438422055545153536,WDJ162904.15+053651.80,unclassified,False,True,True,288424,ok,1122,1122,0,1,0,0,0,0,0.17744464711870842,4,4,440,440,682,681,True
4453903355360209152,WDJ161512.22+110239.98,unclassified,False,True,True,392469,ok,1553,1553,0,0,0,0,0,0,0.1373173818481687,4,4,553,553,1000,1000,True
4458134306166822528,WDJ160730.60+130222.03,unclassified,False,True,True,896911,ok,3550,1765,0,2,0,0,0,0,0.13963686581153087,9,4,1472,737,2078,1026,True
44581764827781632,WDJ034533.69+174456.74,unclassified,False,True,True,440395,ok,1715,306,0,4,0,0,0,0,0.1365585258999908,8,3,729,298,986,4,False
4460327252045435648,WDJ162813.34+122452.71,unclassified,False,True,True,517297,ok,2048,2001,0,0,0,0,2,0,0.6593681875374205,6,4,856,856,1192,1143,True
4467762012240933888,WDJ180433.71+011441.81,unclassified,False,True,True,949662,ok,3746,1244,0,3,0,0,0,0,0.07702382250163263,17,4,1133,413,2613,828,True
4477233961327345536,WDJ182547.52+063337.38,unclassified,False,True,True,50641,ok,194,99,0,0,0,0,0,0,0.03119348216498702,5,2,86,45,108,54,True
4479342339285057408,WDJ183202.83+085636.24,unclassified,False,True,True,1415814,ok,5501,1726,0,2,0,0,0,0,0.07312290920026777,17,4,1081,523,4420,1201,True
4491980748701631616,WDJ173042.95+105246.81,unclassified,False,True,True,450624,ok,1773,1773,0,0,0,0,0,0,0.38416125602119966,4,4,593,593,1180,1180,True
4497367599768691712,WDJ180929.20+135623.24,unclassified,False,True,True,684685,ok,2700,1814,0,0,0,0,4,0,0.4538302220020917,8,4,691,597,2009,1213,True
4503347770490390016,WDJ175740.89+180356.66,unclassified,False,True,True,566696,ok,2213,2205,0,0,0,0,0,0,0.22996497367264118,3,2,931,931,1282,1274,True
4505197187707403008,WDJ184118.49+123928.34,unclassified,False,True,True,1672926,ok,6606,1545,0,0,0,0,1,0,0.23209129533734355,15,3,1723,530,4883,1014,True
4505853871020827904,WDJ185640.86+120844.61,unclassified,False,True,True,2701164,ok,10670,2421,0,2,0,0,0,0,0.1495671075295314,21,4,2045,680,8625,1739,True
4511443341484192256,WDJ184843.44+174658.92,unclassified,False,True,True,1698336,ok,6643,1652,0,0,0,0,0,0,0.05912159035457878,21,4,1719,578,4924,1074,True
4513890579470651392,WDJ190520.72+164412.78,unclassified,False,True,True,2677547,ok,10453,1831,0,0,0,0,0,0,0.3720561782706068,17,3,3642,728,6811,1103,True
4517521407404432512,WDJ185218.63+183355.13,unclassified,False,True,True,1157414,ok,4533,1671,0,0,0,0,0,0,0.33869457732494884,16,4,1190,591,3343,1080,True
4517992170175866368,WDJ190024.55+191742.13,unclassified,False,True,True,3417783,ok,13365,3236,0,3,0,0,0,0,0.32749190148875357,34,6,3868,1187,9497,2046,True
4519318456074056832,WDJ185455.06+212519.96,unclassified,False,True,True,389000,ok,1513,435,0,0,0,0,1,0,0.3895458442679938,24,6,564,170,949,264,True
4527450852077318912,WDJ180937.05+193614.70,unclassified,False,True,True,28389,ok,109,109,0,0,0,0,0,0,0.09169385869070475,2,2,49,49,60,60,True
4542924485372999808,WDJ173207.87+150738.72,unclassified,False,True,True,366713,ok,1443,1443,0,0,0,0,0,0,0.10949040367728383,4,4,429,429,1014,1014,True
455164935930210944,WDJ021319.38+522104.86,unclassified,False,True,True,838811,ok,3273,3206,0,2,0,0,8,0,0.10377617792181568,9,6,1200,1200,2073,1996,True
4556431199748103936,WDJ174415.35+223627.53,unclassified,False,True,True,1491673,ok,5818,5638,0,4,0,0,2,0,0.045588634730303265,9,4,2593,2579,3225,3053,True
4557852490326063232,WDJ165657.47+155627.79,unclassified,False,True,True,1081742,ok,4274,2251,0,2,0,0,1,0,0.5335216145020663,9,4,1776,999,2498,1249,True
4566554472019360128,WDJ165426.50+235241.67,unclassified,False,True,True,849413,ok,3331,3331,0,0,0,0,0,0,0.08886860943537679,4,4,1567,1567,1764,1764,True
4570546317703725312,WDJ171840.63+252431.90,unclassified,False,True,True,1696868,ok,6619,6615,0,2,0,0,7,0,0.046308229239328015,5,4,3201,3195,3418,3411,True
4577671874609450368,WDJ175909.02+231155.71,unclassified,False,True,True,28527,ok,110,110,0,0,0,0,0,0,0.05741930868555627,2,2,49,49,61,61,True
458252738239635584,WDJ022152.87+561430.85,unclassified,False,True,True,132971,ok,513,187,0,13,0,0,0,0,0.06177829646461979,6,2,183,68,330,106,True
4586334819344859392,WDJ181728.88+282326.60,unclassified,False,True,True,1611099,ok,6275,3380,0,0,0,0,0,0,0.29710616309862825,9,4,2305,1297,3970,2083,True
458685159848886528,WDJ021811.42+575020.90,unclassified,False,True,True,4328892,ok,16593,2937,0,2937,0,0,0,0,0.29508017996621505,24,4,5511,0,11082,0,False
4587412856136181376,WDJ183244.36+291105.59,unclassified,False,True,True,543905,ok,2123,1883,0,4,0,0,4,0,0.0686586909240834,8,4,725,710,1398,1165,True
4591984007008243840,WDJ182802.52+312726.85,unclassified,False,True,True,33983,ok,131,131,0,0,0,0,0,0,0.206273974574038,2,2,59,59,72,72,True
459237630076876672,WDJ022704.24+591502.04,unclassified,False,True,True,357408,ok,1384,1350,0,0,0,0,2,0,0.28307034875527276,8,6,543,543,841,805,True
4592594927456151168,WDJ181842.74+320436.25,unclassified,False,True,True,33077,ok,127,127,0,0,0,0,0,0,0.19666141746494295,2,2,56,56,71,71,True
4602156624166140544,WDJ173820.37+331845.05,unclassified,False,True,True,242051,ok,934,318,0,0,0,0,0,0,0.22329548348924844,18,6,413,146,521,172,True
4602478059518965632,WDJ173351.53+341012.33,unclassified,False,True,True,988202,ok,3844,1241,0,0,0,0,0,0,0.26823084243903716,6,2,2524,1241,1320,0,False
4608235514718975104,WDJ175523.53+363924.73,unclassified,False,False,True,874329,ok,3403,2670,0,0,0,0,7,0,0.30311845490435435,6,4,1338,1334,2065,1329,True
4611476737557895552,WDJ175555.45+395844.68,unclassified,False,True,True,698525,ok,2714,2714,0,0,0,0,1,0,0.3082179150024601,4,4,1284,1284,1430,1429,True
4616773218211143168,WDJ020219.43-851521.79,unclassified,False,True,True,162,ok,0,0,0,0,0,0,0,0,,0,0,0,0,0,0,False
4618860233015905408,WDJ024235.52-820636.32,unclassified,False,True,True,162,ok,0,0,0,0,0,0,0,0,,0,0,0,0,0,0,False
462506821746606464,WDJ032438.66+602055.88,unclassified,False,True,True,504953,ok,1970,1266,0,1,0,0,0,0,0.11667484599755658,5,2,532,532,1438,733,True
4627855367706529152,WDJ040536.39-762828.08,unclassified,False,True,True,162,ok,0,0,0,0,0,0,0,0,,0,0,0,0,0,0,False
4630881258066239232,WDJ002012.05-815810.05,unclassified,False,True,True,162,ok,0,0,0,0,0,0,0,0,,0,0,0,0,0,0,False
4636644593077501056,WDJ015908.54-764542.38,unclassified,False,True,True,162,ok,0,0,0,0,0,0,0,0,,0,0,0,0,0,0,False
464341597411100544,WDJ024521.42+593809.94,unclassified,False,True,True,158999,ok,614,593,0,20,0,0,2,0,3.8201411363998274,4,2,605,571,9,0,False
4643649611721696000,WDJ023055.48-732329.13,unclassified,False,True,True,162,ok,0,0,0,0,0,0,0,0,,0,0,0,0,0,0,False
4656985111546234880,WDJ055014.90-702630.88,unclassified,False,True,True,162,ok,0,0,0,0,0,0,0,0,,0,0,0,0,0,0,False
4661346560745269504,WDJ050333.06-681738.85,unclassified,False,True,True,162,ok,0,0,0,0,0,0,0,0,,0,0,0,0,0,0,False
4665237908354588288,WDJ045527.27-625844.61,unclassified,False,True,True,162,ok,0,0,0,0,0,0,0,0,,0,0,0,0,0,0,False
4681729620697295360,WDJ041033.37-585203.63,unclassified,False,True,True,162,ok,0,0,0,0,0,0,0,0,,0,0,0,0,0,0,False
4685207753933299968,WDJ001303.61-751841.87,unclassified,False,True,True,162,ok,0,0,0,0,0,0,0,0,,0,0,0,0,0,0,False
4687960621811310976,WDJ014611.80-702019.78,unclassified,False,True,True,162,ok,0,0,0,0,0,0,0,0,,0,0,0,0,0,0,False
4687985493966045696,WDJ012624.73-711711.95,unclassified,False,True,True,162,ok,0,0,0,0,0,0,0,0,,0,0,0,0,0,0,False
4688909740895058432,WDJ003751.15-725744.22,unclassified,False,True,True,162,ok,0,0,0,0,0,0,0,0,,0,0,0,0,0,0,False
4699906742631457280,WDJ021328.27-643708.87,unclassified,False,True,True,162,ok,0,0,0,0,0,0,0,0,,0,0,0,0,0,0,False
4704847230628098048,WDJ012633.38-655635.07,unclassified,False,False,True,162,ok,0,0,0,0,0,0,0,0,,0,0,0,0,0,0,False
4710996863585693568,WDJ013739.95-645638.51,unclassified,False,True,True,162,ok,0,0,0,0,0,0,0,0,,0,0,0,0,0,0,False
4711031463842628736,WDJ014109.33-643708.93,unclassified,False,True,True,162,ok,0,0,0,0,0,0,0,0,,0,0,0,0,0,0,False
4712706161786311040,WDJ014826.87-614542.98,unclassified,False,True,True,162,ok,0,0,0,0,0,0,0,0,,0,0,0,0,0,0,False
4729763229265811328,WDJ033619.17-564436.07,unclassified,False,True,True,162,ok,0,0,0,0,0,0,0,0,,0,0,0,0,0,0,False
4730623871992468608,WDJ033545.41-561436.02,unclassified,False,True,True,162,ok,0,0,0,0,0,0,0,0,,0,0,0,0,0,0,False
4733457961996629120,WDJ031946.41-555609.69,unclassified,False,True,True,162,ok,0,0,0,0,0,0,0,0,,0,0,0,0,0,0,False
4733604373137759616,WDJ031318.66-560734.99,unclassified,False,True,True,162,ok,0,0,0,0,0,0,0,0,,0,0,0,0,0,0,False
4739285476703611648,WDJ021212.66-572521.02,unclassified,False,True,True,162,ok,0,0,0,0,0,0,0,0,,0,0,0,0,0,0,False
4741117370449721216,WDJ024918.23-533435.43,unclassified,False,True,True,162,ok,0,0,0,0,0,0,0,0,,0,0,0,0,0,0,False
4743948956489483008,WDJ020817.65-532335.49,unclassified,False,True,True,162,ok,0,0,0,0,0,0,0,0,,0,0,0,0,0,0,False
4744553855386223488,WDJ023156.01-535753.18,unclassified,False,True,True,162,ok,0,0,0,0,0,0,0,0,,0,0,0,0,0,0,False
4763928766392708864,WDJ050323.06-570122.22,unclassified,False,True,True,162,ok,0,0,0,0,0,0,0,0,,0,0,0,0,0,0,False
4765030545763327616,WDJ055536.82-585931.14,unclassified,False,True,True,162,ok,0,0,0,0,0,0,0,0,,0,0,0,0,0,0,False
4767562373148092032,WDJ054815.93-551124.07,unclassified,False,True,True,162,ok,0,0,0,0,0,0,0,0,,0,0,0,0,0,0,False
4772948197714186112,WDJ051447.73-505216.43,unclassified,False,True,True,162,ok,0,0,0,0,0,0,0,0,,0,0,0,0,0,0,False
478101057719818112,WDJ051440.10+630736.75,unclassified,False,True,True,14297,ok,55,55,0,1,0,0,33,0,7.925875009397702,1,1,55,21,0,0,False
4781653099991148928,WDJ042642.02-502555.21,unclassified,False,True,True,162,ok,0,0,0,0,0,0,0,0,,0,0,0,0,0,0,False
4783648885393612160,WDJ050011.50-504612.38,unclassified,False,True,True,162,ok,0,0,0,0,0,0,0,0,,0,0,0,0,0,0,False
4788896304637763072,WDJ042211.36-474142.02,unclassified,False,True,True,162,ok,0,0,0,0,0,0,0,0,,0,0,0,0,0,0,False
4789193894331683712,WDJ043220.14-464617.12,unclassified,False,True,True,162,ok,0,0,0,0,0,0,0,0,,0,0,0,0,0,0,False
4791992941698698368,WDJ055705.77-531402.59,unclassified,False,True,True,162,ok,0,0,0,0,0,0,0,0,,0,0,0,0,0,0,False
4797409582653745152,WDJ052330.80-472219.55,unclassified,False,True,True,162,ok,0,0,0,0,0,0,0,0,,0,0,0,0,0,0,False
4803707722696551552,WDJ055826.65-423558.28,unclassified,False,True,True,162,ok,0,0,0,0,0,0,0,0,,0,0,0,0,0,0,False
4804232911297598592,WDJ054646.49-430846.51,unclassified,False,True,True,162,ok,0,0,0,0,0,0,0,0,,0,0,0,0,0,0,False
4810151685469217024,WDJ050046.53-464937.88,unclassified,False,True,True,162,ok,0,0,0,0,0,0,0,0,,0,0,0,0,0,0,False
4814690259013570176,WDJ044153.83-431833.50,unclassified,False,True,True,162,ok,0,0,0,0,0,0,0,0,,0,0,0,0,0,0,False
4816483154458188672,WDJ044015.61-394549.60,unclassified,False,True,True,162,ok,0,0,0,0,0,0,0,0,,0,0,0,0,0,0,False
4825040614800521472,WDJ045756.19-342403.77,unclassified,False,True,True,162,ok,0,0,0,0,0,0,0,0,,0,0,0,0,0,0,False
4827119688210203392,WDJ050506.21-322916.12,unclassified,False,True,True,162,ok,0,0,0,0,0,0,0,0,,0,0,0,0,0,0,False
4835794942327992704,WDJ034329.03-454904.23,unclassified,False,True,True,162,ok,0,0,0,0,0,0,0,0,,0,0,0,0,0,0,False
4841120770494891520,WDJ041539.80-402232.69,unclassified,False,True,True,162,ok,0,0,0,0,0,0,0,0,,0,0,0,0,0,0,False
4842850164846548736,WDJ034706.37-420147.04,unclassified,False,True,True,162,ok,0,0,0,0,0,0,0,0,,0,0,0,0,0,0,False
4844023064578952320,WDJ040444.43-395043.01,unclassified,False,True,True,162,ok,0,0,0,0,0,0,0,0,,0,0,0,0,0,0,False
484475923061164160,WDJ051825.31+675349.92,unclassified,False,False,True,296573,ok,1146,1146,0,1,0,0,0,0,0.23304586430844537,4,4,520,519,626,626,True
4846154678323893248,WDJ032205.10-472106.46,unclassified,False,True,True,162,ok,0,0,0,0,0,0,0,0,,0,0,0,0,0,0,False
4849023441599834112,WDJ033715.17-415523.80,unclassified,False,True,True,162,ok,0,0,0,0,0,0,0,0,,0,0,0,0,0,0,False
4854666478871104256,WDJ032031.41-365657.63,unclassified,False,True,True,162,ok,0,0,0,0,0,0,0,0,,0,0,0,0,0,0,False
4869262701888061056,WDJ042148.99-355849.10,unclassified,False,True,True,162,ok,0,0,0,0,0,0,0,0,,0,0,0,0,0,0,False
4870606614334908928,WDJ041733.22-331256.16,unclassified,False,True,True,162,ok,0,0,0,0,0,0,0,0,,0,0,0,0,0,0,False
4870883072790062720,WDJ043140.45-340510.04,unclassified,False,True,True,162,ok,0,0,0,0,0,0,0,0,,0,0,0,0,0,0,False
4878193205910483072,WDJ044807.80-295926.54,unclassified,False,True,True,78510,ok,300,249,0,249,0,0,0,0,0.2881311881011411,6,4,118,0,182,0,False
4887600528615197184,WDJ035210.33-302524.56,unclassified,False,True,True,15749,ok,60,60,0,0,0,0,0,0,0.334498708481649,2,2,28,28,32,32,True
4907063048361514496,WDJ004000.72-584031.67,unclassified,False,True,True,162,ok,0,0,0,0,0,0,0,0,,0,0,0,0,0,0,False
4912629639510939904,WDJ013720.29-542141.71,unclassified,False,True,True,162,ok,0,0,0,0,0,0,0,0,,0,0,0,0,0,0,False
4915037810494036096,WDJ011204.43-532745.81,unclassified,False,True,True,162,ok,0,0,0,0,0,0,0,0,,0,0,0,0,0,0,False
4923687015634677760,WDJ000447.56-544414.22,unclassified,False,True,True,162,ok,0,0,0,0,0,0,0,0,,0,0,0,0,0,0,False
492871759491109120,WDJ031854.52+672449.07,unclassified,False,True,True,391384,ok,1521,1042,0,5,0,0,0,0,0.021515095885540177,10,4,495,484,1026,553,True
4932059178205795840,WDJ010928.05-485759.97,unclassified,False,True,True,162,ok,0,0,0,0,0,0,0,0,,0,0,0,0,0,0,False
4933401235226727296,WDJ011137.93-460727.61,unclassified,False,True,True,162,ok,0,0,0,0,0,0,0,0,,0,0,0,0,0,0,False
4933533142262051968,WDJ010653.71-460853.67,unclassified,False,True,True,162,ok,0,0,0,0,0,0,0,0,,0,0,0,0,0,0,False
4939280736216112896,WDJ022705.94-471301.35,unclassified,False,True,True,162,ok,0,0,0,0,0,0,0,0,,0,0,0,0,0,0,False
4954064872642562688,WDJ014307.32-470136.68,unclassified,False,True,True,162,ok,0,0,0,0,0,0,0,0,,0,0,0,0,0,0,False
4971571880894586880,WDJ021725.37-314702.06,unclassified,False,True,True,162,ok,0,0,0,0,0,0,0,0,,0,0,0,0,0,0,False
4974784825671467648,WDJ003723.75-482155.88,unclassified,False,True,True,162,ok,0,0,0,0,0,0,0,0,,0,0,0,0,0,0,False
4981271566317702656,WDJ005200.53-470709.43,unclassified,False,True,True,162,ok,0,0,0,0,0,0,0,0,,0,0,0,0,0,0,False
4984244267802428032,WDJ012336.41-411615.47,unclassified,False,True,True,162,ok,0,0,0,0,0,0,0,0,,0,0,0,0,0,0,False
4985428476184853248,WDJ011748.79-392710.32,unclassified,False,True,True,162,ok,0,0,0,0,0,0,0,0,,0,0,0,0,0,0,False
498913610243369728,WDJ051348.71+721752.32,unclassified,False,True,True,284366,ok,1098,1098,0,2,0,0,0,0,0.059678228230769084,2,2,538,537,560,559,True
5003385493930395776,WDJ005625.28-334742.24,unclassified,False,True,True,162,ok,0,0,0,0,0,0,0,0,,0,0,0,0,0,0,False
5020319141229055360,WDJ020807.86-293137.99,unclassified,False,True,True,18062,ok,69,69,0,0,0,0,0,0,0.2986284932856495,2,2,36,36,33,33,True
5035978214034036480,WDJ013309.09-270544.40,unclassified,False,True,True,162,ok,0,0,0,0,0,0,0,0,,0,0,0,0,0,0,False
5039292451317431168,WDJ014028.18-232122.10,unclassified,False,True,True,144931,ok,564,564,0,0,0,0,0,0,0.021733528855063206,4,4,313,313,251,251,True
504240778439455872,WDJ053432.93+770757.40,unclassified,False,True,True,293405,ok,1133,1133,0,2,0,0,0,0,0.5570146992476487,4,4,538,537,595,594,True
506086549232654720,WDJ014343.14+584151.39,unclassified,False,True,True,1826482,ok,7132,2246,0,37,0,0,1,0,0.04281008704495006,23,6,1994,698,5138,1510,True
5063894054052370304,WDJ023937.41-314931.58,unclassified,False,True,True,162,ok,0,0,0,0,0,0,0,0,,0,0,0,0,0,0,False
5068764619981087488,WDJ022456.23-274317.31,unclassified,False,True,True,164544,ok,638,638,0,0,0,0,6,0,2.5143673483415623,6,6,347,347,291,285,True
5071680868416255744,WDJ030733.02-274611.58,unclassified,False,True,True,194229,ok,747,747,0,747,0,0,0,0,0.3375630544674659,4,4,395,0,352,0,False
5073401672831650816,WDJ030907.83-262752.87,unclassified,False,True,True,154899,ok,600,26,0,0,0,0,0,0,0.5703384843849064,5,1,332,26,268,0,False
5074386693516499456,WDJ031440.33-235052.79,unclassified,False,True,True,143644,ok,557,557,0,0,0,0,0,0,0.10901482613198037,4,4,302,302,255,255,True
5086417244804970496,WDJ033531.83-233710.63,unclassified,False,True,True,155811,ok,606,606,0,0,0,0,3,0,0.22388699574011403,4,4,312,312,294,291,True
5090605830056251776,WDJ035814.52-213813.74,unclassified,False,True,True,179996,ok,698,688,0,0,0,0,0,0,0.02883278423304283,7,6,348,348,350,340,True
5093424260611799424,WDJ041617.92-174543.63,unclassified,False,True,True,186444,ok,726,722,0,4,0,0,29,0,0.2862892346862322,4,3,341,332,385,357,True
5094843764483219712,WDJ035257.99-195549.04,unclassified,False,True,True,26135,ok,100,100,0,0,0,0,0,0,0.28499941351851565,2,2,50,50,50,50,True
5099801668570097920,WDJ032426.38-213243.88,unclassified,False,True,True,229859,ok,896,630,0,136,0,0,0,0,0.038142188343107786,28,4,391,260,505,234,True
5100053078775660160,WDJ031927.20-210913.04,unclassified,False,True,True,161308,ok,623,623,0,0,0,0,4,0,0.2162240376261784,4,4,320,318,303,301,True
5107487117411370752,WDJ034130.63-175850.63,unclassified,False,True,True,68704,ok,266,266,0,0,0,0,0,0,0.13159108820989995,4,4,130,130,136,136,True
5114767980330242688,WDJ034706.79-115808.89,unclassified,False,True,True,242209,ok,948,947,0,9,0,0,0,0,0.3639441479876327,5,4,468,467,480,471,True
5116584064300345984,WDJ021356.67-281020.90,unclassified,False,False,True,50478,ok,194,194,0,0,0,0,1,0,0.5730484956304098,3,3,159,158,35,35,True
511736836405868416,WDJ015306.22+622319.42,unclassified,False,True,True,360002,ok,1405,1405,0,0,0,0,0,0,0.07937946414802906,4,4,614,614,791,791,True
5121833510769131136,WDJ015847.80-250310.27,unclassified,False,True,True,51941,ok,202,202,0,0,0,0,0,0,0.16996675636831574,3,3,39,39,163,163,True
5122120788245323904,WDJ015545.53-241412.64,unclassified,False,True,True,69982,ok,271,171,0,0,0,0,0,0,0.07089262572295352,8,4,108,85,163,86,True
5122528470836031232,WDJ020645.10-231614.00,unclassified,False,True,True,53225,ok,206,169,0,0,0,0,0,0,0.6821281918004858,6,3,127,116,79,53,True
5135466183642594304,WDJ014721.82-215651.39,unclassified,False,True,True,229288,ok,892,892,0,0,0,0,3,0,0.1907604705935953,6,6,527,526,365,363,True
5139880551029408768,WDJ013832.02-195446.58,unclassified,False,True,True,66205,ok,256,256,0,0,0,0,0,0,1.1507528983580766,3,3,208,208,48,48,True
5145462973426822656,WDJ022453.02-161107.85,unclassified,False,True,True,199527,ok,776,763,0,0,0,0,0,0,0.09236110519845102,4,2,396,394,380,369,True
5146019876066016000,WDJ022917.15-150350.42,unclassified,True,True,True,34580,ok,134,125,0,0,0,0,0,0,0.1361081223296025,4,2,64,64,70,61,True
5147102895019154688,WDJ022823.31-134726.71,unclassified,False,True,True,63913,ok,250,250,0,0,0,0,0,0,0.15148129294428728,4,4,127,127,123,123,True
5147930591051748480,WDJ020056.71-154609.73,unclassified,False,True,True,389197,ok,1532,767,0,4,0,0,0,0,0.6082826088496793,8,4,824,411,708,352,True
5148800025576590464,WDJ015843.74-150226.05,unclassified,False,True,True,75791,ok,296,296,0,4,0,0,0,0,0.04203064446433173,5,5,190,186,106,106,True
5149410185810690432,WDJ020330.98-134716.55,unclassified,False,True,True,198282,ok,780,723,0,0,0,0,0,0,0.10788240010682507,7,4,407,402,373,321,True
5152748715429796096,WDJ030648.35-172332.93,unclassified,False,True,True,208672,ok,810,810,0,1,0,0,0,0,0.6882085863794256,4,4,399,399,411,410,True
5154220209880074752,WDJ025627.73-151533.16,unclassified,False,True,True,162,ok,0,0,0,0,0,0,0,0,,0,0,0,0,0,0,False
5157333438398813824,WDJ025657.85-145029.92,unclassified,False,True,True,210064,ok,823,823,0,0,0,0,0,0,0.12564160362087648,4,4,421,421,402,402,True
5160899536860481664,WDJ025821.77-104826.46,unclassified,False,True,True,57001,ok,221,221,0,0,0,0,0,0,0.11573996890169944,3,3,154,154,67,67,True
5161807767825277184,WDJ032833.52-121945.27,unclassified,False,True,True,269990,ok,1058,915,0,0,0,0,0,0,0.5207618372983291,7,4,456,451,602,464,True
5163781391195902464,WDJ033131.05-102309.96,unclassified,False,True,True,254415,ok,1004,943,0,1,0,0,6,0,0.07135750038085634,5,4,471,471,533,465,True
516532695666534144,WDJ024146.59+661137.89,unclassified,False,True,True,542460,ok,2101,1060,0,1,0,0,0,0,0.05675739252016584,8,4,909,463,1192,596,True
516606710842437248,WDJ024029.66+663637.06,unclassified,False,True,True,549731,ok,2129,1077,0,0,0,0,0,0,0.3252921961255411,9,4,926,478,1203,599,True
5168260419316083840,WDJ031805.75-081646.45,unclassified,False,True,True,346661,ok,1339,870,0,4,0,0,0,0,0.08682537977367095,6,4,467,465,872,401,True
5175397624169506304,WDJ023520.02-093456.36,unclassified,False,True,True,452789,ok,1749,1749,0,2,0,0,0,0,0.03119348216498702,4,4,901,900,848,847,True
5183039165557720448,WDJ030452.46-040152.86,unclassified,False,True,True,2723,ok,10,10,0,0,0,0,5,0,8.672748283205697,1,1,0,0,10,5,False
5184368986216750976,WDJ025612.34-050752.35,unclassified,False,True,True,278532,ok,1076,1059,0,0,0,0,0,0,0.07389399810721527,6,4,527,527,549,532,True
5185437677159551872,WDJ024845.71-040936.67,unclassified,False,True,True,262908,ok,1017,1014,0,1,0,0,0,0,0.07427654077465105,5,4,510,509,507,504,True
518966292856747520,WDJ020321.11+672111.85,unclassified,False,True,True,41893,ok,162,148,0,0,0,0,0,0,0.22527512944509842,3,2,64,64,98,84,True
5200409353338832896,WDJ113145.70-780147.98,unclassified,False,True,True,162,ok,0,0,0,0,0,0,0,0,,0,0,0,0,0,0,False
521232768574387072,WDJ021906.43+700838.37,unclassified,False,True,True,899750,ok,3495,2162,0,1,0,0,5,0,0.19499711602420927,12,6,1288,982,2207,1174,True
5216388693260726016,WDJ083258.10-760105.86,unclassified,False,True,True,162,ok,0,0,0,0,0,0,0,0,,0,0,0,0,0,0,False
5216924803961432192,WDJ090240.78-742331.37,unclassified,False,True,True,162,ok,0,0,0,0,0,0,0,0,,0,0,0,0,0,0,False
5217232495418367360,WDJ084343.84-735157.07,unclassified,False,True,True,162,ok,0,0,0,0,0,0,0,0,,0,0,0,0,0,0,False
5217945533008623232,WDJ092545.85-725348.81,unclassified,False,True,True,162,ok,0,0,0,0,0,0,0,0,,0,0,0,0,0,0,False
522432163970498048,WDJ011053.06+604831.03,unclassified,False,True,True,1099713,ok,4299,2084,0,0,0,0,0,0,0.03223603276283396,12,4,1084,634,3215,1450,True
5224369322315410048,WDJ115426.34-765619.93,unclassified,False,True,True,162,ok,0,0,0,0,0,0,0,0,,0,0,0,0,0,0,False
5226333123099210240,WDJ111217.53-731024.13,unclassified,False,True,True,162,ok,0,0,0,0,0,0,0,0,,0,0,0,0,0,0,False
5242316444456199808,WDJ095522.89-711808.37,unclassified,False,False,True,162,ok,0,0,0,0,0,0,0,0,,0,0,0,0,0,0,False
5246678653760843520,WDJ100012.07-635100.39,unclassified,False,True,True,162,ok,0,0,0,0,0,0,0,0,,0,0,0,0,0,0,False
5246823346920176128,WDJ092256.24-681648.79,unclassified,False,True,True,162,ok,0,0,0,0,0,0,0,0,,0,0,0,0,0,0,False
5250197404514685440,WDJ093017.11-634851.04,unclassified,False,True,True,162,ok,0,0,0,0,0,0,0,0,,0,0,0,0,0,0,False
5259226009874614912,WDJ100223.96-575507.91,unclassified,False,True,True,162,ok,0,0,0,0,0,0,0,0,,0,0,0,0,0,0,False
5269243243703619584,WDJ080102.40-715014.28,unclassified,False,True,True,162,ok,0,0,0,0,0,0,0,0,,0,0,0,0,0,0,False
5271209758906624384,WDJ080449.16-681146.31,unclassified,False,False,True,162,ok,0,0,0,0,0,0,0,0,,0,0,0,0,0,0,False
5273365798131688960,WDJ084145.29-651141.76,unclassified,False,False,True,162,ok,0,0,0,0,0,0,0,0,,0,0,0,0,0,0,False
5286227228018008576,WDJ064802.27-634629.90,unclassified,False,True,True,162,ok,0,0,0,0,0,0,0,0,,0,0,0,0,0,0,False
5290628783523156352,WDJ075347.45-612708.00,unclassified,False,True,True,162,ok,0,0,0,0,0,0,0,0,,0,0,0,0,0,0,False
5303714380656628096,WDJ091059.91-574954.57,unclassified,False,True,True,162,ok,0,0,0,0,0,0,0,0,,0,0,0,0,0,0,False
5308401564372718080,WDJ095039.09-540959.79,unclassified,False,True,True,162,ok,0,0,0,0,0,0,0,0,,0,0,0,0,0,0,False
5308843396235054208,WDJ093957.80-541852.42,unclassified,False,True,True,162,ok,0,0,0,0,0,0,0,0,,0,0,0,0,0,0,False
5310197547872256512,WDJ091513.42-551910.65,unclassified,False,True,True,162,ok,0,0,0,0,0,0,0,0,,0,0,0,0,0,0,False
5312777822490717952,WDJ093610.24-512144.36,unclassified,False,True,True,162,ok,0,0,0,0,0,0,0,0,,0,0,0,0,0,0,False
5313189731346426880,WDJ092223.33-514519.24,unclassified,False,True,True,162,ok,0,0,0,0,0,0,0,0,,0,0,0,0,0,0,False
5316824544982104960,WDJ084215.26-555628.51,unclassified,False,True,True,162,ok,0,0,0,0,0,0,0,0,,0,0,0,0,0,0,False
5321959882759119232,WDJ083545.25-510124.48,unclassified,False,True,True,162,ok,0,0,0,0,0,0,0,0,,0,0,0,0,0,0,False
5326540821851425664,WDJ092118.14-472134.08,unclassified,False,True,True,162,ok,0,0,0,0,0,0,0,0,,0,0,0,0,0,0,False
5329014349363529472,WDJ083935.50-482840.15,unclassified,False,True,True,162,ok,0,0,0,0,0,0,0,0,,0,0,0,0,0,0,False
53357340790958848,WDJ040114.19+221403.18,unclassified,False,True,True,333257,ok,1297,1297,0,1,0,0,0,0,0.07115864026254491,2,2,376,375,921,921,True
5337760994438321920,WDJ111420.45-600819.99,unclassified,False,True,True,162,ok,0,0,0,0,0,0,0,0,,0,0,0,0,0,0,False
5341381621826727680,WDJ115414.55-592658.81,unclassified,False,True,True,162,ok,0,0,0,0,0,0,0,0,,0,0,0,0,0,0,False
5343356413411355776,WDJ113227.64-553116.83,unclassified,False,True,True,162,ok,0,0,0,0,0,0,0,0,,0,0,0,0,0,0,False
5346312514819760896,WDJ111803.09-544218.04,unclassified,False,True,True,162,ok,0,0,0,0,0,0,0,0,,0,0,0,0,0,0,False
5349284155459347968,WDJ111221.43-513003.90,unclassified,False,True,True,162,ok,0,0,0,0,0,0,0,0,,0,0,0,0,0,0,False
5353564618640817792,WDJ105305.06-532901.49,unclassified,False,True,True,162,ok,0,0,0,0,0,0,0,0,,0,0,0,0,0,0,False
535357713421191168,WDJ010707.62+733323.45,unclassified,False,True,True,294662,ok,1144,1144,0,1,0,0,0,0,0.0792603651099872,4,4,546,545,598,598,True
5356171977349246464,WDJ101015.14-540150.52,unclassified,False,True,True,162,ok,0,0,0,0,0,0,0,0,,0,0,0,0,0,0,False
536283845813246592,WDJ003242.60+704259.29,unclassified,False,True,True,940724,ok,3634,527,0,0,0,0,2,0,0.2194763615445838,10,2,1839,486,1795,39,True
5368554947859771904,WDJ115422.15-523327.89,unclassified,False,True,True,162,ok,0,0,0,0,0,0,0,0,,0,0,0,0,0,0,False
5375019565130325632,WDJ111306.03-452626.87,unclassified,False,True,True,162,ok,0,0,0,0,0,0,0,0,,0,0,0,0,0,0,False
537563127588521600,WDJ000506.82+731309.38,unclassified,False,False,True,390731,ok,1529,1173,0,0,0,0,4,0,0.8722160930194719,11,6,541,532,988,637,True
5378378366991383296,WDJ114856.14-440712.53,unclassified,False,True,True,162,ok,0,0,0,0,0,0,0,0,,0,0,0,0,0,0,False
5378958286359002624,WDJ113832.79-435817.73,unclassified,False,True,True,162,ok,0,0,0,0,0,0,0,0,,0,0,0,0,0,0,False
538397038439186048,WDJ005250.87+734041.30,unclassified,False,True,True,32691,ok,127,127,0,0,0,0,0,0,0.14582533856554103,2,2,57,57,70,70,True
5386114565161537920,WDJ113315.36-371019.95,unclassified,False,True,True,162,ok,0,0,0,0,0,0,0,0,,0,0,0,0,0,0,False
5388350903096825472,WDJ105203.68-433638.97,unclassified,False,True,True,162,ok,0,0,0,0,0,0,0,0,,0,0,0,0,0,0,False
5391227706553617536,WDJ103958.62-425001.64,unclassified,False,True,True,162,ok,0,0,0,0,0,0,0,0,,0,0,0,0,0,0,False
5395022804074954496,WDJ105535.88-364207.79,unclassified,False,True,True,162,ok,0,0,0,0,0,0,0,0,,0,0,0,0,0,0,False
5395898535024449920,WDJ111930.28-395058.26,unclassified,False,True,True,162,ok,0,0,0,0,0,0,0,0,,0,0,0,0,0,0,False
5396196464019146112,WDJ111853.72-385558.78,unclassified,False,True,True,162,ok,0,0,0,0,0,0,0,0,,0,0,0,0,0,0,False
5401688425816913920,WDJ110747.90-342051.49,unclassified,False,True,True,162,ok,0,0,0,0,0,0,0,0,,0,0,0,0,0,0,False
5419867574977172864,WDJ095434.79-400133.71,unclassified,False,True,True,162,ok,0,0,0,0,0,0,0,0,,0,0,0,0,0,0,False
5421775884784078976,WDJ100705.24-383117.16,unclassified,False,True,True,162,ok,0,0,0,0,0,0,0,0,,0,0,0,0,0,0,False
542190594071254656,WDJ030258.10+702903.39,unclassified,False,True,True,269779,ok,1043,1043,0,0,0,0,0,0,0.10996392443998722,4,4,502,502,541,541,True
5433063917831811840,WDJ094504.56-380020.17,unclassified,False,True,True,162,ok,0,0,0,0,0,0,0,0,,0,0,0,0,0,0,False
5437786045395659520,WDJ093611.12-340059.16,unclassified,False,True,True,162,ok,0,0,0,0,0,0,0,0,,0,0,0,0,0,0,False
5443874621092929408,WDJ103820.58-360951.83,unclassified,False,True,True,162,ok,0,0,0,0,0,0,0,0,,0,0,0,0,0,0,False
5453725283205041024,WDJ110339.96-282515.83,unclassified,False,True,True,41526,ok,161,161,0,0,0,0,0,0,0.09533069998558762,2,2,73,73,88,88,True
5456112705203412352,WDJ105228.94-295308.20,unclassified,False,True,True,36181,ok,141,141,0,0,0,0,0,0,0.16857150409803098,2,2,68,68,73,73,True
5463519015527901952,WDJ095944.43-304435.28,unclassified,False,True,True,162,ok,0,0,0,0,0,0,0,0,,0,0,0,0,0,0,False
546656707224057984,WDJ022733.67+725743.16,unclassified,False,False,True,1425495,ok,5540,1753,0,4,0,0,62,0,0.20157188966719908,14,4,2730,814,2810,873,True
5468956993879159168,WDJ102600.92-264542.04,unclassified,False,True,True,76563,ok,298,298,0,0,0,0,0,0,0.09513230081114725,2,2,143,143,155,155,True
5470271185153118208,WDJ104627.80-251215.78,unclassified,False,True,True,82533,ok,322,283,0,0,0,0,0,0,0.35922834345045274,4,2,137,130,185,153,True
5483433645008336768,WDJ063529.90-592000.67,unclassified,False,True,True,162,ok,0,0,0,0,0,0,0,0,,0,0,0,0,0,0,False
5505673775942459648,WDJ072233.57-505324.90,unclassified,False,True,True,162,ok,0,0,0,0,0,0,0,0,,0,0,0,0,0,0,False
5506736625732000640,WDJ073708.75-470634.52,unclassified,False,False,True,162,ok,0,0,0,0,0,0,0,0,,0,0,0,0,0,0,False
5508021817379514880,WDJ065937.94-500528.32,unclassified,False,True,True,162,ok,0,0,0,0,0,0,0,0,,0,0,0,0,0,0,False
5509882981329698944,WDJ070433.43-470320.44,unclassified,False,True,True,162,ok,0,0,0,0,0,0,0,0,,0,0,0,0,0,0,False
5510936210394560384,WDJ073104.07-450521.37,unclassified,False,True,True,162,ok,0,0,0,0,0,0,0,0,,0,0,0,0,0,0,False
551153263105246208,WDJ041246.85+754942.26,unclassified,False,True,True,645634,ok,2498,1253,0,1,0,0,1,0,0.5381671142824898,12,6,1106,556,1392,695,True
5512134781146491008,WDJ072347.02-435346.33,unclassified,False,True,True,162,ok,0,0,0,0,0,0,0,0,,0,0,0,0,0,0,False
5516037149774968320,WDJ081835.00-475218.36,unclassified,False,True,True,162,ok,0,0,0,0,0,0,0,0,,0,0,0,0,0,0,False
5516275095265950592,WDJ081751.46-470116.07,unclassified,False,True,True,162,ok,0,0,0,0,0,0,0,0,,0,0,0,0,0,0,False
552298125290079360,WDJ053449.81+772453.70,unclassified,False,True,True,32830,ok,125,125,0,0,0,0,0,0,0.0659210569070581,2,2,54,54,71,71,True
5535272800761868928,WDJ073659.88-431243.09,unclassified,False,True,True,162,ok,0,0,0,0,0,0,0,0,,0,0,0,0,0,0,False
5544736366069074176,WDJ081021.08-353138.77,unclassified,False,True,True,162,ok,0,0,0,0,0,0,0,0,,0,0,0,0,0,0,False
5549322119820590208,WDJ061815.27-512305.52,unclassified,False,True,True,162,ok,0,0,0,0,0,0,0,0,,0,0,0,0,0,0,False
5556214747760669824,WDJ064541.86-442009.69,unclassified,False,True,True,162,ok,0,0,0,0,0,0,0,0,,0,0,0,0,0,0,False
5557947990403323264,WDJ065633.56-455045.61,unclassified,False,True,True,162,ok,0,0,0,0,0,0,0,0,,0,0,0,0,0,0,False
5559706663549662080,WDJ071401.63-443320.85,unclassified,False,True,True,162,ok,0,0,0,0,0,0,0,0,,0,0,0,0,0,0,False
5567732956694899712,WDJ060853.60-451533.03,unclassified,False,True,True,162,ok,0,0,0,0,0,0,0,0,,0,0,0,0,0,0,False
5567968325198916480,WDJ060334.49-444506.22,unclassified,False,True,True,162,ok,0,0,0,0,0,0,0,0,,0,0,0,0,0,0,False
5575611644702244992,WDJ064753.57-403756.16,unclassified,False,True,True,162,ok,0,0,0,0,0,0,0,0,,0,0,0,0,0,0,False
5577049260451847808,WDJ064133.99-380136.95,unclassified,False,True,True,162,ok,0,0,0,0,0,0,0,0,,0,0,0,0,0,0,False
5580604222061700864,WDJ063840.15-362641.72,unclassified,False,True,True,162,ok,0,0,0,0,0,0,0,0,,0,0,0,0,0,0,False
5581474927897513600,WDJ062517.01-353214.66,unclassified,False,True,True,162,ok,0,0,0,0,0,0,0,0,,0,0,0,0,0,0,False
5582210952149757696,WDJ063332.05-325314.43,unclassified,False,True,True,162,ok,0,0,0,0,0,0,0,0,,0,0,0,0,0,0,False
5587173868462425216,WDJ074230.29-364337.37,unclassified,False,True,True,162,ok,0,0,0,0,0,0,0,0,,0,0,0,0,0,0,False
559439835566125952,WDJ020439.03+753818.97,unclassified,False,True,True,266335,ok,1035,1035,0,10,0,0,0,0,0.5967268755451803,4,4,506,502,529,523,True
5598574704531141120,WDJ074839.40-305609.99,unclassified,False,True,True,12769,ok,50,50,0,0,0,0,0,0,0.8477413595908229,1,1,50,50,0,0,False
5598661329740179712,WDJ074613.81-302550.93,unclassified,False,True,True,49112,ok,193,142,0,0,0,0,1,0,0.708232982806405,3,2,91,91,102,50,True
5606987823911441152,WDJ065558.17-323342.40,unclassified,False,True,True,162,ok,0,0,0,0,0,0,0,0,,0,0,0,0,0,0,False
5620763437599189376,WDJ090212.89-394553.32,unclassified,False,True,True,162,ok,0,0,0,0,0,0,0,0,,0,0,0,0,0,0,False
5628645527219028992,WDJ085613.92-322122.95,unclassified,False,True,True,162,ok,0,0,0,0,0,0,0,0,,0,0,0,0,0,0,False
5629653190965619328,WDJ092614.65-343327.50,unclassified,False,True,True,162,ok,0,0,0,0,0,0,0,0,,0,0,0,0,0,0,False
5645504991845223936,WDJ083843.35-282701.14,unclassified,False,True,True,84302,ok,327,169,0,0,0,0,0,0,0.23401672439529733,4,2,160,85,167,84,True
5648375404383767296,WDJ090331.74-273112.46,unclassified,False,True,True,66837,ok,260,260,0,0,0,0,0,0,0.1326991679992451,2,2,128,128,132,132,True
565183924826095744,WDJ000750.35+805944.91,unclassified,False,True,True,521467,ok,2039,1029,0,0,0,0,0,0,0.2643640578256465,12,6,975,495,1064,534,True
5652538052324311680,WDJ084712.93-251040.61,unclassified,False,True,True,10972,ok,42,42,0,0,0,0,0,0,0.19502133776407343,1,1,42,42,0,0,False
56529573573742848,WDJ033349.39+181333.79,unclassified,False,True,True,452921,ok,1777,1296,0,3,0,0,22,0,0.19921479400641307,9,4,411,345,1366,926,True
5654689998440806912,WDJ085722.50-224532.06,unclassified,False,True,True,69472,ok,270,270,0,0,0,0,0,0,0.9470932261733398,2,2,134,134,136,136,True
5657176543986789248,WDJ094809.07-280038.55,unclassified,False,True,True,45306,ok,176,176,0,1,0,0,0,0,0.2030893322246336,2,2,90,90,86,85,True
5660008787157868928,WDJ095017.97-251124.79,unclassified,False,True,True,162,ok,0,0,0,0,0,0,0,0,,0,0,0,0,0,0,False
566626892104483712,WDJ002113.45+804235.27,unclassified,False,True,True,226954,ok,876,876,0,0,0,0,0,0,0.03517878969512636,4,4,415,415,461,461,True
5670164696889033344,WDJ095618.21-205928.44,unclassified,False,True,True,75363,ok,294,294,0,1,0,0,0,0,0.3159968399380325,2,2,147,146,147,147,True
5671975077144346112,WDJ095852.35-175833.41,unclassified,False,True,True,191795,ok,747,373,0,0,0,0,0,0,0.10936090581567498,4,2,372,187,375,186,True
5681606833363339392,WDJ091921.84-181719.09,unclassified,False,True,True,204015,ok,797,797,0,1,0,0,0,0,0.18776561473684286,4,4,383,382,414,414,True
5681746853591389568,WDJ092247.86-173958.11,unclassified,False,True,True,206988,ok,808,372,0,1,0,0,0,0,0.22552659943533135,4,2,381,179,427,192,True
5687358245544479872,WDJ095120.66-140758.66,unclassified,False,True,True,106581,ok,417,417,0,1,0,0,0,0,0.1210461957140335,2,2,197,197,220,219,True
5695902099434069504,WDJ083241.87-234353.99,unclassified,False,True,True,307667,ok,1205,434,0,2,0,0,0,0,0.06108629620709998,7,2,311,129,894,303,True
5696208626962750720,WDJ082322.44-240131.51,unclassified,False,True,True,206390,ok,816,446,0,0,0,0,0,0,0.06131783069296557,6,2,176,138,640,308,True
5702706912475468160,WDJ083054.24-225602.10,unclassified,False,True,True,128695,ok,511,432,0,1,0,0,38,0,0.31243412345683486,4,2,133,132,378,261,True
5709854047291834496,WDJ082924.77-163337.25,unclassified,False,True,True,105587,ok,417,417,0,2,0,0,0,0,0.02216393754623983,2,2,210,209,207,206,True
5725503293214289280,WDJ075508.95-144550.95,unclassified,False,False,True,159948,ok,631,631,0,1,0,0,0,0,0.9421628895742674,4,4,146,146,485,484,True
5725637639788446208,WDJ075819.79-141044.30,unclassified,False,True,True,239239,ok,955,765,0,0,0,0,61,0,0.4988306510801929,10,6,217,216,738,488,True
5728258080939094784,WDJ081602.07-104049.93,unclassified,False,True,True,135360,ok,538,513,0,1,0,0,0,0,0.10629451036499248,4,3,250,250,288,262,True
5751694003780912512,WDJ083147.36-101552.48,unclassified,False,True,True,216123,ok,860,362,0,0,0,0,0,0,0.06491015934601692,9,3,241,137,619,225,True
5752319591539093120,WDJ081916.50-101003.62,unclassified,False,True,True,144258,ok,570,516,0,516,0,0,0,0,0.3850332483570833,10,4,280,0,290,0,False
5758736375755925760,WDJ091511.21-045730.66,unclassified,False,True,True,191597,ok,744,691,0,0,0,0,0,0,0.0326726580626085,4,3,308,308,436,383,True
576125126379588352,WDJ041501.98+883714.76,unclassified,False,True,True,162,ok,0,0,0,0,0,0,0,0,,0,0,0,0,0,0,False
5767084280350394752,WDJ172041.61-853715.08,unclassified,False,True,True,162,ok,0,0,0,0,0,0,0,0,,0,0,0,0,0,0,False
5768504024743866880,WDJ152345.27-831555.44,unclassified,False,True,True,162,ok,0,0,0,0,0,0,0,0,,0,0,0,0,0,0,False
5773385817714683776,WDJ145623.30-793654.99,unclassified,False,True,True,162,ok,0,0,0,0,0,0,0,0,,0,0,0,0,0,0,False
5774356892637782272,WDJ175740.79-812553.50,unclassified,False,True,True,162,ok,0,0,0,0,0,0,0,0,,0,0,0,0,0,0,False
5781043748701211520,WDJ163322.40-755402.83,unclassified,False,True,True,162,ok,0,0,0,0,0,0,0,0,,0,0,0,0,0,0,False
578471346753982080,WDJ085832.42+032530.73,unclassified,False,True,True,283425,ok,1112,1091,0,0,0,0,0,0,0.060151246686523704,6,4,317,312,795,779,True
5784902244240074368,WDJ140313.07-804132.60,unclassified,False,True,True,162,ok,0,0,0,0,0,0,0,0,,0,0,0,0,0,0,False
5786150018139363712,WDJ140456.92-784426.77,unclassified,False,True,True,162,ok,0,0,0,0,0,0,0,0,,0,0,0,0,0,0,False
5796849915551660672,WDJ145311.28-724842.31,unclassified,False,False,True,162,ok,0,0,0,0,0,0,0,0,,0,0,0,0,0,0,False
5802990619265616640,WDJ174344.00-742437.53,unclassified,False,True,True,162,ok,0,0,0,0,0,0,0,0,,0,0,0,0,0,0,False
5803102872531077120,WDJ174950.39-740319.57,unclassified,False,True,True,162,ok,0,0,0,0,0,0,0,0,,0,0,0,0,0,0,False
5804596039383813504,WDJ172457.13-720548.01,unclassified,False,True,True,162,ok,0,0,0,0,0,0,0,0,,0,0,0,0,0,0,False
5813509333475561344,WDJ172335.65-652554.46,unclassified,False,True,True,162,ok,0,0,0,0,0,0,0,0,,0,0,0,0,0,0,False
5817249086061777152,WDJ170650.14-635958.93,unclassified,False,True,True,162,ok,0,0,0,0,0,0,0,0,,0,0,0,0,0,0,False
5818141923864886016,WDJ165757.89-624752.09,unclassified,False,True,True,162,ok,0,0,0,0,0,0,0,0,,0,0,0,0,0,0,False
5820030266373269632,WDJ154455.68-690910.35,unclassified,False,True,True,162,ok,0,0,0,0,0,0,0,0,,0,0,0,0,0,0,False
5825892072116010624,WDJ154325.22-640108.49,unclassified,False,True,True,162,ok,0,0,0,0,0,0,0,0,,0,0,0,0,0,0,False
5827901528362726528,WDJ162557.50-644420.04,unclassified,False,True,True,162,ok,0,0,0,0,0,0,0,0,,0,0,0,0,0,0,False
582901519620616192,WDJ085128.16+060551.27,unclassified,False,True,True,219343,ok,855,855,0,1,0,0,1,0,0.27947661848719546,2,2,356,356,499,497,True
5837096572310011136,WDJ122541.65-763320.96,unclassified,False,True,True,162,ok,0,0,0,0,0,0,0,0,,0,0,0,0,0,0,False
5839502063232816256,WDJ133649.72-733242.92,unclassified,False,True,True,162,ok,0,0,0,0,0,0,0,0,,0,0,0,0,0,0,False
584401463934612352,WDJ085507.30+063541.14,unclassified,False,True,True,243384,ok,949,949,0,3,0,0,0,0,0.3303782341078564,4,4,370,369,579,577,True
5845361502467394304,WDJ132918.30-674520.38,unclassified,False,True,True,162,ok,0,0,0,0,0,0,0,0,,0,0,0,0,0,0,False
5850949839017261312,WDJ141251.02-660605.30,unclassified,False,True,True,162,ok,0,0,0,0,0,0,0,0,,0,0,0,0,0,0,False
5850961590080900864,WDJ140856.35-662758.28,unclassified,False,True,True,162,ok,0,0,0,0,0,0,0,0,,0,0,0,0,0,0,False
5854518269656533248,WDJ141805.67-613246.88,unclassified,False,True,True,162,ok,0,0,0,0,0,0,0,0,,0,0,0,0,0,0,False
5871803073506530048,WDJ134654.72-572108.57,unclassified,False,True,True,162,ok,0,0,0,0,0,0,0,0,,0,0,0,0,0,0,False
5872206594240588032,WDJ135320.50-564948.92,unclassified,False,True,True,162,ok,0,0,0,0,0,0,0,0,,0,0,0,0,0,0,False
5873013322220969984,WDJ145817.91-651024.94,unclassified,False,True,True,162,ok,0,0,0,0,0,0,0,0,,0,0,0,0,0,0,False
5877278950619588096,WDJ143944.56-624609.96,unclassified,False,True,True,162,ok,0,0,0,0,0,0,0,0,,0,0,0,0,0,0,False
5877560558721805952,WDJ143545.21-615931.94,unclassified,False,True,True,162,ok,0,0,0,0,0,0,0,0,,0,0,0,0,0,0,False
5889716484394221056,WDJ152050.88-512801.04,unclassified,False,True,True,162,ok,0,0,0,0,0,0,0,0,,0,0,0,0,0,0,False
5892465542676716544,WDJ143019.29-562358.33,unclassified,False,True,True,162,ok,0,0,0,0,0,0,0,0,,0,0,0,0,0,0,False
5893271244205166464,WDJ144107.40-560154.83,unclassified,False,True,True,162,ok,0,0,0,0,0,0,0,0,,0,0,0,0,0,0,False
5894570896953584000,WDJ143934.39-533104.62,unclassified,False,True,True,162,ok,0,0,0,0,0,0,0,0,,0,0,0,0,0,0,False
5896227379939270016,WDJ142332.78-534423.07,unclassified,False,True,True,162,ok,0,0,0,0,0,0,0,0,,0,0,0,0,0,0,False
5902615306303778304,WDJ151805.80-485418.90,unclassified,False,True,True,162,ok,0,0,0,0,0,0,0,0,,0,0,0,0,0,0,False
5903867134630105088,WDJ151655.98-461213.91,unclassified,False,True,True,162,ok,0,0,0,0,0,0,0,0,,0,0,0,0,0,0,False
5906027159585229056,WDJ144755.37-465937.10,unclassified,False,True,True,162,ok,0,0,0,0,0,0,0,0,,0,0,0,0,0,0,False
5912334267518043776,WDJ173357.46-602602.79,unclassified,False,False,True,162,ok,0,0,0,0,0,0,0,0,,0,0,0,0,0,0,False
5913106468282465536,WDJ173148.85-583423.04,unclassified,False,True,True,162,ok,0,0,0,0,0,0,0,0,,0,0,0,0,0,0,False
5916394763967640448,WDJ171356.07-573817.42,unclassified,False,False,True,162,ok,0,0,0,0,0,0,0,0,,0,0,0,0,0,0,False
5918147694721053056,WDJ174418.76-581553.27,unclassified,False,True,True,162,ok,0,0,0,0,0,0,0,0,,0,0,0,0,0,0,False
5920596066603197056,WDJ175846.05-550116.87,unclassified,False,False,True,162,ok,0,0,0,0,0,0,0,0,,0,0,0,0,0,0,False
5920708422947223168,WDJ175645.92-544203.90,unclassified,False,True,True,162,ok,0,0,0,0,0,0,0,0,,0,0,0,0,0,0,False
5922734376205010688,WDJ171616.50-551029.17,unclassified,False,True,True,162,ok,0,0,0,0,0,0,0,0,,0,0,0,0,0,0,False
5923100131319630976,WDJ171901.02-544616.96,unclassified,False,True,True,162,ok,0,0,0,0,0,0,0,0,,0,0,0,0,0,0,False
5923727544477034624,WDJ170232.86-541431.93,unclassified,False,True,True,162,ok,0,0,0,0,0,0,0,0,,0,0,0,0,0,0,False
5923961018881128832,WDJ171508.40-534537.40,unclassified,False,True,True,162,ok,0,0,0,0,0,0,0,0,,0,0,0,0,0,0,False
5924530286704389120,WDJ173017.52-533826.85,unclassified,False,True,True,162,ok,0,0,0,0,0,0,0,0,,0,0,0,0,0,0,False
5926699936730487424,WDJ170834.26-484021.42,unclassified,False,True,True,162,ok,0,0,0,0,0,0,0,0,,0,0,0,0,0,0,False
5927667232050817408,WDJ164029.55-572010.41,unclassified,False,True,True,162,ok,0,0,0,0,0,0,0,0,,0,0,0,0,0,0,False
5928149539746224512,WDJ162709.30-575916.10,unclassified,False,True,True,162,ok,0,0,0,0,0,0,0,0,,0,0,0,0,0,0,False
5939481175276866816,WDJ164502.56-481441.72,unclassified,False,True,True,162,ok,0,0,0,0,0,0,0,0,,0,0,0,0,0,0,False
5940984306415701888,WDJ163930.82-481803.29,unclassified,False,True,True,162,ok,0,0,0,0,0,0,0,0,,0,0,0,0,0,0,False
5942743082651644672,WDJ163945.19-462217.78,unclassified,False,True,True,162,ok,0,0,0,0,0,0,0,0,,0,0,0,0,0,0,False
5944943235470299136,WDJ175852.04-524507.12,unclassified,False,True,True,162,ok,0,0,0,0,0,0,0,0,,0,0,0,0,0,0,False
5947246574895056896,WDJ175330.13-493102.27,unclassified,False,True,True,162,ok,0,0,0,0,0,0,0,0,,0,0,0,0,0,0,False
5951096038169271168,WDJ172203.08-470046.06,unclassified,False,True,True,162,ok,0,0,0,0,0,0,0,0,,0,0,0,0,0,0,False
5951588103968524416,WDJ173051.25-472414.24,unclassified,False,True,True,162,ok,0,0,0,0,0,0,0,0,,0,0,0,0,0,0,False
5958985820060931712,WDJ173549.83-421657.22,unclassified,False,True,True,162,ok,0,0,0,0,0,0,0,0,,0,0,0,0,0,0,False
5960381791832632192,WDJ172624.58-395326.29,unclassified,False,True,True,162,ok,0,0,0,0,0,0,0,0,,0,0,0,0,0,0,False
5961193055261256320,WDJ174349.28-390825.95,unclassified,False,True,True,162,ok,0,0,0,0,0,0,0,0,,0,0,0,0,0,0,False
5961908120122713728,WDJ173414.69-381433.02,unclassified,False,True,True,162,ok,0,0,0,0,0,0,0,0,,0,0,0,0,0,0,False
5962050335076445056,WDJ172751.93-381802.05,unclassified,False,True,True,162,ok,0,0,0,0,0,0,0,0,,0,0,0,0,0,0,False
5966130760147250304,WDJ170811.46-404011.29,unclassified,False,True,True,162,ok,0,0,0,0,0,0,0,0,,0,0,0,0,0,0,False
5966773699537961344,WDJ170434.65-405032.47,unclassified,False,True,True,162,ok,0,0,0,0,0,0,0,0,,0,0,0,0,0,0,False
5971397214719664000,WDJ165753.92-371338.31,unclassified,False,True,True,162,ok,0,0,0,0,0,0,0,0,,0,0,0,0,0,0,False
5976564403958628224,WDJ170041.75-374051.55,unclassified,False,True,True,162,ok,0,0,0,0,0,0,0,0,,0,0,0,0,0,0,False
5978064618923304448,WDJ170241.11-344942.97,unclassified,False,True,True,162,ok,0,0,0,0,0,0,0,0,,0,0,0,0,0,0,False
5979047955865267200,WDJ171333.28-332633.21,unclassified,False,True,True,162,ok,0,0,0,0,0,0,0,0,,0,0,0,0,0,0,False
5980339714587361024,WDJ171527.22-313853.76,unclassified,False,True,True,162,ok,0,0,0,0,0,0,0,0,,0,0,0,0,0,0,False
5988854710552826368,WDJ154714.84-445127.48,unclassified,False,True,True,162,ok,0,0,0,0,0,0,0,0,,0,0,0,0,0,0,False
5991051672249011200,WDJ160547.34-450924.48,unclassified,False,True,True,162,ok,0,0,0,0,0,0,0,0,,0,0,0,0,0,0,False
5999693898016318720,WDJ152738.36-450207.41,unclassified,False,True,True,162,ok,0,0,0,0,0,0,0,0,,0,0,0,0,0,0,False
6000850927842853888,WDJ151940.92-432216.22,unclassified,False,True,True,162,ok,0,0,0,0,0,0,0,0,,0,0,0,0,0,0,False
6002644854088081664,WDJ152955.52-405811.58,unclassified,False,True,True,162,ok,0,0,0,0,0,0,0,0,,0,0,0,0,0,0,False
6008982469163902464,WDJ154008.28-392917.61,unclassified,False,True,True,162,ok,0,0,0,0,0,0,0,0,,0,0,0,0,0,0,False
6011825604381295488,WDJ155558.15-345601.88,unclassified,False,True,True,162,ok,0,0,0,0,0,0,0,0,,0,0,0,0,0,0,False
6019357048568368128,WDJ163830.59-373136.43,unclassified,False,True,True,162,ok,0,0,0,0,0,0,0,0,,0,0,0,0,0,0,False
6019407974002206592,WDJ164019.95-365557.07,unclassified,False,True,True,162,ok,0,0,0,0,0,0,0,0,,0,0,0,0,0,0,False
6021870154194477312,WDJ161854.13-355426.51,unclassified,False,True,True,162,ok,0,0,0,0,0,0,0,0,,0,0,0,0,0,0,False
6022006154333243008,WDJ162354.62-355730.33,unclassified,False,True,True,162,ok,0,0,0,0,0,0,0,0,,0,0,0,0,0,0,False
6025864443755472384,WDJ165456.32-345411.11,unclassified,False,True,True,162,ok,0,0,0,0,0,0,0,0,,0,0,0,0,0,0,False
6026272499966987776,WDJ165243.57-333419.12,unclassified,False,False,True,162,ok,0,0,0,0,0,0,0,0,,0,0,0,0,0,0,False
603077562286554368,WDJ084055.72+130329.58,unclassified,False,True,True,305403,ok,1206,1206,0,0,0,0,0,0,0.0573369870537101,4,4,416,416,790,790,True
6031352896552259456,WDJ164920.14-291754.96,unclassified,False,True,True,162,ok,0,0,0,0,0,0,0,0,,0,0,0,0,0,0,False
6032740205320578048,WDJ165503.14-285339.02,unclassified,False,True,True,162,ok,0,0,0,0,0,0,0,0,,0,0,0,0,0,0,False
6034304428112860544,WDJ165357.02-263723.43,unclassified,False,True,True,185684,ok,726,698,0,0,0,0,0,0,0.05022279478958982,3,2,197,197,529,501,True
6046892947212837376,WDJ164929.73-243310.07,unclassified,False,True,True,730741,ok,2866,704,0,1,0,0,0,0,0.09612020166551961,9,2,568,198,2298,505,True
6052441529545987712,WDJ163208.24-205809.62,unclassified,False,False,True,187876,ok,732,714,0,0,0,0,1,0,0.2270503746232223,5,3,206,206,526,507,True
6059916623769220736,WDJ123957.36-590509.15,unclassified,False,True,True,162,ok,0,0,0,0,0,0,0,0,,0,0,0,0,0,0,False
6061478411316530560,WDJ130019.29-555353.01,unclassified,False,True,True,162,ok,0,0,0,0,0,0,0,0,,0,0,0,0,0,0,False
6061560569773536128,WDJ130005.49-551706.15,unclassified,False,True,True,162,ok,0,0,0,0,0,0,0,0,,0,0,0,0,0,0,False
6064136347565352192,WDJ134209.23-564601.96,unclassified,False,True,True,162,ok,0,0,0,0,0,0,0,0,,0,0,0,0,0,0,False
6068722921631162496,WDJ133332.88-530426.80,unclassified,False,True,True,162,ok,0,0,0,0,0,0,0,0,,0,0,0,0,0,0,False
6078711198800209792,WDJ125340.20-500311.25,unclassified,False,True,True,162,ok,0,0,0,0,0,0,0,0,,0,0,0,0,0,0,False
6081243816453834624,WDJ130756.23-505316.58,unclassified,False,True,True,162,ok,0,0,0,0,0,0,0,0,,0,0,0,0,0,0,False
6083512559926714368,WDJ132817.97-473427.55,unclassified,False,True,True,162,ok,0,0,0,0,0,0,0,0,,0,0,0,0,0,0,False
6086159221843158656,WDJ130632.51-471419.92,unclassified,False,True,True,162,ok,0,0,0,0,0,0,0,0,,0,0,0,0,0,0,False
6100797810419978624,WDJ145428.34-422436.82,unclassified,False,True,True,162,ok,0,0,0,0,0,0,0,0,,0,0,0,0,0,0,False
6104820884804153984,WDJ144221.80-401123.93,unclassified,False,True,True,162,ok,0,0,0,0,0,0,0,0,,0,0,0,0,0,0,False
6105527256602819200,WDJ144114.41-384629.68,unclassified,False,True,True,162,ok,0,0,0,0,0,0,0,0,,0,0,0,0,0,0,False
6108581631187407744,WDJ134958.25-443622.09,unclassified,False,True,True,162,ok,0,0,0,0,0,0,0,0,,0,0,0,0,0,0,False
611401999180118528,WDJ085618.95+161103.75,unclassified,False,True,True,344063,ok,1347,1347,0,0,0,0,0,0,0.10598299134778348,4,4,395,395,952,952,True
6114872830559030656,WDJ134628.70-391659.72,unclassified,False,True,True,162,ok,0,0,0,0,0,0,0,0,,0,0,0,0,0,0,False
6117954001440524928,WDJ141011.29-370533.63,unclassified,False,True,True,162,ok,0,0,0,0,0,0,0,0,,0,0,0,0,0,0,False
6119018951475702784,WDJ142846.36-354621.18,unclassified,False,True,True,162,ok,0,0,0,0,0,0,0,0,,0,0,0,0,0,0,False
6121651418527918976,WDJ135810.76-355619.76,unclassified,False,True,True,162,ok,0,0,0,0,0,0,0,0,,0,0,0,0,0,0,False
6123269216744427008,WDJ142213.99-332351.75,unclassified,False,True,True,162,ok,0,0,0,0,0,0,0,0,,0,0,0,0,0,0,False
6125765554822872448,WDJ121452.25-513250.33,unclassified,False,True,True,162,ok,0,0,0,0,0,0,0,0,,0,0,0,0,0,0,False
6138263183798318208,WDJ131527.38-393502.71,unclassified,False,False,True,162,ok,0,0,0,0,0,0,0,0,,0,0,0,0,0,0,False
6138360460511929984,WDJ131630.82-392404.84,unclassified,False,True,True,162,ok,0,0,0,0,0,0,0,0,,0,0,0,0,0,0,False
6142894537227419264,WDJ130712.84-360721.89,unclassified,False,True,True,162,ok,0,0,0,0,0,0,0,0,,0,0,0,0,0,0,False
6148238369898341504,WDJ122027.31-412114.23,unclassified,False,True,True,162,ok,0,0,0,0,0,0,0,0,,0,0,0,0,0,0,False
6153373329716524800,WDJ123816.32-384245.84,unclassified,False,True,True,162,ok,0,0,0,0,0,0,0,0,,0,0,0,0,0,0,False
6155820292843679744,WDJ124848.95-344207.76,unclassified,False,True,True,162,ok,0,0,0,0,0,0,0,0,,0,0,0,0,0,0,False
6170660401283991680,WDJ140022.72-330243.17,unclassified,False,True,True,162,ok,0,0,0,0,0,0,0,0,,0,0,0,0,0,0,False
6176597626634865280,WDJ134325.50-275205.80,unclassified,False,True,True,130009,ok,507,507,0,0,0,0,0,0,0.08149348837486234,4,4,240,240,267,267,True
6185371175372936064,WDJ125751.50-283015.22,unclassified,False,True,True,53343,ok,207,207,0,0,0,0,0,0,0.8973500088131446,2,2,102,102,105,105,True
6191268135405788544,WDJ134546.41-235710.12,unclassified,False,True,True,87563,ok,342,333,0,0,0,0,1,0,0.7950432612159368,3,2,158,157,184,175,True
6198012329280240128,WDJ150423.61-380637.40,unclassified,False,True,True,162,ok,0,0,0,0,0,0,0,0,,0,0,0,0,0,0,False
6198606752751633152,WDJ145423.10-375418.44,unclassified,False,True,True,162,ok,0,0,0,0,0,0,0,0,,0,0,0,0,0,0,False
6205654347407935360,WDJ150325.78-310545.17,unclassified,False,True,True,162,ok,0,0,0,0,0,0,0,0,,0,0,0,0,0,0,False
6211650259190592256,WDJ150608.24-303823.65,unclassified,False,True,True,162,ok,0,0,0,0,0,0,0,0,,0,0,0,0,0,0,False
6216149804369395584,WDJ143237.47-333100.53,unclassified,False,True,True,162,ok,0,0,0,0,0,0,0,0,,0,0,0,0,0,0,False
6217755989005739776,WDJ144933.22-302917.93,unclassified,False,False,True,162,ok,0,0,0,0,0,0,0,0,,0,0,0,0,0,0,False
6218751459335736448,WDJ143935.89-294358.48,unclassified,False,True,True,88457,ok,345,172,0,0,0,0,0,0,0.1725319168868331,4,2,164,82,181,90,True
6224905219767550208,WDJ150200.58-271410.53,unclassified,False,True,True,75932,ok,295,295,0,0,0,0,0,0,0.8752219167255695,2,2,147,147,148,148,True
6226943645600487552,WDJ151955.33-250024.61,unclassified,False,True,True,97489,ok,380,347,0,0,0,0,0,0,0.4344314425038298,3,2,172,172,208,175,True
6228158296713374464,WDJ151228.89-230712.86,unclassified,False,True,True,180731,ok,704,353,0,0,0,0,0,0,0.08865575018495997,4,2,352,177,352,176,True
6229330032504603136,WDJ145152.63-250238.24,unclassified,False,True,True,87612,ok,341,341,0,0,0,0,0,0,0.41873014918271984,2,2,166,166,175,175,True
6241671638211603968,WDJ154611.41-203012.69,unclassified,False,True,True,159968,ok,623,623,0,0,0,0,0,0,0.3066815784742795,3,3,215,215,408,408,True
6243743667875086720,WDJ160914.07-211056.81,unclassified,False,True,True,138927,ok,542,372,0,0,0,0,0,0,0.31787468516317485,5,2,213,183,329,189,True
6254069112852784640,WDJ154329.63-190846.46,unclassified,False,True,True,248887,ok,969,485,0,0,0,0,0,0,0.45790229540341093,4,2,433,217,536,268,True
6255399831161361024,WDJ153438.25-174602.24,unclassified,False,False,True,123622,ok,482,482,0,0,0,0,0,0,0.1091014489713389,2,2,226,226,256,256,True
6260329800780772608,WDJ154425.90-181651.22,unclassified,False,True,True,120833,ok,471,471,0,0,0,0,0,0,0.06373521772024685,2,2,222,222,249,249,True
627151433802913792,WDJ095006.95+183733.90,unclassified,False,True,True,302298,ok,1184,1184,0,1,0,0,0,0,0.308248563629295,4,4,363,363,821,820,True
6278246819492556416,WDJ143817.77-232514.69,unclassified,False,True,True,89531,ok,349,349,0,1,0,0,0,0,0.25062443585604705,2,2,172,171,177,177,True
6278490601835670144,WDJ143914.58-223622.30,unclassified,False,True,True,89034,ok,347,347,0,0,0,0,0,0,0.23991689655701376,2,2,172,172,175,175,True
6279014454702485632,WDJ144410.08-214338.33,unclassified,False,True,True,93003,ok,362,362,0,1,0,0,0,0,0.3864903446122082,2,2,175,174,187,187,True
6284835750296054784,WDJ143858.73-184542.47,unclassified,False,True,True,129922,ok,506,506,0,0,0,0,0,0,0.10477274199770496,2,2,222,222,284,284,True
6286938871226005888,WDJ143811.81-150824.27,unclassified,False,True,True,162,ok,0,0,0,0,0,0,0,0,,0,0,0,0,0,0,False
6301064404482150912,WDJ140357.17-150110.58,unclassified,False,True,True,162,ok,0,0,0,0,0,0,0,0,,0,0,0,0,0,0,False
6312490559382554112,WDJ150554.29-121458.79,unclassified,False,True,True,151465,ok,596,595,0,0,0,0,0,0,0.1993333107603117,4,3,247,247,349,348,True
6315417253178248960,WDJ151828.74-114839.39,unclassified,False,True,True,1929,ok,7,7,0,0,0,0,0,0,0.229821149239032,1,1,0,0,7,7,False
6332172027974304512,WDJ145952.99-084929.65,unclassified,False,True,True,161731,ok,628,628,0,0,0,0,0,0,0.12428082410955378,3,3,245,245,383,383,True
6332746557159637504,WDJ150606.90-072255.80,unclassified,False,True,True,161449,ok,626,626,0,6,0,0,0,0,4.057169622459217,3,3,244,243,382,377,True
6343123232507261440,WDJ202052.48-853435.26,unclassified,False,True,True,162,ok,0,0,0,0,0,0,0,0,,0,0,0,0,0,0,False
6350177973988575232,WDJ232231.90-831313.27,unclassified,False,True,True,162,ok,0,0,0,0,0,0,0,0,,0,0,0,0,0,0,False
6350249717122200960,WDJ234403.60-824656.88,unclassified,False,True,True,162,ok,0,0,0,0,0,0,0,0,,0,0,0,0,0,0,False
6354517639008110720,WDJ225248.99-761328.80,unclassified,False,True,True,162,ok,0,0,0,0,0,0,0,0,,0,0,0,0,0,0,False
636028688819279488,WDJ091833.06+195307.86,unclassified,False,True,True,328845,ok,1294,1126,0,1,0,0,1,0,0.07305828443359949,7,4,334,329,960,795,True
6362060327430712448,WDJ204434.34-784201.94,unclassified,False,True,True,162,ok,0,0,0,0,0,0,0,0,,0,0,0,0,0,0,False
6365166855799419264,WDJ182836.94-774225.67,unclassified,False,True,True,162,ok,0,0,0,0,0,0,0,0,,0,0,0,0,0,0,False
6365271657299575680,WDJ183708.31-765905.91,unclassified,False,True,True,162,ok,0,0,0,0,0,0,0,0,,0,0,0,0,0,0,False
6368599672837250816,WDJ205806.13-755653.12,unclassified,False,True,True,162,ok,0,0,0,0,0,0,0,0,,0,0,0,0,0,0,False
6369309162777917568,WDJ203314.01-760324.63,unclassified,False,True,True,162,ok,0,0,0,0,0,0,0,0,,0,0,0,0,0,0,False
6369529756595303552,WDJ203123.43-752952.08,unclassified,False,True,True,162,ok,0,0,0,0,0,0,0,0,,0,0,0,0,0,0,False
6370056457024709760,WDJ210723.83-731853.65,unclassified,False,True,True,162,ok,0,0,0,0,0,0,0,0,,0,0,0,0,0,0,False
6370670877865836928,WDJ213116.43-735029.61,unclassified,False,True,True,162,ok,0,0,0,0,0,0,0,0,,0,0,0,0,0,0,False
6370863945235959680,WDJ212734.36-725815.05,unclassified,False,True,True,162,ok,0,0,0,0,0,0,0,0,,0,0,0,0,0,0,False
637560239797737856,WDJ091905.82+202316.83,unclassified,False,True,True,323560,ok,1270,1270,0,6,0,0,0,0,0.00869341154202528,4,4,349,344,921,920,True
6378433631820188928,WDJ231631.87-750146.32,unclassified,False,True,True,162,ok,0,0,0,0,0,0,0,0,,0,0,0,0,0,0,False
6379296718384116992,WDJ230030.02-731426.86,unclassified,False,True,True,162,ok,0,0,0,0,0,0,0,0,,0,0,0,0,0,0,False
6381023398316479744,WDJ230621.57-711427.08,unclassified,False,True,True,162,ok,0,0,0,0,0,0,0,0,,0,0,0,0,0,0,False
6388071096051230848,WDJ232544.07-672243.83,unclassified,False,True,True,162,ok,0,0,0,0,0,0,0,0,,0,0,0,0,0,0,False
6389012449803293824,WDJ234910.78-670917.46,unclassified,False,True,True,162,ok,0,0,0,0,0,0,0,0,,0,0,0,0,0,0,False
6396441570698528896,WDJ214802.81-691546.81,unclassified,False,True,True,162,ok,0,0,0,0,0,0,0,0,,0,0,0,0,0,0,False
6398146848809706368,WDJ222352.81-663158.37,unclassified,False,True,True,162,ok,0,0,0,0,0,0,0,0,,0,0,0,0,0,0,False
6402648970968695424,WDJ215211.62-633236.43,unclassified,False,True,True,162,ok,0,0,0,0,0,0,0,0,,0,0,0,0,0,0,False
6403387804126326144,WDJ212420.99-631012.10,unclassified,False,True,True,162,ok,0,0,0,0,0,0,0,0,,0,0,0,0,0,0,False
6408858978283161472,WDJ215724.13-615101.81,unclassified,False,True,True,162,ok,0,0,0,0,0,0,0,0,,0,0,0,0,0,0,False
6410501923531836928,WDJ215823.88-585353.81,unclassified,False,True,True,162,ok,0,0,0,0,0,0,0,0,,0,0,0,0,0,0,False
6412251624488840448,WDJ220045.37-571123.28,unclassified,False,False,True,162,ok,0,0,0,0,0,0,0,0,,0,0,0,0,0,0,False
6413809044055357568,WDJ185107.29-754136.48,unclassified,False,True,True,162,ok,0,0,0,0,0,0,0,0,,0,0,0,0,0,0,False
6418775164418169984,WDJ180201.88-733458.70,unclassified,False,True,True,162,ok,0,0,0,0,0,0,0,0,,0,0,0,0,0,0,False
6421768584826233984,WDJ193056.33-675825.13,unclassified,False,True,True,162,ok,0,0,0,0,0,0,0,0,,0,0,0,0,0,0,False
642198323440548480,WDJ095719.25+234240.78,unclassified,False,True,True,319624,ok,1254,1210,0,0,0,0,0,0,0.050316757069659476,7,4,432,431,822,779,True
6424345840079806848,WDJ201033.07-670239.93,unclassified,False,True,True,162,ok,0,0,0,0,0,0,0,0,,0,0,0,0,0,0,False
642549544391197440,WDJ100412.47+243849.46,unclassified,False,True,True,32966,ok,128,120,0,0,0,0,0,0,0.1343265713180615,3,2,23,23,105,97,True
6426888701236987392,WDJ195337.58-674422.80,unclassified,False,True,True,162,ok,0,0,0,0,0,0,0,0,,0,0,0,0,0,0,False
6428794017447777280,WDJ200238.12-641537.51,unclassified,False,True,True,162,ok,0,0,0,0,0,0,0,0,,0,0,0,0,0,0,False
6441073500745294080,WDJ194426.08-632913.78,unclassified,False,True,True,162,ok,0,0,0,0,0,0,0,0,,0,0,0,0,0,0,False
6447828827171364224,WDJ195812.54-572658.94,unclassified,False,True,True,162,ok,0,0,0,0,0,0,0,0,,0,0,0,0,0,0,False
645074504125506560,WDJ093811.58+251011.32,unclassified,False,True,True,13356,ok,52,3,0,0,0,0,2,0,8.243735201705931,3,1,33,0,19,1,False
6451485596685745920,WDJ211700.31-624224.16,unclassified,False,True,True,162,ok,0,0,0,0,0,0,0,0,,0,0,0,0,0,0,False
6451742611825266176,WDJ211532.62-615849.50,unclassified,False,True,True,162,ok,0,0,0,0,0,0,0,0,,0,0,0,0,0,0,False
6452369226077816064,WDJ212401.83-600059.54,unclassified,False,True,True,162,ok,0,0,0,0,0,0,0,0,,0,0,0,0,0,0,False
6456720612064924928,WDJ211204.92-571801.23,unclassified,False,True,True,162,ok,0,0,0,0,0,0,0,0,,0,0,0,0,0,0,False
6462935326662402944,WDJ211738.38-552801.18,unclassified,False,True,True,162,ok,0,0,0,0,0,0,0,0,,0,0,0,0,0,0,False
6464503543777416576,WDJ211815.52-531322.72,unclassified,False,True,True,162,ok,0,0,0,0,0,0,0,0,,0,0,0,0,0,0,False
6468707079810027392,WDJ201439.52-565501.73,unclassified,False,True,True,162,ok,0,0,0,0,0,0,0,0,,0,0,0,0,0,0,False
6471339413728298624,WDJ204645.78-525254.47,unclassified,False,True,True,162,ok,0,0,0,0,0,0,0,0,,0,0,0,0,0,0,False
6472153670805656832,WDJ201419.21-550452.79,unclassified,False,True,True,162,ok,0,0,0,0,0,0,0,0,,0,0,0,0,0,0,False
6472592479024916352,WDJ201617.66-543339.93,unclassified,False,True,True,162,ok,0,0,0,0,0,0,0,0,,0,0,0,0,0,0,False
6475191415272957056,WDJ202813.22-515857.14,unclassified,False,True,True,162,ok,0,0,0,0,0,0,0,0,,0,0,0,0,0,0,False
6475565902062967168,WDJ202317.71-502831.83,unclassified,False,True,True,162,ok,0,0,0,0,0,0,0,0,,0,0,0,0,0,0,False
647899806626643200,WDJ093807.11+275820.00,unclassified,False,True,True,247700,ok,971,971,0,4,0,0,0,0,0.14756409911075286,4,4,319,318,652,649,True
6481998212588885376,WDJ204610.14-480409.26,unclassified,False,True,True,162,ok,0,0,0,0,0,0,0,0,,0,0,0,0,0,0,False
6482779145017901184,WDJ204311.73-461048.50,unclassified,False,True,True,162,ok,0,0,0,0,0,0,0,0,,0,0,0,0,0,0,False
6492083311194727168,WDJ232410.17-592808.28,unclassified,False,True,True,162,ok,0,0,0,0,0,0,0,0,,0,0,0,0,0,0,False
6494799899484293120,WDJ235945.21-581248.08,unclassified,False,True,True,162,ok,0,0,0,0,0,0,0,0,,0,0,0,0,0,0,False
650043407627588608,WDJ080730.56+121827.47,unclassified,False,True,True,374941,ok,1497,1497,0,0,0,0,0,0,0.059993988256185085,4,4,409,409,1088,1088,True
6517401769743989120,WDJ223618.52-482809.01,unclassified,False,True,True,162,ok,0,0,0,0,0,0,0,0,,0,0,0,0,0,0,False
6519720296173216512,WDJ224554.79-450058.89,unclassified,False,True,True,162,ok,0,0,0,0,0,0,0,0,,0,0,0,0,0,0,False
6520178998676887680,WDJ222851.60-455059.35,unclassified,False,True,True,162,ok,0,0,0,0,0,0,0,0,,0,0,0,0,0,0,False
6520516480027596288,WDJ222919.46-444138.86,unclassified,False,False,True,162,ok,0,0,0,0,0,0,0,0,,0,0,0,0,0,0,False
6523373973310305664,WDJ233923.79-485350.19,unclassified,False,True,True,162,ok,0,0,0,0,0,0,0,0,,0,0,0,0,0,0,False
6524028973002788224,WDJ235921.13-493314.03,unclassified,False,True,True,162,ok,0,0,0,0,0,0,0,0,,0,0,0,0,0,0,False
6528026659841832576,WDJ233155.50-471755.46,unclassified,False,True,True,162,ok,0,0,0,0,0,0,0,0,,0,0,0,0,0,0,False
6547241587607789568,WDJ224653.64-385649.60,unclassified,False,True,True,162,ok,0,0,0,0,0,0,0,0,,0,0,0,0,0,0,False
6555925496084361344,WDJ231602.92-324641.65,RRLyrae_contaminant(non-WD),True,True,True,162,ok,0,0,0,0,0,0,0,0,,0,0,0,0,0,0,False
6558472750993181568,WDJ214927.52-515826.90,unclassified,False,True,True,162,ok,0,0,0,0,0,0,0,0,,0,0,0,0,0,0,False
6561990024267461760,WDJ214117.49-492427.74,unclassified,False,True,True,162,ok,0,0,0,0,0,0,0,0,,0,0,0,0,0,0,False
656829318515154176,WDJ080931.48+171120.93,unclassified,False,True,True,365833,ok,1449,1449,0,0,0,0,0,0,0.29171545240721963,2,2,364,364,1085,1085,True
6581249825853801984,WDJ210220.39-414500.77,unclassified,False,False,True,162,ok,0,0,0,0,0,0,0,0,,0,0,0,0,0,0,False
6587987839266863104,WDJ214854.42-353449.35,unclassified,False,True,True,162,ok,0,0,0,0,0,0,0,0,,0,0,0,0,0,0,False
6593339093638289792,WDJ223133.95-404033.26,unclassified,False,True,True,162,ok,0,0,0,0,0,0,0,0,,0,0,0,0,0,0,False
6609580078678720512,WDJ225206.39-274012.56,unclassified,False,True,True,407008,ok,1590,944,0,0,0,0,0,0,0.07603629675546389,17,6,711,471,879,473,True
6612986885390261376,WDJ220803.19-322759.85,unclassified,False,True,True,162,ok,0,0,0,0,0,0,0,0,,0,0,0,0,0,0,False
6613841171565998848,WDJ221452.56-314333.98,unclassified,False,True,True,162,ok,0,0,0,0,0,0,0,0,,0,0,0,0,0,0,False
6617454235493798272,WDJ215139.88-285653.09,unclassified,False,True,True,74722,ok,289,289,0,0,0,0,0,0,0.8909739610125276,4,4,138,138,151,151,True
6623537141840392448,WDJ224652.14-241903.95,unclassified,False,True,True,28681,ok,110,110,0,0,0,0,0,0,0.18131547326131628,4,4,57,57,53,53,True
6632865329772959104,WDJ185341.01-602220.73,unclassified,False,True,True,162,ok,0,0,0,0,0,0,0,0,,0,0,0,0,0,0,False
6638565919605887616,WDJ192322.82-583407.62,unclassified,False,True,True,162,ok,0,0,0,0,0,0,0,0,,0,0,0,0,0,0,False
6639497480831401984,WDJ191426.21-575525.74,unclassified,False,True,True,162,ok,0,0,0,0,0,0,0,0,,0,0,0,0,0,0,False
6639666736903611136,WDJ191430.46-572023.78,unclassified,False,True,True,162,ok,0,0,0,0,0,0,0,0,,0,0,0,0,0,0,False
6640475771302047104,WDJ192841.71-550457.57,unclassified,False,True,True,162,ok,0,0,0,0,0,0,0,0,,0,0,0,0,0,0,False
6645284902019884928,WDJ193639.34-524559.91,unclassified,False,True,True,162,ok,0,0,0,0,0,0,0,0,,0,0,0,0,0,0,False
6648052407150448000,WDJ182915.62-574213.04,unclassified,False,True,True,162,ok,0,0,0,0,0,0,0,0,,0,0,0,0,0,0,False
6651387427778240128,WDJ184941.33-530248.89,unclassified,False,True,True,162,ok,0,0,0,0,0,0,0,0,,0,0,0,0,0,0,False
6652309883673792256,WDJ180821.30-552457.32,unclassified,False,True,True,162,ok,0,0,0,0,0,0,0,0,,0,0,0,0,0,0,False
6661109416965220608,WDJ185538.42-501340.23,unclassified,False,True,True,162,ok,0,0,0,0,0,0,0,0,,0,0,0,0,0,0,False
6661782210704348672,WDJ190827.98-474820.14,unclassified,False,True,True,162,ok,0,0,0,0,0,0,0,0,,0,0,0,0,0,0,False
6662102069806542208,WDJ190123.17-483332.16,unclassified,False,True,True,162,ok,0,0,0,0,0,0,0,0,,0,0,0,0,0,0,False
6665910709364014336,WDJ200940.19-522515.87,unclassified,False,True,True,162,ok,0,0,0,0,0,0,0,0,,0,0,0,0,0,0,False
6667323341287601024,WDJ200147.31-500004.06,unclassified,False,True,True,162,ok,0,0,0,0,0,0,0,0,,0,0,0,0,0,0,False
6668032972964141312,WDJ202027.54-490718.32,unclassified,False,False,True,162,ok,0,0,0,0,0,0,0,0,,0,0,0,0,0,0,False
6670347032624132352,WDJ195127.09-485446.30,unclassified,False,True,True,162,ok,0,0,0,0,0,0,0,0,,0,0,0,0,0,0,False
6672212319740936320,WDJ200841.34-465524.77,unclassified,False,True,True,162,ok,0,0,0,0,0,0,0,0,,0,0,0,0,0,0,False
6673978337277188224,WDJ201828.58-430755.54,unclassified,False,True,True,162,ok,0,0,0,0,0,0,0,0,,0,0,0,0,0,0,False
6675628777245765120,WDJ203236.76-451913.88,unclassified,False,True,True,162,ok,0,0,0,0,0,0,0,0,,0,0,0,0,0,0,False
6679158828046846336,WDJ202354.90-433513.67,unclassified,False,True,True,162,ok,0,0,0,0,0,0,0,0,,0,0,0,0,0,0,False
6681773947733560192,WDJ204349.21-390318.02,unclassified,False,True,True,162,ok,0,0,0,0,0,0,0,0,,0,0,0,0,0,0,False
6685601549573512448,WDJ200011.78-444202.03,unclassified,False,True,True,162,ok,0,0,0,0,0,0,0,0,,0,0,0,0,0,0,False
6691626156035955584,WDJ194459.46-381404.43,unclassified,False,True,True,162,ok,0,0,0,0,0,0,0,0,,0,0,0,0,0,0,False
6693813531338995200,WDJ200733.58-383653.84,unclassified,False,True,True,162,ok,0,0,0,0,0,0,0,0,,0,0,0,0,0,0,False
6708812072537951232,WDJ184050.25-451304.31,unclassified,False,True,True,162,ok,0,0,0,0,0,0,0,0,,0,0,0,0,0,0,False
6722002157630366720,WDJ182445.86-431745.90,unclassified,False,True,True,162,ok,0,0,0,0,0,0,0,0,,0,0,0,0,0,0,False
6722639595190126208,WDJ183850.84-411333.59,unclassified,False,True,True,162,ok,0,0,0,0,0,0,0,0,,0,0,0,0,0,0,False
6723388951029086720,WDJ183237.77-410736.14,unclassified,False,True,True,162,ok,0,0,0,0,0,0,0,0,,0,0,0,0,0,0,False
6725656144031366144,WDJ180901.95-410140.69,unclassified,False,True,True,162,ok,0,0,0,0,0,0,0,0,,0,0,0,0,0,0,False
6726211603535427456,WDJ182118.49-405810.65,unclassified,False,True,True,162,ok,0,0,0,0,0,0,0,0,,0,0,0,0,0,0,False
6729726742210195328,WDJ184151.85-384112.97,unclassified,False,True,True,162,ok,0,0,0,0,0,0,0,0,,0,0,0,0,0,0,False
6730874838503216000,WDJ185727.27-365509.04,unclassified,False,True,True,162,ok,0,0,0,0,0,0,0,0,,0,0,0,0,0,0,False
6734454882717421056,WDJ182715.87-351514.71,unclassified,False,True,True,162,ok,0,0,0,0,0,0,0,0,,0,0,0,0,0,0,False
6734874621280550912,WDJ183001.38-343506.99,unclassified,False,True,True,162,ok,0,0,0,0,0,0,0,0,,0,0,0,0,0,0,False
6734956977277818752,WDJ182932.42-335450.54,unclassified,False,True,True,162,ok,0,0,0,0,0,0,0,0,,0,0,0,0,0,0,False
6734964918699494144,WDJ183108.85-335628.33,unclassified,False,True,True,162,ok,0,0,0,0,0,0,0,0,,0,0,0,0,0,0,False
6735440423116389632,WDJ184119.98-342916.56,unclassified,False,True,True,162,ok,0,0,0,0,0,0,0,0,,0,0,0,0,0,0,False
6737127245756986112,WDJ184112.01-314245.78,unclassified,False,True,True,162,ok,0,0,0,0,0,0,0,0,,0,0,0,0,0,0,False
6740610429846141184,WDJ194250.80-351649.39,unclassified,False,True,True,162,ok,0,0,0,0,0,0,0,0,,0,0,0,0,0,0,False
6743319519123876224,WDJ190905.05-360250.97,unclassified,False,True,True,162,ok,0,0,0,0,0,0,0,0,,0,0,0,0,0,0,False
6746025382876595456,WDJ193347.97-312530.73,unclassified,False,True,True,162,ok,0,0,0,0,0,0,0,0,,0,0,0,0,0,0,False
6749618724313541760,WDJ200551.12-293500.04,unclassified,False,True,True,14381,ok,55,55,0,0,0,0,0,0,0.40517733384070287,2,2,0,0,55,55,False
6763042249461402880,WDJ191130.81-272226.70,unclassified,False,True,True,234896,ok,913,884,0,0,0,0,0,0,0.019194532962935426,4,3,238,238,675,646,True
6769371729881166848,WDJ192035.76-252313.33,unclassified,False,True,True,741844,ok,2888,776,0,1,0,0,0,0,0.07854197840015202,8,2,649,242,2239,533,True
6770227729752288256,WDJ191758.68-243540.50,periodic/double-band,True,True,True,505404,ok,1972,897,0,11,0,0,2,0,0.23194878937527752,8,3,437,245,1535,639,True
6777849376848886400,WDJ211012.72-334430.23,unclassified,False,True,True,162,ok,0,0,0,0,0,0,0,0,,0,0,0,0,0,0,False
6783415757542238336,WDJ212903.35-323218.13,unclassified,False,True,True,162,ok,0,0,0,0,0,0,0,0,,0,0,0,0,0,0,False
6788138056906063232,WDJ210454.82-303405.31,unclassified,False,True,True,31310,ok,121,121,0,0,0,0,0,0,0.2581811506264988,2,2,38,38,83,83,True
6790059281674973056,WDJ212713.20-272538.57,unclassified,False,True,True,131124,ok,511,502,0,0,0,0,0,0,0.5370073078880744,6,4,223,223,288,279,True
6791227822017756288,WDJ211904.60-255813.25,unclassified,False,True,True,135702,ok,527,527,0,0,0,0,0,0,0.04589841384146782,2,2,242,242,285,285,True
6799073249799984896,WDJ204215.25-272227.38,unclassified,False,False,True,199634,ok,775,554,0,0,0,0,0,0,0.03223603276283396,7,4,282,270,493,284,True
6799930284754447104,WDJ203757.91-263752.65,unclassified,False,True,True,31610,ok,122,122,0,0,0,0,0,0,0.04169213711837554,4,4,56,56,66,66,True
6799989928963170688,WDJ203838.47-261637.09,unclassified,False,True,True,139971,ok,543,542,0,0,0,0,0,0,0.06988605367987669,3,2,269,269,274,273,True
6804756247445127296,WDJ210654.84-231218.17,unclassified,False,True,True,10550,ok,40,40,0,0,0,0,0,0,0.10072734494211794,2,2,16,16,24,24,False
6806583841928390400,WDJ204059.10-234944.86,unclassified,False,True,True,213203,ok,830,548,0,0,0,0,0,0,0.23290394241523946,4,2,275,275,555,273,True
6810414746597791360,WDJ214651.54-270007.48,unclassified,False,True,True,161784,ok,629,549,0,0,0,0,0,0,0.0648373492733581,6,4,253,253,376,296,True
6813759564048571648,WDJ215124.81-231621.52,unclassified,False,True,True,55562,ok,217,82,0,0,0,0,46,0,7.658593982560711,5,3,36,0,181,36,False
6814484584593326720,WDJ213433.32-250004.81,unclassified,False,True,True,135367,ok,527,527,0,0,0,0,0,0,0.019919108219366818,4,4,241,241,286,286,True
6815911033426481920,WDJ213703.27-224805.35,unclassified,False,True,True,46910,ok,182,99,0,0,0,0,0,0,0.25847370726497687,8,4,79,48,103,51,True
6819683801418300032,WDJ220211.47-223230.79,unclassified,False,True,True,162,ok,0,0,0,0,0,0,0,0,,0,0,0,0,0,0,False
6824715235346420864,WDJ215507.02-190111.19,unclassified,False,True,True,14413,ok,55,54,0,1,0,0,0,0,0.6519044346278169,3,2,25,24,30,29,True
6828182472250027776,WDJ213033.08-221802.90,unclassified,False,True,True,13647,ok,52,52,0,0,0,0,0,0,0.10775096972287282,2,2,24,24,28,28,True
6830937062411176192,WDJ212610.58-195747.74,unclassified,False,True,True,228939,ok,887,880,0,0,0,0,0,0,0.3082638868000165,6,4,408,405,479,475,True
6833528611317562240,WDJ210512.34-191233.64,unclassified,False,True,True,211660,ok,821,821,0,1,0,0,0,0,0.4740699930979388,4,4,378,378,443,442,True
6838870068869482368,WDJ215926.36-160428.61,unclassified,False,True,True,284558,ok,1101,381,0,0,0,0,0,0,0.22963609974866864,9,3,993,345,108,36,True
6841325076470840960,WDJ212923.46-155106.60,unclassified,False,True,True,230152,ok,901,901,0,0,0,0,2,0,3.0153546260849433,4,4,408,408,493,491,True
6843363738533248768,WDJ214756.95-134335.32,unclassified,False,True,True,227315,ok,889,889,0,0,0,0,0,0,0.26226525653057026,6,6,405,405,484,484,True
6844375121726139520,WDJ213957.13-124549.09,periodic/double-band,True,True,True,191104,ok,748,748,0,0,0,0,0,0,1.2936434635160179,4,4,335,335,413,413,True
684598618544000384,WDJ090208.37+201051.57,unclassified,False,True,True,232034,ok,911,911,0,0,0,0,1,0,1.2949426690731822,4,4,236,235,675,675,True
6849850998873128704,WDJ202647.52-225451.17,unclassified,False,True,True,133956,ok,519,519,0,0,0,0,0,0,0.06775843716852098,3,3,272,272,247,247,True
6851161273137814528,WDJ195901.13-251142.71,unclassified,False,True,True,124519,ok,483,483,0,0,0,0,0,0,0.045588634730303265,3,3,237,237,246,246,True
6853857649306646144,WDJ200856.61-212224.82,unclassified,False,True,True,67905,ok,262,262,0,0,0,0,0,0,0.5282007683391029,3,3,246,246,16,16,False
6863852416161801984,WDJ194829.78-231723.69,unclassified,False,True,True,139221,ok,540,540,0,0,0,0,0,0,0.14390156622320643,2,2,271,271,269,269,True
6870151075900582784,WDJ194319.85-173418.20,unclassified,False,True,True,472403,ok,1834,921,0,0,0,0,0,0,0.0638832672059517,8,4,710,359,1124,562,True
6879683979147955968,WDJ201524.44-125920.84,unclassified,False,True,True,104068,ok,407,407,0,7,0,0,0,0,0.05115465151651435,3,3,381,374,26,26,True
6888729008474842240,WDJ210219.83-123412.11,unclassified,False,True,True,251583,ok,985,985,0,1,0,0,0,0,0.19764371243742004,4,4,441,441,544,543,True
6897714148777302144,WDJ212251.35-075703.47,unclassified,False,True,True,17066,ok,65,65,0,0,0,0,0,0,0.09567690859581146,2,2,24,24,41,41,True
6898255177217741952,WDJ212819.37-065830.62,unclassified,False,True,True,18684,ok,71,69,0,4,0,0,0,0,3.6394856066829866,3,2,28,28,43,37,True
690742208485115520,WDJ084905.88+244507.93,unclassified,False,True,True,586184,ok,2300,2298,0,18,0,0,1,0,0.052790558164446576,7,6,830,824,1470,1455,True
6910816513450124288,WDJ211229.48-064051.79,unclassified,False,True,True,277757,ok,1073,1052,0,0,0,0,0,0,0.027490981109996503,7,4,481,478,592,574,True
6914922055508553984,WDJ205249.27-032419.53,unclassified,False,True,True,262255,ok,1016,1005,0,0,0,0,0,0,0.08349749122608138,7,4,445,445,571,560,True
6917335552250916096,WDJ205505.72-011929.98,unclassified,False,True,True,296239,ok,1156,1089,0,0,0,0,0,0,0.4634085790587621,7,5,500,500,656,589,True
6917494599184676608,WDJ210011.69-003131.74,unclassified,False,True,True,341398,ok,1312,1079,0,0,0,0,0,0,0.09945315997886502,8,4,475,469,837,610,True
692071071365975552,WDJ091022.51+272843.94,unclassified,False,True,True,292085,ok,1147,1147,0,1,0,0,1,0,0.10363954036694059,4,4,408,407,739,738,True
703238016399341824,WDJ084250.04+265056.01,unclassified,False,True,True,34764,ok,135,135,0,0,0,0,0,0,0.2705104159814184,2,2,36,36,99,99,True
715357559411376128,WDJ090148.66+360707.76,unclassified,False,True,True,380617,ok,1487,1485,0,4,0,0,0,0,0.8193511554004685,4,3,557,553,930,928,True
718385060383750784,WDJ090035.58+363233.87,unclassified,False,True,True,405490,ok,1583,1583,0,1,0,0,0,0,2.1471406618403246,4,4,542,542,1041,1040,True
722446385752579840,WDJ103349.20+230916.26,unclassified,False,True,True,283996,ok,1114,1114,0,1,0,0,1,0,0.18485001931719797,4,4,423,423,691,689,True
725741342927857664,WDJ102300.52+240704.68,unclassified,False,True,True,92737,ok,364,364,0,1,0,0,0,0,0.015970816801487864,3,3,13,13,351,350,False
73126873390979072,WDJ021943.54+123625.63,unclassified,False,True,True,315010,ok,1251,1251,0,1,0,0,639,0,0.49035002659992805,4,4,517,234,734,377,True
738102190085868672,WDJ105046.06+331547.03,unclassified,False,True,True,105140,ok,408,204,0,1,0,0,0,0,0.08606038354216128,8,4,164,82,244,121,True
740483560857296768,WDJ101141.58+284559.07,unclassified,False,True,True,95089,ok,373,373,0,0,0,0,0,0,2.317617701797517,3,3,164,164,209,209,True
74336778563550464,WDJ022629.98+122522.72,unclassified,False,True,True,44926,ok,175,175,0,0,0,0,0,0,0.11832304777717034,2,2,76,76,99,99,True
750807768499445376,WDJ104406.25+360046.79,unclassified,False,True,True,744991,ok,2908,2908,0,0,0,0,2,0,0.2264045448420136,6,6,1189,1188,1719,1718,True
757803896562843392,WDJ110834.03+315352.43,unclassified,False,True,True,388431,ok,1526,1526,0,0,0,0,1,0,0.14455656080610602,2,2,634,633,892,892,True
769375702394078208,WDJ113941.41+420518.43,unclassified,False,True,True,396386,ok,1548,1548,0,0,0,0,0,0,0.16345000886660846,4,4,762,762,786,786,True
769409069995618432,WDJ114149.42+422658.72,unclassified,False,True,True,162,ok,0,0,0,0,0,0,0,0,,0,0,0,0,0,0,False
777211372009616512,WDJ110121.95+401546.36,unclassified,False,True,True,409657,ok,1599,1599,0,0,0,0,1,0,0.394940739129115,2,2,730,730,869,868,True
779588657882981120,WDJ104233.54+405715.17,unclassified,False,True,True,472832,ok,1845,1845,0,0,0,0,0,0,0.27033574661731513,4,4,742,742,1103,1103,True
790014605097236224,WDJ113100.20+493826.27,unclassified,False,True,True,10021,ok,38,38,0,0,0,0,0,0,0.11426132802611194,1,1,38,38,0,0,False
790475437911747712,WDJ113408.26+485601.85,unclassified,False,True,True,413963,ok,1615,1615,0,1,0,0,1,0,0.043575589858375334,3,3,817,816,798,797,True
793273969875990528,WDJ094913.83+315930.10,unclassified,False,True,True,349179,ok,1371,1371,0,2,0,0,0,0,0.16135590091578042,4,4,486,485,885,884,True
795097505615589504,WDJ095749.41+335923.69,unclassified,False,True,True,357516,ok,1398,1398,0,2,0,0,0,0,0.20072652386999046,4,4,495,494,903,902,True
798566915774818176,WDJ092415.25+351651.40,unclassified,False,True,True,32893,ok,127,127,0,0,0,0,0,0,0.6553586974250839,2,2,40,40,87,87,True
808207880403504640,WDJ095246.88+432436.10,unclassified,False,True,True,358349,ok,1398,1398,0,0,0,0,0,0,0.32769376328843636,4,4,615,615,783,783,True
812202337427426304,WDJ091635.08+385546.31,unclassified,False,True,True,428256,ok,1672,1672,0,0,0,0,0,0,0.2744627190990657,2,2,685,685,987,987,True
817461778282929664,WDJ092311.41+423634.16,unclassified,False,True,True,461040,ok,1799,1799,0,2,0,0,0,0,0.05323605600495968,4,4,716,714,1083,1083,True
820542992117501952,WDJ095221.85+445430.21,unclassified,False,True,True,851655,ok,3332,1824,0,0,0,0,0,0,0.24178001401870952,9,4,919,760,2413,1064,True
829084990579067264,WDJ103307.78+432851.28,unclassified,False,True,True,1195,ok,4,4,0,0,0,0,4,0,10.646875809738527,1,1,0,0,4,0,False
836410319296579712,WDJ105838.58+513238.19,unclassified,False,False,True,414763,ok,1619,1619,0,1,0,0,3,0,0.26916253804836815,4,4,801,800,818,815,True
837550886514384128,WDJ105449.90+530759.28,unclassified,False,True,True,845939,ok,3306,3306,0,7,0,0,0,0,0.3121013443395964,6,6,1548,1546,1758,1753,True
838295294542456448,WDJ112431.42+503331.63,unclassified,False,True,True,752082,ok,2932,2932,0,0,0,0,19,0,0.3690350639691944,8,8,1349,1342,1583,1571,True
838410876406247680,WDJ112954.78+510000.26,unclassified,False,True,True,432680,ok,1683,1683,0,0,0,0,0,0,0.13923035296697678,4,4,803,803,880,880,True
839098384708377216,WDJ110631.92+505301.99,unclassified,False,True,True,23450,ok,90,90,0,0,0,0,0,0,0.1979541540305078,2,2,38,38,52,52,True
841336990381518208,WDJ113158.78+535306.65,unclassified,False,True,True,387678,ok,1512,1489,0,289,0,0,8,0,4.043062618138523,7,4,774,760,738,432,True
850605735964206720,WDJ103905.65+553056.99,unclassified,False,True,True,252423,ok,995,22,0,0,0,0,12,0,3.9024764597228208,12,1,321,10,674,0,False
857360753152627072,WDJ110505.98+583103.11,unclassified,False,True,True,752816,ok,2940,2940,0,2,0,0,2,0,0.5469945387135496,4,4,1433,1432,1507,1504,True
858271565392726784,WDJ113025.59+585107.19,unclassified,False,True,True,370588,ok,1449,1415,0,7,0,0,7,0,2.344410173379202,7,4,743,722,706,679,True
864813315982337792,WDJ073036.71+202929.16,unclassified,False,True,True,384892,ok,1527,1343,0,7,0,0,1,0,0.13344457510074856,16,4,519,399,1008,936,True
866850569292962688,WDJ073145.10+235353.57,unclassified,False,True,True,495226,ok,1958,1916,0,1,0,0,0,0,0.1764569821414768,7,4,446,442,1512,1473,True
868275776880649856,WDJ073935.24+244505.20,unclassified,False,True,True,655824,ok,2603,1835,0,0,0,0,0,0,0.375468333794473,8,4,475,366,2128,1469,True
868850104203080448,WDJ074246.97+255000.90,unclassified,False,True,True,52464,ok,204,204,0,0,0,0,0,0,0.5084716883975082,2,2,54,54,150,150,True
872851639333947008,WDJ072646.96+275048.97,unclassified,False,True,True,305812,ok,1212,1212,0,25,0,0,0,0,0.1565417670288121,2,2,207,207,1005,980,True
879036662822920448,WDJ074852.96+302543.44,unclassified,False,True,True,448685,ok,1790,1790,0,2,0,0,622,0,0.7366223649779231,4,4,439,322,1351,844,True
883286485717896832,WDJ071223.85+260933.92,unclassified,False,True,True,108243,ok,424,424,0,2,0,0,0,0,0.2565661261589173,6,6,155,155,269,267,True
890081123978558336,WDJ071325.81+320123.47,unclassified,False,True,True,68208,ok,270,206,0,1,0,0,37,0,5.146052644490133,5,2,50,0,220,168,False
898348313253395968,WDJ071816.42+373139.24,unclassified,False,True,True,556633,ok,2191,2191,0,2,0,0,0,0,0.13255671045093254,4,4,659,658,1532,1531,True
900182131145007104,WDJ072929.53+391012.09,unclassified,False,False,True,50987,ok,199,199,0,5,0,0,0,0,0.41379406137483815,2,2,60,58,139,136,True
908060853512404992,WDJ081946.37+373127.93,unclassified,False,True,True,587410,ok,2311,2311,0,0,0,0,0,0,0.5267949167995323,6,6,880,880,1431,1431,True
911639111025648512,WDJ084007.71+401503.73,unclassified,False,True,True,551216,ok,2151,2151,0,2,0,0,0,0,0.6096942452372437,4,4,836,835,1315,1314,True
919955847042339072,WDJ074458.76+380301.60,unclassified,False,True,True,612879,ok,2418,2173,0,0,0,0,0,0,0.06872745277499152,9,4,681,622,1737,1551,True
920621124593362816,WDJ075540.94+400917.91,unclassified,False,True,True,1049302,ok,4141,4141,0,6,0,0,0,0,0.08939854024689842,6,6,1430,1428,2711,2707,True
924428973878531968,WDJ073707.98+411227.88,unclassified,False,True,True,1162522,ok,4588,2011,0,0,0,0,0,0,0.25457004759980395,6,2,1176,587,3412,1424,True
925989657618712192,WDJ074804.83+440632.39,unclassified,False,True,True,506751,ok,1996,1996,0,1,0,0,0,0,0.09738949241061368,2,2,572,572,1424,1423,True
926002203218885504,WDJ074725.88+440848.32,unclassified,False,True,True,1038429,ok,4090,4086,0,34,0,0,5,0,0.7290943008738642,5,4,1442,1435,2648,2612,True
930093722208184448,WDJ082145.28+455923.39,WD-MS binaries,True,True,True,505576,ok,1994,1994,0,0,0,0,0,0,0.06253820567756345,2,2,836,836,1158,1158,True
930577850922831616,WDJ082823.56+470001.37,unclassified,False,True,True,1047170,ok,4126,1954,0,0,0,0,0,0,0.2973127682812784,8,4,1760,863,2366,1091,True
935056333580267392,WDJ080434.22+510349.37,unclassified,False,True,True,560047,ok,2205,2203,0,0,0,0,0,0,0.18121123900535416,5,4,917,915,1288,1288,True
939730323150038400,WDJ070354.82+352623.07,unclassified,False,True,True,881016,ok,3467,3467,0,0,0,0,1,0,0.00434670577101264,6,6,927,926,2540,2540,True
948302051375695744,WDJ071702.72+395323.61,unclassified,False,True,True,564197,ok,2221,2221,0,3,0,0,0,0,0.1943419879193691,4,4,655,654,1566,1564,True
953685015492787456,WDJ065819.86+441438.40,unclassified,False,True,True,677145,ok,2669,2592,0,6,0,0,0,0,0.025158378534829696,8,6,111,111,2558,2475,True
955946028012712320,WDJ061748.70+375851.15,unclassified,False,True,True,651657,ok,2519,1260,0,1,0,0,0,0,0.07459382774129363,8,4,842,421,1677,838,True
95970326970129664,WDJ013734.05+194524.08,unclassified,False,True,True,410803,ok,1609,1609,0,0,0,0,1,0,0.09921540405669035,4,4,672,672,937,936,True
972479380063342080,WDJ060841.38+530551.35,unclassified,False,True,True,44531,ok,170,170,0,0,0,0,0,0,0.09931057472994546,2,2,64,64,106,106,True
974895286283420160,WDJ072009.19+464840.48,unclassified,False,True,True,54764,ok,214,176,0,0,0,0,0,0,0.3279099058904534,4,2,65,52,149,124,True
986383460511639040,WDJ071839.44+520614.00,unclassified,False,True,True,811295,ok,3194,3194,0,5,0,0,0,0,0.3075121535063114,8,8,1343,1342,1851,1847,True
995265457176512384,WDJ063508.51+564957.88,unclassified,False,True,True,82392,ok,317,317,0,6,0,0,0,0,0.03662599384648257,3,3,251,245,66,66,True
