source_id,gaia_g_mag,ztf_g_median,ztf_g_min,ztf_g_max,monthly_events,nearest_separation_arcsec,ztf_minus_gaia_g,magnitude_mismatch_flag
1004340654352214656,17.6006,17.4817411875,17.424316400000002,17.5697708,70,0.0632889913386838,-0.11885881250000097,False
1013776353903293056,17.7164,17.6646957,17.5888596,17.709857,69,0.4215408274616514,-0.051704300000000813,False
1022716139350977792,17.7324,17.722636700000002,17.68095115,17.7759838,66,0.105581116328894,-0.009763299999995922,False
1022780838739029120,13.7833,13.95504,13.91271355,13.9692736,17,4.430056667774311,0.17173999999999978,False
1024785484658469120,17.6733,17.640268325,17.4930744,17.7012663,65,0.2209991063092117,-0.03303167500000015,False
1025369256613064192,17.4672,17.439784075,17.3875732,17.4883461,65,0.2511327832790228,-0.027415924999999675,False
1034050485029928704,17.4852,17.339990150000002,17.2206173,17.3964348,17,0.1163911131051009,-0.14520984999999698,False
1038176780370360576,17.7262,17.65150355,17.5895901,17.7161255,66,0.0888686094353767,-0.07469644999999758,False
1039815430652482560,17.7858,17.6990318,17.6632767,17.7462082,61,0.3000171769227334,-0.08676819999999807,False
103999471976858496,16.967,16.779251600000002,16.6595612,16.917614,64,0.0876914897884637,-0.1877483999999967,False
1072975022015600000,17.419,13.584303375,13.56031465,13.60962465,68,3.081147599862676,-3.834696625000001,True
1081519288218904960,16.5949,16.4945793,16.47833825,16.51001075,71,0.3160865141128324,-0.10032069999999749,False
1085903148454238208,16.0905,15.9133544,15.8426962,15.972147,67,0.0966103639550071,-0.17714559999999935,False
1090886925425489664,17.5349,17.467988475,17.407142649999997,17.5251217,22,0.1752482664611348,-0.06691152500000186,False
1094376947131876352,17.8032,17.605768175,17.550938600000002,17.6388035,71,0.0736378656273362,-0.1974318249999989,False
1107590946593313920,17.2276,17.121980200000003,17.0616646,17.2042084,20,0.0600726689303309,-0.10561979999999593,False
1110291480292939136,17.7105,17.61125325,17.1778078,17.6589012,68,0.1809242851610223,-0.09924674999999894,False
1112171030998592256,14.9984,14.87862965,14.8588839,14.8914108,67,0.4762172763249304,-0.11977034999999958,False
1116797359314558208,16.8178,16.796526425,16.758981724999998,16.825338350000003,72,0.2950321538956461,-0.0212735749999986,False
114808397128552576,17.2318,17.0852451,17.0549889,17.1049805,65,0.0972924425684607,-0.14655489999999816,False
1151452939325236864,17.4958,17.3778477,17.324120049999998,17.42856215,55,0.1841074925178276,-0.1179522999999989,False
1151978952560241024,17.8835,17.7578545,17.727589625,17.7972565,53,0.2858764641571277,-0.12564550000000096,False
1155921079702524160,17.8013,17.776991825,17.7267952,17.8525562,12,0.2128776685489236,-0.024308175000001597,False
1157401396015448960,17.2203,17.0320320125,16.99151035,17.0765247,66,0.0485976479108746,-0.1882679875000015,False
1158050898150073472,16.8725,16.687145725,16.6218414,16.7133751,66,0.0896623311426024,-0.18535427499999813,False
1160300056558791168,16.5719,16.556979624999997,16.4841232,16.6081219,66,0.4554094894520867,-0.01492037500000265,False
1163266672074075008,17.5196,17.530132775,17.4052792,17.61658285,66,0.0536778565761766,0.01053277499999794,False
1171325095873664640,17.9528,17.8073759,17.7316093,17.8542395,66,0.0928711096562225,-0.1454240999999996,False
1179312330589760768,17.3814,17.2486458,17.21138,17.28366755,67,0.0732519876929654,-0.13275420000000082,False
1180021786172275712,16.4491,16.3017082,16.2331905,16.3435898,70,0.0870427152320152,-0.14739180000000118,False
1183379213647590016,16.5871,16.50095845,16.4848518,16.53165245,69,0.108537164767453,-0.08614155000000068,False
1188363918331170048,17.4443,17.37830355,17.338905349999997,17.4037781,70,0.1985022075069222,-0.0659964500000001,False
1190316479183748992,17.0316,16.8856993,16.8588486,16.9215984,71,0.0451722914456805,-0.1459007000000021,False
1191504471436192512,16.5311,16.44387675,16.20162965,16.6009064,70,0.2753390226198904,-0.08722324999999742,False
1196820816314793984,16.0803,15.94386485,15.920917500000002,15.9632831,74,0.4108384335019953,-0.1364351500000005,False
1199164627209299584,17.7829,17.550125125,17.500468249999997,17.6049805,74,0.092565444176533,-0.2327748750000005,False
1202826348825240832,14.8158,14.715951,14.6992383,14.7326443,29,0.5606239491666504,-0.09984899999999897,False
1212352655004983808,17.8454,17.711302775,17.50030235,17.9265633,16,0.0719507831116021,-0.13409722500000143,False
1212395535957392256,17.5732,17.3182392,17.29081155,17.3650436,71,0.0526113027804298,-0.2549607999999992,False
1215329685816059520,17.2003,17.16046,17.1032257,17.20570755,75,0.2441517972359259,-0.0398399999999981,False
1222226436929209472,17.5784,17.5241642,17.3678169,17.5716705,77,0.1254534891215706,-0.05423579999999717,False
1223988576107848832,16.5803,16.442935,16.4092522,16.4709625,62,0.1042303427959398,-0.13736500000000262,False
1228266814506156928,16.0072,15.89351605,15.87417125,15.9173374,71,0.1663431539830001,-0.11368395000000042,False
1228505472953481728,17.3906,17.349313275,17.262702949999998,17.4365044,68,0.2717299577549954,-0.04128672499999908,False
1228541795492213248,16.6826,16.506166475,16.48907565,16.5279236,68,0.0900303399118033,-0.1764335250000002,False
1233399644022323712,17.7426,17.686677924999998,17.6373405,17.7586155,68,0.1201453378606632,-0.05592207500000157,False
1235533276400203776,17.8156,17.757472025,17.7081738,17.8306084,70,0.1394337575355703,-0.05812797500000144,False
1245635078135991296,17.816,17.7808895,17.720809,17.819131849999998,66,0.0424777915646113,-0.03511049999999827,False
1246692121126938240,16.8491,16.747516175,16.7269306,16.780994399999997,62,0.2201425174024207,-0.10158382499999874,False
1261751715280478848,14.9772,14.816878562500001,14.7894926,14.8421764,74,0.3231798394986059,-0.1603214374999986,False
1267342736203088128,17.2979,17.0623837,17.0119429,17.1271591,73,0.1013351274286307,-0.2355162999999969,False
1273088783971336576,16.879,16.78226665,16.7539177,16.8021278,80,0.483218023589853,-0.09673335000000094,False
1273456463234876288,17.4862,17.4627199,17.385006,17.5427895,77,0.2965173450349626,-0.023480100000000448,False
1286055427676135808,17.3088,17.1123297375,17.0285902,17.1681404,72,0.1279143268666493,-0.1964702625000001,False
1298959742817221760,17.5824,17.50507925,17.4462128,17.5392723,71,0.1753560452329843,-0.07732074999999838,False
1304881884242947200,16.6527,16.532305275,16.5066509,16.5594673,76,0.3564298732230808,-0.12039472500000059,False
130960218644587136,17.0565,16.99691915,16.9316559,17.062986350000003,62,0.0691385877648506,-0.059580849999999685,False
1325292217371985024,16.7055,16.66088775,16.5813694,16.6991692,79,0.3971233747789472,-0.04461225000000013,False
1336712848946493952,15.2795,15.1778574,15.1401968,15.1909666,80,0.3066507732330311,-0.10164259999999992,False
1336988963803208192,16.9534,14.3509297375,14.3137064,14.381526975,38,1.7720624370428306,-2.602470262499999,True
1338943341425719168,17.3374,17.2957134,17.2309742,17.343263150000002,83,0.3516536011277628,-0.041686599999998464,False
1346883876962000000,17.8118,17.764270525,17.6961231,17.812578199999997,82,0.2026236372017095,-0.04752947500000104,False
1350121285870820352,17.2931,17.261166575,17.1985855,17.3243618,20,0.2494342629627683,-0.031933424999998294,False
1355161726346266112,16.6479,16.468915000000003,16.4396858,16.5471516,84,0.1246981933396731,-0.17898499999999729,False
136610338318092544,16.0612,16.0252738,15.97119335,16.0690861,66,0.2236125596419964,-0.03592619999999869,False
1372458109403442432,14.4081,14.365760075,14.3427215,14.3907175,29,1.7611696415078777,-0.0423399249999985,False
1374086241309961600,17.7683,17.739229225000003,17.6305466,17.7997513,80,0.2899288591445529,-0.02907077499999744,False
137744793799623680,17.3722,17.326242450000002,17.2637062,17.3677387,63,0.2146454187939163,-0.04595754999999713,False
1395293935119779584,17.392,17.2396736,17.18536855,17.2640648,75,0.1062945103649924,-0.15232639999999975,False
1410345596469085184,17.762,17.72347925,17.5768394,17.786718399999998,85,0.245001560845737,-0.03852074999999999,False
1411939063696260736,17.8712,17.8127651,17.7812586,17.8794794,86,0.140882896542742,-0.05843490000000173,False
1415911839725510528,17.5857,17.40228365,17.34143445,17.4486046,85,0.0281698729942059,-0.18341634999999812,False
141730416074813312,17.1907,17.15199755,17.0605736,17.2103157,64,0.0963655944612471,-0.038702449999998834,False
1420761029600606592,16.2582,16.160937775,16.1216431,16.2719917,84,0.0565071750231644,-0.09726222499999793,False
1425130935485979520,15.6345,15.4751153,15.4090996,15.4941692,81,0.2441904870067473,-0.1593846999999986,False
1428369955006868352,17.9104,17.8494339,17.7425346,17.89469145,81,0.2659672505548962,-0.060966099999998136,False
1430581420783430528,17.7975,17.771474375,17.723067275,17.8370247,86,0.2033217797451773,-0.026025624999999053,False
1434462314576560512,17.8118,17.8011465,17.7547913,17.8595276,83,0.2266547617666081,-0.010653500000000093,False
1441779328237646720,17.4658,17.3484630625,17.3095932,17.4174671,62,0.1993570056561766,-0.11733693750000285,False
1445074014829920000,17.9259,15.0577011,15.0190487,15.1018677,50,3.748997819808634,-2.8681988999999994,True
1465214177336901376,17.9108,18.06715585,17.9847107,18.1313267,59,0.1167557858935192,0.15635585000000063,False
1470268533506847744,17.6594,17.528292175,16.9732399,17.5764141,68,0.3851313772528102,-0.13110782500000084,False
1474090607723007104,15.3223,15.289933224999999,15.2118082,15.6544762,48,0.6505117848169042,-0.032366775000001624,False
1476652053203050368,17.9757,17.84555245,17.7816544,17.8996944,62,0.1969734072183577,-0.13014755000000022,False
1479182789667845376,17.9153,17.1362152,17.0126534,17.213752749999998,13,0.7571320149611477,-0.7790847999999997,False
1485679322841561728,17.063,17.029665,16.908515899999998,17.0781937,75,0.4815730212886338,-0.03333499999999745,False
1503131458592587264,16.6319,16.44438935,16.4130745,16.4923038,75,0.0584789452864499,-0.1875106500000001,False
1503577310557364992,17.4873,17.453210849999998,17.407856,17.4843502,21,0.1945363299558497,-0.03408915000000334,False
1504338718064197760,17.2315,12.815340275,12.7910728,12.844492,79,3.47101806825516,-4.416159725,True
1510467090935595008,16.6782,16.537034274999996,16.4787254,16.5766087,72,0.2364064538771312,-0.14116572500000402,False
1510650503218915968,17.0667,16.9645977,16.9019775,17.00245665,75,0.2023437057249161,-0.10210230000000209,False
1519336713796357248,17.7278,17.677739625,17.6201096,17.7461739,62,0.3028378329140288,-0.05006037499999749,False
152371871863155840,15.0304,14.96646145,14.8516722,15.0566168,66,0.2801687067246492,-0.0639385499999996,False
1527701145426221824,17.4421,17.2437382,17.1698723,17.303072,49,0.1915018665887784,-0.1983618000000007,False
153053427336817152,17.6762,17.69779255,17.633616449999998,17.7578163,64,0.07848181601798,0.0215925499999976,False
1534384148897669248,17.1287,17.776347862500003,17.703577,17.8135777,36,1.6463345358071924,0.6476478625000048,False
1543370904111505408,16.9771,16.8966987125,16.8520508,16.93309975,70,0.3161163998514812,-0.08040128749999909,False
1545014807135001088,17.5288,17.6862745,17.6386986,17.787014,62,0.4437686442234264,0.1574744999999993,False
1555179177955997440,16.5427,16.40751125,16.3926716,16.4336586,71,0.338261972467937,-0.13518875000000108,False
1558322303741820928,17.3695,17.510510449999998,17.4257946,17.596076,69,0.102953632497948,0.14101044999999957,False
1561515526026874624,15.8296,15.7530689,15.7210588,16.04858875,77,0.3530477806773913,-0.07653109999999863,False
1578072075196957696,17.1348,16.933774675000002,16.9108782,16.96107485,70,0.0508768866498962,-0.20102532499999626,False
1587611884756030720,16.4564,16.4314117,16.4095879,16.45409205,13,0.5917908610682082,-0.024988299999996855,False
1599573471755615872,17.6993,17.52200035,17.486393,17.5612526,81,0.119790984134383,-0.17729965000000192,False
1601328670269782400,17.0913,17.0522919,16.9418697,17.1084509,83,0.5623568964975606,-0.03900810000000021,False
1604590130995452032,17.386,17.364888450000002,17.3156204,17.4347801,72,0.2264879811982058,-0.02111154999999698,False
161359000733439488,17.3693,17.3348799,17.2749252,17.4147997,53,0.105759915976588,-0.0344200999999984,False
1613754148095692800,17.4215,17.3905697,17.3166122,17.4463711,77,0.1399409754983735,-0.03093030000000141,False
1617418957790376576,17.1562,17.110695874999998,17.0498428,17.133543,74,0.1660305053180993,-0.045504125000000784,False
1622509593546662784,17.3375,17.1310005,17.1096306,17.1564732,13,0.1194355790797495,-0.20649949999999961,False
1622933901956297856,16.8911,16.7660760875,16.6996155,16.813797,82,0.0654897258397401,-0.12502391250000144,False
1624129483413023360,17.1255,17.112214575,17.035799,17.1510849,68,0.2278602701486393,-0.013285424999999407,False
1632472715084508800,16.9473,16.920526725,16.8829889,16.9341965,16,0.1206944868959274,-0.02677327500000004,False
1641326979142898048,15.5759,15.546502349999999,15.49548915,15.5994158,80,0.1611508556652244,-0.029397650000001718,False
1650240032714843008,17.9451,17.779005075,17.716794,17.849555950000003,82,0.0798540840074397,-0.16609492499999945,False
1660083749863708800,17.9579,17.91803645,17.7739868,17.9751091,70,0.169242660717059,-0.03986354999999975,False
1666750569898974208,17.7689,17.771088625,17.714653,17.8570957,72,0.0472173106503435,0.0021886250000022756,False
1667610770243901568,17.9568,17.906781199999998,17.861382499999998,18.0818272,79,0.3386527364908426,-0.050018800000003694,False
1674958389840474496,17.1618,17.124678600000003,16.9867859,17.1805954,76,0.2315615453990346,-0.03712139999999664,False
1697669356564165632,16.6264,16.422410025,16.3693256,16.467101075000002,80,0.0712912753082313,-0.20398997499999894,False
1699066870202540288,16.991,16.949959749999998,16.8981895,16.9933929,76,0.2744627190990657,-0.04104025000000178,False
1709387775398437760,16.8304,16.6987686,16.6604767,16.7273979,85,0.1263912618459955,-0.13163139999999984,False
1714635091562696320,17.7437,17.7997756125,17.74350835,17.8372669,86,0.0681060969015975,0.05607561249999904,False
1719109695867245312,17.8347,17.737029075,17.680971149999998,17.8063812,60,0.1888192176388817,-0.09767092500000274,False
172978953148524160,17.6887,17.6562748,17.6015568,17.6816673,16,0.1210071674377605,-0.03242520000000226,False
1734149262590636800,17.2113,17.0393219,17.0242939,17.12782095,65,0.2156115037110274,-0.17197810000000047,False
1739636512805502976,17.9755,17.873724,17.7499733,17.9374237,65,0.0245886810120459,-0.10177600000000098,False
1740097341320384000,17.5894,17.6470556,17.5891242,17.6684647,16,0.2787319779962871,0.05765560000000036,False
1747832062024486912,16.4154,16.3673706,16.301384,16.4008141,65,0.3394189989332942,-0.04802940000000078,False
1748833236082347136,16.6243,16.4784548125,16.4408379,16.5228424,58,0.0812613127225023,-0.14584518750000086,False
1755145979013455872,17.9103,17.854599,17.7393856,17.9142075,68,0.1898172119986871,-0.05570099999999911,False
1755694777053825792,17.8226,17.700058,17.65413475,17.7609119,67,0.0518880889609074,-0.12254200000000282,False
1761356059346267648,16.6534,16.4919662,16.4626369,16.510252,63,0.0963655944612471,-0.16143380000000107,False
1766702297192943488,15.8906,15.7595029,15.74599745,15.775186275,15,0.8189302108802677,-0.13109709999999986,False
1769711243905794560,16.5238,16.370138150000002,16.3196449,16.4212379,74,0.0838925474625647,-0.15366184999999888,False
177368203568437120,15.6661,15.6286659,15.6072731,15.6750183,15,0.994260845163312,-0.03743410000000047,False
1781896688895465344,16.2434,16.0879211,16.0527611,16.1264915,69,0.0628395963663734,-0.15547890000000208,False
1782043950438695808,17.6038,17.5510080125,17.527813,17.58187485,14,0.2104452111217278,-0.052791987500000914,False
178949262640226176,17.6512,17.6513338,17.5154724,17.7034721,68,0.5681229247742002,0.00013380000000040582,False
1794680225259350144,17.7374,17.710652324999998,17.4587593,17.8108788,76,0.3672516246255335,-0.026747675000002857,False
1796210023892145408,17.8997,17.828344825,17.7473793,17.8633385,76,0.6972026628895639,-0.07135517500000077,False
1797734879016276096,17.3414,17.165430575000002,17.1048069,17.2069607,76,0.0297995134156325,-0.17596942499999813,False
1800112366754245376,17.7347,17.6809807,17.61636355,17.756916,76,0.0564235226086484,-0.053719300000000914,False
1801198478081592192,17.9066,17.6152763,17.4519558,17.6582947,75,0.2816987299420812,-0.2913236999999995,False
1806429851344290560,17.7258,17.63176205,17.5335083,17.7491074,72,0.3555674399693806,-0.09403795000000059,False
1807309147099442432,17.512,17.3508644,17.3130264,17.5401192,72,0.0619310242538439,-0.1611356000000015,False
1809460380271929344,16.7903,16.727154499999997,16.6426468,16.77723455,20,0.1682349217240996,-0.06314550000000096,False
1809844934461976832,15.181,15.290180925,15.1844144,15.3590012,70,0.2979317241898594,0.10918092500000043,False
1810340947334738944,17.977,17.890527225,17.7959404,17.9261675,72,0.2376420013752045,-0.08647277500000072,False
1810475401285228928,15.1498,15.01904105,14.9016685,15.0574417,69,0.0962675124058464,-0.1307589500000006,False
1819329248736952704,17.1561,17.1147194,16.9940414,17.1791306,73,0.1023554610787042,-0.0413806000000001,False
1825570630817994112,16.7743,16.6653414,16.6428299,16.6886368,71,0.0595990268312653,-0.10895860000000113,False
1830536094036524032,17.8759,17.855744350000002,17.81328295,17.91275215,18,0.5409684455351408,-0.020155649999999525,False
183138612392838784,17.8694,17.742993325,17.67678835,17.871191,62,0.0691385877648506,-0.12640667499999836,False
1839072118176095744,17.366,17.302814975,17.2532959,17.4054356,68,0.0959234354373353,-0.06318502499999923,False
1840865211187303424,15.9849,15.9553051,15.9003429,15.98973465,71,0.4244775737673467,-0.029594899999999313,False
1844311394160744960,16.841,16.730937949999998,16.7204437,16.8310165,69,0.1721207670843263,-0.11006205000000335,False
1853123945507031808,17.9692,17.8882885,17.8348465,17.9579048,78,0.0137454905549982,-0.08091149999999914,False
1858595974363522304,17.4135,17.130399699999998,16.95361235,17.1954842,75,0.2280881822739607,-0.28310030000000097,False
1862796379351925888,17.4627,17.4722748,17.4261818,17.5867348,19,0.1868325181356259,0.009574799999999328,False
1863757043284422784,17.4541,17.3067465,17.1063843,17.5566578,74,0.0610089227799645,-0.14735350000000125,False
186863929583753856,16.8957,16.8055725,16.7739639,16.8329668,67,0.152599709800342,-0.09012750000000125,False
1869749145436680576,17.8699,17.73260115,17.6822891,17.8153,73,0.0761604377307846,-0.13729885000000053,False
187330225592045824,17.3961,17.814214225,17.737978,17.8735876,66,0.7473047903130535,0.41811422500000006,False
1874954641491354624,15.7704,15.6311035375,15.5968981,15.6500974,70,0.2424822972877876,-0.13929646250000083,False
1874954645786146304,16.1136,16.022296675,15.979598,16.0405006,70,0.2442678481640839,-0.09130332500000193,False
1875390155471117568,17.3979,17.1894493,17.1577721,17.2057686,67,0.0695472923362025,-0.2084507000000002,False
187576000803144704,15.3686,15.2387843,15.1995888,15.2619591,67,0.1734602485085875,-0.12981569999999998,False
1879989790567353344,17.0554,16.883811950000002,16.8338223,16.91386035,70,0.0683138434854856,-0.17158804999999688,False
1891820737544168576,16.6779,16.523305875,16.457326899999998,16.5695019,71,0.2867837751043893,-0.1545941250000027,False
1893101535448502400,16.5531,16.385246275,16.3421555,16.4455605,72,0.4029328258612381,-0.1678537250000005,False
1893512958955407232,17.7449,17.762584699999998,17.6736298,17.80890275,71,0.2526142948337031,0.017684699999996667,False
1897597369775277568,15.9411,15.881263,15.8472948,15.9144983,76,0.8128746558898995,-0.05983699999999992,False
1898174235426878208,17.4658,17.317436475,17.2270813,17.384786599999998,76,0.0666337376937716,-0.1483635250000006,False
1900545847646195840,16.1965,16.1888542,16.1549625,16.219511975,67,0.4364490879638962,-0.007645799999998815,False
191101206879480704,17.6199,17.584528,17.4981461,17.6476307,17,0.1123436358140343,-0.0353720000000024,False
192370146377407872,17.4619,17.4187546,17.3733902,17.52095415,61,0.7375195442561873,-0.04314540000000022,False
1940056553173007488,17.5488,17.4169307,17.3818245,17.4702415,68,0.23999563528462,-0.1318692999999982,False
1943433329480153344,17.0731,17.04509735,16.99939155,17.084088350000002,68,0.1371797202778758,-0.02800265000000124,False
1944442608134953472,17.0726,17.039363875,16.93960765,17.0979195,68,0.1853603737376628,-0.03323612500000195,False
1944856063168152832,16.8045,16.756443,16.6968069,16.8015747,70,0.4064111784442304,-0.048057000000000016,False
1948952328095510784,17.5206,17.54865075,17.472068800000002,17.6534386,76,0.1842100879521029,0.02805074999999846,False
1950573244454108160,17.4906,17.380822625,17.271265,17.4343929,72,0.0296405815442037,-0.10977737500000018,False
1974423541446133248,17.7741,17.756493562499998,17.6584072,17.8603058,76,0.3197415019736295,-0.017606437500003125,False
1976192282007568128,16.4578,16.3321314,16.2777958,16.3680038,76,0.0316444956693418,-0.12566859999999735,False
1979173710875657344,16.5927,16.57766535,16.5533295,16.6117706,77,0.1745460822644154,-0.015034650000000482,False
1984582517786403328,17.4697,15.2578883,15.2282515,15.32361795,68,3.1695652724679912,-2.2118117,True
1985385814114087808,17.981,17.862391475000003,17.8209424,17.8839302,68,0.1226741715647388,-0.11860852499999908,False
1987013675437179008,17.1002,17.0331593,16.8725967,17.3178844,63,0.3277658266595027,-0.06704069999999973,False
1991219307415277184,17.6467,14.8953381,14.8679953,14.9178991,69,2.278393322452211,-2.751361899999999,True
1997488585282421376,17.7387,17.660270699999998,17.6374912,17.7056618,67,0.0631395484115007,-0.07842930000000337,False
1997935055713474304,17.9254,17.78538225,17.7569904,17.80385305,14,0.0871511797167511,-0.1400177499999984,False
1999127510441929600,16.8802,16.881676674999998,16.8040104,16.9306545,14,0.139264274359359,0.0014766749999992612,False
2000317246438002688,17.5871,17.564009650000003,17.4768906,17.6090279,68,0.4061321456763929,-0.023090349999996818,False
2013322136838083840,17.5511,17.541670800000002,17.4579697,17.5738602,69,0.5408636574575406,-0.009429199999999582,False
2017326107204193152,17.9947,17.999627099999998,17.8276334,18.10044385,72,0.1366622543812595,0.004927099999996187,False
2018186307564757760,17.6886,17.7548828,17.666399,17.78349015,18,0.2063197674427504,0.06628279999999975,False
201854258801563520,16.8319,16.803959825,16.7570038,16.8229675,16,0.3854991381450067,-0.027940175000001233,False
201881364339401728,14.022,13.91942025,13.902055725,13.93333865,63,0.7377884852937934,-0.1025797500000003,False
2021161620421893376,17.995,18.004865199999998,17.8584309,18.1497765,78,0.0053236056004959,0.009865199999996577,False
2023651155237935360,17.2538,17.2144747,17.148511900000003,17.2449398,77,0.1701611787367364,-0.03932529999999801,False
2025832998631293952,16.9972,16.98272415,16.8612251,17.02742,79,0.1217465652754849,-0.014475850000000179,False
2026040905089765888,17.2954,17.298377525,17.2564125,17.3701134,78,0.2538825966669651,0.002977524999998593,False
2026653131220381824,15.1274,15.105971799999999,15.0579853,15.14469055,68,0.7298583676161263,-0.021428200000000786,False
2033382692116807296,17.9563,17.813816075,17.7848358,17.8651924,73,0.0820710539886176,-0.1424839250000005,False
2043899619620928000,17.7172,17.830977425,17.7240372,17.9078903,28,0.2007500543224327,0.1137774250000021,False
2047237462045729152,17.6955,17.35658075,17.1354351,17.4394302,77,0.1599445977046708,-0.33891925,False
2048212728863128064,17.6304,17.4924678875,17.4249878,17.56905365,80,0.029957602129315,-0.13793211250000326,False
2052465197458897280,17.2387,16.8287315,16.268362,16.8992767,77,0.3428115423840052,-0.4099685000000015,False
205380770549396736,16.0907,15.97947575,15.96679545,15.9978008,68,0.2068913231043719,-0.11122424999999758,False
2053953008490747392,14.7731,14.774029275,14.7463827,14.8235731,74,0.4544958455655898,0.0009292750000007288,False
2055661546498684416,15.6575,15.64667225,15.60148765,15.6836433,75,0.5305830573911107,-0.010827750000000691,False
2056368017063855360,17.9083,17.848830200000002,17.8010559,17.9574013,75,0.0979697725747871,-0.059469799999998685,False
205725119549955456,17.4335,17.39671805,17.3254442,17.4926071,69,0.0568405535794476,-0.036781949999998176,False
2060393432246347648,17.2527,17.163767800000002,17.0808163,17.208253900000003,63,0.0650555350249697,-0.08893219999999857,False
2062408081119518592,13.8833,13.884291875,13.8595791,13.8996811,76,0.2005617334045074,0.0009918750000004195,False
2067689237315646848,17.1071,17.0544052,17.00026325,17.0994644,19,0.1763230895794083,-0.0526947999999976,False
2078037050483671552,16.7623,16.7263184,16.7044249,16.75104615,21,0.3236180100430771,-0.0359815999999995,False
2079732192477615360,17.1646,17.12324525,17.0822487,17.1864109,82,0.4380586699158796,-0.041354749999999996,False
2086392484165035136,16.1138,16.031695875,16.000082,16.04776005,22,0.0767781318517421,-0.08210412500000075,False
2092134443120038528,14.6341,14.578837162500001,14.5485983,14.5931454,46,1.0976744612406646,-0.05526283749999905,False
2095603539740855296,15.8913,15.74341905,15.72183705,15.770691875,26,0.0496552873649723,-0.14788094999999934,False
2097692474389579392,17.3924,17.2408161,17.2116318,17.2832413,83,0.3024632652593503,-0.15158389999999855,False
2114811453822316160,16.2436,16.1864338,16.1019726,16.235817,82,0.2728401971400913,-0.057166200000001055,False
2118062851443364096,17.3043,17.282170299999997,17.23995115,17.3122559,81,0.0698860536798766,-0.02212970000000425,False
2120335400240968448,17.0849,16.878316875000003,16.8277245,16.96810915,84,0.0147403964392813,-0.2065831249999981,False
2120456419536355456,16.2782,16.2056656,16.1729317,16.22596645,79,0.229368542472354,-0.07253439999999856,False
2121629147470776704,17.506,17.3862877,17.30149845,17.5126114,81,0.0498451744340185,-0.11971229999999977,False
2126940892444693760,16.5667,16.4022961,16.3657722,16.4478569,81,0.0115003024924687,-0.16440389999999994,False
2128767627936545280,16.4296,16.23627285,16.2107925,16.25686645,81,0.0889748480978601,-0.19332715000000178,False
2143606976159946496,17.6836,17.550779325,17.5027771,17.58361145,82,0.0377688463553161,-0.13282067499999783,False
2144164707730692992,17.3074,17.1213312,17.0892448,17.2112999,84,0.0294807928785626,-0.18606880000000103,False
2144580907240525568,17.8024,17.6857586,17.6446896,17.7510643,84,0.0133974469608081,-0.1166413999999989,False
2146494091832635520,17.6251,17.5366478,17.458457000000003,17.636158,83,0.0981624370137326,-0.08845219999999898,False
2155960371551164416,15.0145,14.9803267,14.9570093,15.0134592,81,0.6832697950015301,-0.034173299999999074,False
2158083013107793792,16.1487,16.096892825,16.07937815,16.1200714,82,0.2063426600661155,-0.05180717500000043,False
2163427876590946560,16.1939,16.2143364,16.1912861,16.25048065,79,0.2654695169937489,0.020436400000001242,False
2163612727665972096,17.7045,16.4055309,11.2635031,17.8929958,79,0.0771463744049113,-1.2989691000000008,True
2167899311189012736,17.7468,17.730899800000003,17.6165085,17.8014946,78,0.3276216840663761,-0.015900199999997255,False
2173871656498100096,16.8547,16.8389573,16.7612801,16.86532545,10,1.5181332727506,-0.015742700000000553,False
2177866074856588928,17.9009,17.874977575000003,17.8451004,17.9420724,12,0.3505504347346804,-0.025922424999997418,False
2186782465621398656,17.8129,17.815691,17.7537413,17.8843708,81,0.0617782964646197,0.0027910000000019863,False
2187273294481108352,17.1528,17.1427898,17.0468235,17.1949348,79,0.2371644884987961,-0.010010199999999969,False
2191618770599895296,16.8707,16.802371975,16.7458115,16.8340683,78,0.1665418066304111,-0.06832802499999957,False
2195949639517287936,17.3925,17.252264,17.2223778,17.2863045,79,0.0208460685591877,-0.14023599999999803,False
2198121724740033408,17.9983,17.98969075,17.9550667,18.0713577,75,0.0746571233214062,-0.008609249999999236,False
2206722349507123456,16.875,16.754713549999998,16.69133,16.7989569,73,0.1858439122953284,-0.12028645000000182,False
2208124536065383424,16.4202,16.5670357,16.05867195,16.6945686,67,0.4714222344040001,0.14683570000000046,False
2210180554096762624,16.1198,16.0706272,15.9873819,16.1610641,69,0.1066936983307936,-0.049172800000000905,False
2210509235053668992,17.9869,17.635801325000003,17.585293749999998,17.703661,64,0.0873677047205714,-0.3510986749999958,False
2214388728691905408,17.6619,17.55062675,17.5177307,17.5799484,66,0.0407757145033463,-0.11127324999999999,False
2216491579042731776,17.6722,17.667392749999998,17.5726509,17.7260952,74,0.2040175332775169,-0.004807250000002483,False
2230104696925290368,17.7637,17.721313950000003,17.6786194,17.760686900000003,77,0.2523523825861582,-0.04238604999999751,False
2235756324128323712,17.3255,17.283896212499997,17.220630149999998,17.3402443,86,0.2237603747502103,-0.04160378750000504,False
2236516121030893568,17.7817,18.217392,18.16177845,18.2493038,85,0.2888188920912725,0.4356919999999995,False
2237288944557097600,17.908,17.79648305,17.7274666,17.8515282,85,0.0081319418781211,-0.11151695000000217,False
2240031951187372928,16.4244,16.37578775,16.3408508,16.412941,82,0.3068355582894109,-0.048612249999997914,False
2250247788602155904,16.9788,16.794784075000003,16.7634068,16.8142128,15,0.0653453161252172,-0.18401592499999708,False
2257524940668800128,17.6452,17.59362315,17.5708284,17.6499138,86,0.1828718578014884,-0.05157685000000001,False
2260805780286092032,16.027,15.93434285,15.88053795,15.9556575,85,0.1233270047601209,-0.09265715000000085,False
229185399152176384,17.0866,17.0695305,17.0625763,17.0897942,14,0.3348092267807872,-0.017069500000001625,False
2293848574305633536,17.8778,17.836613675,17.8100691,17.868695725000002,10,0.3026974243601955,-0.041186325000001744,False
230146136092951296,17.9431,17.512037999999997,17.4690704,17.57732585,16,0.1537099891035849,-0.4310620000000043,False
2338349628107880192,15.3551,15.32719705,15.2985244,15.4212484,9,1.2947164966908855,-0.02790294999999965,False
2342611713134728832,16.9776,16.9171052,16.8794041,16.96024035,42,0.2200781388318373,-0.060494799999997184,False
2348513096982909312,17.9857,17.9697952,17.7920837,18.0390396,43,0.1179632201387773,-0.015904800000001273,False
2364297204875140224,17.7767,17.636641975,17.5057068,17.6900787,46,0.1884937317734225,-0.14005802500000186,False
236703211125673344,17.4016,17.3615284,17.2392578,17.4040642,19,0.0777562366573996,-0.04007159999999743,False
2371650330620404224,17.358,17.2965929625,17.21135805,17.3539581,8,1.2042100990655007,-0.06140703750000043,False
2372072298271576832,17.8642,17.819976325,17.7211342,17.86070155,48,0.5017857173614487,-0.04422367500000135,False
2375576682347401216,16.8881,16.9899616,16.9556694,17.027619350000002,57,0.8656058291611646,0.10186159999999944,False
2375950378861879040,17.8818,17.8431549,17.7805939,17.9171104,45,0.0867709608527663,-0.0386451000000001,False
2378137036906365056,17.4755,17.26436995,17.2360573,17.3314743,26,0.0642518984665543,-0.2111300500000013,False
2383855218925266560,17.471,17.1288567,17.036789900000002,17.17915345,45,0.4003573222328753,-0.34214330000000004,False
2386223463892847872,13.766,13.65399885,13.62445785,13.6713295,31,1.4502404529945494,-0.11200114999999933,False
2393875961742886656,15.4875,15.6113014,15.5638208,15.694026,53,0.6671379186416381,0.12380139999999962,False
2399970451616401280,17.9847,18.0035868,17.7993698,18.0691395,54,0.3517207554492244,0.018886800000000648,False
2404891590784758784,17.4647,17.451005475,17.3879261,17.5175018,52,0.1533407892371291,-0.01369452500000179,False
2411529617359368960,16.6928,16.5285425,16.468549275,16.5673161,55,0.2045031523492247,-0.16425749999999795,False
2415294924993433216,17.41,17.36892035,17.2864437,17.4021168,49,0.1125956218558059,-0.041079650000000356,False
2427145530036978816,17.3139,17.279057,17.2303047,17.326540950000002,53,0.1127632997176614,-0.034842999999998625,False
2428675569186550784,17.9442,17.81287145,17.7280426,17.9127035,56,0.2939575272412704,-0.1313285499999992,False
2441483303397892608,16.8658,16.811367,16.72649,16.8445549,55,0.4287183027459392,-0.05443299999999951,False
2445199961937383424,17.9242,17.9022675,17.7883301,17.9544907,57,0.1663147556637179,-0.021932499999998356,False
2450585266810809216,15.2272,15.1867895,15.1618938,15.22049,35,1.2953839562753198,-0.04041050000000013,False
2461540319633254656,16.8885,16.8677883,16.7016678,16.90460205,55,0.2998754476760606,-0.020711699999999666,False
2466766946939761280,16.9095,16.8696003,16.8273659,16.9150085,53,0.1687395435191518,-0.03989970000000298,False
2474288985158936960,16.0112,15.870833399999999,15.83625935,15.900157,50,0.1093177057721897,-0.14036660000000012,False
2478893842934875136,17.2621,17.08417035,17.0197792,17.1530495,55,0.0882820115433992,-0.17792964999999938,False
2488974302977323008,15.1967,15.907243274999999,15.69808055,16.04737475,56,0.3378847363060258,0.7105432749999991,False
2495887310538281600,15.7447,15.5476351,15.523706,15.5814009,53,0.2829869037902326,-0.1970648999999991,False
2498367529597482496,17.4098,17.27513315,17.079932200000002,17.3638811,55,0.0760362967554638,-0.13466685000000211,False
2500748109710808064,16.5946,16.4336822,16.42286875,16.455039999999997,14,0.1080136705671959,-0.1609178,False
2508550832631950592,16.7379,16.602561950000002,16.5421104,16.62587165,54,0.0711586402625449,-0.13533804999999788,False
2515384911578351232,16.922,16.72437285,16.6962204,16.7506599,55,0.0280016931448763,-0.19762714999999886,False
2516291016534467200,16.0367,15.870225399999999,15.8540449,15.8901539,14,0.107882400106825,-0.1664746000000008,False
2521231599018864000,17.387,17.335013425,17.3117485,17.36905,57,0.3155929908307783,-0.05198657500000081,False
2529964882439353728,17.8105,17.781289125,17.7016239,17.8326607,56,0.4129027307220823,-0.029210875000000414,False
2532727272261119616,17.9665,17.784366125,17.7642479,17.8274441,57,0.0654175608306703,-0.18213387500000167,False
2533306985471073920,16.6863,16.5265427,16.4924011,16.5688038,55,0.1135563884080628,-0.159757299999999,False
2539057401220177920,16.7093,16.6651382,16.59672355,16.7179928,59,0.680214318140062,-0.0441617999999977,False
2543356006353057792,17.4875,17.4625912,17.41527365,17.5094242,57,0.2452713227718758,-0.024908800000002174,False
2555917621757969408,17.1835,17.143952400000003,17.0995674,17.20184995,59,0.2597679523342369,-0.03954759999999524,False
2558979619911117568,17.9303,17.861919649999997,17.7613449,17.913807874999996,56,0.242189926741421,-0.06838035000000176,False
2559512165787198592,17.9596,17.841131675,17.6400223,17.9863167,58,0.0266180280024797,-0.11846832499999849,False
2572682768899661312,17.0606,17.0246658,16.978369700000002,17.0523853,61,0.7343360287341383,-0.035934199999999805,False
258439731372229120,15.8622,15.82422925,15.6836462,15.8794966,67,0.1102213510687583,-0.0379707499999995,False
2584756467429594880,16.7055,16.617259949999998,16.5917559,16.6468678,59,0.261453539150269,-0.08824005000000312,False
2608280729159380992,16.3907,16.2059765,16.1775427,16.2433624,13,0.1795615683643725,-0.18472350000000048,False
2608877450440101504,17.4493,17.309950825,17.296084399999998,17.333868,12,0.2590942932897536,-0.13934917499999955,False
2611423167751076224,16.9197,16.891054625000002,16.798481,16.946858425000002,9,0.1018001832330158,-0.02864537499999642,False
2613380053634956928,17.493,17.390108125,17.3389015,17.453615149999997,36,0.1844919312169238,-0.10289187499999741,False
2614048247467990528,16.9662,16.747495649999998,16.7115574,16.7644424,56,0.2649173640240821,-0.218704350000003,False
2614454620092715776,17.982,17.9710388,17.461071,18.0676842,56,0.4196428705488792,-0.01096120000000056,False
2616210918121365760,17.1928,17.1564951,17.025320999999998,17.183897,55,0.0514309162699407,-0.03630489999999753,False
2625078449333017856,15.1408,14.9630685,14.9451151,14.9808674,8,0.5056024177539182,-0.17773150000000015,False
2647884790098989568,16.4829,16.417361274999998,16.4010162,16.44088935,13,0.3230775141968805,-0.06553872500000324,False
264955055023575808,17.9054,17.9176331,17.86715505,18.0071182,67,0.0168347190619956,0.012233099999999553,False
2651651205835166336,17.3164,17.1961594,17.1519775,17.2591972,37,0.3225068217634631,-0.12024060000000247,False
2657498580470832384,16.7802,16.610784525,16.5892067,16.63327315,60,0.2749957069968164,-0.16941547500000098,False
2658005420970607744,16.7382,16.5641842,16.5284042,16.5871964,58,0.1183629611018937,-0.1740157999999994,False
2660358032257156736,13.0624,13.0104532,12.968153,13.0513029,27,1.6719879334917838,-0.05194679999999963,False
2667317799127474944,16.6634,16.49814795,16.4083519,16.5663757,58,0.0986424517932,-0.16525204999999943,False
2668378930927399296,17.9236,17.88241385,17.8016052,17.95723725,58,0.0274909811099965,-0.041186150000001476,False
2672992211134257152,17.7901,17.73935315,17.69491005,17.7929916,58,0.0115003024924687,-0.050746849999999455,False
2674266437736332160,17.0172,16.97015,16.9325943,16.9954262,59,0.2157210123288405,-0.047049999999998704,False
2679476512239443328,17.0515,17.0046539,16.9379616,17.046356199999998,63,0.1024015983184052,-0.04684609999999978,False
2681387527873207424,17.4271,17.40803245,17.1638145,17.4772568,59,0.2748926286998246,-0.019067549999999045,False
2681579190788729984,16.7337,16.658492799999998,16.6230698,16.711854,62,0.6498361471258691,-0.07520720000000125,False
2709363196787375488,14.7756,14.6571531,14.6109796,14.6946955,37,0.7741774624194628,-0.11844690000000035,False
271649642028459392,17.101,17.079995625000002,17.0201492,17.1133003,68,0.2721815386930357,-0.021004374999996855,False
2719012579552367488,15.7612,15.6940298,15.67499305,15.7217379,63,0.669491470215231,-0.0671702000000014,False
2719317414856391040,16.6829,16.544727299999998,16.5000954,16.5666199,63,0.2947919061802002,-0.13817270000000192,False
2743616007651372288,17.3943,17.3331084,17.2931137,17.4000149,60,0.3541565053196279,-0.06119160000000079,False
2749524641403549312,17.6049,17.5117712,17.45053195,17.5393734,53,0.074276540774651,-0.09312880000000234,False
2754909740118313344,17.4888,17.54534625,15.2376957,17.6956139,62,0.2531746229783417,0.05654625000000024,False
2769930207121379968,16.0623,16.02571295,15.9534283,16.0644417,42,1.0662948570404498,-0.0365870500000014,False
2780903539324180736,15.751,15.5521793,15.5271068,15.5974407,13,0.1680382706671453,-0.19882069999999885,False
2789405753503977472,16.9457,16.909279325,16.8406944,16.93944645,65,0.2157429073821655,-0.03642067499999868,False
279512833789658752,15.9733,15.933243749999999,15.8978014,15.98887825,50,1.1098323919811013,-0.040056250000001015,False
2795150147707769728,17.9915,17.8162346,17.7745295,17.8628922,15,0.0758497043349236,-0.17526539999999713,False
2796821959433536640,17.7653,17.7232533,17.6763792,17.7713375,61,0.1622317309475538,-0.042046700000000214,False
2800064999043636224,17.985,17.929904925,17.8541374,18.000473,64,0.3062345991802838,-0.05509507500000055,False
2806866303095872768,17.3443,17.14997625,17.0999203,17.1929665,66,0.1150851406259222,-0.1943237499999988,False
2811679247742881536,17.3219,17.1648536,17.149025,17.177308099999998,8,0.2734972693567147,-0.1570463999999987,False
2821736446243766016,17.4192,17.3944161,17.367831199999998,17.435800550000003,60,0.2410756849203414,-0.024783899999999193,False
2823262637102613248,17.4059,17.35535335,17.272747,17.4308891,63,0.0921050439760491,-0.050546649999997584,False
2825254226320937088,17.9673,17.930371774999998,17.8871593,17.9748135,16,0.0333876805502497,-0.036928225000004034,False
2825795087259417984,15.5629,15.4660349,15.4502296,15.4747953,17,0.1076632603312741,-0.09686510000000048,False
2833849800205759360,15.7005,15.58684775,15.5724239,15.6120253,63,0.2628409526691037,-0.11365224999999946,False
2834374778352293888,17.6265,17.5956654625,17.5124855,17.6631317,64,0.122712669658128,-0.03083453749999876,False
2842650153836732928,15.3516,15.302667249999999,15.23806715,15.3711824,66,0.4440878486986494,-0.048932750000000524,False
284963933264877056,17.3978,17.3712234,17.289772,17.4430389,59,0.2749957069968164,-0.026576599999998507,False
2850846184091080576,17.5541,17.5116901,17.416278849999998,17.6112041,63,0.3399057210910481,-0.04240989999999911,False
2856887798622638720,17.7795,17.608379325,17.4729557,17.6815815,62,0.0569235931468484,-0.1711206749999974,False
2861452348130844160,16.8081,16.677774925,16.659991249999997,16.6989746,17,0.023807888016215,-0.13032507499999824,False
2867203584218146944,17.0494,17.01492785,16.9684296,17.054764274999997,64,0.1801917951688986,-0.034472149999999147,False
2873505301968425984,17.9947,17.805331199999998,17.756626150000002,17.8428078,66,0.1046825372956631,-0.189368800000004,False
2913182102474677632,17.6524,17.6053171,17.5511971,17.63632485,40,0.1329836252774412,-0.047082899999999483,False
2931529038838835712,16.9574,16.947323775,16.8869858,16.9870758,48,0.4568799257006747,-0.010076224999998828,False
2933395799119992320,16.6614,16.6373862875,16.5924921,16.65711495,8,0.2643997899414853,-0.024013712500000395,False
2934281803636268416,16.4054,16.38420105,16.35465815,16.421032,50,0.3553947021756102,-0.021198949999998717,False
2935237657195591424,16.5055,16.487834900000003,16.34443855,16.56534575,48,0.0796171277461561,-0.017665099999998546,False
2936228106716638720,17.5258,17.346290125,17.2328329,17.4039574,48,0.0755376927106325,-0.17950987500000082,False
2940050734981714432,16.8736,17.0827312,17.0396137,17.1330767,47,0.4789371553670205,0.20913120000000163,False
2944687547315654784,17.8563,17.79496955,17.7270565,17.86535835,45,0.0372652392034717,-0.061330449999999814,False
2950907725113997312,15.2148,15.0764727625,15.05104875,15.1079197,44,0.017112997733483,-0.13832723750000042,False
2951380789991336192,16.503,16.62642765,16.5848465,16.698143,46,0.2675961425665174,0.12342765,False
2965139013348941952,17.732,17.691212675,17.590906150000002,17.8161774,40,0.3430732358794086,-0.04078732500000015,False
2970066126811876992,16.5082,16.4741668875,16.4238911,16.5050774,10,0.2569892145195605,-0.03403311249999774,False
2984906067750284928,16.1982,16.06221865,15.9979877,16.0946484,51,0.4312120536402507,-0.13598135000000156,False
2993100487396185472,17.074,16.91798545,16.850914,16.9704838,46,0.1411173944522152,-0.15601455000000186,False
30012303751796864,17.17,17.1140995,17.0663567,17.1570339,59,0.1257918926741503,-0.05590050000000346,False
3001477838284831872,17.4327,17.2238283,17.1781921,17.2656822,53,0.0416921371183755,-0.20887169999999955,False
300356718095890816,17.4293,17.3826752,17.33475205,17.45706085,65,0.3581748856295844,-0.04662480000000002,False
3006514254375269888,15.7695,15.589774349999999,15.5189877,15.6104488,54,0.0613178306929655,-0.17972565000000174,False
300940112094402176,14.634,14.511421575,14.4848032,14.540280849999998,64,0.3601869352181417,-0.12257842500000038,False
3012407808497574272,17.9701,17.954606075,17.88304135,18.0301743,14,0.1327347584968675,-0.015493924999997688,False
3014188330140493824,17.8582,17.8164701625,17.7346716,17.874361,16,0.3851681691433446,-0.041729837500000144,False
3017065782133772544,17.0535,16.914426825,16.8725471,16.956118625000002,50,0.0723436019531242,-0.13907317500000005,False
3021617485394291072,17.8262,17.8215027,17.75534155,17.8654938,57,0.2907423079659306,-0.004697300000000126,False
3032583606349680384,17.8623,17.59762575,17.4717903,17.6940842,50,0.1285405490565367,-0.26467425000000233,False
3039398650000089472,17.693,17.65616795,17.5786171,17.72314645,51,0.0404267005414586,-0.036832050000001004,False
3040572859699144960,17.1592,17.0238953,16.99608615,17.0586128,51,0.0806193820650819,-0.13530469999999895,False
3041064135238502656,16.8044,16.752418,16.6367817,16.7896023,54,0.3439395317278182,-0.051982000000002415,False
3045879828670086144,17.7842,17.7724247,17.671051,17.8213902,53,0.1422840869898241,-0.011775300000000044,False
3050819487739373696,17.9815,17.97082375,17.8752823,18.03887175,52,0.1667402226051962,-0.010676249999999499,False
305256043125603968,15.545,15.368495,15.2631655,15.4398012,65,0.0849555831292232,-0.17650500000000058,False
3055046491471448320,17.8513,17.8249702,17.727973,17.897752750000002,53,0.099453159978865,-0.02632979999999918,False
3058094200264637312,15.8198,15.638036625000002,15.6118488,15.65688275,54,0.0380181483777317,-0.18176337499999917,False
3058123783999682816,17.0464,16.7167444,16.65208245,16.7977142,60,0.2170743295349136,-0.3296555999999988,False
3058706490797990016,17.3169,17.15045165,17.1075001,17.1893463,55,0.0253454322518211,-0.16644834999999958,False
3061997947577041536,17.9373,17.813348750000003,17.7508354,17.8946581,57,0.0869341154202534,-0.12395124999999751,False
3062514748102604288,17.6844,17.6544762,17.5671616,17.7051525,55,0.0305817858775097,-0.029923799999998835,False
3065654231757183616,17.1767,17.140532475,17.1020603,17.1642342,54,0.1223271435100406,-0.036167524999999756,False
3069875325615956352,17.9283,17.9089148125,17.838962549999998,17.9946365,58,0.3663630957513759,-0.01938518749999929,False
3070046750645458048,16.8809,16.847012024999998,16.7200775,16.8947678,58,0.2981694420320276,-0.03388797500000251,False
307323228064848512,16.1539,16.2138138,16.1867504,16.25667,11,0.6986645039321493,0.05991380000000035,False
3083765357227100800,16.5168,16.5286636,16.4456501,16.5612888,59,0.2186354115443872,0.01186360000000164,False
3087408657726940928,17.8651,17.8106823,17.7457867,17.8754053,59,0.1554517143856164,-0.0544177000000019,False
3088006139216480000,15.4436,15.3221493,15.3058472,15.3447504,61,0.1682910655340137,-0.12145070000000047,False
3091864870976321536,17.8525,17.8171043,17.7631302,17.9125175,63,0.2062968722790066,-0.0353956999999987,False
3095033113731843712,17.8502,17.8019075,17.6824398,17.8556566,24,0.0255311155565426,-0.04829250000000229,False
3101596034218137728,17.3452,17.3317471,17.2709846,17.3929768,57,0.0451722914456805,-0.013452899999997214,False
3102457123623043072,17.0007,16.9524088,16.9241371,16.9840431,57,0.1278404519965736,-0.04829119999999776,False
3107374277060584064,17.2709,17.1307318125,17.08173465,17.174712200000002,12,0.0361064498825773,-0.14016818750000226,False
3108255943655246976,17.5148,17.34115885,17.258679875,17.4268951,58,0.0212944224019838,-0.1736411500000017,False
3108589752806346112,16.8394,16.8042833875,16.72590065,16.8472424,58,0.1684032970006621,-0.03511661250000131,False
3117810051152885760,17.3373,17.25596425,17.0863037,17.30019665,57,0.2124556663912678,-0.08133574999999738,False
3118034111008915712,17.0048,16.975716124999998,16.8905506,17.0281181,56,0.4143416195055932,-0.029083875000001314,False
3118326134425624320,17.1955,17.141356950000002,17.0626869,17.1808777,56,0.0153679256325286,-0.05414304999999686,False
3122856873948850816,17.603,17.464222925,17.41827585,17.5045967,60,0.0503167570696594,-0.13877707500000014,False
3123625093275668736,17.1637,17.1112310875,17.0695839,17.13233375,16,0.0824156505524397,-0.05246891250000019,False
3125897813875563904,15.7482,15.59307,15.517045,15.670558,57,0.0307358512650574,-0.15512999999999977,False
3126611018963347072,16.9757,16.85327385,16.7551842,16.8723679,57,0.0289961440912249,-0.12242614999999901,False
3126624316184360576,16.2179,15.4587154,15.307947175,15.599995625,59,2.0509635356520066,-0.7591845999999993,False
3127343534223918592,17.8503,17.8223772,17.6929893,17.8723297,57,0.1427811797593646,-0.027922800000002468,False
3131036935517706752,17.0063,16.881839749999997,16.7924995,16.9356165,57,0.2949681069712193,-0.12446025000000205,False
3131460243199483136,16.6908,16.6339817,16.5568552,16.6921959,60,0.1679820423668703,-0.056818299999999766,False
3138305596433476480,17.5701,17.4005661,17.3431168,17.4640484,59,0.0558344465796834,-0.16953390000000113,False
3141190753602906624,17.3175,17.2693882,17.2312775,17.3084602,59,0.1672493542408107,-0.04811179999999737,False
3142035831366855296,17.4993,17.36389635,17.30686285,17.3959656,58,0.2724590626383834,-0.13540365000000065,False
314598009311483008,17.8634,17.825776575,17.785037,17.869751,62,0.1051327868457631,-0.0376234249999996,False
3150708057532318208,16.7064,16.5608082,16.5161629,16.5858955,61,0.0517057049555973,-0.14559179999999827,False
3160251852820623744,17.9881,17.9429817,17.890377,18.0094795,61,0.1860471315056288,-0.04511829999999861,False
3162999910335737216,17.59,17.4156418,17.1990242,17.4945526,63,0.0513389932004492,-0.17435820000000035,False
3166867511205072128,17.2227,17.16404345,17.1103783,17.2318268,63,0.1831815478756699,-0.058656549999998475,False
3169486960220617088,15.0831,15.045716774999999,14.9976082,15.0888567,62,0.3241430328471011,-0.03738322500000102,False
3169614331770315392,16.4811,16.4312286,16.3596382,16.48708055,55,0.0565071750231644,-0.049871400000000676,False
3170192017754631296,17.7155,17.52491045,17.460801625000002,17.5869222,65,0.0147403964392813,-0.19058954999999855,False
317698288504634496,17.6437,17.4544868,17.43306635,17.4714842,17,0.0489848862873932,-0.18921319999999753,False
3181589319065856384,16.2331,16.1890535375,16.1426735,16.2495766,58,0.1997593888612117,-0.044046462499998995,False
3182491743235112448,17.505,15.405039299999999,15.3644257,15.4575815,42,2.1805066563656554,-2.0999607000000005,True
318552918277214080,15.4627,15.3703346,15.2562704,15.4487953,67,0.0825874096492407,-0.09236540000000026,False
3188783178831840512,17.6701,17.32688905,17.2704163,17.396143,55,0.4205311473831209,-0.3432109500000031,False
3192083019385112320,17.8697,17.8293953,17.786862375,17.8722649,17,0.173187726347343,-0.04030470000000008,False
3195473019892503552,17.4278,17.406747799999998,17.3590508,17.45988465,53,0.0245886810120459,-0.021052200000003296,False
3200082520530117248,17.7856,17.603430725000003,17.541008,17.6719646,52,0.1567528414517964,-0.18216927499999613,False
3204352783173513728,17.9247,17.784586925,17.6973839,17.8280277,10,0.0914875730330159,-0.14011307500000214,False
3205001976070620928,17.4312,17.356361137500002,17.3233795,17.38691325,18,0.423943107274996,-0.07483886249999827,False
3206726147742928128,17.1932,17.1255819875,17.0803185,17.178688,54,0.0611635717550196,-0.06761801250000232,False
3207788997529839104,17.8706,17.682775524999997,17.6306496,17.722346299999998,51,0.0266180280024797,-0.18782447500000288,False
3217123262838152320,17.8346,17.8053622,17.7620678,17.8443451,49,0.3283129913602607,-0.029237799999997094,False
3218565547214437632,17.8191,17.770217175,17.648243,17.8361588,58,0.1488389746254764,-0.04888282499999974,False
3224908977688888064,16.1101,16.050114175,15.93853285,16.0884113,56,0.3134001990014574,-0.05998582499999827,False
3226138369126392064,17.1193,16.97001265,16.9268684,16.9865189,17,0.1469225130324503,-0.14928734999999804,False
3230486971974872192,17.5033,17.341162912500003,17.3036842,17.4417305,58,0.0637352177202468,-0.1621370874999961,False
323342459647016448,15.9355,15.749317875,15.7068977,15.8028049,64,0.0342259954669661,-0.1861821250000002,False
3234830931961892224,16.3871,16.3302917,16.247612,16.3729401,59,0.0342259954669661,-0.056808300000000145,False
3236259854698180480,17.4804,17.506319050000002,17.4445229,17.5716114,60,0.3527131444998674,0.025919050000002386,False
3237854863817516544,17.5146,17.4906998,17.3719749,17.5663071,43,0.0670577106097548,-0.023900199999999927,False
3238056353617774336,16.3347,16.21257975,16.1745758,16.25370315,60,0.2766397363314739,-0.12212025000000182,False
3238868171156736768,15.3757,15.3266829,15.2758913,15.35528135,20,0.3560586196274214,-0.04901710000000037,False
3244830444756183808,17.0741,16.884041775,16.8304977,16.9351463,56,0.1497880106465786,-0.19005822500000136,False
3251245339191040256,17.7987,17.675582875,17.6227684,17.7119331,57,0.0419181124164385,-0.12311712500000027,False
3266140045253880576,17.8852,17.8613367,17.7216663,17.9451866,55,0.1382430119280626,-0.02386330000000214,False
3270216931292757248,16.424,16.3042927,16.2727642,16.3311005,15,0.1208509282926312,-0.11970729999999818,False
327102617617578112,16.9258,16.897388,16.7750969,16.9367523,66,0.2116091373538068,-0.028411999999999438,False
3277341526122556160,16.5977,16.57473945,16.5481796,16.61084555,56,0.0234077269450257,-0.022960550000000524,False
3287636940687565824,15.6524,15.644055575,15.6234307,15.6537676,58,0.1235948161607599,-0.008344425000000655,False
3301217592917972864,16.5369,16.477952950000002,16.3925018,16.519623799999998,59,1.0009841469660454,-0.05894704999999689,False
3302538209462061696,17.0671,16.90813445,16.7788162,17.0008221,50,0.0849555831292232,-0.15896555000000134,False
3310871201928485248,17.8505,17.565881750000003,17.5393143,17.5919647,57,0.1654319898328493,-0.28461824999999763,False
3312002496315376640,16.7891,16.6888740375,16.6519642,16.7276192,58,0.1181632596586562,-0.10022596250000149,False
3315330438840951552,15.9446,15.803063625,15.7763634,15.8236837,59,0.3050136433313247,-0.14153637499999938,False
3316000080076232960,16.7287,16.686085212500004,16.6245499,16.7230911,58,0.5051631413105105,-0.042614787499996254,False
3321033403790648704,17.9723,17.71805045,17.6341896,17.7636299,59,0.2436094952556161,-0.2542495500000008,False
3321431014682434176,16.2352,16.20366285,16.16715525,16.22964765,58,0.3031340373978695,-0.03153714999999835,False
3324229885953813248,17.33,17.0470066,17.0017433,17.1195202,59,0.2298827993002935,-0.28299339999999873,False
3324963367588643968,16.2713,16.285790925,16.1979599,16.3173342,60,0.4379292581937304,0.014490925000000487,False
3325045075045791744,17.7199,17.684897425,17.4923706,17.734867100000002,60,0.2336126896940895,-0.035002575000000036,False
3325754461908236928,17.2805,17.2472019,17.2027149,17.28500275,61,0.2553851480769412,-0.033298099999999664,False
3333971597632801920,15.5993,15.48415185,15.4647784,15.5006695,58,0.1256791927327484,-0.11514814999999956,False
3341182435406679424,16.3654,16.2478409,16.1943169,16.2990685,61,0.0717535672547586,-0.11755910000000114,False
3341996555048041856,17.1682,17.015079975,16.96667765,17.057106,62,0.0600726689303309,-0.15312002499999977,False
3343098536279170176,17.4925,17.3943472,17.377669349999998,17.418644,21,0.1864782370022858,-0.09815280000000115,False
3345661467822106624,17.703,17.7155371,17.5585518,17.8562927,61,0.0301148609637869,0.012537099999999413,False
3347454874365770496,17.0462,16.8717308,16.8315086,16.9332428,51,0.1188806148734806,-0.17446919999999722,False
3353802007098057600,17.6624,17.4072244,17.3855343,17.423996,20,0.0667045869829972,-0.25517560000000117,False
3354819845628139904,17.8014,17.636124600000002,17.5725212,17.7006369,62,0.0351787896951263,-0.16527539999999874,False
335495116856304256,17.3287,17.17174915,17.0864143,17.2111282,65,0.0203878572516731,-0.1569508500000012,False
3356726158272880768,17.4643,17.43569755,17.39125255,17.469490999999998,62,0.0750357755727688,-0.028602450000001056,False
3369166170266811520,17.741,17.698318450000002,17.6631174,17.7430229,61,0.1178831092839422,-0.042681549999997515,False
3369968199578582912,16.7849,16.71309565,16.673151,16.73325345,61,0.2019698602217999,-0.07180435000000074,False
3370796406708211200,17.8246,17.6521878,17.55373,17.71368695,61,0.0249699236076505,-0.17241220000000013,False
3375097898059812608,17.5177,17.504217150000002,17.4224892,17.5352116,61,0.11459156376684,-0.013482849999999047,False
3389534764907160192,17.8555,17.817113875,17.751547825000003,17.8872452,18,0.1425162793832234,-0.03838612499999883,False
3396120251145386496,17.6112,17.5813007,17.484684,17.6548252,61,0.1872618155602121,-0.029899300000000295,False
3398685725309107584,17.6593,17.5030327,17.42029,17.5590401,61,0.1581627604814619,-0.15626730000000322,False
340886198462842112,16.4042,16.22362515,16.2006779,16.23757835,17,0.1080573919495034,-0.1805748499999993,False
3410706892092688256,17.446,17.4224705625,17.36566255,17.4710865,58,0.0867165077812894,-0.02352943750000236,False
3414955164503979136,14.697,14.5756235,14.543571,14.6077595,62,0.4335716447360199,-0.12137649999999844,False
3422762075019208576,17.2114,17.138353825,17.09292795,17.1731262,60,0.2204641282640404,-0.07304617500000177,False
3423272518994757120,17.9328,17.81001855,17.7269077,17.8881512,61,0.0289961440912249,-0.12278145000000151,False
3425718245172233984,17.316,17.2734933,16.92710115,17.4002304,65,0.2165078393020803,-0.042506700000000563,False
3426576074700535040,17.8266,17.751728999999997,17.7071495,17.797945,63,0.0430301917710804,-0.07487100000000169,False
3429818633270156416,15.6639,15.540676375,15.5259533,15.5574317,62,0.2623192817153086,-0.12322362499999961,False
3436267028447648512,17.972,17.9353713875,17.886972450000002,18.0261822,62,0.0701558850066487,-0.036628612500003044,False
3444279861171809920,17.5639,17.35516075,17.2701416,17.387577049999997,62,0.0777562366573996,-0.2087392500000007,False
3446909137068558464,15.5794,15.5246782,15.4918575,15.543498,65,0.4089601075667435,-0.054721799999999376,False
3448106775815612928,17.8826,17.8060989,17.778112450000002,17.8769989,17,0.0251583785348296,-0.07650110000000154,False
3453072170325688960,16.9936,16.836606250000003,16.7863636,16.8721848,64,0.0841735953099787,-0.15699374999999804,False
3458597083113101952,16.4098,16.343248824999996,16.3305416,16.3707943,16,0.0991201420049052,-0.06655117500000429,False
3494580937593244672,16.011,15.9626536,15.9212241,16.010334,49,0.1907357077622332,-0.04834639999999979,False
3503987633230546688,17.6039,17.6500969,17.4503059,17.776671399999998,37,1.591683886569191,0.04619690000000176,False
3506567328028533120,17.0122,17.52064895,17.3826122,17.57332565,22,2.31824534179376,0.5084489500000018,False
3509435507186636288,17.3465,17.1618118,16.984773625000003,17.2823753,51,0.0540286959747512,-0.18468820000000008,False
3521997672348520064,17.8156,17.8057671,17.7400551,18.1292419,17,0.4077339763557052,-0.009832899999999256,False
3529049458892171776,15.5987,15.53580835,15.515276,15.5812531,30,1.811987268658648,-0.06289164999999919,False
352956774550265600,16.4605,16.3697548,16.3292236,16.4204178,65,0.0455886347303032,-0.09074520000000064,False
3549471753507182592,15.9559,16.071764,16.0532417,16.1419182,25,1.5489557829747111,0.11586400000000197,False
3553682127126319360,15.838,16.6775055,16.6453781,16.7188053,20,2.3363735582271774,0.8395054999999996,False
3557290342036755200,17.3426,17.1772165,17.1437035,17.2179775,46,0.2061136194138119,-0.1653835000000008,False
3557657200963262080,17.8475,17.8112571375,17.6982422,17.8609085,46,0.4516706286861939,-0.03624286249999997,False
3559146111505680768,17.9254,17.8987961,17.7995844,18.0658875,49,0.2085286508229238,-0.026603900000001346,False
3560978005254115840,16.8879,16.769922299999998,16.73197365,16.830801,49,0.2973604260147385,-0.11797770000000085,False
356186555597277440,17.9331,17.875927,17.833396899999997,17.914920799999997,65,0.0886557501849599,-0.05717299999999881,False
3563873702267790080,17.4349,17.255916625,17.2060432,17.318004600000002,46,0.1664850729184496,-0.17898337499999784,False
3564317698806660480,16.5004,16.3969936,16.3474388,16.4156418,45,0.1828201917861045,-0.10340640000000079,False
3573543666515688576,17.9963,17.969223975000002,17.87310505,18.0549164,52,0.3364698434482273,-0.027076024999999504,False
357457350520905216,16.9922,17.2083492,17.1709576,17.3475151,66,0.0333876805502497,0.21614920000000026,False
3575948126647132416,17.532,17.398725499999998,17.3715801,17.4651642,47,0.1688235005076052,-0.1332745000000024,False
3582916865703969024,17.1967,17.163660525,17.0480728,17.220361699999998,54,0.2850491299451509,-0.03303947499999893,False
3586103254697530240,15.4408,15.3986573,15.3747215,15.42001865,55,0.8749628284054952,-0.04214269999999942,False
3592210698192077568,17.1352,17.0920887,16.9813519,17.1429214,45,0.4607405599488294,-0.04311129999999963,False
3594834132936380032,17.2318,17.1994514,17.1090689,17.24021055,55,0.2002317456069401,-0.03234859999999884,False
3597350571454888448,16.5107,16.31240465,16.2389107,16.3927498,56,0.1044114556046348,-0.19829534999999865,False
3598424931753893888,16.4273,16.5102139,16.4610577,16.5572567,39,1.4721510223967782,0.0829139000000012,False
3598603632456807552,17.4178,17.4086723,17.36096,17.4620399,55,0.2640422511843586,-0.009127700000000516,False
360447124498490240,17.5188,17.4927368,17.394199399999998,17.5546284,68,0.2304369076416488,-0.026063199999999398,False
3611613878670271232,17.8396,17.81454275,17.6789131,17.877990699999998,55,0.2839034494699312,-0.025057249999999698,False
36207059639735296,16.7103,16.6403465,16.621006,16.6612206,59,0.0364968012257608,-0.06995350000000045,False
3632261538808897408,17.8376,17.910370800000003,17.476881,18.2167454,55,0.1526306599496918,0.07277080000000424,False
3635841484244996096,17.7475,17.7047081,17.6229715,17.7470722,59,0.3210241589124596,-0.04279189999999744,False
3642258577702062720,16.0243,15.97995425,15.9073296,16.0305195,59,0.4898102905787878,-0.04434574999999974,False
3656469211440196736,17.5688,17.7452488,17.6957836,17.9630547,65,0.290303328696123,0.1764487999999993,False
3656923687699486720,17.4002,17.3548994,17.2755108,17.4121742,60,0.2356058879008863,-0.04530060000000091,False
3657568761722508672,16.1435,16.03621295,16.0161362,16.0682163,60,0.2161366390625325,-0.10728705000000005,False
3666166938357148672,17.0451,16.8946120875,16.8440666,16.944610599999997,62,0.2327822262102111,-0.15048791250000093,False
3675345219043959680,17.4733,17.1321144,17.0533428,17.1947041,50,0.9227924291326624,-0.3411855999999993,False
3681220906102862720,15.6941,15.2024975,14.9664516,15.49858475,39,1.0780312294932,-0.49160250000000083,False
3681313024562519552,17.6635,17.711087675,17.529987849999998,17.8227625,54,0.777015450692695,0.047587675000002605,False
3690323316193465344,16.3444,16.3105965,16.1539555,16.3723717,57,0.3005362789933568,-0.03380350000000121,False
370046960520651008,17.955,17.826981312500003,17.7694778,17.8534775,14,0.1415852251274842,-0.12801868749999556,False
3705386281897262848,16.0315,15.9640224125,15.9222975,16.0120392,58,0.1827685111654857,-0.06747758750000088,False
371636961709032448,17.893,17.7969131,17.6851997,17.846380224999997,63,0.0221639375462398,-0.09608689999999953,False
3721943209023827456,17.5359,17.3573789875,17.3052826,17.4403,66,0.1043209385043044,-0.17852101250000274,False
3735279494794280448,16.243,16.13487245,16.1090317,16.15964795,61,0.6334494154088812,-0.10812754999999896,False
3738139943013858816,17.7732,17.76659725,17.706047050000002,17.7994881,62,0.451283525705488,-0.006602749999998991,False
3739708911747317248,17.3633,17.274941425,17.2200508,17.5893145,62,0.0574193086855562,-0.08835857499999733,False
3740975441767827968,16.6386,16.597893225,16.533349025,16.7017975,50,1.1618842907745006,-0.040706775000000306,False
3742240056233781248,17.3308,15.455671075,15.3895817,15.5093665,64,1.970915941747996,-1.8751289250000003,True
374333032939743488,17.9563,17.8601074,17.806263,17.9376259,65,0.0061471702530114,-0.09619259999999841,False
3745268523572692480,16.4729,16.058757800000002,15.9606075,16.0878963,62,0.1030453506742652,-0.414142199999997,False
3745268523573825792,17.4212,16.058757800000002,15.9606075,16.0878963,62,1.461608497019226,-1.3624421999999967,True
374811767174987776,16.5654,16.497896700000002,16.4588375,16.5454235,8,0.3358797175743417,-0.06750329999999849,False
3750072904055666176,17.1387,17.1158619,16.7617435,17.2379723,46,1.0504289132978264,-0.022838100000001305,False
3750176395587687296,17.9382,17.918355,17.8383369,17.98423,48,0.3382061121798065,-0.019845000000000113,False
3759364193922337152,16.9888,16.779997799999997,16.716227975000002,16.8704405,52,0.118721577190405,-0.2088022000000045,False
3770623807170338304,16.2135,16.0782852,16.02935215,16.1150284,51,0.1181632596586562,-0.13521479999999997,False
3774208322451434624,17.1125,17.072859299999998,17.00082875,17.1245728,50,0.2977096829485466,-0.03964070000000319,False
3775831167254103424,16.9755,16.8825226,16.787873249999997,16.9204311,55,0.113473166419304,-0.09297739999999877,False
3775992486225955712,17.7709,17.791170100000002,17.698534,17.853716849999998,50,0.3035233397407521,0.02027010000000118,False
3796414192429498880,17.1457,17.033122050000003,16.9644775,17.1431599,58,0.1887691794194688,-0.1125779499999986,False
3804750586512019840,17.611,17.5476799,17.468919749999998,17.6111679,55,0.3233113530145727,-0.0633201000000021,False
3810134246413902848,17.6607,17.6498642,17.5321198,17.7405663,35,1.9641724047604787,-0.01083579999999884,False
381335822504421376,17.9808,18.10653495,18.0393791,18.2556725,67,0.0997850665605373,0.1257349500000018,False
3818342165139791232,17.1421,16.93671605,16.9074669,16.9624834,55,0.0753498655835318,-0.2053839499999981,False
3819282286235442688,17.8333,17.767327299999998,16.8714638,17.867547025,40,0.2211059465892305,-0.06597270000000321,False
3833958975465526784,17.5762,17.3576622,17.32639885,17.38861085,55,0.1703276498465672,-0.2185378,False
3833982271367482624,16.5516,16.532691,16.5046959,16.5511456,54,0.5496563702634442,-0.01890900000000073,False
3834895969825628800,16.7029,16.5825672,16.5229931,16.6306381,55,0.1749245317023155,-0.1203327999999999,False
3842377248804727168,17.4058,17.225780450000002,17.1721916,17.2904844,57,0.0565907037827629,-0.18001954999999725,False
3847170947703000192,17.9503,17.8965602,17.7847672,17.9702339,59,0.396206463261289,-0.053739799999998894,False
3853871715160246528,17.575,17.539168349999997,17.386219,17.59797095,59,0.2153484558249068,-0.03583165000000221,False
3857118439852847744,17.4056,17.5260086,17.422905,17.6159706,55,0.2325995324793517,0.12040860000000109,False
3859871342090899328,15.6659,15.60851005,15.5783148,15.6403222,59,0.546277338504416,-0.05738995000000102,False
386584233877132416,17.8197,18.3017063,18.2428513,18.3874969,53,0.888547890794405,0.48200629999999833,False
3869028968280339200,17.4824,17.141104225,17.1169624,17.195463150000002,62,0.1538328588187313,-0.34129577499999897,False
3869420115246986368,17.9217,17.879305374999998,17.7738495,17.9088097,12,0.2197559630789055,-0.04239462500000357,False
3872667110522342656,17.4012,17.364043700000003,17.2422676,17.4139538,60,0.3517476135879714,-0.03715629999999592,False
3875365174618907264,16.6047,15.820778725,15.6041508,15.9947176,60,1.8194014399086107,-0.7839212750000009,False
3875574665942869632,17.7955,17.636951449999998,17.5717602,17.7335348,61,0.2669776266336452,-0.15854855000000256,False
388531679425970176,16.4715,16.3375069875,16.3088093,16.4022217,66,0.2900265934669462,-0.1339930124999995,False
3890059941364406144,17.8052,17.677408200000002,17.6484795,17.725914,65,0.2928950848628739,-0.12779179999999712,False
3897445571422443904,14.9625,14.937513599999999,14.8165398,14.9646044,52,0.8453756066602689,-0.024986400000001296,False
3898180418851205888,17.5531,17.5069103,17.41950035,17.5633392,53,0.139060621887217,-0.046189699999999334,False
3908383272577728896,17.2129,17.17778015,17.12528705,17.2643051,62,0.3074353426762118,-0.03511985000000095,False
3916093146894721024,17.7144,17.6848898,17.5346832,17.7400856,60,0.2959911947408183,-0.029510200000000708,False
3917955857032022656,17.7232,15.94975925,15.88814975,16.0068989,60,2.4632498188730856,-1.773440749999999,True
3937174946624964224,16.2789,16.225203524999998,16.1801987,16.25266745,64,0.171598563154326,-0.05369647500000241,False
3938156295111047680,15.9292,15.954654425,15.8681326,16.0164566,15,1.0944811789347093,0.025454424999999503,False
3958909096048741632,17.1968,16.9638863,16.8832817,16.9918976,61,0.0629147184450396,-0.232913700000001,False
3964619267952920448,17.6387,17.476115725,17.4163609,17.5242577,60,0.1159845763649012,-0.1625842750000004,False
3981156747469092864,17.7696,17.757920725,17.71432875,17.7990913,12,0.3675730253001991,-0.011679274999998768,False
3982007636324256000,15.9735,16.0536003,15.641117824999998,16.09138295,27,2.044897554996385,0.08010029999999979,False
3983606596814071680,17.518,17.47831725,17.392056500000002,17.5541267,62,0.6728484317947921,-0.039682750000000766,False
3984115430179696128,17.1733,17.34586715,17.2836075,17.4592628,49,0.9538023529687922,0.172567149999999,False
3986794909951986432,16.2217,16.022995,15.9405994,16.0778275,63,0.0674790197424421,-0.1987049999999968,False
3999770963934456704,17.3573,17.1661663,17.13249875,17.2200279,61,0.0452767361896082,-0.19113369999999819,False
4002567743555141760,17.7909,17.7318132,17.5704727,17.7761979,62,0.1752752173673243,-0.05908679999999933,False
4002914643768684288,16.6979,16.59970595,16.5828781,16.6382275,64,0.4407782554159521,-0.09819405000000003,False
4009851428268802944,16.8877,16.697821625000003,16.673147200000002,16.729787350000002,17,0.0599152042586303,-0.1898783749999957,False
4017670532195031296,17.3886,17.2305107,17.1996307,17.3386288,60,0.2119882655847494,-0.15808930000000032,False
4017694519587168128,15.5517,15.3979349,15.3814044,15.4643393,63,0.3599245612503267,-0.1537651000000011,False
4018554475119137280,17.7316,17.5668745,17.5442314,17.68573,64,0.0716877080694682,-0.16472549999999941,False
4032338708799508096,15.0914,15.003225575,14.9672308,15.0336332,68,0.2703357466173151,-0.08817442500000006,False
4076297007630077184,17.9012,17.984608650000002,17.9489613,18.0928764,37,0.031193482164987,0.08340865000000264,False
4083816430173368320,17.4738,17.482398975,17.4294014,17.5365353,57,0.2980902238149404,0.008598974999998177,False
4088862329545928960,17.9782,18.006912200000002,17.9442272,18.0641823,57,0.0391203519391138,0.028712200000001076,False
4089730604499317760,16.4351,16.435997,16.4152908,16.45485115,27,0.2562713918558125,0.000897000000001924,False
4092690554160097920,17.0773,17.0782948,17.0206757,17.0968571,55,0.1460195566386021,0.0009947999999972978,False
4093340502968374528,17.3996,17.4458466,17.4072075,17.4981518,53,0.116957890572901,0.046246599999999916,False
4100389540731296384,17.7014,17.540731450000003,17.4240456,17.6164341,56,0.0963165659185358,-0.1606685499999969,False
4106646934496648448,16.7906,16.7806091,16.6876602,16.83776285,61,0.4031437793344463,-0.009990900000001801,False
4116044735188734464,17.7155,17.702960949999998,17.631207449999998,17.7307911,36,0.048010934476326,-0.012539050000000884,False
4116588787373499904,17.2201,17.22370145,17.1198959,17.3092499,36,0.0880140837281142,0.0036014500000014493,False
4117752719121772800,16.7198,16.647788749999997,16.5315971,16.7012787,36,0.1417186073757427,-0.07201125000000275,False
4121895850735647360,17.7978,17.9246788,17.7600975,18.03088665,55,0.6400072218735334,0.12687880000000007,False
4125015852414199936,17.9727,17.9185753,17.8577728,18.0526009,55,0.1468260333155564,-0.05412469999999914,False
4128367507456250240,16.2949,16.287015875,16.1055775,16.3328362,54,0.1665418066304111,-0.0078841249999968,False
4128925548277018240,15.2163,15.1083851,15.0808754,15.1245642,53,0.1663431539830001,-0.10791490000000081,False
413322333748126592,17.6097,17.561481475,17.4658623,17.612964650000002,60,0.1230586105252036,-0.048218524999999346,False
4134483442134184064,16.3662,16.2536621,16.2123795,16.3453302,55,0.0773908960145977,-0.11253789999999952,False
4138252774131453952,17.0114,16.883091,16.8626919,16.9245605,9,0.482190554803229,-0.128308999999998,False
414813439007636352,17.5977,17.54957915,17.5136871,17.6113071,66,0.0455886347303032,-0.048120850000000104,False
4153618204302689920,15.7441,15.6148095,15.579299,15.6656084,63,0.1626097923193062,-0.12929049999999975,False
4154963942133386880,15.3112,15.188791975000001,15.15438365,15.2211809,40,1.019082363834304,-0.12240802499999859,False
4158856591249854848,16.406,16.371212,16.3372154,16.3975639,61,0.1950213377640734,-0.03478799999999893,False
4162484086261832960,17.7137,17.741092700000003,17.4913216,17.79753685,67,0.1967094480963747,0.0273927000000036,False
4166492355895860352,16.7663,16.6849871,16.6417866,16.7380676,64,0.296772112428141,-0.08131290000000035,False
4181798519823760256,14.6735,14.6322489,14.61524055,14.6478519,57,0.275287552571283,-0.04125110000000021,False
4186494632767123968,17.4191,17.3363018,17.304014199999997,17.391716,61,0.0361064498825773,-0.08279819999999916,False
419064258342268160,17.7182,17.495830750000003,17.4411049,17.5257149,66,0.1336214400890392,-0.2223692499999963,False
4192720278060810880,16.6413,16.46026325,16.439246150000002,16.4958115,61,0.1474360052505784,-0.18103675000000052,False
4199456779671028992,16.207,16.104378224999998,16.0888481,16.1309242,60,0.1883182371390562,-0.10262177500000291,False
4215647633821856896,17.584,17.38635635,17.3780785,17.408184050000003,7,0.1015214053936229,-0.19764364999999984,False
4215887984490400512,17.73,17.3282742375,17.1681366,17.4280739,60,0.4166380402838347,-0.4017257624999999,False
4217793816094052480,15.205,15.167846449999999,15.1018982,15.207139,62,1.1326192469148009,-0.03715355000000109,False
4217910669267424512,16.6948,16.65435455,16.5980053,16.6814537,66,0.2105125356378052,-0.040445449999999994,False
4223147887966020224,17.555,17.159029925,17.1087122,17.2121277,66,0.2669953184017727,-0.39597007500000103,False
4234317757878747776,17.0442,17.0649395,17.0321236,17.0973663,64,0.092258765992287,0.020739500000001243,False
4235280071072332672,13.5912,13.732954,13.6693707,13.7975683,17,2.260581638231299,0.14175399999999883,False
4241135657686132096,17.3591,17.2475777,17.2197342,17.2541084,11,0.393274795499531,-0.11152230000000074,False
4250461749665556224,16.4583,16.4132519,16.3551445,16.4404125,67,0.4619589242779245,-0.04504810000000248,False
4256487588779050368,17.5874,17.5040016,17.4635086,17.5715961,67,0.0724088645752849,-0.0833984000000001,False
4258138333707381504,16.3676,16.2556114,16.1783962,16.3492355,51,0.640405635538049,-0.1119886000000001,False
4262657670098346624,17.5762,17.635972525,17.5772114,17.6750021,66,0.1178430334339709,0.05977252499999963,False
4265068418051448832,17.8858,17.877379400000002,17.809084900000002,17.9357567,67,0.1145503363635388,-0.008420599999997336,False
4265081848416429440,17.1585,17.1893463,17.155271499999998,17.2499065,67,0.1266525939321107,0.030846300000000326,False
4266643949497573760,17.4504,17.4140682,17.3508301,17.4580593,67,0.1722853447478229,-0.03633179999999925,False
4282015946675896832,17.8893,17.852927425,17.75734715,17.9187012,16,0.0342259954669661,-0.03637257499999791,False
4285547303161689728,16.6715,16.56502915,16.5377979,16.584059699999997,70,0.3286580997155552,-0.1064708500000009,False
4291788165526059520,17.9372,17.852755549999998,17.82393405,17.884614,15,0.1822768144569698,-0.084444450000003,False
4303727384333935360,16.8547,16.848934625,16.777832,16.9944115,72,0.1476600965831924,-0.005765375000002848,False
4304510507179404544,17.9852,17.879959125,17.795948,18.0872231,72,0.0941340328841012,-0.10524087499999979,False
4306244746253355776,17.8927,18.401471625,18.2021923,18.56896015,68,0.5285315391900699,0.5087716249999978,False
4308239608270863104,17.8432,17.7829704,17.6478729,17.8068132,67,0.1709919135952688,-0.06022959999999955,False
4309653752005719424,16.1651,16.03189945,15.97282695,16.0667934,66,0.3267121233779148,-0.13320054999999797,False
4311103870386173312,17.0365,16.9586906,16.9081726,16.9926071,63,0.0165517624549907,-0.07780939999999958,False
4311451556624073472,16.2484,16.1277013,16.1112499,16.16787815,70,0.1843638740548179,-0.12069870000000193,False
4318508939464901760,16.9602,16.535868175,15.57079365,18.2623315,72,0.2150191934298509,-0.42433182499999944,False
4322122179512445568,15.9123,15.77491095,15.7579079,15.8065882,70,0.1833619588705233,-0.13738904999999946,False
4334641562477923712,15.7078,15.8484354,15.7565279,15.9233613,44,1.1885200379612455,0.14063539999999897,False
4346426506065208192,17.7337,17.7198391,17.6029015,17.7552757,15,0.044540480029679,-0.0138608999999974,False
436085007572835072,16.3022,16.25170615,16.198806750000003,16.2869873,65,0.0718193660464436,-0.05049384999999873,False
4362230748762429952,16.1276,16.0504951,16.0078011,16.0949917,69,0.4720030135191865,-0.07710490000000192,False
4366857837287969792,16.4254,16.3728809,16.3473816,16.4121532,69,0.4518483756215017,-0.05251910000000137,False
4370487737488644096,17.8539,17.8347702,17.797909699999998,17.8736038,67,0.1990724807647664,-0.019129799999998198,False
4379594403889216896,17.6365,17.66342735,17.60289,17.7252731,61,0.255514583413531,0.026927349999997574,False
4384641785033845376,16.2914,16.103626249999998,16.0688572,16.1373405,69,0.1567227053674168,-0.18777375000000163,False
4387775530611235200,17.2912,17.174798,17.121376050000002,17.21893025,72,0.075911952769147,-0.11640200000000078,False
4400342433118262272,17.9251,17.9748688,17.8321762,18.0156889,62,0.3388340094568792,0.04976879999999895,False
4406334049937890176,16.1464,16.0966339,15.9577436,16.1597176,65,0.588573495139592,-0.04976609999999937,False
4417843183603168640,16.7201,16.52702235,16.4754105,16.60434725,63,0.1541089575012193,-0.19307764999999932,False
4418372534027715968,17.0876,16.96775675,16.9033279,17.00131515,60,0.0548959856822962,-0.11984324999999885,False
4424531104813732736,16.8645,16.71008585,16.6856384,16.7616692,65,0.156602103036845,-0.15441415000000092,False
4429106481934491136,15.994,15.87484505,15.8444691,15.9074106,65,0.4520782973263007,-0.11915495000000043,False
4432766309468042752,17.2704,17.06662365,16.9924011,17.1053791,69,0.0941340328841012,-0.20377634999999827,False
4436905352274528896,16.8596,16.7347364375,16.711610775,16.7769947,10,0.3590047423142882,-0.12486356249999986,False
4438422055545153536,17.9647,17.92191315,17.8013878,17.970767,69,0.1774446471187084,-0.04278684999999882,False
4453903355360209152,17.0979,16.922842,16.887455,16.9844036,71,0.1373173818481687,-0.17505799999999994,False
4458134306166822528,17.8959,17.671706200000003,17.6365547,17.7030258,71,0.1396368658115308,-0.22419379999999833,False
4460327252045435648,16.2465,16.210627575,16.069046,16.2606239,74,0.6593681875374205,-0.035872425000000874,False
4467762012240933888,17.6278,17.583105099999997,17.5101242,17.628233,72,0.0770238225016326,-0.0446949000000032,False
4477233961327345536,16.8129,16.6850281,16.671813,16.7025604,15,0.031193482164987,-0.12787189999999882,False
4479342339285057408,17.014,16.859748375000002,16.81270695,16.9123802,76,0.0731229092002677,-0.154251624999997,False
4491980748701631616,16.1542,16.088171950000003,16.0557899,16.1585655,73,0.3841612560211996,-0.06602804999999634,False
4497367599768691712,16.2109,16.08847235,16.0650024,16.1134796,75,0.4538302220020917,-0.12242764999999878,False
4503347770490390016,16.6067,16.566340425,16.502843849999998,16.593337050000002,80,0.2299649736726411,-0.04035957500000009,False
4505197187707403008,16.5618,16.486084475,16.456136700000002,16.5110817,76,0.2320912953373435,-0.07571552500000323,False
4505853871020827904,16.7842,16.701862825,16.6724205,16.7145262,70,0.1495671075295314,-0.08233717499999926,False
4511443341484192256,17.8331,17.799396074999997,17.7325096,17.8346958,77,0.0591215903545787,-0.03370392500000463,False
4513890579470651392,17.7138,17.7370777,17.5789967,17.779817549999997,73,0.3720561782706068,0.02327770000000129,False
4517521407404432512,16.8546,16.9651804,16.9113274,16.998554249999998,77,0.3386945773249488,0.11058039999999991,False
4517992170175866368,16.715,16.67227935,16.614624,16.7277851,77,0.3274919014887535,-0.042720649999999694,False
4519318456074056832,16.9055,16.898230075,16.85638235,16.9269209,32,0.3895458442679938,-0.007269924999999233,False
4527450852077318912,17.9595,17.9385414,17.8050728,18.0086594,21,0.0916938586907047,-0.02095860000000016,False
4542924485372999808,17.4291,17.4051558875,17.3430672,17.4386368,66,0.1094904036772838,-0.02394411249999706,False
455164935930210944,17.7704,17.468420025,17.3474197,17.5151958,67,0.1037761779218156,-0.3019799749999983,False
4556431199748103936,17.1071,16.9279327,16.90113065,16.9836807,83,0.0455886347303032,-0.17916729999999959,False
4557852490326063232,16.5127,16.390549174999997,16.333148,16.40549755,73,0.5335216145020663,-0.12215082500000207,False
4566554472019360128,16.9883,16.9534893,16.919579499999998,17.000843,75,0.0888686094353767,-0.03481069999999775,False
4570546317703725312,16.0906,16.03094195,15.8061323,16.106514,84,0.046308229239328,-0.05965804999999946,False
4577671874609450368,17.5051,17.365285875,17.27080635,17.54213145,21,0.0574193086855562,-0.13981412499999735,False
458252738239635584,17.9169,17.8606987,17.81452465,17.9086685,14,0.0617782964646197,-0.0562012999999979,False
4586334819344859392,17.9364,17.917593949999997,17.845939174999998,17.9975853,79,0.2971061630986282,-0.018806050000002017,False
4587412856136181376,16.7421,16.56732465,16.53590965,16.6205387,79,0.0686586909240834,-0.17477535000000088,False
4591984007008243840,17.6567,17.631625624999998,17.5054092,17.7386761,21,0.206273974574038,-0.025074375000002647,False
459237630076876672,15.9451,16.153886775,16.096048349999997,16.197937,58,0.2830703487552727,0.2087867750000001,False
4592594927456151168,17.6469,17.615868575,17.5354824,17.6515894,20,0.1966614174649429,-0.031031424999998336,False
4602156624166140544,17.6351,17.5908508,17.529880525000003,17.640084775,29,0.2232954834892484,-0.044249200000002986,False
4608235514718975104,16.099,15.936444300000002,15.9103856,15.9841433,81,0.3031184549043543,-0.16255569999999864,False
4611476737557895552,16.9489,16.900167924999998,16.8264389,16.9548988,84,0.3082179150024601,-0.04873207500000021,False
462506821746606464,16.0729,16.057019225,16.018322,16.088295,62,0.1166748459975565,-0.015880774999999403,False
484475923061164160,16.3536,16.22097495,16.20140075,16.23788165,67,0.2330458643084453,-0.13262505000000147,False
4887600528615197184,17.2054,17.1071472,17.0334663,17.1576309,11,0.334498708481649,-0.09825280000000092,False
492871759491109120,17.0061,16.888873075,16.84704305,16.9520187,60,0.0215150958855401,-0.11722692500000065,False
498913610243369728,16.4706,16.420912725,16.3804359,16.4471035,66,0.059678228230769,-0.04968727500000014,False
5020319141229055360,15.9034,15.8989134,15.8832626,15.90129425,7,0.2986284932856495,-0.004486599999999896,False
5039292451317431168,17.792,17.59452055,17.5550575,17.6404877,43,0.0217335288550632,-0.197479450000003,False
504240778439455872,16.5127,16.5421448,16.4679031,16.6364746,65,0.5570146992476487,0.02944480000000027,False
506086549232654720,16.8917,16.7888794,16.734024,16.8272705,63,0.04281008704495,-0.10282060000000115,False
5068764619981087488,17.0228,14.732485325,14.698657,14.7580099,39,2.5143673483415623,-2.2903146749999994,True
5074386693516499456,17.9176,17.747818950000003,17.691291800000002,17.82206535,41,0.1090148261319803,-0.16978104999999744,False
5086417244804970496,17.7458,17.5394446625,17.4541702,17.5801353,40,0.223886995740114,-0.2063553374999998,False
5090605830056251776,17.8223,17.7019911,17.5835571,17.7883911,40,0.0288327842330428,-0.12030889999999772,False
5093424260611799424,16.3467,16.259161,16.1325283,16.3703003,50,0.2862892346862322,-0.08753899999999959,False
5094843764483219712,16.5978,16.598582275,16.5729027,16.6161642,12,0.2849994135185156,0.0007822749999988332,False
5099801668570097920,17.6121,17.39344215,17.32063005,17.4824505,40,0.0381421883431077,-0.21865785000000315,False
5100053078775660160,15.7212,15.7530651,15.7054892,15.7829361,41,0.2162240376261784,0.03186510000000098,False
5107487117411370752,17.8057,17.7527046,17.6747475,17.8976669,25,0.1315910882098999,-0.05299540000000036,False
5114767980330242688,16.0056,15.97801355,15.9173937,16.01838015,52,0.3639441479876327,-0.02758645000000115,False
5116584064300345984,15.3103,15.207587975,15.1907301,15.2316904,28,0.5730484956304098,-0.10271202500000065,False
511736836405868416,17.9972,18.00712685,17.9431076,18.0612946,64,0.079379464148029,0.009926849999999376,False
5121833510769131136,17.7995,17.732195375000003,17.71085835,17.7911606,6,0.1699667563683157,-0.0673046249999949,False
5122120788245323904,17.8725,17.6636925,17.5123768,17.7186127,9,0.0708926257229535,-0.20880749999999892,False
5122528470836031232,15.6193,15.5057845,15.439353,15.53723385,24,0.6821281918004858,-0.1135155000000001,False
5135466183642594304,15.2107,15.18037795,15.1594267,15.2109985,43,0.1907604705935953,-0.030322049999998768,False
5139880551029408768,15.5282,15.6362586,15.5893135,15.6873922,34,1.1507528983580766,0.10805859999999967,False
5145462973426822656,17.9854,17.7996025,17.7550812,17.8721886,49,0.092361105198451,-0.18579749999999962,False
5146019876066016000,17.7085,17.705810775,17.65948675,17.734162325,12,0.1361081223296025,-0.0026892250000010165,False
5147102895019154688,16.983,16.9710274,16.908505925,17.0154533,17,0.1514812929442872,-0.0119726,False
5147930591051748480,14.6567,14.5237303,14.4861546,14.5576887,49,0.6082826088496793,-0.1329697000000003,False
5148800025576590464,17.7084,17.57293225,17.5299625,17.6144447,19,0.0420306444643317,-0.1354677500000001,False
5149410185810690432,17.972,17.935421,17.8524361,18.0202923,49,0.107882400106825,-0.036578999999999695,False
5152748715429796096,16.6826,16.630460749999997,16.5743237,16.664032,50,0.6882085863794256,-0.0521392500000033,False
5157333438398813824,17.3734,17.220621599999998,17.1414375,17.2492409,48,0.1256416036208764,-0.15277840000000253,False
5160899536860481664,16.4478,16.2857117625,16.207016,16.328917025000003,20,0.1157399689016994,-0.1620882375000008,False
5161807767825277184,16.6186,16.64964485,16.5762596,16.8015318,51,0.5207618372983291,0.03104485000000068,False
5163781391195902464,17.294,16.9544258,16.9289761,16.9845791,51,0.0713575003808563,-0.33957420000000127,False
516532695666534144,17.9046,17.90501785,17.7988052,18.0121536,62,0.0567573925201658,0.0004178500000016072,False
516606710842437248,15.5835,15.546187625,15.49922275,15.5812578,62,0.3252921961255411,-0.03731237500000084,False
5168260419316083840,17.991,17.877672675,17.7988586,17.930044199999998,50,0.0868253797736709,-0.1133273250000002,False
5175397624169506304,17.9944,17.83370785,17.7935524,17.8698273,52,0.031193482164987,-0.16069214999999915,False
5184368986216750976,17.0114,16.83851625,16.8119898,16.864563,53,0.0738939981072152,-0.1728837499999969,False
5185437677159551872,17.8565,17.844786624999998,17.7886219,17.894221299999998,53,0.074276540774651,-0.011713375000002912,False
518966292856747520,17.3668,17.337716125,17.268887499999998,17.3900642,14,0.2252751294450984,-0.029083875000001314,False
521232768574387072,16.6407,16.5240154,16.479147,16.5889311,65,0.1949971160242092,-0.11668459999999925,False
522432163970498048,16.9478,16.931532875000002,16.8903713,16.950634,64,0.0322360327628339,-0.016267124999998828,False
53357340790958848,16.9917,16.9642105,16.9250641,16.9964466,59,0.0711586402625449,-0.0274895000000015,False
535357713421191168,16.3946,16.332109449999997,16.286644950000003,16.3709164,64,0.0792603651099872,-0.06249055000000325,False
536283845813246592,17.093,17.07353875,16.9787788,17.1184769,65,0.2194763615445838,-0.019461249999999097,False
537563127588521600,14.2726,14.23189785,14.1963944,14.2520919,60,0.8722160930194719,-0.040702150000001325,False
538397038439186048,17.0466,17.040280600000003,16.9988613,17.0642433,14,0.145825338565541,-0.006319399999998865,False
542190594071254656,16.8433,16.8292828,16.76576995,16.8742161,59,0.1099639244399872,-0.014017199999997842,False
5453725283205041024,17.6953,17.6682301,17.602991099999997,17.7398281,21,0.0953306999855876,-0.027069900000000757,False
5456112705203412352,17.338,17.195503225,17.1442566,17.266706499999998,22,0.1685715040980309,-0.14249677500000146,False
546656707224057984,16.0491,15.867041125,15.8369217,15.9092808,63,0.201571889667199,-0.18205887499999918,False
5468956993879159168,17.5338,17.1952496,17.13750645,17.2435951,37,0.0951323008111472,-0.33855039999999903,False
5470271185153118208,16.8312,16.8291359,16.7472153,16.919150350000002,35,0.3592283434504527,-0.002064099999998348,False
551153263105246208,15.8149,15.9076605,15.861865,15.9419422,63,0.5381671142824898,0.09276050000000069,False
552298125290079360,17.7049,17.667543875,17.6227417,17.7321587,14,0.0659210569070581,-0.03735612499999874,False
559439835566125952,15.4999,15.4242296,15.3825617,15.4606371,62,0.5967268755451803,-0.07567039999999992,False
5598661329740179712,16.03,15.9609754,15.923851,15.9979153,22,0.708232982806405,-0.06902460000000055,False
5645504991845223936,17.7326,18.362677575,17.9384689,18.5276833,26,0.2340167243952973,0.6300775749999978,False
5648375404383767296,17.3602,17.323388575,17.2425327,17.3947487,40,0.1326991679992451,-0.03681142499999979,False
565183924826095744,17.5022,17.482665075,17.420105,17.5176239,52,0.2643640578256465,-0.019534924999998537,False
56529573573742848,16.3152,16.0847254,15.7525511,16.1159916,59,0.199214794006413,-0.23047460000000086,False
5654689998440806912,15.1855,15.1598387,15.09225465,15.1815777,39,0.9470932261733398,-0.025661299999999443,False
5657176543986789248,17.1711,17.0132599,16.954113,17.0608768,22,0.2030893322246336,-0.15784009999999782,False
566626892104483712,17.9737,17.8441439,17.7502289,17.9116096,52,0.0351787896951263,-0.12955610000000206,False
5670164696889033344,17.9276,17.885618675000003,17.81673715,17.9542198,34,0.3159968399380325,-0.04198132499999829,False
5671975077144346112,17.1673,16.9655876,16.8962059,17.03389455,47,0.1093609058156749,-0.20171240000000168,False
5681606833363339392,17.5726,17.5401726,17.4107208,17.599041,53,0.1877656147368428,-0.032427400000003104,False
5681746853591389568,17.8007,17.754397375,17.6060772,17.8650665,52,0.2255265994353313,-0.046302624999999153,False
5687358245544479872,16.9721,16.789202675,16.7552414,16.8236713,48,0.1210461957140335,-0.18289732500000255,False
5695902099434069504,16.9999,16.81524945,16.7630043,16.852726,39,0.0610862962070999,-0.18465055000000064,False
5696208626962750720,17.6398,17.462182525,17.4294424,17.5233631,38,0.0613178306929655,-0.1776174750000017,False
5702706912475468160,17.5508,17.3593903,17.2156868,17.5000648,39,0.3124341234568348,-0.19140969999999768,False
5709854047291834496,17.6095,17.5059376,17.412529,17.586525,51,0.0221639375462398,-0.10356240000000128,False
5725503293214289280,13.553,13.489028950000002,13.4736719,13.499733,34,0.9421628895742674,-0.06397104999999925,False
5725637639788446208,17.5678,17.240407949999998,17.1167965,17.3006115,48,0.4988306510801929,-0.32739205000000027,False
5728258080939094784,16.707,16.5480156,16.509798,16.584337249999997,54,0.1062945103649924,-0.15898440000000136,False
5751694003780912512,17.8347,17.6439371,17.5926704,17.7501888,39,0.0649101593460169,-0.19076290000000284,False
5758736375755925760,16.39,16.2057104,16.1594734,16.2384415,57,0.0326726580626085,-0.1842895999999996,False
578471346753982080,17.0364,17.004614349999997,16.9014339,17.033802,56,0.0601512466865237,-0.03178565000000333,False
582901519620616192,16.8173,16.7613487,16.722543700000003,16.8028641,59,0.2794766184871954,-0.05595130000000026,False
584401463934612352,17.3011,17.217268925,17.1066055,17.2838554,60,0.3303782341078564,-0.08383107500000264,False
603077562286554368,17.1922,17.152037125,17.0915222,17.2030239,60,0.0573369870537101,-0.04016287500000004,False
6034304428112860544,17.2024,17.0849972,17.0114784,17.1236229,39,0.0502227947895898,-0.1174028000000007,False
6046892947212837376,17.149,17.1313992,17.0821514,17.168075549999998,39,0.0961202016655196,-0.017600800000000305,False
6052441529545987712,16.4511,16.3777952,16.3226509,16.39238455,39,0.2270503746232223,-0.07330479999999895,False
611401999180118528,15.6036,15.4980001,15.4647903,15.5209856,61,0.1059829913477834,-0.10559989999999964,False
6176597626634865280,17.6162,17.554351325,17.52370165,17.6192245,38,0.0814934883748623,-0.06184867500000024,False
6185371175372936064,17.9512,17.718792,17.4565144,17.8126526,25,0.8973500088131446,-0.2324079999999995,False
6191268135405788544,16.0736,16.063887125,16.0363598,16.0897102,38,0.7950432612159368,-0.009712874999998178,False
6218751459335736448,17.3394,17.2063627,17.167958249999998,17.2864456,24,0.1725319168868331,-0.13303730000000158,False
6224905219767550208,16.6618,16.60514835,16.586456300000002,16.64501,42,0.8752219167255695,-0.056651649999999165,False
6226943645600487552,16.4737,16.896884925000002,16.4269142,17.004420250000003,42,0.4344314425038298,0.42318492500000104,False
6228158296713374464,17.7872,17.78831005,17.5161133,17.8566761,44,0.0886557501849599,0.0011100500000011948,False
6229330032504603136,17.3949,17.3635254,17.2925758,17.4636726,43,0.4187301491827198,-0.031374599999999475,False
6241671638211603968,16.388,16.3962784,16.358942,16.4210682,49,0.3066815784742795,0.008278399999998243,False
6243743667875086720,17.5313,17.559377650000002,17.4493027,17.6260109,39,0.3178746851631748,0.028077650000000176,False
6254069112852784640,17.4723,17.4510651,17.3337688,17.50443935,49,0.4579022954034109,-0.021234899999999612,False
6255399831161361024,17.1612,17.02969645,16.9714642,17.0819016,49,0.1091014489713389,-0.13150355000000147,False
6260329800780772608,17.5176,17.4136534,17.2864876,17.5242634,49,0.0637352177202468,-0.10394660000000044,False
627151433802913792,16.681,16.6455727,16.5831776,16.6851234,59,0.308248563629295,-0.03542730000000205,False
6278246819492556416,17.6259,17.6242561,17.5493526,17.6903591,43,0.250624435856047,-0.0016439000000012527,False
6278490601835670144,17.9009,17.913333899999998,17.8043327,18.005085,43,0.2399168965570137,0.012433899999997777,False
6279014454702485632,16.9408,16.8111115,16.7569962,16.84347435,43,0.3864903446122082,-0.12968850000000032,False
6284835750296054784,16.6008,16.430503125,16.3915367,16.4755783,52,0.1047727419977049,-0.17029687499999824,False
6312490559382554112,17.6582,17.5320415,17.49002555,17.5760384,53,0.1993333107603117,-0.1261585000000025,False
6332172027974304512,15.7796,15.6395829,15.5946255,15.6856518,54,0.1242808241095537,-0.14001709999999967,False
6332746557159637504,17.9063,14.450492825000001,14.4287338,14.48214005,54,4.057169622459217,-3.4558071750000003,True
636028688819279488,16.5477,16.346478474999998,16.3038483,16.374750149999997,56,0.0730582844335994,-0.20122152500000112,False
637560239797737856,17.4309,17.3040714,17.2609863,17.3479929,59,0.0086934115420252,-0.12682859999999962,False
642198323440548480,17.7902,17.6999445,17.6532021,17.7377167,62,0.0503167570696594,-0.09025549999999782,False
642549544391197440,16.4716,16.432621949999998,16.3643112,16.4671879,15,0.1343265713180615,-0.038978050000000763,False
647899806626643200,17.066,17.0284805,16.8901234,17.06830975,53,0.1475640991107528,-0.037519499999998374,False
650043407627588608,17.5759,17.369210250000002,17.32142355,17.3954468,61,0.059993988256185,-0.2066897499999989,False
656829318515154176,17.8102,17.742808375,17.6236477,17.7955742,60,0.2917154524072196,-0.06739162499999907,False
6609580078678720512,16.6719,16.5235748,16.4137115,16.6276093,45,0.0760362967554638,-0.14832520000000216,False
6617454235493798272,16.0467,15.998058075,15.9759626,16.019292800000002,24,0.8909739610125276,-0.04864192500000186,False
6623537141840392448,17.5,17.475436225000003,17.373241450000002,17.644594175,12,0.1813154732613162,-0.02456377499999718,False
6763042249461402880,16.89,16.798431875,16.75986095,16.8475952,42,0.0191945329629354,-0.091568125000002,False
6769371729881166848,17.9889,17.87338735,17.82674695,17.9541779,42,0.078541978400152,-0.11551264999999944,False
6770227729752288256,16.8699,16.94505835,16.9055214,17.0230894,42,0.2319487893752775,0.07515834999999882,False
6788138056906063232,17.7074,17.5361614,17.3774033,17.60268115,15,0.2581811506264988,-0.1712385999999988,False
6790059281674973056,17.4057,17.3758669,17.32835005,17.4581833,43,0.5370073078880744,-0.029833100000001167,False
6791227822017756288,16.1518,16.0189896,16.0042973,16.04071235,43,0.0458984138414678,-0.13281040000000033,False
6799073249799984896,17.3724,17.3458328,17.29589845,17.3874731,43,0.0322360327628339,-0.026567199999998792,False
6799930284754447104,17.3447,17.1921921,17.1402931,17.23653605,21,0.0416921371183755,-0.1525078999999998,False
6799989928963170688,17.9693,17.8719425,17.7931862,18.0175667,43,0.0698860536798766,-0.0973575000000011,False
6806583841928390400,17.8745,17.85212895,17.706079449999997,17.9804382,43,0.2329039424152394,-0.02237105000000028,False
6810414746597791360,16.8342,16.681497575,16.64243695,16.7203503,44,0.0648373492733581,-0.15270242499999753,False
6814484584593326720,17.5319,17.4480438,17.3910027,17.4955702,43,0.0199191082193668,-0.0838561999999996,False
6815911033426481920,17.4613,17.4079695,17.362709,17.4455109,10,0.2584737072649768,-0.05333050000000128,False
6824715235346420864,17.8734,17.81409265,17.7566433,17.880125,6,0.6519044346278169,-0.05930735000000098,False
6828182472250027776,16.3001,16.1360569,16.106966,16.1544685,4,0.1077509697228728,-0.16404310000000066,False
6830937062411176192,17.9448,17.8786564,17.771616,17.97438715,53,0.3082638868000165,-0.06614360000000019,False
6833528611317562240,17.4267,17.4084206,17.3398991,17.4767818,53,0.4740699930979388,-0.018279400000000834,False
6838870068869482368,17.4594,17.420366299999998,17.2718658,17.4781628,52,0.2296360997486686,-0.03903370000000095,False
6841325076470840960,17.7341,15.526598925,15.4999299,15.5524316,54,3.0153546260849438,-2.2075010750000015,True
6843363738533248768,17.7898,17.7474041,17.6826572,17.8567295,55,0.2622652565305702,-0.04239589999999893,False
6844375121726139520,16.4072,16.554481475,16.5054512,16.6277008,52,1.293643463516018,0.14728147499999977,False
684598618544000384,17.7772,18.8959274,18.7031269,19.1776543,41,1.2949426690731822,1.118727400000001,True
6849850998873128704,16.7953,16.7700081,16.6866331,16.8251915,43,0.0677584371685209,-0.0252919000000027,False
6851161273137814528,17.4866,17.4284649,17.3922558,17.4810181,37,0.0455886347303032,-0.058135099999997664,False
6863852416161801984,17.8837,17.873181825,17.7728081,17.9441738,42,0.1439015662232064,-0.010518175000001406,False
6870151075900582784,16.8723,16.809494,16.7542534,16.8410301,56,0.0638832672059517,-0.06280599999999836,False
6879683979147955968,17.7293,17.5862274,17.555339850000003,17.6350288,61,0.0511546515165143,-0.1430726,False
6888729008474842240,16.5386,16.4761734,16.42511465,16.518837,59,0.19764371243742,-0.062426599999998444,False
6897714148777302144,16.6497,16.5246334,16.499071100000002,16.547184,8,0.0956769085958114,-0.12506660000000025,False
6898255177217741952,17.5684,13.5467076,13.5108347,13.5663862,9,3.6394856066829866,-4.021692400000001,True
690742208485115520,16.6453,16.4225201625,16.407678124999997,16.43857005,64,0.0527905581644465,-0.2227798374999992,False
6910816513450124288,17.3966,17.248413075,17.18622015,17.271652250000002,60,0.0274909811099965,-0.14818692500000097,False
6914922055508553984,17.4664,17.330204000000002,17.263031,17.3934536,65,0.0834974912260813,-0.1361959999999982,False
6917335552250916096,16.7819,16.6327362,16.57798,16.67899515,65,0.4634085790587621,-0.14916380000000018,False
6917494599184676608,17.5283,17.34214305,17.2968102,17.4124088,64,0.099453159978865,-0.18615695000000088,False
692071071365975552,17.1635,16.96697235,16.9390564,17.0001488,61,0.1036395403669405,-0.19652765000000016,False
703238016399341824,17.7284,17.745409975,17.7103119,17.8274803,18,0.2705104159814184,0.017009975000000566,False
715357559411376128,14.5563,14.516181925,14.4818983,14.5364962,66,0.8193511554004685,-0.04011807500000053,False
718385060383750784,17.1909,14.6378138,14.6105862,14.6592388,66,2.1471406618403246,-2.553086199999999,True
722446385752579840,15.6544,15.504206425,15.3565168,15.62670375,66,0.1848500193171979,-0.1501935750000012,False
73126873390979072,17.8992,17.575634,17.440593749999998,17.74819565,55,0.490350026599928,-0.3235659999999996,False
738102190085868672,16.543,16.503067475,16.4637432,16.533879275,21,0.0860603835421612,-0.039932524999997554,False
740483560857296768,16.5468,18.3450036,18.2890558,18.38739395,20,2.317617701797517,1.7982035999999972,True
74336778563550464,16.7889,16.6891365,16.6674919,16.70700645,13,0.1183230477771703,-0.09976350000000167,False
750807768499445376,17.5621,17.521636975,17.4548721,17.6310463,70,0.2264045448420136,-0.040463025000001096,False
757803896562843392,17.167,17.0364599,16.9787407,17.1019058,69,0.144556560806106,-0.13054010000000105,False
769375702394078208,16.5968,16.549565299999998,16.5021706,16.5663719,66,0.1634500088666084,-0.04723470000000418,False
777211372009616512,17.4676,17.4219184,17.3541985,17.4921265,67,0.394940739129115,-0.045681600000001765,False
779588657882981120,16.1299,16.08607575,15.986022,16.159762399999998,67,0.2703357466173151,-0.04382425000000012,False
790475437911747712,17.7688,17.5533836125,17.5163145,17.7352314,66,0.0435755898583753,-0.21541638749999947,False
793273969875990528,17.8431,17.488773350000002,17.4351387,17.5630131,66,0.1613559009157804,-0.3543266499999973,False
795097505615589504,17.7073,17.57020095,17.4800224,17.611760150000002,67,0.2007265238699904,-0.13709904999999978,False
798566915774818176,15.5395,15.475191375,15.4262557,15.5055714,22,0.6553586974250839,-0.06430862500000067,False
808207880403504640,17.5232,17.491244299999998,17.39270595,17.5578804,60,0.3276937632884363,-0.03195570000000103,False
812202337427426304,16.6199,16.5670986,16.5072079,16.624196050000002,67,0.2744627190990657,-0.05280139999999989,False
817461778282929664,17.4317,17.40735055,17.2999649,17.85646345,68,0.0532360560049596,-0.024349449999998996,False
820542992117501952,15.9105,15.858861,15.7880249,15.8973045,67,0.2417800140187095,-0.051639000000001545,False
836410319296579712,16.4991,16.464920525,16.3858376,16.4980698,70,0.2691625380483681,-0.034179474999998405,False
837550886514384128,17.9696,17.929252650000002,17.7845116,17.962066649999997,73,0.3121013443395964,-0.04034734999999756,False
838295294542456448,15.3973,15.27830265,15.2187405,15.3273144,70,0.3690350639691944,-0.118997349999999,False
838410876406247680,17.7187,17.5166502,17.3611488,17.568306,65,0.1392303529669767,-0.2020497999999975,False
839098384708377216,17.632,17.4461851,17.4058723,17.4858513,19,0.1979541540305078,-0.18581490000000045,False
841336990381518208,17.7609,12.80225225,12.7703485,12.8258038,69,4.043062618138523,-4.958647749999999,True
857360753152627072,17.9022,17.8412552,17.5797806,17.881999975,71,0.5469945387135496,-0.060944800000001464,False
858271565392726784,16.3748,13.9847622,13.9438515,14.0154505,69,2.344410173379202,-2.3900378,True
864813315982337792,16.4594,16.1941872,15.87076475,16.2228203,63,0.1334445751007485,-0.26521280000000047,False
866850569292962688,16.1432,16.0778389,16.054975499999998,16.1080494,65,0.1764569821414768,-0.0653611000000005,False
868275776880649856,17.4488,17.3153896,17.2218437,17.3979111,66,0.375468333794473,-0.13341039999999893,False
868850104203080448,17.1086,17.060668475,17.0314274,17.0809517,17,0.5084716883975082,-0.0479315249999992,False
872851639333947008,17.3025,17.170859800000002,17.1087704,17.21466065,48,0.1565417670288121,-0.1316401999999961,False
879036662822920448,17.7834,16.971229575000002,16.8644009,17.039152100000003,62,0.7366223649779231,-0.8121704249999979,False
883286485717896832,17.0308,16.9147260125,16.87833405,16.9595747,20,0.2565661261589173,-0.11607398749999831,False
898348313253395968,16.9543,16.7940512,16.749424,16.8403597,67,0.1325567104509325,-0.16024880000000152,False
900182131145007104,15.8615,15.7731876,15.7617321,15.7949953,17,0.4137940613748381,-0.08831239999999951,False
908060853512404992,15.7558,15.7248273,15.6976881,15.74058865,68,0.5267949167995323,-0.030972700000001296,False
911639111025648512,15.6441,15.59298515,15.53958705,15.6287551,65,0.6096942452372437,-0.05111484999999938,False
919955847042339072,17.773,17.602341625,17.54509255,17.697937,68,0.0687274527749915,-0.17065837499999859,False
920621124593362816,17.7972,17.6255838875,17.583784575000003,17.6736832,70,0.0893985402468984,-0.17161611250000064,False
924428973878531968,15.8089,15.769384375,15.7168465,15.8000717,68,0.2545700475998039,-0.03951562499999994,False
925989657618712192,16.7891,16.6504517,16.5971546,16.6767597,67,0.0973894924106136,-0.13864829999999984,False
926002203218885504,14.9106,14.7997738125,14.78194525,14.8153057,70,0.7290943008738642,-0.11082618750000073,False
930093722208184448,17.432,17.335886950000003,17.2396927,17.4073143,67,0.0625382056775634,-0.09611304999999604,False
930577850922831616,17.8812,17.84958555,17.7294865,17.9135208,67,0.2973127682812784,-0.031614449999999295,False
935056333580267392,17.7867,17.879281525,17.7672462,17.9500618,70,0.1812112390053541,0.09258152499999994,False
939730323150038400,17.8699,17.7581501,17.7215157,17.7832832,67,0.0043467057710126,-0.11174989999999951,False
948302051375695744,16.5594,16.3530273,16.255420700000002,16.4286938,68,0.1943419879193691,-0.2063726999999993,False
953685015492787456,17.5279,17.387535575,17.342018099999997,17.4213486,20,0.0251583785348296,-0.1403644249999978,False
955946028012712320,17.1775,16.9789333,16.9532881,17.0283737,64,0.0745938277412936,-0.1985666999999971,False
95970326970129664,17.6013,17.5737982,17.4832802,17.6106548,59,0.0992154040566903,-0.027501799999999577,False
972479380063342080,17.4662,17.32383155,17.2848663,17.455759999999998,19,0.0993105747299454,-0.1423684499999993,False
974895286283420160,15.6006,15.60949945,15.5876236,15.6370344,17,0.3279099058904534,0.008899449999999476,False
986383460511639040,17.4618,17.4188027625,17.339447,17.4776459,70,0.3075121535063114,-0.04299723749999984,False
995265457176512384,16.7701,16.5737848,16.5257568,16.6524086,44,0.0366259938464825,-0.1963152000000008,False
