source_id,wdj_name,gaia_g_mag,bp_rp,in_core,n_variants,known_roster,wd_class,paper_variable,paper_periodic,zg_n_exp,zg_n_nights,zg_n_months,zg_exposure_ratio,zg_nightly_ratio,zg_monthly_ratio,zr_n_exp,zr_n_nights,zr_n_months,zr_exposure_ratio,zr_nightly_ratio,zr_monthly_ratio,census_variable,census_g_nightly,census_g_monthly,census_verdict,zg_median_exp_per_night
9000000000001570023,KIC 1570023,,,True,0,False,dsct_flag1,True,True,724,636,83,0.3359560164904841,0.9153790700093061,0.6894116034439197,1153,672,79,0.6671004018044658,0.9064297338590178,0.5078648180472726,False,False,False,not_variable,1.0
9000000000001573149,KIC 1573149,,,True,0,False,dsct_flag1,True,True,1380,792,84,0.5967051266042503,1.4290386122878738,1.3151452776752404,2198,823,81,0.8603784651538557,1.3547213454967824,0.9163541985986505,False,False,False,not_variable,2.0
9000000000001573174,KIC 1573174,,,True,0,False,dsct_flag1,True,True,1382,791,84,2.608639724787505,5.665927402847979,3.8146375697171964,2232,830,82,2.9970528309556164,4.237018470253982,2.448134856784502,True,True,True,variable,2.0
9000000000001575977,KIC 1575977,,,True,0,False,dsct_flag1,True,True,728,613,79,0.2583173769180057,1.0901474731018965,0.9538602769240543,1161,664,80,0.5619261192853034,1.0955401720392952,0.9243621945686165,False,False,False,not_variable,1.0
9000000000002167444,KIC 2167444,,,True,0,False,dsct_flag1,True,True,784,618,79,0.42943729805812547,1.3336798516078228,0.9280218010571337,1223,681,80,0.7187172659372992,1.3440939850168532,0.7993172314071705,False,False,False,not_variable,1.0
9000000000002168420,KIC 2168420,,,True,0,False,dsct_flag1,True,True,710,602,79,0.4227463649321082,1.4296610832983372,0.990762094345623,1145,663,79,0.7855887507830203,1.8399918631748204,1.4748610827402318,False,False,False,not_variable,1.0
9000000000002300603,KIC 2300603,,,True,0,False,dsct_flag1,True,True,667,628,83,0.30778871578554745,1.664478978610308,0.8930154198728515,1194,669,79,0.8978047845793925,1.407013588962067,0.6199875850284041,False,False,False,not_variable,1.0
9000000000002301163,KIC 2301163,,,True,0,False,dsct_flag1,True,True,153,125,37,0.3570487550583817,1.570753101882374,1.339105591584648,325,126,36,0.8052581483974371,1.515445195085355,1.1898604020202939,False,False,False,not_variable,1.0
9000000000002310586,KIC 2310586,,,True,0,False,dsct_flag1,True,True,675,584,79,0.27507112742722156,1.5180072416919563,1.1836041623585933,1091,643,79,0.6375576926273249,1.4031197845265504,0.973503974462396,False,False,False,not_variable,1.0
9000000000002438249,KIC 2438249,,,True,0,False,dsct_flag1,True,True,728,643,83,0.29995567049212274,0.9398289282801808,0.560603173724382,1235,682,79,0.6530704000237759,1.1501189775926295,0.5394155911430925,False,False,False,not_variable,1.0
9000000000002570760,KIC 2570760,,,True,0,False,dsct_flag1,True,True,735,647,83,0.3603776570944469,0.9346691281648164,0.658104942725469,1237,684,79,0.723344349962264,1.1951795511508392,0.6284891152165384,False,False,False,not_variable,1.0
9000000000002572386,KIC 2572386,,,True,0,False,dsct_flag1,True,True,663,625,83,0.19595567763034932,1.1425684551412314,0.7729485147966776,986,545,79,0.7657492622684468,1.2405643020356194,0.7464290036779639,False,False,False,not_variable,1.0
9000000000002578404,KIC 2578404,,,True,0,False,dsct_flag1,True,True,665,598,79,0.27209879666320397,1.1316109951401858,0.6197046720283005,1058,616,80,0.7583181979125088,1.3731025984889322,1.1053042624005673,False,False,False,not_variable,1.0
9000000000002579147,KIC 2579147,,,True,0,False,dsct_flag1,True,True,420,363,68,0.43702519431247605,1.1613802940663798,1.0365749327057874,792,376,69,0.9312917909715654,1.7801161653643105,1.5351418750945742,False,False,False,not_variable,1.0
9000000000002581626,KIC 2581626,,,True,0,False,dsct_flag1,True,True,727,617,80,2.0944534111858086,6.80616377467532,3.387575718481106,1097,620,80,3.5143699467645035,5.199443120976184,3.515660420621781,True,True,True,variable,1.0
9000000000002581905,KIC 2581905,,,True,0,False,dsct_flag1,True,True,727,617,80,0.3490930928270061,0.9740540318157871,0.6446120440451222,1097,620,80,0.695239740049742,1.427631322069813,0.9248103044002758,False,False,False,not_variable,1.0
9000000000002582800,KIC 2582800,,,True,0,False,dsct_flag1,True,True,718,614,80,0.37400368789645694,0.9538239329977677,0.7087252887585461,1100,620,80,0.6346274567553853,1.348706747381538,0.9222468038991436,False,False,False,not_variable,1.0
9000000000002583669,KIC 2583669,,,True,0,False,dsct_flag1,True,True,723,614,80,0.3453602842052191,1.1328036730098603,0.7446014394200765,1090,614,79,0.7508281853640754,1.5507838207429763,1.0035734128683822,False,False,False,not_variable,1.0
9000000000002718630,KIC 2718630,,,True,0,False,dsct_flag1,True,True,787,621,80,0.3888549296728717,0.8899743388769609,0.6070878712831569,1175,640,79,0.6316573685209491,1.0599891257225467,0.736401484089007,False,False,False,not_variable,1.0
9000000000002851278,KIC 2851278,,,True,0,False,dsct_flag1,True,True,1400,800,84,0.6640764658186123,1.1261750990353563,0.8329460128012223,2294,828,81,0.9510193912511,1.1733140464991438,0.6036071396096785,False,False,False,not_variable,2.0
9000000000002855026,KIC 2855026,,,True,0,False,dsct_flag1,True,True,672,604,79,0.19719494318087155,0.8382382638690743,0.4377006172715468,1088,631,80,0.6352209699404344,1.089926580145939,0.7995508857056352,False,False,False,not_variable,1.0
9000000000002855603,KIC 2855603,,,True,0,False,dsct_flag1,True,True,125,98,27,0.2841193652777144,0.8801078082237315,0.9095445093432382,286,102,27,0.7998207397766948,1.0667187854516882,0.8911281148837904,False,False,False,not_variable,1.0
9000000000002857323,KIC 2857323,,,True,0,False,dsct_flag1,True,True,788,621,80,3.8508267787706947,9.425858097997933,5.569085232700702,1176,642,80,4.626479444702198,6.866511193562814,3.98021725450901,True,True,True,variable,1.0
9000000000002974815,KIC 2974815,,,True,0,False,dsct_flag1,True,True,733,647,82,0.327742011435682,0.9353115623116429,0.576779455236249,1235,679,79,0.6297560016879902,1.1950679865634128,0.6282339164660251,False,False,False,not_variable,1.0
9000000000002988145,KIC 2988145,,,True,0,False,dsct_flag1,True,True,1394,800,84,0.9189943371856953,1.385711961990121,0.8364425429903352,2298,828,81,1.2955948418435346,1.5196582743421858,0.6965788577527606,False,False,False,not_variable,2.0
9000000000002994888,KIC 2994888,,,True,0,False,dsct_flag1,True,True,788,621,80,0.4121284014561747,0.9099194590608863,0.5795341695876847,1179,643,80,0.6434752431028924,0.9939787780244859,0.6620263368045197,False,False,False,not_variable,1.0
9000000000002995931,KIC 2995931,,,True,0,False,dsct_flag1,True,True,784,618,80,0.41821550565293003,0.9370062091140791,0.6860613465374739,1133,622,80,0.5939603467252813,1.0000995592963113,0.8910918667162431,False,False,False,not_variable,1.0
9000000000003117511,KIC 3117511,,,True,0,False,dsct_flag1,True,True,1384,798,84,0.8233559797203714,1.4505536033722939,0.7931404358597439,2304,828,81,1.159804048723927,1.4794947041037099,0.7926570867155823,False,False,False,not_variable,2.0
9000000000003223460,KIC 3223460,,,True,0,False,dsct_flag1,True,True,734,648,83,0.3113466456036237,1.057469608116308,0.7970338676872165,1235,678,79,0.6623933534772122,1.3238933188149562,0.798078587865212,False,False,False,not_variable,1.0
9000000000003238073,KIC 3238073,,,True,0,False,dsct_flag1,True,True,764,619,80,0.3796958155421157,0.8250698877317616,0.4685541624873535,1152,637,80,0.6890614375838096,1.274588477664652,0.8669538859543874,False,False,False,not_variable,1.0
9000000000003239508,KIC 3239508,,,True,0,False,dsct_flag1,True,True,787,621,80,0.2930506726506255,0.6942620080847145,0.4406717421129861,1178,643,80,0.5810548822976248,0.9217880509848523,0.7485500320772747,False,False,False,not_variable,1.0
9000000000003241388,KIC 3241388,,,True,0,False,dsct_flag1,True,True,782,617,80,0.46448676614749984,0.8196118941089241,0.4573628718993116,1141,633,80,0.6693501762520178,1.225142891244532,0.9228459570204669,False,False,False,not_variable,1.0
9000000000003247039,KIC 3247039,,,True,0,False,dsct_flag1,True,True,660,597,80,0.4346644195471959,1.4890526763730647,0.9508917986997095,1142,670,80,0.9236149723909303,1.6493477998189665,0.9173206269161212,False,False,False,not_variable,1.0
9000000000003248951,KIC 3248951,,,True,0,False,dsct_flag1,True,True,719,613,80,0.2697153361188097,0.8239831024678363,0.5008373017488058,1177,682,80,0.6392427617658653,1.0241599444260356,0.6844767616088856,False,False,False,not_variable,1.0
9000000000003340360,KIC 3340360,,,True,0,False,dsct_flag1,True,True,56,36,18,0.4493474401955913,1.1314311150567893,0.9953468127387569,63,42,19,0.3597923779356376,1.1438052154403302,0.9085265281067482,False,False,False,not_variable,2.0
9000000000003444098,KIC 3444098,,,True,0,False,dsct_flag1,True,True,61,40,20,0.4066877806435907,1.3357673091782802,0.9897175927255056,70,49,20,0.4253914366618793,0.9079418850954112,0.82276963175786,False,False,False,not_variable,2.0
9000000000003456100,KIC 3456100,,,True,0,False,dsct_flag1,True,True,499,486,77,0.11889255663583492,1.2776540716251992,0.9549103183664857,805,551,77,0.6581464229551393,1.5579788053713743,1.0497167424556295,False,False,False,not_variable,1.0
9000000000003456605,KIC 3456605,,,True,0,False,dsct_flag1,True,True,690,590,80,0.470177370404522,1.4016713544208956,0.8366039048019477,1095,646,80,0.9779611081498051,1.6983956948851069,1.518640224997061,False,False,False,not_variable,1.0
9000000000003529242,KIC 3529242,,,True,0,False,dsct_flag1,True,True,59,39,19,0.4761886830042037,1.1487301668395995,0.8927480344693195,69,48,20,0.45943071456165196,1.011818006750135,0.7669254563056971,False,False,False,not_variable,2.0
9000000000003539869,KIC 3539869,,,True,0,False,dsct_flag1,True,True,63,41,21,0.5414618234918005,0.8963799286634151,0.7935770687684351,69,48,20,0.39966866616497,1.2968937107096152,0.8529412040107193,False,False,False,not_variable,2.0
9000000000003647114,KIC 3647114,,,True,0,False,dsct_flag1,True,True,677,607,80,0.26764682392817846,0.9416869007146936,0.4666683246740987,1096,639,78,0.6591382600613657,1.0505618257693647,0.78471415685673,False,False,False,not_variable,1.0
9000000000003648131,KIC 3648131,,,True,0,False,dsct_flag1,True,True,116,105,28,0.3998673220859284,1.900378088803138,1.3287715582370183,292,108,27,1.1320081896781435,1.7452715249336737,1.771683003308366,False,False,False,not_variable,1.0
9000000000003655115,KIC 3655115,,,True,0,False,dsct_flag1,True,True,669,606,81,0.3156909662909799,1.0729009809785044,0.7041974036346552,841,520,79,0.7430406510999507,1.5461337203391445,0.9559373660573238,False,False,False,not_variable,1.0
9000000000003748250,KIC 3748250,,,True,0,False,dsct_flag1,True,True,674,605,80,0.36318648373214535,1.1180248968223903,0.6206398825453692,1082,635,78,0.7731616110947763,1.0611835770442049,0.7019128243227646,False,False,False,not_variable,1.0
9000000000003749833,KIC 3749833,,,True,0,False,dsct_flag1,True,True,680,612,80,0.3214784218801358,1.076686199720657,0.8701238568639069,1149,667,79,0.821601586320231,1.2927884651074124,1.0242414551956058,False,False,False,not_variable,1.0
9000000000003757814,KIC 3757814,,,True,0,False,dsct_flag1,True,True,673,608,81,0.28386537030525627,1.189812870959738,0.7330889329095135,1106,647,80,0.854066112233614,1.3061207583328485,0.9574969974055095,False,False,False,not_variable,1.0
9000000000003762741,KIC 3762741,,,True,0,False,dsct_flag1,True,True,671,607,81,0.22355674369616968,0.9011467802075226,0.6302607971040828,1116,656,79,0.6406128108202352,1.1759370315047946,0.6970990958013098,False,False,False,not_variable,1.0
9000000000003763579,KIC 3763579,,,True,0,False,dsct_flag1,True,True,671,607,81,0.3434351614341979,1.4029290006699222,0.8148339439038808,1116,656,79,0.9211455791968834,1.5615053565533314,0.9635915977647086,False,False,False,not_variable,1.0
9000000000003833853,KIC 3833853,,,True,0,False,dsct_flag1,True,True,244,215,53,0.2678743975713166,1.2382731633856736,0.8417141527672977,589,222,50,0.6334926515064435,1.0917198285466267,0.6819260718654817,False,False,False,not_variable,1.0
9000000000003852644,KIC 3852644,,,True,0,False,dsct_flag1,True,True,116,103,28,0.534366001850334,1.8077035136343635,1.6240103652952202,302,109,25,1.0049557827064903,1.673651906779464,1.4800135051834522,False,False,False,not_variable,1.0
9000000000003865358,KIC 3865358,,,True,0,False,dsct_flag1,True,True,669,605,81,0.17365113512656163,0.7444192738704942,0.3716951527769744,1112,654,79,0.6194891156905186,1.042056015313734,0.6096895736994565,False,False,False,not_variable,1.0
9000000000003868588,KIC 3868588,,,True,0,False,dsct_flag1,True,True,676,611,82,0.38803474599925986,1.6300508119472343,0.8700538461618164,1069,630,81,1.7012620024293237,3.75578593829012,2.5008742722191855,True,False,False,variable,1.0
9000000000003869794,KIC 3869794,,,True,0,False,dsct_flag1,True,True,677,612,82,0.1853119269367978,0.9311254431252466,0.5570517499073112,1103,657,81,0.4625697526086667,1.0777255448319158,0.7518260048158674,False,False,False,not_variable,1.0
9000000000003941524,KIC 3941524,,,True,0,False,dsct_flag1,True,True,727,640,83,0.149900098861636,0.9635380809862457,0.7045740217198744,1241,683,79,0.4135466412837974,1.2010010762519134,0.8653748645705115,False,False,False,not_variable,1.0
9000000000003953144,KIC 3953144,,,True,0,False,dsct_flag1,True,True,1408,802,84,0.8239685505923069,1.713837415119235,0.7096618366911274,2337,833,81,1.0486772287511614,1.6304927164399343,0.7837277269716718,False,False,False,not_variable,2.0
9000000000003964082,KIC 3964082,,,True,0,False,dsct_flag1,True,True,728,620,81,0.4184618375046148,0.9394486437126471,0.6787608864248577,1173,675,80,0.6863629895349594,1.1931563395166758,0.9324444622297611,False,False,False,not_variable,1.0
9000000000003966434,KIC 3966434,,,True,0,False,dsct_flag1,True,True,725,619,81,0.351497154180942,0.9615867554039924,0.6417118493964539,1180,681,79,0.7321098755842276,1.24338311462281,0.8845307770797635,False,False,False,not_variable,1.0
9000000000003966950,KIC 3966950,,,True,0,False,dsct_flag1,True,True,717,617,81,0.5468412502281166,1.2240166871933131,0.6894468916529743,1177,680,79,0.7623983933491094,1.2604087829109523,0.722516285019846,False,False,False,not_variable,1.0
9000000000003973432,KIC 3973432,,,True,0,False,dsct_flag1,True,True,721,622,82,0.2596551797441228,0.9329604682313419,0.6226534981709511,1168,682,81,0.46000638731608795,1.094342158440964,1.0009506524337783,False,False,False,not_variable,1.0
9000000000004043227,KIC 4043227,,,True,0,False,dsct_flag1,True,True,712,634,83,0.1623305401297684,1.0098140907752815,0.7231641431129447,1225,674,79,0.3972350389849681,1.4897899441553022,0.8127493090055937,False,False,False,not_variable,1.0
9000000000004054968,KIC 4054968,,,True,0,False,dsct_flag1,True,True,703,634,83,0.3305552263877109,0.9930723797238475,0.5794591127964706,1314,670,81,0.7162946692451281,1.0630566944077466,0.8991175640594493,False,False,False,not_variable,1.0
9000000000004071949,KIC 4071949,,,True,0,False,dsct_flag1,True,True,722,617,81,0.2845499939402859,1.450347397909426,1.0265078855524048,1177,680,79,0.6285307420625726,1.2109518104377894,0.7138117249022657,False,False,False,not_variable,1.0
9000000000004072890,KIC 4072890,,,True,0,False,dsct_flag1,True,True,725,619,81,0.6748183894364568,1.9592368798846618,1.2018466483843127,1169,672,79,1.8080470323202325,3.068899037656054,1.9902136373982073,True,False,False,variable,1.0
9000000000004077275,KIC 4077275,,,True,0,False,dsct_flag1,True,True,732,625,82,0.19913467743533186,0.8970421641003415,0.6530462260709727,1183,688,81,0.49442613803167007,1.0121511180490093,0.6734022959395697,False,False,False,not_variable,1.0
9000000000004079482,KIC 4079482,,,True,0,False,dsct_flag1,True,True,729,622,82,0.25899222428719537,1.0054735527739396,0.7594664517607981,1181,685,81,0.5288300031196612,1.094305282826804,0.8281268364194159,False,False,False,not_variable,1.0
9000000000004137903,KIC 4137903,,,True,0,False,dsct_flag1,True,True,719,631,83,0.3150048743692763,1.053099206788814,0.557028458118716,1211,669,79,0.6908663103719619,1.1539831822044417,0.6039693141127406,False,False,False,not_variable,1.0
9000000000004168579,KIC 4168579,,,True,0,False,dsct_flag1,True,True,727,620,81,0.2812806018254038,0.8219893216368704,0.48765270694830065,1172,675,80,0.6418986863109429,1.1089174258199463,0.8082765635268923,False,False,False,not_variable,1.0
9000000000004170639,KIC 4170639,,,True,0,False,dsct_flag1,True,True,722,617,81,0.3592459425056707,0.8787158906268149,0.5139674234967543,1128,661,78,0.7189453448472098,1.3319500948963694,0.8202229357763186,False,False,False,not_variable,1.0
9000000000004178654,KIC 4178654,,,True,0,False,dsct_flag1,True,True,734,626,82,0.2565490807343615,1.0188753780596411,0.6288004642829894,1185,688,81,0.5596640589276447,1.1607015837118908,0.7068058789072531,False,False,False,not_variable,1.0
9000000000004180375,KIC 4180375,,,True,0,False,dsct_flag1,True,True,731,624,82,0.2286143672925267,0.9776051337850655,0.6905736338537872,1066,634,81,0.4634724725592759,1.0940581297824705,0.771848437628386,False,False,False,not_variable,1.0
9000000000004243461,KIC 4243461,,,True,0,False,dsct_flag1,True,True,719,631,83,0.3099747640800711,1.08076777669551,0.7372240122708416,1200,669,79,0.61179879787782,1.0392700892959863,0.515673079254211,False,False,False,not_variable,1.0
9000000000004253413,KIC 4253413,,,True,0,False,dsct_flag1,True,True,728,640,83,0.18321726800872495,0.8884186299812533,0.6098717747088831,1236,681,79,0.5170525956671982,1.2316256383531003,0.7821387732071197,False,False,False,not_variable,1.0
9000000000004274480,KIC 4274480,,,True,0,False,dsct_flag1,True,True,483,431,74,0.336200095249185,1.1307123345321692,0.8768672317898513,899,459,74,0.8604827697457514,1.5050702256522936,0.937943825385186,False,False,False,not_variable,1.0
9000000000004377815,KIC 4377815,,,True,0,False,dsct_flag1,True,True,725,619,81,0.3418872284201516,1.1265948987749337,0.618429270892497,1178,680,79,0.7624991990420094,1.3892862032100002,0.9212783103391223,False,False,False,not_variable,1.0
9000000000004380834,KIC 4380834,,,True,0,False,dsct_flag1,True,True,725,619,81,0.3617354378632295,1.0840757568899468,0.7879929977651022,1180,682,79,0.6165531484390582,0.9419211157782541,0.4923586479230452,False,False,False,not_variable,1.0
9000000000004381016,KIC 4381016,,,True,0,False,dsct_flag1,True,True,725,619,81,0.3710074072393918,0.9931736377581036,0.7301148145001427,1180,683,79,0.6079912683965785,1.0005067395682987,0.580119318010916,False,False,False,not_variable,1.0
9000000000004456107,KIC 4456107,,,True,0,False,dsct_flag1,True,True,715,627,83,0.2239110590175015,0.9727571831926112,0.6345536421371181,1228,674,79,0.6140765897883653,1.3316225929706476,0.7570187936690133,False,False,False,not_variable,1.0
9000000000004473083,KIC 4473083,,,True,0,False,dsct_flag1,True,True,543,503,77,0.26103639292405006,1.0185370493273662,0.6318974899365498,764,551,77,0.5772541070452206,1.3475122995284579,0.8874616096735585,False,False,False,not_variable,1.0
9000000000004476011,KIC 4476011,,,True,0,False,dsct_flag1,True,True,722,616,81,0.32584210644776557,0.9890384908227507,0.6132928188851275,1174,679,79,0.6677556708734512,1.3577227176227356,0.8476300563157657,False,False,False,not_variable,1.0
9000000000004476186,KIC 4476186,,,True,0,False,dsct_flag1,True,True,545,503,77,0.24489066376950464,1.115195030317246,0.6187254285191911,768,555,77,0.5502351755999055,1.6236437329753561,1.1770894339213769,False,False,False,not_variable,1.0
9000000000004481700,KIC 4481700,,,True,0,False,dsct_flag1,True,True,625,557,79,0.30809851008340766,1.2404670346123232,0.7489957173089922,1020,635,79,0.5813734158274794,1.3330691497453384,0.7779814693410319,False,False,False,not_variable,1.0
9000000000004484271,KIC 4484271,,,True,0,False,dsct_flag1,True,True,718,612,82,0.46602579050441134,1.5508150590971084,0.8672471812634919,1160,673,81,0.9102528936354115,1.61217008662535,0.9777598621140404,False,False,False,not_variable,1.0
9000000000004562615,KIC 4562615,,,True,0,False,dsct_flag1,True,True,700,589,80,0.47487010898426646,1.1658916882501038,0.8993041672073127,1051,599,80,0.773473706601293,1.2021462718573281,0.8879886456134958,False,False,False,not_variable,1.0
9000000000004575908,KIC 4575908,,,True,0,False,dsct_flag1,True,True,725,620,81,0.3378130031948454,1.0838311265630962,0.6740575775615161,1173,675,79,0.7397742695841614,1.1948901854565737,0.723911145212517,False,False,False,not_variable,1.0
9000000000004580484,KIC 4580484,,,True,0,False,dsct_flag1,True,True,741,634,82,0.23345056320406624,1.069592409422181,0.7262567903989791,1189,693,81,0.5582827711665327,1.3129757011327408,1.0650873631344902,False,False,False,not_variable,1.0
9000000000004585982,KIC 4585982,,,True,0,False,dsct_flag1,True,True,747,635,82,0.22593541965651107,1.0822553256955396,0.6880481033799701,1186,690,81,0.461310665973941,1.281379016524224,1.0314218242391886,False,False,False,not_variable,1.0
9000000000004588073,KIC 4588073,,,True,0,False,dsct_flag1,True,True,745,633,82,0.22310578623013538,0.9498724968176973,0.6554531542465387,1155,674,81,0.481114692702754,1.1861383020311584,0.830694224264318,False,False,False,not_variable,1.0
9000000000004649462,KIC 4649462,,,True,0,False,dsct_flag1,True,True,730,648,83,0.3465307135926956,0.9652354394413549,0.5444064595582424,1223,679,79,0.6005685182770409,0.9811694873939102,0.3870734893460523,False,False,False,not_variable,1.0
9000000000004658336,KIC 4658336,,,True,0,False,dsct_flag1,True,True,717,615,80,0.4372905169707827,1.4968640322304447,0.9913315097047043,1154,669,79,0.7781008495847377,1.2463225699357439,0.7901470957233239,False,False,False,not_variable,1.0
9000000000004661660,KIC 4661660,,,True,0,False,dsct_flag1,True,True,728,622,81,0.44927685228572756,1.1664104536303868,0.8552979966246453,1173,676,80,0.7717397214466898,1.2553978141879805,0.8210468652384451,False,False,False,not_variable,1.0
9000000000004668676,KIC 4668676,,,True,0,False,dsct_flag1,True,True,724,619,81,0.5911548152245882,1.7630585023063836,1.1114209026328496,1171,675,79,0.9067324745203277,1.5755979211396423,0.7862787032662384,False,False,False,not_variable,1.0
9000000000004679562,KIC 4679562,,,True,0,False,dsct_flag1,True,True,742,631,82,0.20062556268606635,0.9189252558309648,0.7284670564885466,1170,688,81,0.4496947031352493,1.1908813701905294,0.8888855688892658,False,False,False,not_variable,1.0
9000000000004680002,KIC 4680002,,,True,0,False,dsct_flag1,True,True,745,633,82,0.22309496227130618,0.9377124195286878,0.6407353587310776,1179,687,81,0.448563197653791,1.0987871153701092,0.7215509225355119,False,False,False,not_variable,1.0
9000000000004737731,KIC 4737731,,,True,0,False,dsct_flag1,True,True,720,643,83,0.15110416077079375,0.941027153138986,0.6697080679398452,1236,682,79,0.44688565505879474,1.2214686699967396,0.8280597322435791,False,False,False,not_variable,1.0
9000000000004752731,KIC 4752731,,,True,0,False,dsct_flag1,True,True,731,622,81,0.7856444554139985,3.2722170607771424,1.8278848683268192,1176,678,80,1.1905398891655004,2.954104402764994,1.5923463025753142,True,True,False,variable,1.0
9000000000004756040,KIC 4756040,,,True,0,False,dsct_flag1,True,True,671,608,81,0.30670640194692445,1.0120822497555375,0.5390792931386048,1107,649,80,0.6756779302043063,1.1828657720094895,0.9881389617583552,False,False,False,not_variable,1.0
9000000000004764008,KIC 4764008,,,True,0,False,dsct_flag1,True,True,732,634,82,0.22070733127475092,0.946741840552673,0.6729775801099164,1188,693,81,0.48898622394561775,1.146628554024162,0.9054794698213515,False,False,False,not_variable,1.0
9000000000004768611,KIC 4768611,,,True,0,False,dsct_flag1,True,True,736,636,82,0.31583072401344164,0.9255076589836867,0.6317238368359366,1184,690,81,0.5647495923281555,1.1767641346780475,0.9697740959832629,False,False,False,not_variable,1.0
9000000000004768919,KIC 4768919,,,True,0,False,dsct_flag1,True,True,690,622,82,0.16790147333389618,1.0436889265320068,0.769031231810874,1045,629,81,0.4347898728470735,1.2171836887713798,1.0093872392043275,False,False,False,not_variable,1.0
9000000000004769505,KIC 4769505,,,True,0,False,dsct_flag1,True,True,733,634,82,0.2575413606440409,1.0796415593085886,0.7069014959073293,1168,686,81,0.5344479622064681,1.3833765309592476,0.986132573991721,False,False,False,not_variable,1.0
9000000000004774208,KIC 4774208,,,True,0,False,dsct_flag1,True,True,498,419,75,3.660639417980967,7.600194793048694,3.662219038386054,902,454,76,6.081484031666899,9.259564465553366,6.157315296843284,True,True,True,variable,1.0
9000000000004851881,KIC 4851881,,,True,0,False,dsct_flag1,True,True,743,635,82,0.22497300461415357,0.9733406496207657,0.6873401599072362,1189,694,81,0.43054421870397785,1.2331987798279702,0.8403628205387076,False,False,False,not_variable,1.0
9000000000004852661,KIC 4852661,,,True,0,False,dsct_flag1,True,True,742,634,82,0.22552584602741252,0.9532409300355467,0.6818242914186707,1189,693,81,0.4535765460563247,1.0687297934637856,0.8435542650320718,False,False,False,not_variable,1.0
9000000000004902475,KIC 4902475,,,True,0,False,dsct_flag1,True,True,770,638,83,0.5075109928579874,1.18917455207319,0.655735835296641,1278,680,79,0.7198406006786285,1.1187676040559258,0.6217122036573212,False,False,False,not_variable,1.0
9000000000004903473,KIC 4903473,,,True,0,False,dsct_flag1,True,True,767,635,83,0.37528233985233894,1.1169551702857325,0.8538508556347166,1277,677,79,0.5831474226964978,1.0682552428447434,0.5913126897975187,False,False,False,not_variable,1.0
9000000000004919344,KIC 4919344,,,True,0,False,dsct_flag1,True,True,734,648,83,0.3078443339014305,1.2885095313885022,0.831806440703131,1239,684,79,0.6060246872159708,1.205468199907915,0.5889639215639515,False,False,False,not_variable,1.0
9000000000004927495,KIC 4927495,,,True,0,False,dsct_flag1,True,True,786,623,80,1.7138606891259751,4.170469498690472,2.7055890353221907,1236,683,79,1.9401291771399118,2.9785880331990042,1.6155147635917166,True,True,True,variable,1.0
9000000000004927985,KIC 4927985,,,True,0,False,dsct_flag1,True,True,782,620,80,0.3871904066248774,0.9788450321107635,0.5196474754444633,1232,682,79,0.6732308317943904,1.0683546780786335,0.593260608063109,False,False,False,not_variable,1.0
9000000000004930550,KIC 4930550,,,True,0,False,dsct_flag1,True,True,729,621,81,0.2922546089670296,0.974856903928143,0.8333569907639156,1174,677,80,0.6624201616559805,1.1319973571390038,0.8312978851947102,False,False,False,not_variable,1.0
9000000000004937872,KIC 4937872,,,True,0,False,dsct_flag1,True,True,722,616,80,0.3885925384764525,1.0344438694526226,0.6588446173580322,1169,672,79,0.6839840245941512,1.1292141525433856,0.7750575014918373,False,False,False,not_variable,1.0
9000000000004940217,KIC 4940217,,,True,0,False,dsct_flag1,True,True,743,635,82,0.22328738959364358,0.9801774908938586,0.7377155072084981,1190,694,81,0.4347784439475605,1.138814642620174,0.793189727566365,False,False,False,not_variable,1.0
9000000000004945346,KIC 4945346,,,True,0,False,dsct_flag1,True,True,739,630,82,0.2016890105384894,0.9729241053966969,0.7380804848569511,1166,677,81,0.5128688818216094,1.204326756723961,0.7878358054576633,False,False,False,not_variable,1.0
9000000000004947130,KIC 4947130,,,True,0,False,dsct_flag1,True,True,738,633,82,0.1787085860318086,0.9177550757374399,0.6435452827656021,1078,647,81,0.44402518588084067,1.0777058379834759,0.6749983827419875,False,False,False,not_variable,1.0
9000000000004951447,KIC 4951447,,,True,0,False,dsct_flag1,True,True,751,638,82,0.36570352012140045,1.0191719226157552,0.7424335586760423,1177,684,81,0.6581971544910106,1.0898493112037109,0.7922324623942624,False,False,False,not_variable,1.0
9000000000004952341,KIC 4952341,,,True,0,False,dsct_flag1,True,True,749,636,82,0.31265392986683416,0.8572168471963818,0.5492538699864661,1176,683,81,0.5957356666719883,1.087134706096055,0.8442327393906837,False,False,False,not_variable,1.0
9000000000004995588,KIC 4995588,,,True,0,False,dsct_flag1,True,True,723,636,83,0.43494835697634493,1.4700768425644497,0.9086938867820021,1229,670,79,0.8791656092668753,1.4837628828765141,0.931348049835301,False,False,False,not_variable,1.0
9000000000004999763,KIC 4999763,,,True,0,False,dsct_flag1,True,True,733,646,83,0.21040320200350485,1.0146055124282864,0.8407962782484693,1241,682,79,0.5083379507419475,1.276991879301221,0.6289877678367457,False,False,False,not_variable,1.0
9000000000004999789,KIC 4999789,,,True,0,False,dsct_flag1,True,True,732,646,83,0.22124745435096838,1.068763260738344,0.7663459162063347,1242,683,79,0.5491144411575309,1.3192557072972773,0.7886511842058868,False,False,False,not_variable,1.0
9000000000005018191,KIC 5018191,,,True,0,False,dsct_flag1,True,True,733,624,81,0.30987898001530684,0.8945333253719148,0.8518994577896727,1176,678,80,0.7050232627728494,1.116451650724343,0.9586496062646087,False,False,False,not_variable,1.0
9000000000005019234,KIC 5019234,,,True,0,False,dsct_flag1,True,True,729,621,81,0.3225492133778933,0.849570028382076,0.5152290792073844,1173,676,80,0.623787848782853,1.1131448891231082,0.9764035807986005,False,False,False,not_variable,1.0
9000000000005020065,KIC 5020065,,,True,0,False,dsct_flag1,True,True,728,621,81,0.3802410530879155,0.9420026014029351,0.6068728818354246,1169,675,80,0.62605391446723,1.1085845808054788,0.9428773975735933,False,False,False,not_variable,1.0
9000000000005023338,KIC 5023338,,,True,0,False,dsct_flag1,True,True,723,617,81,0.34146786064046986,0.9492057663066455,0.5142343805969475,1171,674,79,0.5903686195397068,0.9893965717169281,0.6969731450749008,False,False,False,not_variable,1.0
9000000000005027750,KIC 5027750,,,True,0,False,dsct_flag1,True,True,746,637,82,0.2672078046317163,0.9837468862577992,0.6682678262102464,1190,693,81,0.5291934155752274,1.0448909100253683,0.703739043858519,False,False,False,not_variable,1.0
9000000000005089352,KIC 5089352,,,True,0,False,dsct_flag1,True,True,735,647,83,0.18163284690000753,1.12147955168965,0.9042484991536018,1244,687,79,0.4749282328978702,1.762884141458324,1.1597346181431325,False,False,False,not_variable,1.0
9000000000005108514,KIC 5108514,,,True,0,False,dsct_flag1,True,True,676,612,81,0.5747047831503009,1.5154230096748882,1.0812126996489102,1110,650,80,0.8750404385167081,1.3009887729291247,0.8792978728219916,False,False,False,not_variable,1.0
9000000000005112836,KIC 5112836,,,True,0,False,dsct_flag1,True,True,726,619,80,0.317179617389242,0.7964419117601149,0.5700918512620998,1173,675,79,0.5312065345490294,0.9338407315464635,0.5117005956971806,False,False,False,not_variable,1.0
9000000000005168634,KIC 5168634,,,True,0,False,dsct_flag1,True,True,724,635,82,0.37882607058426104,1.13671737693902,0.6921746430712926,1230,675,79,0.6471315137560106,1.2966036076568774,0.7771315161682014,False,False,False,not_variable,1.0
9000000000005177020,KIC 5177020,,,True,0,False,dsct_flag1,True,True,732,645,83,0.14333824505987403,0.82957248129311,0.5862073325596381,1283,687,79,0.41927768441025215,1.2119543654071814,0.7765436475250742,False,False,False,not_variable,1.0
9000000000005206767,KIC 5206767,,,True,0,False,dsct_flag1,True,True,738,632,82,0.3720774829804973,1.1080592301282317,0.8287196311007525,1149,677,81,0.702101768911066,1.3623777271015434,0.8291335969244992,False,False,False,not_variable,1.0
9000000000005212696,KIC 5212696,,,True,0,False,dsct_flag1,True,True,745,634,82,0.2164141881521831,0.9977094781201655,0.6726694678857847,1184,690,81,0.6023216404643136,1.2532368437874004,0.9105422862904397,False,False,False,not_variable,1.0
9000000000005220979,KIC 5220979,,,True,0,False,dsct_flag1,True,True,1178,776,79,0.6283840338777952,1.038886734796771,0.5399499573297533,1735,823,77,0.9542579520653981,1.4242681538587099,0.6871564572964337,False,False,False,not_variable,1.0
9000000000005271224,KIC 5271224,,,True,0,False,dsct_flag1,True,True,114,57,24,0.7563487894352363,1.1760484306969758,1.0277428800450992,148,66,24,0.7399738043358143,1.9268060096591848,2.404644093644689,False,False,False,not_variable,2.0
9000000000005272590,KIC 5272590,,,True,0,False,dsct_flag1,True,True,113,53,22,0.6483572984611945,0.9583221982554249,0.9845837095726991,138,63,24,0.7783650365496475,1.6844295029137186,1.515870781106436,False,False,False,not_variable,2.0
9000000000005284701,KIC 5284701,,,True,0,False,dsct_flag1,True,True,571,499,74,0.38918896783225004,1.4211779185851452,0.9218212343078381,784,537,74,0.7382524459607811,1.5032055707761691,0.8320994038817463,False,False,False,not_variable,1.0
9000000000005286485,KIC 5286485,,,True,0,False,dsct_flag1,True,True,720,613,81,0.39357793552654113,1.3794252025123643,0.785196899265158,1167,669,79,0.7484392636639782,1.2237770566270398,0.9027780806627008,False,False,False,not_variable,1.0
9000000000005295005,KIC 5295005,,,True,0,False,dsct_flag1,True,True,137,111,38,0.3302871964486595,0.9840320004382173,0.9443751064626641,313,129,38,0.6919426472224961,1.1239708702373197,0.882482642777047,False,False,False,not_variable,1.0
9000000000005295234,KIC 5295234,,,True,0,False,dsct_flag1,True,True,541,501,75,0.21504271602933103,1.0607808541149102,0.7096869253972463,758,537,73,0.4587625175290971,1.399096644392938,0.7648979761928795,False,False,False,not_variable,1.0
9000000000005299904,KIC 5299904,,,True,0,False,dsct_flag1,True,True,615,520,77,0.36959521085752206,1.0431886883021912,0.7533696308156659,822,563,76,0.4804732663676414,1.1788192535822584,0.7508685552903881,False,False,False,not_variable,1.0
9000000000005300719,KIC 5300719,,,True,0,False,dsct_flag1,True,True,105,47,22,0.5306305013660036,1.490734815847377,1.2882663718501872,128,63,22,0.7687580648574253,1.2101134891314158,0.8374841386520258,False,False,False,not_variable,2.0
9000000000005302643,KIC 5302643,,,True,0,False,dsct_flag1,True,True,115,50,22,0.784349634040426,1.2337767783049114,0.9171925595582268,144,67,22,0.8297677740192544,1.127282318985918,0.6221664160643795,False,False,False,not_variable,2.0
9000000000005305709,KIC 5305709,,,True,0,False,dsct_flag1,True,True,115,52,22,0.42066916349410266,1.1845007814970434,0.8895221745117255,144,69,18,0.5132394349755369,0.9612433213764755,0.5709883016328099,False,False,False,not_variable,2.0
9000000000005309547,KIC 5309547,,,True,0,False,dsct_flag1,True,True,111,51,21,0.6898706097438025,2.063331348285466,1.6249534081085653,135,66,18,0.9078960287054667,1.7099947153418502,1.2361774635414777,False,False,False,not_variable,2.0
9000000000005310172,KIC 5310172,,,True,0,False,dsct_flag1,True,True,111,51,21,0.45672537391791523,0.8670823205138021,0.7613453118536441,139,66,18,0.747813083531176,1.1866174793093371,0.7769250936467681,False,False,False,not_variable,2.0
9000000000005358323,KIC 5358323,,,True,0,False,dsct_flag1,True,True,120,57,24,0.6739396253294303,1.4397205477036144,1.20053607726149,144,66,24,0.8115137530515552,1.6372999623382811,1.5044420357758865,False,False,False,not_variable,2.0
9000000000005373377,KIC 5373377,,,True,0,False,dsct_flag1,True,True,114,49,21,0.6304406212215706,1.3810150497497113,1.086701623355683,143,65,22,0.875488562098357,1.431898645304901,1.3748785763828226,False,False,False,not_variable,2.0
9000000000005376614,KIC 5376614,,,True,0,False,dsct_flag1,True,True,61,43,21,0.39211495681126246,0.5715491413964937,0.530116679882392,110,60,22,0.8612140361295564,1.0685291916007476,0.7469574144776503,False,False,False,not_variable,1.0
9000000000005384653,KIC 5384653,,,True,0,False,dsct_flag1,True,True,116,51,22,0.7432581982325465,1.2309661514527703,0.9203873678072976,143,67,22,0.9437686768386699,1.0997286564120732,1.0492727349723843,False,False,False,not_variable,2.0
9000000000005390069,KIC 5390069,,,True,0,False,dsct_flag1,True,True,176,62,23,0.7115247886781426,0.8901713659967119,0.6428512950530069,222,77,22,0.9234494251407546,1.0220854942140443,0.6671759967048048,False,False,False,not_variable,3.0
9000000000005390357,KIC 5390357,,,True,0,False,dsct_flag1,True,True,176,62,23,0.8653545581110565,1.0413059199294437,1.0316244217401018,222,77,22,1.3131665274687407,1.1322460741042355,1.0422020992065817,False,False,False,not_variable,3.0
9000000000005391338,KIC 5391338,,,True,0,False,dsct_flag1,True,True,116,53,22,0.477651728773337,1.2241858813745308,1.2252324082273895,143,69,18,0.6078223090151815,0.9465373795663841,0.6494288662050899,False,False,False,not_variable,2.0
9000000000005397516,KIC 5397516,,,True,0,False,dsct_flag1,True,True,112,51,21,0.6921515774787056,1.0175900320042086,1.0597697403807094,137,66,18,0.6480400126177226,1.0266954270943771,0.6686101868514507,False,False,False,not_variable,2.0
9000000000005430471,KIC 5430471,,,True,0,False,dsct_flag1,True,True,717,641,83,0.32926361825558287,1.3409523995711925,0.849653723567255,1232,674,79,0.7330588707301927,1.480520432382939,0.9738271627659751,False,False,False,not_variable,1.0
9000000000005435620,KIC 5435620,,,True,0,False,dsct_flag1,True,True,720,641,82,0.7097709248101738,2.4182127265867774,1.185668603877346,1228,670,78,1.0049741058654809,1.7970347545185759,1.0362145939481489,False,False,False,not_variable,1.0
9000000000005443410,KIC 5443410,,,True,0,False,dsct_flag1,True,True,774,651,82,0.41807139949526345,1.172875819429737,0.9012114729823592,1238,678,78,0.6741907818664186,1.2783205596133609,0.7296246637198718,False,False,False,not_variable,1.0
9000000000005459805,KIC 5459805,,,True,0,False,dsct_flag1,True,True,726,624,82,0.47709222206855134,1.4311365460416825,0.8212270336686954,1180,677,81,0.703041165273151,1.486639217206862,1.0660720991619108,False,False,False,not_variable,1.0
9000000000005462692,KIC 5462692,,,True,0,False,dsct_flag1,True,True,115,50,21,0.6321093569005981,1.0158523148958336,0.6797742653639907,143,65,22,0.9860874545344983,1.4446325195778493,1.1543714130507676,False,False,False,not_variable,2.0
9000000000005475187,KIC 5475187,,,True,0,False,dsct_flag1,True,True,176,62,23,0.744192102789007,1.3389458776359104,1.2066198291592507,220,77,22,0.9408955597463575,1.5018358942718188,0.9071198807766109,False,False,False,not_variable,3.0
9000000000005476273,KIC 5476273,,,True,0,False,dsct_flag1,True,True,804,646,82,0.5800110889145562,1.4824616044629815,0.9411247600259871,1267,689,79,0.8354685282276763,1.3652740902593163,0.8172168620562797,False,False,False,not_variable,1.0
9000000000005481482,KIC 5481482,,,True,0,False,dsct_flag1,True,True,1594,917,84,0.5818219453366118,1.120656883691482,0.6933303945432302,2165,949,80,0.7365006632986036,1.1164999665645856,0.7442964879527276,False,False,False,not_variable,2.0
9000000000005482510,KIC 5482510,,,True,0,False,dsct_flag1,True,True,1592,897,84,0.6356983764798181,0.8988777986850013,0.5919704030688869,2180,929,80,0.8128181946672595,1.0908369476218516,0.6916092693787084,False,False,False,not_variable,2.0
9000000000005511363,KIC 5511363,,,True,0,False,dsct_flag1,True,True,2004,990,86,0.6095447985430992,1.6662194578114962,1.4528292571183743,2709,988,83,0.8164330443791904,1.4543860083311129,1.0596166076968054,False,False,False,not_variable,2.0
9000000000005529323,KIC 5529323,,,True,0,False,dsct_flag1,True,True,728,647,82,0.24030213583668092,0.9527881918777812,0.6553994530781363,1249,688,78,0.573947353206265,1.1172775681815266,0.694949187206517,False,False,False,not_variable,1.0
9000000000005534340,KIC 5534340,,,True,0,False,dsct_flag1,True,True,377,281,58,0.9724001536872798,2.079113509651497,1.50860396933556,795,304,58,1.3301973512271486,1.6921301223160656,1.3682473600318767,False,False,False,not_variable,1.0
9000000000005541836,KIC 5541836,,,True,0,False,dsct_flag1,True,True,749,637,82,0.41217092047071535,1.0466772737453085,0.5838203038236265,1200,688,81,0.6756621816498135,1.2121494536681061,0.8729314963276168,False,False,False,not_variable,1.0
9000000000005542211,KIC 5542211,,,True,0,False,dsct_flag1,True,True,747,636,82,0.4381873193028466,1.1746867139140562,0.8331423019407245,1202,690,81,0.7612017961933056,1.31477586774087,0.9794764768625291,False,False,False,not_variable,1.0
9000000000005551220,KIC 5551220,,,True,0,False,dsct_flag1,True,True,691,621,82,0.3796277529431818,1.2730118485027642,0.840061202347824,1156,680,80,0.6712007240502544,1.2071093486889573,0.7429451718267932,False,False,False,not_variable,1.0
9000000000005554685,KIC 5554685,,,True,0,False,dsct_flag1,True,True,751,636,82,0.4650275992994312,1.239674405697387,0.682636007571777,1197,693,80,0.6501714952515439,1.2186071125539109,0.6980612298854448,False,False,False,not_variable,1.0
9000000000005561007,KIC 5561007,,,True,0,False,dsct_flag1,True,True,814,648,82,0.34720064291422065,1.0043726716564103,0.5608232942048789,1271,692,79,0.60605917277192,1.0698767240026856,0.5728980956423159,False,False,False,not_variable,1.0
9000000000005567499,KIC 5567499,,,True,0,False,dsct_flag1,True,True,1592,916,84,0.5831249594479013,0.7360503011143504,0.4163027689119017,2168,950,80,0.6672953423336215,0.8659385763453967,0.6247044635800338,False,False,False,not_variable,2.0
9000000000005609486,KIC 5609486,,,True,0,False,dsct_flag1,True,True,723,641,82,0.32307178689436794,1.1546016586446493,0.7833237979396119,1249,688,78,0.6477651033705748,1.0646004844590002,0.547906673178502,False,False,False,not_variable,1.0
9000000000005617102,KIC 5617102,,,True,0,False,dsct_flag1,True,True,1405,799,83,0.5737091103349486,1.5657072436151078,1.2308938603240327,2329,836,81,0.8459502356395514,1.5901103011194024,0.9358156545949399,False,False,False,not_variable,2.0
9000000000005618126,KIC 5618126,,,True,0,False,dsct_flag1,True,True,1408,800,83,0.604182373617334,1.2106264221304557,0.7829139921356351,2333,837,81,0.743759965413129,1.2914386718937618,0.720129546671494,False,False,False,not_variable,2.0
9000000000005631648,KIC 5631648,,,True,0,False,dsct_flag1,True,True,744,633,82,0.407456539314428,0.9841607029042257,0.7340771462776108,1194,691,81,0.7438154127271568,1.1322193224903472,0.8514262173838705,False,False,False,not_variable,1.0
9000000000005648562,KIC 5648562,,,True,0,False,dsct_flag1,True,True,755,646,82,0.3027589164343455,0.8546296167241547,0.577150229149054,1193,685,79,0.6052889783624591,0.9557437806958775,0.6721897361197008,False,False,False,not_variable,1.0
9000000000005649964,KIC 5649964,,,True,0,False,dsct_flag1,True,True,750,642,82,0.4101760058472573,1.1240798273327222,0.7134466598761983,1161,671,79,0.5703607274411185,1.0563028731372992,0.6822571019894743,False,False,False,not_variable,1.0
9000000000005651327,KIC 5651327,,,True,0,False,dsct_flag1,True,True,256,192,45,0.37482068001812213,1.0656898364212335,1.0246642058858764,501,211,38,0.786508066304624,1.1153226357735337,0.9818943310750241,False,False,False,not_variable,1.0
9000000000005705575,KIC 5705575,,,True,0,False,dsct_flag1,True,True,1409,800,83,0.6534167419297945,1.4236231587383574,0.7786099178119822,2335,837,81,1.0536474707461152,1.3871121611346968,0.6919055972284067,False,False,False,not_variable,2.0
9000000000005707205,KIC 5707205,,,True,0,False,dsct_flag1,True,True,747,635,81,0.6510039171772002,1.292853619344002,0.7078409274038802,1192,679,79,0.8126579941904445,1.186757168138424,0.8373687093181987,False,False,False,not_variable,1.0
9000000000005716472,KIC 5716472,,,True,0,False,dsct_flag1,True,True,743,632,82,0.38330638863117955,1.248339055684414,0.6785596051224827,1163,681,80,0.6436274474550846,1.2218180382470607,1.0827206404039156,False,False,False,not_variable,1.0
9000000000005717449,KIC 5717449,,,True,0,False,dsct_flag1,True,True,749,636,82,0.41663232843369263,0.9944560700783865,0.6332248558733646,1206,693,81,0.6763294827175107,1.059638618958853,0.6707927943925992,False,False,False,not_variable,1.0
9000000000005721610,KIC 5721610,,,True,0,False,dsct_flag1,True,True,754,636,82,0.4031812271337742,0.9605898906122026,0.6120204916646002,1201,691,80,0.570602855258025,0.9259951585161527,0.6116663571430855,False,False,False,not_variable,1.0
9000000000005722737,KIC 5722737,,,True,0,False,dsct_flag1,True,True,678,611,82,0.27901349392554464,1.0871981023969155,0.704794587264721,620,391,77,0.5161649255798124,1.254504524753943,0.6284838195626822,False,False,False,not_variable,1.0
9000000000005724523,KIC 5724523,,,True,0,False,dsct_flag1,True,True,750,634,82,0.42892553001130107,1.1699898759000484,0.8267078051452401,1201,691,80,0.685343013700206,1.1644288463188721,1.161612229618455,False,False,False,not_variable,1.0
9000000000005725312,KIC 5725312,,,True,0,False,dsct_flag1,True,True,750,635,82,0.4385297391738846,1.4035290330148098,0.7684951031002767,1201,692,80,0.6939530943760789,1.310116516459034,0.7958512005808807,False,False,False,not_variable,1.0
9000000000005725443,KIC 5725443,,,True,0,False,dsct_flag1,True,True,749,635,82,0.3641061679380248,1.0765454264518028,0.7369988659101181,1203,693,80,0.5606281273896325,1.0865248818898998,0.6921169779910991,False,False,False,not_variable,1.0
9000000000005727773,KIC 5727773,,,True,0,False,dsct_flag1,True,True,748,633,82,0.40477961788514016,1.0357418031606518,0.5171407958366574,1201,693,80,0.6108856373268418,1.0172830410507698,0.6331315611605361,False,False,False,not_variable,1.0
9000000000005728217,KIC 5728217,,,True,0,False,dsct_flag1,True,True,749,634,82,0.3900313593594664,1.0929831692472245,0.6803126465807006,1200,691,80,0.716482717172142,1.038031668845272,0.8058538767588169,False,False,False,not_variable,1.0
9000000000005728843,KIC 5728843,,,True,0,False,dsct_flag1,True,True,750,635,82,0.423324172909862,1.1160449852878163,0.6732860533158174,1199,692,80,0.7556316808980141,1.1365253873918537,0.8675997883568195,False,False,False,not_variable,1.0
9000000000005734003,KIC 5734003,,,True,0,False,dsct_flag1,True,True,802,644,82,0.40178840752998124,0.8694773450182014,0.605011270156931,1243,687,79,0.5655740806852569,1.0406275582034303,0.7314688067173339,False,False,False,not_variable,1.0
9000000000005735248,KIC 5735248,,,True,0,False,dsct_flag1,True,True,752,644,82,0.3430346650170029,0.9199889811853199,0.5541548833053739,1193,685,79,0.6108491049222025,0.9720684543053901,0.5972721833239332,False,False,False,not_variable,1.0
9000000000005737104,KIC 5737104,,,True,0,False,dsct_flag1,True,True,723,617,82,0.4079921893431457,0.927124108981391,0.6082772364854145,1145,645,78,0.6739280561352361,1.1102314159606639,0.6308332440339084,False,False,False,not_variable,1.0
9000000000005771101,KIC 5771101,,,True,0,False,dsct_flag1,True,True,729,649,83,0.30807854044386146,0.9274477709614332,0.5535956293568388,1231,675,79,0.6250388750544752,0.9946858597062934,0.37669692760615586,False,False,False,not_variable,1.0
9000000000005788165,KIC 5788165,,,True,0,False,dsct_flag1,True,True,1394,800,83,0.6671689506240371,1.3356319165136696,0.8003874559805192,2316,836,81,0.8321339430248379,1.460505697200437,0.7882170591696432,False,False,False,not_variable,2.0
9000000000005791884,KIC 5791884,,,True,0,False,dsct_flag1,True,True,746,634,81,0.353978670930461,0.8745628029335991,0.6006844685109747,1192,679,79,0.7011148613378736,1.07192238836449,0.7606524298102262,False,False,False,not_variable,1.0
9000000000005806877,KIC 5806877,,,True,0,False,dsct_flag1,True,True,753,635,82,0.3894660396035592,0.9164522648703504,0.6345364762185752,1201,690,80,0.5847215462181108,0.9404522683480635,0.5588657743156689,False,False,False,not_variable,1.0
9000000000005808231,KIC 5808231,,,True,0,False,dsct_flag1,True,True,690,621,82,0.2558362283822489,1.0639758364278578,0.5979991899237236,1122,665,80,0.5366221280406819,0.9710602111135399,0.4593058995770106,False,False,False,not_variable,1.0
9000000000005809732,KIC 5809732,,,True,0,False,dsct_flag1,True,True,754,636,82,0.37981523622497054,1.0510617242186442,0.6423637742320979,1203,691,80,0.6923737776030985,1.1169315965720135,0.6133333577866285,False,False,False,not_variable,1.0
9000000000005816288,KIC 5816288,,,True,0,False,dsct_flag1,True,True,289,214,51,0.44717802087196773,1.2476788342469585,0.7983432987137736,566,246,50,0.8793711850824624,1.3609065832512837,1.2487524995392842,False,False,False,not_variable,1.0
9000000000005819178,KIC 5819178,,,True,0,False,dsct_flag1,True,True,807,646,82,0.5633386996508828,1.080488393255381,0.6667359584573984,1257,689,79,0.6532917392487241,1.0475641807576141,0.49018765270459413,False,False,False,not_variable,1.0
9000000000005880352,KIC 5880352,,,True,0,False,dsct_flag1,True,True,740,627,80,0.5947309913348191,1.363847625885746,0.8550049327863228,1135,673,78,0.8023004237052636,1.194777060777195,0.6980916865303433,False,False,False,not_variable,1.0
9000000000005880445,KIC 5880445,,,True,0,False,dsct_flag1,True,True,59,41,21,0.24252760654971298,0.68518900491499,0.7834436930570012,79,54,22,0.41652991018222973,1.1102972617885436,0.8579411319984119,False,False,False,not_variable,1.0
9000000000005891196,KIC 5891196,,,True,0,False,dsct_flag1,True,True,753,635,82,0.4442532959146017,1.1284239466048365,0.7100137105232484,1198,690,80,0.6536602975800595,1.066593702913916,0.6244530237480419,False,False,False,not_variable,1.0
9000000000005891975,KIC 5891975,,,True,0,False,dsct_flag1,True,True,754,636,82,0.3392430606119074,0.8962979880850952,0.533644403645361,1201,689,80,0.6150418928218375,1.0009320718924948,0.8213645616237689,False,False,False,not_variable,1.0
9000000000005900260,KIC 5900260,,,True,0,False,dsct_flag1,True,True,690,622,82,0.3342913506172348,1.2905315035807363,0.9008344035699676,1125,668,80,0.7796179633335046,1.4212364973783909,1.232323541395847,False,False,False,not_variable,1.0
9000000000005904699,KIC 5904699,,,True,0,False,dsct_flag1,True,True,754,645,82,0.3928897013462786,1.0006358116476608,0.6098728390448661,1191,685,79,0.6693376871158923,1.071181112369386,0.6949919780870627,False,False,False,not_variable,1.0
9000000000005904928,KIC 5904928,,,True,0,False,dsct_flag1,True,True,749,641,82,0.39164724732837647,1.0910044197956663,0.6919575726064613,1191,685,79,0.6140830742563521,1.144938984043325,0.7373611880708187,False,False,False,not_variable,1.0
9000000000005950759,KIC 5950759,,,True,0,False,dsct_flag1,True,True,711,638,82,6.16856795538186,22.876527607801496,12.062996063204322,1233,683,78,11.688694081676486,15.039478072841945,5.361614456732724,True,True,True,variable,1.0
9000000000005966212,KIC 5966212,,,True,0,False,dsct_flag1,True,True,739,636,82,0.49173842769139414,0.9933493420649683,0.5201132784905274,1124,664,81,0.6700182645994771,1.0420969679260084,0.5761593277928547,False,False,False,not_variable,1.0
9000000000005976681,KIC 5976681,,,True,0,False,dsct_flag1,True,True,692,622,82,0.3389703150844652,1.0982573368181252,0.7368058522744453,1122,665,80,0.6034230591606795,1.066683608994345,0.6136504472313601,False,False,False,not_variable,1.0
9000000000005977984,KIC 5977984,,,True,0,False,dsct_flag1,True,True,692,622,82,0.3453368335479908,1.265843376747465,0.9259734112153155,1121,662,80,0.6885671520049205,1.1788518461628574,0.6748621275823541,False,False,False,not_variable,1.0
9000000000005978805,KIC 5978805,,,True,0,False,dsct_flag1,True,True,738,635,82,0.38352591783427853,1.00615184355372,0.6843052097055871,1195,691,80,0.6999979867894556,1.1083714364451607,0.5703584382476712,False,False,False,not_variable,1.0
9000000000005980555,KIC 5980555,,,True,0,False,dsct_flag1,True,True,694,626,82,0.2885309379577667,1.088076515673605,0.6556485963823178,1125,668,80,0.6695980210794474,1.3026035057578693,0.890008733589957,False,False,False,not_variable,1.0
9000000000005982378,KIC 5982378,,,True,0,False,dsct_flag1,True,True,690,622,82,0.3061798662642754,1.0861814725672359,0.591185636032135,1122,666,80,0.6655738677155135,1.171680042617385,1.0022911924818914,False,False,False,not_variable,1.0
9000000000005990706,KIC 5990706,,,True,0,False,dsct_flag1,True,True,689,622,82,0.2839858086254586,1.1189548826790503,0.644526630287848,989,604,78,0.6592488553577741,1.418051603973968,0.9987281241410418,False,False,False,not_variable,1.0
9000000000006041680,KIC 6041680,,,True,0,False,dsct_flag1,True,True,1339,788,83,1.0764747923279105,1.4714790151853228,0.8289642703191262,2280,825,81,0.9363449833573498,1.4626700417675982,0.7243046524214917,False,False,False,not_variable,2.0
9000000000006058006,KIC 6058006,,,True,0,False,dsct_flag1,True,True,748,635,82,0.37014219621250805,0.9100539997811333,0.5467756616171057,1203,691,80,0.6755566864181164,1.0355935656247501,0.687933194837802,False,False,False,not_variable,1.0
9000000000006061584,KIC 6061584,,,True,0,False,dsct_flag1,True,True,753,637,82,0.3349659740243262,1.1221148638213234,0.8631985382557372,1203,693,80,0.7281411372265064,1.402066272778106,0.9291243829800041,False,False,False,not_variable,1.0
9000000000006065351,KIC 6065351,,,True,0,False,dsct_flag1,True,True,752,636,82,0.41276067398131633,1.3383277096170907,0.9080326289489109,1202,694,80,0.7534889488905194,1.4126603241785176,1.432750841125472,False,False,False,not_variable,1.0
9000000000006107117,KIC 6107117,,,True,0,False,dsct_flag1,True,True,717,635,83,0.3436858053252924,1.2514632514097401,0.8885590172744067,1225,669,79,0.7153522458491732,1.22919754668862,0.6594058149905319,False,False,False,not_variable,1.0
9000000000006116172,KIC 6116172,,,True,0,False,dsct_flag1,True,True,114,58,25,0.546155608330633,1.0126263711455012,0.7787111345184916,149,68,22,0.5818738971525481,1.0598471135803982,0.8954803260426195,False,False,False,not_variable,2.0
9000000000006127239,KIC 6127239,,,True,0,False,dsct_flag1,True,True,563,517,77,0.3762146414492158,1.8234139639885694,1.0584190653913572,775,554,76,1.02240543284214,1.8560187342836285,1.113064818357956,False,False,False,not_variable,1.0
9000000000006130261,KIC 6130261,,,True,0,False,dsct_flag1,True,True,681,616,82,0.31323650822671095,1.0840049878358227,0.7416956256142614,1116,656,81,0.781252994849957,1.2674097310875618,0.7504972448023997,False,False,False,not_variable,1.0
9000000000006130500,KIC 6130500,,,True,0,False,dsct_flag1,True,True,673,608,82,0.39617530160032915,1.523086909187168,0.838962909784169,1109,649,81,0.8594365118760838,1.5853317945137406,0.9381569117500109,False,False,False,not_variable,1.0
9000000000006139591,KIC 6139591,,,True,0,False,dsct_flag1,True,True,752,634,82,0.37235791508880206,1.0151789089459304,0.745143179089548,1200,690,80,0.701570308270447,1.1082009765022676,0.4841718789104872,False,False,False,not_variable,1.0
9000000000006141503,KIC 6141503,,,True,0,False,dsct_flag1,True,True,730,616,82,0.40455070114343694,1.0864707979786796,0.6231219346052778,1175,676,80,0.6943305597287708,1.130515108089171,0.5610614132522489,False,False,False,not_variable,1.0
9000000000006154326,KIC 6154326,,,True,0,False,dsct_flag1,True,True,1092,814,78,0.6968522659188716,2.586978690674117,0.720242247120138,388,319,58,0.44780799417434425,1.5389270288608983,0.9113549071590258,True,True,False,variable,1.0
9000000000006211901,KIC 6211901,,,True,0,False,dsct_flag1,True,True,657,591,81,0.2876864716233176,1.0448223437900888,0.6206457265458382,1079,627,81,0.7164915141906124,1.1153376075354013,0.7407653395058658,False,False,False,not_variable,1.0
9000000000006220010,KIC 6220010,,,True,0,False,dsct_flag1,True,True,61,43,21,0.328440126920617,0.8514133886919275,0.6822315766462279,79,54,22,0.3913776519723649,1.003156761410161,0.7796156781405983,False,False,False,not_variable,1.0
9000000000006224312,KIC 6224312,,,True,0,False,dsct_flag1,True,True,61,43,21,0.34611478237560744,1.129066667821894,1.0289723655799405,311,259,63,0.6499056182861022,1.5861536791403863,1.1964970134580337,False,False,False,not_variable,1.0
9000000000006226293,KIC 6226293,,,True,0,False,dsct_flag1,True,True,61,43,21,0.4398386509080239,0.733207665562407,0.6900285559886438,1174,674,79,0.7378844261127431,1.4173162811327813,0.822515723038716,False,False,False,not_variable,1.0
9000000000006230529,KIC 6230529,,,True,0,False,dsct_flag1,True,True,810,646,82,0.4536698653235456,1.1923799550346645,0.7712848012245854,1277,701,79,0.7432893144483146,1.340619367155951,0.9291125307826908,False,False,False,not_variable,1.0
9000000000006230921,KIC 6230921,,,True,0,False,dsct_flag1,True,True,798,638,82,0.647997948681621,1.2200305812698988,0.8362036212712733,1256,689,79,0.8108452453785759,1.399363605389757,0.9096245209290054,False,False,False,not_variable,1.0
9000000000006231538,KIC 6231538,,,True,0,False,dsct_flag1,True,True,795,635,82,0.7461657668185541,1.634143304702071,0.9518156754482934,1260,688,79,0.9697094638230289,1.5218735804032908,0.8048444584069196,False,False,False,not_variable,1.0
9000000000006271512,KIC 6271512,,,True,0,False,dsct_flag1,True,True,735,653,83,3.515564226951812,11.096777115056073,7.499613368984231,1245,686,79,4.7480076756270435,6.971531816012237,3.9743462979168998,True,True,True,variable,1.0
9000000000006290648,KIC 6290648,,,True,0,False,dsct_flag1,True,True,754,639,82,0.48877434214663484,1.166776715672339,0.6766427532052763,1200,689,81,0.6525072492808914,1.1084505220247427,0.7065727238018582,False,False,False,not_variable,1.0
9000000000006290877,KIC 6290877,,,True,0,False,dsct_flag1,True,True,755,640,82,0.49275829487943984,1.1476245416867348,0.712939001637483,1201,689,81,0.650212687740664,1.106514451255902,0.6308239384656423,False,False,False,not_variable,1.0
9000000000006294556,KIC 6294556,,,True,0,False,dsct_flag1,True,True,749,636,82,0.5423921441352764,1.240656311201117,0.7512840571244737,1198,690,81,0.7035338176780362,1.1818309851519375,0.8925837813491889,False,False,False,not_variable,1.0
9000000000006310627,KIC 6310627,,,True,0,False,dsct_flag1,True,True,814,644,82,0.4688422387624224,1.0771608057432,0.6843479227493197,1174,665,78,0.6960606573961272,1.3242466138560016,0.8695823337480049,False,False,False,not_variable,1.0
9000000000006314475,KIC 6314475,,,True,0,False,dsct_flag1,True,True,757,645,82,0.3418824494115505,1.03974557619392,0.628087540914949,1202,693,79,0.7588411524088783,1.2945233598410926,0.7800518068780178,False,False,False,not_variable,1.0
9000000000006357795,KIC 6357795,,,True,0,False,dsct_flag1,True,True,729,648,82,0.262766184975588,1.0970702903562002,0.7210163199106185,1243,683,78,0.6791527516805614,1.3315682992992957,0.652133373467457,False,False,False,not_variable,1.0
9000000000006366627,KIC 6366627,,,True,0,False,dsct_flag1,True,True,752,638,81,0.3618997734505221,0.8858481604150926,0.4808474346750636,1197,684,80,0.6578729589470066,1.0484184167473882,0.8181933310037481,False,False,False,not_variable,1.0
9000000000006384854,KIC 6384854,,,True,0,False,dsct_flag1,True,True,751,632,82,0.331759490816832,0.9053422174588219,0.5703700360273581,1204,694,79,0.6052946958568354,1.1278100519932959,0.6403197418110379,False,False,False,not_variable,1.0
9000000000006387257,KIC 6387257,,,True,0,False,dsct_flag1,True,True,61,43,21,0.43907516700984117,1.1617306639755267,1.0059828595894338,77,54,22,0.46869827935612435,0.8682171676216739,0.7370855737239347,False,False,False,not_variable,1.0
9000000000006388443,KIC 6388443,,,True,0,False,dsct_flag1,True,True,748,631,82,0.4129905247701797,1.18638816238892,0.7242839835889158,1190,683,79,0.7589044807870483,1.395125867899739,1.099807969201893,False,False,False,not_variable,1.0
9000000000006389098,KIC 6389098,,,True,0,False,dsct_flag1,True,True,817,647,82,0.4841329764926337,1.0556412030680333,0.6526435504778241,1280,702,79,0.7437425090605819,1.2245721882071203,0.6198539638918324,False,False,False,not_variable,1.0
9000000000006441436,KIC 6441436,,,True,0,False,dsct_flag1,True,True,1405,803,83,0.7577151231423446,1.492888518280436,0.7948687101430977,2347,842,82,0.7813586653926258,1.4285152595196728,0.9328504965592951,False,False,False,not_variable,2.0
9000000000006445601,KIC 6445601,,,True,0,False,dsct_flag1,True,True,688,622,81,0.2652309895484141,0.9796954152689158,0.5093831742015696,1150,672,80,0.66185405439175,1.0154378087680669,0.4700709002433931,False,False,False,not_variable,1.0
9000000000006448173,KIC 6448173,,,True,0,False,dsct_flag1,True,True,754,640,82,0.4142362916564799,1.0315172720139005,0.5611726048539293,1197,689,81,0.601634401442483,1.022175531074802,0.514294683220714,False,False,False,not_variable,1.0
9000000000006467349,KIC 6467349,,,True,0,False,dsct_flag1,True,True,809,645,82,0.45959436393721115,1.0973186339017582,0.6868152325486575,1275,701,79,0.7756555289278401,1.3711813245415803,0.9148682535358886,False,False,False,not_variable,1.0
9000000000006470922,KIC 6470922,,,True,0,False,dsct_flag1,True,True,759,647,82,0.33911740235003957,0.9046096965140069,0.6575114445154214,1203,694,79,0.6401479847648502,1.0472626546664192,0.49084813662981114,False,False,False,not_variable,1.0
9000000000006520969,KIC 6520969,,,True,0,False,dsct_flag1,True,True,1405,803,83,0.7207672292917998,1.1812923118979968,0.6217094392387236,2344,842,81,0.7489248824438279,1.2886850306565703,0.7121971188827996,False,False,False,not_variable,2.0
9000000000006522144,KIC 6522144,,,True,0,False,dsct_flag1,True,True,1413,804,83,0.5968979820700133,1.276296636075868,0.7368159641791714,2357,845,82,0.8457855573138365,1.4037522985034734,0.6906337362314412,False,False,False,not_variable,2.0
9000000000006532022,KIC 6532022,,,True,0,False,dsct_flag1,True,True,748,635,82,0.376714350989455,0.9840947753793914,0.593652374678451,1197,690,81,0.5628809073920659,1.2830221640899422,0.7241181904117139,False,False,False,not_variable,1.0
9000000000006541245,KIC 6541245,,,True,0,False,dsct_flag1,True,True,740,623,82,0.36318057596140546,1.0953097273248786,0.599640105084193,1192,684,79,0.6404059412448327,1.6379788113906877,0.9271367640853986,False,False,False,not_variable,1.0
9000000000006547396,KIC 6547396,,,True,0,False,dsct_flag1,True,True,786,640,82,0.46187869798164155,1.155151510418839,0.743524536437269,1203,691,79,0.6499850627041175,1.4860194667442121,1.036296652371684,False,False,False,not_variable,1.0
9000000000006586020,KIC 6586020,,,True,0,False,dsct_flag1,True,True,53,36,18,0.3226510729944863,0.7599878659485165,0.8412422545151059,73,50,19,0.5058026116838963,1.1813275313749323,0.8996868969310083,False,False,False,not_variable,1.0
9000000000006586333,KIC 6586333,,,True,0,False,dsct_flag1,True,True,71,66,19,0.25684117273630913,1.3469012322846348,1.262775431792065,348,70,14,0.8084015829698327,1.4335791623005574,1.7054258185012887,False,False,False,not_variable,1.0
9000000000006595315,KIC 6595315,,,True,0,False,dsct_flag1,True,True,727,646,82,0.3156514692876408,1.220915452580014,0.6323406306030015,1243,686,78,0.6482484593771815,1.2393987778155564,0.6007167634475196,False,False,False,not_variable,1.0
9000000000006604303,KIC 6604303,,,True,0,False,dsct_flag1,True,True,1407,802,83,0.7611841872903218,1.2199984551670011,0.7005071251512925,2353,844,82,0.7900615549173172,1.4056638612704417,0.6627354103347829,False,False,False,not_variable,2.0
9000000000006627367,KIC 6627367,,,True,0,False,dsct_flag1,True,True,749,632,82,0.4014992020471316,1.0636937355130827,0.6358833514819494,1200,694,79,0.6121370005993645,1.0793048292056089,0.7074428501890325,False,False,False,not_variable,1.0
9000000000006631188,KIC 6631188,,,True,0,False,dsct_flag1,True,True,60,42,21,0.4273494506192314,1.0158387473081705,0.8848149841251636,77,53,22,0.43700826152663225,1.2000853771898254,0.9628932454521273,False,False,False,not_variable,1.0
9000000000006635493,KIC 6635493,,,True,0,False,dsct_flag1,True,True,754,643,82,0.36531283861144037,1.0107378288676192,0.745164881955779,1202,695,79,0.6286076834549973,1.0254808991742805,0.5009586234729768,False,False,False,not_variable,1.0
9000000000006707493,KIC 6707493,,,True,0,False,dsct_flag1,True,True,692,620,82,0.2725348136571801,0.9914399627399906,0.5304907980823139,1123,666,80,0.6029270155820365,1.1787927779396472,0.8508471766943048,False,False,False,not_variable,1.0
9000000000006719266,KIC 6719266,,,True,0,False,dsct_flag1,True,True,697,626,82,0.31250764307718104,1.1064763579735923,0.7740822841722111,1124,665,79,0.710894265970595,1.3568927064841496,0.6798610649631753,False,False,False,not_variable,1.0
9000000000006720889,KIC 6720889,,,True,0,False,dsct_flag1,True,True,692,622,82,0.24938941789821106,1.048378142766239,0.7596751797849145,1108,661,79,0.6063202406896819,1.0722854258153396,0.683370796200379,False,False,False,not_variable,1.0
9000000000006721089,KIC 6721089,,,True,0,False,dsct_flag1,True,True,695,624,82,2.362605705355021,6.234657484412999,3.261442824503861,1123,665,79,2.623920257584257,4.1846160761069,1.8509720878702354,True,True,True,variable,1.0
9000000000006757160,KIC 6757160,,,True,0,False,dsct_flag1,True,True,673,631,83,0.2844543302710858,1.419932769616242,0.9516763444379682,1070,601,79,0.644856158558159,1.386627330956158,0.8342554694486646,False,False,False,not_variable,1.0
9000000000006780873,KIC 6780873,,,True,0,False,dsct_flag1,True,True,691,623,81,0.481124862528216,3.384512967714351,0.6281675194171157,1115,656,80,0.6895424562307608,1.182521494361691,0.723436907221499,True,True,False,variable,1.0
9000000000006806724,KIC 6806724,,,True,0,False,dsct_flag1,True,True,737,630,82,0.35939208986536,1.1451479126495225,0.8692713113596595,1182,682,79,0.6518681195731586,1.1882692972472464,0.6521202311970842,False,False,False,not_variable,1.0
9000000000006862840,KIC 6862840,,,True,0,False,dsct_flag1,True,True,494,480,71,0.22683359768574854,1.2368749908806054,0.9717383690036852,677,508,73,0.5403364956711146,1.4812472930831881,0.9278122851746354,False,False,False,not_variable,1.0
9000000000006871866,KIC 6871866,,,True,0,False,dsct_flag1,True,True,434,404,69,0.23624618139959747,1.2805683956987741,0.9431505556700224,516,434,69,0.38532046347402665,1.3939113965929244,0.6812441804556991,False,False,False,not_variable,1.0
9000000000006891998,KIC 6891998,,,True,0,False,dsct_flag1,True,True,662,557,79,0.4113240517817759,1.1299521495472955,0.5786386089854259,973,629,77,0.6387316635327535,1.256241324304882,0.6755590249921186,False,False,False,not_variable,1.0
9000000000006922830,KIC 6922830,,,True,0,False,dsct_flag1,True,True,54,37,18,0.3682287336759841,0.743670865549858,0.7169647946107994,72,49,19,0.5051978443624507,1.062501443904636,0.7437065888908191,False,False,False,not_variable,1.0
9000000000006936178,KIC 6936178,,,True,0,False,dsct_flag1,True,True,54,37,18,0.5249179175138808,1.110218979544226,0.9016262891107759,73,50,19,0.5390556080131527,1.1529754916009316,0.7361763654926604,False,False,False,not_variable,1.0
9000000000006951231,KIC 6951231,,,True,0,False,dsct_flag1,True,True,60,42,20,0.43777448328461366,0.926551163508949,0.7069676967023353,79,54,22,0.5411289490106937,1.0933297003524303,1.167394451001758,False,False,False,not_variable,1.0
9000000000006960727,KIC 6960727,,,True,0,False,dsct_flag1,True,True,54,35,16,0.39571007569398453,1.3072493154891773,1.0038058143689337,69,44,16,0.4683749119930913,1.3852094722753294,1.582200056353768,False,False,False,not_variable,2.0
9000000000006963490,KIC 6963490,,,True,0,False,dsct_flag1,True,True,62,43,21,0.4652920282574626,2.9926954571834097,2.7381416105447314,80,55,22,0.45902138680703397,2.458863449543841,2.0077191186576906,True,True,True,variable,1.0
9000000000006964804,KIC 6964804,,,True,0,False,dsct_flag1,True,True,62,43,21,0.2518991972775288,0.9733488242056311,0.8453754293200033,80,55,22,0.3786637701068332,1.347911172256084,1.5339080155347056,False,False,False,not_variable,1.0
9000000000006974847,KIC 6974847,,,True,0,False,dsct_flag1,True,True,123,58,22,0.8899168853391262,1.1250480857156224,0.7654514320259767,160,72,22,0.9167971556249929,1.3689779785946152,0.9697763101858891,False,False,False,not_variable,2.0
9000000000007020707,KIC 7020707,,,True,0,False,dsct_flag1,True,True,54,37,18,0.5309677429172236,1.1648100760154483,0.7993767913593326,1201,656,78,0.6865196237608117,1.4794752541784923,0.8222873666328459,False,False,False,not_variable,1.0
9000000000007021890,KIC 7021890,,,True,0,False,dsct_flag1,True,True,54,37,18,0.26939979632721084,0.8173216153310351,1.0078919039537932,72,49,19,0.3391256690005414,0.9073523042603362,0.73608970100467,False,False,False,not_variable,1.0
9000000000007031107,KIC 7031107,,,True,0,False,dsct_flag1,True,True,1411,805,83,0.8840604136186716,1.4478072341936163,0.984825445043792,2368,849,82,1.0310635893888969,1.5803094772746316,0.7086432758423462,False,False,False,not_variable,2.0
9000000000007035099,KIC 7035099,,,True,0,False,dsct_flag1,True,True,445,354,69,0.6323723609572931,1.537441035980751,0.9654268377673458,878,388,68,0.9101332113579816,1.233615574665912,0.8703565103523757,False,False,False,not_variable,1.0
9000000000007035179,KIC 7035179,,,True,0,False,dsct_flag1,True,True,494,403,73,0.6047360429170309,1.5183064683924177,1.029720872441455,933,445,76,0.9205560704649935,1.3233476240512658,0.9078019846270486,False,False,False,not_variable,1.0
9000000000007047356,KIC 7047356,,,True,0,False,dsct_flag1,True,True,62,43,21,0.24615924338780418,0.8298826556192579,0.7634241998113794,80,55,22,0.4293586050774428,0.6870855380525339,0.7619100548376952,False,False,False,not_variable,1.0
9000000000007051690,KIC 7051690,,,True,0,False,dsct_flag1,True,True,62,43,21,0.487084952342723,0.8553180354188085,0.7800077220670312,77,52,21,0.5790576905592363,1.3251333770657048,1.3605451215984938,False,False,False,not_variable,1.0
9000000000007101676,KIC 7101676,,,True,0,False,dsct_flag1,True,True,732,651,83,0.31664963059389933,1.2987360904048997,0.9298097759034473,1238,683,79,0.5575617959626775,1.389249784691407,0.8274489185202764,False,False,False,not_variable,1.0
9000000000007106877,KIC 7106877,,,True,0,False,dsct_flag1,True,True,720,638,82,0.30733804215154176,1.3395172459090496,0.8669480970513965,1236,681,78,0.6839718667592491,1.3064945069789875,0.7226718456840844,False,False,False,not_variable,1.0
9000000000007124161,KIC 7124161,,,True,0,False,dsct_flag1,True,True,759,642,82,0.7741229319740879,2.395596857465422,1.4681848715513786,1204,694,81,1.5781555889840864,2.414034288212409,1.2855812849846804,False,False,False,not_variable,1.0
9000000000007124680,KIC 7124680,,,True,0,False,dsct_flag1,True,True,755,638,82,0.41927549771837924,1.2721989845260249,0.8056588449670864,1188,689,81,0.7528840680803175,1.2932935139520176,0.7655536378653792,False,False,False,not_variable,1.0
9000000000007174372,KIC 7174372,,,True,0,False,dsct_flag1,True,True,1327,810,81,0.5426257165668044,1.184646598381142,0.8525451384220502,1565,808,78,0.6340923765160661,1.2486749926150422,0.7301399526543138,False,False,False,not_variable,1.0
9000000000007204794,KIC 7204794,,,True,0,False,dsct_flag1,True,True,61,42,21,0.2479211682913866,0.944417482259618,1.0964883213229137,81,56,22,0.5016974455039866,1.0697570196942183,1.186530203497481,False,False,False,not_variable,1.0
9000000000007214475,KIC 7214475,,,True,0,False,dsct_flag1,True,True,507,401,74,0.5657165666038038,1.4905890561199728,1.0491743514775098,926,450,74,0.9636695733196066,1.6417543627380051,1.2500152153778814,False,False,False,not_variable,1.0
9000000000007219251,KIC 7219251,,,True,0,False,dsct_flag1,True,True,756,633,82,0.6500586055757717,1.7079122106991493,1.2757521209295328,1195,690,80,0.8666903921359385,2.191539355373156,2.0709930934881413,False,False,False,not_variable,1.0
9000000000007219502,KIC 7219502,,,True,0,False,dsct_flag1,True,True,157,124,32,0.5212744099093901,1.555672379547246,1.7429002528902249,335,126,29,0.7766693681725888,1.332156671862356,1.2760737649149376,False,False,False,not_variable,1.0
9000000000007282228,KIC 7282228,,,True,0,False,dsct_flag1,True,True,1396,800,83,0.808909470755844,1.308467316016758,0.8677072126248436,2290,846,82,0.7990776420937893,1.4362996471080525,0.7611458468931479,False,False,False,not_variable,2.0
9000000000007297189,KIC 7297189,,,True,0,False,dsct_flag1,True,True,755,634,82,0.3433506256424001,1.0622767831168818,0.5928189513974835,1192,688,80,0.6130459172389257,1.1114667746356255,0.5850905882958956,False,False,False,not_variable,1.0
9000000000007300184,KIC 7300184,,,True,0,False,dsct_flag1,True,True,759,636,82,1.1120753287079328,3.1649826838269726,2.106068207170101,1196,691,80,1.6309072109897107,2.521744046838659,1.3350837821277854,True,True,False,variable,1.0
9000000000007301435,KIC 7301435,,,True,0,False,dsct_flag1,True,True,754,632,82,0.5044410301835321,1.2120571816379238,0.7117258734954575,1198,692,80,0.6014099696602908,1.25440182816495,0.7153499890077508,False,False,False,not_variable,1.0
9000000000007301640,KIC 7301640,,,True,0,False,dsct_flag1,True,True,752,631,82,0.48743248016438245,1.2121997406553344,0.757378541659765,1195,689,80,0.6570631061057474,1.2980058305431301,0.8276064119138601,False,False,False,not_variable,1.0
9000000000007302192,KIC 7302192,,,True,0,False,dsct_flag1,True,True,754,632,82,0.4247872579661505,1.0481841632482332,0.6708520665189605,1197,690,80,0.6377104277133684,1.2092023837940524,0.8412034354127763,False,False,False,not_variable,1.0
9000000000007337049,KIC 7337049,,,True,0,False,dsct_flag1,True,True,1324,810,81,0.5228493231252553,1.4515946729463989,0.862536471517198,1562,807,78,0.562556048409345,1.780739806251747,0.9999349599618452,False,False,False,not_variable,1.0
9000000000007347529,KIC 7347529,,,True,0,False,dsct_flag1,True,True,734,653,83,0.5668076963539268,2.0087436981794826,1.0403557717103602,1245,688,79,1.030504433881496,1.555630969017896,0.7274468101811934,False,False,False,not_variable,1.0
9000000000007354531,KIC 7354531,,,True,0,False,dsct_flag1,True,True,782,654,82,0.43424710007016565,1.0824541444404356,0.5810431599941693,1318,693,78,0.6598841369715348,1.2038861691362457,0.653901358695729,False,False,False,not_variable,1.0
9000000000007381616,KIC 7381616,,,True,0,False,dsct_flag1,True,True,97,74,25,0.47827382248179484,1.6716847737618166,1.280188438364729,254,83,26,0.8200813396046504,1.3508245725461725,1.1984535001336167,False,False,False,not_variable,1.0
9000000000007455624,KIC 7455624,,,True,0,False,dsct_flag1,True,True,760,641,82,0.4404509646056069,1.0644139024634722,0.6204711438741912,1193,691,81,0.5946451845914844,1.1189162026491182,0.8126632478588316,False,False,False,not_variable,1.0
9000000000007457355,KIC 7457355,,,True,0,False,dsct_flag1,True,True,762,642,82,0.4457644082664138,1.0890571438540577,0.6559378351670967,1201,694,81,0.6897639199923067,1.0393586340281546,0.6772091832405338,False,False,False,not_variable,1.0
9000000000007467185,KIC 7467185,,,True,0,False,dsct_flag1,True,True,756,634,82,0.39229324625975676,0.8914048858686043,0.5306794940462174,1194,689,80,0.5949230343206245,1.0660025033740668,0.5364587061602202,False,False,False,not_variable,1.0
9000000000007538543,KIC 7538543,,,True,0,False,dsct_flag1,True,True,703,631,82,0.26405789406285346,0.8927512711890067,0.45851899600182455,1126,668,81,0.5966674910848191,1.0889544463738956,0.6364923283375459,False,False,False,not_variable,1.0
9000000000007547573,KIC 7547573,,,True,0,False,dsct_flag1,True,True,143,117,26,0.35322850106001574,1.2862557168529374,1.1414141669874425,325,117,23,0.7583977349746265,1.1292572785694057,1.0042760991626287,False,False,False,not_variable,1.0
9000000000007595579,KIC 7595579,,,True,0,False,dsct_flag1,True,True,720,638,82,0.3716496960220105,1.1674580161190578,0.6766210165179246,1230,680,78,0.6163045099558474,1.1338871139157842,0.5941027994977771,False,False,False,not_variable,1.0
9000000000007613422,KIC 7613422,,,True,0,False,dsct_flag1,True,True,761,643,82,0.3694217566054675,1.179995189719649,0.5936655647349649,1203,692,81,0.6975851282536681,1.7246436013221227,0.8337446947646038,False,False,False,not_variable,1.0
9000000000007621759,KIC 7621759,,,True,0,False,dsct_flag1,True,True,752,633,82,0.4290670827205508,1.1208354493107868,0.6430788660900115,1195,690,80,0.7344758903868814,1.3179384865882329,1.4018589146051186,False,False,False,not_variable,1.0
9000000000007621793,KIC 7621793,,,True,0,False,dsct_flag1,True,True,740,632,82,0.4365207266834777,1.063189915115835,0.6192912105787102,1189,690,80,0.7314783647442386,1.1852716505569243,1.1176121560774428,False,False,False,not_variable,1.0
9000000000007687374,KIC 7687374,,,True,0,False,dsct_flag1,True,True,751,639,82,0.43594418312098415,1.3346629563174972,0.9441170562183454,1196,691,81,0.7367877631990898,1.769794157527578,1.1330794200115932,False,False,False,not_variable,1.0
9000000000007699276,KIC 7699276,,,True,0,False,dsct_flag1,True,True,277,193,47,0.5649036195839052,1.230672422421468,0.8386729776591161,560,232,47,0.9195338038376869,1.6008589922705359,1.488218393536629,False,False,False,not_variable,1.0
9000000000007750215,KIC 7750215,,,True,0,False,dsct_flag1,True,True,1401,805,84,0.8621636187370548,1.3658712350561237,0.8821425250463051,2212,839,81,1.0418840924971307,1.455864548338784,0.6942535683895751,False,False,False,not_variable,2.0
9000000000007750216,KIC 7750216,,,True,0,False,dsct_flag1,True,True,1398,808,84,0.8846956230723215,1.3052101480140916,1.0082279804669068,2334,840,81,1.0013515243250877,1.3823054281194755,0.8433803670492502,False,False,False,not_variable,2.0
9000000000007765585,KIC 7765585,,,True,0,False,dsct_flag1,True,True,548,499,77,0.2638999758195523,1.2990142372137574,0.7689273039544723,749,540,76,0.5515198907819003,1.5116915682351328,1.2786463288546055,False,False,False,not_variable,1.0
9000000000007819024,KIC 7819024,,,True,0,False,dsct_flag1,True,True,949,691,83,0.44556950701828346,1.0945765731942774,0.8596552750863405,1729,728,80,0.6438579442217841,1.1086060913199953,0.7596011246063855,False,False,False,not_variable,1.0
9000000000007838383,KIC 7838383,,,True,0,False,dsct_flag1,True,True,757,635,82,0.3779378484921423,1.231605255635729,0.7202321610449893,1196,687,80,0.7007528489870194,1.3167162468011808,1.0387554790916633,False,False,False,not_variable,1.0
9000000000007841434,KIC 7841434,,,True,0,False,dsct_flag1,True,True,755,634,82,0.3825706459803183,1.135462488806438,0.7662054257456339,1199,690,80,0.7851254090899674,1.322277865120837,1.2503008849726316,False,False,False,not_variable,1.0
9000000000007881851,KIC 7881851,,,True,0,False,dsct_flag1,True,True,132,106,30,0.3054555825622466,1.0623568736411955,0.9179671192721098,427,116,24,0.8542232097537976,1.2644953255364864,0.9974670515925981,False,False,False,not_variable,1.0
9000000000007899980,KIC 7899980,,,True,0,False,dsct_flag1,True,True,759,640,82,0.3632348228949442,1.12845704886456,0.6060543077637782,1198,689,81,0.6386302189248787,1.1121963123764587,0.7114436905386791,False,False,False,not_variable,1.0
9000000000007901718,KIC 7901718,,,True,0,False,dsct_flag1,True,True,220,161,39,0.41157662262376704,1.0410264023824713,0.9820976831436992,421,176,39,0.7365901504883101,1.3216893676112038,1.4041190098106506,False,False,False,not_variable,1.0
9000000000007904642,KIC 7904642,,,True,0,False,dsct_flag1,True,True,756,634,82,0.3595666124502663,0.878183131662755,0.47073454969693057,1196,687,80,0.7077772460147314,1.154905920716327,0.7157278578185752,False,False,False,not_variable,1.0
9000000000007909392,KIC 7909392,,,True,0,False,dsct_flag1,True,True,755,635,82,0.32382691161199056,1.030639312443477,0.7545763674090968,1201,693,80,0.6367355066178793,1.0514087195320692,0.5919279713515282,False,False,False,not_variable,1.0
9000000000007915386,KIC 7915386,,,True,0,False,dsct_flag1,True,True,817,643,82,0.49834934289205846,1.049042267862573,0.668307738267183,1264,699,80,0.7254400035537274,1.1244312083386263,0.7341688802546896,False,False,False,not_variable,1.0
9000000000007917485,KIC 7917485,,,True,0,False,dsct_flag1,True,True,1589,912,84,0.6171988725750928,1.0125294976204027,0.579716898263048,2206,965,82,0.8062296913872863,1.0220054825150706,0.9411686965204111,False,False,False,not_variable,2.0
9000000000007918737,KIC 7918737,,,True,0,False,dsct_flag1,True,True,1587,916,83,0.7135838917512197,1.0033456350322887,0.6729486751634215,2206,964,80,0.7080374345210777,1.1074557690204403,0.8166569210402115,False,False,False,not_variable,2.0
9000000000007937494,KIC 7937494,,,True,0,False,dsct_flag1,True,True,1318,812,81,0.33352085814530036,1.078964677961535,0.8106374995408926,1559,806,78,0.46654917950958585,1.0771905112257598,0.690963607188069,False,False,False,not_variable,1.0
9000000000007956461,KIC 7956461,,,True,0,False,dsct_flag1,True,True,726,646,82,0.19372832161238193,0.8661511144887906,0.58339686282377,1108,630,78,0.4171744192428754,1.0393831488481475,0.6916394414736623,False,False,False,not_variable,1.0
9000000000007977198,KIC 7977198,,,True,0,False,dsct_flag1,True,True,753,632,82,0.3164313305724503,0.8756160224455595,0.6158564353767497,1200,692,80,0.5745202297171639,0.9423930095733888,0.5366832307063625,False,False,False,not_variable,1.0
9000000000007977956,KIC 7977956,,,True,0,False,dsct_flag1,True,True,756,635,82,0.30061208338280226,0.9142773570325886,0.500837861304022,1199,693,80,0.6325881920415947,0.932715777146922,0.398951472807383,False,False,False,not_variable,1.0
9000000000007989079,KIC 7989079,,,True,0,False,dsct_flag1,True,True,1581,912,83,0.6392888868288935,0.8720427868518704,0.5646963919009695,2206,963,80,0.7132876560427651,0.9903309534626732,0.7173020178688178,False,False,False,not_variable,2.0
9000000000008004558,KIC 8004558,,,True,0,False,dsct_flag1,True,True,1370,815,82,1.6396955093191656,2.4937884498973255,1.6956795578886055,1617,805,79,1.5543100232199847,2.0637001794471685,1.3012543752062866,False,False,False,not_variable,1.0
9000000000008023217,KIC 8023217,,,True,0,False,dsct_flag1,True,True,730,650,82,0.18681909075917824,1.0493403878378302,0.7818789271553219,1245,692,78,0.5391150103329939,1.0593342143049296,0.620721596661205,False,False,False,not_variable,1.0
9000000000008038679,KIC 8038679,,,True,0,False,dsct_flag1,True,True,697,588,81,0.28223080221391994,0.9116588746312577,0.5469843229680688,971,641,77,0.5792100244988793,1.0496666198545657,0.6406191580976015,False,False,False,not_variable,1.0
9000000000008041675,KIC 8041675,,,True,0,False,dsct_flag1,True,True,755,633,81,0.4165312479574042,1.1426736916426177,0.7300512023947316,1177,683,80,0.666401114976345,1.0287755639250658,0.5281951469927023,False,False,False,not_variable,1.0
9000000000008046010,KIC 8046010,,,True,0,False,dsct_flag1,True,True,753,633,82,0.36614637931889915,1.1867260460306586,0.7224014802402292,1196,691,80,0.6734434029931123,1.160346801630085,0.7214684736871131,False,False,False,not_variable,1.0
9000000000008052082,KIC 8052082,,,True,0,False,dsct_flag1,True,True,820,646,82,0.46358664461810606,1.001067098150265,0.7162890872317365,1282,703,80,0.7277384611920847,1.0190657861941919,0.599040684427416,False,False,False,not_variable,1.0
9000000000008058127,KIC 8058127,,,True,0,False,dsct_flag1,True,True,1584,915,83,0.6841476197514894,1.0255760003241066,0.5544127321386256,2211,965,80,0.722298837687723,1.0397947406393158,0.6400571750026833,False,False,False,not_variable,2.0
9000000000008085273,KIC 8085273,,,True,0,False,dsct_flag1,True,True,730,648,83,0.356848489627213,1.295556353530774,0.6798257715433239,1206,688,79,0.6913276403544913,1.0686231936498376,0.49440689141201377,False,False,False,not_variable,1.0
9000000000008090059,KIC 8090059,,,True,0,False,dsct_flag1,True,True,1724,896,84,0.6800173796429788,1.7002217959643509,1.089969420951524,1141,657,78,0.5428829947196231,0.9930224001554621,0.5669696683718349,False,False,False,not_variable,2.0
9000000000008098120,KIC 8098120,,,True,0,False,dsct_flag1,True,True,1412,803,84,0.8678805561240087,1.5856894758546058,1.1027153400443013,2351,843,82,0.8539344924517616,1.5910032583847715,1.0629232202345242,False,False,False,not_variable,2.0
9000000000008120184,KIC 8120184,,,True,0,False,dsct_flag1,True,True,1333,788,85,1.0640553588089288,1.683099987164475,1.1840278370134965,2270,830,82,0.9540134928587407,1.5055770073924173,1.3137701525719252,False,False,False,not_variable,2.0
9000000000008121586,KIC 8121586,,,True,0,False,dsct_flag1,True,True,818,645,82,0.47956391888586986,1.158300162788577,0.8891215667424123,1275,701,80,0.7063062713347852,1.0787222629491315,0.6073948934172824,False,False,False,not_variable,1.0
9000000000008122433,KIC 8122433,,,True,0,False,dsct_flag1,True,True,754,641,82,0.38651836098824677,1.0245788202406643,0.6916931947491215,1197,692,80,0.6527433620755859,1.1198470815512478,0.6912329534576331,False,False,False,not_variable,1.0
9000000000008123377,KIC 8123377,,,True,0,False,dsct_flag1,True,True,1589,914,84,0.7155897675945037,1.2288673498067655,0.7808045463705394,2199,967,82,0.8369579064211456,1.1759031776907112,0.8559706428273108,False,False,False,not_variable,2.0
9000000000008123645,KIC 8123645,,,True,0,False,dsct_flag1,True,True,1592,917,84,0.7031929978222067,1.1634393995837466,0.7272630863670984,2205,968,82,0.8387739770008423,1.090362761231522,0.6662721784740994,False,False,False,not_variable,2.0
9000000000008125219,KIC 8125219,,,True,0,False,dsct_flag1,True,True,1522,910,83,0.7088640904026499,0.9620726075871537,0.7134216015922522,2126,953,80,0.7412348200450747,1.0417023079427694,0.774028439261725,False,False,False,not_variable,1.0
9000000000008127448,KIC 8127448,,,True,0,False,dsct_flag1,True,True,745,635,81,0.30859996969242354,1.0252982002802355,0.7138764216889131,1194,686,78,0.5634801445665173,1.2701870320854924,0.8246074692164878,False,False,False,not_variable,1.0
9000000000008129588,KIC 8129588,,,True,0,False,dsct_flag1,True,True,906,746,77,0.378483132394883,0.9036428126745591,0.4565981055294593,1117,793,75,0.5346852363639912,0.9497508926624005,0.5281699421823021,False,False,False,not_variable,1.0
9000000000008144212,KIC 8144212,,,True,0,False,dsct_flag1,True,True,2429,970,85,0.7973203513391334,1.3889732819866265,0.6717132855597663,2925,974,81,0.9235990455172328,1.4332201848986974,0.7346064666563167,False,False,False,not_variable,2.0
9000000000008150307,KIC 8150307,,,True,0,False,dsct_flag1,True,True,1881,958,84,0.7511975331087981,1.7142570947055515,1.2860760126429618,2613,990,82,1.0703913945831134,1.3730436969562683,0.8796763730236681,False,False,False,not_variable,2.0
9000000000008174267,KIC 8174267,,,True,0,False,dsct_flag1,True,True,1793,880,84,0.5099030584311912,1.0482192852514576,0.7485533571507803,2582,914,83,0.8871208409182254,1.2910801721336411,0.7596796418926385,False,False,False,not_variable,2.0
9000000000008187917,KIC 8187917,,,True,0,False,dsct_flag1,True,True,1349,789,85,0.8331227106064812,1.1481515396190538,0.8663867441290377,2287,831,82,0.9251898192516282,1.3488294070111029,1.1767101523120027,False,False,False,not_variable,2.0
9000000000008190872,KIC 8190872,,,True,0,False,dsct_flag1,True,True,1348,792,85,0.7958018549364498,1.1638246507330918,0.570638967872017,2284,834,82,0.8785559374779746,1.227292275008879,0.7675233125237869,False,False,False,not_variable,2.0
9000000000008196006,KIC 8196006,,,True,0,False,dsct_flag1,True,True,1531,912,83,0.7661801569168994,1.2662733864002296,1.0448201307293785,3290,1032,81,1.4684100544988192,1.9177463697111499,0.8083602994234942,False,False,False,not_variable,1.0
9000000000008196381,KIC 8196381,,,True,0,False,dsct_flag1,True,True,2167,990,86,0.8705048826346,1.4024355290630262,1.036039015645606,3307,1032,81,1.120523552641253,1.4779826047740106,0.8929184883716761,False,False,False,not_variable,2.0
9000000000008197220,KIC 8197220,,,True,0,False,dsct_flag1,True,True,1487,882,82,0.8767451674241458,1.059032966115194,0.6941947601647283,2206,916,78,0.789160842860294,1.167527843654054,1.6845689594023943,False,False,False,not_variable,2.0
9000000000008197355,KIC 8197355,,,True,0,False,dsct_flag1,True,True,1485,882,82,0.8366956760522973,1.0576589502462792,0.6650195733208554,2206,914,78,1.6730865389562248,2.0411038128875676,1.1192827925265967,False,False,False,not_variable,2.0
9000000000008228729,KIC 8228729,,,True,0,False,dsct_flag1,True,True,1027,717,83,0.47038019613663,1.477199714921742,1.1044465336567109,1915,758,81,0.94186218147368,1.8925856574755433,1.351813517359692,False,False,False,not_variable,1.0
9000000000008235853,KIC 8235853,,,True,0,False,dsct_flag1,True,True,689,620,82,0.4211857185047871,1.386106055995846,0.7382184554730292,1112,659,81,0.7164052309387638,1.4705698071284428,0.9352223216986015,False,False,False,not_variable,1.0
9000000000008244758,KIC 8244758,,,True,0,False,dsct_flag1,True,True,1107,751,82,0.9551781011026623,2.70940067356519,1.9186872413863199,1457,769,82,1.0909435585530778,3.0910821898596623,1.8718588012517814,True,True,False,variable,1.0
9000000000008247116,KIC 8247116,,,True,0,False,dsct_flag1,True,True,1802,886,85,1.0880014265902824,1.5924403593185887,0.9672202109380417,2555,913,83,2.40975282144662,2.393045832613524,1.3256032489639356,False,False,False,not_variable,2.0
9000000000008248296,KIC 8248296,,,True,0,False,dsct_flag1,True,True,1790,883,84,0.6167129118215136,1.0917649300554275,0.6770818202496394,2553,911,82,1.0281491210022822,1.6033948751483729,0.9294603477079804,False,False,False,not_variable,2.0
9000000000008249829,KIC 8249829,,,True,0,False,dsct_flag1,True,True,1788,883,84,0.616049829940853,1.141162780639352,0.7128965320758525,2554,913,82,0.9111197949130485,1.363047233862839,0.91518451606638,False,False,False,not_variable,2.0
9000000000008256621,KIC 8256621,,,True,0,False,dsct_flag1,True,True,1346,791,85,0.6542109295067592,1.3658740522187856,0.7753154323884298,2281,833,82,0.8398218255059858,1.0964203962827097,0.8537483932574844,False,False,False,not_variable,2.0
9000000000008256643,KIC 8256643,,,True,0,False,dsct_flag1,True,True,1390,800,85,0.7230238344344203,1.3046893582079857,0.905107938692247,2351,854,82,0.9203177005017431,1.1862444915211685,0.7510256071586321,False,False,False,not_variable,2.0
9000000000008257115,KIC 8257115,,,True,0,False,dsct_flag1,True,True,1391,801,85,0.8066833764055947,1.1638719421601975,0.7714150555063735,2355,856,82,0.9937867815614615,1.1577429769278553,0.7501962596109264,False,False,False,not_variable,2.0
9000000000008259061,KIC 8259061,,,True,0,False,dsct_flag1,True,True,2169,984,86,1.1095512619156012,1.4298693194707344,0.7909991821949615,3279,1024,83,1.202947046752906,1.5477593802279566,1.0605101746747219,False,False,False,not_variable,2.0
9000000000008261157,KIC 8261157,,,True,0,False,dsct_flag1,True,True,2145,987,86,1.0664312991629867,1.7091808254845569,1.4953653996038612,3271,1027,81,1.3814103919521827,2.069925283647805,1.533852182461107,False,False,False,not_variable,2.0
9000000000008264546,KIC 8264546,,,True,0,False,dsct_flag1,True,True,1487,882,82,0.9088129469387688,1.1658199074029925,0.699357754949014,2206,916,78,0.9135158990974415,1.0834217922521017,0.6334719934960708,False,False,False,not_variable,2.0
9000000000008264801,KIC 8264801,,,True,0,False,dsct_flag1,True,True,1494,884,82,0.9664180558926633,1.1851007638426996,0.6686556437988374,2211,917,78,0.9537685053954377,0.970857577803646,0.6702793580473821,False,False,False,not_variable,2.0
9000000000008264824,KIC 8264824,,,True,0,False,dsct_flag1,True,True,1487,883,82,0.9823507700831465,1.1767762161076625,0.6849894113441259,2206,914,78,1.0568432952643831,1.1538535744121137,0.6716600114784175,False,False,False,not_variable,2.0
9000000000008265244,KIC 8265244,,,True,0,False,dsct_flag1,True,True,1476,878,81,1.0385262320902604,1.2445351922256709,0.6770061319069554,2192,914,78,0.9539933620434237,1.1784036592833127,0.8529724325725047,False,False,False,not_variable,2.0
9000000000008265481,KIC 8265481,,,True,0,False,dsct_flag1,True,True,1230,816,82,1.0916297878502335,1.391188296194305,0.9640182650596358,1938,855,78,0.8828245401358047,1.0404742576142416,0.809460258925196,False,False,False,not_variable,1.0
9000000000008282338,KIC 8282338,,,True,0,False,dsct_flag1,True,True,1214,796,83,0.44615930587958524,0.8027229147920073,0.38571337293150093,1506,809,79,0.7004672808883048,0.9577344665956486,0.5530166749643207,False,False,False,not_variable,1.0
9000000000008299332,KIC 8299332,,,True,0,False,dsct_flag1,True,True,1573,844,84,0.8390654603945524,1.7931454935791222,1.37567291628933,2179,882,82,1.0560423678776476,1.662264682886689,1.0312180193881075,False,False,False,not_variable,2.0
9000000000008308688,KIC 8308688,,,True,0,False,dsct_flag1,True,True,1660,865,84,0.8490829984784583,1.2343099735218475,0.7819107465757545,2251,898,83,0.956939039523663,1.5110366293853554,0.8672966623326647,False,False,False,not_variable,2.0
9000000000008311110,KIC 8311110,,,True,0,False,dsct_flag1,True,True,1221,770,83,0.5559725876413933,0.8232670228063594,0.591901521909298,1720,790,83,0.8752302345958612,1.0539269927293877,0.6807570192057909,False,False,False,not_variable,1.0
9000000000008314246,KIC 8314246,,,True,0,False,dsct_flag1,True,True,1148,755,81,0.6051009619203338,1.0861107725869226,0.7068326360642001,1507,772,81,0.7663124690819054,1.1638021467168014,0.7296704826268495,False,False,False,not_variable,1.0
9000000000008314525,KIC 8314525,,,True,0,False,dsct_flag1,True,True,1817,889,84,0.987558214382812,1.6162897476550677,0.9187636176451802,2605,918,82,1.395229134539932,1.7339904456222273,1.0779794267604261,False,False,False,not_variable,2.0
9000000000008315263,KIC 8315263,,,True,0,False,dsct_flag1,True,True,1246,777,82,0.7925157509932742,1.1681272433565744,0.6500417736612855,1755,790,82,1.1430933668516916,1.2270657260513365,0.8117547522307553,False,False,False,not_variable,1.0
9000000000008322016,KIC 8322016,,,True,0,False,dsct_flag1,True,True,1422,796,85,0.9607642372111524,1.570603379707011,1.1560925498698036,2365,847,82,1.1043622210122783,1.5014056214719333,1.033244204321196,False,False,False,not_variable,2.0
9000000000008322243,KIC 8322243,,,True,0,False,dsct_flag1,True,True,776,626,80,0.28571633740889263,1.0840231972854921,0.8025479335519113,1309,665,76,0.7700912300448269,1.2476835487810474,0.8449638852726107,False,False,False,not_variable,1.0
9000000000008323981,KIC 8323981,,,True,0,False,dsct_flag1,True,True,1158,768,83,0.5212228819856982,1.3051621113433571,0.9315480032212011,1838,820,79,0.9578806581254251,1.4052347969897205,0.6114224100253551,False,False,False,not_variable,1.0
9000000000008329014,KIC 8329014,,,True,0,False,dsct_flag1,True,True,610,563,80,0.22391077512019553,0.932375023323003,0.6827316526974687,1406,726,77,0.817871128788219,1.365405149587888,0.6750555742561147,False,False,False,not_variable,1.0
9000000000008330102,KIC 8330102,,,True,0,False,dsct_flag1,True,True,705,609,80,0.30762803527446064,1.0249150466190915,0.6745277898380108,1240,659,76,0.8200223174786783,1.3142115620665564,0.8284452669231307,False,False,False,not_variable,1.0
9000000000008330712,KIC 8330712,,,True,0,False,dsct_flag1,True,True,1471,876,82,1.1022189706762673,1.3057633237934414,0.5868047076348915,2188,909,78,1.2484190378504765,1.531935456225999,0.7532616527020217,False,False,False,not_variable,2.0
9000000000008330778,KIC 8330778,,,True,0,False,dsct_flag1,True,True,1470,874,82,1.0436378313058978,1.1825613252594325,0.5788110013070493,2188,908,78,1.0701432024941533,1.1950726381235004,0.6025068672491781,False,False,False,not_variable,2.0
9000000000008330895,KIC 8330895,,,True,0,False,dsct_flag1,True,True,1174,780,81,0.6803886367560708,1.2550817084773538,0.6985032619089003,1875,821,77,0.9919310988975375,1.249350041536065,0.9648878309557382,False,False,False,not_variable,1.0
9000000000008330910,KIC 8330910,,,True,0,False,dsct_flag1,True,True,696,605,80,0.24392060639937851,0.8657601456238156,0.5503926907068942,1677,786,77,0.9409154141281945,1.3513570295744575,0.8778701929038176,False,False,False,not_variable,1.0
9000000000008332193,KIC 8332193,,,True,0,False,dsct_flag1,True,True,1447,865,82,1.5651703478344594,1.678251045738994,0.6247045350175363,2167,900,78,1.5995235038726658,1.870018701237285,0.7824072081067805,False,False,False,not_variable,2.0
9000000000008345453,KIC 8345453,,,True,0,False,dsct_flag1,True,True,1169,778,83,0.3478997451605508,0.7585341058032953,0.5297660105453815,1441,787,80,0.8205196914891725,0.9220954643251561,0.6057241821536004,False,False,False,not_variable,1.0
9000000000008346686,KIC 8346686,,,True,0,False,dsct_flag1,True,True,54,37,18,0.5631936800589896,1.006822040786638,0.7908147260715896,71,49,19,0.5521098096466459,1.1554693009133168,0.7496779222588071,False,False,False,not_variable,1.0
9000000000008357961,KIC 8357961,,,True,0,False,dsct_flag1,True,True,1236,762,81,0.5128345765917147,0.9718590889961807,0.8242382143440901,1581,767,82,0.7283793133575387,1.0658264441475347,0.712276286868702,False,False,False,not_variable,1.0
9000000000008376471,KIC 8376471,,,True,0,False,dsct_flag1,True,True,1169,759,82,0.6210486360937164,0.984238058413386,0.7085271594860997,1530,780,82,0.9016435822589726,1.2080466850633456,0.5555075897084716,False,False,False,not_variable,1.0
9000000000008391086,KIC 8391086,,,True,0,False,dsct_flag1,True,True,716,621,80,0.26703671348245867,0.9020148711372884,0.6231863331453503,1221,655,76,0.6460682748905741,1.1860285284299765,0.6339857656231939,False,False,False,not_variable,1.0
9000000000008393922,KIC 8393922,,,True,0,False,dsct_flag1,True,True,707,611,80,0.282943414584633,0.7580228834074524,0.4854434471722372,1240,659,76,0.7751229456647468,1.22316407148475,0.7812627850652324,False,False,False,not_variable,1.0
9000000000008395203,KIC 8395203,,,True,0,False,dsct_flag1,True,True,642,592,80,0.18010384455671666,0.7630840181962449,0.5285385531405477,1163,630,76,0.6569529076574854,1.195574630537685,0.6026797051860383,False,False,False,not_variable,1.0
9000000000008396062,KIC 8396062,,,True,0,False,dsct_flag1,True,True,705,610,80,0.23366305447593774,0.8404245741656001,0.5924223229979575,1140,620,76,0.6554350476459294,1.1851988001015172,0.7260633445865267,False,False,False,not_variable,1.0
9000000000008396791,KIC 8396791,,,True,0,False,dsct_flag1,True,True,188,150,39,0.38442294211507316,1.0617453354223747,0.9593157279051787,487,163,35,0.8417349434338594,1.611788781309939,1.7384758686415018,False,False,False,not_variable,1.0
9000000000008396901,KIC 8396901,,,True,0,False,dsct_flag1,True,True,613,523,80,0.3224450720170697,0.9882569401611977,0.8382276613772558,1138,561,76,0.7246511841724942,1.2354656595479936,1.0142379317923913,False,False,False,not_variable,1.0
9000000000008420644,KIC 8420644,,,True,0,False,dsct_flag1,True,True,1712,821,84,0.915572001006249,1.2210631506815015,0.8847445678534831,2284,824,82,1.1581097600986074,1.1411470235130954,0.7514281456401758,False,False,False,not_variable,1.0
9000000000008429634,KIC 8429634,,,True,0,False,dsct_flag1,True,True,267,119,14,0.5460169448814988,1.1178866693996932,1.0667779922514902,597,131,13,0.9947385395459984,1.7569332228586498,1.2069350776898522,False,False,False,not_variable,2.0
9000000000008452639,KIC 8452639,,,True,0,False,dsct_flag1,True,True,778,627,80,0.35595159461955034,0.8360327352699986,0.4802314059342161,1312,666,76,0.7149600731948463,1.1392291071420209,0.6528268393726783,False,False,False,not_variable,1.0
9000000000008460683,KIC 8460683,,,True,0,False,dsct_flag1,True,True,709,612,80,0.23259166750816698,0.6435702265144174,0.46688358783100764,1242,659,76,0.6214995465122889,0.9732416717203745,0.5236902273839291,False,False,False,not_variable,1.0
9000000000008461125,KIC 8461125,,,True,0,False,dsct_flag1,True,True,708,611,80,0.23880573303888294,0.6900794485382844,0.41049229716868274,1240,659,76,0.7058313090524326,1.1094630732603357,0.6068916666849491,False,False,False,not_variable,1.0
9000000000008500899,KIC 8500899,,,True,0,False,dsct_flag1,True,True,419,199,32,1.241654990701976,1.7933781195737766,1.9474195223400008,649,196,33,3.427369891901494,3.157899324574862,2.004797663873528,True,False,False,variable,2.0
9000000000008504544,KIC 8504544,,,True,0,False,dsct_flag1,True,True,62,43,21,0.3408240020375088,1.4058760668511139,1.4502851527707434,79,54,22,0.6256191058843161,1.1762286280801773,1.1245941776106685,False,False,False,not_variable,1.0
9000000000008508096,KIC 8508096,,,True,0,False,dsct_flag1,True,True,1172,761,82,0.43403577244472463,0.7195316122664656,0.6068552761506285,1531,780,82,0.694550412288126,0.9779213504463673,0.5826859010962513,False,False,False,not_variable,1.0
9000000000008516900,KIC 8516900,,,True,0,False,dsct_flag1,True,True,780,628,80,0.4191580894356134,1.079177830391547,0.5535353148430263,1314,666,76,0.7814686568571928,1.4075771711324596,0.9450034855189797,False,False,False,not_variable,1.0
9000000000008520436,KIC 8520436,,,True,0,False,dsct_flag1,True,True,716,621,80,0.2619732075555161,0.8068082631647423,0.5280256467727575,1222,657,76,0.7073330870586428,1.224504345250932,0.5813294916451204,False,False,False,not_variable,1.0
9000000000008523595,KIC 8523595,,,True,0,False,dsct_flag1,True,True,708,611,80,0.37797157394710545,1.1169347742701579,0.7432652584482963,1240,658,76,0.7410800076336752,1.2902467334614516,0.6266921633525457,False,False,False,not_variable,1.0
9000000000008524953,KIC 8524953,,,True,0,False,dsct_flag1,True,True,704,610,80,0.3539427823746296,1.2469934969525835,0.8296365867618377,690,423,76,0.7950292128493751,1.7527496096135513,1.1107482459843994,False,False,False,not_variable,1.0
9000000000008560867,KIC 8560867,,,True,0,False,dsct_flag1,True,True,1109,721,80,0.49170928180950146,0.8421052987658099,0.41146726929189426,1522,770,82,0.7846794505666999,1.0665745277818044,0.6119986725287931,False,False,False,not_variable,1.0
9000000000008571022,KIC 8571022,,,True,0,False,dsct_flag1,True,True,1170,761,82,0.45308954694188525,0.6643674298418644,0.5495617053633242,1533,780,82,0.7196795874360186,1.002889816164869,0.7042277126846554,False,False,False,not_variable,1.0
9000000000008585472,KIC 8585472,,,True,0,False,dsct_flag1,True,True,716,621,80,0.24214795898044705,0.7839782213086197,0.48240312016397063,1218,654,76,0.6723894267009868,1.0439054430249044,0.516887015789002,False,False,False,not_variable,1.0
9000000000008620684,KIC 8620684,,,True,0,False,dsct_flag1,True,True,1143,733,81,0.42285109697312157,0.9923675724438455,0.9563011900584629,1515,765,82,0.8551999224893455,1.131667884494067,0.6548558535289953,False,False,False,not_variable,1.0
9000000000008625580,KIC 8625580,,,True,0,False,dsct_flag1,True,True,1111,723,80,0.38692462871791333,0.8261120012670787,0.5346147873754024,1520,768,82,0.7858376124114892,1.0863198280664033,0.7066243640467156,False,False,False,not_variable,1.0
9000000000008640132,KIC 8640132,,,True,0,False,dsct_flag1,True,True,1152,755,81,0.42575716761444565,0.7420318738549961,0.5621662879962717,1514,774,81,0.7635378961533856,1.0306683402448005,0.4026803937353217,False,False,False,not_variable,1.0
9000000000008646235,KIC 8646235,,,True,0,False,dsct_flag1,True,True,273,181,48,0.5106094485386798,1.387401944557889,1.330204720006636,606,198,43,1.038364534179067,1.5572651378061484,1.3945966519967723,False,False,False,not_variable,1.0
9000000000008648251,KIC 8648251,,,True,0,False,dsct_flag1,True,True,774,623,80,0.45219874657022524,1.7207013120130403,1.438830351461302,1305,661,76,0.8415429312459156,1.54216435124133,1.1068057850916724,False,False,False,not_variable,1.0
9000000000008648866,KIC 8648866,,,True,0,False,dsct_flag1,True,True,282,255,72,1.0781615200611423,4.202731197465261,3.912921041994904,566,322,68,3.5014379144235823,5.818642422266652,4.207325488906372,True,True,True,variable,1.0
9000000000008649814,KIC 8649814,,,True,0,False,dsct_flag1,True,True,715,618,80,0.44717350776161674,1.6169824000422235,1.0809360100949192,1230,654,76,1.0837347319044053,1.8725269171052044,0.8883325342067637,False,False,False,not_variable,1.0
9000000000008650819,KIC 8650819,,,True,0,False,dsct_flag1,True,True,64,46,20,0.4547612816838054,0.8638045766348758,0.6357714791241619,69,47,16,0.35974087688450557,0.9806967027113856,0.7178778428959365,False,False,False,not_variable,1.0
9000000000008653563,KIC 8653563,,,True,0,False,dsct_flag1,True,True,641,592,80,0.1431715683169494,0.7299836039911898,0.4992369687662659,1163,630,76,0.6684635508224476,1.0759252723712782,0.8358434620365757,False,False,False,not_variable,1.0
9000000000008716028,KIC 8716028,,,True,0,False,dsct_flag1,True,True,691,597,81,0.33724608366200265,0.9652885310434495,0.6325748618601471,1217,649,76,0.8066681239405064,1.3572216073362935,0.7924651642851104,False,False,False,not_variable,1.0
9000000000008758366,KIC 8758366,,,True,0,False,dsct_flag1,True,True,1183,767,82,0.4707720564357991,0.8825483179921392,0.4029044339196476,1557,791,83,0.836063509798669,1.3924348190462368,1.1131392817385555,False,False,False,not_variable,1.0
9000000000008777609,KIC 8777609,,,True,0,False,dsct_flag1,True,True,730,631,81,0.3227579012008778,0.9755489860120587,0.679263823938135,1215,640,76,0.6474380510562556,1.7602386030964947,1.2016949511463457,False,False,False,not_variable,1.0
9000000000008777843,KIC 8777843,,,True,0,False,dsct_flag1,True,True,727,629,81,0.3289369129624398,1.0040556086639856,0.7383841663410391,1219,645,76,0.6733822352186963,1.977201379643499,1.0909510168716967,False,False,False,not_variable,1.0
9000000000008783270,KIC 8783270,,,True,0,False,dsct_flag1,True,True,706,609,81,0.33510601706140153,0.9526351037950831,0.5930008280699874,1245,663,76,0.8832467414062738,1.5169080495431653,0.922938226113148,False,False,False,not_variable,1.0
9000000000008848942,KIC 8848942,,,True,0,False,dsct_flag1,True,True,718,621,81,0.3080678651876055,0.8159708009762967,0.5351344702884675,1242,664,76,0.8275492495143896,1.5687609668845761,0.7872420275259837,False,False,False,not_variable,1.0
9000000000008907618,KIC 8907618,,,True,0,False,dsct_flag1,True,True,789,636,81,0.2844764313465636,0.6225833342337462,0.47870563559561263,1314,668,76,0.6866580891642908,1.2802707298917144,0.9160946739676386,False,False,False,not_variable,1.0
9000000000008908544,KIC 8908544,,,True,0,False,dsct_flag1,True,True,785,634,81,0.3918276489389922,0.8123858507648362,0.630527798324816,1300,664,76,0.6284700861135076,0.9723639757727542,0.4427642637104134,False,False,False,not_variable,1.0
9000000000008908767,KIC 8908767,,,True,0,False,dsct_flag1,True,True,788,636,81,0.4698692385914517,1.1079052787415538,0.7723857031306818,1313,668,76,0.7468905828301956,1.2157963332954498,0.6864141463371213,False,False,False,not_variable,1.0
9000000000008912730,KIC 8912730,,,True,0,False,dsct_flag1,True,True,710,613,81,0.33123407155639395,0.8003121878870486,0.6653055158803426,1249,665,76,0.7236826334172647,1.2100476903371726,0.7484432120739007,False,False,False,not_variable,1.0
9000000000008916266,KIC 8916266,,,True,0,False,dsct_flag1,True,True,502,421,75,0.5168702403528351,1.3878080956529304,1.0869706302701307,1027,471,71,0.9807184714552708,1.4768026151582612,0.8692419726753425,False,False,False,not_variable,1.0
9000000000008960514,KIC 8960514,,,True,0,False,dsct_flag1,True,True,1179,765,82,0.5142074822821278,0.811957551432862,0.7214087400193796,1557,793,83,0.7532562993786193,0.9656298325874887,0.8462422083938609,False,False,False,not_variable,1.0
9000000000008963002,KIC 8963002,,,True,0,False,dsct_flag1,True,True,62,43,21,0.5199203856971963,1.6976025439433537,1.6654416543857153,76,53,21,0.34327469138882644,1.4313957958219585,1.3040021746934927,False,False,False,not_variable,1.0
9000000000008974140,KIC 8974140,,,True,0,False,dsct_flag1,True,True,790,637,81,0.3355088368932923,0.8458746620576624,0.559556274477507,1313,660,76,0.7108603135016617,1.1549913660812463,0.711042570400148,False,False,False,not_variable,1.0
9000000000008975644,KIC 8975644,,,True,0,False,dsct_flag1,True,True,791,637,81,0.4521224608887631,0.9668126182470973,0.448760673792455,1313,662,76,0.7939946183326099,1.3417495354137772,0.82692757485927,False,False,False,not_variable,1.0
9000000000008976589,KIC 8976589,,,True,0,False,dsct_flag1,True,True,789,636,81,0.35278929963267186,0.6724781269934442,0.5001674449149096,1313,667,76,0.6015181353669974,1.129658636662091,0.6225150584327819,False,False,False,not_variable,1.0
9000000000008979487,KIC 8979487,,,True,0,False,dsct_flag1,True,True,727,629,81,0.2516363511050397,0.7799713043919206,0.5779485398915744,1240,660,76,0.6426430076029712,1.0935416223450498,0.8658989445616394,False,False,False,not_variable,1.0
9000000000009005210,KIC 9005210,,,True,0,False,dsct_flag1,True,True,1228,795,84,0.5480665161769519,0.9269525495476488,0.5320839654956872,1467,797,80,0.6679201692008505,0.9497000740555325,0.5280427404020663,False,False,False,not_variable,1.0
9000000000009028104,KIC 9028104,,,True,0,False,dsct_flag1,True,True,691,379,53,1.1099962967287844,2.1372595294201586,1.444570273185262,1029,388,57,0.8039857812975806,1.9947525119665588,2.970719028046833,True,False,False,variable,1.0
9000000000009051487,KIC 9051487,,,True,0,False,dsct_flag1,True,True,708,612,81,0.2689239000269095,0.7840530656327539,0.49555686091256357,1247,664,76,0.6520408211394556,1.1001713129343025,0.6572343854108845,False,False,False,not_variable,1.0
9000000000009115188,KIC 9115188,,,True,0,False,dsct_flag1,True,True,64,46,20,0.49046565724884206,0.9404860448967348,1.1300186155153695,78,51,16,0.5048727245030029,0.931751121443946,0.4109557547121347,False,False,False,not_variable,1.0
9000000000009118716,KIC 9118716,,,True,0,False,dsct_flag1,True,True,646,596,81,0.2911525755302637,1.0013935832399739,0.7771113384955834,1169,636,76,0.6120045934281056,1.0841660612843418,1.0694110185909276,False,False,False,not_variable,1.0
9000000000009119402,KIC 9119402,,,True,0,False,dsct_flag1,True,True,709,612,81,0.35856624649722724,1.1678094731869972,0.8707434601629034,1246,664,76,0.6487371001213874,1.2814136140701229,0.6865736704196194,False,False,False,not_variable,1.0
9000000000009137447,KIC 9137447,,,True,0,False,dsct_flag1,True,True,1274,807,84,0.5292140310723291,1.0179295043488894,0.7081105905230636,1534,815,81,0.8204372944607894,1.1459119295509292,0.6088027191168279,False,False,False,not_variable,1.0
9000000000009152634,KIC 9152634,,,True,0,False,dsct_flag1,True,True,1179,753,81,1.4318884754193262,2.2241620404983156,1.3037215775436999,1540,773,81,1.2461502362480705,1.8524723670740229,0.9672372276235963,False,False,False,not_variable,1.0
9000000000009171954,KIC 9171954,,,True,0,False,dsct_flag1,True,True,1838,974,86,0.7134578275461176,1.1245500445069039,0.7030988205044052,2695,989,82,0.996359076709802,1.3412378931434066,0.7615187077910368,False,False,False,not_variable,2.0
9000000000009178501,KIC 9178501,,,True,0,False,dsct_flag1,True,True,727,629,81,0.24661881784050915,0.695636303638135,0.36626374677227974,1240,660,76,0.7268580639241329,1.195693333613052,1.016976193235738,False,False,False,not_variable,1.0
9000000000009180906,KIC 9180906,,,True,0,False,dsct_flag1,True,True,709,612,81,0.2825135401050409,0.8118259285575068,0.5595876921787438,1248,665,76,0.6251477503995538,1.0746757932236422,0.7141210802853636,False,False,False,not_variable,1.0
9000000000009206046,KIC 9206046,,,True,0,False,dsct_flag1,True,True,1267,797,84,0.6780504871654138,1.538059929444271,0.8837105684979716,1532,806,81,0.8661220664299517,2.2981916664352835,1.5316833149928593,False,False,False,not_variable,1.0
9000000000009210037,KIC 9210037,,,True,0,False,dsct_flag1,True,True,931,661,80,0.7784999838870789,1.6017142609806814,1.1049929484157142,1267,670,79,0.7394914919573626,1.5270121357860702,0.9961518207834971,False,False,False,not_variable,1.0
9000000000009214444,KIC 9214444,,,True,0,False,dsct_flag1,True,True,1111,730,81,0.5117533686515309,1.1427411112737553,1.1059296651401764,1462,748,81,0.9033899460539254,1.2972275614728919,0.8624724395003592,False,False,False,not_variable,1.0
9000000000009228115,KIC 9228115,,,True,0,False,dsct_flag1,True,True,819,599,79,0.472625823349669,1.2671527791305885,0.5694539115076366,1214,650,80,0.8540930286221803,1.519515214087587,1.0113239994112135,False,False,False,not_variable,1.0
9000000000009242059,KIC 9242059,,,True,0,False,dsct_flag1,True,True,724,626,81,0.24179121679987678,0.8612963941027353,0.5742527603411278,1238,659,76,0.7804124467450317,1.5767967222714059,1.3826305647525758,False,False,False,not_variable,1.0
9000000000009244177,KIC 9244177,,,True,0,False,dsct_flag1,True,True,710,613,81,0.26257581710618677,0.7572154357795676,0.610546846909396,1247,663,76,0.6300796145336542,1.131148344527102,0.6290956005680531,False,False,False,not_variable,1.0
9000000000009244992,KIC 9244992,,,True,0,False,dsct_flag1,True,True,646,596,81,0.3019854179527697,1.3675431460378187,0.867939919312793,1172,638,76,0.7813668066230322,1.5393491667956183,1.191876128558209,False,False,False,not_variable,1.0
9000000000009265050,KIC 9265050,,,True,0,False,dsct_flag1,True,True,54,37,18,0.5412523747066449,1.0710232490400167,0.9405144251322497,71,49,19,0.5681960694241788,1.03320729732628,0.6631576363863824,False,False,False,not_variable,1.0
9000000000009291275,KIC 9291275,,,True,0,False,dsct_flag1,True,True,62,43,21,0.4167618107545952,0.8765821944746927,0.7996456308174046,79,54,22,0.5197364795897658,1.0336915824188795,1.0127686635263515,False,False,False,not_variable,1.0
9000000000009304409,KIC 9304409,,,True,0,False,dsct_flag1,True,True,64,46,20,0.4802328452318865,0.9440160689807542,1.1540688913091144,77,51,16,0.4355068062305319,0.7720149982669982,0.65706382228144,False,False,False,not_variable,1.0
9000000000009324334,KIC 9324334,,,True,0,False,dsct_flag1,True,True,54,37,18,0.5723309047235758,1.9754852705274288,1.893885769144335,69,48,19,0.4362230940726417,1.2740695291710051,1.0704918356421835,False,False,False,not_variable,1.0
9000000000009343888,KIC 9343888,,,True,0,False,dsct_flag1,True,True,60,42,20,0.4508863054847196,0.9024592137493186,0.9429139481555497,64,47,21,0.43811449767006355,1.2046337468528654,1.12422435051281,False,False,False,not_variable,1.0
9000000000009364179,KIC 9364179,,,True,0,False,dsct_flag1,True,True,124,59,22,0.8426014636372883,1.2756850762841239,1.2140018580098269,151,69,22,1.1070919506213226,1.251928304205794,0.9004790324973472,False,False,False,not_variable,2.0
9000000000009366994,KIC 9366994,,,True,0,False,dsct_flag1,True,True,61,43,20,0.5851542877805198,1.3761676970603274,1.1709104468294842,76,50,16,0.6396663493658917,1.5165182826047616,1.2042486960445635,False,False,False,not_variable,1.0
9000000000009415300,KIC 9415300,,,True,0,False,dsct_flag1,True,True,1128,760,82,0.5819310319367474,1.1454021484655919,1.029750360063205,1477,778,81,0.7214616011837541,1.2426269452346228,0.7996225889000593,False,False,False,not_variable,1.0
9000000000009466030,KIC 9466030,,,True,0,False,dsct_flag1,True,True,1096,740,82,0.39249379912544596,0.8680058144028966,0.6330343198091178,1452,756,82,0.699857416953324,1.0807272936416772,0.7150496923350815,False,False,False,not_variable,1.0
9000000000009469775,KIC 9469775,,,True,0,False,dsct_flag1,True,True,1118,756,82,0.3432987994996513,1.1416972059051609,0.7865330362601729,1413,771,83,0.6148564403671601,1.535248719167288,1.2309106682326056,False,False,False,not_variable,1.0
9000000000009471399,KIC 9471399,,,True,0,False,dsct_flag1,True,True,1103,752,82,2.9703264185109437,5.07869707831031,3.2669033197210644,1483,775,83,2.9600914225101396,4.291462394878021,2.685849654458008,True,True,True,variable,1.0
9000000000009488445,KIC 9488445,,,True,0,False,dsct_flag1,True,True,659,607,81,0.2146215312956161,1.3894208877411356,0.7010320073137664,1165,631,76,0.8104578549061496,1.4879515147111317,0.972621879173545,False,False,False,not_variable,1.0
9000000000009488454,KIC 9488454,,,True,0,False,dsct_flag1,True,True,657,605,81,0.21425912997983232,0.8725977613325095,0.6188112567646799,1167,632,76,0.7406179346109103,1.3890922694243644,0.738918174341925,False,False,False,not_variable,1.0
9000000000009529640,KIC 9529640,,,True,0,False,dsct_flag1,True,True,1117,754,82,0.2914869651939145,1.1943992871439968,1.0149798777468457,1478,772,83,0.5263057697876968,1.1997125585269646,0.9339581045754645,False,False,False,not_variable,1.0
9000000000009536515,KIC 9536515,,,True,0,False,dsct_flag1,True,True,1130,760,82,0.48341073169186183,1.0116142688785805,0.7791457802096745,1476,777,82,0.6826872759578888,1.172679199376148,0.8746363922908784,False,False,False,not_variable,1.0
9000000000009594915,KIC 9594915,,,True,0,False,dsct_flag1,True,True,1163,761,82,0.7359118212920659,1.5896969636314295,0.9402126798970473,1557,786,83,0.7612203399475409,1.479778923918468,1.1613729311308671,False,False,False,not_variable,1.0
9000000000009596355,KIC 9596355,,,True,0,False,dsct_flag1,True,True,1160,762,82,0.3808309999417197,1.1735650876163135,0.9374320891584786,1558,786,83,0.5739840104164011,1.331766052612499,0.9781415702168308,False,False,False,not_variable,1.0
9000000000009612697,KIC 9612697,,,True,0,False,dsct_flag1,True,True,734,634,81,0.30025970056820733,0.8380817547832153,0.5548800420431352,1248,665,76,0.6795064110254486,1.2662542906773615,0.5991903770772724,False,False,False,not_variable,1.0
9000000000009613175,KIC 9613175,,,True,0,False,dsct_flag1,True,True,737,636,81,0.2697492450778511,0.7385964458384175,0.5961673305036863,1253,668,76,0.6807191009362987,1.1272061807244438,0.5867393444829931,False,False,False,not_variable,1.0
9000000000009614124,KIC 9614124,,,True,0,False,dsct_flag1,True,True,673,619,81,0.2645121058259078,0.9761966423681238,0.7394289675503435,1170,636,76,0.697879055098282,1.2184687790038524,0.9295505206351559,False,False,False,not_variable,1.0
9000000000009630640,KIC 9630640,,,True,0,False,dsct_flag1,True,True,1080,674,81,0.7042676930101436,1.8025408835542625,1.10356473929758,1360,665,75,0.8852257784340001,2.180398448679227,1.2385217099065817,False,False,False,not_variable,1.0
9000000000009640891,KIC 9640891,,,True,0,False,dsct_flag1,True,True,2404,1024,84,0.7875328949813043,1.3256579320598005,0.6308294019872197,2956,1023,84,0.9363698888560812,0.923666134424579,0.45145036194989757,False,False,False,not_variable,2.0
9000000000009649801,KIC 9649801,,,True,0,False,dsct_flag1,True,True,1156,749,82,0.5891880732861275,1.1050724914897416,0.6491997045420439,1533,769,82,0.702745482728623,1.0809404468705108,0.6213537033738451,False,False,False,not_variable,1.0
9000000000009656741,KIC 9656741,,,True,0,False,dsct_flag1,True,True,1113,718,82,0.47452284076545304,1.162614016709244,0.8000989730989508,1503,740,82,0.5896814889410887,1.1463155629270656,0.8442956875927229,False,False,False,not_variable,1.0
9000000000009666465,KIC 9666465,,,True,0,False,dsct_flag1,True,True,725,629,81,0.26997686874599935,0.9046065002477672,0.7129397107708547,1207,649,76,0.7718355909098825,1.1243145448899958,0.7694536835400598,False,False,False,not_variable,1.0
9000000000009699950,KIC 9699950,,,True,0,False,dsct_flag1,True,True,1279,814,84,0.7061113496736813,1.238010956868493,0.7126339673804841,1502,807,80,0.8659783181941592,1.261458333729765,0.7120717097632246,False,False,False,not_variable,1.0
9000000000009706609,KIC 9706609,,,True,0,False,dsct_flag1,True,True,1168,755,82,0.46223059441824405,0.8309652055498578,0.5255312631943451,1528,765,81,0.69220554763194,0.9369655837276405,0.5055991274874448,False,False,False,not_variable,1.0
9000000000009716528,KIC 9716528,,,True,0,False,dsct_flag1,True,True,1161,760,82,0.3411369498772125,1.188690125668057,0.8497377357849881,1547,785,83,0.505085609911108,1.215534110363875,0.9715944807772086,False,False,False,not_variable,1.0
9000000000009716609,KIC 9716609,,,True,0,False,dsct_flag1,True,True,1163,761,82,0.37793146266356403,1.251721947688901,0.8948164684309409,1558,785,83,0.5611314127128098,1.245326969705143,0.9688637188065821,False,False,False,not_variable,1.0
9000000000009724292,KIC 9724292,,,True,0,False,dsct_flag1,True,True,1186,766,82,0.7195164507624279,1.0238168409085908,0.5063496075163105,1559,786,81,0.82481513579102,1.1269933668612788,0.6012693074717441,False,False,False,not_variable,1.0
9000000000009725543,KIC 9725543,,,True,0,False,dsct_flag1,True,True,1851,979,86,0.8778086512138734,1.2346332651150251,0.8681847327326846,2724,996,82,0.9257523052129336,1.1192055708523647,0.5702021473341853,False,False,False,not_variable,2.0
9000000000009730397,KIC 9730397,,,True,0,False,dsct_flag1,True,True,783,633,81,0.343116143385791,0.6711523441298664,0.4381415905448765,1327,674,76,0.7659958721336539,1.066494714666846,0.6122628520542993,False,False,False,not_variable,1.0
9000000000009788612,KIC 9788612,,,True,0,False,dsct_flag1,True,True,785,635,81,0.925424910606649,2.4653120322223248,1.3186431865365913,1313,668,76,1.4274813092477174,2.125379739923087,0.9607464638199371,False,False,False,not_variable,1.0
9000000000009812716,KIC 9812716,,,True,0,False,dsct_flag1,True,True,1237,795,83,0.6026084197277801,1.0973502403629642,0.690099126282477,1512,793,79,0.8197150505101332,1.1048876887092078,0.7840231182614925,False,False,False,not_variable,1.0
9000000000009818160,KIC 9818160,,,True,0,False,dsct_flag1,True,True,1231,776,84,0.4054231018045808,1.5572671693239166,1.1884402178365048,1499,773,81,0.7071887299355367,1.2038397793763402,0.7404406901173634,False,False,False,not_variable,1.0
9000000000009837573,KIC 9837573,,,True,0,False,dsct_flag1,True,True,1155,759,82,0.37466370001694604,1.1613583362524451,0.7925704905377213,1055,646,83,0.5187687379168443,1.2652013274829226,1.0359116473023042,False,False,False,not_variable,1.0
9000000000009839184,KIC 9839184,,,True,0,False,dsct_flag1,True,True,1159,759,82,0.43079339819334916,1.1173177482438161,0.7831090449433338,1553,786,83,0.642214841957669,1.2800562437226313,0.8927414679607039,False,False,False,not_variable,1.0
9000000000009845898,KIC 9845898,,,True,0,False,dsct_flag1,True,True,1689,930,86,0.937839875269419,1.192020589733226,0.8089290838219176,2496,952,81,0.9153503841812767,1.0041581855185475,0.5035848486841783,False,False,False,not_variable,2.0
9000000000009849107,KIC 9849107,,,True,0,False,dsct_flag1,True,True,788,637,81,0.7619956041601096,1.8380213327082042,1.1807088748079797,1324,671,76,1.3327728709157074,1.6342496470269867,0.8495667495574027,False,False,False,not_variable,1.0
9000000000009851822,KIC 9851822,,,True,0,False,dsct_flag1,True,True,787,635,81,0.4135588740627957,1.0807197124033527,0.8145733067195008,1328,674,76,0.8497093039277477,1.2157748112158866,0.5554179241661554,False,False,False,not_variable,1.0
9000000000009895857,KIC 9895857,,,True,0,False,dsct_flag1,True,True,1108,749,82,0.37988042425177393,1.1880231530847893,0.8194027935588982,1468,770,83,0.6569729247570907,1.5094113587724622,1.1912184931252565,False,False,False,not_variable,1.0
9000000000009896277,KIC 9896277,,,True,0,False,dsct_flag1,True,True,583,296,50,0.5357927620897102,0.9775156746212269,1.0521488032333717,622,269,46,0.6906151971503285,1.1769561986450432,0.9935045585096773,False,False,False,not_variable,1.0
9000000000009903360,KIC 9903360,,,True,0,False,dsct_flag1,True,True,1052,697,81,0.6441235346528372,1.2600678396188663,0.9327753222649899,73,51,21,0.6019998788121104,1.21680699019327,1.1836016803914897,False,False,False,not_variable,1.0
9000000000009908621,KIC 9908621,,,True,0,False,dsct_flag1,True,True,123,59,22,0.9868456754436847,2.204568998288949,1.3612742957467066,1165,521,72,1.1828006194526104,1.567406321093606,1.074265534167055,False,False,False,not_variable,2.0
9000000000009936518,KIC 9936518,,,True,0,False,dsct_flag1,True,True,1282,812,84,0.3708337509323162,1.6018680845444326,1.2487436208136737,1529,806,80,0.4754555925418913,1.4699225627756898,1.053618656150385,False,False,False,not_variable,1.0
9000000000009942562,KIC 9942562,,,True,0,False,dsct_flag1,True,True,2356,1012,84,0.6378698224851441,1.3054727837186433,0.7225876240584264,2904,1015,84,0.8421254486040645,1.2077995023327328,0.6069323121326865,False,False,False,not_variable,2.0
9000000000009945390,KIC 9945390,,,True,0,False,dsct_flag1,True,True,1238,764,82,0.6385680234860527,1.2202178325128277,0.992367947063445,1603,769,81,1.0122607863581583,1.3241571164003938,0.8407227177596414,False,False,False,not_variable,1.0
9000000000009953617,KIC 9953617,,,True,0,False,dsct_flag1,True,True,62,43,21,0.36647536755384313,1.114880242529348,0.9281962330624819,81,56,22,0.4369135907014517,1.483901852128702,1.5145472833179383,False,False,False,not_variable,1.0
9000000000009959422,KIC 9959422,,,True,0,False,dsct_flag1,True,True,1195,768,82,0.33749536116240186,1.2237851505829964,1.0648379055924468,1350,743,83,0.5072254842690597,1.3750866937138297,1.0313404146218936,False,False,False,not_variable,1.0
9000000000009966976,KIC 9966976,,,True,0,False,dsct_flag1,True,True,1853,978,86,0.6511383632860666,1.0191570180788103,0.5535254530257633,2715,993,82,0.8192681727267026,1.1275172680518912,0.6392980238705274,False,False,False,not_variable,2.0
9000000000009970841,KIC 9970841,,,True,0,False,dsct_flag1,True,True,790,639,81,0.48036816578319497,1.1746262084325705,0.868410120799425,1330,675,76,0.8712569163452836,1.4818297526094388,0.795956862462041,False,False,False,not_variable,1.0
9000000000010014604,KIC 10014604,,,True,0,False,dsct_flag1,True,True,1184,768,81,0.2996389519566093,1.2014731598900872,0.9688653542715241,1539,786,83,0.5035426903730587,1.3248226898137427,0.9806972962498073,False,False,False,not_variable,1.0
9000000000010019347,KIC 10019347,,,True,0,False,dsct_flag1,True,True,1199,771,82,0.3775718494490495,1.2920803781409516,0.9653832339798705,1569,794,83,0.6162302405441417,1.3008882429108615,1.023639539219705,False,False,False,not_variable,1.0
9000000000010031634,KIC 10031634,,,True,0,False,dsct_flag1,True,True,708,625,81,0.32551296335501484,1.010186048729144,0.7657398648160385,1238,658,76,0.7446032167363743,1.2464519198511603,0.7508514368661485,False,False,False,not_variable,1.0
9000000000010034489,KIC 10034489,,,True,0,False,dsct_flag1,True,True,728,630,81,0.3830221323905719,1.5194591918074576,0.705298750025784,1237,658,76,0.8672233165094174,1.4131045608025605,0.8248158997163291,False,False,False,not_variable,1.0
9000000000010035150,KIC 10035150,,,True,0,False,dsct_flag1,True,True,64,46,20,0.3926892952169031,1.1108688255618149,1.0649764578526464,76,51,16,0.5407852902965721,1.2382676035361173,0.9914567508275602,False,False,False,not_variable,1.0
9000000000010056297,KIC 10056297,,,True,0,False,dsct_flag1,True,True,1228,791,83,2.217353311828944,3.3444248326666672,1.9657072132054065,1455,784,79,1.5135728640937731,2.4255899747908467,1.328080161794941,True,True,False,variable,1.0
9000000000010056931,KIC 10056931,,,True,0,False,dsct_flag1,True,True,1268,809,84,0.3814302487938971,1.6396638627298885,1.2900180230088303,1521,807,80,0.49332505132539667,1.3454173926121455,0.9600699524920031,False,False,False,not_variable,1.0
9000000000010071056,KIC 10071056,,,True,0,False,dsct_flag1,True,True,1189,758,82,0.5412494591914828,0.8685166906708314,0.675189159083604,1531,763,82,0.6869316138490492,1.0267715607047678,0.6486668839521316,False,False,False,not_variable,1.0
9000000000010095496,KIC 10095496,,,True,0,False,dsct_flag1,True,True,788,639,81,0.4018221408768455,0.9212540147074475,0.5543864836830189,1316,671,76,0.7013410427664709,1.1421701271662372,0.714770738966983,False,False,False,not_variable,1.0
9000000000010095685,KIC 10095685,,,True,0,False,dsct_flag1,True,True,792,640,81,0.44571221309991316,0.8501118114958727,0.5462378594648389,1328,673,76,0.66563024947164,1.143056274822579,0.624085343907481,False,False,False,not_variable,1.0
9000000000010134571,KIC 10134571,,,True,0,False,dsct_flag1,True,True,1237,767,82,0.5904994385183883,0.8732746393403646,0.7645691082852791,1606,771,81,0.7244834480906623,0.8662977353578647,0.5407280323631131,False,False,False,not_variable,1.0
9000000000010147217,KIC 10147217,,,True,0,False,dsct_flag1,True,True,1193,767,82,0.3254056724190022,1.3396061676346547,1.1306871112098844,1249,702,83,0.5197726224732664,1.450760231852716,1.21662990705903,False,False,False,not_variable,1.0
9000000000010199055,KIC 10199055,,,True,0,False,dsct_flag1,True,True,2398,1019,84,0.5207672234622711,1.2329271199861782,0.6833334113434635,2963,1023,84,0.7030275428383376,1.1898580200030646,0.5184281146183068,False,False,False,not_variable,2.0
9000000000010213964,KIC 10213964,,,True,0,False,dsct_flag1,True,True,1199,770,82,0.5423264965990292,1.4429916507116962,1.0191825170300677,1569,795,83,0.6966525154521154,1.778965045767257,1.0264253521867488,False,False,False,not_variable,1.0
9000000000010219475,KIC 10219475,,,True,0,False,dsct_flag1,True,True,1195,773,82,0.5012683909252986,0.9147996212053395,0.6964793232553472,1562,790,81,0.666429024815289,0.9940183521681972,0.511642728631038,False,False,False,not_variable,1.0
9000000000010224920,KIC 10224920,,,True,0,False,dsct_flag1,True,True,1851,978,86,1.3789274007143353,2.732870451370328,1.5697509224277442,2708,994,82,1.3816625230772237,1.9713129708010586,1.1628900722188507,True,True,False,variable,2.0
9000000000010276126,KIC 10276126,,,True,0,False,dsct_flag1,True,True,62,43,21,0.3899420620336705,0.8069777255102865,0.7079305031720459,78,53,22,0.4127015112618933,0.9797439822528311,0.8389535329083512,False,False,False,not_variable,1.0
9000000000010284901,KIC 10284901,,,True,0,False,dsct_flag1,True,True,1198,774,82,6.34322232812825,9.298130057784816,6.033711905013229,1571,792,82,5.563774433633082,6.899020719299875,3.4927164098484265,True,True,True,variable,1.0
9000000000010285770,KIC 10285770,,,True,0,False,dsct_flag1,True,True,1196,774,82,0.4974590491064922,0.8429870301855906,0.6294926097899907,1562,789,81,0.689863688490023,0.9678176192887569,0.5205650809551979,False,False,False,not_variable,1.0
9000000000010293818,KIC 10293818,,,True,0,False,dsct_flag1,True,True,790,640,81,0.4435082466124647,1.054683424472602,0.6287840363808719,1324,672,76,0.7009432045429592,1.1353780227029133,0.5364464534146552,False,False,False,not_variable,1.0
9000000000010322290,KIC 10322290,,,True,0,False,dsct_flag1,True,True,1239,802,84,0.3159223415255893,1.6409527423687515,1.419250856225511,1492,795,80,0.4721202243550415,1.3890688498559425,0.9922378348527255,False,False,False,not_variable,1.0
9000000000010324066,KIC 10324066,,,True,0,False,dsct_flag1,True,True,1220,761,84,0.3118450196220575,1.4467266263262184,1.1690555255381128,1483,767,80,0.512656267045753,1.3506023579637987,1.0262404295778211,False,False,False,not_variable,1.0
9000000000010382922,KIC 10382922,,,True,0,False,dsct_flag1,True,True,1333,812,83,0.5774792786080979,1.192324162142692,0.8307202611509068,1575,789,79,0.7958256769213333,1.2235344375632562,0.612021842789999,False,False,False,not_variable,1.0
9000000000010415502,KIC 10415502,,,True,0,False,dsct_flag1,True,True,1197,773,82,0.5117487713326233,0.9777777807079855,0.8118543061653922,1568,791,81,0.6587952774262715,1.1705203351848203,0.667718017692328,False,False,False,not_variable,1.0
9000000000010427093,KIC 10427093,,,True,0,False,dsct_flag1,True,True,779,630,81,0.6335356502483518,0.9903673752435569,0.7304310164393573,1306,657,76,0.7653476168887008,1.3714612193149869,0.7639853881318216,False,False,False,not_variable,1.0
9000000000010489265,KIC 10489265,,,True,0,False,dsct_flag1,True,True,174,67,22,0.6106367528356426,1.3863461530673877,0.9332138734417259,240,83,23,0.864952190728352,1.481488532072104,1.3880485083475358,False,False,False,not_variable,2.0
9000000000010489783,KIC 10489783,,,True,0,False,dsct_flag1,True,True,175,67,22,0.5785093697145169,1.0084657287975782,0.8429599994089139,238,83,23,0.9558732048454739,1.3849042977585326,1.2348117546824815,False,False,False,not_variable,2.0
9000000000010586045,KIC 10586045,,,True,0,False,dsct_flag1,True,True,1284,795,83,0.7101322656696498,1.2566311968915618,0.9602331352570685,1529,792,79,0.8382630291646763,1.2073396023808978,0.7860349031771156,False,False,False,not_variable,1.0
9000000000010790706,KIC 10790706,,,True,0,False,dsct_flag1,True,True,1179,762,82,0.7708822321322042,1.3782344247363099,0.8976756904634973,1515,765,80,1.1228399337189074,1.6158307409408734,0.7407465636407687,False,False,False,not_variable,1.0
9000000000010862354,KIC 10862354,,,True,0,False,dsct_flag1,True,True,1183,769,82,0.5235373471004906,1.1533915021039562,0.9408423656932305,1115,676,81,0.5651858924399272,1.2393642781066057,0.821415153236184,False,False,False,not_variable,1.0
9000000000010923648,KIC 10923648,,,True,0,False,dsct_flag1,True,True,1189,767,81,0.47523583613960013,1.0175634115531127,0.6335796612550001,1519,789,82,0.6120222497256496,1.1293062292247982,0.5845781527779282,False,False,False,not_variable,1.0
9000000000010989859,KIC 10989859,,,True,0,False,dsct_flag1,True,True,1858,982,86,0.6308724182707462,1.238526020934491,0.7533711363679761,2718,1006,82,0.8168403165383676,1.1787002820563584,0.6558843667513597,False,False,False,not_variable,2.0
9000000000010990083,KIC 10990083,,,True,0,False,dsct_flag1,True,True,1857,981,86,0.6781692732569534,2.3920574470866507,1.3004897988313444,2702,1004,82,0.8341523126021703,1.8474766304943722,0.8007453788905662,False,False,False,not_variable,2.0
9000000000011027729,KIC 11027729,,,True,0,False,dsct_flag1,True,True,1169,761,82,0.8292291186965254,1.2956758352684037,0.7131415425013642,1510,770,82,2.1270375640620443,2.489119055930698,1.2725735323478682,False,False,False,not_variable,1.0
9000000000011045341,KIC 11045341,,,True,0,False,dsct_flag1,True,True,1771,955,86,1.0034883770662797,1.6582905464693376,0.9338809869966453,1243,656,78,0.8536614109888923,1.3045737407070004,0.8079212269296139,False,False,False,not_variable,2.0
9000000000011143576,KIC 11143576,,,True,0,False,dsct_flag1,True,True,53,35,16,0.6300640521055435,1.7770124711346593,1.6445042166896446,70,47,20,0.3110206176079903,1.7007132366083486,1.400829400114386,False,False,False,not_variable,2.0
9000000000011146648,KIC 11146648,,,True,0,False,dsct_flag1,True,True,1186,765,80,0.5586458933456778,1.0984317439415223,0.6992425991768245,1552,791,80,0.7713759243244982,1.2477440969175866,0.6831044504288916,False,False,False,not_variable,1.0
9000000000011179734,KIC 11179734,,,True,0,False,dsct_flag1,True,True,46,32,17,0.8160439425701593,1.0549654569458218,1.0809469044984992,62,44,18,0.6506808051479013,0.8793682347390592,0.6160571660203874,False,False,False,not_variable,1.0
9000000000011206038,KIC 11206038,,,True,0,False,dsct_flag1,True,True,732,637,82,0.34427306752515846,1.1842195200158048,0.8034235527044956,1262,669,78,0.7864239148383532,1.3153535502942584,0.6723354563482793,False,False,False,not_variable,1.0
9000000000011306611,KIC 11306611,,,True,0,False,dsct_flag1,True,True,1188,766,80,0.4651946928526195,0.9747792402895492,0.581158678360167,1554,794,81,0.6091562751033497,1.035991882645153,0.5688071559522053,False,False,False,not_variable,1.0
9000000000011355938,KIC 11355938,,,True,0,False,dsct_flag1,True,True,1186,765,81,0.5673568140112761,1.0300234146602856,0.5635012631751679,1555,793,81,0.7061697338350105,1.2806629491113772,0.6799219572363214,False,False,False,not_variable,1.0
9000000000011463950,KIC 11463950,,,True,0,False,dsct_flag1,True,True,1134,756,80,0.4487010929913197,1.0166054545226197,0.6912018783271973,1483,779,81,0.6314400285190711,1.2026026310657718,0.7057156397172303,False,False,False,not_variable,1.0
9000000000011464245,KIC 11464245,,,True,0,False,dsct_flag1,True,True,1133,757,80,0.41623805865711766,0.9336088751433599,0.7003823811355272,1479,778,81,0.682085644014176,1.2192879954323192,0.7580786042417482,False,False,False,not_variable,1.0
9000000000011495305,KIC 11495305,,,True,0,False,dsct_flag1,True,True,1233,800,83,1.2638103088102042,2.0047670394181427,1.0268205672716435,1471,794,79,2.0188675957470106,2.825093422138197,1.3576601117226437,True,False,False,variable,1.0
9000000000011548888,KIC 11548888,,,True,0,False,dsct_flag1,True,True,46,32,17,0.5446630737960875,0.9551743208172921,1.0136737079976605,63,45,18,0.43372299542817033,1.1754748799579802,0.9664672160691179,False,False,False,not_variable,1.0
9000000000011558455,KIC 11558455,,,True,0,False,dsct_flag1,True,True,29,19,10,0.31727580602622046,1.5141584457076713,0.9368461993544751,677,337,64,0.7396138832250886,1.3522175103531011,1.0255279236416897,False,False,False,not_variable,2.0
9000000000011564882,KIC 11564882,,,True,0,False,dsct_flag1,True,True,1149,750,81,0.6186576657735618,1.1550176119393232,0.6548418180138336,1452,767,81,0.7598426966048814,1.319174148235255,0.8237172694917769,False,False,False,not_variable,1.0
9000000000011565950,KIC 11565950,,,True,0,False,dsct_flag1,True,True,694,532,69,0.4450081647480587,1.2233914055926998,0.6132120009336162,1069,563,69,0.651387845142171,1.275203194375944,0.7643148775123296,False,False,False,not_variable,1.0
9000000000011569628,KIC 11569628,,,True,0,False,dsct_flag1,True,True,111,55,22,0.6084655153160929,1.0656756492575712,0.9343717288067227,155,67,22,0.7417354814526714,1.1846764403924324,0.7981602685319474,False,False,False,not_variable,2.0
9000000000011617030,KIC 11617030,,,True,0,False,dsct_flag1,True,True,53,35,16,0.3434654281463997,1.989489627989286,1.8659694723890428,70,47,20,0.44127085077585915,1.5302267135090752,1.6476173149226565,False,False,False,not_variable,2.0
9000000000011624521,KIC 11624521,,,True,0,False,dsct_flag1,True,True,1168,757,79,0.7072738349211058,1.2505335606504326,0.8091334328722122,86,57,19,0.5446977320176735,1.0464753049068933,0.5570803144569192,False,False,False,not_variable,1.0
9000000000011649497,KIC 11649497,,,True,0,False,dsct_flag1,True,True,46,32,17,0.4047003491138173,0.9407941321457429,0.9976304353858049,62,44,18,0.456274654493271,1.0676634847425028,0.99500920380876,False,False,False,not_variable,1.0
9000000000011770258,KIC 11770258,,,True,0,False,dsct_flag1,True,True,1189,764,81,0.5864530495136888,1.0328976991194005,0.4884869156980399,1545,787,81,0.6745529490222849,1.1083424583885273,0.5459433200704212,False,False,False,not_variable,1.0
9000000000011823683,KIC 11823683,,,True,0,False,dsct_flag1,True,True,1235,768,80,0.4798010174740087,0.965600774769672,0.6738181285203703,1634,797,82,0.6132151078018955,1.0528056253673725,0.6919997458921203,False,False,False,not_variable,1.0
9000000000011852985,KIC 11852985,,,True,0,False,dsct_flag1,True,True,1276,805,83,0.8605953099113919,1.25799886628229,0.6489057633904649,1534,807,80,0.7990058501037957,1.1329776807056429,0.6898551037487158,False,False,False,not_variable,1.0
9000000000011858293,KIC 11858293,,,True,0,False,dsct_flag1,True,True,2338,1017,84,0.7600015739924225,1.2894070525790715,0.756295443015056,2926,1026,84,0.6841480445414622,1.3263391760161778,0.76581039129774,False,False,False,not_variable,2.0
9000000000011919968,KIC 11919968,,,True,0,False,dsct_flag1,True,True,1189,764,81,0.5004322478944537,0.9695099230599056,0.7270154120798098,1545,787,81,0.6221575242295471,1.0953889368505865,0.6871842302118567,False,False,False,not_variable,1.0
9000000000011923562,KIC 11923562,,,True,0,False,dsct_flag1,True,True,1236,771,80,0.49259962607646174,1.110298011144625,0.7444350651124805,1625,798,82,0.5566859195211389,1.144729291115058,0.7170660613513421,False,False,False,not_variable,1.0
9000000000011972526,KIC 11972526,,,True,0,False,dsct_flag1,True,True,1235,770,80,0.6118321094259984,1.0812468125455594,0.6402877119157843,1632,797,82,0.7694017585170014,1.188706601984869,0.7920703607627634,False,False,False,not_variable,1.0
9000000000011975271,KIC 11975271,,,True,0,False,dsct_flag1,True,True,1784,969,85,0.5447507935663835,1.091797022084097,0.5709312336172606,2652,996,82,0.7140346119792055,1.1622195382833398,0.4931804219762582,False,False,False,not_variable,2.0
9000000000012013034,KIC 12013034,,,True,0,False,dsct_flag1,True,True,1183,765,82,0.5742366891490577,1.0340751265959789,0.6407334543215012,1538,784,82,0.6954959094819956,1.145603439986947,0.7740749251687162,False,False,False,not_variable,1.0
9000000000012016717,KIC 12016717,,,True,0,False,dsct_flag1,True,True,1182,766,81,0.6314683841959978,1.1267017051569321,0.5813537472002414,1549,790,81,0.7901429771682029,1.3557374423938733,0.6398741390898257,False,False,False,not_variable,1.0
9000000000012055866,KIC 12055866,,,True,0,False,dsct_flag1,True,True,1091,730,81,0.84316105114967,1.0895983495902781,0.662604073097379,1439,746,81,0.7402058910098985,1.2176367861556405,0.6657087314663128,False,False,False,not_variable,1.0
9000000000012111004,KIC 12111004,,,True,0,False,dsct_flag1,True,True,1089,720,82,0.6076628703199262,2.2597791877794906,1.8337891543923617,1324,748,82,0.6438208329959108,1.3788678634479243,0.8780181731126678,False,False,False,not_variable,1.0
9000000000012116239,KIC 12116239,,,True,0,False,dsct_flag1,True,True,1181,763,81,0.5871028111913373,1.1819232225944016,0.841277547507093,1535,789,81,0.7844106797331843,1.4100399966584112,0.6947446413761679,False,False,False,not_variable,1.0
9000000000012202245,KIC 12202245,,,True,0,False,dsct_flag1,True,True,2375,1025,84,0.56254127542358,1.181849023742553,0.8985240363784236,2991,1042,83,0.8494788309188765,1.2095450223522597,0.7703790037367367,False,False,False,not_variable,2.0
9000000000012357103,KIC 12357103,,,True,0,False,dsct_flag1,True,True,1120,752,82,0.5914497558440577,1.49263870786497,0.8438961570575514,1497,774,82,0.6734226470364066,2.1615042195182728,1.106672448540664,False,False,False,not_variable,1.0
9000000000012470709,KIC 12470709,,,True,0,False,dsct_flag1,True,True,2004,982,84,0.9870771091402614,3.3753661327085838,0.892567567209059,2543,1012,83,1.0057317670118957,1.649386857474519,0.7795733672590819,True,True,False,variable,2.0
9000000000012602250,KIC 12602250,,,True,0,False,dsct_flag1,True,True,859,720,82,0.4982568350507418,1.5648589363604188,0.8154073331809976,1064,771,81,0.7322571363979729,1.622013578626155,0.7831994055849145,False,False,False,not_variable,1.0
9000000000012688835,KIC 12688835,,,True,0,False,dsct_flag1,True,True,878,737,83,0.22872431407342733,0.8110990291062166,0.5804842960156825,1071,780,81,0.5041681386078362,1.0604503609585092,0.7515182058159969,False,False,False,not_variable,1.0
9000000000001430741,KIC 1430741,,,True,0,False,dsct_flag2,,,916,679,83,0.5914408186957554,1.0010329113792598,0.6919293412434442,1447,729,80,0.8364936632167286,1.0922719407931512,0.6187227204176209,False,False,False,not_variable,1.0
9000000000002449383,KIC 2449383,,,True,0,False,dsct_flag2,,,781,618,80,0.4281044684516545,0.9813241647367721,0.5498660950663249,1141,608,80,0.7581580987654384,1.7184145707878526,1.1594363630601559,False,False,False,not_variable,1.0
9000000000002575952,KIC 2575952,,,True,0,False,dsct_flag2,,,1338,788,84,0.5770593604396443,1.2300068594574198,0.7982750095032676,2212,802,81,0.9429003537870682,1.3018989595156347,0.547425518229324,False,False,False,not_variable,2.0
9000000000002988783,KIC 2988783,,,True,0,False,dsct_flag2,,,1399,800,84,0.6663428388669412,1.1152697062832122,0.7735546822539687,2305,828,81,0.9730174826878385,1.3769819957357408,0.7965511914971709,False,False,False,not_variable,2.0
9000000000002993589,KIC 2993589,,,True,0,False,dsct_flag2,,,781,618,80,0.28928831032067553,0.6966908127062553,0.43465098480566267,1169,638,80,0.6104337589032203,1.1532787098841584,0.7818119487883163,False,False,False,not_variable,1.0
9000000000003110496,KIC 3110496,,,True,0,False,dsct_flag2,,,735,647,83,0.2290978533038661,0.7199750267448648,0.48145485844654184,1239,685,79,0.609640574963441,1.0198344049219805,0.43033035245546036,False,False,False,not_variable,1.0
9000000000003232218,KIC 3232218,,,True,0,False,dsct_flag2,,,728,643,83,0.5039525188443241,1.2829172241969462,0.8598106862387401,1228,678,79,0.766458672957568,1.3432980178508547,0.5807670808536244,False,False,False,not_variable,1.0
9000000000003341457,KIC 3341457,,,True,0,False,dsct_flag2,,,923,600,76,0.7483254785360004,1.8462989378283088,0.9377064574413555,1342,614,74,1.2977598621167343,2.1465387142224013,1.1268923952863872,False,False,False,not_variable,1.0
9000000000003345665,KIC 3345665,,,True,0,False,dsct_flag2,,,787,621,80,0.3554535744441708,0.939273482571793,0.6480833239200531,1174,640,79,0.645297254154035,1.1651631643384563,0.8154700987068282,False,False,False,not_variable,1.0
9000000000003446996,KIC 3446996,,,True,0,False,dsct_flag2,,,117,55,23,0.8339131052283502,1.3870787616346576,1.090858294909797,126,61,21,0.8257446034008636,1.0335280692090691,0.8359622236645913,False,False,False,not_variable,2.0
9000000000003645863,KIC 3645863,,,True,0,False,dsct_flag2,,,1381,800,84,0.5902054729298722,1.2792431529692307,0.6630978091857155,2257,811,81,0.8334404952685227,1.5503083891410587,0.8933729758436276,False,False,False,not_variable,2.0
9000000000003858926,KIC 3858926,,,True,0,False,dsct_flag2,,,711,615,81,0.2893433187328689,0.8093847801302725,0.5470423784318859,1166,674,80,0.6683124060127129,1.1475023628554701,0.912360083889628,False,False,False,not_variable,1.0
9000000000003868832,KIC 3868832,,,True,0,False,dsct_flag2,,,678,613,82,0.19673618300953596,0.9410419280061356,0.6169119668772066,1118,661,81,0.487112787695119,1.1352300478658928,1.0090286212801605,False,False,False,not_variable,1.0
9000000000004466180,KIC 4466180,,,True,0,False,dsct_flag2,,,749,612,80,0.5286122363808353,1.2290700934717507,0.9334374950680514,1139,651,79,1.088368545562144,1.7438101969042472,1.1860229610791568,False,False,False,not_variable,1.0
9000000000004658442,KIC 4658442,,,True,0,False,dsct_flag2,,,763,621,80,0.6253097124238467,0.9504109630344851,0.45796390508069135,1228,683,79,0.6859584527779771,1.0749761039320889,0.6919179099900767,False,False,False,not_variable,1.0
9000000000004824197,KIC 4824197,,,True,0,False,dsct_flag2,,,149,119,36,0.18496056982132958,0.6496424703707864,0.5943663200654611,439,119,28,0.48910685671613235,1.1518682280957746,1.4842784813077388,False,False,False,not_variable,1.0
9000000000004860458,KIC 4860458,,,True,0,False,dsct_flag2,,,745,634,82,0.24019496880432556,0.9787311016182506,0.6996857880958911,1184,689,81,0.38823896861990426,1.0937512957642215,0.785431487243677,False,False,False,not_variable,1.0
9000000000004932417,KIC 4932417,,,True,0,False,dsct_flag2,,,729,621,81,0.29058654936875383,0.7916487896136652,0.572583749343498,1169,674,80,0.6239630135613699,1.0465066964380751,1.0511525184450534,False,False,False,not_variable,1.0
9000000000004951030,KIC 4951030,,,True,0,False,dsct_flag2,,,749,637,82,0.38990064720719037,1.0528835416826647,0.6194851829932401,1173,683,81,0.6723591516613853,1.1471720946368824,0.5630090665111075,False,False,False,not_variable,1.0
9000000000005019101,KIC 5019101,,,True,0,False,dsct_flag2,,,726,618,81,0.2798180632393892,0.7910691768781323,0.4766166999167402,1116,651,80,0.6266023068586383,1.0515739046607395,0.8936738405946998,False,False,False,not_variable,1.0
9000000000005036761,KIC 5036761,,,True,0,False,dsct_flag2,,,745,634,82,0.2507815438455126,0.9680770921585713,0.6794803151912616,1183,690,81,0.46150820033047496,1.1169595404116832,0.729542964054516,False,False,False,not_variable,1.0
9000000000005110038,KIC 5110038,,,True,0,False,dsct_flag2,,,727,620,81,0.36130467395033505,0.9373123185281504,0.6433582236664102,1173,675,79,0.6527987813443237,1.1019256151588412,0.7253983124025737,False,False,False,not_variable,1.0
9000000000005207238,KIC 5207238,,,True,0,False,dsct_flag2,,,687,621,82,0.3312490181939524,1.1903689571758567,0.8675969617570957,1125,669,81,1.0383854364447227,2.012738937520125,1.2399043526812896,False,False,False,not_variable,1.0
9000000000005288937,KIC 5288937,,,True,0,False,dsct_flag2,,,98,48,20,0.8518817647076757,1.6598319872372935,1.4634217913396987,64,44,15,0.5721627579730431,1.1156764565070327,0.6940931596127847,False,False,False,not_variable,2.0
9000000000005300451,KIC 5300451,,,True,0,False,dsct_flag2,,,115,50,22,0.6498224237138757,1.3487608353880034,1.1542047354679519,141,66,22,0.7666819470000997,1.181967371515617,0.9803985716810628,False,False,False,not_variable,2.0
9000000000005476473,KIC 5476473,,,True,0,False,dsct_flag2,,,173,62,23,0.9197835437800697,1.0602834521905231,0.8701127260329314,219,76,22,0.89978972967262,1.3390827554274827,0.9802436235424852,False,False,False,not_variable,2.5
9000000000005617535,KIC 5617535,,,True,0,False,dsct_flag2,,,1408,800,83,0.6189489197988092,1.330259984756799,0.8146462762958065,2333,838,81,0.7606784716284284,1.2580527979073324,0.5188986986304576,False,False,False,not_variable,2.0
9000000000005707999,KIC 5707999,,,True,0,False,dsct_flag2,,,745,633,81,0.3879683462273072,0.9414093598336827,0.4979851427310838,1188,678,79,0.663583809468513,0.9588603551686244,0.641914685953116,False,False,False,not_variable,1.0
9000000000005730867,KIC 5730867,,,True,0,False,dsct_flag2,,,60,42,21,0.2814371876140118,0.8890027402371958,0.7033553887360579,78,54,22,0.5010544006620509,0.8478607686272364,0.79097880848822,False,False,False,not_variable,1.0
9000000000006291473,KIC 6291473,,,True,0,False,dsct_flag2,,,753,638,82,0.41260806847047804,1.0791189191242148,0.8306977461226259,1196,689,81,0.7192960216660904,1.2926734069779025,1.0321992032229401,False,False,False,not_variable,1.0
9000000000006460258,KIC 6460258,,,True,0,False,dsct_flag2,,,756,635,82,0.3988873842352464,1.1220196661135444,0.6934094029335346,1201,690,80,0.7457082886278152,1.2855079597736787,0.8954857877038315,False,False,False,not_variable,1.0
9000000000006529902,KIC 6529902,,,True,0,False,dsct_flag2,,,759,643,82,0.3424658799400251,1.0140556300498056,0.5536102965062079,1203,691,81,0.6619964094530356,1.003388804739501,0.6021695492514239,False,False,False,not_variable,1.0
9000000000006595406,KIC 6595406,,,True,0,False,dsct_flag2,,,673,631,82,0.22948092378034624,1.0499468219679582,0.6468972768211704,1167,657,78,0.6097835755145653,1.1733740119307439,0.6202531351926048,False,False,False,not_variable,1.0
9000000000007059699,KIC 7059699,,,True,0,False,dsct_flag2,,,124,59,22,0.8607290279773028,1.140173909098089,0.8257255178694431,161,72,22,0.7490075187051443,1.1486220437068748,0.8883554981949143,False,False,False,not_variable,2.0
9000000000007198734,KIC 7198734,,,True,0,False,dsct_flag2,,,1407,803,83,0.6785317736480186,1.316447738038579,0.8081339759001982,2361,846,81,0.7638315751833178,1.2200417139127402,0.6570418831978992,False,False,False,not_variable,2.0
9000000000007463623,KIC 7463623,,,True,0,False,dsct_flag2,,,753,631,82,0.5324423626628129,1.137375940117736,0.6998603862470092,1194,691,80,0.6700373714990714,1.2071532359989838,0.6748716435688082,False,False,False,not_variable,1.0
9000000000007499407,KIC 7499407,,,True,0,False,dsct_flag2,,,1368,815,81,0.5738521474397995,0.9427522379793071,0.5563227039882556,1608,799,78,0.6479432558530722,1.052537816726755,0.5460080793790485,False,False,False,not_variable,1.0
9000000000007511980,KIC 7511980,,,True,0,False,dsct_flag2,,,681,639,83,0.16805293824142123,0.9507717695927042,0.6259669394737328,1174,662,79,0.5854543733739105,1.043311965784603,0.45332399024030423,False,False,False,not_variable,1.0
9000000000007778826,KIC 7778826,,,True,0,False,dsct_flag2,,,757,643,82,0.331322120989459,1.036511825563852,0.7717972331286873,1198,692,80,0.6568255381886383,1.2170603766410177,0.7596894229919066,False,False,False,not_variable,1.0
9000000000007840896,KIC 7840896,,,True,0,False,dsct_flag2,,,759,637,82,3.054847149564,8.04634700292566,5.4854157853275245,1201,692,80,5.074112649762136,8.463305225621562,5.7988554503820975,True,True,True,variable,1.0
9000000000007908011,KIC 7908011,,,True,0,False,dsct_flag2,,,758,636,82,0.341220180836969,0.9359235524179702,0.5971244770282874,1200,692,80,0.6435833974583893,1.049061052694292,0.5060848915691906,False,False,False,not_variable,1.0
9000000000008106097,KIC 8106097,,,True,0,False,dsct_flag2,,,760,639,82,0.3409677607678741,0.8697777920311702,0.5888189190845269,1197,689,81,0.5803922704508283,0.9946618305627112,0.5433153240637761,False,False,False,not_variable,1.0
9000000000008197019,KIC 8197019,,,True,0,False,dsct_flag2,,,1488,882,82,0.857625496773134,1.1319394460896968,0.7997527282561134,2209,915,78,1.3858982716667885,1.6731095658273425,1.064401655968871,False,False,False,not_variable,2.0
9000000000008198031,KIC 8198031,,,True,0,False,dsct_flag2,,,1481,880,82,0.9160345734892202,1.3473995088565105,0.7572309560451594,2203,914,78,0.833807872146223,1.192481924660759,0.7712863474143024,False,False,False,not_variable,2.0
9000000000008263970,KIC 8263970,,,True,0,False,dsct_flag2,,,1489,883,82,0.8394912042139995,1.3187084411999008,0.8377331342490436,2206,914,78,0.8689020424066833,1.1068619805076152,0.6676353589236049,False,False,False,not_variable,2.0
9000000000008264075,KIC 8264075,,,True,0,False,dsct_flag2,,,1491,884,82,0.890793338485902,1.1742626840722843,0.7438844503546463,2206,915,78,0.8387084855927263,1.1258783637817669,1.053176094377539,False,False,False,not_variable,2.0
9000000000008264274,KIC 8264274,,,True,0,False,dsct_flag2,,,1490,883,82,0.9047764647223993,1.1448691548595258,0.760377303705267,2207,914,78,1.447459679976048,1.6715864923150288,0.8274061052262607,False,False,False,not_variable,2.0
9000000000008265126,KIC 8265126,,,True,0,False,dsct_flag2,,,1490,884,82,0.9828632269831075,1.3287346736518053,0.6310876003347827,2206,914,78,0.9097251790535307,1.1383002653577705,0.7706614180071356,False,False,False,not_variable,2.0
9000000000008379283,KIC 8379283,,,True,0,False,dsct_flag2,,,1105,750,82,0.45909780035480724,0.8118354896292957,0.4392673001508007,1448,769,82,0.757669733208462,1.1663671166330458,0.7500437955622982,False,False,False,not_variable,1.0
9000000000008390631,KIC 8390631,,,True,0,False,dsct_flag2,,,717,621,80,0.28834852705504477,0.9894959393676996,0.6750411926782549,1235,659,76,0.6907480664005691,1.2033055284065228,0.5573096627262004,False,False,False,not_variable,1.0
9000000000008390921,KIC 8390921,,,True,0,False,dsct_flag2,,,716,620,80,0.3056255758186901,0.9280841014705559,0.6583776883237492,1234,659,76,0.6609714875811471,1.1716470506394827,0.5325091572174973,False,False,False,not_variable,1.0
9000000000008521059,KIC 8521059,,,True,0,False,dsct_flag2,,,717,620,80,0.2895726443863353,0.889551293817036,0.6848612555510962,1235,659,76,0.7908730029180501,1.4852317230889889,1.0910541889225782,False,False,False,not_variable,1.0
9000000000008591404,KIC 8591404,,,True,0,False,dsct_flag2,,,707,610,80,0.25370665120587227,0.7693973280510965,0.5215215526145047,1250,665,76,0.6407799731772467,1.2167368581380331,0.6020295574809136,False,False,False,not_variable,1.0
9000000000008827572,KIC 8827572,,,True,0,False,dsct_flag2,,,1172,763,82,0.5216934644999578,0.9158260364817392,0.6325433878050682,1542,793,83,0.759025775163336,1.1438913820431713,0.6838759529339467,False,False,False,not_variable,1.0
9000000000009095152,KIC 9095152,,,True,0,False,dsct_flag2,,,1168,758,82,0.4844988084120759,0.9064792417323908,0.584216661246588,1527,783,83,0.7289486314170175,1.0257151082148532,0.7520227684615804,False,False,False,not_variable,1.0
9000000000009222516,KIC 9222516,,,True,0,False,dsct_flag2,,,1184,766,82,0.5454359835536103,1.0462581237212938,0.6422005076718145,1558,791,83,0.7343839763818738,1.0588922099044658,0.8432070826604064,False,False,False,not_variable,1.0
9000000000009304367,KIC 9304367,,,True,0,False,dsct_flag2,,,64,46,20,0.5576719360380821,0.9338304438789223,1.1716254027095088,78,51,16,0.38618129405535867,0.9343163041755274,0.5095207753908003,False,False,False,not_variable,1.0
9000000000009597218,KIC 9597218,,,True,0,False,dsct_flag2,,,58,39,19,0.5169284391564848,1.5219442753933654,1.618513401566286,72,47,18,0.6348100277392823,1.2205997414284075,1.1402687673975878,False,False,False,not_variable,1.0
9000000000009762390,KIC 9762390,,,True,0,False,dsct_flag2,,,2395,1024,84,1.337967381289406,1.635381773141463,1.1149481764093059,2944,1022,84,2.1665453097515694,1.7957091805620922,0.925881974652554,False,False,False,not_variable,2.0
9000000000010091792,KIC 10091792,,,True,0,False,dsct_flag2,,,1843,976,86,0.6731073039697838,1.0036292860808864,0.498661032582301,2698,993,82,0.7525935138760196,1.2343987069868152,0.643455973820934,False,False,False,not_variable,2.0
9000000000010155321,KIC 10155321,,,True,0,False,dsct_flag2,,,1121,763,82,0.5244734778428677,0.9842129894325508,0.9470923730535188,1480,777,81,0.7262313861635713,1.1538304605814542,0.6199152442133267,False,False,False,not_variable,1.0
9000000000010481462,KIC 10481462,,,True,0,False,dsct_flag2,,,114,53,23,0.6147139382074392,1.4465951935116417,1.28614115754234,148,70,23,0.6191110482038023,1.3380830923452656,1.0286992455268908,False,False,False,not_variable,2.0
9000000000010873947,KIC 10873947,,,True,0,False,dsct_flag2,,,1244,770,80,0.5650993828302444,1.010100730417554,0.7020877489115905,1639,796,81,0.7042011050037983,1.035407234875959,0.6328385540681699,False,False,False,not_variable,1.0
9000000000010875239,KIC 10875239,,,True,0,False,dsct_flag2,,,1342,793,82,0.550573774204428,1.6518129026599584,0.7157288487947251,2016,825,81,0.8210097889932256,1.2456182289809272,0.7290684154618491,False,False,False,not_variable,1.0
9000000000011081053,KIC 11081053,,,True,0,False,dsct_flag2,,,1178,763,82,0.6535638947684146,1.1199167564334338,0.8861940422692003,1497,774,82,0.7964040378727291,1.2000771421718655,0.7334631321627546,False,False,False,not_variable,1.0
9000000000011147994,KIC 11147994,,,True,0,False,dsct_flag2,,,1247,775,80,0.488392760611785,1.0538555749579908,0.6919519975298163,1638,800,81,0.727617434425397,1.2473872400975505,0.8111334345001964,False,False,False,not_variable,1.0
9000000000011819079,KIC 11819079,,,True,0,False,dsct_flag2,,,1173,763,81,1.1539095989809962,1.7852840643141086,0.9364448866645018,1449,740,80,1.8541267808724464,2.8698316009510205,1.3063339830364402,True,False,False,variable,1.0
9000000000011824578,KIC 11824578,,,True,0,False,dsct_flag2,,,1232,767,79,0.46087237855734287,0.9144983458951575,0.6463426756616036,1629,797,81,0.6233298054750349,1.0583434431612149,0.725796190394811,False,False,False,not_variable,1.0
9000000000011871236,KIC 11871236,,,True,0,False,dsct_flag2,,,1185,762,81,0.5900848872300617,0.9832911419874472,0.44816432351548424,1545,787,81,0.7254704329396913,1.095085688644391,0.5334485949449238,False,False,False,not_variable,1.0
9000000000011924366,KIC 11924366,,,True,0,False,dsct_flag2,,,1126,752,80,0.4658084827504403,1.0943604472563704,0.6665887503535074,1457,773,82,0.5027552025172263,1.2925405107041938,0.889556623706936,False,False,False,not_variable,1.0
9000000000012268579,KIC 12268579,,,True,0,False,dsct_flag2,,,1234,770,80,0.4537047124924527,0.9535325887400978,0.7037007273831065,1628,798,82,0.5242851980755018,1.1713085243911974,0.7588453148312866,False,False,False,not_variable,1.0
9000000000012691831,KIC 12691831,,,True,0,False,dsct_flag2,,,859,720,82,0.2763319673981555,0.6755587117547424,0.37582101472261903,1067,773,81,0.5868764985461228,1.1513942147655187,0.5762182320453547,False,False,False,not_variable,1.0
9000000000000892667,KIC 892667,,,True,0,False,dsct_flag0,False,False,693,617,80,0.27477157014703546,0.9348740496376291,0.5670008047327871,1104,644,79,0.5130052190596049,0.9869064767928518,0.6400898427386473,False,False,False,not_variable,1.0
9000000000001164418,KIC 1164418,,,True,0,False,dsct_flag0,False,False,1304,771,83,0.5504303637659232,1.247349065662066,0.7362061721127611,2167,819,83,0.7297984157683381,1.236992859513778,0.7324173353894377,False,False,False,not_variable,2.0
9000000000001430305,KIC 1430305,,,True,0,False,dsct_flag0,False,False,1162,738,83,0.7824923233102836,1.069834639786292,1.0318200299547124,1680,786,80,0.9696497268457479,1.326400831140867,0.8143421347275254,False,False,False,not_variable,1.0
9000000000001431091,KIC 1431091,,,True,0,False,dsct_flag0,False,False,1860,862,85,1.0759145088064441,1.4834178281347825,0.8250823770027279,2897,899,82,1.1828281547177468,1.5520045894943393,0.9681200787714326,False,False,False,not_variable,2.0
9000000000001433714,KIC 1433714,,,True,0,False,dsct_flag0,False,False,1124,725,80,0.7517758308094877,1.606235762824736,1.118346597446095,1661,788,82,0.8817557217963484,1.5553575072837162,1.3310572725107737,False,False,False,not_variable,1.0
9000000000001434800,KIC 1434800,,,True,0,False,dsct_flag0,False,False,1340,782,83,0.8589507742427547,1.7107716346048956,1.2398303991909687,2215,840,83,1.4646818519025517,1.7492127987112485,1.5629785124450533,False,False,False,not_variable,2.0
9000000000001575919,KIC 1575919,,,True,0,False,dsct_flag0,False,False,729,615,79,0.2738803082874454,1.0882605353283648,0.9061304874757198,1167,666,80,0.5890367737382615,1.1374500436984012,0.8650778026986021,False,False,False,not_variable,1.0
9000000000001577077,KIC 1577077,,,True,0,False,dsct_flag0,False,False,153,125,36,0.31894847247864266,0.9865958106465539,0.8166858966630762,336,134,37,0.7722920561745583,1.0782984179333752,0.6955838983529152,False,False,False,not_variable,1.0
9000000000001724316,KIC 1724316,,,True,0,False,dsct_flag0,False,False,728,613,79,0.27276701499754213,0.9291671002500396,0.7173767622229298,1166,666,80,0.612094337102204,1.0924431129792302,0.7178759975002585,False,False,False,not_variable,1.0
9000000000001864178,KIC 1864178,,,True,0,False,dsct_flag0,False,False,727,640,83,0.2997418664461483,1.0633366087192644,0.7863129081584169,1198,677,79,0.6902377412909959,1.089195062897195,0.6545043809682456,False,False,False,not_variable,1.0
9000000000001864603,KIC 1864603,,,True,0,False,dsct_flag0,False,False,713,629,83,0.33444248316797714,0.8353505224373845,0.6503760486173965,1160,665,79,0.7931338552559019,0.9931459157601844,0.6812266720643974,False,False,False,not_variable,1.0
9000000000001873030,KIC 1873030,,,True,0,False,dsct_flag0,False,False,785,620,79,0.373012150328621,0.7594240400949682,0.42033998708645076,1225,682,80,0.5892540164139304,1.1281404477985784,1.0993948218136809,False,False,False,not_variable,1.0
9000000000001873157,KIC 1873157,,,True,0,False,dsct_flag0,False,False,789,623,79,0.3717115266381813,0.7943276286615473,0.41305291698724095,1224,682,80,0.6216138043216649,1.0877396938475494,0.835300639913309,False,False,False,not_variable,1.0
9000000000002141938,KIC 2141938,,,True,0,False,dsct_flag0,False,False,704,623,83,0.23017580628134227,0.8242161388642597,0.6527831981292147,1167,654,79,0.5474634996795321,1.0621497031262321,0.5935572762806355,False,False,False,not_variable,1.0
9000000000002155343,KIC 2155343,,,True,0,False,dsct_flag0,False,False,721,633,83,0.27433604057427297,0.9632615571942849,0.6235696074636005,1194,673,79,0.7035840744185962,0.9733156042774402,0.5927161077498261,False,False,False,not_variable,1.0
9000000000002156425,KIC 2156425,,,True,0,False,dsct_flag0,False,False,543,470,78,0.4691361452150306,0.9418127340660646,0.5126735489170032,989,511,74,1.0461522625050856,1.254590809851775,0.851998210036865,False,False,False,not_variable,1.0
9000000000002159852,KIC 2159852,,,True,0,False,dsct_flag0,False,False,1367,787,85,0.9971755814854881,1.4823814582355836,0.8634156097328718,2224,826,81,0.9982006014638927,1.3908190325946168,0.7323114888997566,False,False,False,not_variable,2.0
9000000000002163636,KIC 2163636,,,True,0,False,dsct_flag0,False,False,626,521,77,0.47874186014999337,1.783930647249321,1.4199210752544915,1029,554,79,0.866105464634486,1.560461936316365,1.288445682283087,False,False,False,not_variable,1.0
9000000000002164726,KIC 2164726,,,True,0,False,dsct_flag0,False,False,784,619,79,0.516277189461699,1.549826728060691,1.2211560346068755,1219,681,80,0.6815293298017986,1.4015638533201773,1.1328691374139146,False,False,False,not_variable,1.0
9000000000002165892,KIC 2165892,,,True,0,False,dsct_flag0,False,False,789,623,79,0.46581423070825206,1.2265761008023062,0.8507321526929039,1221,681,80,0.7022936137557976,1.0860698107576106,0.6855143627037467,False,False,False,not_variable,1.0
9000000000002167334,KIC 2167334,,,True,0,False,dsct_flag0,False,False,787,621,79,0.3981131807295634,1.169101212054303,0.7675600393172434,1224,683,80,0.6801611008200733,1.1677164596048568,0.6724642741696332,False,False,False,not_variable,1.0
9000000000002308806,KIC 2308806,,,True,0,False,dsct_flag0,False,False,117,55,23,0.6751184819026885,1.388463003879321,1.3691320881023548,324,239,58,0.5093012869043336,1.3697509667960965,1.099115353546333,False,False,False,not_variable,2.0
9000000000002438566,KIC 2438566,,,True,0,False,dsct_flag0,False,False,736,647,83,0.366548449067398,1.4645666952154348,1.2699065520938848,1246,688,79,0.908702203318653,1.678946312605017,0.8025353371966734,False,False,False,not_variable,1.0
9000000000002442154,KIC 2442154,,,True,0,False,dsct_flag0,False,False,1400,800,84,0.726519568413788,1.3694392866480634,0.8488790491256971,2252,820,81,1.042642350540817,1.1504884312094656,0.5779345241065758,False,False,False,not_variable,2.0
9000000000002452185,KIC 2452185,,,True,0,False,dsct_flag0,False,False,126,103,33,0.39577622347793096,1.2668454249714356,0.9219607814865112,308,114,29,0.8586813550544845,1.57901969041703,1.209189159858044,False,False,False,not_variable,1.0
9000000000002452450,KIC 2452450,,,True,0,False,dsct_flag0,False,False,693,593,80,0.42684970605859157,1.163598996650281,0.7737272028824549,1114,649,80,0.7603999579931005,1.542302024862846,0.8377419589058803,False,False,False,not_variable,1.0
9000000000002554543,KIC 2554543,,,True,0,False,dsct_flag0,False,False,713,628,83,0.27306234294264853,0.8890231522651846,0.521478577709833,1224,669,79,0.7322626293605025,1.4810264843063503,0.9708198304108114,False,False,False,not_variable,1.0
9000000000002555530,KIC 2555530,,,True,0,False,dsct_flag0,False,False,651,610,83,0.15062025386415875,0.7136387772467644,0.4656974605695246,1155,644,79,0.6032044737992892,1.3426495664823674,0.7346234538145942,False,False,False,not_variable,1.0
9000000000002556166,KIC 2556166,,,True,0,False,dsct_flag0,False,False,704,626,83,0.20662416747452622,0.8262565636860397,0.5493521601571971,1170,649,79,0.5757948369110978,1.1580265986709757,0.6025881935944322,False,False,False,not_variable,1.0
9000000000002570469,KIC 2570469,,,True,0,False,dsct_flag0,False,False,727,643,83,0.3328344400535251,0.9666706595825102,0.6218693879338119,1229,678,79,0.7931012909355566,1.22083529325267,0.7739083166618098,False,False,False,not_variable,1.0
9000000000002572232,KIC 2572232,,,True,0,False,dsct_flag0,False,False,667,628,83,0.17314126575070563,1.0765528195279785,0.840085771396528,1167,654,79,0.7143082183027424,1.063085726697306,0.539865496266671,False,False,False,not_variable,1.0
9000000000002578891,KIC 2578891,,,True,0,False,dsct_flag0,False,False,658,591,78,0.2604378295671132,1.0377441274071348,0.6245106119740488,1017,610,78,0.7518477370563678,1.4440536180402335,1.2155193415294796,False,False,False,not_variable,1.0
9000000000002581243,KIC 2581243,,,True,0,False,dsct_flag0,False,False,769,621,80,0.3716819540357978,0.7935033523032472,0.4724506010616883,1176,642,80,0.6310133103751389,1.0358714489042617,0.6318593645640359,False,False,False,not_variable,1.0
9000000000002581964,KIC 2581964,,,True,0,False,dsct_flag0,False,False,776,622,80,0.3906359621170742,2.3933371549347044,1.593271848251497,1168,637,80,0.6376924828677797,2.1809178796026747,1.2715016972432425,False,False,False,not_variable,1.0
9000000000002582367,KIC 2582367,,,True,0,False,dsct_flag0,False,False,721,616,80,0.3548561850489276,1.0298995287323636,0.7044111951073374,1142,627,80,0.6375557083021969,1.3838084394753354,0.8924961088532892,False,False,False,not_variable,1.0
9000000000002583667,KIC 2583667,,,True,0,False,dsct_flag0,False,False,727,617,80,0.3456083128130978,1.0583046471249016,0.7405584814375836,1096,618,80,0.777354411418032,1.4726100533423898,0.7694014155141856,False,False,False,not_variable,1.0
9000000000002696217,KIC 2696217,,,True,0,False,dsct_flag0,False,False,651,610,83,0.3001861115371368,2.3362156840461186,1.155841933250415,1157,642,79,0.6586050081812529,2.260504899659467,1.0055653589576785,False,False,False,not_variable,1.0
9000000000002706947,KIC 2706947,,,True,0,False,dsct_flag0,False,False,721,644,83,0.23421881637754224,0.9473521294424558,0.6999930725520618,1171,658,79,0.5901202109219075,1.0075767901167219,0.5504172891405789,False,False,False,not_variable,1.0
9000000000002708203,KIC 2708203,,,True,0,False,dsct_flag0,False,False,671,630,83,0.19194986855338245,0.9008267303806817,0.8288736559306625,1170,657,79,0.6538203714262155,1.0319981153333193,0.539146588249899,False,False,False,not_variable,1.0
9000000000002709111,KIC 2709111,,,True,0,False,dsct_flag0,False,False,669,628,83,0.20705548293755227,1.6737931781853652,1.6974004892012744,1167,655,79,0.7722477116867295,1.679859681060247,0.6777237895431764,False,False,False,not_variable,1.0
9000000000002709528,KIC 2709528,,,True,0,False,dsct_flag0,False,False,667,628,83,0.19768086459804132,1.35865593742804,1.0763200646239899,1166,653,79,0.727037415897539,1.3236488408766887,0.45210122053506546,False,False,False,not_variable,1.0
9000000000002711067,KIC 2711067,,,True,0,False,dsct_flag0,False,False,730,645,83,0.3482594528465675,0.8718584966958869,0.499002025185771,1236,682,79,0.6495006459304983,1.0251549913826037,0.4909727198249894,False,False,False,not_variable,1.0
9000000000002714170,KIC 2714170,,,True,0,False,dsct_flag0,False,False,732,616,79,0.2885076177904205,0.8262329893576852,0.5574250364433853,1142,644,79,0.6408970367035058,0.9927551001725908,0.7338546799150671,False,False,False,not_variable,1.0
9000000000002854953,KIC 2854953,,,True,0,False,dsct_flag0,False,False,728,614,79,0.30815378237306457,0.7609058138447826,0.4366458948399062,1151,655,80,0.6271426795777733,1.1076415862051503,0.7005215655584434,False,False,False,not_variable,1.0
9000000000002855680,KIC 2855680,,,True,0,False,dsct_flag0,False,False,194,149,40,0.32836790407980715,0.9766929413459212,0.6754082784013633,370,151,37,0.7859664649748141,1.2653941010595808,1.314171306849161,False,False,False,not_variable,1.0
9000000000002856626,KIC 2856626,,,True,0,False,dsct_flag0,False,False,790,623,80,0.3617781343579273,0.6983454297132723,0.46151993911315353,1179,643,80,0.6080982416568619,1.1110234240921368,0.7966683498871521,False,False,False,not_variable,1.0
9000000000002859173,KIC 2859173,,,True,0,False,dsct_flag0,False,False,791,623,80,0.42488448159076897,0.9414742807823498,0.6378386775305085,1178,643,80,0.6747713265425732,1.2156567363570552,0.7758244545763711,False,False,False,not_variable,1.0
9000000000002860793,KIC 2860793,,,True,0,False,dsct_flag0,False,False,56,39,19,0.5433683857218569,1.8756826656375913,1.5366581741180652,59,40,15,0.3930624960710781,1.21622143475024,1.2995231015374304,False,False,False,not_variable,1.0
9000000000002860943,KIC 2860943,,,True,0,False,dsct_flag0,False,False,56,39,19,0.5036644797608805,1.864760939411818,1.667028269750331,58,40,15,0.7482006893816182,1.274374649475044,1.0820458473689967,False,False,False,not_variable,1.0
9000000000002861753,KIC 2861753,,,True,0,False,dsct_flag0,False,False,525,430,75,0.33099550399600347,0.888394046654316,0.6633334229327144,952,486,75,0.7490411178204168,1.242195908356626,0.7316923807740322,False,False,False,not_variable,1.0
9000000000002975214,KIC 2975214,,,True,0,False,dsct_flag0,False,False,735,648,83,0.26780357622221723,0.763935324792197,0.4033718970337129,1235,681,79,0.5718796908956275,1.0458279940388624,0.4843146978776507,False,False,False,not_variable,1.0
9000000000002982949,KIC 2982949,,,True,0,False,dsct_flag0,False,False,732,646,83,0.25796530127447503,0.8457676401586398,0.36274825914626935,1239,685,79,0.5846760233253412,1.056258689992574,0.4830286716953161,False,False,False,not_variable,1.0
9000000000002989122,KIC 2989122,,,True,0,False,dsct_flag0,False,False,1398,799,84,0.6913965382283611,1.1319377569031346,0.627949003143401,2301,828,81,0.9282747186087492,1.3013199496707315,0.6581530928135495,False,False,False,not_variable,2.0
9000000000002992364,KIC 2992364,,,True,0,False,dsct_flag0,False,False,669,602,79,0.28439329599709123,0.8139476294189488,0.5196186635367166,1081,626,79,0.5894556824439897,1.034560945364242,0.8116280887363723,False,False,False,not_variable,1.0
9000000000002992648,KIC 2992648,,,True,0,False,dsct_flag0,False,False,721,607,79,0.34427707818749453,0.8699434928138352,0.5076835407728008,1084,633,78,0.6750789628046976,1.1493623058553306,0.6408768301246377,False,False,False,not_variable,1.0
9000000000003003327,KIC 3003327,,,True,0,False,dsct_flag0,False,False,717,609,80,0.306400321444663,0.8386700954577647,0.5253164431201308,1172,680,80,0.600308133194534,1.018755533191229,0.7320833914014119,False,False,False,not_variable,1.0
9000000000003113440,KIC 3113440,,,True,0,False,dsct_flag0,False,False,731,645,83,0.42246927129338097,1.1862693614392135,0.849668947836414,1232,681,79,0.7406110704029186,1.23965943908956,0.6647886113585837,False,False,False,not_variable,1.0
9000000000003115969,KIC 3115969,,,True,0,False,dsct_flag0,False,False,1390,799,84,0.6201030159580614,1.1462347823341423,0.712862403652114,2211,819,80,0.9971650463882321,1.259303337367892,0.5889861047185643,False,False,False,not_variable,2.0
9000000000003118952,KIC 3118952,,,True,0,False,dsct_flag0,False,False,733,617,79,0.3203530494865291,0.797244194669622,0.43166527245429354,1157,658,79,0.6930525258188606,1.0609771579112999,0.9964247861720633,False,False,False,not_variable,1.0
9000000000003120162,KIC 3120162,,,True,0,False,dsct_flag0,False,False,789,622,80,0.38193124344782853,0.8070230203580564,0.5277047782568884,1181,644,80,0.5873534744857364,0.9617451994722221,0.838478241759478,False,False,False,not_variable,1.0
9000000000003122248,KIC 3122248,,,True,0,False,dsct_flag0,False,False,789,621,80,0.3432096737103314,0.8318254161845415,0.6435770759719436,1178,642,80,0.5683629092052865,0.8948323553245744,0.5956227830609886,False,False,False,not_variable,1.0
9000000000003123830,KIC 3123830,,,True,0,False,dsct_flag0,False,False,726,616,80,0.3316656915362862,0.8310625034595035,0.562649216873551,1112,630,79,0.6207260267088028,1.0188421977458972,0.5958936424454973,False,False,False,not_variable,1.0
9000000000003128325,KIC 3128325,,,True,0,False,dsct_flag0,False,False,722,614,80,0.3651061288361411,0.934382006389756,0.6089775158441042,1174,681,80,0.6229897298638752,1.0482999927954029,0.48853791408071406,False,False,False,not_variable,1.0
9000000000003128673,KIC 3128673,,,True,0,False,dsct_flag0,False,False,718,611,80,0.36307135257577194,0.9813298170971865,0.6209823078304205,1169,679,80,0.5617828025458527,1.1046575530427276,0.7993778503937329,False,False,False,not_variable,1.0
9000000000003128830,KIC 3128830,,,True,0,False,dsct_flag0,False,False,720,612,80,0.3828546991713258,1.061416245150515,0.7576431048155153,1172,680,80,0.6150018634041928,1.1341126423577146,0.6716228174202582,False,False,False,not_variable,1.0
9000000000003221077,KIC 3221077,,,True,0,False,dsct_flag0,False,False,672,631,83,0.2890277121597949,2.0862715519018065,0.8954632229234414,1131,630,79,0.6164633637771012,1.9672237429207822,0.790418061658984,False,False,False,not_variable,1.0
9000000000003231990,KIC 3231990,,,True,0,False,dsct_flag0,False,False,304,241,59,0.884464545201734,2.9327654692573484,2.6541268129317728,677,263,54,1.295258140275861,1.7599354984008158,1.3955995258319722,True,True,True,variable,1.0
9000000000003232582,KIC 3232582,,,True,0,False,dsct_flag0,False,False,669,630,83,0.3175245964186023,1.1730655126993137,0.6815985631831135,1162,655,79,0.7749020435598696,1.2353582844825433,0.6784727277268267,False,False,False,not_variable,1.0
9000000000003234781,KIC 3234781,,,True,0,False,dsct_flag0,False,False,1394,799,84,0.6082819171272329,1.1493311408229852,0.6823006884290931,2310,826,81,1.0942873715814188,1.193531400799635,0.6155118471561136,False,False,False,not_variable,2.0
9000000000003235821,KIC 3235821,,,True,0,False,dsct_flag0,False,False,1390,799,84,1.6993440373014603,3.0024787914423126,2.3864501887590053,2245,819,82,2.775010399156081,3.3099379565301756,2.027352818135524,True,True,False,variable,2.0
9000000000003236044,KIC 3236044,,,True,0,False,dsct_flag0,False,False,733,617,79,0.35388516710500556,0.7947815811634656,0.4692672500648057,1154,655,79,0.5725714752260586,1.0463299188149866,0.6568806361964938,False,False,False,not_variable,1.0
9000000000003236536,KIC 3236536,,,True,0,False,dsct_flag0,False,False,726,612,79,0.3640276601374954,0.8765978252844707,0.5259665349565499,1086,637,80,0.5955192731176698,1.046672584029931,0.7731776184553946,False,False,False,not_variable,1.0
9000000000003238245,KIC 3238245,,,True,0,False,dsct_flag0,False,False,788,621,80,0.3722837483838266,0.7374412863316914,0.40502259773039434,1174,642,80,0.645229674812897,1.0163821769969121,0.6192073381093259,False,False,False,not_variable,1.0
9000000000003239487,KIC 3239487,,,True,0,False,dsct_flag0,False,False,791,623,80,0.3697231646516969,0.8290205288558329,0.5605418356114844,1182,645,80,0.6026674769589092,1.0090928785447346,0.8974964974400473,False,False,False,not_variable,1.0
9000000000003240693,KIC 3240693,,,True,0,False,dsct_flag0,False,False,791,623,80,0.38133912461533964,0.767939671256813,0.44558497263493074,1181,645,80,0.5568235525095145,0.9847799268425442,0.6727545435807804,False,False,False,not_variable,1.0
9000000000003245830,KIC 3245830,,,True,0,False,dsct_flag0,False,False,720,612,80,0.32737847256452446,0.9083753131002952,0.5821831389515825,1173,681,80,0.6098884494894982,1.0556801210195845,0.695290219536726,False,False,False,not_variable,1.0
9000000000003246991,KIC 3246991,,,True,0,False,dsct_flag0,False,False,719,613,80,0.3869852865084482,1.1271636117274466,0.7712191538996823,1172,682,80,0.7476562149561817,1.372577486322933,0.88249718480008,False,False,False,not_variable,1.0
9000000000003248236,KIC 3248236,,,True,0,False,dsct_flag0,False,False,720,613,80,0.3638767112313359,0.8694488940687422,0.6390008887784823,1179,683,80,0.6641398728105822,1.1214858751247343,0.751285343839625,False,False,False,not_variable,1.0
9000000000003248536,KIC 3248536,,,True,0,False,dsct_flag0,False,False,720,613,80,0.36056283961156904,0.9762838523553603,0.6568326088084323,1179,683,80,0.6651644936648656,1.1323644310940961,0.6937135955075829,False,False,False,not_variable,1.0
9000000000003327055,KIC 3327055,,,True,0,False,dsct_flag0,False,False,709,625,83,0.2664331853779626,0.9336797928697785,0.7079461852980209,1181,653,79,0.624724246177915,1.2827083867318692,0.5639906381992758,False,False,False,not_variable,1.0
9000000000003339175,KIC 3339175,,,True,0,False,dsct_flag0,False,False,650,574,81,0.5063891264055038,2.734767844155043,1.588170807809193,1151,610,78,0.8838994006378991,2.1961781229005233,1.0826352744664471,True,True,False,variable,1.0
9000000000003340470,KIC 3340470,,,True,0,False,dsct_flag0,False,False,858,665,83,0.594487894120778,1.1064651420846372,0.8502702639491987,1550,702,82,1.0980345805769638,1.5090562946275596,1.5596143171441499,False,False,False,not_variable,1.0
9000000000003340670,KIC 3340670,,,True,0,False,dsct_flag0,False,False,1002,624,77,0.9171996555072914,1.4163383067535797,1.005896340355863,1368,634,73,1.4447977381454304,1.9493842915629156,1.3001747042860035,False,False,False,not_variable,2.0
9000000000003343037,KIC 3343037,,,True,0,False,dsct_flag0,False,False,61,40,20,0.5182883293264068,1.1423090766240174,1.3650903685484934,460,382,66,0.29930000278349617,1.2379463773500499,0.7424670029820308,False,False,False,not_variable,2.0
9000000000003343915,KIC 3343915,,,True,0,False,dsct_flag0,False,False,520,474,72,0.36066289407059254,1.5778605146128506,1.0001740462237791,665,493,70,0.7293915556404664,2.426254624091625,1.7141069040359571,False,False,False,not_variable,1.0
9000000000003345852,KIC 3345852,,,True,0,False,dsct_flag0,False,False,748,598,80,0.4494684249202966,0.9333693355205968,0.6680400847759375,1129,621,79,0.6102289233413706,1.178195879639971,0.8190791491803024,False,False,False,not_variable,1.0
9000000000003346189,KIC 3346189,,,True,0,False,dsct_flag0,False,False,787,620,80,0.37653769754368444,0.8355576445470929,0.5483373409722362,1174,641,79,0.6372328576718749,1.057585483806889,0.6039165654307783,False,False,False,not_variable,1.0
9000000000003346818,KIC 3346818,,,True,0,False,dsct_flag0,False,False,790,622,80,0.3521097303772768,0.8489069144383655,0.5144826600127265,1181,645,80,0.5906527350381106,1.073193523837192,0.9235301816509378,False,False,False,not_variable,1.0
9000000000003347174,KIC 3347174,,,True,0,False,dsct_flag0,False,False,782,615,80,0.3846132125037127,1.3881335624928253,0.887670703008005,1175,639,80,0.6124854717328243,1.5619321872012897,1.1705523772160957,False,False,False,not_variable,1.0
9000000000003347798,KIC 3347798,,,True,0,False,dsct_flag0,False,False,776,610,80,0.3451574204257067,0.9706438559639796,0.7229703932274776,1166,632,80,0.6276963440347078,1.268664500435277,0.9093189712923005,False,False,False,not_variable,1.0
9000000000003348090,KIC 3348090,,,True,0,False,dsct_flag0,False,False,787,620,80,0.4039615321159404,0.9414321787028843,0.5099672324253873,1176,642,80,0.6027273177631216,1.201345733647482,0.8321158496177627,False,False,False,not_variable,1.0
9000000000003355029,KIC 3355029,,,True,0,False,dsct_flag0,False,False,713,606,80,0.4168759800258211,1.1180128409384067,0.6797268045717227,1168,675,80,0.7518436102654257,1.2739675228684142,1.115363064532569,False,False,False,not_variable,1.0
9000000000003356825,KIC 3356825,,,True,0,False,dsct_flag0,False,False,707,601,80,0.3439454486989508,0.9860915328419109,0.71606134007574,1166,672,80,0.6352420655739578,1.0351622554768085,0.6204635806992684,False,False,False,not_variable,1.0
9000000000003432989,KIC 3432989,,,True,0,False,dsct_flag0,False,False,585,534,80,0.3427361670300012,1.4254013281445244,0.8675001245141303,873,565,77,0.6104180875784928,1.7659082937748798,1.0498833619549868,False,False,False,not_variable,1.0
9000000000003440581,KIC 3440581,,,True,0,False,dsct_flag0,False,False,62,41,21,0.35020521016427697,0.936130133192223,0.9786225108955341,64,46,20,0.648878587299083,1.1074464540159223,0.7035401687337047,False,False,False,not_variable,2.0
9000000000003440710,KIC 3440710,,,True,0,False,dsct_flag0,False,False,63,41,21,0.5361197498793127,0.9960674242090836,0.8929192799524205,69,48,20,0.46946564234305466,0.9619635634776664,0.7589370034111278,False,False,False,not_variable,2.0
9000000000003443408,KIC 3443408,,,True,0,False,dsct_flag0,False,False,61,40,20,0.6144872906607759,0.7358788601263947,0.6743032824502887,70,49,20,0.37125203500438936,0.7227814547649279,0.5179986070830477,False,False,False,not_variable,2.0
9000000000003444426,KIC 3444426,,,True,0,False,dsct_flag0,False,False,61,40,20,0.3838025520543004,1.2404153184949427,1.0217550718598416,69,48,20,0.4907321233199313,0.7824525351965437,0.6560539301022292,False,False,False,not_variable,2.0
9000000000003445468,KIC 3445468,,,True,0,False,dsct_flag0,False,False,61,40,20,0.526075140116873,1.2609425884817678,1.3513617970546392,68,47,20,0.5458997461820051,1.2049017653038587,0.9669357629085871,False,False,False,not_variable,2.0
9000000000003445497,KIC 3445497,,,True,0,False,dsct_flag0,False,False,61,40,20,0.5319198015991521,1.0405998370264204,1.037213830054407,69,48,20,0.4444465056557791,1.038746649599147,0.8592679269523069,False,False,False,not_variable,2.0
9000000000003445863,KIC 3445863,,,True,0,False,dsct_flag0,False,False,61,40,20,0.5360620259521336,0.9448784481187965,0.6813237790334664,70,49,20,0.6179797052131714,1.3552232514196696,0.8456490803217539,False,False,False,not_variable,2.0
9000000000003447919,KIC 3447919,,,True,0,False,dsct_flag0,False,False,117,55,23,0.539956191387423,1.5301601320355995,0.9828979697515894,126,61,21,0.6866764772151658,0.9357415728229215,0.94566438528029,False,False,False,not_variable,2.0
9000000000003448817,KIC 3448817,,,True,0,False,dsct_flag0,False,False,117,55,23,0.7049922989668731,1.471058295179499,1.3808160426262153,126,61,21,0.7341381863009467,1.1269126959844855,0.7701082162528843,False,False,False,not_variable,2.0
9000000000003449705,KIC 3449705,,,True,0,False,dsct_flag0,False,False,116,55,23,0.6344608937460102,1.392183634296943,1.3326848846045527,126,61,21,0.7127126438830357,1.2338782208721932,0.8618994544209487,False,False,False,not_variable,2.0
9000000000003455706,KIC 3455706,,,True,0,False,dsct_flag0,False,False,653,589,80,0.3144885411661964,1.0448660579374753,0.7120423284042906,1096,643,80,0.7188887643856153,1.352092507690286,0.9163240350833152,False,False,False,not_variable,1.0
9000000000003456790,KIC 3456790,,,True,0,False,dsct_flag0,False,False,697,595,80,0.335881741790993,1.049921494834015,0.5584766494429729,1108,651,80,0.6842559307086518,1.2917167039811497,0.7998783228105141,False,False,False,not_variable,1.0
9000000000003456968,KIC 3456968,,,True,0,False,dsct_flag0,False,False,527,487,73,0.187528471428135,1.0502014842483594,0.6534537401820357,722,527,70,0.7023629975767836,1.3263002350498252,0.7624665498353994,False,False,False,not_variable,1.0
9000000000003457689,KIC 3457689,,,True,0,False,dsct_flag0,False,False,54,38,17,0.47997534509597,0.8867248595553523,0.7827384746969509,64,44,15,0.4797585178658666,0.7346876575374927,0.7109738998303076,False,False,False,not_variable,1.0
9000000000003459380,KIC 3459380,,,True,0,False,dsct_flag0,False,False,670,577,80,0.32787636217197863,0.9179000364672433,0.7483471252990164,1114,651,78,0.6888236745646021,1.1445093411701754,0.7929505628173756,False,False,False,not_variable,1.0
9000000000003459775,KIC 3459775,,,True,0,False,dsct_flag0,False,False,54,38,17,0.4236735353253878,0.7997466736900292,0.7672599919359198,64,44,15,0.42657204764757106,1.1084749534228848,0.8839000327641054,False,False,False,not_variable,1.0
9000000000003534170,KIC 3534170,,,True,0,False,dsct_flag0,False,False,61,40,20,0.484015348818435,1.8525805281080294,1.9750811297174733,68,47,20,0.6402063901702023,1.335817459747584,0.6914918662108908,False,False,False,not_variable,2.0
9000000000003534192,KIC 3534192,,,True,0,False,dsct_flag0,False,False,61,40,20,0.6772246207939153,1.7653534044404349,1.8023148332417072,68,47,20,0.6840336255875347,1.547748787618742,0.9585639387917456,False,False,False,not_variable,2.0
9000000000003539521,KIC 3539521,,,True,0,False,dsct_flag0,False,False,62,41,21,0.42938893820931123,0.9768342492756504,0.9868705558077695,65,46,20,0.3671011670482128,1.2483913081172917,0.9393403792537675,False,False,False,not_variable,2.0
9000000000003540935,KIC 3540935,,,True,0,False,dsct_flag0,False,False,63,41,21,0.4627274510864299,0.9851239390926703,0.8887446456727581,70,49,20,0.37949265118861636,0.9621144713944311,0.7099769901354084,False,False,False,not_variable,2.0
9000000000003544956,KIC 3544956,,,True,0,False,dsct_flag0,False,False,61,40,20,0.3669310901997287,1.609020633373034,1.7335153413483946,70,49,20,0.4625985076071707,1.1317412878998898,0.6532001017257612,False,False,False,not_variable,2.0
9000000000003547930,KIC 3547930,,,True,0,False,dsct_flag0,False,False,58,38,20,0.37903413072087805,1.7603600698285702,1.6931995846801957,56,39,18,0.6845648566111378,1.3043158439353553,1.025972697638478,False,False,False,not_variable,2.0
9000000000003549573,KIC 3549573,,,True,0,False,dsct_flag0,False,False,117,55,23,0.6741016034368299,1.428896449073958,1.1610600327918814,124,61,21,0.8071753644860893,1.0955418815229827,0.6005092190576148,False,False,False,not_variable,2.0
9000000000003549831,KIC 3549831,,,True,0,False,dsct_flag0,False,False,117,55,23,0.624173969882066,1.5216393819203196,1.3587650856660622,122,60,21,0.6790855586724358,1.1266433451222004,0.9412317966183739,False,False,False,not_variable,2.0
9000000000003559541,KIC 3559541,,,True,0,False,dsct_flag0,False,False,54,38,17,0.4432399984950384,1.181650886131739,0.9249757186592693,64,44,15,0.39351084385310625,0.9923591051218651,0.7711710283409606,False,False,False,not_variable,1.0
9000000000003559933,KIC 3559933,,,True,0,False,dsct_flag0,False,False,54,38,17,0.30776876965670547,1.098226452503388,0.8168200719215516,62,43,15,0.5091782130584355,1.0546141884962899,1.111850451338052,False,False,False,not_variable,1.0
9000000000003560366,KIC 3560366,,,True,0,False,dsct_flag0,False,False,54,38,17,0.4430675767608176,0.879566199145883,0.7415603682638158,64,44,15,0.580685596090839,0.9962558227442884,0.9569528609677823,False,False,False,not_variable,1.0
9000000000003561257,KIC 3561257,,,True,0,False,dsct_flag0,False,False,54,38,17,0.3462977940652445,0.9127547225984478,0.7414285158401982,64,44,15,0.43760575155223663,0.8946390254603547,0.6400911434434501,False,False,False,not_variable,1.0
9000000000003647234,KIC 3647234,,,True,0,False,dsct_flag0,False,False,676,606,80,0.7899972687003275,2.284922494049329,1.385788491130201,1086,633,78,2.022296096503344,3.2321633863609107,2.3714460499230117,True,False,False,variable,1.0
9000000000003648418,KIC 3648418,,,True,0,False,dsct_flag0,False,False,682,613,80,0.37774784404601147,1.1480725440918462,0.8361418186155837,1107,648,79,0.8487862837035602,1.2570916980149565,1.1392699307575143,False,False,False,not_variable,1.0
9000000000003655015,KIC 3655015,,,True,0,False,dsct_flag0,False,False,671,607,81,0.2752191689505394,0.929246878679491,0.7072455942211837,1001,595,80,0.6958922877616114,1.2096304988308406,0.7882999627319867,False,False,False,not_variable,1.0
9000000000003656648,KIC 3656648,,,True,0,False,dsct_flag0,False,False,652,590,81,0.3787126495201978,1.11287529698062,0.7816100393706764,1084,631,80,0.8075009857354871,1.3381957468942023,0.7633555457823328,False,False,False,not_variable,1.0
9000000000003658426,KIC 3658426,,,True,0,False,dsct_flag0,False,False,51,35,17,0.5815661412693545,1.7603033729623965,1.2653036535448983,61,43,15,0.4961319907365438,0.8769021088491982,0.6850224033311719,False,False,False,not_variable,1.0
9000000000003659087,KIC 3659087,,,True,0,False,dsct_flag0,False,False,51,35,17,0.6157849447857252,1.1106954645825142,0.9012101660829718,60,42,14,0.5432670908018403,0.9714663576675562,0.8474843488269922,False,False,False,not_variable,1.0
9000000000003659751,KIC 3659751,,,True,0,False,dsct_flag0,False,False,50,34,17,0.43894978544145075,1.2309115961073545,1.0423950336221066,59,41,14,0.5299587747837986,0.9954270920341065,0.8557994990648987,False,False,False,not_variable,1.0
9000000000003660476,KIC 3660476,,,True,0,False,dsct_flag0,False,False,658,596,81,0.24365206110588186,0.944134357516113,0.5669605052250406,1107,650,79,0.6366133966547143,1.149624607891367,0.6120291927433066,False,False,False,not_variable,1.0
9000000000003660523,KIC 3660523,,,True,0,False,dsct_flag0,False,False,51,35,17,0.32210514523994566,1.4865412618358311,1.1562226395499193,62,43,15,0.43380937604796604,1.0613566139701673,0.9079232913728922,False,False,False,not_variable,1.0
9000000000003661489,KIC 3661489,,,True,0,False,dsct_flag0,False,False,657,595,81,0.23277558996995779,0.9231287910317475,0.5648457391110626,1104,648,79,0.7068562704224838,1.2917921729779587,0.7022794474623051,False,False,False,not_variable,1.0
9000000000003662358,KIC 3662358,,,True,0,False,dsct_flag0,False,False,651,590,81,0.2964869340855505,1.1301148987387386,0.794357240835929,1092,639,79,0.9409114357208663,1.895433130345725,1.325672761962764,False,False,False,not_variable,1.0
9000000000003730390,KIC 3730390,,,True,0,False,dsct_flag0,False,False,653,613,83,0.1882376385056879,1.145036979421378,0.6577013570765159,1098,626,79,0.5596573184974954,1.0063019009872438,0.6347942979770175,False,False,False,not_variable,1.0
9000000000003732609,KIC 3732609,,,True,0,False,dsct_flag0,False,False,656,615,83,0.2221558061392028,0.9975495279172788,0.6790445784997717,1140,640,79,0.5968018754010986,1.0647962549797705,0.6325750010575033,False,False,False,not_variable,1.0
9000000000003734682,KIC 3734682,,,True,0,False,dsct_flag0,False,False,664,623,83,0.08850899693517085,0.9174818091179482,0.7053798785748784,1129,634,79,0.35151408130000694,1.1689975361724874,0.8446022160745886,False,False,False,not_variable,1.0
9000000000003746949,KIC 3746949,,,True,0,False,dsct_flag0,False,False,1346,789,84,0.49343586795601446,1.1387730348253962,0.49153675493162524,2261,812,81,0.7848425049795124,1.1910205995049217,0.7505742271332607,False,False,False,not_variable,2.0
9000000000003748314,KIC 3748314,,,True,0,False,dsct_flag0,False,False,677,607,80,0.31808392630382026,0.9103038139643717,0.5303589638150967,1095,638,78,0.6766798467960957,0.9884152565918403,0.5014278405605519,False,False,False,not_variable,1.0
9000000000003748474,KIC 3748474,,,True,0,False,dsct_flag0,False,False,676,606,80,0.27891908108280333,0.8306335686467697,0.4808917437937669,1093,636,78,0.6600730799632204,1.0248631331898237,0.5314447110519883,False,False,False,not_variable,1.0
9000000000003748532,KIC 3748532,,,True,0,False,dsct_flag0,False,False,676,606,80,0.2719536927089509,0.8964668589340602,0.528060607917288,1092,635,78,0.6652926232297592,1.0025336939954177,0.610146984719105,False,False,False,not_variable,1.0
9000000000003749234,KIC 3749234,,,True,0,False,dsct_flag0,False,False,673,604,80,0.326899430998603,1.0015350757129033,0.6422622150092135,1092,638,78,0.6958195709346808,1.0519462531163921,0.6295806803763973,False,False,False,not_variable,1.0
9000000000003755217,KIC 3755217,,,True,0,False,dsct_flag0,False,False,675,610,81,0.21256246814678728,0.903086521073375,0.5030744063150636,1110,650,80,0.670173319182354,1.1546886908074225,0.9345830563088836,False,False,False,not_variable,1.0
9000000000003755395,KIC 3755395,,,True,0,False,dsct_flag0,False,False,674,609,81,0.2773731545624035,0.9130557892773402,0.5636137104237628,1109,650,80,0.656837098146276,1.1123542900728178,0.7217537519823822,False,False,False,not_variable,1.0
9000000000003757876,KIC 3757876,,,True,0,False,dsct_flag0,False,False,672,608,81,0.2626760996005747,1.1044133537773375,0.6896465367191473,1106,649,80,0.8415278583905375,1.3443213331396622,0.8899603754808219,False,False,False,not_variable,1.0
9000000000003759078,KIC 3759078,,,True,0,False,dsct_flag0,False,False,659,598,81,0.3185265894336742,1.2776568872886862,0.6728999634079429,1074,632,79,0.8449148670682327,1.4854155418785822,0.9325060444785845,False,False,False,not_variable,1.0
9000000000003762165,KIC 3762165,,,True,0,False,dsct_flag0,False,False,671,607,81,0.25705228523207246,0.8890501358351475,0.5568696001716387,1114,655,79,0.611511014376863,1.1209649209485835,0.6245564967702353,False,False,False,not_variable,1.0
9000000000003762528,KIC 3762528,,,True,0,False,dsct_flag0,False,False,671,607,81,0.2875422270835508,0.912638751154568,0.5419119950593175,1117,657,79,0.6105221873554418,0.9877653984323075,0.4887943568667437,False,False,False,not_variable,1.0
9000000000003839143,KIC 3839143,,,True,0,False,dsct_flag0,False,False,666,625,83,0.15549142795491344,0.9061376170118141,0.6765491891561228,1171,655,79,0.48882509422279125,1.0585563901963284,0.6383019770537314,False,False,False,not_variable,1.0
9000000000003848351,KIC 3848351,,,True,0,False,dsct_flag0,False,False,671,630,83,0.23212887286831058,1.0032848955218385,0.6512267474552603,1171,660,79,0.5520161292494677,1.0060090186010293,0.49063290940740234,False,False,False,not_variable,1.0
9000000000003849544,KIC 3849544,,,True,0,False,dsct_flag0,False,False,1344,789,84,0.545021229792291,1.1475157574016288,0.7707282818419696,2264,811,81,0.7731375755007942,1.2856127734708045,0.7407737822069849,False,False,False,not_variable,2.0
9000000000003851286,KIC 3851286,,,True,0,False,dsct_flag0,False,False,736,620,80,0.47427206748207523,0.9871726353562984,0.6630306357050998,1163,663,78,0.7051008825599815,1.0431123225968255,0.4771355098810413,False,False,False,not_variable,1.0
9000000000003854231,KIC 3854231,,,True,0,False,dsct_flag0,False,False,792,628,80,0.43993218455205113,0.830424809750279,0.5844607913069909,1240,685,79,0.7167848323440963,1.0220012292077427,0.557727659899097,False,False,False,not_variable,1.0
9000000000003854825,KIC 3854825,,,True,0,False,dsct_flag0,False,False,795,629,80,0.5274978060423802,0.821949001556763,0.5220015524795705,1241,685,79,0.6708777061697665,1.0150085333318855,0.577773556908177,False,False,False,not_variable,1.0
9000000000003855114,KIC 3855114,,,True,0,False,dsct_flag0,False,False,770,625,80,0.8574654637037668,1.9701218890926417,1.26252688854656,1230,680,78,1.5512141814682912,2.6029155221980784,1.749110833567947,True,False,False,variable,1.0
9000000000003859610,KIC 3859610,,,True,0,False,dsct_flag0,False,False,673,608,81,0.21599866255160646,0.8430544768650367,0.643100890036272,1143,661,80,0.699178274934366,1.021279559344647,0.6680509131983188,False,False,False,not_variable,1.0
9000000000003865579,KIC 3865579,,,True,0,False,dsct_flag0,False,False,669,605,81,0.2523929193134245,0.8037337656395122,0.41843984243406446,1110,652,79,0.6003254305639757,1.0521929569789876,0.8194524943358987,False,False,False,not_variable,1.0
9000000000003866374,KIC 3866374,,,True,0,False,dsct_flag0,False,False,668,605,81,0.23265876460110108,0.8765742697942402,0.636423735241499,1111,653,79,0.6404288908328971,1.193823786562731,1.1266939763238062,False,False,False,not_variable,1.0
9000000000003866714,KIC 3866714,,,True,0,False,dsct_flag0,False,False,668,605,81,0.3146537272649558,1.7318242792614282,0.9298821397089404,1165,678,79,0.7327129409380867,1.6582977819381948,1.124813615522158,False,False,False,not_variable,1.0
9000000000003867133,KIC 3867133,,,True,0,False,dsct_flag0,False,False,41,31,16,0.4490984821449366,1.5199447279771852,1.2528766378792358,55,40,16,0.5335525492789014,1.2930820160631893,1.5266093782303287,False,False,False,not_variable,1.0
9000000000003869880,KIC 3869880,,,True,0,False,dsct_flag0,False,False,679,613,82,0.17444435244791756,0.8253709108052016,0.5345098078164335,1119,662,81,0.46967692797427085,0.9359144019740409,0.6885312442399277,False,False,False,not_variable,1.0
9000000000003936965,KIC 3936965,,,True,0,False,dsct_flag0,False,False,717,630,83,0.26002320697010506,0.9637450600955687,0.49031518886872383,1088,605,79,0.6037288335772333,1.095706830984498,0.6309665852272425,False,False,False,not_variable,1.0
9000000000003938990,KIC 3938990,,,True,0,False,dsct_flag0,False,False,713,629,83,0.2860117328417236,0.8215137429835155,0.4627468793625764,1160,648,79,0.4908957223359653,0.9408833799678148,0.6297846622539369,False,False,False,not_variable,1.0
9000000000003954136,KIC 3954136,,,True,0,False,dsct_flag0,False,False,1406,801,84,0.6330063579441803,1.124667409091938,0.5525389331372691,2329,831,81,0.8092495770431699,1.2885957161448036,0.6522235410486062,False,False,False,not_variable,2.0
9000000000003958230,KIC 3958230,,,True,0,False,dsct_flag0,False,False,796,629,80,0.37017085228203933,0.8074870724542862,0.4879471787651142,1241,685,79,0.6557401607882248,1.0327896000913601,0.47866238736287453,False,False,False,not_variable,1.0
9000000000003958424,KIC 3958424,,,True,0,False,dsct_flag0,False,False,792,626,80,0.3759901584254298,0.8170262100351666,0.4932373663082081,1232,681,79,0.6484309311322727,0.932785321041489,0.6090545032510577,False,False,False,not_variable,1.0
9000000000003958491,KIC 3958491,,,True,0,False,dsct_flag0,False,False,795,628,80,0.39581041683922646,0.8462267530174157,0.6390237245444231,1241,685,79,0.6292961918379927,0.9441315142497733,0.7770703591429838,False,False,False,not_variable,1.0
9000000000003964039,KIC 3964039,,,True,0,False,dsct_flag0,False,False,729,621,81,0.2809179429073131,0.8701201774506296,0.4814898651363261,1174,675,80,0.6915435651142128,1.0618121242208023,0.8026511637969104,False,False,False,not_variable,1.0
9000000000003964176,KIC 3964176,,,True,0,False,dsct_flag0,False,False,727,620,81,0.3074930314788372,0.8254856268041822,0.5881082631498346,1172,675,80,0.6242262250690365,1.0659443866780463,0.8723294661088143,False,False,False,not_variable,1.0
9000000000003964570,KIC 3964570,,,True,0,False,dsct_flag0,False,False,730,622,81,0.4568243694790774,0.9965035598590193,0.5980142791878663,1175,676,80,0.705343469843877,1.140717427785163,0.7543370203638001,False,False,False,not_variable,1.0
9000000000003965728,KIC 3965728,,,True,0,False,dsct_flag0,False,False,666,602,81,0.27904263879602414,1.153585903664875,1.0180149172538966,1065,628,80,0.7174383487102135,1.2488926779211553,1.0891758458778638,False,False,False,not_variable,1.0
9000000000003966800,KIC 3966800,,,True,0,False,dsct_flag0,False,False,724,619,81,0.38028894458485485,0.9890071262328001,0.5211396942927065,1180,681,79,0.6832996007847886,1.1651240204513207,0.5581278292657784,False,False,False,not_variable,1.0
9000000000003971446,KIC 3971446,,,True,0,False,dsct_flag0,False,False,54,38,18,0.4242605946788643,1.301689737475448,1.1442378328029037,64,44,16,0.47764210992614264,1.2776485362923984,0.647227701781366,False,False,False,not_variable,1.0
9000000000003971805,KIC 3971805,,,True,0,False,dsct_flag0,False,False,661,560,82,0.3883098386816176,0.9496262601275026,0.6163033991576833,1090,603,80,0.6338064971480978,1.151104431089782,0.7764049516962507,False,False,False,not_variable,1.0
9000000000003972358,KIC 3972358,,,True,0,False,dsct_flag0,False,False,734,626,82,0.3703732594265237,0.8920124557352835,0.529728935679793,1184,687,81,0.4984319374133341,1.051250839517695,0.7442984682801064,False,False,False,not_variable,1.0
9000000000003973260,KIC 3973260,,,True,0,False,dsct_flag0,False,False,698,602,82,0.3246196942998929,0.948826019315603,0.5910078195292743,1151,665,81,0.4604197536500092,1.08377671120512,0.8861762910579987,False,False,False,not_variable,1.0
9000000000004042063,KIC 4042063,,,True,0,False,dsct_flag0,False,False,715,629,83,0.37149476036154044,1.1960767272322712,0.8531226045303019,1218,670,79,0.5673276540449044,1.0413458933801891,0.6154585559340227,False,False,False,not_variable,1.0
9000000000004056111,KIC 4056111,,,True,0,False,dsct_flag0,False,False,1401,800,84,0.6384590549239783,1.1985622727482157,0.7499246417798284,2319,830,81,0.7798352924813435,1.3298737029184937,0.7446602339421979,False,False,False,not_variable,2.0
9000000000004058770,KIC 4058770,,,True,0,False,dsct_flag0,False,False,736,620,80,0.3742776121664968,0.9784473241967642,0.6396280632342364,1163,663,78,0.7291912145537698,1.0795750230400707,0.5242625379654798,False,False,False,not_variable,1.0
9000000000004058862,KIC 4058862,,,True,0,False,dsct_flag0,False,False,732,617,80,0.4274181634306257,1.0104981419829107,0.6660436160944732,1158,662,78,0.777272996775301,1.0747621322110936,0.4897360487867135,False,False,False,not_variable,1.0
9000000000004060352,KIC 4060352,,,True,0,False,dsct_flag0,False,False,794,627,80,0.3853577381875656,0.8590782398080011,0.5867602227804664,1238,682,79,0.7311899733402992,1.096432633568746,0.6779774809306559,False,False,False,not_variable,1.0
9000000000004066898,KIC 4066898,,,True,0,False,dsct_flag0,False,False,725,618,81,0.3109267328789839,0.9251786133072627,0.6479960185749789,1172,675,80,0.6509373455810215,1.065479722588209,0.8121268879493984,False,False,False,not_variable,1.0
9000000000004070713,KIC 4070713,,,True,0,False,dsct_flag0,False,False,722,617,81,0.49661936894598585,1.393167658991331,0.8342177598080991,1117,653,79,2.5917313836911267,4.776617997805265,3.259790435866927,True,False,False,variable,1.0
9000000000004070833,KIC 4070833,,,True,0,False,dsct_flag0,False,False,719,616,81,0.31021081721039434,0.9460862624332088,0.4553536822302222,1173,678,79,0.6282396588473167,1.069872128774033,0.7116325314621076,False,False,False,not_variable,1.0
9000000000004071157,KIC 4071157,,,True,0,False,dsct_flag0,False,False,722,617,81,0.30228915219286046,0.9001303919592135,0.567673254119384,1175,680,79,0.6446847534514347,0.9701406668990264,0.7405232914218158,False,False,False,not_variable,1.0
9000000000004073646,KIC 4073646,,,True,0,False,dsct_flag0,False,False,54,38,17,0.45782291488380367,1.220864962845057,0.7488308846270502,65,45,16,0.5900308801424651,0.9839588879282102,0.8540961239722402,False,False,False,not_variable,1.0
9000000000004075975,KIC 4075975,,,True,0,False,dsct_flag0,False,False,711,607,82,0.3668680957241366,1.0159388780449998,0.603897686746098,1117,654,81,0.45692261794613953,1.0688169064439397,0.8344936824326101,False,False,False,not_variable,1.0
9000000000004079369,KIC 4079369,,,True,0,False,dsct_flag0,False,False,730,623,82,0.256878384950158,0.9659527101746769,0.7247048667841103,65,45,16,0.5223314988734196,0.918729689000481,0.8658649207760228,False,False,False,not_variable,1.0
9000000000004135516,KIC 4135516,,,True,0,False,dsct_flag0,False,False,767,636,83,0.39302982949386295,2.0402225416702566,0.7307733445265576,1266,677,79,0.6593845266404944,1.1863987518077062,0.7017400059002529,False,False,False,not_variable,1.0
9000000000004155654,KIC 4155654,,,True,0,False,dsct_flag0,False,False,1410,803,84,0.6129478464755136,1.3429867509554694,0.936426688865634,2337,834,81,0.8691447930285802,1.346914945757686,0.7222649785083082,False,False,False,not_variable,2.0
9000000000004156309,KIC 4156309,,,True,0,False,dsct_flag0,False,False,1402,801,84,0.727391965363979,1.1960880824719,0.6667783823419108,2327,831,81,0.8127759580918602,1.3432625211633553,0.6712248017426987,False,False,False,not_variable,2.0
9000000000004159702,KIC 4159702,,,True,0,False,dsct_flag0,False,False,716,611,80,0.3669669955180491,1.031256741949135,0.8660318044350848,1154,662,79,0.8582210985520999,1.3037944912717376,0.8934812038741726,False,False,False,not_variable,1.0
9000000000004165505,KIC 4165505,,,True,0,False,dsct_flag0,False,False,729,621,81,0.3668318598441494,0.8858763136337189,0.7048178212096273,1175,676,80,0.5957829941591131,1.2113124786432736,0.7937032063434629,False,False,False,not_variable,1.0
9000000000004166305,KIC 4166305,,,True,0,False,dsct_flag0,False,False,729,621,81,0.27407357070405614,0.7232054320163667,0.4509027210655141,1175,676,80,0.6166703294644126,1.0034683881126405,0.6967636030624784,False,False,False,not_variable,1.0
9000000000004172808,KIC 4172808,,,True,0,False,dsct_flag0,False,False,722,617,81,0.31450655492576723,0.9583351134111737,0.5606690132206228,1176,681,79,0.5999362171658726,0.9714311658452338,0.7642118299788432,False,False,False,not_variable,1.0
9000000000004173618,KIC 4173618,,,True,0,False,dsct_flag0,False,False,722,617,81,0.26198225073645026,0.7764417114304754,0.4298961162770197,1177,680,79,0.5434012590199722,0.9011167526023895,0.4264659002948717,False,False,False,not_variable,1.0
9000000000004175669,KIC 4175669,,,True,0,False,dsct_flag0,False,False,49,33,14,0.4721994659634836,1.1034006632942284,1.1463243607987423,55,35,11,0.6109665361235035,1.2789953305179989,1.1648790728629983,False,False,False,not_variable,1.0
9000000000004176455,KIC 4176455,,,True,0,False,dsct_flag0,False,False,731,624,82,0.28233972799340123,1.05617537826996,0.7810071727322926,1183,687,81,0.5836477776565033,1.258967787990213,0.9529888547736923,False,False,False,not_variable,1.0
9000000000004242640,KIC 4242640,,,True,0,False,dsct_flag0,False,False,720,631,83,0.36216232194672643,1.0012459192499326,0.6623815201048867,1193,671,79,0.636400549204803,1.080766512667348,0.5129823305215253,False,False,False,not_variable,1.0
9000000000004254811,KIC 4254811,,,True,0,False,dsct_flag0,False,False,122,93,28,0.4080587247710728,1.6500758819585433,1.804062790866398,385,101,23,0.6908600045738644,1.406060037560651,0.9514779335110081,False,False,False,not_variable,1.0
9000000000004261149,KIC 4261149,,,True,0,False,dsct_flag0,False,False,1403,800,84,0.7382339734644088,1.2205282213850046,0.5653885117752635,2328,831,81,0.8578776672658347,1.3631495369023652,0.6241220399151675,False,False,False,not_variable,2.0
9000000000004262931,KIC 4262931,,,True,0,False,dsct_flag0,False,False,1403,802,84,0.7857584730319359,1.2917561646063893,0.8968991158071438,2333,833,81,1.0391807467365048,1.2662077075611997,0.6244061591496592,False,False,False,not_variable,2.0
9000000000004263932,KIC 4263932,,,True,0,False,dsct_flag0,False,False,732,617,80,0.42478545518658983,1.0589457835397211,0.7016229505695685,1148,659,78,0.8007557015736925,1.0999179397194156,0.6690605008969042,False,False,False,not_variable,1.0
9000000000004269031,KIC 4269031,,,True,0,False,dsct_flag0,False,False,49,34,19,0.43692518744995096,1.2298829840342818,0.8552071128956509,56,40,16,0.36954937232593665,0.8991243830094423,0.8289208734915796,False,False,False,not_variable,1.0
9000000000004269682,KIC 4269682,,,True,0,False,dsct_flag0,False,False,710,606,81,0.3807388213491481,1.1305273375805445,0.9471425202093288,1156,660,80,0.6747977636013532,1.1550818770157423,0.868855250424058,False,False,False,not_variable,1.0
9000000000004270312,KIC 4270312,,,True,0,False,dsct_flag0,False,False,726,619,81,0.35775672463170355,0.8418302421273309,0.5239803069991616,1149,666,80,0.5694486138002173,1.0690892641530356,0.7443226127483941,False,False,False,not_variable,1.0
9000000000004270733,KIC 4270733,,,True,0,False,dsct_flag0,False,False,728,620,81,0.388517325671496,0.8852488122162087,0.5940375278439306,1172,676,80,0.6189401583466655,0.9751569783354876,0.8897454785529304,False,False,False,not_variable,1.0
9000000000004277377,KIC 4277377,,,True,0,False,dsct_flag0,False,False,724,618,81,0.2758538648405974,0.8306581810098301,0.46311486099238813,1179,681,79,0.5748372493320693,0.9212996378164138,0.45483511692102513,False,False,False,not_variable,1.0
9000000000004278922,KIC 4278922,,,True,0,False,dsct_flag0,False,False,725,619,81,0.3206577499563613,0.9879969999502564,0.67086187995357,1181,682,79,0.5856440693350594,0.979482334769922,0.6402145568999794,False,False,False,not_variable,1.0
9000000000004280657,KIC 4280657,,,True,0,False,dsct_flag0,False,False,730,623,82,0.32917267444644854,1.2348526144010927,0.7274093384159256,1147,675,81,0.6519687344879057,1.4046003128358657,1.0448814169316174,False,False,False,not_variable,1.0
9000000000004282737,KIC 4282737,,,True,0,False,dsct_flag0,False,False,731,624,82,0.24191407674104684,0.9475407292867419,0.6852678764726663,1083,642,80,0.47694568511824514,1.0692495610450052,0.8829143645056097,False,False,False,not_variable,1.0
9000000000004285040,KIC 4285040,,,True,0,False,dsct_flag0,False,False,732,625,82,0.2946605296753002,1.1534720556906337,0.8214585731684819,1183,687,81,0.551139935561984,1.269149210543908,0.9262538198258644,False,False,False,not_variable,1.0
9000000000004355661,KIC 4355661,,,True,0,False,dsct_flag0,False,False,709,626,82,0.2963210069983618,1.3000661571060743,0.8005125447176207,1209,664,79,1.14283416601442,2.269235959431313,1.0027555406699233,False,False,False,not_variable,1.0
9000000000004364237,KIC 4364237,,,True,0,False,dsct_flag0,False,False,1407,803,84,0.6889663634667561,1.409631035488984,0.7736266355182105,2333,833,81,0.9102537537291585,1.2942269589450754,0.6726102585012894,False,False,False,not_variable,2.0
9000000000004365860,KIC 4365860,,,True,0,False,dsct_flag0,False,False,734,618,80,0.45224343361216124,1.0011149639631625,0.5978245413126073,1160,662,78,0.7715499891296305,1.089719645124641,0.6511899282851598,False,False,False,not_variable,1.0
9000000000004366310,KIC 4366310,,,True,0,False,dsct_flag0,False,False,716,603,80,0.5856020942410842,1.3206247473004535,0.948395359509119,1149,657,78,1.1642437619246515,1.6968345183322568,0.9055979216490609,False,False,False,not_variable,1.0
9000000000004370829,KIC 4370829,,,True,0,False,dsct_flag0,False,False,774,615,80,0.4594951531470586,1.0366284345447216,0.8227737065248333,1209,679,79,0.919708207344249,1.2296811604797449,0.8118796698217295,False,False,False,not_variable,1.0
9000000000004371336,KIC 4371336,,,True,0,False,dsct_flag0,False,False,34,23,11,0.48985409473296215,2.905465814581358,2.4128759808634017,44,30,9,0.4260493274430766,1.295749345603266,0.7828383915803546,True,True,False,variable,1.0
9000000000004372107,KIC 4372107,,,True,0,False,dsct_flag0,False,False,728,620,81,0.34671629133479603,1.1349335705615742,0.7098750847213515,1170,675,80,0.6867367796591384,1.14798802907913,0.73256520108152,False,False,False,not_variable,1.0
9000000000004372282,KIC 4372282,,,True,0,False,dsct_flag0,False,False,724,617,81,0.3149605366313081,0.9618015054586468,0.7571262225968626,1161,668,79,0.6763732036957704,1.1580768972670021,1.093861985945568,False,False,False,not_variable,1.0
9000000000004374610,KIC 4374610,,,True,0,False,dsct_flag0,False,False,730,622,81,0.3197199834644207,0.8275937923585193,0.5338676954784708,1174,676,80,0.631530243828792,0.966379980724634,0.7372792271624105,False,False,False,not_variable,1.0
9000000000004375393,KIC 4375393,,,True,0,False,dsct_flag0,False,False,724,617,81,0.4086487880972225,1.1065135815284768,0.8405108978814085,947,569,80,0.7389321732375009,1.4068791679426822,0.9648999696150081,False,False,False,not_variable,1.0
9000000000004379925,KIC 4379925,,,True,0,False,dsct_flag0,False,False,722,617,81,0.34703015313742713,0.8791594701950285,0.4988006642252891,1178,681,79,0.6627523819534052,1.0739245642194055,1.0168848148477805,False,False,False,not_variable,1.0
9000000000004382014,KIC 4382014,,,True,0,False,dsct_flag0,False,False,43,29,13,0.34470150967576285,1.171006145726781,1.347219373042841,55,35,11,0.7450414647554553,1.58013042477495,1.8753793867267226,False,False,False,not_variable,1.0
9000000000004383052,KIC 4383052,,,True,0,False,dsct_flag0,False,False,734,626,82,0.34750299317008065,1.2211464785888773,0.7903610056424962,1181,686,81,0.7283343741982773,1.513341838198538,0.8363779677180192,False,False,False,not_variable,1.0
9000000000004386722,KIC 4386722,,,True,0,False,dsct_flag0,False,False,733,625,82,0.2783238068187542,0.9860541669688679,0.6758470404865479,1184,687,81,0.6089546633299823,1.2816744618948774,0.9293678375126232,False,False,False,not_variable,1.0
9000000000004390637,KIC 4390637,,,True,0,False,dsct_flag0,False,False,734,624,82,0.34758472224104314,1.083121644479738,0.7815060426759564,1126,662,80,0.6296351539152152,1.1933712022724587,0.6449605898898924,False,False,False,not_variable,1.0
9000000000004446871,KIC 4446871,,,True,0,False,dsct_flag0,False,False,720,631,83,0.3393287235477424,1.0266239428759465,0.6310302139813966,1212,673,79,0.6390068052751998,1.1148934026296198,0.5349445780856091,False,False,False,not_variable,1.0
9000000000004458117,KIC 4458117,,,True,0,False,dsct_flag0,False,False,63,42,21,0.5317416742853783,1.437197681317525,2.2958456495784425,67,49,21,0.3284599266377234,1.2995365854542065,1.2868448028504216,False,False,False,not_variable,1.5
9000000000004470415,KIC 4470415,,,True,0,False,dsct_flag0,False,False,50,34,14,0.38859422424231316,2.238884493803059,2.0497270555273777,56,36,11,0.5381782973272925,1.460557784691935,1.048735834854224,False,False,False,not_variable,1.0
9000000000004470499,KIC 4470499,,,True,0,False,dsct_flag0,False,False,55,39,18,0.38159811177748526,2.1659325948975043,1.6283057988092553,65,45,16,0.5425045964971765,1.2905936609549509,0.919543813506053,False,False,False,not_variable,1.0
9000000000004470707,KIC 4470707,,,True,0,False,dsct_flag0,False,False,147,127,45,0.2896201201617754,1.734595413336138,1.4850318230906114,320,144,42,0.9602812222900466,1.8087684844232645,1.3407223015430958,False,False,False,not_variable,1.0
9000000000004471058,KIC 4471058,,,True,0,False,dsct_flag0,False,False,704,602,81,0.4048841151852993,1.1702958170959952,0.9295476689710805,1100,642,80,0.7508363546203487,1.2974455589481817,1.0602713737609888,False,False,False,not_variable,1.0
9000000000004472103,KIC 4472103,,,True,0,False,dsct_flag0,False,False,716,609,81,0.43403581151273274,1.0433195899578236,0.7139106594171236,1162,665,80,0.6928470754236123,1.076982220710531,0.9528364663728655,False,False,False,not_variable,1.0
9000000000004472809,KIC 4472809,,,True,0,False,dsct_flag0,False,False,617,557,78,0.3030661295794796,1.092991853216315,0.723497049538546,1004,626,78,0.9619702656309594,2.0042902916048115,1.3020221175425757,False,False,False,not_variable,1.0
9000000000004473660,KIC 4473660,,,True,0,False,dsct_flag0,False,False,726,619,81,0.345555158791271,1.5513253126833415,1.0261041277697733,1170,673,80,0.6664048363845412,1.1183447595209903,0.7091405924390605,False,False,False,not_variable,1.0
9000000000004476419,KIC 4476419,,,True,0,False,dsct_flag0,False,False,724,618,81,0.35882735928697224,0.9032236388834356,0.589295270338643,1178,682,79,0.6600650024344793,1.1746256538937687,0.7395004341686408,False,False,False,not_variable,1.0
9000000000004481457,KIC 4481457,,,True,0,False,dsct_flag0,False,False,719,613,82,0.32302861532258975,1.2155195486498263,0.7197522404824054,1109,654,81,0.6259957092580339,1.4517732379584214,0.9041414744191734,False,False,False,not_variable,1.0
9000000000004482014,KIC 4482014,,,True,0,False,dsct_flag0,False,False,729,622,82,0.30595786593628266,1.1143700397747582,0.7194698463180956,1183,687,81,0.5685149081809503,1.2793387598671597,0.9120721519322544,False,False,False,not_variable,1.0
9000000000004483235,KIC 4483235,,,True,0,False,dsct_flag0,False,False,703,603,82,0.2669485717721815,1.0491457108474553,0.6600651196627643,1141,663,79,0.6027115013925716,1.3308414872430538,0.8183558010645104,False,False,False,not_variable,1.0
9000000000004483691,KIC 4483691,,,True,0,False,dsct_flag0,False,False,728,624,82,0.2756986252387171,0.9830079164382479,0.6574901290581795,1183,688,81,0.5679428344358401,1.225253855438734,0.777609018205274,False,False,False,not_variable,1.0
9000000000004485025,KIC 4485025,,,True,0,False,dsct_flag0,False,False,723,616,82,0.28808206542046555,1.0774457920163845,0.7597333193528392,1125,660,81,0.5837384727265476,1.3720784384008677,0.974317362914065,False,False,False,not_variable,1.0
9000000000004566780,KIC 4566780,,,True,0,False,dsct_flag0,False,False,112,54,23,0.7539596394743393,1.2570409698512033,1.0260921896397102,129,64,22,1.0010053609165126,1.3168018398886894,0.7344419434455716,False,False,False,not_variable,2.0
9000000000004567873,KIC 4567873,,,True,0,False,dsct_flag0,False,False,726,619,81,0.4031376393573728,1.167383650381875,0.8270658113125042,1174,675,80,0.9307882532153228,1.364788958721983,0.9876666903798492,False,False,False,not_variable,1.0
9000000000004568087,KIC 4568087,,,True,0,False,dsct_flag0,False,False,715,615,81,0.40250522837531194,1.2532969668513265,0.7142555827918824,1165,671,80,0.8547855460583274,1.3700758895667087,1.0286716858802059,False,False,False,not_variable,1.0
9000000000004568117,KIC 4568117,,,True,0,False,dsct_flag0,False,False,728,622,81,0.4316537601135748,1.1114109180514302,0.7048158287491755,1175,677,80,0.8228028131158556,1.3094995856838336,0.8010647413313727,False,False,False,not_variable,1.0
9000000000004569596,KIC 4569596,,,True,0,False,dsct_flag0,False,False,730,623,81,0.34214227073781156,1.1231535790466383,0.954093404989009,1177,678,80,0.7874049043152939,1.3219989711762508,0.9593245499818014,False,False,False,not_variable,1.0
9000000000004569616,KIC 4569616,,,True,0,False,dsct_flag0,False,False,55,39,18,0.4026009442666851,0.8694929772959008,0.6881792952749323,66,46,16,0.3681538340113467,0.9215973779537481,1.0105171902563947,False,False,False,not_variable,1.0
9000000000004570545,KIC 4570545,,,True,0,False,dsct_flag0,False,False,55,39,18,0.3795508780723026,1.0229867102668642,0.9082201575628635,1131,642,80,0.7080060249302305,1.2612599399758884,1.2193248217551447,False,False,False,not_variable,1.0
9000000000004585626,KIC 4585626,,,True,0,False,dsct_flag0,False,False,56,39,19,0.6419176840213824,1.05027246799531,0.8069314048248891,1154,666,81,0.48995080488323695,1.3147117314944758,0.8278826255101984,False,False,False,not_variable,1.0
9000000000004641419,KIC 4641419,,,True,0,False,dsct_flag0,False,False,730,646,83,0.16493136367725228,1.0139439485934265,0.8324751571157899,1225,680,79,0.432695353069589,1.2559177014897582,0.9249170638186158,False,False,False,not_variable,1.0
9000000000004647802,KIC 4647802,,,True,0,False,dsct_flag0,False,False,676,634,83,0.2050532521665593,1.1302118347731092,0.8479346754611059,1199,671,79,0.5742807395140083,1.1305221121137838,0.4573855239323673,False,False,False,not_variable,1.0
9000000000004647949,KIC 4647949,,,True,0,False,dsct_flag0,False,False,720,634,83,0.3917244776006923,1.035026512658307,0.6736540649655971,1221,670,79,0.6043703839081543,1.1248394516019555,0.5715064970931235,False,False,False,not_variable,1.0
9000000000004648115,KIC 4648115,,,True,0,False,dsct_flag0,False,False,736,647,83,0.4066501625895401,1.1211623768208825,1.013204160424645,1200,671,79,0.6001248443601712,1.3573030573088085,0.5618093067641188,False,False,False,not_variable,1.0
9000000000004648556,KIC 4648556,,,True,0,False,dsct_flag0,False,False,739,649,83,0.40071671554822713,0.9406702466905017,0.5178077584734931,1240,684,79,0.5724421819058392,1.050319570356657,0.4745025159428877,False,False,False,not_variable,1.0
9000000000004649339,KIC 4649339,,,True,0,False,dsct_flag0,False,False,674,633,83,0.2069946875776218,0.9493439936371739,0.5833653745877799,1171,657,79,0.6119741203483108,1.023796899410763,0.3857823193337796,False,False,False,not_variable,1.0
9000000000004650386,KIC 4650386,,,True,0,False,dsct_flag0,False,False,739,649,83,0.3224121166660065,0.9330084167119236,0.5041833684171313,1241,686,79,0.592921747131962,1.0512950740097156,0.48362186337018354,False,False,False,not_variable,1.0
9000000000004650733,KIC 4650733,,,True,0,False,dsct_flag0,False,False,675,634,83,0.21330367296143407,0.9776476611578272,0.5903685867539232,1173,658,79,0.5996966218657518,1.0658391362388204,0.5257867953378719,False,False,False,not_variable,1.0
9000000000004651173,KIC 4651173,,,True,0,False,dsct_flag0,False,False,740,649,83,0.3942528861856327,1.0141762912854482,0.630615259010485,1245,687,79,0.7263286020183091,1.0645410591492475,0.4197997145773663,False,False,False,not_variable,1.0
9000000000004658724,KIC 4658724,,,True,0,False,dsct_flag0,False,False,726,616,80,0.36225036353673606,0.9051041639685388,0.6824002970272146,1165,672,79,0.5971401478129316,1.0955637173696913,0.6736146950971393,False,False,False,not_variable,1.0
9000000000004659183,KIC 4659183,,,True,0,False,dsct_flag0,False,False,718,617,80,0.5151510835196731,1.0610658453133393,0.6228858132044743,1159,668,79,0.6341857642184671,1.1148380056833156,0.7543565727388543,False,False,False,not_variable,1.0
9000000000004661844,KIC 4661844,,,True,0,False,dsct_flag0,False,False,676,612,81,0.2552365755211441,1.0318810546929436,0.9229615235693933,1110,651,80,0.7014467315932907,1.1668687071866706,0.6359927863361303,False,False,False,not_variable,1.0
9000000000004661957,KIC 4661957,,,True,0,False,dsct_flag0,False,False,730,623,81,0.5718318209349007,1.6023074343669845,0.8374139664348892,1177,678,80,1.1790636722670234,2.2521963927372313,1.4531985214182217,False,False,False,not_variable,1.0
9000000000004661980,KIC 4661980,,,True,0,False,dsct_flag0,False,False,672,609,81,0.2660312833079645,1.017038636332793,0.8075133098728376,1153,669,80,0.7076249781843141,1.1378774145063373,0.7141180967745269,False,False,False,not_variable,1.0
9000000000004664396,KIC 4664396,,,True,0,False,dsct_flag0,False,False,673,610,81,0.22915888372601673,0.9957720072337058,0.6448189312581548,1109,650,80,0.7165207364699682,1.2554520693978959,0.897583588392751,False,False,False,not_variable,1.0
9000000000004665271,KIC 4665271,,,True,0,False,dsct_flag0,False,False,727,621,81,0.38534744550399597,1.071107756318078,0.872247277278678,1173,676,79,0.7562423183014207,1.4359179079504414,0.9679788607644733,False,False,False,not_variable,1.0
9000000000004668475,KIC 4668475,,,True,0,False,dsct_flag0,False,False,727,621,81,0.3656314669584512,0.9583839290487662,0.5380157401004396,1175,676,79,0.6995977127714444,1.0900132357119015,0.726247594697448,False,False,False,not_variable,1.0
9000000000004669145,KIC 4669145,,,True,0,False,dsct_flag0,False,False,726,620,81,0.3372704906922587,1.103859110626223,0.8287386365390063,1172,675,79,0.6979903508658286,1.2227967682221006,0.6680058992995167,False,False,False,not_variable,1.0
9000000000004670884,KIC 4670884,,,True,0,False,dsct_flag0,False,False,726,631,82,0.2099255697487982,1.0292406911829266,0.741522713905814,1094,654,81,0.4535996377053229,1.276955343692396,0.8397857896474448,False,False,False,not_variable,1.0
9000000000004672176,KIC 4672176,,,True,0,False,dsct_flag0,False,False,739,632,82,0.2244436311137831,1.004099743814028,0.6690782835282975,1188,694,81,0.4594116412163484,1.1190643576659465,0.9672695441368094,False,False,False,not_variable,1.0
9000000000004673539,KIC 4673539,,,True,0,False,dsct_flag0,False,False,745,636,82,0.23859924560861698,0.9254514286975458,0.6468050880387545,1192,695,81,0.5258865920687864,1.1503918055095306,0.8296404681630306,False,False,False,not_variable,1.0
9000000000004677282,KIC 4677282,,,True,0,False,dsct_flag0,False,False,746,634,82,0.2560988535121222,1.0291477130400442,0.7497492020013752,1151,674,81,0.4570149724586208,1.2946192742015326,0.8107677229676459,False,False,False,not_variable,1.0
9000000000004679769,KIC 4679769,,,True,0,False,dsct_flag0,False,False,748,635,82,0.2149648171198533,0.9257692345088978,0.6702320298722242,1184,690,81,0.4309402153183602,1.1739598646146299,0.8729703965460923,False,False,False,not_variable,1.0
9000000000004680338,KIC 4680338,,,True,0,False,dsct_flag0,False,False,746,633,82,0.41335745046828015,2.2916559882679417,1.3829435781027188,1183,689,81,0.6125786942266904,2.2161157018280297,1.5921724818523642,False,False,False,not_variable,1.0
9000000000004680543,KIC 4680543,,,True,0,False,dsct_flag0,False,False,742,631,82,0.22689318313237175,0.959015534219369,0.676139961338213,1176,688,81,0.4260699581851693,1.1076975717810524,0.7615544895412161,False,False,False,not_variable,1.0
9000000000004731956,KIC 4731956,,,True,0,False,dsct_flag0,False,False,706,631,83,0.36007273284963953,1.0544991515900144,0.7635861997052293,1171,642,79,0.6651719748917494,1.3591558221375555,0.6968827743856716,False,False,False,not_variable,1.0
9000000000004738015,KIC 4738015,,,True,0,False,dsct_flag0,False,False,726,645,83,0.3598975656086558,0.9172847804891933,0.5419799775474805,1246,688,79,0.5376794682083154,1.1485602679036047,0.6664717849921701,False,False,False,not_variable,1.0
9000000000004742092,KIC 4742092,,,True,0,False,dsct_flag0,False,False,735,648,83,0.3345425357300712,1.0051221423807883,0.4549601202893292,1246,688,79,0.6345595946190886,1.1543185064134005,0.523542343730344,False,False,False,not_variable,1.0
9000000000004742632,KIC 4742632,,,True,0,False,dsct_flag0,False,False,723,646,83,0.37821956840061477,1.0380508327428475,0.6509100126439962,1234,683,79,0.6848450728002529,1.007966713244263,0.42676616816614765,False,False,False,not_variable,1.0
9000000000004750560,KIC 4750560,,,True,0,False,dsct_flag0,False,False,775,622,80,0.5780534346358285,0.8881557982891372,0.5645292761756819,1186,660,78,0.6347057190697729,1.0148884072364255,0.6532795655699074,False,False,False,not_variable,1.0
9000000000004751387,KIC 4751387,,,True,0,False,dsct_flag0,False,False,111,53,23,0.7339067272550389,1.4577846165241946,1.7935151420617415,132,64,22,0.7942132677741456,1.6358709766750528,1.3179356447394974,False,False,False,not_variable,2.0
9000000000004751410,KIC 4751410,,,True,0,False,dsct_flag0,False,False,112,54,23,0.7456917882348699,1.7150380074938998,2.1098714070241433,132,64,22,0.6966128175104163,1.4156930467676128,1.3771187078234814,False,False,False,not_variable,2.0
9000000000004751716,KIC 4751716,,,True,0,False,dsct_flag0,False,False,30,21,12,0.4304195791818057,1.2128589983000717,1.3579715689642633,42,29,10,0.7695664125605075,1.4766902565370592,1.3709107810377499,False,False,False,not_variable,1.0
9000000000004752271,KIC 4752271,,,True,0,False,dsct_flag0,False,False,715,619,81,0.36690706482625074,0.9888872013152786,0.7254899206299699,1158,670,80,0.7335332842112485,1.206416388189643,0.7785422803980226,False,False,False,not_variable,1.0
9000000000004752361,KIC 4752361,,,True,0,False,dsct_flag0,False,False,716,619,81,0.3808166603394717,1.0076836286519295,0.8119629264288846,1163,673,80,0.7180284719972805,1.1894876956198663,0.7696182169760418,False,False,False,not_variable,1.0
9000000000004754852,KIC 4754852,,,True,0,False,dsct_flag0,False,False,715,619,81,0.2925598077250564,0.8631225104415129,0.6006165622488929,1166,675,80,0.6814523262463621,1.1043639917374772,0.7416144231585234,False,False,False,not_variable,1.0
9000000000004754938,KIC 4754938,,,True,0,False,dsct_flag0,False,False,718,621,81,0.33919820230307174,0.8053698285578034,0.4549408415533869,1173,676,80,0.6908468428085177,1.1043827209251853,0.8224474268450689,False,False,False,not_variable,1.0
9000000000004756164,KIC 4756164,,,True,0,False,dsct_flag0,False,False,675,611,81,0.2701910320113654,0.905035220511066,0.6794571597448738,1112,652,80,0.6580012818371791,1.1750516463341925,1.007785676312491,False,False,False,not_variable,1.0
9000000000004757338,KIC 4757338,,,True,0,False,dsct_flag0,False,False,723,617,81,0.35095875779867264,0.9868507108051442,0.6962805088959491,1170,673,79,0.6810018601212702,1.263678108506386,0.6630657422756202,False,False,False,not_variable,1.0
9000000000004758622,KIC 4758622,,,True,0,False,dsct_flag0,False,False,723,618,81,0.35049718970814225,0.8735675610931608,0.4732622665188684,1173,675,79,0.6283559797262109,1.0230560449304125,0.567791022687878,False,False,False,not_variable,1.0
9000000000004759130,KIC 4759130,,,True,0,False,dsct_flag0,False,False,717,619,81,0.4481690112643018,1.6513820351686317,1.073976422455817,1174,675,79,0.8917135035430519,1.9012357533377078,1.4753120381849911,False,False,False,not_variable,1.0
9000000000004761183,KIC 4761183,,,True,0,False,dsct_flag0,False,False,45,33,17,0.4194215885474504,1.6125050178324238,1.3130745667252868,64,44,15,0.6051508453349982,2.0267700485432805,1.1531178167827434,False,False,False,not_variable,1.0
9000000000004772508,KIC 4772508,,,True,0,False,dsct_flag0,False,False,734,634,82,0.42672896402348187,1.0789738203102615,0.7293407448957463,1176,688,81,0.46197919814703464,1.124059553051426,0.8924376858579414,False,False,False,not_variable,1.0
9000000000004772989,KIC 4772989,,,True,0,False,dsct_flag0,False,False,693,624,82,0.2558280209840796,1.1000299083890204,0.7223008455962386,1121,663,81,0.5084828808833266,1.1714867373220554,0.8656024156726772,False,False,False,not_variable,1.0
9000000000004774278,KIC 4774278,,,True,0,False,dsct_flag0,False,False,647,583,82,0.4651842587970308,1.2012808032514861,0.7776940470282061,1059,608,81,0.7492623339329362,1.3343091044794866,1.4299415373493851,False,False,False,not_variable,1.0
9000000000004820642,KIC 4820642,,,True,0,False,dsct_flag0,False,False,722,636,83,0.3356729290604965,1.0251623950403896,0.7802879615505997,1224,667,79,0.6090831708553909,1.1007924476664621,0.5837186668668523,False,False,False,not_variable,1.0
9000000000004827552,KIC 4827552,,,True,0,False,dsct_flag0,False,False,63,42,21,0.37557357431402916,1.1692646623253549,1.2810975287249808,71,50,21,0.46072735013236954,1.330548028219654,0.9360949753515736,False,False,False,not_variable,1.5
9000000000004830306,KIC 4830306,,,True,0,False,dsct_flag0,False,False,732,646,82,0.3869470981022383,1.0637704597292725,0.613344284306614,1244,686,79,0.656049745313042,1.2181426355031544,0.551099463283619,False,False,False,not_variable,1.0
9000000000004830647,KIC 4830647,,,True,0,False,dsct_flag0,False,False,736,649,83,0.30369603134989187,0.8537467568696907,0.4288894794889791,1245,688,79,0.6280805436646681,1.0402861968389931,0.45233259599725095,False,False,False,not_variable,1.0
9000000000004832210,KIC 4832210,,,True,0,False,dsct_flag0,False,False,732,646,83,0.289618891525024,1.0029492667415634,0.5669289245056446,1241,686,79,0.6407828560457143,1.1525790158213054,0.6075945087572133,False,False,False,not_variable,1.0
9000000000004833050,KIC 4833050,,,True,0,False,dsct_flag0,False,False,1342,788,84,0.8406544008560728,1.4189851239680864,0.9745818404389265,2228,803,81,0.9238023778848581,1.5390567170476854,0.9340042610322049,False,False,False,not_variable,2.0
9000000000004841314,KIC 4841314,,,True,0,False,dsct_flag0,False,False,732,623,81,0.37157430518451295,1.103766259929817,0.9336283318607077,1173,675,80,0.6934331556130537,1.136892645118131,0.7850862075684474,False,False,False,not_variable,1.0
9000000000004841423,KIC 4841423,,,True,0,False,dsct_flag0,False,False,733,624,81,0.35415481549725086,0.9578469001260665,0.8268209401041903,1175,677,80,0.6652733110487049,1.1681344730797663,0.7438751147321376,False,False,False,not_variable,1.0
9000000000004843037,KIC 4843037,,,True,0,False,dsct_flag0,False,False,728,620,81,0.2996802286917585,0.9151561015778339,0.8184491197826201,1161,668,80,0.7035384771614235,0.9656672314983856,0.6872368308118374,False,False,False,not_variable,1.0
9000000000004860614,KIC 4860614,,,True,0,False,dsct_flag0,False,False,740,629,82,0.22005409287307412,0.9328695743229851,0.6786758833955807,651,416,79,0.311750784354745,1.1718436423219032,0.9032439459025573,False,False,False,not_variable,1.0
9000000000004863260,KIC 4863260,,,True,0,False,dsct_flag0,False,False,739,627,82,0.3901711474383004,1.248880715958888,0.6598571765005856,1125,658,81,0.6262735577499611,1.2227048497731905,0.7542803034689209,False,False,False,not_variable,1.0
9000000000004863836,KIC 4863836,,,True,0,False,dsct_flag0,False,False,749,636,82,0.34395403598656016,1.0884113776418698,0.6893683633578828,1177,684,81,0.5864538503245689,1.030873837507842,0.5957824310039077,False,False,False,not_variable,1.0
9000000000004907679,KIC 4907679,,,True,0,False,dsct_flag0,False,False,721,635,83,0.26853615594351066,0.9802076563561039,0.6063816180309477,1225,668,79,0.5660530202638654,1.259730653984897,0.6626488570031325,False,False,False,not_variable,1.0
9000000000004915339,KIC 4915339,,,True,0,False,dsct_flag0,False,False,735,647,83,0.12897908566693295,0.8739831209112203,0.6110491824742957,1243,686,79,0.4403866130101703,1.2119051083973453,0.8103389260233262,False,False,False,not_variable,1.0
9000000000004919980,KIC 4919980,,,True,0,False,dsct_flag0,False,False,735,648,82,0.30136271450914864,1.0159124001361672,0.7580884154294888,1243,687,79,0.6620496212788952,1.0767026473897328,0.49654880766713616,False,False,False,not_variable,1.0
9000000000004920875,KIC 4920875,,,True,0,False,dsct_flag0,False,False,673,631,83,0.2191376784589687,0.989517057505816,0.6051663106015055,1306,668,80,0.7211851386386008,1.1730856400832232,0.8311464178253976,False,False,False,not_variable,1.0
9000000000004928277,KIC 4928277,,,True,0,False,dsct_flag0,False,False,786,624,80,0.49934811697068227,1.0120612986223507,0.637507183785452,1237,684,79,0.7014744117609776,1.0790192111607475,0.9636791196596733,False,False,False,not_variable,1.0
9000000000004930873,KIC 4930873,,,True,0,False,dsct_flag0,False,False,732,623,81,0.29387673902707373,0.8317469036070861,0.7231524425666261,1176,678,80,0.6585211462993837,0.9598617716460857,0.6171160652421317,False,False,False,not_variable,1.0
9000000000004931272,KIC 4931272,,,True,0,False,dsct_flag0,False,False,733,624,81,0.3232580524062272,0.979023786199249,0.8707209975236534,1176,678,80,0.664104031714778,0.966665737986839,0.6849116592040929,False,False,False,not_variable,1.0
9000000000004931864,KIC 4931864,,,True,0,False,dsct_flag0,False,False,729,621,81,0.2560402988125484,0.8254748711586194,0.5432380712095237,1168,675,80,0.6276461358955098,1.0371013925667327,0.6212884967222627,False,False,False,not_variable,1.0
9000000000004936105,KIC 4936105,,,True,0,False,dsct_flag0,False,False,722,616,81,0.34202953580994216,0.992287843461698,0.6380482860709654,1168,672,79,0.5823519481224826,0.922253778334667,0.5250927022527615,False,False,False,not_variable,1.0
9000000000004938796,KIC 4938796,,,True,0,False,dsct_flag0,False,False,51,35,16,0.3296848173861775,0.9140403882271322,0.8426026820245206,56,36,11,0.4443257120491607,1.2576888023850712,0.8579348388051279,False,False,False,not_variable,1.0
9000000000004940093,KIC 4940093,,,True,0,False,dsct_flag0,False,False,741,633,82,0.2194432819177975,0.9429615129804153,0.7336128670017479,1184,692,81,0.4300497256044557,1.2472415826114152,0.8667764710175155,False,False,False,not_variable,1.0
9000000000004945152,KIC 4945152,,,True,0,False,dsct_flag0,False,False,742,632,82,0.24896919318337746,0.9464275143205151,0.6993441406148917,1173,682,81,0.5060088984109272,1.1388503008351116,0.7780213573709304,False,False,False,not_variable,1.0
9000000000004949350,KIC 4949350,,,True,0,False,dsct_flag0,False,False,748,636,82,0.27103565891358106,1.0224886224978826,0.7763152070716316,1185,690,81,0.4900688893788097,1.143017613850636,0.7276793269525959,False,False,False,not_variable,1.0
9000000000004950793,KIC 4950793,,,True,0,False,dsct_flag0,False,False,750,637,82,0.372374429945234,1.1679733980181506,0.6497137581650049,1176,683,81,0.6835819732000417,1.2519909235940077,1.094890178654683,False,False,False,not_variable,1.0
9000000000005004690,KIC 5004690,,,True,0,False,dsct_flag0,False,False,737,649,83,0.31309144393017063,0.9989827320191171,0.6484691212931595,1240,684,79,0.5914525470613616,1.079286215488873,0.5361549843836749,False,False,False,not_variable,1.0
9000000000005007173,KIC 5007173,,,True,0,False,dsct_flag0,False,False,736,649,83,0.3151753048389638,0.973226680544442,0.5246707939909011,1245,687,79,0.6557117884181513,1.1050049363228573,0.4306815114663181,False,False,False,not_variable,1.0
9000000000005007809,KIC 5007809,,,True,0,False,dsct_flag0,False,False,733,646,83,0.26058758104885804,1.0683377636656042,0.7683673106495197,1242,687,79,0.6387339642029072,1.1695046785585033,0.5966925170597082,False,False,False,not_variable,1.0
9000000000005009905,KIC 5009905,,,True,0,False,dsct_flag0,False,False,1405,802,84,0.9193617573585628,1.0442848325730705,0.5079389268144122,2315,826,81,0.8158547808616915,1.3007730863598677,0.6473979075625957,False,False,False,not_variable,2.0
9000000000005016707,KIC 5016707,,,True,0,False,dsct_flag0,False,False,732,623,81,0.33780292650822824,0.885732195861587,0.7414616717662255,1176,678,80,0.687842376781768,1.1782267248197484,0.996064360938426,False,False,False,not_variable,1.0
9000000000005019263,KIC 5019263,,,True,0,False,dsct_flag0,False,False,728,620,81,0.2674781142633249,0.9224731862020332,0.598906257702676,1170,675,80,0.6237594891961851,1.0998144531354777,0.8875826651799552,False,False,False,not_variable,1.0
9000000000005019348,KIC 5019348,,,True,0,False,dsct_flag0,False,False,733,624,81,0.32808861970108866,0.9121251563880578,0.5539753441495086,1176,678,80,0.623325388210031,1.0372211768164625,0.9047192768404599,False,False,False,not_variable,1.0
9000000000005019857,KIC 5019857,,,True,0,False,dsct_flag0,False,False,729,621,81,0.43237708037759603,1.1103849023250472,0.7447446075366877,1169,673,80,0.883112055523618,1.7962343886773535,1.2100544280034502,False,False,False,not_variable,1.0
9000000000005021129,KIC 5021129,,,True,0,False,dsct_flag0,False,False,726,619,81,0.3445416784848711,1.0803839020633441,0.726109336761994,1174,675,79,0.7222020868451491,1.1205074914988356,0.7256619663312651,False,False,False,not_variable,1.0
9000000000005021561,KIC 5021561,,,True,0,False,dsct_flag0,False,False,726,620,81,0.45276393268789017,1.019724578474622,0.6955415804938241,1173,674,79,0.672668203291168,1.2126890350914292,0.848462500730163,False,False,False,not_variable,1.0
9000000000005022630,KIC 5022630,,,True,0,False,dsct_flag0,False,False,727,620,81,0.3295599479918253,0.788287713472262,0.5010402651787044,1174,675,79,0.6169887628445762,0.8965128232746467,0.5039535410243344,False,False,False,not_variable,1.0
9000000000005023483,KIC 5023483,,,True,0,False,dsct_flag0,False,False,726,619,81,0.29368701847885986,0.8797323883949247,0.5175286527433185,1172,674,79,0.5339392487645525,0.8971244923871549,0.4679045070836484,False,False,False,not_variable,1.0
9000000000005023552,KIC 5023552,,,True,0,False,dsct_flag0,False,False,727,620,81,0.30948285893954036,0.8946929435933879,0.51467511413075,1174,675,79,0.5908067932384864,0.8956035044470373,0.48434064986572967,False,False,False,not_variable,1.0
9000000000005023572,KIC 5023572,,,True,0,False,dsct_flag0,False,False,727,620,81,0.2886414405701604,0.8233216692859026,0.47891891501770434,1174,675,79,0.5750592605719052,0.861469207070569,0.44307841129202435,False,False,False,not_variable,1.0
9000000000005023712,KIC 5023712,,,True,0,False,dsct_flag0,False,False,726,619,81,0.37290115277848157,0.880972594911625,0.5690160280023914,1174,675,79,0.6090497907921122,0.8402646504845636,0.6571098629990706,False,False,False,not_variable,1.0
9000000000005023754,KIC 5023754,,,True,0,False,dsct_flag0,False,False,725,618,80,0.3224352103063945,0.8807809875000249,0.6126641509952121,1174,675,79,0.6224399695259888,0.8607824579032124,0.8000248810016375,False,False,False,not_variable,1.0
9000000000005023863,KIC 5023863,,,True,0,False,dsct_flag0,False,False,726,619,81,0.3547183812110598,0.9047192269770247,0.6420974787086761,1173,674,79,0.6034769233648144,0.9182395240145488,0.7903796823680129,False,False,False,not_variable,1.0
9000000000005023899,KIC 5023899,,,True,0,False,dsct_flag0,False,False,726,619,81,0.3131453445241802,0.7968043221745624,0.5104223277176694,1172,674,79,0.5308842157982602,0.8989473341406949,0.7408725617513746,False,False,False,not_variable,1.0
9000000000005023959,KIC 5023959,,,True,0,False,dsct_flag0,False,False,727,620,81,0.3249416060289669,0.8513156765395133,0.5363835166021274,1174,675,79,0.559100942489941,0.8783668604268733,0.6478800509977675,False,False,False,not_variable,1.0
9000000000005023963,KIC 5023963,,,True,0,False,dsct_flag0,False,False,727,620,81,0.3461925549399928,0.9183886974204647,0.5340879855356837,1173,675,79,0.542448060281396,0.8866939308819577,0.6735632271677202,False,False,False,not_variable,1.0
9000000000005024084,KIC 5024084,,,True,0,False,dsct_flag0,False,False,726,619,81,0.29872931654640505,2.149233488297254,1.2757886162590268,1172,675,79,0.5531532793082949,1.778128032168843,0.943528327406234,False,False,False,not_variable,1.0
9000000000005036662,KIC 5036662,,,True,0,False,dsct_flag0,False,False,748,636,82,0.2452653165211067,1.0674969771106264,0.88997002089056,1185,690,81,0.48684480405360436,1.1762474990968113,0.7594181406848978,False,False,False,not_variable,1.0
9000000000005037710,KIC 5037710,,,True,0,False,dsct_flag0,False,False,48,31,14,0.6317830864517484,1.7524853278829051,1.0836170509195748,56,36,11,0.4904513025769697,1.4963344793632019,1.1535449861091565,False,False,False,not_variable,2.0
9000000000005040942,KIC 5040942,,,True,0,False,dsct_flag0,False,False,750,637,82,0.32950010511077604,0.9563463211057154,0.5301222287998385,1176,683,81,0.6385449130444649,1.1220070044342485,1.0990547259141128,False,False,False,not_variable,1.0
9000000000005041474,KIC 5041474,,,True,0,False,dsct_flag0,False,False,747,635,81,0.31442031586844427,0.7794408316429193,0.4425443749376733,1176,683,81,0.5938253970196762,1.0389556728878178,0.8015140277869891,False,False,False,not_variable,1.0
9000000000005088315,KIC 5088315,,,True,0,False,dsct_flag0,False,False,733,646,83,0.1859828400312758,0.9842309094791902,0.6887802121293609,1239,682,79,0.43211001413610345,1.207815049693485,0.7708380625528034,False,False,False,not_variable,1.0
9000000000005089535,KIC 5089535,,,True,0,False,dsct_flag0,False,False,736,647,83,0.14907614730535246,0.8972628217850048,0.6062390653716369,1242,685,79,0.39841690971033844,1.1417354512004183,0.6668202482060519,False,False,False,not_variable,1.0
9000000000005093519,KIC 5093519,,,True,0,False,dsct_flag0,False,False,737,649,83,0.34354488470835626,0.8860849709082868,0.5976357160417989,1240,685,79,0.622947415012193,1.136028185871499,0.47792201881818114,False,False,False,not_variable,1.0
9000000000005096867,KIC 5096867,,,True,0,False,dsct_flag0,False,False,1406,802,84,0.8204280064055313,1.1944160941475979,0.7167952392880829,2313,827,82,0.8364973558104688,1.3933553490023836,0.636470695850378,False,False,False,not_variable,2.0
9000000000005104321,KIC 5104321,,,True,0,False,dsct_flag0,False,False,108,52,22,0.497272861058605,1.4877323488010818,1.458433699446066,119,61,22,0.6113894850700596,1.0866341255369942,0.7768252940905783,False,False,False,not_variable,2.0
9000000000005104492,KIC 5104492,,,True,0,False,dsct_flag0,False,False,57,40,20,0.43125597775896607,0.9914011037180054,0.6912644722223654,65,46,16,0.4304457602344096,1.1499515581533595,1.0479568143376505,False,False,False,not_variable,1.0
9000000000005106012,KIC 5106012,,,True,0,False,dsct_flag0,False,False,720,613,81,0.28629301508912625,0.8830350033577238,0.5590441658820521,1165,671,80,0.6071136690030401,1.0236685562052896,0.973026488766185,False,False,False,not_variable,1.0
9000000000005107801,KIC 5107801,,,True,0,False,dsct_flag0,False,False,733,624,81,0.3988741758103573,2.070181871317373,1.1864056606548747,1174,676,80,0.704119793598948,1.7369685956516592,1.2352199751983783,False,False,False,not_variable,1.0
9000000000005111938,KIC 5111938,,,True,0,False,dsct_flag0,False,False,727,620,81,0.3285469630815506,0.8502062468413635,0.4858024321550229,1174,675,79,0.5596133327294817,0.8835330677706128,0.5467118574810022,False,False,False,not_variable,1.0
9000000000005111982,KIC 5111982,,,True,0,False,dsct_flag0,False,False,722,616,81,0.3214616414212791,0.8800988536143979,0.47663388024616793,1104,643,79,0.5602909511178172,0.9374392398871044,0.5944822829534115,False,False,False,not_variable,1.0
9000000000005112446,KIC 5112446,,,True,0,False,dsct_flag0,False,False,726,620,81,0.32469395111411115,0.8802418462557083,0.528530609472902,1171,674,79,0.5210951678331815,0.9152829005916235,0.5692971751786499,False,False,False,not_variable,1.0
9000000000005112468,KIC 5112468,,,True,0,False,dsct_flag0,False,False,725,619,81,0.32252493161919427,1.122592480578941,0.5195939183978036,1172,674,79,0.47918693175886373,1.0717058919018423,0.5690559642661372,False,False,False,not_variable,1.0
9000000000005121607,KIC 5121607,,,True,0,False,dsct_flag0,False,False,747,635,82,0.2813725617962561,0.9556619131522917,0.6629970080827721,1183,688,81,0.5822475756736779,1.2319375156208205,0.9729913561385005,False,False,False,not_variable,1.0
9000000000005175633,KIC 5175633,,,True,0,False,dsct_flag0,False,False,713,598,83,0.26190787504527613,0.974965831422543,0.6370969515831529,1232,630,78,0.510059249105087,1.3876613084615521,0.9113053128697932,False,False,False,not_variable,1.0
9000000000005176344,KIC 5176344,,,True,0,False,dsct_flag0,False,False,715,644,83,0.1964174293386654,0.9585858574669232,0.6464394483615478,1224,677,79,0.4444143095508129,1.2417599954503487,0.8077426475209253,False,False,False,not_variable,1.0
9000000000005176912,KIC 5176912,,,True,0,False,dsct_flag0,False,False,735,647,83,0.17687519822595518,0.9049030789860204,0.6546831832030924,1284,689,79,0.47325733897313155,1.2283338343637074,0.737669014583998,False,False,False,not_variable,1.0
9000000000005179606,KIC 5179606,,,True,0,False,dsct_flag0,False,False,678,599,83,0.5075654199898328,1.5797215227859571,1.0092476757788447,1116,601,78,0.862268887323373,1.8879366505688273,1.011443825870018,False,False,False,not_variable,1.0
9000000000005183327,KIC 5183327,,,True,0,False,dsct_flag0,False,False,713,626,83,0.3625320886795512,1.2636966352464931,0.7627237315472452,1224,667,79,0.6777722849868278,1.3151189365789242,0.6763055486716957,False,False,False,not_variable,1.0
9000000000005184272,KIC 5184272,,,True,0,False,dsct_flag0,False,False,1322,783,84,0.8222962071594502,1.1719703119231346,0.6638877130105771,2220,799,82,0.9193626168435192,1.308113926283853,0.5881895855108976,False,False,False,not_variable,2.0
9000000000005185321,KIC 5185321,,,True,0,False,dsct_flag0,False,False,678,513,74,1.6008175540369831,4.153959583109361,2.9862182246673137,919,528,76,2.7272393917013455,4.781399144724958,3.2008756099851072,True,True,True,variable,1.0
9000000000005186016,KIC 5186016,,,True,0,False,dsct_flag0,False,False,658,527,76,0.5113393505382868,1.047169364125117,0.7123986074023145,707,510,75,0.5548241810869573,1.0057604561730307,0.616888258259737,False,False,False,not_variable,1.0
9000000000005192090,KIC 5192090,,,True,0,False,dsct_flag0,False,False,57,40,20,0.3393420444306062,0.9940005306395503,0.7308947882315152,65,46,16,0.40447625690419037,1.0549821371907622,1.0030752512296304,False,False,False,not_variable,1.0
9000000000005193920,KIC 5193920,,,True,0,False,dsct_flag0,False,False,733,624,81,0.33519970870311966,0.9318913753866986,0.8743064784508455,1175,677,80,0.645509739287959,1.036322964014837,0.8582125625946987,False,False,False,not_variable,1.0
9000000000005194223,KIC 5194223,,,True,0,False,dsct_flag0,False,False,726,617,81,0.2980611080027845,1.010489097566902,0.7199200677065849,1167,672,80,0.7010175945284187,1.0335307532873994,0.9080873086635938,False,False,False,not_variable,1.0
9000000000005200689,KIC 5200689,,,True,0,False,dsct_flag0,False,False,727,620,81,0.40441178356546975,0.9210548072135707,0.5634788755331439,1174,675,79,0.7011888027951717,1.1881708426684412,0.878083076378823,False,False,False,not_variable,1.0
9000000000005207966,KIC 5207966,,,True,0,False,dsct_flag0,False,False,743,635,82,0.25942685971965646,1.0491978579562222,0.7442938974585045,1178,687,81,0.6512333657911524,1.3550356230838316,1.1330705458854722,False,False,False,not_variable,1.0
9000000000005212290,KIC 5212290,,,True,0,False,dsct_flag0,False,False,744,633,82,0.22508853626997014,1.0823958751942715,0.8151236987292645,1153,676,81,0.5481904468405006,1.3642886265812093,1.0543286480931164,False,False,False,not_variable,1.0
9000000000005214241,KIC 5214241,,,True,0,False,dsct_flag0,False,False,750,637,82,0.361524126817515,1.36561525581119,0.6111546223669742,1176,683,81,0.84303563900784,1.52082192885968,1.5438226931450094,False,False,False,not_variable,1.0
9000000000005215054,KIC 5215054,,,True,0,False,dsct_flag0,False,False,774,610,82,0.47543997852844444,1.1212778236178795,0.6177556540535059,1216,666,81,0.8018551284083524,1.3315047494187933,1.4218004232561186,False,False,False,not_variable,1.0
9000000000005217791,KIC 5217791,,,True,0,False,dsct_flag0,False,False,747,635,82,0.34887797556126643,0.927266165038495,0.5049036978812294,1176,683,81,0.7078593547489512,1.20990047634424,0.9873499020577273,False,False,False,not_variable,1.0
9000000000005252306,KIC 5252306,,,True,0,False,dsct_flag0,False,False,92,45,21,0.6265989815639824,1.5812619541052695,1.1240091354495165,53,40,22,0.2614199820307725,0.8305256235884974,0.8193913211538055,False,False,False,not_variable,2.0
9000000000005255463,KIC 5255463,,,True,0,False,dsct_flag0,False,False,110,47,24,0.6956145331435802,1.0339009397328955,0.8297745015821885,121,62,25,0.8119572439473438,1.0789161423493105,0.954160672034605,False,False,False,not_variable,2.0
9000000000005257286,KIC 5257286,,,True,0,False,dsct_flag0,False,False,114,47,23,0.8135093815506141,0.9595794338010901,0.8022744318872145,140,62,22,0.8637028156780743,1.197922167782415,0.839789638860244,False,False,False,not_variable,2.0
9000000000005263507,KIC 5263507,,,True,0,False,dsct_flag0,False,False,114,47,23,0.8555912118387504,0.9907222243056251,0.8703039628337971,140,62,22,0.7554520802889984,1.216337558139035,0.8278713603793324,False,False,False,not_variable,2.0
9000000000005265726,KIC 5265726,,,True,0,False,dsct_flag0,False,False,116,48,23,0.5648391506240319,1.0101739364406093,0.9589245677357598,139,62,22,0.7485814065830387,1.0194451162855882,0.7996477506044869,False,False,False,not_variable,2.0
9000000000005265752,KIC 5265752,,,True,0,False,dsct_flag0,False,False,576,478,73,0.17538427364272235,0.9419779262137414,0.5754070176110475,871,515,72,0.44216120980756657,1.2139893427357344,0.6907974536340425,False,False,False,not_variable,1.0
9000000000005267721,KIC 5267721,,,True,0,False,dsct_flag0,False,False,122,57,24,0.6138782319097331,0.9010514855683823,0.7186272853029896,149,66,24,0.5850951297113679,1.209747583163924,1.1332384430491147,False,False,False,not_variable,2.0
9000000000005271575,KIC 5271575,,,True,0,False,dsct_flag0,False,False,108,55,24,0.8666370023534621,1.4432461660851463,1.1972945155256745,141,65,24,0.8611525544473019,1.9541209615966837,2.0443303415519094,False,False,False,not_variable,2.0
9000000000005271803,KIC 5271803,,,True,0,False,dsct_flag0,False,False,108,55,24,0.7513657656594052,1.6843861288542512,1.477353109323983,142,66,24,0.8921525287342416,2.0588999668659653,2.434766751280945,False,False,False,not_variable,2.0
9000000000005273819,KIC 5273819,,,True,0,False,dsct_flag0,False,False,57,37,18,0.2925137687239749,1.0153787155465257,0.9207077038927872,67,46,20,0.49813290677738087,0.8709586316677544,0.8707507822410326,False,False,False,not_variable,2.0
9000000000005273991,KIC 5273991,,,True,0,False,dsct_flag0,False,False,57,37,18,0.24202594521477636,1.405517886869745,1.0670838409192362,67,46,20,0.40989998749692075,0.7514397629814737,0.7362933297346148,False,False,False,not_variable,2.0
9000000000005280983,KIC 5280983,,,True,0,False,dsct_flag0,False,False,651,575,79,0.3681336970888865,1.121393563280342,0.7434570026440886,1020,632,78,0.6398205783991595,1.0409654016860468,0.7144327115012875,False,False,False,not_variable,1.0
9000000000005281931,KIC 5281931,,,True,0,False,dsct_flag0,False,False,586,508,76,0.2628496975300877,0.9854855972202812,0.8340121781380307,800,552,76,0.6019030503131982,1.0903574464375172,0.676068479852464,False,False,False,not_variable,1.0
9000000000005286036,KIC 5286036,,,True,0,False,dsct_flag0,False,False,110,48,20,0.8422655630362015,0.9907535574093891,0.7430601113378754,143,65,22,1.029004150118133,1.3543594718136105,1.070301823920679,False,False,False,not_variable,2.0
9000000000005286045,KIC 5286045,,,True,0,False,dsct_flag0,False,False,110,48,20,0.8016669726777634,1.0868409957474308,0.8361672349078625,143,65,22,1.0238652128854848,1.280591126569894,1.2801325041262979,False,False,False,not_variable,2.0
9000000000005286347,KIC 5286347,,,True,0,False,dsct_flag0,False,False,709,606,81,0.45572504125355173,1.231047092757938,0.7104278975042005,1153,660,79,0.7299486397426267,1.3610910720485874,0.9240463984081647,False,False,False,not_variable,1.0
9000000000005287182,KIC 5287182,,,True,0,False,dsct_flag0,False,False,712,607,81,0.3249161323249123,0.936314639682476,0.5189847527839531,1154,661,79,0.6913566509256471,1.1813250891910227,0.8312092284094865,False,False,False,not_variable,1.0
9000000000005288186,KIC 5288186,,,True,0,False,dsct_flag0,False,False,715,609,81,0.3707550201578916,1.0558748501593576,0.5229201261382759,1162,664,79,0.865646204741436,1.4097033690063192,0.9767435512260934,False,False,False,not_variable,1.0
9000000000005288226,KIC 5288226,,,True,0,False,dsct_flag0,False,False,716,610,81,0.39624113312228293,1.146460911984318,0.6393692317193346,1142,658,78,0.8436089912566457,1.469407328665594,1.0372932146152132,False,False,False,not_variable,1.0
9000000000005296455,KIC 5296455,,,True,0,False,dsct_flag0,False,False,116,51,22,0.6313722477470618,1.0334224598122126,0.8091221650562256,144,67,22,0.7569988986949294,1.334870518291146,1.0315038361778859,False,False,False,not_variable,2.0
9000000000005298232,KIC 5298232,,,True,0,False,dsct_flag0,False,False,116,51,22,0.7196454333925097,1.337901062337242,1.39053945446558,143,67,22,0.9855381440342342,1.5041009954024853,1.3204755460330635,False,False,False,not_variable,2.0
9000000000005299273,KIC 5299273,,,True,0,False,dsct_flag0,False,False,115,50,22,0.7859288955415941,1.6794274566258984,1.1426984166281864,143,67,22,0.7629397742804506,1.336073082468468,1.3672335084112732,False,False,False,not_variable,2.0
9000000000005301091,KIC 5301091,,,True,0,False,dsct_flag0,False,False,113,50,22,0.6560178567989282,1.3508863967252076,1.0657504480131146,141,66,22,0.7808107867292313,1.4785147766326727,0.8126937961237772,False,False,False,not_variable,2.0
9000000000005302556,KIC 5302556,,,True,0,False,dsct_flag0,False,False,649,543,79,0.4841320570248463,1.4893940401250338,0.7152356399979722,963,609,78,1.1939981743211412,1.6112754338680628,0.8333411687662533,False,False,False,not_variable,1.0
9000000000005303197,KIC 5303197,,,True,0,False,dsct_flag0,False,False,634,491,75,0.4325222180765474,1.5331041626066237,1.87867405959237,844,524,72,0.6923198474847185,1.2636380664788045,0.5690949320507787,False,False,False,not_variable,1.0
9000000000005304427,KIC 5304427,,,True,0,False,dsct_flag0,False,False,171,61,23,0.8060766333514194,1.2606206687937378,0.929976957295007,208,75,21,1.10866254769917,1.2736538004688251,0.8580508039563375,False,False,False,not_variable,2.0
9000000000005306089,KIC 5306089,,,True,0,False,dsct_flag0,False,False,116,53,22,0.37866213665182474,0.8831368912229289,0.790097668908244,144,69,18,0.6169605724319976,0.8553743495892179,0.5631963448426592,False,False,False,not_variable,2.0
9000000000005306631,KIC 5306631,,,True,0,False,dsct_flag0,False,False,116,53,22,0.6035766914063178,0.915218842155811,0.7383755782326229,144,69,18,0.8448554144155667,0.9849787516566667,0.7424908220525627,False,False,False,not_variable,2.0
9000000000005306779,KIC 5306779,,,True,0,False,dsct_flag0,False,False,61,44,19,0.22151990840394017,0.6025342541901949,0.5015783380962459,78,51,16,0.6889402433836985,0.7893378621328009,0.5297206337784179,False,False,False,not_variable,1.0
9000000000005308067,KIC 5308067,,,True,0,False,dsct_flag0,False,False,112,51,21,0.653978939019057,1.4392720900643083,0.9254560965659591,140,67,18,0.9534724945485641,1.3822749801887264,1.1162966690827663,False,False,False,not_variable,2.0
9000000000005308288,KIC 5308288,,,True,0,False,dsct_flag0,False,False,112,52,21,0.6467505146944312,1.1651197072561943,0.8466713140437104,140,67,18,0.8765198128653766,1.3015855736836912,0.9049955137111505,False,False,False,not_variable,2.0
9000000000005310857,KIC 5310857,,,True,0,False,dsct_flag0,False,False,112,51,21,0.5022534068753645,1.0205588475282503,0.9050052358209548,139,66,18,0.6780039855117127,1.1217022085042974,0.903040345694383,False,False,False,not_variable,2.0
9000000000005344954,KIC 5344954,,,True,0,False,dsct_flag0,False,False,114,47,23,0.6456866344701657,1.2863612751032125,1.107265307297754,141,63,22,0.9096595501225606,1.5316688443073194,0.9743783886474731,False,False,False,not_variable,2.0
9000000000005350459,KIC 5350459,,,True,0,False,dsct_flag0,False,False,114,47,23,0.7732367993938818,1.200622024991852,0.8844525591673388,139,62,22,0.7108946748735584,1.3018946394926494,0.9852073506827019,False,False,False,not_variable,2.0
9000000000005353189,KIC 5353189,,,True,0,False,dsct_flag0,False,False,117,49,24,0.5745760492471875,0.9430118352499333,0.8072520972874283,141,64,22,0.8146685091770572,1.1148400087784505,0.7649422724367603,False,False,False,not_variable,2.0
9000000000005357987,KIC 5357987,,,True,0,False,dsct_flag0,False,False,122,57,24,0.8219599437426154,1.1534899035929234,0.9607698640596839,148,66,24,0.8342357387746561,1.4240702124907691,1.1664606725340625,False,False,False,not_variable,2.0
9000000000005359390,KIC 5359390,,,True,0,False,dsct_flag0,False,False,60,42,20,0.27210103042717526,0.6642312351982668,0.668001269513829,78,54,22,0.46369572795543973,1.1220143065455968,1.1469379009706666,False,False,False,not_variable,1.0
9000000000005368801,KIC 5368801,,,True,0,False,dsct_flag0,False,False,116,50,22,0.462538242170829,1.0318224215676803,0.835473629042031,143,68,22,0.7507452114464072,1.3037455153191153,0.9468005401323369,False,False,False,not_variable,2.0
9000000000005370776,KIC 5370776,,,True,0,False,dsct_flag0,False,False,117,50,22,0.6697918469135139,0.910164293973355,0.73288123276757,143,67,22,0.7194338605618897,1.237570414222128,0.8445725956258039,False,False,False,not_variable,2.0
9000000000005372077,KIC 5372077,,,True,0,False,dsct_flag0,False,False,106,48,21,0.8256697761595825,1.3562434699496513,1.0771783283885692,130,61,22,1.072502956570518,1.6549109084319527,0.9646862931403415,False,False,False,not_variable,2.0
9000000000005372348,KIC 5372348,,,True,0,False,dsct_flag0,False,False,114,49,21,0.8077055225422648,1.0480746833080645,0.8479696633457364,143,65,22,1.0331364901203763,1.5063272661734157,1.1460110145454296,False,False,False,not_variable,2.0
9000000000005373357,KIC 5373357,,,True,0,False,dsct_flag0,False,False,114,49,21,0.7496931035734491,0.9988773130485268,0.6744635882935106,143,65,22,0.930769906529876,1.22527095612537,1.1978198820883565,False,False,False,not_variable,2.0
9000000000005389640,KIC 5389640,,,True,0,False,dsct_flag0,False,False,166,61,23,0.6704474914014895,0.907174422155767,0.7623981389285793,200,77,22,0.9866271782214958,0.996106315788837,0.6122158326925717,False,False,False,not_variable,2.0
9000000000005390694,KIC 5390694,,,True,0,False,dsct_flag0,False,False,176,62,23,0.731551783692445,1.0036410359113077,0.7536940674719165,222,77,22,0.8110688662111555,1.1368713487778574,0.8180855323854613,False,False,False,not_variable,3.0
9000000000005392623,KIC 5392623,,,True,0,False,dsct_flag0,False,False,116,53,22,0.46489887282349734,0.804472623953398,0.6274485604079418,144,69,18,0.603063845717305,0.8683534031889146,0.5821239052258208,False,False,False,not_variable,2.0
9000000000005393984,KIC 5393984,,,True,0,False,dsct_flag0,False,False,61,44,19,0.29494735735049094,0.9025428694372666,0.8240798768425877,78,51,16,0.49708207473655375,0.9537249954602571,0.8758499777228801,False,False,False,not_variable,1.0
9000000000005394679,KIC 5394679,,,True,0,False,dsct_flag0,False,False,101,50,21,0.5907260835199754,0.8795197121616545,0.878213676726939,124,60,16,0.7773683257892096,1.2882132995290743,0.7764716229570496,False,False,False,not_variable,2.0
9000000000005431598,KIC 5431598,,,True,0,False,dsct_flag0,False,False,53,36,18,0.3246929141196463,0.8572411132851663,1.0013804523899137,850,454,72,0.7027326100996274,1.5850285152736454,1.0728821802766275,False,False,False,not_variable,1.0
9000000000005437040,KIC 5437040,,,True,0,False,dsct_flag0,False,False,114,47,23,0.8081325995637137,1.2313977851701323,1.048627705207004,137,62,22,0.8397675747062184,1.2813352252531185,1.1924842145031114,False,False,False,not_variable,2.0
9000000000005443942,KIC 5443942,,,True,0,False,dsct_flag0,False,False,728,647,82,0.27137354819058324,1.0193380011091695,0.6573628016759343,1248,686,78,0.6234421789957454,1.1141286661977274,0.7018380460665476,False,False,False,not_variable,1.0
9000000000005449347,KIC 5449347,,,True,0,False,dsct_flag0,False,False,443,349,68,0.654519373848188,1.3230398644838053,0.8738771981995502,861,377,67,0.9527902296831907,1.2615741462317849,1.1280425627771953,False,False,False,not_variable,1.0
9000000000005449427,KIC 5449427,,,True,0,False,dsct_flag0,False,False,592,494,79,0.5611166687473378,1.3071767076557637,0.7606261116999771,1021,527,77,0.9047999108449113,1.2611865271753087,0.841703070453777,False,False,False,not_variable,1.0
9000000000005449646,KIC 5449646,,,True,0,False,dsct_flag0,False,False,59,42,20,0.23767936091027547,0.5204162877242084,0.4914892156156548,1143,644,79,0.7865191492453505,1.2443906006637142,0.7324017900961668,False,False,False,not_variable,1.0
9000000000005451209,KIC 5451209,,,True,0,False,dsct_flag0,False,False,751,636,81,0.5637406575467444,0.944818764863047,0.5192253168649118,1195,682,79,0.6735659112836693,0.9836050119808487,0.6878517368384186,False,False,False,not_variable,1.0
9000000000005455434,KIC 5455434,,,True,0,False,dsct_flag0,False,False,54,37,20,0.3644830177003563,1.0844026490241054,0.9747987904981887,62,44,15,0.5453896698238837,1.359786011416877,1.0933794267083068,False,False,False,not_variable,1.0
9000000000005456131,KIC 5456131,,,True,0,False,dsct_flag0,False,False,87,44,21,1.026287320704196,1.2793147741995863,1.0838053278571063,108,56,20,0.9396541947310706,1.9693350561760494,1.7962697664415952,False,False,False,not_variable,2.0
9000000000005456417,KIC 5456417,,,True,0,False,dsct_flag0,False,False,116,49,22,0.672668500458598,0.9870300167452507,0.7017362167455643,141,67,22,0.898122901616433,1.1377154254691757,0.8735430435402932,False,False,False,not_variable,2.0
9000000000005458953,KIC 5458953,,,True,0,False,dsct_flag0,False,False,114,49,21,0.7751944868771605,1.1927773929495793,0.7501954273646064,140,65,22,1.026057360574298,1.2681597340160358,1.082648984739328,False,False,False,not_variable,2.0
9000000000005459846,KIC 5459846,,,True,0,False,dsct_flag0,False,False,113,48,21,0.8134335241647909,1.0632389130247208,0.8358409828088259,140,65,22,1.0559130259017406,1.1761641096206257,0.8219010422174918,False,False,False,not_variable,2.0
9000000000005460668,KIC 5460668,,,True,0,False,dsct_flag0,False,False,115,50,21,1.060160165891835,1.2326898749274717,0.9491997440088858,139,65,22,1.220994459055691,1.3792948068863942,0.9144077581676193,False,False,False,not_variable,2.0
9000000000005470013,KIC 5470013,,,True,0,False,dsct_flag0,False,False,116,51,22,0.739992293128937,1.2495960025318766,0.9970914233508431,142,67,22,0.7991001554182491,1.4573554582530928,1.4442691009448902,False,False,False,not_variable,2.0
9000000000005475186,KIC 5475186,,,True,0,False,dsct_flag0,False,False,810,649,82,0.38393098337200343,1.0243563966460598,0.6007867587754779,1266,690,79,0.6936619773457593,1.1432629763860567,0.7455131227947949,False,False,False,not_variable,1.0
9000000000005475731,KIC 5475731,,,True,0,False,dsct_flag0,False,False,805,647,82,0.4238471097650303,0.8965284217178013,0.5907040254132996,1265,687,79,0.6084660485870752,1.046570971307832,0.5382176894072204,False,False,False,not_variable,1.0
9000000000005476145,KIC 5476145,,,True,0,False,dsct_flag0,False,False,812,649,82,0.40715679758775986,0.9285440951631208,0.6534756676175891,1267,690,79,0.5880775516703534,0.9503815473230853,0.7910320095986513,False,False,False,not_variable,1.0
9000000000005526004,KIC 5526004,,,True,0,False,dsct_flag0,False,False,114,58,25,0.4245805699692685,0.7573411601382102,0.47948820743736176,150,67,22,0.7353803515758415,1.0507893546742806,0.7490795664699039,False,False,False,not_variable,2.0
9000000000005528773,KIC 5528773,,,True,0,False,dsct_flag0,False,False,725,644,82,0.22893257052595226,0.960359100399284,0.7273633546581916,1238,681,78,0.5437650356941237,1.1116163868883913,0.6819078214765273,False,False,False,not_variable,1.0
9000000000005534187,KIC 5534187,,,True,0,False,dsct_flag0,False,False,364,271,59,0.6992194281819156,1.1822091141544295,0.9936622418381178,769,286,54,0.9836598996375054,1.2533541730388116,0.9228979875579122,False,False,False,not_variable,1.0
9000000000005536476,KIC 5536476,,,True,0,False,dsct_flag0,False,False,748,634,81,0.5945248341063009,0.9322027146528954,0.4696070265221918,1187,678,79,0.6760509687825719,1.0829312960581987,0.6992663810729314,False,False,False,not_variable,1.0
9000000000005543745,KIC 5543745,,,True,0,False,dsct_flag0,False,False,743,634,82,0.45350081547287174,1.2774229916616306,0.750393704591131,1202,691,81,0.6546492630337588,1.2222789684532562,1.0604580152048402,False,False,False,not_variable,1.0
9000000000005544213,KIC 5544213,,,True,0,False,dsct_flag0,False,False,745,634,82,0.3832188752240728,1.0696001066663445,0.5755727239173937,1202,691,81,0.605470039584156,1.0466406316352241,0.8594988281799095,False,False,False,not_variable,1.0
9000000000005546767,KIC 5546767,,,True,0,False,dsct_flag0,False,False,745,633,82,0.44280739532982966,1.1796876863252055,0.7662184345453708,1196,689,81,0.7826078388645731,1.3407779180209387,0.7321644793974758,False,False,False,not_variable,1.0
9000000000005546978,KIC 5546978,,,True,0,False,dsct_flag0,False,False,749,636,82,0.4164312747161434,1.0442699191868354,0.6285660619853176,1205,693,81,0.7879097280608917,1.2505762651162342,0.6904502541533313,False,False,False,not_variable,1.0
9000000000005551240,KIC 5551240,,,True,0,False,dsct_flag0,False,False,693,623,82,0.31809026377299876,0.9668110764812831,0.6182029502722903,1159,682,80,0.6296888114537316,1.1145908910229398,0.6631252693440021,False,False,False,not_variable,1.0
9000000000005552761,KIC 5552761,,,True,0,False,dsct_flag0,False,False,756,638,82,0.4446298393887903,1.2393928921051416,0.8573859477413448,1202,691,80,0.7009243215242507,1.2595108015830778,1.1419752034837325,False,False,False,not_variable,1.0
9000000000005552812,KIC 5552812,,,True,0,False,dsct_flag0,False,False,755,637,82,0.42313791949016444,1.2808732453719835,0.981894307303941,1200,690,80,0.7292698179852446,1.2255536237003775,1.0356299613913864,False,False,False,not_variable,1.0
9000000000005560731,KIC 5560731,,,True,0,False,dsct_flag0,False,False,811,646,82,0.4563732368656067,1.003926801814583,0.6274087823167374,1224,677,79,0.5901048103426865,1.2149644162607294,0.767974213162742,False,False,False,not_variable,1.0
9000000000005565100,KIC 5565100,,,True,0,False,dsct_flag0,False,False,755,647,82,0.3647886642690372,1.363371958118925,0.7478097802853133,1193,685,79,0.6968213373522982,1.3277444737145112,0.8782594444314443,False,False,False,not_variable,1.0
9000000000005566636,KIC 5566636,,,True,0,False,dsct_flag0,False,False,1597,917,84,0.5644184986830874,0.8836439202480468,0.5299210424156092,2165,949,80,0.7290595355282224,0.8764935981664785,0.6339769446759657,False,False,False,not_variable,2.0
9000000000005599732,KIC 5599732,,,True,0,False,dsct_flag0,False,False,729,649,83,0.29354836086361746,1.0412691989772505,0.5788679563076765,1229,673,79,0.6828180539884033,1.0196291233161923,0.40801908208813964,False,False,False,not_variable,1.0
9000000000005600745,KIC 5600745,,,True,0,False,dsct_flag0,False,False,727,646,83,0.35936041740291674,1.1951920546423431,0.8301152403632318,1237,680,79,0.7276695537344774,1.3858674141798135,0.817846642276499,False,False,False,not_variable,1.0
9000000000005601718,KIC 5601718,,,True,0,False,dsct_flag0,False,False,728,647,83,0.30355016662203843,1.3763669280988444,0.6912166587655361,1230,676,79,0.6847265519081656,1.2950254877430472,0.686176588727123,False,False,False,not_variable,1.0
9000000000005601944,KIC 5601944,,,True,0,False,dsct_flag0,False,False,730,649,83,0.28077425111493975,0.9362995137345015,0.5737020510117145,1238,683,79,0.6364332027914607,1.032030573110579,0.5490307777738092,False,False,False,not_variable,1.0
9000000000005607779,KIC 5607779,,,True,0,False,dsct_flag0,False,False,726,644,82,0.30198396237827424,0.9927487293743015,0.598285992394489,1238,680,78,0.5620463555263554,1.0382481494379852,0.5145443981497214,False,False,False,not_variable,1.0
9000000000005607987,KIC 5607987,,,True,0,False,dsct_flag0,False,False,727,645,82,0.29668422848102777,1.0171443343616153,0.7049088225787365,1231,678,78,0.5559236942975989,0.9817079596661555,0.4306905300652665,False,False,False,not_variable,1.0
9000000000005608294,KIC 5608294,,,True,0,False,dsct_flag0,False,False,727,645,82,0.3034827523304439,1.061984237447996,0.6422606554742025,1235,675,78,0.5893448609083904,1.0547401580557,0.5057572217221784,False,False,False,not_variable,1.0
9000000000005609745,KIC 5609745,,,True,0,False,dsct_flag0,False,False,723,641,82,0.2904741839485923,0.9850222165220884,0.5826341025993753,1249,688,78,0.6106751837655405,1.0635134214332314,0.5460533918816833,False,False,False,not_variable,1.0
9000000000005614247,KIC 5614247,,,True,0,False,dsct_flag0,False,False,728,647,82,0.22566539462837226,0.9446894170183029,0.6932589621656141,1248,687,78,0.549731165716095,1.054749802920363,0.6236531761737476,False,False,False,not_variable,1.0
9000000000005621003,KIC 5621003,,,True,0,False,dsct_flag0,False,False,748,636,81,0.35959788623555333,0.9518283188295151,0.564351224571364,1191,679,79,0.7354468363020779,1.0921481175429204,0.5707452999736304,False,False,False,not_variable,1.0
9000000000005621299,KIC 5621299,,,True,0,False,dsct_flag0,False,False,743,631,81,0.36643585753797825,0.8574574402580211,0.6219287826396379,1188,679,79,0.7147905495728671,0.9992052552924734,0.5727137966431695,False,False,False,not_variable,1.0
9000000000005629390,KIC 5629390,,,True,0,False,dsct_flag0,False,False,744,633,82,0.41633532326377365,1.1663792463274574,0.7163388941609523,1199,691,81,0.659076848307019,1.155256915354633,0.8501789834949476,False,False,False,not_variable,1.0
9000000000005629449,KIC 5629449,,,True,0,False,dsct_flag0,False,False,744,633,82,0.4091373516048329,1.1483952023899553,0.7464239956337384,1086,639,79,0.6604250845061571,1.2482167243246398,0.7451966770681494,False,False,False,not_variable,1.0
9000000000005630056,KIC 5630056,,,True,0,False,dsct_flag0,False,False,748,636,82,0.41227177702613155,1.0809863626190102,0.5988309870325156,1204,692,81,0.6176160772691852,1.0447946892432831,1.112112995950254,False,False,False,not_variable,1.0
9000000000005630359,KIC 5630359,,,True,0,False,dsct_flag0,False,False,747,635,82,0.40312930450521556,1.04542182871403,0.5733083991611044,1205,693,81,0.6183913837055787,1.0162017721591878,1.0934481479309064,False,False,False,not_variable,1.0
9000000000005633212,KIC 5633212,,,True,0,False,dsct_flag0,False,False,745,633,82,0.47243545522869246,1.0886570702545455,0.7139794431964288,1203,692,81,0.761858447350728,1.2702068017062786,0.8261928615145199,False,False,False,not_variable,1.0
9000000000005637890,KIC 5637890,,,True,0,False,dsct_flag0,False,False,754,636,82,0.40363978696810715,1.0709642675626492,0.7909345145826631,1202,690,80,0.6590719767557615,1.080856367807393,0.7684923054561785,False,False,False,not_variable,1.0
9000000000005642753,KIC 5642753,,,True,0,False,dsct_flag0,False,False,753,637,82,0.3488271936308013,0.9131466187524491,0.6240343404689381,1197,693,80,0.5669057268784791,0.9319691444185036,0.6218400842367351,False,False,False,not_variable,1.0
9000000000005645258,KIC 5645258,,,True,0,False,dsct_flag0,False,False,60,42,21,0.25598350778138296,1.10546087521265,0.959191075069332,77,54,22,0.5137841371317585,0.7676183355326437,0.6587653644428968,False,False,False,not_variable,1.0
9000000000005650964,KIC 5650964,,,True,0,False,dsct_flag0,False,False,756,647,82,0.3544868491999122,1.0683340468167597,0.5377605573970923,1192,685,79,0.6264553539060156,1.1351062397376108,0.6783913429203305,False,False,False,not_variable,1.0
9000000000005651153,KIC 5651153,,,True,0,False,dsct_flag0,False,False,743,636,82,0.3553021076049461,0.9642931346924917,0.5989872410632106,78,51,16,0.514864346253041,0.8689287918766911,0.7790560891286078,False,False,False,not_variable,1.0
9000000000005693587,KIC 5693587,,,True,0,False,dsct_flag0,False,False,727,645,82,0.3010641389989108,0.938173034296984,0.559316013766351,1241,680,78,0.5529713341174535,0.992854336113928,0.5298870947215392,False,False,False,not_variable,1.0
9000000000005696889,KIC 5696889,,,True,0,False,dsct_flag0,False,False,723,641,82,0.29497834490031744,0.9683331628255298,0.5526649665932402,1244,685,78,0.6078550914748266,1.084841271380864,0.6057068040665196,False,False,False,not_variable,1.0
9000000000005703294,KIC 5703294,,,True,0,False,dsct_flag0,False,False,1412,800,83,0.5430811072201642,1.3498563055189812,0.7928889900223642,2335,839,81,0.6805978350321251,1.252587274707832,0.5998011964490282,False,False,False,not_variable,2.0
9000000000005703362,KIC 5703362,,,True,0,False,dsct_flag0,False,False,1416,802,83,0.6290563307499806,1.1694167739266588,0.7249455118214236,2338,839,81,0.7391431310730443,1.2208272595124525,0.47386959059660627,False,False,False,not_variable,2.0
9000000000005705995,KIC 5705995,,,True,0,False,dsct_flag0,False,False,112,90,26,0.326690441385648,1.4672978405875725,1.2386092823507975,285,100,27,0.9887429997411313,1.2754319860827474,1.0729723403706384,False,False,False,not_variable,1.0
9000000000005706961,KIC 5706961,,,True,0,False,dsct_flag0,False,False,744,633,81,0.35796303361090115,0.8900709992476783,0.5483062304371354,1186,678,79,0.6774396392152485,1.0269748558252632,0.7730676704175107,False,False,False,not_variable,1.0
9000000000005716288,KIC 5716288,,,True,0,False,dsct_flag0,False,False,746,634,82,0.3677187124056563,0.9629548716786364,0.553902572892484,1204,691,81,0.6694653919944692,1.0738748787855539,0.7956503659191908,False,False,False,not_variable,1.0
9000000000005722200,KIC 5722200,,,True,0,False,dsct_flag0,False,False,692,622,82,0.2956119552875539,0.9717419328418813,0.5627069076737206,1123,665,80,0.5295727610238905,0.952769094961422,0.7327461208771633,False,False,False,not_variable,1.0
9000000000005722501,KIC 5722501,,,True,0,False,dsct_flag0,False,False,693,623,82,0.29809109637921305,0.9711256437203271,0.47732381938942564,1123,665,80,0.5810862706776384,0.9455609526619005,0.44160258957811793,False,False,False,not_variable,1.0
9000000000005722895,KIC 5722895,,,True,0,False,dsct_flag0,False,False,693,623,82,0.2759366023460285,0.9361202124691237,0.5698654153532252,1155,679,80,0.6023048318395094,1.038052814658289,0.5076329345852124,False,False,False,not_variable,1.0
9000000000005723454,KIC 5723454,,,True,0,False,dsct_flag0,False,False,751,634,82,0.39760608056156793,1.0554328163177635,0.6750577481134656,1173,680,80,0.5827588333802468,1.0071866954120525,0.5375775654660453,False,False,False,not_variable,1.0
9000000000005723859,KIC 5723859,,,True,0,False,dsct_flag0,False,False,753,635,82,0.4212163861460057,1.0406547504548833,0.5976346850767101,1201,690,80,0.6380757904846033,1.009198445333524,0.5102135322747445,False,False,False,not_variable,1.0
9000000000005728857,KIC 5728857,,,True,0,False,dsct_flag0,False,False,750,635,82,0.37957604472431894,0.8787074157027966,0.5928428280050223,1201,692,80,0.6628412864704599,1.0287716343096869,0.8376048339418011,False,False,False,not_variable,1.0
9000000000005736270,KIC 5736270,,,True,0,False,dsct_flag0,False,False,547,488,82,0.853425227797639,2.335629853461476,1.198782556627985,475,292,75,0.9872517207672935,2.9495171250241587,1.7087052057158465,True,False,False,variable,1.0
9000000000005737795,KIC 5737795,,,True,0,False,dsct_flag0,False,False,1531,912,84,0.4998522794261975,0.7348663665687151,0.4562236426177479,2059,936,80,0.7755642347439012,0.9843480918556147,0.8110234213271966,False,False,False,not_variable,1.0
9000000000005739204,KIC 5739204,,,True,0,False,dsct_flag0,False,False,1586,913,84,0.6124856330186245,1.0165139628246522,0.5936250323727321,2166,950,80,0.7199345506218544,1.4383777949771592,1.0958619743152374,False,False,False,not_variable,2.0
9000000000005769810,KIC 5769810,,,True,0,False,dsct_flag0,False,False,726,646,83,0.31429769725709394,0.8223181752806372,0.43694057263124014,1218,670,79,0.6473124357196064,1.0776240602008513,0.47352561145342964,False,False,False,not_variable,1.0
9000000000005780412,KIC 5780412,,,True,0,False,dsct_flag0,False,False,669,627,82,0.16463054661506388,1.102994852651983,0.7753867047567348,1176,661,78,0.5744976950474603,1.1524967806421098,0.6909054082271238,False,False,False,not_variable,1.0
9000000000005781387,KIC 5781387,,,True,0,False,dsct_flag0,False,False,721,640,82,0.22431343970107478,0.9607829048194547,0.6375105208528179,1241,685,78,0.6286563126592679,1.0906072327481675,0.5718264794259088,False,False,False,not_variable,1.0
9000000000005781841,KIC 5781841,,,True,0,False,dsct_flag0,False,False,722,640,82,0.21454466617907314,0.9750396806458728,0.6136661158803112,1241,682,78,0.5797359297939698,1.0407161695494729,0.5676703068216614,False,False,False,not_variable,1.0
9000000000005781874,KIC 5781874,,,True,0,False,dsct_flag0,False,False,719,638,82,0.21079564287555444,0.9643346777935965,0.6489257800913979,1116,608,78,0.6118496455387598,1.1287783321624163,0.7197208522083159,False,False,False,not_variable,1.0
9000000000005787406,KIC 5787406,,,True,0,False,dsct_flag0,False,False,727,646,82,0.3509201194253811,1.1024270570471535,0.7749457762230606,1248,688,78,0.5947111901885491,1.1085217280164126,0.6109943234494158,False,False,False,not_variable,1.0
9000000000005807588,KIC 5807588,,,True,0,False,dsct_flag0,False,False,690,622,82,0.2797498510199297,0.9029541213527709,0.5297193079552063,1122,665,80,0.5644204478437516,1.0115451185994997,0.9265747133123802,False,False,False,not_variable,1.0
9000000000005807760,KIC 5807760,,,True,0,False,dsct_flag0,False,False,693,623,82,0.25461397178555895,0.8148155712360924,0.49131249168054364,1121,664,80,0.5632731211627167,0.9863216320450829,0.6091191494594865,False,False,False,not_variable,1.0
9000000000005809587,KIC 5809587,,,True,0,False,dsct_flag0,False,False,748,632,82,0.40178981156624805,1.1279974217294815,0.729644188644859,1131,661,80,0.6265155249361358,1.12728781725273,0.8769570881402584,False,False,False,not_variable,1.0
9000000000005809654,KIC 5809654,,,True,0,False,dsct_flag0,False,False,751,634,82,0.4323114928272922,1.0962825221520656,0.7759193878738812,1192,686,80,0.641010254436035,1.1486587046246346,1.1446726118261925,False,False,False,not_variable,1.0
9000000000005812648,KIC 5812648,,,True,0,False,dsct_flag0,False,False,748,634,82,0.3413442228023763,0.8439360294148078,0.4644239590499943,1061,633,80,0.5284128173933987,1.035415855830549,0.8746609212980424,False,False,False,not_variable,1.0
9000000000005817274,KIC 5817274,,,True,0,False,dsct_flag0,False,False,809,647,82,0.6666902669982195,1.3714182039213902,0.8305695904607349,1266,690,79,0.859262726233176,1.3408414003750018,0.8428867058888682,False,False,False,not_variable,1.0
9000000000005823587,KIC 5823587,,,True,0,False,dsct_flag0,False,False,1590,915,84,0.762021913143708,0.8949739513683835,0.6057166976472672,2164,948,80,0.777712421394194,1.0031620371976786,0.644559179503284,False,False,False,not_variable,2.0
9000000000005857290,KIC 5857290,,,True,0,False,dsct_flag0,False,False,727,647,83,0.483249619297951,1.257996599015111,0.7084245804844403,1226,673,79,0.6602571602594534,1.1648780753817551,0.5215171075623183,False,False,False,not_variable,1.0
9000000000005857501,KIC 5857501,,,True,0,False,dsct_flag0,False,False,52,36,18,0.2820895696147151,0.8952903819870057,0.8407198036487762,70,48,19,0.5455149971032974,1.1737707368127606,0.8799857821958786,False,False,False,not_variable,1.0
9000000000005865485,KIC 5865485,,,True,0,False,dsct_flag0,False,False,727,645,82,0.3198122040146876,1.0805053229296064,0.6536684954315932,1236,679,78,0.5864544325763145,1.1479960768569728,0.6179796027213793,False,False,False,not_variable,1.0
9000000000005868626,KIC 5868626,,,True,0,False,dsct_flag0,False,False,784,656,82,0.5032600437314544,1.1550688147676997,0.6536820009674421,1322,698,78,0.7019431730458966,1.1154315752914874,0.5249480370555395,False,False,False,not_variable,1.0
9000000000005869159,KIC 5869159,,,True,0,False,dsct_flag0,False,False,43,31,17,0.43389661706996474,1.2634957996953537,1.1188913484623766,55,39,17,0.5569266135485653,1.2474019372300391,1.0263451963103685,False,False,False,not_variable,1.0
9000000000005879641,KIC 5879641,,,True,0,False,dsct_flag0,False,False,746,634,81,0.3725697790694501,1.0559700378541046,0.5508112968202036,1191,680,79,0.7417909272060004,1.0694257587972167,0.5916214628289036,False,False,False,not_variable,1.0
9000000000005881189,KIC 5881189,,,True,0,False,dsct_flag0,False,False,709,609,82,0.5264784578197114,1.1878768007962162,0.7448196993642513,1159,661,81,0.8826544332072968,1.2590040992364309,0.7678511042039562,False,False,False,not_variable,1.0
9000000000005882306,KIC 5882306,,,True,0,False,dsct_flag0,False,False,744,635,82,0.40079084234730333,1.0067007661335636,0.511652773215468,1190,683,81,0.6340770990619762,0.9589925731189067,0.4923473928231999,False,False,False,not_variable,1.0
9000000000005893541,KIC 5893541,,,True,0,False,dsct_flag0,False,False,714,631,82,0.3080378195434259,0.9390642185469029,0.6372652444786702,1162,683,80,0.5803946706180384,1.032091388704128,0.7172536642949966,False,False,False,not_variable,1.0
9000000000005894754,KIC 5894754,,,True,0,False,dsct_flag0,False,False,750,632,82,0.4327220682876548,1.1311206126409248,0.8230551450800629,1197,689,80,0.674064493062063,1.124778397356245,0.8551053065532098,False,False,False,not_variable,1.0
9000000000005895238,KIC 5895238,,,True,0,False,dsct_flag0,False,False,423,328,66,0.4225238651570014,1.1279624059569429,0.8111011877663915,811,364,65,0.7774167819562917,1.2528970311516199,0.9532573985447411,False,False,False,not_variable,1.0
9000000000005949982,KIC 5949982,,,True,0,False,dsct_flag0,False,False,706,635,82,0.265242337930923,1.0537090056482759,0.5667060016001462,1238,682,78,0.630321683846014,1.197726352461655,0.6357464197557908,False,False,False,not_variable,1.0
9000000000005952417,KIC 5952417,,,True,0,False,dsct_flag0,False,False,757,650,82,0.38557572465492723,1.0204195281044233,0.5824076918379923,1300,694,78,0.8291166516900664,1.1419171183104797,0.6108336562680416,False,False,False,not_variable,1.0
9000000000005957075,KIC 5957075,,,True,0,False,dsct_flag0,False,False,118,96,30,0.41025905403468926,1.7846331515825418,2.260272832348111,356,72,14,0.8307409939792284,1.2428592668788028,0.6929702924049953,False,False,False,not_variable,1.0
9000000000005957093,KIC 5957093,,,True,0,False,dsct_flag0,False,False,106,97,28,0.15426372075109754,0.8212755706299829,0.541966747591563,389,93,20,0.7775358728331512,1.1806484211247759,0.8393723377333855,False,False,False,not_variable,1.0
9000000000005960912,KIC 5960912,,,True,0,False,dsct_flag0,False,False,683,617,81,0.2890172789365277,1.0838145398766337,0.5336406042858534,1109,651,79,0.7718448922271365,1.1720287762313455,0.585609540684605,False,False,False,not_variable,1.0
9000000000005960954,KIC 5960954,,,True,0,False,dsct_flag0,False,False,688,621,81,0.31012366356135795,0.9984336973249005,0.4684859359364684,1111,653,79,0.7367429758812605,1.1870869053823352,0.7143035642489235,False,False,False,not_variable,1.0
9000000000005963255,KIC 5963255,,,True,0,False,dsct_flag0,False,False,688,620,81,0.2525888155603593,0.9506829306822827,0.6488451708938532,1112,653,79,0.6821544319345776,0.9592304084449811,0.7209446185627217,False,False,False,not_variable,1.0
9000000000005963660,KIC 5963660,,,True,0,False,dsct_flag0,False,False,733,632,81,0.3696216311737116,1.0422233850867315,0.596040545781706,1113,653,79,0.7397107979554705,1.0417214628768192,0.8257281356809983,False,False,False,not_variable,1.0
9000000000005964745,KIC 5964745,,,True,0,False,dsct_flag0,False,False,59,41,21,0.21879968268067132,0.8455240536223867,0.9611763332416414,79,54,22,0.4871593493017112,1.0311586887573503,0.9863639801188681,False,False,False,not_variable,1.0
9000000000005965533,KIC 5965533,,,True,0,False,dsct_flag0,False,False,747,636,82,0.5342825292165231,1.0279765862055348,0.7422341929220808,1201,690,81,0.6925680146776709,1.0928014915014796,0.7463268454079375,False,False,False,not_variable,1.0
9000000000005966660,KIC 5966660,,,True,0,False,dsct_flag0,False,False,745,635,82,0.5662437987972988,0.9853459474761899,0.45915972090752727,1196,688,81,0.5824466555272788,0.9875827035127279,0.5242054606348154,False,False,False,not_variable,1.0
9000000000005977646,KIC 5977646,,,True,0,False,dsct_flag0,False,False,690,621,82,0.40691269180778783,2.7655653354007033,1.565144430685394,1123,665,80,0.6196562113751289,2.04578709556269,1.595421544444013,True,True,False,variable,1.0
9000000000005980866,KIC 5980866,,,True,0,False,dsct_flag0,False,False,740,637,82,0.30208034905122705,0.8773725238946228,0.5283330728483078,1196,692,80,0.6421584106418037,1.1973040365269276,0.7770930831652717,False,False,False,not_variable,1.0
9000000000005985441,KIC 5985441,,,True,0,False,dsct_flag0,False,False,71,67,15,0.16461850657834967,1.1913399615095068,0.8480260284638439,229,66,14,0.8651647362578574,1.5784066877861824,1.8882615964113438,False,False,False,not_variable,1.0
9000000000005989921,KIC 5989921,,,True,0,False,dsct_flag0,False,False,754,646,82,0.3387990967928156,0.9421721303939534,0.5245731541338032,1191,684,79,0.7194138784642148,1.2732507638781505,0.6781118409916378,False,False,False,not_variable,1.0
9000000000006020410,KIC 6020410,,,True,0,False,dsct_flag0,False,False,1993,990,86,0.7184612608334652,1.5409550240638619,1.5338034735133348,2684,985,83,0.730991384970311,1.218349842744807,0.9065674952129686,False,False,False,not_variable,2.0
9000000000006022110,KIC 6022110,,,True,0,False,dsct_flag0,False,False,726,645,83,0.31944885065004275,0.9606912172925072,0.6484377658767718,1222,673,79,0.796253998314239,1.160108194145628,0.5568941495296542,False,False,False,not_variable,1.0
9000000000006025450,KIC 6025450,,,True,0,False,dsct_flag0,False,False,729,647,83,0.3648126723263373,1.2666177759394714,0.633843675314538,1233,679,79,0.684182074610375,1.0734564864346547,0.5327698103920808,False,False,False,not_variable,1.0
9000000000006025883,KIC 6025883,,,True,0,False,dsct_flag0,False,False,729,648,83,0.3242826796799726,1.0450939074605743,0.6235954182442254,1234,679,79,0.730234091075179,0.9821288107419126,0.5256385175819063,False,False,False,not_variable,1.0
9000000000006037465,KIC 6037465,,,True,0,False,dsct_flag0,False,False,726,645,82,0.19062749364086748,0.9141993141253226,0.7005825817643178,1213,669,78,0.5696812022960828,1.10967416567004,0.6102143873890044,False,False,False,not_variable,1.0
9000000000006037851,KIC 6037851,,,True,0,False,dsct_flag0,False,False,720,646,82,0.22699815480383978,1.025705190879386,0.6766576771008208,1245,685,78,0.6060497343741568,1.1323661834043026,0.5447192574866496,False,False,False,not_variable,1.0
9000000000006038135,KIC 6038135,,,True,0,False,dsct_flag0,False,False,726,646,82,0.19742820959627191,0.9758258513606819,0.6920826816831183,1243,685,78,0.6535879227595538,1.2289518336089507,0.6215841838349951,False,False,False,not_variable,1.0
9000000000006043088,KIC 6043088,,,True,0,False,dsct_flag0,False,False,737,632,81,0.4141832473240418,1.117176449540617,0.6343893740112951,1187,678,79,0.8047782813335342,1.3583845196204414,0.7199581246109278,False,False,False,not_variable,1.0
9000000000006044459,KIC 6044459,,,True,0,False,dsct_flag0,False,False,749,636,81,0.4550339784428094,1.13652839340951,0.7648595362776064,1193,681,79,0.7379228451161837,1.0655781359812981,0.6621740782950719,False,False,False,not_variable,1.0
9000000000006045357,KIC 6045357,,,True,0,False,dsct_flag0,False,False,685,619,81,0.2504492545721855,0.9605430084187145,0.6585226491616711,1110,652,79,0.6851578723664529,1.0173478370864693,0.7258122082035854,False,False,False,not_variable,1.0
9000000000006046900,KIC 6046900,,,True,0,False,dsct_flag0,False,False,61,43,21,0.28564615996865694,0.7250792018748791,0.6552807476285933,79,54,22,0.26801792165913524,1.4470712111073738,0.9279328525813216,False,False,False,not_variable,1.0
9000000000006048208,KIC 6048208,,,True,0,False,dsct_flag0,False,False,734,636,82,0.3699753790354326,1.056541538427331,0.6117071787660977,1197,689,81,0.7111087443015129,1.0439144906074231,0.744923545527105,False,False,False,not_variable,1.0
9000000000006048250,KIC 6048250,,,True,0,False,dsct_flag0,False,False,734,633,82,0.4568906103869804,1.0901253592007176,0.5913447017204709,1200,690,81,0.7466757417328959,1.1111457927420587,0.7093881527428553,False,False,False,not_variable,1.0
9000000000006048255,KIC 6048255,,,True,0,False,dsct_flag0,False,False,731,633,82,0.3476237299530254,1.1690258090133623,0.6531596354673783,1193,689,81,0.7188494400962291,1.1302881340661068,0.6365640347035687,False,False,False,not_variable,1.0
9000000000006048801,KIC 6048801,,,True,0,False,dsct_flag0,False,False,751,638,82,0.43676284270206855,0.9988757298722205,0.5275119991720754,1203,689,81,0.6879502542471392,1.0303857416729645,0.49803394436889453,False,False,False,not_variable,1.0
9000000000006050146,KIC 6050146,,,True,0,False,dsct_flag0,False,False,746,635,82,0.3822828464922941,1.0023921183768967,0.6655541574321708,1200,690,81,0.7100278675018659,1.0776171284516534,0.5689794614834434,False,False,False,not_variable,1.0
9000000000006057504,KIC 6057504,,,True,0,False,dsct_flag0,False,False,742,635,82,0.3339837702075408,0.8803503210946281,0.5492619842559539,1202,690,80,0.6796775063118927,1.0220686448645542,0.6209303792906735,False,False,False,not_variable,1.0
9000000000006058758,KIC 6058758,,,True,0,False,dsct_flag0,False,False,740,631,82,0.4544927378378932,0.9945054013076261,0.5740178181111992,1119,663,80,0.5507276448832195,0.959977710072889,0.5275296457837506,False,False,False,not_variable,1.0
9000000000006063724,KIC 6063724,,,True,0,False,dsct_flag0,False,False,748,634,82,0.36616096128701964,1.0118809803091762,0.6453393356817936,1198,690,80,0.6970504685406708,1.2771282087563316,0.7165131899620873,False,False,False,not_variable,1.0
9000000000006065823,KIC 6065823,,,True,0,False,dsct_flag0,False,False,746,630,82,0.4324206292669599,1.9956641979222864,0.8270475750021994,1194,685,80,1.320195167753886,2.122281031709437,1.4521172484190223,False,False,False,not_variable,1.0
9000000000006105241,KIC 6105241,,,True,0,False,dsct_flag0,False,False,632,580,82,0.30592636803914114,1.232272590596745,0.9302593336566021,980,611,79,0.6565758307745488,1.1859310394324427,0.603436431411013,False,False,False,not_variable,1.0
9000000000006107196,KIC 6107196,,,True,0,False,dsct_flag0,False,False,718,636,83,0.3447930824971536,1.2206904201155289,0.8637637973809503,1227,671,79,0.7662915385078529,1.1433402369964396,0.4853778878465226,False,False,False,not_variable,1.0
9000000000006114196,KIC 6114196,,,True,0,False,dsct_flag0,False,False,521,474,69,0.26233305571432414,1.0977881776764655,0.6177843832506199,815,511,69,0.6592491867975979,1.2742688284656776,0.7472824283212116,False,False,False,not_variable,1.0
9000000000006115335,KIC 6115335,,,True,0,False,dsct_flag0,False,False,783,655,82,0.41521690583034765,1.0472143681337711,0.5567751838934439,1326,699,78,0.6597945167374581,1.1616979677808668,0.5181298167147121,False,False,False,not_variable,1.0
9000000000006120015,KIC 6120015,,,True,0,False,dsct_flag0,False,False,673,604,82,0.2509435028126336,1.1395787393675698,0.818438528951835,1133,648,77,0.6821937800716198,1.357789109997901,0.6739388103298529,False,False,False,not_variable,1.0
9000000000006124327,KIC 6124327,,,True,0,False,dsct_flag0,False,False,693,599,81,0.4026585098004998,1.15007125016244,0.6008374574876084,1101,646,77,0.8558214664817185,1.26396330243782,0.6610042089119373,False,False,False,not_variable,1.0
9000000000006124836,KIC 6124836,,,True,0,False,dsct_flag0,False,False,736,623,81,0.34801959238881663,1.0081211253377962,0.6162036586075242,1180,669,79,0.7224300140316229,1.250284920783124,0.6456519302826174,False,False,False,not_variable,1.0
9000000000006125835,KIC 6125835,,,True,0,False,dsct_flag0,False,False,735,621,81,0.5002108821106563,1.1295048954905866,0.8203388093157657,1175,666,79,0.7583887521351111,1.1382342362545401,0.7106993667266661,False,False,False,not_variable,1.0
9000000000006127806,KIC 6127806,,,True,0,False,dsct_flag0,False,False,61,43,21,0.26650081677092496,0.7640704418923302,0.6355230510704486,79,54,22,0.5268358168563317,1.154666807381704,0.5983995290683023,False,False,False,not_variable,1.0
9000000000006127942,KIC 6127942,,,True,0,False,dsct_flag0,False,False,61,43,21,0.22783084959898622,0.6814462956035514,0.5996148975100087,79,54,22,0.5122759618236249,1.1901318598598236,0.8915322788063441,False,False,False,not_variable,1.0
9000000000006128326,KIC 6128326,,,True,0,False,dsct_flag0,False,False,425,333,68,0.6436054990846072,1.5053044797935373,0.7822291035071637,839,376,71,1.0240687261745955,1.3321057406218553,1.0622568803468353,False,False,False,not_variable,1.0
9000000000006128330,KIC 6128330,,,True,0,False,dsct_flag0,False,False,346,303,70,0.6036004003000267,4.080376952634202,2.0713844211553516,626,350,71,0.8225033287670956,2.716778407134931,2.006545900330612,True,True,False,variable,1.0
9000000000006128622,KIC 6128622,,,True,0,False,dsct_flag0,False,False,735,624,82,0.5152809898446659,1.4831674389423266,0.7507793818292612,1160,675,81,0.8929625936285959,1.7108266440022786,0.7914070492076725,False,False,False,not_variable,1.0
9000000000006129694,KIC 6129694,,,True,0,False,dsct_flag0,False,False,739,628,82,0.4160765235073748,1.051706966349143,0.6706655185097046,1166,675,80,0.6964037245614179,1.0584742078123364,0.5816869545685432,False,False,False,not_variable,1.0
9000000000006130071,KIC 6130071,,,True,0,False,dsct_flag0,False,False,614,556,79,0.38493527756353346,1.102842973874961,0.5973766503034574,926,618,79,0.6718781230521241,1.2008144501893188,0.789008815034844,False,False,False,not_variable,1.0
9000000000006130247,KIC 6130247,,,True,0,False,dsct_flag0,False,False,690,625,82,0.2124287313409594,0.8701015937425818,0.5541159519728259,1122,663,81,0.6772350546455412,1.088078497005968,0.7797546729973575,False,False,False,not_variable,1.0
9000000000006131451,KIC 6131451,,,True,0,False,dsct_flag0,False,False,743,631,82,0.40713874906885456,1.164493482066513,0.6973201622118782,1194,683,81,0.7389243077352574,1.115308393103953,0.6979745577505084,False,False,False,not_variable,1.0
9000000000006137779,KIC 6137779,,,True,0,False,dsct_flag0,False,False,752,635,82,0.39230776538712625,1.171243536054525,0.7413246492550036,1198,688,80,0.6966384387839551,1.1403519618621192,0.8444221100105603,False,False,False,not_variable,1.0
9000000000006139796,KIC 6139796,,,True,0,False,dsct_flag0,False,False,753,635,82,0.33763907197579185,0.9672651979693272,0.6381153218181458,1200,689,80,0.6916985836845442,1.1165943765356,0.5938785252885537,False,False,False,not_variable,1.0
9000000000006139982,KIC 6139982,,,True,0,False,dsct_flag0,False,False,562,515,77,0.29334404122736824,1.1375462232838902,0.7691854025064543,755,555,76,0.4478592022525384,1.233508502319044,1.0284418141531937,False,False,False,not_variable,1.0
9000000000006145884,KIC 6145884,,,True,0,False,dsct_flag0,False,False,734,621,82,0.44120268762789916,1.1574063810424335,0.7063541929413261,1176,680,80,0.867757287346411,1.5724428456231578,0.9218075899176398,False,False,False,not_variable,1.0
9000000000006149358,KIC 6149358,,,True,0,False,dsct_flag0,False,False,769,631,81,0.40460761119169647,1.1349023254695676,0.6901409915149552,1193,670,79,0.8395519901477048,1.5222589823017392,0.8153956102010569,False,False,False,not_variable,1.0
9000000000006153673,KIC 6153673,,,True,0,False,dsct_flag0,False,False,62,45,19,0.2562839327162773,0.7621651296105433,0.485142586976033,79,52,16,0.43654134702010444,1.0579971277306934,0.5805902761779682,False,False,False,not_variable,1.0
9000000000006181674,KIC 6181674,,,True,0,False,dsct_flag0,False,False,1990,989,85,0.6312413017845354,1.2450525936347583,0.7844432125811092,2704,987,82,0.7450287447794046,1.4086062157508812,0.7453644364677707,False,False,False,not_variable,2.0
9000000000006185004,KIC 6185004,,,True,0,False,dsct_flag0,False,False,718,644,83,0.35950419394791283,1.1417716048092028,0.7616966310872426,1182,646,79,0.6337293162718297,1.0367599445422997,0.5606329455206085,False,False,False,not_variable,1.0
9000000000006188405,KIC 6188405,,,True,0,False,dsct_flag0,False,False,723,646,83,0.4109612333610831,1.7114478346447588,1.1794980736789926,1204,666,79,0.6699110311765964,1.8825915206562904,0.8461383666622934,False,False,False,not_variable,1.0
9000000000006190873,KIC 6190873,,,True,0,False,dsct_flag0,False,False,735,653,83,0.29028380785971253,1.3072051360333368,1.1071048774713448,1237,684,79,0.6322301218175308,1.3211097738473745,0.7410389821924666,False,False,False,not_variable,1.0
9000000000006192580,KIC 6192580,,,True,0,False,dsct_flag0,False,False,721,641,82,0.36297935356559413,1.3033575952388026,0.9746335818097694,1230,679,78,0.6641850639942464,1.3539198589456518,0.8039413413139502,False,False,False,not_variable,1.0
9000000000006198172,KIC 6198172,,,True,0,False,dsct_flag0,False,False,730,649,82,0.3227423730957293,1.2494207051793742,0.8717186822833662,1245,684,78,0.6562167524024541,1.3297537566797595,0.7045010597359666,False,False,False,not_variable,1.0
9000000000006198256,KIC 6198256,,,True,0,False,dsct_flag0,False,False,724,646,82,0.23430067680823394,1.1679178315130698,0.8794632496707568,1234,677,78,0.6964741177546521,1.4575580964175634,0.772992831035591,False,False,False,not_variable,1.0
9000000000006199518,KIC 6199518,,,True,0,False,dsct_flag0,False,False,732,651,82,0.24717477942292743,1.0135193896907881,0.7528865606735204,1248,685,78,0.6727034158930233,1.117988659198644,0.5801912085416293,False,False,False,not_variable,1.0
9000000000006199559,KIC 6199559,,,True,0,False,dsct_flag0,False,False,731,650,82,0.286461854396883,1.035064139179406,0.752908179682975,1251,688,78,0.6230945939148432,1.1473070240963856,0.5289175103234253,False,False,False,not_variable,1.0
9000000000006199593,KIC 6199593,,,True,0,False,dsct_flag0,False,False,732,651,82,0.23906497250026884,1.0049009157725401,0.7966450073682558,1247,686,78,0.610821006288961,1.1416088291969997,0.587031426139916,False,False,False,not_variable,1.0
9000000000006205514,KIC 6205514,,,True,0,False,dsct_flag0,False,False,716,610,81,1.4057175506793282,3.814692323264831,2.04362761220282,1161,657,80,2.3154144057020867,3.7260038203640407,2.3238188350934257,True,True,False,variable,1.0
9000000000006207183,KIC 6207183,,,True,0,False,dsct_flag0,False,False,753,639,81,0.41669770291453645,1.1327089783826938,0.6257066595763091,1197,684,80,0.7675515879879895,1.0667233198242063,0.5390507429466609,False,False,False,not_variable,1.0
9000000000006207265,KIC 6207265,,,True,0,False,dsct_flag0,False,False,750,636,81,0.3631306108271582,1.089866720400783,0.5110318592176809,1197,684,80,0.7950083775862069,1.2337290178025553,0.7336675535973651,False,False,False,not_variable,1.0
9000000000006207355,KIC 6207355,,,True,0,False,dsct_flag0,False,False,744,634,81,0.5512097882548239,2.5718789213241764,1.2947213298284055,1191,682,80,0.8148299412925486,1.9866116495187038,0.9958081001885463,True,True,False,variable,1.0
9000000000006208403,KIC 6208403,,,True,0,False,dsct_flag0,False,False,61,43,21,0.2801623276132955,0.7318683926750659,0.7315548023634111,1123,640,79,0.8437201305050765,1.3933900941175612,0.9212321576408704,False,False,False,not_variable,1.0
9000000000006209225,KIC 6209225,,,True,0,False,dsct_flag0,False,False,61,43,21,0.27328742161991043,0.6945408655560124,0.6197858341847484,79,54,22,0.35987728958937054,1.1053121936594512,0.8187905066788492,False,False,False,not_variable,1.0
9000000000006210148,KIC 6210148,,,True,0,False,dsct_flag0,False,False,743,629,82,0.5625435569622451,6.9793405099331105,0.8739013612027333,1124,671,81,0.762053696790404,2.200236417038791,0.861276612603883,True,True,False,variable,1.0
9000000000006210480,KIC 6210480,,,True,0,False,dsct_flag0,False,False,753,640,82,0.45618839682097245,1.1604115649388482,0.7679108706392906,1199,689,81,0.6533025735520556,1.0732655751373035,0.5560419437270879,False,False,False,not_variable,1.0
9000000000006213736,KIC 6213736,,,True,0,False,dsct_flag0,False,False,539,447,75,0.7058775469982673,1.5445717895205022,1.013776122478141,958,478,77,0.8822685406807992,1.2685897156396209,1.0236093129210349,False,False,False,not_variable,1.0
9000000000006213806,KIC 6213806,,,True,0,False,dsct_flag0,False,False,733,623,82,0.6007570585808869,1.3837039793345633,0.8664940977080927,1183,675,81,0.7636265063875209,1.2071266786715409,1.0913235016801357,False,False,False,not_variable,1.0
9000000000006214454,KIC 6214454,,,True,0,False,dsct_flag0,False,False,749,639,82,0.5353908891906783,1.1683925978605607,0.6918953077471465,1201,691,81,0.6551614081869085,1.1720881336655344,0.7012749309147918,False,False,False,not_variable,1.0
9000000000006222079,KIC 6222079,,,True,0,False,dsct_flag0,False,False,677,608,82,0.2609059418633189,1.1547962767387825,0.6491231832210027,989,599,80,0.6361996896372109,1.4260057297446056,0.8620315357360929,False,False,False,not_variable,1.0
9000000000006222818,KIC 6222818,,,True,0,False,dsct_flag0,False,False,61,43,21,0.363620162673353,0.8861015549150972,0.9136345581231664,494,393,67,0.37596718957096165,1.1971421874936445,0.644516890325122,False,False,False,not_variable,1.0
9000000000006223081,KIC 6223081,,,True,0,False,dsct_flag0,False,False,742,630,82,0.5094413827400279,1.255875047436951,0.8292683129640921,1198,689,80,0.7936398140706004,1.6017537751314102,1.2125429908595622,False,False,False,not_variable,1.0
9000000000006227573,KIC 6227573,,,True,0,False,dsct_flag0,False,False,747,631,82,0.5071174798277412,1.212615859751488,0.6918295855851231,1202,694,79,0.779377209642395,1.3501223769957538,0.7957856598812957,False,False,False,not_variable,1.0
9000000000006230552,KIC 6230552,,,True,0,False,dsct_flag0,False,False,807,646,82,0.6160897098340733,2.509785960034957,1.795404267446175,1273,699,79,0.8012253636179854,2.0003530945843737,1.093704736407747,True,True,False,variable,1.0
9000000000006264667,KIC 6264667,,,True,0,False,dsct_flag0,False,False,725,646,83,0.3338408567090274,1.1910653397634705,0.7450557541171222,1210,656,79,0.7751494169129023,1.1600694131212204,0.5819797404372735,False,False,False,not_variable,1.0
9000000000006271442,KIC 6271442,,,True,0,False,dsct_flag0,False,False,733,651,83,0.26546412955079673,1.1721884100067852,0.871451163456195,1188,668,79,0.6380881848377709,1.589790035255549,0.8209172694125578,False,False,False,not_variable,1.0
9000000000006277788,KIC 6277788,,,True,0,False,dsct_flag0,False,False,114,58,25,0.6039335046385085,1.0241462409917352,0.8708535645176724,149,68,22,0.5916639648557701,1.1595589094970888,0.8450204859236888,False,False,False,not_variable,2.0
9000000000006280416,KIC 6280416,,,True,0,False,dsct_flag0,False,False,706,642,82,0.19313036427002947,0.960527701421435,0.7139729162294179,1217,679,78,0.6092964593662961,1.12927390777045,0.670641383937831,False,False,False,not_variable,1.0
9000000000006280651,KIC 6280651,,,True,0,False,dsct_flag0,False,False,727,649,82,0.5629184595439141,2.3122812121299186,1.5381398153845172,1221,681,78,2.011368260803429,3.5204337743799083,1.948562470529153,True,False,False,variable,1.0
9000000000006283792,KIC 6283792,,,True,0,False,dsct_flag0,False,False,1356,796,83,0.9424464134367313,1.1844526180463093,0.7180243486204504,2342,841,82,0.7710330678709644,1.4270135015368521,0.6763837955396348,False,False,False,not_variable,2.0
9000000000006284778,KIC 6284778,,,True,0,False,dsct_flag0,False,False,1411,804,83,0.7854969167902901,1.4571905053264074,1.0275559854755372,2353,843,82,0.8754747474783234,1.4717033509245052,0.8882371174866684,False,False,False,not_variable,2.0
9000000000006286606,KIC 6286606,,,True,0,False,dsct_flag0,False,False,742,628,81,0.3602582177695004,0.8969857660819336,0.6273779789490811,1190,681,80,0.7706059729419321,1.2051566483572551,0.6599608899775329,False,False,False,not_variable,1.0
9000000000006289567,KIC 6289567,,,True,0,False,dsct_flag0,False,False,228,175,44,0.6934936149863061,1.4192271697092622,1.245679825174024,441,187,39,0.8007851236591682,1.248556495424955,1.3198763474209687,False,False,False,not_variable,1.0
9000000000006289782,KIC 6289782,,,True,0,False,dsct_flag0,False,False,757,642,82,0.5119820370969458,1.299626144282058,0.9118614667611363,1198,686,81,0.6679057249358252,1.1683357696710728,0.7495053739307159,False,False,False,not_variable,1.0
9000000000006289991,KIC 6289991,,,True,0,False,dsct_flag0,False,False,758,643,82,0.5508400963065596,1.255879469574826,0.9154898263036954,1190,688,81,0.7104744999759425,1.1534341243924906,0.7021354438433973,False,False,False,not_variable,1.0
9000000000006292374,KIC 6292374,,,True,0,False,dsct_flag0,False,False,749,639,82,0.4686975918469504,1.135247147535079,0.5409905094141237,1190,685,81,0.6780157824999387,1.1214649727627604,0.5862866781083542,False,False,False,not_variable,1.0
9000000000006293287,KIC 6293287,,,True,0,False,dsct_flag0,False,False,754,640,82,0.5160149087571637,1.1547116593630387,0.7615240250699238,1093,665,81,0.6557352671914882,1.8438812936912303,0.7327468700099417,False,False,False,not_variable,1.0
9000000000006293407,KIC 6293407,,,True,0,False,dsct_flag0,False,False,757,642,82,0.5440841161149838,1.2538151067516767,0.6980284614327616,1202,690,81,0.7508494330955776,1.1555361735370389,0.8084819750412412,False,False,False,not_variable,1.0
9000000000006293941,KIC 6293941,,,True,0,False,dsct_flag0,False,False,753,639,82,0.6053065492420938,1.2958050001452348,0.889150705475925,1200,690,81,0.6964951982361923,1.2391206591450634,0.9387480345139462,False,False,False,not_variable,1.0
9000000000006294244,KIC 6294244,,,True,0,False,dsct_flag0,False,False,754,640,82,0.5130441765208371,1.1836591023176017,0.6254437013536672,1204,692,81,0.6576165876038266,1.1048438543327543,0.6873034312781325,False,False,False,not_variable,1.0
9000000000006294343,KIC 6294343,,,True,0,False,dsct_flag0,False,False,754,640,82,0.4742677836618586,0.9920489223714855,0.511524797198189,1204,692,81,0.6547489066396089,1.0335488436904783,0.7732251958124801,False,False,False,not_variable,1.0
9000000000006300837,KIC 6300837,,,True,0,False,dsct_flag0,False,False,752,632,82,0.37710482922681915,0.9663902549088926,0.6288187332440873,986,649,79,0.5465020000730466,1.1762067101211593,0.790906218066638,False,False,False,not_variable,1.0
9000000000006301965,KIC 6301965,,,True,0,False,dsct_flag0,False,False,694,621,82,0.2618310666546511,0.8644394024014926,0.43424277740245004,1122,665,80,0.589052739075104,1.1394561251282775,0.7525987676386783,False,False,False,not_variable,1.0
9000000000006303119,KIC 6303119,,,True,0,False,dsct_flag0,False,False,751,630,82,0.4127269015970336,1.1785159869654673,0.744945100783898,1200,691,80,0.7297227381829438,1.357349825717887,1.1074075361096363,False,False,False,not_variable,1.0
9000000000006305211,KIC 6305211,,,True,0,False,dsct_flag0,False,False,754,635,82,0.33990917407184557,0.963383208969508,0.6855667457143414,1207,696,79,0.6200325239494576,1.185848270792053,0.6349800406798414,False,False,False,not_variable,1.0
9000000000006306941,KIC 6306941,,,True,0,False,dsct_flag0,False,False,749,630,82,0.5043185939349156,1.0348323853380714,0.6687444939149528,1189,693,79,0.7265916997289839,1.1189087156252606,0.5930039589862213,False,False,False,not_variable,1.0
9000000000006307405,KIC 6307405,,,True,0,False,dsct_flag0,False,False,739,627,82,0.500087300884157,1.1503593324221126,0.6699069675526196,992,595,78,0.7073672696529398,1.4376389175821747,0.9510063201929825,False,False,False,not_variable,1.0
9000000000006307569,KIC 6307569,,,True,0,False,dsct_flag0,False,False,749,631,82,0.4518497638692108,1.099993386249031,0.6434364939898467,1188,690,79,0.7343408159733434,1.403193695828731,0.7629776897901586,False,False,False,not_variable,1.0
9000000000006308793,KIC 6308793,,,True,0,False,dsct_flag0,False,False,61,43,21,0.3786059611010702,0.712584061040432,0.6695396301972254,79,54,22,0.34839929190272173,0.9128326031742914,0.7873074773272698,False,False,False,not_variable,1.0
9000000000006311076,KIC 6311076,,,True,0,False,dsct_flag0,False,False,812,643,82,0.42251449902240656,1.0089199773637665,0.6981705656389613,1248,689,78,0.6858315798130568,1.1511852505033697,0.6704422611570042,False,False,False,not_variable,1.0
9000000000006312787,KIC 6312787,,,True,0,False,dsct_flag0,False,False,753,642,81,0.3593353131750714,0.985555952223243,0.6802884800256892,1136,668,79,0.6432281790748812,1.178453342683288,0.7867483324779365,False,False,False,not_variable,1.0
9000000000006313843,KIC 6313843,,,True,0,False,dsct_flag0,False,False,755,644,82,0.3101271904338597,1.240495075710994,0.763161464148425,1201,695,79,0.6863823828766329,1.35846966019157,0.6856634399118987,False,False,False,not_variable,1.0
9000000000006313849,KIC 6313849,,,True,0,False,dsct_flag0,False,False,759,647,82,0.2812490112582169,0.9407502809575149,0.6277788110018441,1201,693,79,0.7983570718970702,1.2292439594061686,0.745177098969511,False,False,False,not_variable,1.0
9000000000006344785,KIC 6344785,,,True,0,False,dsct_flag0,False,False,727,646,83,0.27895686042186724,1.068087768734577,0.5338688295764856,1210,657,79,0.7063348839641562,0.9883918734863559,0.5094251487705541,False,False,False,not_variable,1.0
9000000000006356251,KIC 6356251,,,True,0,False,dsct_flag0,False,False,789,661,82,0.3142571086011958,0.9707828968142751,0.5649956325191944,1321,696,78,0.6657973677597389,1.169177389440762,0.6473116850861843,False,False,False,not_variable,1.0
9000000000006357774,KIC 6357774,,,True,0,False,dsct_flag0,False,False,731,650,82,0.2719672892684061,1.118656265587446,0.7747231995713055,1251,688,78,0.6125978096335426,1.1852400194088473,0.5842374054742996,False,False,False,not_variable,1.0
9000000000006357802,KIC 6357802,,,True,0,False,dsct_flag0,False,False,731,650,82,0.30763067598896177,1.0977974648994673,0.8314665272268655,1248,685,78,0.6295535867624303,1.1300812043378998,0.5190383861124677,False,False,False,not_variable,1.0
9000000000006358109,KIC 6358109,,,True,0,False,dsct_flag0,False,False,732,651,82,0.3272480682387925,1.046244742736787,0.7179516623779146,1251,688,78,0.6068050006592821,1.11740177967618,0.4972883319921238,False,False,False,not_variable,1.0
9000000000006358667,KIC 6358667,,,True,0,False,dsct_flag0,False,False,722,643,82,0.22006478158049858,1.754567884597071,0.7741388661460941,1233,680,78,1.3497940932870058,1.7321540005655165,0.5409404393105676,False,False,False,not_variable,1.0
9000000000006359228,KIC 6359228,,,True,0,False,dsct_flag0,False,False,730,649,82,0.2259478375215627,1.0432549366429102,0.7801325250472373,1246,687,78,0.5751371277823912,1.1193938238142804,0.5803561810581772,False,False,False,not_variable,1.0
9000000000006362279,KIC 6362279,,,True,0,False,dsct_flag0,False,False,1412,806,83,0.797901808197702,1.2176510618014247,0.7162894793915089,2358,845,82,0.7571336796282145,1.2246631947705369,0.6761096632405716,False,False,False,not_variable,2.0
9000000000006363126,KIC 6363126,,,True,0,False,dsct_flag0,False,False,1358,796,83,0.8522520684235272,1.185629532439733,0.7178438776039956,2283,822,82,0.7508299772627234,1.2773455195583618,0.6591942168003073,False,False,False,not_variable,2.0
9000000000006363818,KIC 6363818,,,True,0,False,dsct_flag0,False,False,1418,806,83,0.7547775473572849,1.154206808845144,0.6716686076459072,2361,846,82,0.8584775548697475,1.4066877354632423,0.9909429724453749,False,False,False,not_variable,2.0
9000000000006364294,KIC 6364294,,,True,0,False,dsct_flag0,False,False,1413,806,83,0.9904413549642958,1.2621740223460072,0.565202456964535,2361,845,82,0.9735619214690129,1.330939334013044,0.8730023259265306,False,False,False,not_variable,2.0
9000000000006364385,KIC 6364385,,,True,0,False,dsct_flag0,False,False,161,128,33,0.4381700583269319,1.1349352158268176,1.3143014732455525,346,132,30,0.8912881004517232,1.2749677860506978,0.9689576612940335,False,False,False,not_variable,1.0
9000000000006366940,KIC 6366940,,,True,0,False,dsct_flag0,False,False,744,634,81,0.41180956442537736,0.9083202503487989,0.45462754067701827,1108,647,80,0.5977117446023834,1.0279547732722327,0.5815460990582113,False,False,False,not_variable,1.0
9000000000006369265,KIC 6369265,,,True,0,False,dsct_flag0,False,False,758,643,82,0.4311134848123254,1.2896424031142804,0.6494066021991111,1202,690,81,0.6363833273235286,0.96637548538153,0.6137638976668998,False,False,False,not_variable,1.0
9000000000006371677,KIC 6371677,,,True,0,False,dsct_flag0,False,False,756,641,82,0.3465945480159953,0.9838439714516406,0.6036146724114652,1199,689,81,0.6353017540395789,0.9372718691022576,0.6712985984750247,False,False,False,not_variable,1.0
9000000000006372541,KIC 6372541,,,True,0,False,dsct_flag0,False,False,184,140,34,0.5507108735927116,1.2607840540627724,1.2611530420572967,369,141,32,0.897118826121532,1.167475696425472,1.0722889528674562,False,False,False,not_variable,1.0
9000000000006373973,KIC 6373973,,,True,0,False,dsct_flag0,False,False,752,638,82,0.4160259349237568,0.9293279952838601,0.573758092859035,1199,690,81,0.6234167449215464,1.0126943063498535,0.6461687633876044,False,False,False,not_variable,1.0
9000000000006385065,KIC 6385065,,,True,0,False,dsct_flag0,False,False,750,631,82,0.4489452708183478,0.9921752897602681,0.6410368743279364,1206,696,79,0.6427602306845351,1.1226529762347306,0.6471664489652513,False,False,False,not_variable,1.0
9000000000006392244,KIC 6392244,,,True,0,False,dsct_flag0,False,False,758,646,82,0.33793780556328235,0.9414724985890774,0.5109774852508859,1203,695,79,0.5800662067686219,1.0130623759201796,0.5328470384422704,False,False,False,not_variable,1.0
9000000000006392875,KIC 6392875,,,True,0,False,dsct_flag0,False,False,754,643,81,0.29764903538344617,0.8483851984822829,0.5029099709596038,1189,689,79,0.5862984204553727,1.0516134292131465,0.5555647075965063,False,False,False,not_variable,1.0
9000000000006421651,KIC 6421651,,,True,0,False,dsct_flag0,False,False,1995,990,85,0.6137722822418231,1.3244575394223677,0.709609917206617,2711,990,82,0.7246822710471028,1.410188986162906,0.8204346734928222,False,False,False,not_variable,2.0
9000000000006423173,KIC 6423173,,,True,0,False,dsct_flag0,False,False,727,646,83,0.25948901365274335,1.0135217200241062,0.6034203347023079,1205,656,79,0.6073928524700283,0.9512085402176129,0.5235914343735675,False,False,False,not_variable,1.0
9000000000006424108,KIC 6424108,,,True,0,False,dsct_flag0,False,False,727,646,83,0.323947728594822,0.982618499364681,0.7270126478600155,1211,655,79,0.5925116593966202,0.8950645297061369,0.4074060899693123,False,False,False,not_variable,1.0
9000000000006426152,KIC 6426152,,,True,0,False,dsct_flag0,False,False,724,644,83,0.29441680446474633,1.0604945914191537,0.6901962452268072,1207,673,79,0.5989078069538816,1.2625225369720454,0.5702650736398488,False,False,False,not_variable,1.0
9000000000006435994,KIC 6435994,,,True,0,False,dsct_flag0,False,False,114,58,25,0.686184923829476,0.9491129531384657,0.8757313722601483,150,68,22,0.5442685992615406,1.1343035175621705,0.6830445109106605,False,False,False,not_variable,2.0
9000000000006436882,KIC 6436882,,,True,0,False,dsct_flag0,False,False,732,651,82,0.23001596608261235,0.9681099780548115,0.6488953232953639,1252,689,78,0.5616189235071168,1.115480352580175,0.5832635245132244,False,False,False,not_variable,1.0
9000000000006437992,KIC 6437992,,,True,0,False,dsct_flag0,False,False,732,651,82,0.3195848787528691,1.069926895348408,0.6769343468447003,1252,689,78,0.6558682086643157,1.112088980984567,0.5909565581740776,False,False,False,not_variable,1.0
9000000000006441429,KIC 6441429,,,True,0,False,dsct_flag0,False,False,1411,805,83,0.6737520092913848,1.2028555065240474,0.7016995551469527,2355,844,82,0.7509819037821416,1.18143212780459,0.8454088946479538,False,False,False,not_variable,2.0
9000000000006443180,KIC 6443180,,,True,0,False,dsct_flag0,False,False,795,658,82,0.4230295408247589,1.1472940174711959,0.810939599264404,1486,701,81,0.7620181820491003,1.356360844237973,0.889741092459106,False,False,False,not_variable,1.0
9000000000006443347,KIC 6443347,,,True,0,False,dsct_flag0,False,False,692,587,81,0.3869034348629741,0.9913089669421106,0.6026131614233864,1126,622,80,0.8425885991057943,1.2774450106898383,0.8149826065271937,False,False,False,not_variable,1.0
9000000000006443468,KIC 6443468,,,True,0,False,dsct_flag0,False,False,748,635,81,0.4080332436331905,0.9550566019084875,0.5974571435901097,1194,683,80,0.7361991329772295,1.0485853335686877,0.6873204725280345,False,False,False,not_variable,1.0
9000000000006444857,KIC 6444857,,,True,0,False,dsct_flag0,False,False,754,639,81,0.3754173857477982,0.9305356232110256,0.6569234743770185,1195,683,80,0.7081951117447846,0.9470378159005315,0.5873782115223777,False,False,False,not_variable,1.0
9000000000006445052,KIC 6445052,,,True,0,False,dsct_flag0,False,False,747,634,81,0.33639648368829844,0.8849742638073785,0.5422510497930805,1161,673,80,0.6761230083743325,0.9343024645603336,0.5270482883096178,False,False,False,not_variable,1.0
9000000000006448267,KIC 6448267,,,True,0,False,dsct_flag0,False,False,754,640,81,0.45751306886738563,0.9769780799005846,0.627200542050791,1201,689,81,0.6347485939167385,0.9769268694910823,0.5238217866414947,False,False,False,not_variable,1.0
9000000000006449640,KIC 6449640,,,True,0,False,dsct_flag0,False,False,697,628,82,0.2835286341577569,1.010716267357559,0.5476619449961329,1121,663,81,0.6093207598937648,1.006304533054223,0.5745715719006648,False,False,False,not_variable,1.0
9000000000006450799,KIC 6450799,,,True,0,False,dsct_flag0,False,False,757,642,82,0.4536230768614562,1.088851279164841,0.6616190744968881,1202,690,81,0.7379544881340631,1.0099894809732002,0.5794349378584964,False,False,False,not_variable,1.0
9000000000006450804,KIC 6450804,,,True,0,False,dsct_flag0,False,False,755,641,82,0.43246367599620894,1.0400174414972583,0.6576364418987815,1198,688,81,0.7267657089865411,1.0247976745073692,0.60114579887463,False,False,False,not_variable,1.0
9000000000006451125,KIC 6451125,,,True,0,False,dsct_flag0,False,False,128,100,29,0.5307686525281008,1.538750056717594,1.2957379456091553,310,111,29,0.8705865589753667,1.2454378776794839,1.6008691070517382,False,False,False,not_variable,1.0
9000000000006452607,KIC 6452607,,,True,0,False,dsct_flag0,False,False,754,640,82,0.3310073825189851,0.8206773133620398,0.4566634263217135,1203,691,81,0.6067367875412384,0.9242938970488592,0.5073723981517229,False,False,False,not_variable,1.0
9000000000006455318,KIC 6455318,,,True,0,False,dsct_flag0,False,False,750,637,82,0.4000120120503003,1.1268008653306933,0.8261187644312283,1186,689,81,0.8313054332085286,1.3987015700392385,0.8753660093118785,False,False,False,not_variable,1.0
9000000000006462423,KIC 6462423,,,True,0,False,dsct_flag0,False,False,750,631,82,0.3452592000868026,0.9350084464456638,0.6086428402380646,1206,696,79,0.6207956708843538,0.9537414010973974,0.5349388746095284,False,False,False,not_variable,1.0
9000000000006467663,KIC 6467663,,,True,0,False,dsct_flag0,False,False,819,648,82,0.5109570666270746,0.9903003328031352,0.7231539728093955,1282,701,79,0.7472426481877597,1.1878022827292176,0.8594299187758986,False,False,False,not_variable,1.0
9000000000006468930,KIC 6468930,,,True,0,False,dsct_flag0,False,False,814,644,82,0.43278859150819843,1.0073082654287253,0.5815255219581941,1253,689,79,0.648065941491045,1.0604151364217551,0.6842881366853708,False,False,False,not_variable,1.0
9000000000006470068,KIC 6470068,,,True,0,False,dsct_flag0,False,False,757,645,81,0.3415026065081109,0.9362120633152838,0.6055823538479714,1203,695,79,0.6053742834060681,0.998679977895278,0.5726426460461899,False,False,False,not_variable,1.0
9000000000006496934,KIC 6496934,,,True,0,False,dsct_flag0,False,False,1336,815,82,0.5151661165762439,1.0125280501322198,0.8787996843225634,1566,803,79,0.6520989912446092,1.0139711039110302,0.7278140690057698,False,False,False,not_variable,1.0
9000000000006509298,KIC 6509298,,,True,0,False,dsct_flag0,False,False,711,637,82,0.35317232392382586,1.0990871665887059,0.7062262738067976,1232,685,78,0.6486521954299486,1.1479823695167046,0.4430278031875027,False,False,False,not_variable,1.0
9000000000006510468,KIC 6510468,,,True,0,False,dsct_flag0,False,False,726,644,82,0.33849735213545634,0.9503388627282068,0.6008435581738243,1244,689,78,0.5433441822908043,1.0552695280175728,0.4664837712755078,False,False,False,not_variable,1.0
9000000000006510676,KIC 6510676,,,True,0,False,dsct_flag0,False,False,727,645,82,0.2620261587310606,0.9857270973609807,0.5007319588695243,1247,688,78,0.5798812783412258,1.0909904439585787,0.4651785575589769,False,False,False,not_variable,1.0
9000000000006510963,KIC 6510963,,,True,0,False,dsct_flag0,False,False,726,644,82,0.26387284526582044,1.1761536758574094,0.5370006349704206,1245,688,78,0.5838742012616568,1.0793076278898142,0.4560886236311367,False,False,False,not_variable,1.0
9000000000006511030,KIC 6511030,,,True,0,False,dsct_flag0,False,False,727,645,82,0.3433570268400342,1.273751838920345,0.6372126251486538,1247,689,78,0.6608853195017892,1.3617175314329142,0.602184711838727,False,False,False,not_variable,1.0
9000000000006515494,KIC 6515494,,,True,0,False,dsct_flag0,False,False,462,396,72,0.24940514140067124,1.0047857356473238,0.8078079548753371,980,439,69,0.6838739986517561,1.3163546683454685,0.8282552199471832,False,False,False,not_variable,1.0
9000000000006516390,KIC 6516390,,,True,0,False,dsct_flag0,False,False,730,649,82,0.2676940140943599,1.121193294361729,0.7243258732034248,1203,668,78,0.5984943205341071,1.4763444732636872,0.62109361700389,False,False,False,not_variable,1.0
9000000000006517172,KIC 6517172,,,True,0,False,dsct_flag0,False,False,732,651,82,0.2960752083527833,1.0562176351886496,0.6184915272213454,1250,687,78,0.6358925981515721,1.1241384872549216,0.4980312116227587,False,False,False,not_variable,1.0
9000000000006520395,KIC 6520395,,,True,0,False,dsct_flag0,False,False,1411,804,83,0.6973069660603209,1.1525201391805286,0.848917298350267,2356,845,82,0.7651135305475798,1.1833870589116975,0.6320501982776786,False,False,False,not_variable,2.0
9000000000006522546,KIC 6522546,,,True,0,False,dsct_flag0,False,False,1417,806,83,0.7899099434753375,1.2472556576161817,0.5915796590754133,2360,846,82,0.9473299282458579,1.3856741717207741,0.6078551661580845,False,False,False,not_variable,2.0
9000000000006522640,KIC 6522640,,,True,0,False,dsct_flag0,False,False,1415,806,83,0.8624655077239721,1.1958836512851925,0.7699652946002518,2362,845,82,0.9283885237579509,1.3469479707997833,0.6445842801271148,False,False,False,not_variable,2.0
9000000000006522735,KIC 6522735,,,True,0,False,dsct_flag0,False,False,832,669,82,0.35437072699502703,1.0242797954760092,0.7247601540497397,1511,710,80,0.6523150977687695,1.4201706428722478,1.0017184454053156,False,False,False,not_variable,1.0
9000000000006523173,KIC 6523173,,,True,0,False,dsct_flag0,False,False,750,639,81,0.33492341810844606,0.9308939777329471,0.5367829736418717,1195,683,80,0.707628349567689,1.0270223484636625,0.6284309893545078,False,False,False,not_variable,1.0
9000000000006523265,KIC 6523265,,,True,0,False,dsct_flag0,False,False,745,634,81,0.40563965532975715,1.2170322498315898,0.7794405890531884,1191,682,80,0.7034934203374403,1.1839031353419285,0.7172658411006784,False,False,False,not_variable,1.0
9000000000006524036,KIC 6524036,,,True,0,False,dsct_flag0,False,False,750,637,81,0.36658912991612774,0.986530021834285,0.6079503151613774,1196,684,80,0.6707281143482517,1.0012183761956512,0.555580439893255,False,False,False,not_variable,1.0
9000000000006525382,KIC 6525382,,,True,0,False,dsct_flag0,False,False,750,638,81,0.4258688190803135,0.9289034567661181,0.5086258597042663,1194,683,80,0.6974763920400542,1.0006245661558792,0.4714976205083209,False,False,False,not_variable,1.0
9000000000006525422,KIC 6525422,,,True,0,False,dsct_flag0,False,False,754,639,81,0.47095553999959217,1.0157291908890576,0.5991784827690125,1196,684,80,0.6785255560112661,0.9345340359917816,0.5845120619677344,False,False,False,not_variable,1.0
9000000000006526074,KIC 6526074,,,True,0,False,dsct_flag0,False,False,751,635,81,0.5931955297375183,1.0197666437304378,0.6485352158954724,1193,682,80,0.7222857631590319,1.0075226142279765,0.5852614047040784,False,False,False,not_variable,1.0
9000000000006527470,KIC 6527470,,,True,0,False,dsct_flag0,False,False,754,643,82,0.4687882574025286,1.0791426367666075,0.6781796789997219,1194,687,81,0.6250113278735043,1.0177528785735903,0.5773329877624873,False,False,False,not_variable,1.0
9000000000006528292,KIC 6528292,,,True,0,False,dsct_flag0,False,False,753,639,81,0.4027305802107395,0.9928541023598606,0.6239300376630971,1201,689,81,0.6575411072304655,0.9760901501283243,0.8624813858218715,False,False,False,not_variable,1.0
9000000000006531801,KIC 6531801,,,True,0,False,dsct_flag0,False,False,751,637,82,0.3466782413834343,1.1177390078255087,0.6159175929175106,1201,691,81,0.5337905309747928,1.2344544153869648,0.8402862915655953,False,False,False,not_variable,1.0
9000000000006548685,KIC 6548685,,,True,0,False,dsct_flag0,False,False,817,646,82,0.3851972662526331,0.9309066714938956,0.6659585849210171,1199,691,79,0.6490342818229092,1.2090002620745581,1.1903403902029086,False,False,False,not_variable,1.0
9000000000006549138,KIC 6549138,,,True,0,False,dsct_flag0,False,False,812,642,82,0.8697196390465963,1.2340463367030192,0.68017424459646,1281,702,79,0.6771033844562212,1.1015917430570659,0.5910033590146074,False,False,False,not_variable,1.0
9000000000006580506,KIC 6580506,,,True,0,False,dsct_flag0,False,False,1336,815,82,0.5786648668515535,1.0877492729603804,1.1471344465675342,1564,802,79,0.7288108643234663,1.0978435744041195,0.739430561001992,False,False,False,not_variable,1.0
9000000000006586144,KIC 6586144,,,True,0,False,dsct_flag0,False,False,53,36,18,0.34849734455653614,0.8781218683987708,0.9527890843498547,66,47,19,0.34508156240612753,1.0957829934849632,0.8122225413855454,False,False,False,not_variable,1.0
9000000000006586988,KIC 6586988,,,True,0,False,dsct_flag0,False,False,735,653,83,0.2703890900127561,1.0743902081704255,0.49874680202798816,1232,680,79,0.6488597885351365,0.9933501824601372,0.4427596851213792,False,False,False,not_variable,1.0
9000000000006591477,KIC 6591477,,,True,0,False,dsct_flag0,False,False,735,653,83,0.2823410585607515,1.242643030519466,0.9187486194099402,1241,684,79,0.6341623664475278,1.1367517547232697,0.5723823656746783,False,False,False,not_variable,1.0
9000000000006591704,KIC 6591704,,,True,0,False,dsct_flag0,False,False,51,35,18,0.5416766935744256,0.8736303300477677,0.7167098836865252,60,41,18,0.5661692772404714,1.4710597754656178,0.7663820306665794,False,False,False,not_variable,1.0
9000000000006593353,KIC 6593353,,,True,0,False,dsct_flag0,False,False,726,645,82,0.3291429062114174,0.9682517711373361,0.5329028208528875,1244,687,78,0.5348642516102791,1.0501096218790014,0.42091118677639383,False,False,False,not_variable,1.0
9000000000006593906,KIC 6593906,,,True,0,False,dsct_flag0,False,False,725,643,82,0.2744164176778516,1.0067244663907016,0.6454160347387738,1235,686,78,0.5881107776218869,1.1112293787249814,0.49006991841295827,False,False,False,not_variable,1.0
9000000000006599573,KIC 6599573,,,True,0,False,dsct_flag0,False,False,731,650,82,0.2554860772057436,1.0391810089321576,0.7443001432402347,1245,686,78,0.5965128753128257,1.206806594577882,0.5886996469077389,False,False,False,not_variable,1.0
9000000000006603775,KIC 6603775,,,True,0,False,dsct_flag0,False,False,1400,796,83,0.598437700758743,1.1263292527318138,0.5465105707385509,2353,843,82,0.7006992769262994,1.1189003826049373,0.6020503772672297,False,False,False,not_variable,2.0
9000000000006603811,KIC 6603811,,,True,0,False,dsct_flag0,False,False,1413,806,83,0.7246289455175471,1.1723100615998598,0.5515645150165862,2358,844,82,0.8285404207867441,1.1749299441175896,0.4631036068240905,False,False,False,not_variable,2.0
9000000000006605293,KIC 6605293,,,True,0,False,dsct_flag0,False,False,1357,796,83,0.9780054695986072,1.140227256737176,0.5787100699684974,2282,822,82,0.7854272305490236,1.2070365863798904,0.6677391455646484,False,False,False,not_variable,2.0
9000000000006605754,KIC 6605754,,,True,0,False,dsct_flag0,False,False,1409,803,83,0.7517344680720002,1.3080875803022047,0.6629589945600576,2229,830,81,0.7226093836425668,1.3555235872216713,0.6819468397549967,False,False,False,not_variable,2.0
9000000000006605809,KIC 6605809,,,True,0,False,dsct_flag0,False,False,1410,802,83,0.7539537050523294,1.2727863755643636,0.6769475019560541,2357,845,82,0.8949248548573296,1.3719394506697604,0.6744191193919347,False,False,False,not_variable,2.0
9000000000006605826,KIC 6605826,,,True,0,False,dsct_flag0,False,False,1416,806,83,0.7933170100187927,1.1912469386557156,0.6348417393005287,2361,846,82,0.8397558728804955,1.3445062323376185,0.7132097083454355,False,False,False,not_variable,2.0
9000000000006607382,KIC 6607382,,,True,0,False,dsct_flag0,False,False,749,638,81,0.3305506602091746,0.9956010616232729,0.5621055719915476,1197,684,80,0.6607602084461915,0.9731248174996873,0.604047035714625,False,False,False,not_variable,1.0
9000000000006607505,KIC 6607505,,,True,0,False,dsct_flag0,False,False,747,635,81,0.33364474645976233,0.8640434400509425,0.6568644736086778,1192,682,80,0.6459267824634969,0.9632291111946825,0.46716513577272073,False,False,False,not_variable,1.0
9000000000006608262,KIC 6608262,,,True,0,False,dsct_flag0,False,False,753,639,81,0.34864608413412257,0.935190020203741,0.6227767490180013,1196,684,80,0.6216555845583206,0.935792954351666,0.4775713399774523,False,False,False,not_variable,1.0
9000000000006609698,KIC 6609698,,,True,0,False,dsct_flag0,False,False,755,639,81,0.4990307242674321,1.0507314070158036,0.6216780105790948,1196,684,80,0.7103089110921257,0.9340649597798036,0.6049528920040002,False,False,False,not_variable,1.0
9000000000006611172,KIC 6611172,,,True,0,False,dsct_flag0,False,False,517,417,74,0.43565139843929124,1.1343098658382722,0.8253912512641637,944,461,74,0.8006802238049787,1.320309922070698,0.8368660660485453,False,False,False,not_variable,1.0
9000000000006615364,KIC 6615364,,,True,0,False,dsct_flag0,False,False,413,318,65,0.5143871473994122,0.991684502798966,0.9394953628901572,796,350,65,0.837564296931697,1.2542082250701094,1.0161421582323051,False,False,False,not_variable,1.0
9000000000006619485,KIC 6619485,,,True,0,False,dsct_flag0,False,False,755,640,82,0.3958845560193938,0.9783260411276217,0.7606270416866207,1204,692,81,0.781987424670363,1.2077026658694552,0.688620893138848,False,False,False,not_variable,1.0
9000000000006621643,KIC 6621643,,,True,0,False,dsct_flag0,False,False,753,632,82,0.342780581508688,0.9258590672732426,0.5507672190015052,1198,690,80,0.6288207941106212,1.0845539207281134,0.6666129269219182,False,False,False,not_variable,1.0
9000000000006631038,KIC 6631038,,,True,0,False,dsct_flag0,False,False,742,624,82,0.4195507270764784,1.2199410830955515,0.9201943444823337,1145,675,79,0.7343364819834978,1.5462370532625016,1.0141831850502194,False,False,False,not_variable,1.0
9000000000006634254,KIC 6634254,,,True,0,False,dsct_flag0,False,False,684,615,82,0.2666055214564495,2.255589994630821,0.5886276735603282,1110,652,78,0.5616935410421938,1.9058511585278741,0.6534512139776019,False,False,False,not_variable,1.0
9000000000006669715,KIC 6669715,,,True,0,False,dsct_flag0,False,False,719,643,82,0.27841389309081926,1.011627480087406,0.6443917077532345,1205,653,79,0.6223850204189947,0.9324666247518463,0.470163005021503,False,False,False,not_variable,1.0
9000000000006670373,KIC 6670373,,,True,0,False,dsct_flag0,False,False,675,633,83,0.1956288706570559,1.2565232386674292,0.913948234212115,1141,630,79,0.57237641865385,1.705262499410453,1.0367058710135453,False,False,False,not_variable,1.0
9000000000006670894,KIC 6670894,,,True,0,False,dsct_flag0,False,False,673,631,83,0.22795286685080712,1.2836830666814947,0.7779252479094573,1140,628,79,0.6864668684621004,1.149780927174164,0.5577696513373412,False,False,False,not_variable,1.0
9000000000006676437,KIC 6676437,,,True,0,False,dsct_flag0,False,False,680,638,83,0.18483059754172046,1.0329419247206577,0.8411214444573063,1164,660,79,0.5997557243274532,1.0247591174986235,0.5308189534490033,False,False,False,not_variable,1.0
9000000000006679174,KIC 6679174,,,True,0,False,dsct_flag0,False,False,672,630,82,0.2299665739959438,1.0294725199413561,0.6060362433537876,1164,661,78,0.5905847127843052,1.125900527493656,0.44673187045166307,False,False,False,not_variable,1.0
9000000000006680635,KIC 6680635,,,True,0,False,dsct_flag0,False,False,673,631,82,0.23524980240698942,1.1227450663828378,0.621838199267944,1144,640,78,0.6220776144149914,1.240271154754841,0.644151467450626,False,False,False,not_variable,1.0
9000000000006688997,KIC 6688997,,,True,0,False,dsct_flag0,False,False,1351,793,83,1.002463205524885,1.3203657347671667,0.6029602557367754,2264,820,82,0.8140137113263788,1.5648443944131738,0.8099248744885,False,False,False,not_variable,2.0
9000000000006690728,KIC 6690728,,,True,0,False,dsct_flag0,False,False,1349,792,83,0.9614762241692593,1.173554767638526,0.5748554488286857,2272,821,82,0.7494784996920778,1.2921852140677572,0.7615693035436217,False,False,False,not_variable,2.0
9000000000006690879,KIC 6690879,,,True,0,False,dsct_flag0,False,False,1350,793,83,1.0037185977317336,1.119623201097195,0.6237910427597211,2280,821,82,0.7922203638913263,1.3344184745913885,0.6892953068171701,False,False,False,not_variable,2.0
9000000000006691019,KIC 6691019,,,True,0,False,dsct_flag0,False,False,1413,806,83,0.8275656834083611,1.2578492676884416,0.640186829886798,2282,822,82,0.8444704838298599,1.4026203148380363,0.629115152038078,False,False,False,not_variable,2.0
9000000000006691324,KIC 6691324,,,True,0,False,dsct_flag0,False,False,1356,794,83,1.0354805309016606,1.326346776637654,0.6825157602549234,2280,822,82,0.8579317011549726,1.4188744645985827,0.6454562719202748,False,False,False,not_variable,2.0
9000000000006691605,KIC 6691605,,,True,0,False,dsct_flag0,False,False,1351,792,83,1.0878124221022565,1.3789852109774252,0.7315375453420936,2264,821,82,0.898321695165739,1.4810700130613845,0.7491154499088748,False,False,False,not_variable,2.0
9000000000006691867,KIC 6691867,,,True,0,False,dsct_flag0,False,False,1146,748,83,0.6516063325863911,1.3605566310519628,0.8809765841520535,2059,770,82,0.963061732402812,1.4619396095703392,0.9356620913087568,False,False,False,not_variable,1.0
9000000000006692274,KIC 6692274,,,True,0,False,dsct_flag0,False,False,747,638,81,0.3558969497979125,0.9837078457842344,0.6200178193080297,1183,680,80,0.7388123189363847,1.0767528700967037,0.6059330859472232,False,False,False,not_variable,1.0
9000000000006693081,KIC 6693081,,,True,0,False,dsct_flag0,False,False,689,622,81,0.2657034060614331,0.9250663577610293,0.6299155746498949,1115,656,80,0.7255356140036346,1.0450073899948316,0.5355833255664387,False,False,False,not_variable,1.0
9000000000006697518,KIC 6697518,,,True,0,False,dsct_flag0,False,False,645,593,81,0.31242907364418826,1.0930618351282377,0.8057781294466186,990,638,79,0.661955206166324,1.3197132099533075,0.915458932340538,False,False,False,not_variable,1.0
9000000000006698448,KIC 6698448,,,True,0,False,dsct_flag0,False,False,699,629,82,0.3362764959645444,1.0188915756787236,0.6481110339408982,1119,662,81,0.7354468780706532,1.2850598591792575,0.8036778462960875,False,False,False,not_variable,1.0
9000000000006698937,KIC 6698937,,,True,0,False,dsct_flag0,False,False,698,629,82,0.33904667227781027,0.9954905003698832,0.6353281499280967,1124,665,81,0.6550303876633726,1.1492300727399478,0.6568309679184728,False,False,False,not_variable,1.0
9000000000006699213,KIC 6699213,,,True,0,False,dsct_flag0,False,False,699,629,82,0.3340259081033265,0.9679656504674958,0.5391360677527071,1122,664,81,0.650021117201616,1.106521732999943,0.7753948140908504,False,False,False,not_variable,1.0
9000000000006699346,KIC 6699346,,,True,0,False,dsct_flag0,False,False,694,625,82,0.3127543436713984,0.963115292698469,0.6736719645542697,1120,663,81,0.6604836820392281,1.1097577826159435,0.619806707872281,False,False,False,not_variable,1.0
9000000000006705288,KIC 6705288,,,True,0,False,dsct_flag0,False,False,694,627,82,0.2752346660121784,1.026925117334743,0.6958560479158532,1124,665,81,0.7360630496489784,1.1867718041499575,0.7750443505385872,False,False,False,not_variable,1.0
9000000000006716021,KIC 6716021,,,True,0,False,dsct_flag0,False,False,691,620,82,0.3281624379408932,1.1718673817209915,0.7953398256397451,1126,670,79,0.6438701533303173,1.214771965595088,0.7022993671376768,False,False,False,not_variable,1.0
9000000000006718549,KIC 6718549,,,True,0,False,dsct_flag0,False,False,695,624,82,0.2885054819000969,0.9446396996351925,0.6718206357207357,1124,665,79,0.6454411644813487,1.1563212281183413,0.7936315353074003,False,False,False,not_variable,1.0
9000000000006719052,KIC 6719052,,,True,0,False,dsct_flag0,False,False,695,624,82,0.28039811700529055,0.9717839996325411,0.641424180398738,1125,666,79,0.6203443634328583,1.148298501439254,0.7113909902757073,False,False,False,not_variable,1.0
9000000000006720188,KIC 6720188,,,True,0,False,dsct_flag0,False,False,690,620,82,1.0280759160232238,1.2473236273425616,0.5951652034912982,1122,664,79,0.5827049897142215,1.80244349132008,0.7161650089482725,False,False,False,not_variable,1.0
9000000000006721310,KIC 6721310,,,True,0,False,dsct_flag0,False,False,693,623,82,0.252739215175067,1.164069638864979,0.8947040539568138,1123,666,79,0.5540478544470919,1.1080256468610679,0.8156318238285785,False,False,False,not_variable,1.0
9000000000006762821,KIC 6762821,,,True,0,False,dsct_flag0,False,False,681,639,83,0.17931351610401267,1.2130295505260602,0.9172224104044784,1162,660,79,0.6642171589188741,1.08992884198882,0.5273548194023924,False,False,False,not_variable,1.0
9000000000006764033,KIC 6764033,,,True,0,False,dsct_flag0,False,False,672,630,82,0.18994593292891576,1.1741109578657023,0.5578635391336931,1168,661,78,0.6540050225867379,1.204856429819717,0.5908601666756481,False,False,False,not_variable,1.0
9000000000006764620,KIC 6764620,,,True,0,False,dsct_flag0,False,False,672,630,82,0.13345238388481226,1.2265376896182563,0.8602366639477282,1166,662,78,0.6311547386142831,1.2411926325114895,0.5685329971420708,False,False,False,not_variable,1.0
9000000000006765218,KIC 6765218,,,True,0,False,dsct_flag0,False,False,672,630,82,0.18126359410388468,0.9597933978626317,0.5414499508359771,1163,660,78,0.592256156408937,1.1284725754796576,0.43945277039658776,False,False,False,not_variable,1.0
9000000000006765410,KIC 6765410,,,True,0,False,dsct_flag0,False,False,673,631,82,0.20415560881710842,0.9271959455790844,0.5605795743897909,1172,661,78,0.5498844698555105,1.142378932817839,0.5209462655985145,False,False,False,not_variable,1.0
9000000000006768125,KIC 6768125,,,True,0,False,dsct_flag0,False,False,673,631,82,0.20765358483656382,1.1259344848095283,0.8144920107937847,1217,675,78,0.5998702459188842,1.1444492875529153,0.6085874014272229,False,False,False,not_variable,1.0
9000000000006778005,KIC 6778005,,,True,0,False,dsct_flag0,False,False,660,599,81,0.4512034302718564,1.203978045805468,0.8194583813062211,1064,628,79,0.8613868855061004,1.4525228943507298,0.8552788123487027,False,False,False,not_variable,1.0
9000000000006778113,KIC 6778113,,,True,0,False,dsct_flag0,False,False,45,44,29,0.17302384791372508,24.29801328040052,21.835344101126328,125,107,55,6.707346926197016,22.406537751203757,18.803789760957176,True,True,True,variable,1.0
9000000000006778212,KIC 6778212,,,True,0,False,dsct_flag0,False,False,682,614,81,0.4144867255412965,1.2288995038205255,0.9124631425243875,1102,641,80,0.7504651307977066,1.2243668215159793,0.7124398193982054,False,False,False,not_variable,1.0
9000000000006778479,KIC 6778479,,,True,0,False,dsct_flag0,False,False,693,626,81,0.3290620590461377,0.926302585501828,0.54053034773708,1118,657,80,0.6692900500807969,0.9862047858680808,0.6267205028977495,False,False,False,not_variable,1.0
9000000000006780532,KIC 6780532,,,True,0,False,dsct_flag0,False,False,695,626,81,0.34194229939510945,0.9247932890507474,0.41889511117532024,1118,657,80,0.6755560350647548,1.0137442486039172,0.7455435006480536,False,False,False,not_variable,1.0
9000000000006780715,KIC 6780715,,,True,0,False,dsct_flag0,False,False,691,623,81,0.4405515223139262,1.0129490018659066,0.6797109879630987,1115,656,80,0.7502575894284469,1.1147854416457865,0.723580228830152,False,False,False,not_variable,1.0
9000000000006782340,KIC 6782340,,,True,0,False,dsct_flag0,False,False,615,554,82,0.30703343087753077,1.1844686945586764,0.7789415086028316,1022,567,80,0.8132620684122397,1.2983458040854707,0.8962337209288036,False,False,False,not_variable,1.0
9000000000006783365,KIC 6783365,,,True,0,False,dsct_flag0,False,False,500,486,74,0.16356915077423181,1.1095269859838393,0.8795719249948944,594,514,69,0.31824194683663326,1.2860376322813998,0.7391815358692762,False,False,False,not_variable,1.0
9000000000006783593,KIC 6783593,,,True,0,False,dsct_flag0,False,False,448,435,69,0.17773066734787485,0.962144486283877,0.5390665439338488,593,458,64,0.5312439825299049,1.082505388881784,0.5079982416419528,False,False,False,not_variable,1.0
9000000000006784170,KIC 6784170,,,True,0,False,dsct_flag0,False,False,693,625,82,0.48033487444699036,1.0618312680189164,0.8197035374238024,1120,663,81,0.7500641918988763,1.3706909342212639,0.7409617524341288,False,False,False,not_variable,1.0
9000000000006785434,KIC 6785434,,,True,0,False,dsct_flag0,False,False,699,629,82,0.3621263283455708,1.0273482342953444,0.6495578271435039,1124,665,81,0.6065340865600785,1.0516714389139281,0.6483035475412342,False,False,False,not_variable,1.0
9000000000006786210,KIC 6786210,,,True,0,False,dsct_flag0,False,False,692,623,82,0.40514318941734007,1.0861906907939491,0.6908058876422601,1118,662,81,0.7626359097705941,1.1547602338011411,0.857227895420442,False,False,False,not_variable,1.0
9000000000006787028,KIC 6787028,,,True,0,False,dsct_flag0,False,False,688,622,82,0.3189523028760422,1.1819374162738885,0.7522549802300794,1122,665,81,0.7383692722789954,1.3310948615310527,0.8760527250604643,False,False,False,not_variable,1.0
9000000000006792908,KIC 6792908,,,True,0,False,dsct_flag0,False,False,691,619,82,0.2623885641669065,1.0051273635894251,0.632081979908179,1105,661,80,0.7065882873469904,1.3168513969809892,0.69335439705375,False,False,False,not_variable,1.0
9000000000006801951,KIC 6801951,,,True,0,False,dsct_flag0,False,False,688,618,82,0.30234968338267293,1.029173661790325,0.5422381449406751,1084,654,78,0.6835542097337803,1.3348407850163508,0.7179793977170519,False,False,False,not_variable,1.0
9000000000006804340,KIC 6804340,,,True,0,False,dsct_flag0,False,False,782,633,82,1.116971837084899,2.713498616426917,1.851437655480358,1187,655,79,2.056351697765071,3.5426057051493225,2.5518636788470026,True,True,False,variable,1.0
9000000000006837566,KIC 6837566,,,True,0,False,dsct_flag0,False,False,43,31,17,0.4869234385655806,0.9228535948181171,0.8954361814192159,62,44,19,0.7159972644025072,1.3120054023070455,1.0150026158095242,False,False,False,not_variable,1.0
9000000000006846531,KIC 6846531,,,True,0,False,dsct_flag0,False,False,566,529,79,0.28410742873730754,1.2105861898758845,0.80090501067545,715,464,72,0.5737509553538203,1.390567719256107,0.760705635164886,False,False,False,not_variable,1.0
9000000000006849323,KIC 6849323,,,True,0,False,dsct_flag0,False,False,537,520,78,0.08755350136436449,1.3077165624081681,0.7348901470134602,834,547,77,0.49669405706995,1.454137506044766,0.7714915070314646,False,False,False,not_variable,1.0
9000000000006849677,KIC 6849677,,,True,0,False,dsct_flag0,False,False,703,630,82,0.3475503826157524,1.329623291436745,0.8337764794925369,1157,651,78,0.7040525346752019,1.2896237083234987,0.6120128878846384,False,False,False,not_variable,1.0
9000000000006851346,KIC 6851346,,,True,0,False,dsct_flag0,False,False,706,633,82,0.2617612522207519,1.0731257520873847,0.7464001954319085,1107,630,78,0.604800316278156,1.1486075901741672,0.6131939294345868,False,False,False,not_variable,1.0
9000000000006851860,KIC 6851860,,,True,0,False,dsct_flag0,False,False,702,624,82,0.28013524174937804,1.443206511763387,1.0280137285515283,1195,666,78,0.6902649459422615,1.263548196805607,0.6210687704474184,False,False,False,not_variable,1.0
9000000000006853138,KIC 6853138,,,True,0,False,dsct_flag0,False,False,713,635,82,0.2844264203794999,1.0301025675231594,0.6016540164722487,1238,678,78,0.6142757590772739,1.1071409753193677,0.4630134666387686,False,False,False,not_variable,1.0
9000000000006859403,KIC 6859403,,,True,0,False,dsct_flag0,False,False,60,42,20,0.4067448540108523,0.8833405295625972,0.7421555104277876,80,55,22,0.5079666820852672,1.0830596095007663,0.8732741781346187,False,False,False,not_variable,1.0
9000000000006859619,KIC 6859619,,,True,0,False,dsct_flag0,False,False,60,42,20,0.3209972911328648,0.7506922686393266,0.4758846381507076,80,55,22,0.5272501630571752,1.0491915601727941,0.9129785872854326,False,False,False,not_variable,1.0
9000000000006860836,KIC 6860836,,,True,0,False,dsct_flag0,False,False,58,41,20,0.4067035917794719,2.0583815102058285,0.932628789401911,80,55,22,0.6632733019519408,1.2222938253634787,1.0498761473384042,False,False,False,not_variable,1.0
9000000000006863365,KIC 6863365,,,True,0,False,dsct_flag0,False,False,43,33,18,0.32946584391563105,0.9411256823414595,0.6866864076501774,43,37,11,0.36616046700987914,1.39781336686441,0.9905318680201395,False,False,False,not_variable,1.0
9000000000006864276,KIC 6864276,,,True,0,False,dsct_flag0,False,False,469,456,65,0.1024900294275999,1.3237436322129064,0.7769942041802765,610,473,63,0.4548074639739251,1.5739183876235578,0.8220390298867722,False,False,False,not_variable,1.0
9000000000006864608,KIC 6864608,,,True,0,False,dsct_flag0,False,False,667,604,81,0.31683767546689556,1.0223568898451174,0.5689204508970799,1080,637,80,0.7526287538741296,1.3133752666548986,0.7920359812393314,False,False,False,not_variable,1.0
9000000000006865612,KIC 6865612,,,True,0,False,dsct_flag0,False,False,668,604,81,0.3291076962886901,0.9692274782972801,0.5789332942050186,1078,635,80,0.7954067264409336,1.2886977534925093,0.6131528644397194,False,False,False,not_variable,1.0
9000000000006866379,KIC 6866379,,,True,0,False,dsct_flag0,False,False,492,479,68,0.10889435981335706,1.1235978259558037,0.6548878603207776,660,494,70,0.5273192424647976,1.2585717827088565,0.8424662758215989,False,False,False,not_variable,1.0
9000000000006867373,KIC 6867373,,,True,0,False,dsct_flag0,False,False,51,37,20,0.33864860539105496,0.9705128091898403,0.9009145339206434,80,56,22,0.549872973168993,1.1054087906858985,0.6696936354802688,False,False,False,not_variable,1.0
9000000000006869925,KIC 6869925,,,True,0,False,dsct_flag0,False,False,49,36,20,0.23447678885370446,0.8913477972936618,0.7488949314847756,79,55,22,0.6373619168831561,1.4417201186540474,1.5902078864063847,False,False,False,not_variable,1.0
9000000000006870438,KIC 6870438,,,True,0,False,dsct_flag0,False,False,692,623,82,0.44086094907892226,1.097942481515102,0.7473331504929352,1116,659,81,0.7206118703379626,1.2405366257451798,0.6660529125778185,False,False,False,not_variable,1.0
9000000000006870808,KIC 6870808,,,True,0,False,dsct_flag0,False,False,501,488,71,0.11627084530371391,1.0085537882886906,0.6982383992701812,675,509,72,0.43797061719853975,1.2716888461545592,0.8253341200686893,False,False,False,not_variable,1.0
9000000000006871246,KIC 6871246,,,True,0,False,dsct_flag0,False,False,530,499,72,0.18829986376152444,1.352963570417935,0.675106770289624,688,516,72,0.467202034616052,1.3951573889375186,0.7624740114327772,False,False,False,not_variable,1.0
9000000000006871727,KIC 6871727,,,True,0,False,dsct_flag0,False,False,528,497,73,0.21837922651830569,1.1738429048692296,0.6629012572586178,701,527,71,0.5605372570335108,1.3193978302803155,0.67708537137204,False,False,False,not_variable,1.0
9000000000006871789,KIC 6871789,,,True,0,False,dsct_flag0,False,False,52,37,19,0.32287171779219237,0.9337991964235297,0.8391413989379142,80,55,22,0.6080797736280656,1.2264038911986552,1.372141880445615,False,False,False,not_variable,1.0
9000000000006877258,KIC 6877258,,,True,0,False,dsct_flag0,False,False,45,34,19,0.20926506105965942,1.0364034584133879,0.7533586098833562,72,51,21,0.423853573101281,1.648506413165891,1.891612150856595,False,False,False,not_variable,1.0
9000000000006879787,KIC 6879787,,,True,0,False,dsct_flag0,False,False,724,618,82,0.6815356910193543,1.5046696922674838,0.5652249879927782,1104,654,80,0.6376415038070888,1.4334119675474273,0.8795534529046019,False,False,False,not_variable,1.0
9000000000006922004,KIC 6922004,,,True,0,False,dsct_flag0,False,False,54,37,18,0.46414425595914865,0.653515262447042,0.5698550847781033,71,48,19,0.5329660598294647,0.9126390237991268,0.6374863608432974,False,False,False,not_variable,1.0
9000000000006922922,KIC 6922922,,,True,0,False,dsct_flag0,False,False,54,37,18,0.4119528567135635,0.7304103091109695,0.6432387147529977,74,51,19,0.5313555439523723,1.0996279903818698,0.6376299385620682,False,False,False,not_variable,1.0
9000000000006948271,KIC 6948271,,,True,0,False,dsct_flag0,False,False,60,42,20,0.3954604754879824,0.9221377513404444,0.7244125843379178,80,55,22,0.4344067072788611,0.9736878895873956,0.5754009209951485,False,False,False,not_variable,1.0
9000000000006950240,KIC 6950240,,,True,0,False,dsct_flag0,False,False,60,42,20,0.30936997791355686,0.8463790488320704,0.7236731453792636,80,55,22,0.6357085549966711,0.9439673785991822,0.9132778248179272,False,False,False,not_variable,1.0
9000000000006951698,KIC 6951698,,,True,0,False,dsct_flag0,False,False,61,42,21,0.37645640908682176,0.9026954838727259,0.8333547097532172,79,55,22,0.5367090755724637,1.4695643653290589,0.796774582998719,False,False,False,not_variable,1.0
9000000000006951767,KIC 6951767,,,True,0,False,dsct_flag0,False,False,61,42,21,0.48604601125096586,1.0645445527222606,0.8301526864597942,80,55,22,0.6248300363758911,1.2272418128354052,0.7695677313004358,False,False,False,not_variable,1.0
9000000000006951827,KIC 6951827,,,True,0,False,dsct_flag0,False,False,61,42,21,0.3672557826342524,0.9217803498296196,0.9282343434315302,80,55,22,0.5226781623929984,1.4244652247769027,0.8582506923306403,False,False,False,not_variable,1.0
9000000000006952966,KIC 6952966,,,True,0,False,dsct_flag0,False,False,61,42,21,0.25790695255179247,0.6750725382702027,0.6589566185485419,78,55,22,0.5238895084412597,1.2042031139792282,0.9842546834610285,False,False,False,not_variable,1.0
9000000000006956178,KIC 6956178,,,True,0,False,dsct_flag0,False,False,41,25,13,0.46422133097273255,0.7210271105111055,0.6477810557202961,61,40,15,0.6011059497166281,1.1856977129139379,1.1416230205228934,False,False,False,not_variable,2.0
9000000000006956853,KIC 6956853,,,True,0,False,dsct_flag0,False,False,60,41,20,0.29761541692018456,0.8957310123017941,0.7464842489293899,80,55,22,0.47675926188657874,1.113183050798979,1.1692329316092072,False,False,False,not_variable,1.0
9000000000006961002,KIC 6961002,,,True,0,False,dsct_flag0,False,False,62,43,21,0.30639454993317167,0.964870107570265,0.811706702734383,80,55,22,0.3674835280380341,1.2540684381510083,1.400158593571236,False,False,False,not_variable,1.0
9000000000006963426,KIC 6963426,,,True,0,False,dsct_flag0,False,False,62,43,21,0.26518954286052765,0.7114905718572924,0.4258739116805221,80,55,22,0.3464869152192057,0.9147838786857967,1.0139871192299066,False,False,False,not_variable,1.0
9000000000006964677,KIC 6964677,,,True,0,False,dsct_flag0,False,False,62,43,21,0.42286872397397457,1.3876687062239406,1.2651759776339895,77,53,22,1.3116846280447665,3.6856156616634888,2.6542290268062323,True,False,False,variable,1.0
9000000000006965624,KIC 6965624,,,True,0,False,dsct_flag0,False,False,57,39,19,0.3086043439478821,0.8240988744836004,0.7004293536101408,67,48,20,0.3554945970039395,1.2339243826940471,1.213541158937455,False,False,False,not_variable,1.0
9000000000006976103,KIC 6976103,,,True,0,False,dsct_flag0,False,False,124,59,22,0.7466837746554835,1.1104881737460897,0.644877146343814,160,72,22,0.6072098757707675,1.1945387837854993,0.7954857095975301,False,False,False,not_variable,2.0
9000000000006976880,KIC 6976880,,,True,0,False,dsct_flag0,False,False,124,59,22,0.6284690339710371,1.0554042954732112,0.670679252364627,159,71,22,0.5996155975042826,1.3072819600771324,1.1628859927772572,False,False,False,not_variable,2.0
9000000000007011334,KIC 7011334,,,True,0,False,dsct_flag0,False,False,1989,989,85,0.8383555313771704,1.651189395105511,0.8193528811379241,2713,990,81,0.7927803664394636,1.3380748278492796,0.6556586321086071,False,False,False,not_variable,2.0
9000000000007017033,KIC 7017033,,,True,0,False,dsct_flag0,False,False,53,36,17,0.29258986551271227,0.9212174558155023,1.0297871992114604,71,48,19,0.33217963411416507,1.2977085135183484,0.9639259449404753,False,False,False,not_variable,1.0
9000000000007017881,KIC 7017881,,,True,0,False,dsct_flag0,False,False,53,36,17,0.3859419850076499,1.033296218144055,1.130195277666919,71,48,19,0.34617490659474176,1.2385266094990348,1.0339458458316702,False,False,False,not_variable,1.0
9000000000007018291,KIC 7018291,,,True,0,False,dsct_flag0,False,False,53,36,17,0.24301278114516758,0.9350779692006871,0.9921144641784327,71,48,19,0.4353369530025944,1.0740532380277925,0.8723957323725023,False,False,False,not_variable,1.0
9000000000007019596,KIC 7019596,,,True,0,False,dsct_flag0,False,False,53,36,17,0.34999230542333465,1.4503294389416408,1.6521738887255375,71,48,19,0.40376258800566567,1.4267696450722112,1.2798990727873962,False,False,False,not_variable,1.0
9000000000007021857,KIC 7021857,,,True,0,False,dsct_flag0,False,False,704,627,82,0.29491725532707763,1.2412011626510744,0.9288204517640413,1215,666,78,0.6430895091538967,1.276180095491196,0.7303478653538269,False,False,False,not_variable,1.0
9000000000007022658,KIC 7022658,,,True,0,False,dsct_flag0,False,False,706,629,82,0.3050218201347183,1.5484397714168656,1.1398611461028807,1220,668,78,0.7019083503868117,1.4527449364603378,0.8933307780094848,False,False,False,not_variable,1.0
9000000000007024622,KIC 7024622,,,True,0,False,dsct_flag0,False,False,54,37,18,0.30740341763965173,0.8760437901822666,1.19456632771667,71,48,19,0.527459375610236,0.9153832688824596,0.6482160834298626,False,False,False,not_variable,1.0
9000000000007033113,KIC 7033113,,,True,0,False,dsct_flag0,False,False,1396,805,83,0.9991189455877825,1.4064093227951753,0.7219693179698371,2343,847,82,0.964569802567487,1.3855323096327108,0.6407654142628435,False,False,False,not_variable,2.0
9000000000007035573,KIC 7035573,,,True,0,False,dsct_flag0,False,False,60,42,20,0.30097981065800455,0.7968488142031661,0.7985770656205601,79,54,22,0.5315081084597044,0.8033691074675123,0.678832762196123,False,False,False,not_variable,1.0
9000000000007039380,KIC 7039380,,,True,0,False,dsct_flag0,False,False,60,42,21,0.38378225364410323,0.588924527657537,0.49125917740971,81,56,22,0.5406576609328558,0.7752845846045933,0.7739113778054991,False,False,False,not_variable,1.0
9000000000007045042,KIC 7045042,,,True,0,False,dsct_flag0,False,False,60,41,20,0.2639326444054442,0.8948043354054466,0.6732227953486456,1067,575,79,0.6648529190279018,1.2020753229138266,0.881381223266481,False,False,False,not_variable,1.0
9000000000007045854,KIC 7045854,,,True,0,False,dsct_flag0,False,False,62,43,21,0.3602337044042958,0.7815253413509867,0.605057293341047,80,55,22,0.458798145489392,0.957263863985368,0.7036858588642936,False,False,False,not_variable,1.0
9000000000007048561,KIC 7048561,,,True,0,False,dsct_flag0,False,False,61,42,20,0.26903459381369604,0.7514739625269257,0.557772630623262,75,51,22,0.36838587483847335,1.041662612852493,1.2584107456559095,False,False,False,not_variable,1.0
9000000000007050100,KIC 7050100,,,True,0,False,dsct_flag0,False,False,602,514,81,2.3161239489891736,7.677197333167336,6.046655758735,972,596,78,3.2721068839454523,7.486541066860309,6.437298833259352,True,True,True,variable,1.0
9000000000007050378,KIC 7050378,,,True,0,False,dsct_flag0,False,False,62,43,21,0.38982724359385595,1.024929663734405,0.9576848477048454,80,55,22,0.4390485338228199,1.6126714209668032,1.829534993478903,False,False,False,not_variable,1.0
9000000000007091594,KIC 7091594,,,True,0,False,dsct_flag0,False,False,1329,810,81,0.42652487989706817,1.2779331606700661,0.9472206338252869,1562,806,78,0.4991100446785398,1.1718827981901447,0.7453922543181775,False,False,False,not_variable,1.0
9000000000007094821,KIC 7094821,,,True,0,False,dsct_flag0,False,False,1984,987,85,0.659592904412707,1.4090754096881983,0.6928662604336909,2701,990,82,0.7023937760313871,1.2563306776614296,0.7497866643997241,False,False,False,not_variable,2.0
9000000000007098418,KIC 7098418,,,True,0,False,dsct_flag0,False,False,673,631,83,0.2959683949804247,1.4624201607313383,0.7301145183357386,1172,658,79,0.7803956194992048,1.5550713939822511,0.8396710090791399,False,False,False,not_variable,1.0
9000000000007101193,KIC 7101193,,,True,0,False,dsct_flag0,False,False,732,652,83,0.3202160413124577,1.3135477553985384,0.8970743950534821,1242,685,79,0.6926385951125804,1.5031128928198727,0.6236109167015016,False,False,False,not_variable,1.0
9000000000007104156,KIC 7104156,,,True,0,False,dsct_flag0,False,False,614,579,82,0.22348856172889284,1.3462252483769672,0.9836056575612231,1107,605,77,0.749056799609536,1.7364970110701756,1.2039025737588305,False,False,False,not_variable,1.0
9000000000007104567,KIC 7104567,,,True,0,False,dsct_flag0,False,False,698,633,82,0.3224469537800616,1.1512032712441815,0.7901821149604791,1210,676,78,0.6988089199368183,1.3425057589542506,0.627097303342041,False,False,False,not_variable,1.0
9000000000007105039,KIC 7105039,,,True,0,False,dsct_flag0,False,False,714,636,82,0.28900979434062946,1.239197960110385,0.6793385000283093,1227,674,78,0.6521291594667039,1.2733405671697908,0.7003268533482706,False,False,False,not_variable,1.0
9000000000007107531,KIC 7107531,,,True,0,False,dsct_flag0,False,False,717,636,82,0.41391007477562786,1.136458853549184,0.8186993666155792,1224,672,78,0.6259680830412966,1.2186060587679697,0.7122542031361646,False,False,False,not_variable,1.0
9000000000007107720,KIC 7107720,,,True,0,False,dsct_flag0,False,False,716,637,82,0.35107371317229974,1.0839151591504204,0.8054265024842177,1231,678,78,0.6130325749610941,1.1954959945965162,0.7199735656081945,False,False,False,not_variable,1.0
9000000000007108021,KIC 7108021,,,True,0,False,dsct_flag0,False,False,722,640,82,0.289796024436064,0.966178641180419,0.6152334830170305,1239,682,78,0.5295633313135604,1.2137821327280656,0.7720714002605676,False,False,False,not_variable,1.0
9000000000007109566,KIC 7109566,,,True,0,False,dsct_flag0,False,False,782,654,82,0.5728985333956472,1.6500477816435428,1.4088979636930221,1322,695,78,1.0441081064290356,1.7747265402256733,0.9063415849710912,False,False,False,not_variable,1.0
9000000000007109769,KIC 7109769,,,True,0,False,dsct_flag0,False,False,782,654,82,0.41821543814019774,1.081044799684059,0.7456289352691207,1316,694,78,0.6090486143576034,1.1396910586299505,0.5507229318198414,False,False,False,not_variable,1.0
9000000000007110222,KIC 7110222,,,True,0,False,dsct_flag0,False,False,782,654,82,0.431676252818047,1.1472354534096625,0.6566442154704325,1320,694,78,0.6821565073404748,1.2132339603616586,0.6430848088372603,False,False,False,not_variable,1.0
9000000000007110613,KIC 7110613,,,True,0,False,dsct_flag0,False,False,114,58,25,0.6940060600512803,1.1848122359444868,0.9203886973079639,152,68,22,0.8781084950461927,1.3288523663417002,1.0237452295357334,False,False,False,not_variable,2.0
9000000000007115869,KIC 7115869,,,True,0,False,dsct_flag0,False,False,1406,803,83,0.8827569052963394,1.2666598710205705,0.7545565173787485,2363,847,81,0.880164768759629,1.4988982327336418,0.7073398914986215,False,False,False,not_variable,2.0
9000000000007117094,KIC 7117094,,,True,0,False,dsct_flag0,False,False,1400,802,83,0.8334341379498466,1.2421982329879233,0.6837270492485716,2351,843,82,0.905721607777666,1.3623960724454414,0.6682782558113955,False,False,False,not_variable,2.0
9000000000007117168,KIC 7117168,,,True,0,False,dsct_flag0,False,False,1408,803,83,0.8360394355575537,1.3365115414067095,0.7173468969957401,2360,847,82,0.9341859167692245,1.396198619526927,0.6566495723473298,False,False,False,not_variable,2.0
9000000000007119894,KIC 7119894,,,True,0,False,dsct_flag0,False,False,749,638,81,0.45319682731492067,1.0443718517338865,0.5273204401038912,1200,688,80,0.7056811918850706,1.027794133091866,0.7040535121726423,False,False,False,not_variable,1.0
9000000000007122598,KIC 7122598,,,True,0,False,dsct_flag0,False,False,208,156,40,0.4605011447849621,1.0299864002939945,0.8772276551901843,402,164,36,0.9824978879687452,1.5760782919394656,1.5906773672178842,False,False,False,not_variable,1.0
9000000000007131497,KIC 7131497,,,True,0,False,dsct_flag0,False,False,62,43,21,0.21798268750689878,0.7540571526251412,0.6122436634238863,78,53,21,0.49575193873851303,0.9375525106452569,1.0605967841744663,False,False,False,not_variable,1.0
9000000000007134244,KIC 7134244,,,True,0,False,dsct_flag0,False,False,755,633,82,0.42554680256083055,1.2365908755635462,0.9139887152228718,1179,687,80,0.7338660963608314,1.3961147841173303,0.8008196145211511,False,False,False,not_variable,1.0
9000000000007138841,KIC 7138841,,,True,0,False,dsct_flag0,False,False,666,563,82,1.2143257127852185,3.5882250344573094,2.1105338355479444,911,540,78,2.4147313441833185,4.496056892445156,3.150052308233496,True,True,False,variable,1.0
9000000000007181041,KIC 7181041,,,True,0,False,dsct_flag0,False,False,54,37,18,0.29723034610763277,0.8883850584423695,0.9139737826029222,73,50,19,0.45235064330204655,0.8728192210381104,0.7118453413829491,False,False,False,not_variable,1.0
9000000000007183316,KIC 7183316,,,True,0,False,dsct_flag0,False,False,731,650,83,0.2687750127143522,1.1908856531812864,0.7579332767247821,1246,687,79,0.7064337360250202,1.1810377332949975,0.6017830181297464,False,False,False,not_variable,1.0
9000000000007185376,KIC 7185376,,,True,0,False,dsct_flag0,False,False,735,654,83,0.2639862489905567,0.9510294481702628,0.5917894643844867,1248,688,79,0.592642458574791,1.1298710327707366,0.5361649066572781,False,False,False,not_variable,1.0
9000000000007186025,KIC 7186025,,,True,0,False,dsct_flag0,False,False,733,652,83,0.3161844798852502,1.0664248977127164,0.6215328518299442,1248,688,79,0.6633204181696363,1.152137685585877,0.5884393069365492,False,False,False,not_variable,1.0
9000000000007186263,KIC 7186263,,,True,0,False,dsct_flag0,False,False,729,648,82,0.3195529118124728,1.0894494021727024,0.6790835662029758,1243,684,79,0.6669495470260912,1.1301213130482377,0.6910549291451785,False,False,False,not_variable,1.0
9000000000007187052,KIC 7187052,,,True,0,False,dsct_flag0,False,False,668,626,82,0.2290477793339252,1.0780042513243866,0.7115105523577259,1163,656,78,0.667931842366734,1.2483560019603874,0.6083816456944959,False,False,False,not_variable,1.0
9000000000007189619,KIC 7189619,,,True,0,False,dsct_flag0,False,False,294,235,59,0.5862355665027256,1.4033156890420704,1.2403048975860853,719,258,51,0.8038774728924664,1.2590782505111686,1.0533077988994544,False,False,False,not_variable,1.0
9000000000007190277,KIC 7190277,,,True,0,False,dsct_flag0,False,False,722,640,82,0.3440992792547293,0.9916821742830787,0.4781221136458575,1242,683,78,0.6355163555190062,1.2842185918733948,0.7171136791338961,False,False,False,not_variable,1.0
9000000000007190468,KIC 7190468,,,True,0,False,dsct_flag0,False,False,718,638,82,0.2760962186150836,1.0031201889520447,0.6637989547940237,1229,680,78,0.5408129977030687,1.085618479650286,0.6236155343934053,False,False,False,not_variable,1.0
9000000000007190849,KIC 7190849,,,True,0,False,dsct_flag0,False,False,720,638,82,0.29846988534300695,0.9768413409905744,0.6775762756047048,1198,668,78,0.5051154165368983,1.028963861182196,0.6621194771381793,False,False,False,not_variable,1.0
9000000000007191541,KIC 7191541,,,True,0,False,dsct_flag0,False,False,777,651,82,0.41757979374388665,1.061996594024652,0.6898837876270593,1312,693,78,0.5975980609314231,1.1367589401167022,0.6663407151548582,False,False,False,not_variable,1.0
9000000000007192229,KIC 7192229,,,True,0,False,dsct_flag0,False,False,782,654,82,0.4002627510660212,1.066322270882221,0.7583250496591805,1315,691,78,0.6140303613796969,1.0992821786024085,0.5313917929370666,False,False,False,not_variable,1.0
9000000000007199928,KIC 7199928,,,True,0,False,dsct_flag0,False,False,1412,806,83,0.7291111082494692,1.2315586470173592,0.7672801225440105,2367,848,82,0.8186799943622928,1.270886328412631,0.6560630818872264,False,False,False,not_variable,2.0
9000000000007200001,KIC 7200001,,,True,0,False,dsct_flag0,False,False,1412,805,83,0.761423090540455,1.2194848402986256,0.7226410819867014,2367,848,82,0.8506050936360371,1.3802034182867449,0.6945333945547937,False,False,False,not_variable,2.0
9000000000007201869,KIC 7201869,,,True,0,False,dsct_flag0,False,False,747,638,81,0.45494494490638476,1.0764525850256461,0.5988521787305838,1198,688,80,0.7052689282014848,1.0001713413294488,0.47136773383814856,False,False,False,not_variable,1.0
9000000000007202291,KIC 7202291,,,True,0,False,dsct_flag0,False,False,749,638,81,0.5337462262888949,1.0683471017013224,0.4953743673822838,1200,688,80,0.7363775604808425,1.031868837978596,0.5983927644443129,False,False,False,not_variable,1.0
9000000000007203099,KIC 7203099,,,True,0,False,dsct_flag0,False,False,746,635,81,0.34274345119698924,0.9519321514652164,0.6842155753641176,1195,686,80,0.7103820597079183,1.097810404515716,0.6674463684265973,False,False,False,not_variable,1.0
9000000000007204603,KIC 7204603,,,True,0,False,dsct_flag0,False,False,61,42,21,0.36164000550766817,0.8040169352171281,0.8391164294072799,81,56,22,0.5464444558063837,1.0911339884178173,1.0298289205070168,False,False,False,not_variable,1.0
9000000000007204688,KIC 7204688,,,True,0,False,dsct_flag0,False,False,61,42,21,0.2548176973142113,0.8414258068309263,0.9525408490857634,81,56,22,0.487024144410579,0.8371913120773226,0.7577939911339003,False,False,False,not_variable,1.0
9000000000007205868,KIC 7205868,,,True,0,False,dsct_flag0,False,False,751,633,82,0.3264848730812226,2.2975204327290615,0.712512513208979,1197,690,81,0.6713719771468357,2.801561310902081,0.7303269870072189,True,False,False,variable,1.0
9000000000007206907,KIC 7206907,,,True,0,False,dsct_flag0,False,False,758,640,82,0.3828482880766743,1.1074593351833069,0.8338679850890278,1200,692,81,0.6609135460979229,0.9766953361526408,0.5477298069636825,False,False,False,not_variable,1.0
9000000000007207081,KIC 7207081,,,True,0,False,dsct_flag0,False,False,758,640,82,0.42278046021868404,1.0803267992991703,0.7281008234325143,1200,692,81,0.6834073666025053,0.9896196650658833,0.6296175595462421,False,False,False,not_variable,1.0
9000000000007208076,KIC 7208076,,,True,0,False,dsct_flag0,False,False,759,642,82,0.4437771614272985,1.0046056397843839,0.7435448556399646,1200,692,81,0.675590337653866,1.138940776312957,0.6286703810697724,False,False,False,not_variable,1.0
9000000000007211262,KIC 7211262,,,True,0,False,dsct_flag0,False,False,764,644,82,0.3476626585237919,0.9573901696069959,0.5840339197327736,1207,696,81,0.6299738888170653,1.006839057605341,1.024707820491517,False,False,False,not_variable,1.0
9000000000007266373,KIC 7266373,,,True,0,False,dsct_flag0,False,False,731,650,83,0.2837237131115763,1.0336205719058513,0.8031850722836503,46,34,17,0.29140703830300496,0.8435790631735257,0.8280890750716808,False,False,False,not_variable,1.0
9000000000007267028,KIC 7267028,,,True,0,False,dsct_flag0,False,False,734,653,83,0.27634846261914264,0.9956225328011408,0.49113235389614857,1248,688,79,0.6149859527006608,1.0366924140891984,0.48140490666102276,False,False,False,not_variable,1.0
9000000000007267737,KIC 7267737,,,True,0,False,dsct_flag0,False,False,736,655,83,0.3012036415083836,1.0419302331572364,0.5184967482820535,1245,688,79,0.7212569419139321,1.0966610987373286,0.5085290544347092,False,False,False,not_variable,1.0
9000000000007273576,KIC 7273576,,,True,0,False,dsct_flag0,False,False,782,654,82,0.4555498001229417,1.0308525855844233,0.6506340200054722,1314,694,78,0.593298833982775,1.0173592529888957,0.48542237394480353,False,False,False,not_variable,1.0
9000000000007282423,KIC 7282423,,,True,0,False,dsct_flag0,False,False,1184,756,83,0.5139144821054941,1.3184518749338616,0.957539773322005,2114,790,82,0.6729373580770386,1.1418837159326856,0.8279316773999326,False,False,False,not_variable,1.0
9000000000007287786,KIC 7287786,,,True,0,False,dsct_flag0,False,False,757,639,82,0.3280438292842429,0.9549395027230334,0.5393776749478715,1200,692,81,0.6055806886115113,1.0758728904171182,0.6434931975428336,False,False,False,not_variable,1.0
9000000000007288297,KIC 7288297,,,True,0,False,dsct_flag0,False,False,761,642,82,0.39836647251859125,1.0026555288547787,0.6978481999653281,1203,693,81,0.6572291244113132,0.9164463014892544,0.5498087358355612,False,False,False,not_variable,1.0
9000000000007289485,KIC 7289485,,,True,0,False,dsct_flag0,False,False,700,629,82,0.2934633029311984,1.0197146900854195,0.6304714115565301,1157,681,81,0.6688043871171013,1.069818704243538,0.5785962472838687,False,False,False,not_variable,1.0
9000000000007292935,KIC 7292935,,,True,0,False,dsct_flag0,False,False,760,641,82,0.3834657147620032,0.9215739619986677,0.5017487127837956,1203,694,81,0.6119438076619806,1.0120659594352992,0.8806640513520769,False,False,False,not_variable,1.0
9000000000007295611,KIC 7295611,,,True,0,False,dsct_flag0,False,False,62,43,21,0.27903596827853294,0.6751015053342335,0.6360610910806807,67,52,22,0.446618865954699,1.0081183499393565,1.2250976646326555,False,False,False,not_variable,1.0
9000000000007296882,KIC 7296882,,,True,0,False,dsct_flag0,False,False,749,632,82,0.4132767984567763,1.0950284535917232,0.7393431061989257,1190,690,80,0.6043899704200103,1.3026559095011034,0.9759319684214209,False,False,False,not_variable,1.0
9000000000007299911,KIC 7299911,,,True,0,False,dsct_flag0,False,False,753,631,82,0.5226569662959978,1.3266893981420564,0.6036468625203775,1158,679,80,0.7319036481250121,1.3940195495318157,0.822688048117264,False,False,False,not_variable,1.0
9000000000007303017,KIC 7303017,,,True,0,False,dsct_flag0,False,False,750,629,82,0.41802428068076086,1.0802773282922367,0.8170305445237847,1077,648,79,0.5843603734308828,1.1247698515863713,0.7746468163302377,False,False,False,not_variable,1.0
9000000000007303182,KIC 7303182,,,True,0,False,dsct_flag0,False,False,751,630,82,0.4330751650929394,1.0619070282529046,0.7870598972696214,1190,688,80,0.6090237850365602,1.066178675480184,0.7485304012106722,False,False,False,not_variable,1.0
9000000000007336185,KIC 7336185,,,True,0,False,dsct_flag0,False,False,1323,810,81,0.40495396385930377,1.1373596360834621,0.781262122625661,1564,808,78,0.5478962494734632,1.0023039377684577,0.6070835671791657,False,False,False,not_variable,1.0
9000000000007337320,KIC 7337320,,,True,0,False,dsct_flag0,False,False,1325,810,81,0.45301293100515083,1.1136130015952164,0.7254881958790154,1564,809,78,0.5400712510939574,1.0290069264692967,0.6211181693222415,False,False,False,not_variable,1.0
9000000000007348790,KIC 7348790,,,True,0,False,dsct_flag0,False,False,53,36,17,0.43021611852042063,0.852977520130845,1.073846783374187,70,47,19,0.4935809076949551,1.4698687137621065,1.2755475985137164,False,False,False,not_variable,1.0
9000000000007349171,KIC 7349171,,,True,0,False,dsct_flag0,False,False,370,339,66,0.2588159677531205,1.5516488529568255,1.732238205388895,863,380,65,0.7742797659150753,1.6446741335614348,1.396831389294254,False,False,False,not_variable,1.0
9000000000007350041,KIC 7350041,,,True,0,False,dsct_flag0,False,False,722,640,82,0.2585883223950551,0.9964592437562992,0.5594268713962149,1237,682,78,0.5362515765839571,1.1327876807568336,0.547352731390152,False,False,False,not_variable,1.0
9000000000007362826,KIC 7362826,,,True,0,False,dsct_flag0,False,False,1405,802,83,0.7592545622136538,1.28375044922575,0.8542768964384948,2348,840,82,0.8104060652139675,1.2603503867906494,0.6998376737632419,False,False,False,not_variable,2.0
9000000000007363146,KIC 7363146,,,True,0,False,dsct_flag0,False,False,1078,735,83,0.5197813423504779,1.066042802150603,0.8907384296651688,1987,764,82,0.7134766429098981,1.0005490779917277,0.6915166170005111,False,False,False,not_variable,1.0
9000000000007363945,KIC 7363945,,,True,0,False,dsct_flag0,False,False,742,635,81,0.35213326312681337,0.9710410250274939,0.4211646253606075,1191,686,80,0.6246073087964739,0.9869288879659229,0.6488641791097496,False,False,False,not_variable,1.0
9000000000007364845,KIC 7364845,,,True,0,False,dsct_flag0,False,False,748,637,81,0.28571742623436397,0.9883909176739961,0.4968042710057704,1198,688,80,0.6291903022320969,0.9378376053045516,0.5831225357095934,False,False,False,not_variable,1.0
9000000000007366513,KIC 7366513,,,True,0,False,dsct_flag0,False,False,747,636,81,0.46508693741307666,0.9959718050049566,0.6027696913067606,1196,688,80,0.6928950251707597,0.9574090130077663,0.5286074666609988,False,False,False,not_variable,1.0
9000000000007367559,KIC 7367559,,,True,0,False,dsct_flag0,False,False,414,322,67,1.2381579452949147,3.4755613931087384,2.016188319259458,747,341,68,2.738469465052489,3.8434352278313257,2.5763445108041068,True,True,False,variable,1.0
9000000000007368165,KIC 7368165,,,True,0,False,dsct_flag0,False,False,749,637,82,0.33815137321101185,0.8867197372964656,0.5775624661489114,1170,682,81,0.6381001315886979,0.9890542516353451,0.7619079639843699,False,False,False,not_variable,1.0
9000000000007368401,KIC 7368401,,,True,0,False,dsct_flag0,False,False,759,641,82,0.3923513093401343,0.973777964375783,0.612320357179352,1202,692,81,0.6377951498196746,0.9500623750445746,0.6123042971217617,False,False,False,not_variable,1.0
9000000000007369010,KIC 7369010,,,True,0,False,dsct_flag0,False,False,758,640,82,0.318933972000282,0.9230542318590953,0.5745154172411071,1200,692,81,0.6302074673045965,0.9675023137145355,0.46619511665711194,False,False,False,not_variable,1.0
9000000000007369254,KIC 7369254,,,True,0,False,dsct_flag0,False,False,760,642,82,0.407306008860375,0.9755659411990977,0.6700114051081776,1201,691,81,0.6792866814516201,1.001937648652027,0.4414327339929439,False,False,False,not_variable,1.0
9000000000007372766,KIC 7372766,,,True,0,False,dsct_flag0,False,False,764,644,82,0.4221068851316933,0.8724999998246847,0.6136144650186299,1206,695,81,0.5398016267233766,0.8928271709674257,0.5466185135257505,False,False,False,not_variable,1.0
9000000000007376229,KIC 7376229,,,True,0,False,dsct_flag0,False,False,62,43,21,0.24254785108628768,0.8530489500592869,0.8528708692289281,80,55,22,0.4326353718158459,0.8942347698587902,0.9781603102989153,False,False,False,not_variable,1.0
9000000000007382099,KIC 7382099,,,True,0,False,dsct_flag0,False,False,751,630,82,0.5806407123405642,1.0666599620554063,0.6717669751164674,1197,691,80,0.6451325310121206,1.3504382391574616,0.9864435283892158,False,False,False,not_variable,1.0
9000000000007385086,KIC 7385086,,,True,0,False,dsct_flag0,False,False,751,632,82,0.4012271854378543,1.0668591652645025,0.6357398102269182,1198,691,80,0.6033650816375404,1.100540207656143,0.7403920775742932,False,False,False,not_variable,1.0
9000000000007418489,KIC 7418489,,,True,0,False,dsct_flag0,False,False,1325,810,81,0.40744603957760395,1.3949663819710167,0.7141307156180016,1559,806,78,0.471456399309247,1.0320939249516166,0.6171938640795848,False,False,False,not_variable,1.0
9000000000007422028,KIC 7422028,,,True,0,False,dsct_flag0,False,False,1386,821,82,0.5590775292916718,1.212147071382176,0.7702082524418772,1902,817,77,0.6491010845888168,1.1176471376807162,0.7475798163964813,False,False,False,not_variable,1.0
9000000000007423169,KIC 7423169,,,True,0,False,dsct_flag0,False,False,725,645,83,0.26154360207494,0.9610306420225528,0.6122915963608064,1242,686,79,0.5718783430239985,1.070899442562646,0.6519337701386545,False,False,False,not_variable,1.0
9000000000007427475,KIC 7427475,,,True,0,False,dsct_flag0,False,False,731,650,83,0.30603379772728345,1.1259799766313823,0.6058978759880083,1245,687,79,0.6275656657622873,1.2843963113734111,0.6839279809505361,False,False,False,not_variable,1.0
9000000000007428374,KIC 7428374,,,True,0,False,dsct_flag0,False,False,692,645,83,0.20608228184501415,1.1024873902003762,0.5625605172147968,1212,676,79,0.5573223866067804,1.1805858027897478,0.6178599570951093,False,False,False,not_variable,1.0
9000000000007432408,KIC 7432408,,,True,0,False,dsct_flag0,False,False,722,640,82,0.3029206736577266,1.1755209727759135,0.7899610849167323,1231,682,78,0.5921294321810726,1.2380138387673976,0.5385796175059416,False,False,False,not_variable,1.0
9000000000007432616,KIC 7432616,,,True,0,False,dsct_flag0,False,False,722,640,82,0.29828340130981074,1.024951397683709,0.666385371458419,1231,684,78,0.5688896553058673,1.1004550649022795,0.48870648409185846,False,False,False,not_variable,1.0
9000000000007434171,KIC 7434171,,,True,0,False,dsct_flag0,False,False,672,599,82,0.3700982025623692,1.1538972091522508,0.8663971941683296,1190,638,77,0.6024813642223519,1.2709217296928907,0.768253988030637,False,False,False,not_variable,1.0
9000000000007434540,KIC 7434540,,,True,0,False,dsct_flag0,False,False,720,639,82,0.40584822079071825,1.1176767347242766,0.7629831761215654,1240,683,78,0.6209427000157516,1.2138955588640197,0.7314138841845864,False,False,False,not_variable,1.0
9000000000007434974,KIC 7434974,,,True,0,False,dsct_flag0,False,False,716,638,82,0.3270746056713445,0.9986048693907914,0.743023253444167,1233,681,78,0.5935480012421096,1.0909939675622253,0.6237532759702212,False,False,False,not_variable,1.0
9000000000007447890,KIC 7447890,,,True,0,False,dsct_flag0,False,False,689,623,81,0.31942008983771536,0.9587938655359962,0.6683728905831098,1158,680,80,0.6099282833846372,0.9545631437235993,0.670467378278431,False,False,False,not_variable,1.0
9000000000007448230,KIC 7448230,,,True,0,False,dsct_flag0,False,False,747,636,81,1.5546758662345015,5.25870745792382,3.1127120911129764,1193,685,80,2.774051163709318,3.9765437760868574,3.018701583574882,True,True,True,variable,1.0
9000000000007451573,KIC 7451573,,,True,0,False,dsct_flag0,False,False,756,639,82,0.3758242090990972,0.8058679274069747,0.485575839862986,1200,691,81,0.6201741275664321,0.9928643697750537,0.5119492901343928,False,False,False,not_variable,1.0
9000000000007454817,KIC 7454817,,,True,0,False,dsct_flag0,False,False,761,641,82,0.3710120436934258,0.9277832983684068,0.6057774771708403,1200,691,81,0.5078909860619497,1.0966001191238415,0.8038474054968815,False,False,False,not_variable,1.0
9000000000007454999,KIC 7454999,,,True,0,False,dsct_flag0,False,False,764,644,82,0.38217152255336134,0.8800305140133078,0.5896622581404634,1205,695,81,0.5437045102819956,0.9796645742391277,0.6934645796020094,False,False,False,not_variable,1.0
9000000000007455752,KIC 7455752,,,True,0,False,dsct_flag0,False,False,762,642,82,0.4469193328417965,1.1752152281798847,0.7491284801252095,1204,695,81,0.6175743055551938,1.1544103835863448,1.1036017278315717,False,False,False,not_variable,1.0
9000000000007460478,KIC 7460478,,,True,0,False,dsct_flag0,False,False,754,632,82,0.443752143617872,0.9406823924061976,0.5969319595626066,1192,687,80,0.6255964894530578,1.0611295574540383,0.7115953371374435,False,False,False,not_variable,1.0
9000000000007461436,KIC 7461436,,,True,0,False,dsct_flag0,False,False,753,631,82,0.38049875386943344,0.9191640296968749,0.5018402781232107,1191,689,80,0.6275309933523406,1.1445557230355843,0.7064153210479864,False,False,False,not_variable,1.0
9000000000007463186,KIC 7463186,,,True,0,False,dsct_flag0,False,False,745,629,82,0.6183040104628013,1.2418262142636316,0.6582648552434057,1171,681,80,0.6749571424162233,1.3249792099409925,0.8601373634858219,False,False,False,not_variable,1.0
9000000000007466729,KIC 7466729,,,True,0,False,dsct_flag0,False,False,751,630,82,0.41181375599672687,0.8925262423987289,0.6085800240126934,1196,690,80,0.6010979567667416,1.1095633538919805,0.7147586322686688,False,False,False,not_variable,1.0
9000000000007467076,KIC 7467076,,,True,0,False,dsct_flag0,False,False,756,634,82,0.3676144872558738,0.8670350515847868,0.6330848583703979,1197,691,80,0.5638328921910085,1.0890242242556534,0.5618835054036033,False,False,False,not_variable,1.0
9000000000007468196,KIC 7468196,,,True,0,False,dsct_flag0,False,False,751,630,82,0.48554087694282383,2.9689995902921082,1.7299989534407172,1198,692,80,0.7255184663341577,2.267692656375637,1.2149394646665364,True,True,False,variable,1.0
9000000000007503852,KIC 7503852,,,True,0,False,dsct_flag0,False,False,1933,979,85,0.593368339142563,1.2944601173166128,0.7934118011264809,2642,976,81,0.6444228261638941,1.9026687947813408,0.5385794252046603,False,False,False,not_variable,2.0
9000000000007504986,KIC 7504986,,,True,0,False,dsct_flag0,False,False,1985,989,85,0.7824763755301781,1.8018872220150304,1.1933894447360902,2709,990,81,0.9364190507082716,1.5778302375286422,0.9003380116581196,False,False,False,not_variable,2.0
9000000000007513175,KIC 7513175,,,True,0,False,dsct_flag0,False,False,730,652,83,0.40613318635565504,1.1416520627808824,0.7413329548761681,1231,682,79,0.5793043750116464,1.1233849475849718,0.41208503140446706,False,False,False,not_variable,1.0
9000000000007514484,KIC 7514484,,,True,0,False,dsct_flag0,False,False,668,626,82,0.17066879612148883,1.048954689544861,0.733969684592696,1152,656,78,0.5994269040505221,1.1265383083999954,0.5083237304763303,False,False,False,not_variable,1.0
9000000000007515151,KIC 7515151,,,True,0,False,dsct_flag0,False,False,668,626,82,0.18486129859349693,0.9659831599138807,0.5435830667232509,1163,656,78,0.5270508496522927,0.9776287730149525,0.41546825896780526,False,False,False,not_variable,1.0
9000000000007515825,KIC 7515825,,,True,0,False,dsct_flag0,False,False,712,639,82,0.2664078544500982,0.980008376716401,0.6212013374354017,1228,680,78,0.5663982622853341,1.0635524895130053,0.5089314924661942,False,False,False,not_variable,1.0
9000000000007517640,KIC 7517640,,,True,0,False,dsct_flag0,False,False,562,531,80,0.8636927736656558,4.024825746277551,3.048171757499614,935,549,76,2.4309470463718217,4.443449936943167,2.594641368087795,True,True,True,variable,1.0
9000000000007529379,KIC 7529379,,,True,0,False,dsct_flag0,False,False,697,599,81,1.1659520764613784,3.2578976475704775,1.7996259737805014,1098,634,79,2.1621873372283216,3.728881494720554,1.717949304673707,True,True,False,variable,1.0
9000000000007529779,KIC 7529779,,,True,0,False,dsct_flag0,False,False,743,633,81,0.38757859314266935,0.945244080234455,0.5175235643514603,1193,687,80,0.6548395571580444,1.0932946561997634,0.5987125231134541,False,False,False,not_variable,1.0
9000000000007530292,KIC 7530292,,,True,0,False,dsct_flag0,False,False,749,638,81,0.462763453351304,0.986923643292473,0.6399434903377019,1196,687,80,0.6598009472806249,0.9680271568220137,0.5024890545306882,False,False,False,not_variable,1.0
9000000000007530488,KIC 7530488,,,True,0,False,dsct_flag0,False,False,685,621,81,0.34425539876170347,0.9879214334826829,0.6958679501762987,1116,660,80,0.6157302242820668,0.9097420776286723,0.5108617800270047,False,False,False,not_variable,1.0
9000000000007530869,KIC 7530869,,,True,0,False,dsct_flag0,False,False,738,636,81,0.5094437958999782,1.0847877482662254,0.7460637498151969,1120,662,80,0.6095069795959083,0.9602456660953393,0.6246063723979828,False,False,False,not_variable,1.0
9000000000007531200,KIC 7531200,,,True,0,False,dsct_flag0,False,False,750,637,81,0.5576396683649514,1.197243019856833,0.7147978823754354,1200,690,80,0.6576783887013412,1.0645341333033984,0.7612435081947514,False,False,False,not_variable,1.0
9000000000007532067,KIC 7532067,,,True,0,False,dsct_flag0,False,False,60,41,21,0.31640432856499046,0.9909775388502915,1.1366269304487138,78,54,22,0.47695071151209406,1.221490995950122,1.0105397376034342,False,False,False,not_variable,1.0
9000000000007532655,KIC 7532655,,,True,0,False,dsct_flag0,False,False,552,450,76,0.4542800977377502,1.377955633914156,0.9566527173823924,968,482,77,0.7655653854115739,1.2520863195078318,0.8718260095542929,False,False,False,not_variable,1.0
9000000000007532757,KIC 7532757,,,True,0,False,dsct_flag0,False,False,739,623,82,0.5677487649742005,1.2467657659582856,0.8358025170423475,1184,679,81,0.6996536404085738,1.1505860422219152,0.7606176263614982,False,False,False,not_variable,1.0
9000000000007532772,KIC 7532772,,,True,0,False,dsct_flag0,False,False,693,623,82,0.4411614607576965,1.2401359707448139,0.8091839955201555,1111,655,81,0.6454215681681806,1.2267828575922692,0.7886517568494018,False,False,False,not_variable,1.0
9000000000007541441,KIC 7541441,,,True,0,False,dsct_flag0,False,False,753,632,82,0.6135188491368532,1.425979398296268,1.088973749470467,1168,687,81,0.7700103133846177,1.2227887360307892,0.7827023560100339,False,False,False,not_variable,1.0
9000000000007542493,KIC 7542493,,,True,0,False,dsct_flag0,False,False,728,611,82,0.5257476933451928,1.1336869477523601,0.7074115644556416,1081,640,80,0.6825842741182997,1.3742839703136216,1.1462111299583195,False,False,False,not_variable,1.0
9000000000007548583,KIC 7548583,,,True,0,False,dsct_flag0,False,False,742,631,82,0.3226774183741389,0.7840279949849397,0.4416598729451293,1196,692,80,0.5539130587735274,1.040954575327988,0.6809155100175623,False,False,False,not_variable,1.0
9000000000007587086,KIC 7587086,,,True,0,False,dsct_flag0,False,False,723,645,83,0.3861697793094791,1.1206865663442516,0.6561315334243599,1236,683,79,0.8585077130365242,1.3696296037749982,0.6724444735760416,False,False,False,not_variable,1.0
9000000000007592231,KIC 7592231,,,True,0,False,dsct_flag0,False,False,681,639,83,0.18885990620380086,1.1385127258867525,0.8301947433048354,1175,662,79,0.5979829536373081,1.214885452245463,0.6405163222168601,False,False,False,not_variable,1.0
9000000000007594431,KIC 7594431,,,True,0,False,dsct_flag0,False,False,47,33,17,0.3050645410343531,0.9154579772140908,0.724822341037323,68,46,19,0.4830819918058168,1.3540126602884135,1.1349416776019527,False,False,False,not_variable,1.0
9000000000007601669,KIC 7601669,,,True,0,False,dsct_flag0,False,False,727,646,82,0.23956164407070565,0.9627352860839935,0.6119838328090468,1198,666,78,0.5594538135330936,1.2304258671411687,0.6453011462724567,False,False,False,not_variable,1.0
9000000000007601857,KIC 7601857,,,True,0,False,dsct_flag0,False,False,730,649,82,0.22041869920512341,0.9953545174892224,0.7053963617899169,1246,693,78,0.6173477931258281,1.0617571746065326,0.598660579736738,False,False,False,not_variable,1.0
9000000000007602830,KIC 7602830,,,True,0,False,dsct_flag0,False,False,731,650,82,0.19726466670347415,0.9169548613342404,0.6715758196041677,1247,693,78,0.6332701648440467,1.2565269437346611,0.7760721131611567,False,False,False,not_variable,1.0
9000000000007609508,KIC 7609508,,,True,0,False,dsct_flag0,False,False,745,635,81,0.4576652471661514,0.9512721405644163,0.6286931222090867,1197,688,80,0.7461130007195188,1.1173652844917301,0.6523092558206762,False,False,False,not_variable,1.0
9000000000007609547,KIC 7609547,,,True,0,False,dsct_flag0,False,False,743,634,81,0.47534492212132406,0.9181638155881118,0.5817742722902417,1186,684,80,0.69279721347863,1.121196689389811,0.5205912282659435,False,False,False,not_variable,1.0
9000000000007610116,KIC 7610116,,,True,0,False,dsct_flag0,False,False,743,637,81,0.46740487920409757,1.1412138047978722,0.7875037890977267,1201,689,80,0.6873461242849331,1.0682314607612367,0.5114758936040158,False,False,False,not_variable,1.0
9000000000007612505,KIC 7612505,,,True,0,False,dsct_flag0,False,False,752,638,82,0.48885656036188535,1.3262788356044237,0.7781175245913536,1195,688,81,0.7056265143502062,1.242172691294848,0.8560838302455079,False,False,False,not_variable,1.0
9000000000007613252,KIC 7613252,,,True,0,False,dsct_flag0,False,False,747,639,82,0.4127300021169347,1.0198618740428487,0.6113264108052816,1087,655,80,0.6342411235035289,1.120497896799636,0.7057570485537203,False,False,False,not_variable,1.0
9000000000007613432,KIC 7613432,,,True,0,False,dsct_flag0,False,False,749,641,82,0.37393137539087495,1.063794077000151,0.5589003464384209,1202,692,81,0.6751132402306191,1.0330901256245288,0.7196039053030953,False,False,False,not_variable,1.0
9000000000007616919,KIC 7616919,,,True,0,False,dsct_flag0,False,False,761,641,82,0.32853736722563803,1.2132310602743377,0.6527116702465946,1173,685,81,0.6662691211863188,1.247731650705676,0.8727243924651713,False,False,False,not_variable,1.0
9000000000007618347,KIC 7618347,,,True,0,False,dsct_flag0,False,False,752,645,82,0.33677126072968283,0.9533966279126378,0.6084161689033213,1198,693,81,0.5988428965226356,1.021744357575744,0.7052659873820321,False,False,False,not_variable,1.0
9000000000007619120,KIC 7619120,,,True,0,False,dsct_flag0,False,False,747,641,82,0.4358846579502259,1.0950310147748947,0.5597652095809678,797,335,79,0.7562375601328442,1.2280540626639613,1.0613837524821812,False,False,False,not_variable,1.0
9000000000007620212,KIC 7620212,,,True,0,False,dsct_flag0,False,False,760,640,82,0.48269838922017305,1.2551411296019135,0.6996738455585979,1198,693,81,0.8094936609999313,1.2450621340525692,0.5772377652869914,False,False,False,not_variable,1.0
9000000000007620695,KIC 7620695,,,True,0,False,dsct_flag0,False,False,62,43,21,0.27143311910134743,0.9320291910467128,0.8742842579907764,79,54,22,0.5364046489834564,1.2281142862327856,1.3906478465490493,False,False,False,not_variable,1.0
9000000000007628505,KIC 7628505,,,True,0,False,dsct_flag0,False,False,756,634,82,0.3104201844531378,0.8851201282988177,0.5072829004950058,1198,692,80,0.596897311306868,1.0760611262847457,0.5900144385417315,False,False,False,not_variable,1.0
9000000000007658796,KIC 7658796,,,True,0,False,dsct_flag0,False,False,696,502,69,0.6021346113923683,1.1344289935879546,0.5693218379774165,838,530,69,0.6088607493275988,1.0460407094853859,0.46969371427261775,False,False,False,not_variable,1.0
9000000000007659703,KIC 7659703,,,True,0,False,dsct_flag0,False,False,1208,769,81,0.47783035458256434,1.096779505638798,0.7251139583887523,1422,765,78,0.6076569910730858,1.1225609119923883,0.663482441447965,False,False,False,not_variable,1.0
9000000000007660053,KIC 7660053,,,True,0,False,dsct_flag0,False,False,978,673,80,0.3764122169194864,0.9339971111625094,0.6373274837525359,1134,628,77,0.493099995340243,1.2132724820520604,0.7698945063930388,False,False,False,not_variable,1.0
9000000000007660284,KIC 7660284,,,True,0,False,dsct_flag0,False,False,1321,808,81,0.39703384846896855,1.2490142621473932,0.7040472196441844,1534,800,78,0.5328391196252427,1.140026117385166,0.7297030220259786,False,False,False,not_variable,1.0
9000000000007661935,KIC 7661935,,,True,0,False,dsct_flag0,False,False,1921,969,85,0.768234034655713,1.6717402407432025,1.2071926305828757,2615,965,82,0.7206496108119215,1.5343168314716527,0.9580370785073588,False,False,False,not_variable,2.0
9000000000007667407,KIC 7667407,,,True,0,False,dsct_flag0,False,False,699,626,83,0.29960317815978976,1.209548870285032,0.5713078373674043,1176,663,79,0.7339894205373279,1.2585921498297552,0.7325574571120931,False,False,False,not_variable,1.0
9000000000007668077,KIC 7668077,,,True,0,False,dsct_flag0,False,False,722,640,83,0.3387923873839331,1.2628430813947458,0.7794649419547425,1235,678,79,0.7283068029766554,1.2894947057261743,0.6225527859112138,False,False,False,not_variable,1.0
9000000000007669231,KIC 7669231,,,True,0,False,dsct_flag0,False,False,723,641,83,0.3545984150841565,1.2339100480127576,0.7440194695849479,1231,677,79,0.7480153555373257,1.1751167815633752,0.5135774734728752,False,False,False,not_variable,1.0
9000000000007671028,KIC 7671028,,,True,0,False,dsct_flag0,False,False,667,625,82,0.25754017341937313,1.202123780966513,0.8539627285243105,1131,633,78,0.6147083551845193,1.3596777350515774,0.7345207122080762,False,False,False,not_variable,1.0
9000000000007671654,KIC 7671654,,,True,0,False,dsct_flag0,False,False,714,632,82,0.30858640171067847,0.9737327383023786,0.5870967092027916,1220,675,78,0.5768050301055023,1.1508273269070535,0.5578633779070304,False,False,False,not_variable,1.0
9000000000007672492,KIC 7672492,,,True,0,False,dsct_flag0,False,False,712,630,82,0.27633795035784586,2.038634912436167,1.0853386185811513,1226,674,78,0.6995970989757402,1.6344126437255788,0.7522337530598537,False,False,False,not_variable,1.0
9000000000007673401,KIC 7673401,,,True,0,False,dsct_flag0,False,False,710,628,82,0.41135524435153326,1.3037198174267464,0.883095423203803,1224,671,78,0.6565493234939404,1.3778526915559688,0.7506145501281293,False,False,False,not_variable,1.0
9000000000007677758,KIC 7677758,,,True,0,False,dsct_flag0,False,False,55,37,17,0.375400537426035,1.023193884095975,1.0255300869577395,71,46,18,0.5637724694652683,1.6960081418312034,1.5132981744710303,False,False,False,not_variable,1.0
9000000000007679484,KIC 7679484,,,True,0,False,dsct_flag0,False,False,558,513,76,0.2092463414989028,1.3439246262262763,0.8701786353528426,841,542,72,0.5581422016542705,1.4114131737395492,0.8129396737009313,False,False,False,not_variable,1.0
9000000000007679706,KIC 7679706,,,True,0,False,dsct_flag0,False,False,954,645,80,0.7047850992678476,1.649619837661664,1.0342945573830649,1329,688,78,0.6982219989880024,1.6469184149081264,0.8762546745455286,False,False,False,not_variable,1.0
9000000000007685306,KIC 7685306,,,True,0,False,dsct_flag0,False,False,735,627,81,0.5164546778145266,1.2280488975436104,0.8592195248123284,1182,677,80,0.7896279954660572,2.397282417702821,0.6075328794629441,False,False,False,not_variable,1.0
9000000000007686901,KIC 7686901,,,True,0,False,dsct_flag0,False,False,724,610,82,0.49957080525778547,1.4021814428559856,1.0651890819746979,1159,662,81,0.7874400833959871,1.404350134915977,0.889611504396752,False,False,False,not_variable,1.0
9000000000007687468,KIC 7687468,,,True,0,False,dsct_flag0,False,False,742,625,82,0.47732846479269003,1.1879412773799054,0.868684398142569,1185,680,81,0.6894122797570836,1.9321195342943285,0.8647404360576669,False,False,False,not_variable,1.0
9000000000007691244,KIC 7691244,,,True,0,False,dsct_flag0,False,False,763,642,82,0.3407083379061828,1.033037936659524,0.6622494566126593,1202,693,81,0.6161754411917968,1.1546540270827237,0.9510556209453807,False,False,False,not_variable,1.0
9000000000007697355,KIC 7697355,,,True,0,False,dsct_flag0,False,False,695,622,82,0.24315382891057463,0.8898046514137704,0.38832090503729216,1118,665,80,0.5885202890778525,1.0442462152643812,0.675002787592278,False,False,False,not_variable,1.0
9000000000007699478,KIC 7699478,,,True,0,False,dsct_flag0,False,False,746,626,82,0.38176660754925046,1.0779283797287318,0.6890812373439658,1191,688,80,0.6967482906344752,1.3675441805347892,1.0597185383691252,False,False,False,not_variable,1.0
9000000000007699528,KIC 7699528,,,True,0,False,dsct_flag0,False,False,743,622,82,0.35569095844091686,1.0847677874602657,0.6971487332406694,1190,685,80,0.7581318128529181,1.4949016381208657,1.0306059579739693,False,False,False,not_variable,1.0
9000000000007701322,KIC 7701322,,,True,0,False,dsct_flag0,False,False,552,505,76,0.24633474253030715,1.0004774193367356,0.6018353302876883,745,544,74,0.4669498785911295,1.2281415791364239,0.8646706640208651,False,False,False,not_variable,1.0
9000000000007728930,KIC 7728930,,,True,0,False,dsct_flag0,False,False,1189,717,82,0.5856560112230157,1.4529299655803485,1.5600155755424772,1248,691,78,0.7015612167020238,1.2746943812811729,1.131667719539291,False,False,False,not_variable,1.0
9000000000007729800,KIC 7729800,,,True,0,False,dsct_flag0,False,False,1320,806,82,0.586842095824811,1.3364303751301478,1.1461268951306132,1549,800,79,0.7700943893949714,1.227533265953991,0.9317319496394534,False,False,False,not_variable,1.0
9000000000007730463,KIC 7730463,,,True,0,False,dsct_flag0,False,False,561,230,34,0.5942198681258144,1.3135405294495186,1.244578334534824,810,227,30,0.723260191647087,1.3941241713058516,0.9263736346712674,False,False,False,not_variable,2.0
9000000000007732414,KIC 7732414,,,True,0,False,dsct_flag0,False,False,1957,984,85,0.8363509747346657,1.7420819656982391,1.3384493314857386,2635,981,82,0.7842163820866931,1.5003755836006418,0.9333085421252836,False,False,False,not_variable,2.0
9000000000007739881,KIC 7739881,,,True,0,False,dsct_flag0,False,False,728,647,83,0.33927934520387115,1.1319069963987816,0.6888564680372012,1212,685,79,0.70175356785607,1.1434917939876579,0.46817452831827855,False,False,False,not_variable,1.0
9000000000007740149,KIC 7740149,,,True,0,False,dsct_flag0,False,False,711,634,83,0.27789856373060373,1.1639179775767645,0.8175770962879647,71,48,19,0.4659787033383541,1.0702580318568191,1.016325988535819,False,False,False,not_variable,1.0
9000000000007741001,KIC 7741001,,,True,0,False,dsct_flag0,False,False,54,37,18,0.3846209148442312,0.8510166090440822,1.0355743159629731,71,48,19,0.347938432083594,1.1971424717273704,0.9734721337515894,False,False,False,not_variable,1.0
9000000000007742133,KIC 7742133,,,True,0,False,dsct_flag0,False,False,591,542,80,0.24559874306448543,1.0742407316442038,0.7897080528487976,877,565,77,0.48142120690213114,1.241105659213579,0.6199195096905243,False,False,False,not_variable,1.0
9000000000007742409,KIC 7742409,,,True,0,False,dsct_flag0,False,False,704,627,82,0.300839356250294,1.4799816318779293,0.8728448365788108,1208,666,78,0.6959025769162251,1.221349541502218,0.6907391119331795,False,False,False,not_variable,1.0
9000000000007747323,KIC 7747323,,,True,0,False,dsct_flag0,False,False,729,649,82,0.18323048830818783,1.0635724577645784,0.8472043494537159,1241,690,78,0.5882217501825567,1.1887833752717047,0.737479365864627,False,False,False,not_variable,1.0
9000000000007748506,KIC 7748506,,,True,0,False,dsct_flag0,False,False,728,648,82,0.18265655250519744,1.011800428875755,0.8337818219232405,1243,688,78,0.5762369474685871,1.1447449120139181,0.7591415589700506,False,False,False,not_variable,1.0
9000000000007749606,KIC 7749606,,,True,0,False,dsct_flag0,False,False,715,640,82,0.245069266418808,1.1751025262935209,0.8323758601096312,1230,677,78,0.5508324820104034,1.317940575393329,0.8838096807894346,False,False,False,not_variable,1.0
9000000000007750108,KIC 7750108,,,True,0,False,dsct_flag0,False,False,1416,807,84,0.9376493056533876,1.367549765126583,1.0410043011128738,2352,843,81,0.9752269229601254,1.4652554184030049,0.777003207645722,False,False,False,not_variable,2.0
9000000000007751325,KIC 7751325,,,True,0,False,dsct_flag0,False,False,1400,803,84,0.9835832267638891,1.355509877079343,1.014698183557431,2299,837,81,0.9658020799529566,1.2733951469723797,0.8562207690329202,False,False,False,not_variable,2.0
9000000000007756660,KIC 7756660,,,True,0,False,dsct_flag0,False,False,62,43,21,0.37152596080354083,0.7331270018155313,0.6221022019956982,79,54,22,0.3694280677280909,0.9243789536509566,0.8834942126165963,False,False,False,not_variable,1.0
9000000000007758250,KIC 7758250,,,True,0,False,dsct_flag0,False,False,547,502,75,0.20072414438781883,1.1645679911704172,0.7969490817612442,736,534,72,0.5410980936620505,1.2262369651938965,0.5822458037709605,False,False,False,not_variable,1.0
9000000000007762396,KIC 7762396,,,True,0,False,dsct_flag0,False,False,751,637,82,0.4223550084841601,1.2396047757650084,0.806415250067114,1193,684,81,0.756163236071639,1.196429982366292,0.7781522967730453,False,False,False,not_variable,1.0
9000000000007762498,KIC 7762498,,,True,0,False,dsct_flag0,False,False,475,430,69,0.20251195223225849,1.119446839836046,0.6051085326314484,576,458,69,0.403838320042497,1.3621000640691512,0.8352022388096166,False,False,False,not_variable,1.0
9000000000007764226,KIC 7764226,,,True,0,False,dsct_flag0,False,False,568,520,77,0.26011584033605345,1.3854209851874308,0.8485777115334657,761,551,76,0.5597631060513486,1.313998425386626,0.7286119979908838,False,False,False,not_variable,1.0
9000000000007765219,KIC 7765219,,,True,0,False,dsct_flag0,False,False,62,43,21,0.20815103923568162,1.0622479902868749,0.8124701811383674,79,54,22,0.562913856862807,1.3315253183223865,1.471790421529444,False,False,False,not_variable,1.0
9000000000007768197,KIC 7768197,,,True,0,False,dsct_flag0,False,False,680,609,82,0.28715217240349167,1.8669504116578042,0.6402400520790736,1105,652,80,0.697452355246,1.3305713623589448,0.9976964933000613,False,False,False,not_variable,1.0
9000000000007768390,KIC 7768390,,,True,0,False,dsct_flag0,False,False,52,33,16,0.4613113858555521,1.5776325691440836,1.1024951864935557,469,386,67,0.3361840551306152,1.1889541432014539,0.6216754048263151,False,False,False,not_variable,2.0
9000000000007768554,KIC 7768554,,,True,0,False,dsct_flag0,False,False,744,630,82,0.46015822937760925,1.4689438513204538,0.7378687450365409,1186,680,80,0.7517387490310502,1.3915417143935704,0.8047038013097101,False,False,False,not_variable,1.0
9000000000007769255,KIC 7769255,,,True,0,False,dsct_flag0,False,False,742,628,82,0.6432527400641083,1.577939542245662,0.8623955476474396,1180,676,80,0.8196807860357909,1.4250503013393483,1.128380690261866,False,False,False,not_variable,1.0
9000000000007770608,KIC 7770608,,,True,0,False,dsct_flag0,False,False,753,636,82,0.36734274494012176,1.1745267910187716,0.9149713624233241,1199,690,80,0.8362658608691482,1.3774269005020177,0.9427548597469108,False,False,False,not_variable,1.0
9000000000007777528,KIC 7777528,,,True,0,False,dsct_flag0,False,False,809,643,82,0.47870931764587293,1.1563781626488356,0.9463756025829062,1278,700,80,0.679866602135265,1.1634187216259797,0.7503069960062355,False,False,False,not_variable,1.0
9000000000007778667,KIC 7778667,,,True,0,False,dsct_flag0,False,False,759,645,82,0.31011923710760453,1.000078780839738,0.6698120601123254,1201,693,80,0.6285581686410839,1.1459936586925032,0.7779045208760982,False,False,False,not_variable,1.0
9000000000007779986,KIC 7779986,,,True,0,False,dsct_flag0,False,False,1576,913,84,0.5949931693756723,0.9576441844029282,0.6952991811058216,2172,960,82,0.8373065348354203,1.0842526523275837,1.2358634575125176,False,False,False,not_variable,2.0
9000000000007803053,KIC 7803053,,,True,0,False,dsct_flag0,False,False,1976,987,85,0.6284904563840722,1.6591731511036891,1.0539014154169268,2688,991,82,0.677009066336798,1.3609532736196421,0.8807409448380197,False,False,False,not_variable,2.0
9000000000007808780,KIC 7808780,,,True,0,False,dsct_flag0,False,False,731,649,83,0.26080830056764764,1.0720735245549247,0.58357258225504,1215,688,79,0.726548118213329,1.1818434733243974,0.5374416273521437,False,False,False,not_variable,1.0
9000000000007809263,KIC 7809263,,,True,0,False,dsct_flag0,False,False,727,647,83,0.33329425067083335,1.0988728537486914,0.59423037961482,1212,683,79,0.6606466577329496,1.1854022883344837,0.5258547780090045,False,False,False,not_variable,1.0
9000000000007809285,KIC 7809285,,,True,0,False,dsct_flag0,False,False,724,642,83,0.32693513203181795,1.1458444920351882,0.6546466709912462,1192,679,78,0.693976503898271,1.2666833195134333,0.5554737383084627,False,False,False,not_variable,1.0
9000000000007812616,KIC 7812616,,,True,0,False,dsct_flag0,False,False,724,642,82,0.33034322882025347,1.2274000822082696,0.7063984405352002,1223,683,78,0.7066173185409843,1.3252993758154916,0.6524631359836591,False,False,False,not_variable,1.0
9000000000007812892,KIC 7812892,,,True,0,False,dsct_flag0,False,False,470,405,74,0.35263906251822075,1.305537210521292,0.8787610363677185,968,447,71,0.8172995285581865,1.2229749769064264,0.7899195248506672,False,False,False,not_variable,1.0
9000000000007818959,KIC 7818959,,,True,0,False,dsct_flag0,False,False,787,657,83,0.32223630456365515,1.0851450701702765,0.8460237536115693,1458,699,80,0.555246650347301,1.1590238152671095,0.8069048273583379,False,False,False,not_variable,1.0
9000000000007819825,KIC 7819825,,,True,0,False,dsct_flag0,False,False,1169,743,84,0.7815804697997404,1.2251863698116012,0.9963140516230464,2101,782,80,0.8689913900146318,1.0620650576414552,0.5954020321798595,False,False,False,not_variable,1.0
9000000000007820945,KIC 7820945,,,True,0,False,dsct_flag0,False,False,1407,802,84,0.8403677692680467,1.0929309298790413,0.7293815189837962,2329,839,81,0.7840134126469087,1.2799409099905157,0.5941778358194999,False,False,False,not_variable,2.0
9000000000007821038,KIC 7821038,,,True,0,False,dsct_flag0,False,False,1352,792,84,0.8212510292231492,1.195986379006247,0.7990201496976018,2258,815,81,0.7786986032629412,1.3040864074572096,0.652418992907422,False,False,False,not_variable,2.0
9000000000007827121,KIC 7827121,,,True,0,False,dsct_flag0,False,False,757,640,82,0.41942247485427175,1.1853773154135618,0.8567491399369526,1196,688,81,0.7078056323494415,1.1249107703717074,0.8219348914024165,False,False,False,not_variable,1.0
9000000000007829917,KIC 7829917,,,True,0,False,dsct_flag0,False,False,760,643,82,0.3792825022442176,1.1505020868346052,0.7004965632397917,1203,691,81,0.6863619803304749,1.1729638342539341,0.746861726299979,False,False,False,not_variable,1.0
9000000000007832829,KIC 7832829,,,True,0,False,dsct_flag0,False,False,623,562,79,0.3880533990756798,3.1904349328956663,0.7392800852497606,864,625,75,0.6818003862126831,1.2596067103526771,0.9955110474836593,True,True,False,variable,1.0
9000000000007834441,KIC 7834441,,,True,0,False,dsct_flag0,False,False,62,43,21,0.22842773955625947,0.8838926853851727,0.9074574951278528,77,53,21,0.5728267519810153,0.997875123728011,1.1700387893370383,False,False,False,not_variable,1.0
9000000000007836104,KIC 7836104,,,True,0,False,dsct_flag0,False,False,755,633,82,0.39518241573179874,0.9740661611360969,0.5841165775899563,1137,673,80,0.712856295797077,1.199527665201269,0.9100573010597226,False,False,False,not_variable,1.0
9000000000007838214,KIC 7838214,,,True,0,False,dsct_flag0,False,False,761,638,82,0.37098322083464436,1.3889122067767592,0.7188252226547865,1195,687,80,0.6820398947410999,1.2825072287504133,0.8714614798090532,False,False,False,not_variable,1.0
9000000000007840642,KIC 7840642,,,True,0,False,dsct_flag0,False,False,760,638,82,0.38507422648936307,1.196585907915734,0.8353340202158139,1201,693,80,0.7490001940603259,1.2860207741902472,0.7542839421459586,False,False,False,not_variable,1.0
9000000000007842290,KIC 7842290,,,True,0,False,dsct_flag0,False,False,695,623,82,0.2896608961167898,1.0383838763677837,0.7596268324616631,1119,666,80,0.7467334599701433,1.3513101540122872,0.7227078777016778,False,False,False,not_variable,1.0
9000000000007870228,KIC 7870228,,,True,0,False,dsct_flag0,False,False,1937,977,85,0.6823375898246071,1.3148048307999944,0.6863947852239859,2618,977,82,0.7072914310516919,1.399659498759544,0.803710306801764,False,False,False,not_variable,2.0
9000000000007870923,KIC 7870923,,,True,0,False,dsct_flag0,False,False,1975,985,85,0.6779017354485166,1.466343952681153,0.9775547368414805,2649,988,82,0.6413798146626108,1.3350310380354125,0.7403067902473314,False,False,False,not_variable,2.0
9000000000007870924,KIC 7870924,,,True,0,False,dsct_flag0,False,False,1976,986,85,0.6516439809227239,1.353890876649158,0.8276615044504757,2677,988,82,0.6955297982031363,1.3289051886032548,0.7093973556576124,False,False,False,not_variable,2.0
9000000000007878756,KIC 7878756,,,True,0,False,dsct_flag0,False,False,729,647,83,0.3123706585260308,1.0932146993022613,0.5761979453503923,1198,686,79,0.6579456972767345,0.9705201579231163,0.4049705771148728,False,False,False,not_variable,1.0
9000000000007879652,KIC 7879652,,,True,0,False,dsct_flag0,False,False,666,625,82,0.16895115078374048,1.03937545922014,0.6861263513631274,1155,651,78,0.6053523803938043,1.0727247871166377,0.5878887725550281,False,False,False,not_variable,1.0
9000000000007884564,KIC 7884564,,,True,0,False,dsct_flag0,False,False,114,58,25,0.5729725127174148,1.060854793353376,0.9013934853381936,146,67,22,0.7167855307355563,1.1296629628390973,0.8328128906911844,False,False,False,not_variable,2.0
9000000000007887356,KIC 7887356,,,True,0,False,dsct_flag0,False,False,730,650,82,0.2026741309226498,0.9447599270723372,0.6785527687241645,1245,692,78,0.484692826359994,1.085811034198655,0.6460829578467451,False,False,False,not_variable,1.0
9000000000007887400,KIC 7887400,,,True,0,False,dsct_flag0,False,False,727,647,82,0.24919781049905945,0.9912649494404571,0.6739162265449042,1241,687,78,0.46131003668291715,1.1115202793025027,0.741621169013317,False,False,False,not_variable,1.0
9000000000007888667,KIC 7888667,,,True,0,False,dsct_flag0,False,False,1407,807,84,0.9161694581291552,1.0905204033321716,0.7553171328393242,2333,838,81,0.8615684746494113,1.2481379942342807,0.6458106484583129,False,False,False,not_variable,2.0
9000000000007899309,KIC 7899309,,,True,0,False,dsct_flag0,False,False,760,639,82,0.3507975750298589,1.1416497692910479,0.6912652067103985,1198,689,81,0.6600512963149429,1.248776537936219,0.6275275995366622,False,False,False,not_variable,1.0
9000000000007903015,KIC 7903015,,,True,0,False,dsct_flag0,False,False,134,104,30,0.4333184226960328,1.0519710641928726,0.6175787697112508,308,110,29,0.7568100317921864,1.0647415743422068,1.0707953292189774,False,False,False,not_variable,1.0
9000000000007907387,KIC 7907387,,,True,0,False,dsct_flag0,False,False,345,252,57,0.4212133988505805,1.1101789942434932,0.9025097838863027,695,285,55,0.7990111276786886,1.2592820495345172,1.031218918439975,False,False,False,not_variable,1.0
9000000000007911106,KIC 7911106,,,True,0,False,dsct_flag0,False,False,754,635,82,0.4164343094069399,0.9889721157569887,0.5472371024599306,1196,690,80,0.7304670183941281,1.2580708023585794,0.7394590360902803,False,False,False,not_variable,1.0
9000000000007916156,KIC 7916156,,,True,0,False,dsct_flag0,False,False,755,642,82,0.30146802309765913,0.8775194921439852,0.5389184660568348,1201,694,80,0.5937306389995305,1.080786799563881,0.9144222399512859,False,False,False,not_variable,1.0
9000000000007940029,KIC 7940029,,,True,0,False,dsct_flag0,False,False,1973,985,85,0.6703010269281585,1.345706205153133,0.8858970653241364,2667,989,82,0.6933801736045129,1.2549409696560447,0.5452282785897492,False,False,False,not_variable,2.0
9000000000007941249,KIC 7941249,,,True,0,False,dsct_flag0,False,False,1978,985,85,0.6409225982291714,1.6079963110731703,1.1865973686373175,2700,992,82,0.7501372936803482,1.3224476971606276,0.7817765769283593,False,False,False,not_variable,2.0
9000000000007947440,KIC 7947440,,,True,0,False,dsct_flag0,False,False,730,648,83,0.2911778593278899,0.987978628862776,0.421230150850198,1188,687,79,0.5880132166777721,0.9030933869509002,0.3937609711563089,False,False,False,not_variable,1.0
9000000000007948075,KIC 7948075,,,True,0,False,dsct_flag0,False,False,54,37,18,0.31882137442047787,0.9289608888360871,0.9417021034213455,72,49,19,0.45754656255484943,1.2409611803997782,0.8514740325304808,False,False,False,not_variable,1.0
9000000000007948418,KIC 7948418,,,True,0,False,dsct_flag0,False,False,438,375,72,0.3618357001060134,1.0826351394353113,0.7001817943733244,939,421,71,0.7126609896088474,1.160574368788242,0.9024576131571844,False,False,False,not_variable,1.0
9000000000007948710,KIC 7948710,,,True,0,False,dsct_flag0,False,False,670,628,82,0.2071938167437013,1.0313359107452718,0.5975380526490528,1155,655,78,0.6099520421921893,1.0048555572090243,0.4475215945856499,False,False,False,not_variable,1.0
9000000000007948976,KIC 7948976,,,True,0,False,dsct_flag0,False,False,722,640,82,0.2011435753260682,0.97180261123197,0.643474114786019,1222,681,78,0.5378542409770863,0.9959822105345506,0.4931026862820198,False,False,False,not_variable,1.0
9000000000007968267,KIC 7968267,,,True,0,False,dsct_flag0,False,False,763,642,82,0.3136657561295502,1.564573910585093,0.7523453071004991,1200,689,81,0.6098816613443541,1.3165984276531857,0.6455490578875063,False,False,False,not_variable,1.0
9000000000007969805,KIC 7969805,,,True,0,False,dsct_flag0,False,False,690,593,81,0.3952127792563889,0.9239464973130199,0.665725966204344,958,651,77,0.6595316354723674,1.0666621074842084,1.1530529198457335,False,False,False,not_variable,1.0
9000000000007973052,KIC 7973052,,,True,0,False,dsct_flag0,False,False,760,637,82,0.3870846182077302,0.9592659313068588,0.543968413533687,1199,688,80,0.6600754801964864,0.9563490975630123,0.49025960123473883,False,False,False,not_variable,1.0
9000000000007976554,KIC 7976554,,,True,0,False,dsct_flag0,False,False,759,637,82,0.33038668920968767,0.9152408792872935,0.6179752250569603,1203,693,80,0.583736924091158,1.030190656850886,0.8945865132683698,False,False,False,not_variable,1.0
9000000000007978226,KIC 7978226,,,True,0,False,dsct_flag0,False,False,754,635,82,0.3013266079913626,0.8931252526916638,0.5339150597231989,1196,690,80,0.6417119460349421,0.9299913341903676,0.5414905201446447,False,False,False,not_variable,1.0
9000000000007984628,KIC 7984628,,,True,0,False,dsct_flag0,False,False,754,642,82,0.3820105364980534,0.9550105325524632,0.5623361659531915,1199,694,80,0.5309934765807086,0.9472285557029966,0.6419972545212258,False,False,False,not_variable,1.0
9000000000007987171,KIC 7987171,,,True,0,False,dsct_flag0,False,False,1583,912,83,0.6534393299594896,0.9113944099848545,0.6147511437943672,2207,965,80,0.6826734423119194,0.9489838251407096,0.6453830614184494,False,False,False,not_variable,2.0
9000000000008004971,KIC 8004971,,,True,0,False,dsct_flag0,False,False,1367,812,82,0.432150027791363,1.0008854294404477,1.3035043620674684,1592,800,79,0.5468511186641719,0.9610706588166708,0.8292375542902892,False,False,False,not_variable,1.0
9000000000008007650,KIC 8007650,,,True,0,False,dsct_flag0,False,False,1929,976,85,0.8175540266855548,1.352395325183357,0.9252674787471061,2604,977,82,0.7900650856811464,1.3582437400019438,0.974954884821431,False,False,False,not_variable,2.0
9000000000008008884,KIC 8008884,,,True,0,False,dsct_flag0,False,False,1969,982,84,0.6365963762057688,1.356702556382241,0.932262098373948,2655,986,82,0.7014301046103867,1.2316184692945316,0.585168997246247,False,False,False,not_variable,2.0
9000000000008013549,KIC 8013549,,,True,0,False,dsct_flag0,False,False,728,646,83,0.2860381917310669,1.0383260144861313,0.6791589463087766,1236,687,79,0.6362319877091094,0.9640961211599183,0.46286767949393137,False,False,False,not_variable,1.0
9000000000008016157,KIC 8016157,,,True,0,False,dsct_flag0,False,False,731,649,83,0.2608137282531164,1.0600923738454104,0.6910750533609125,1198,687,79,0.6477738213465978,0.9448600939919656,0.40620320806263305,False,False,False,not_variable,1.0
9000000000008016288,KIC 8016288,,,True,0,False,dsct_flag0,False,False,729,647,83,0.3166241107900621,1.0432688690439729,0.6483372757518432,1192,688,79,0.641739291327397,0.9349559079721393,0.4536773443502087,False,False,False,not_variable,1.0
9000000000008016375,KIC 8016375,,,True,0,False,dsct_flag0,False,False,728,647,83,0.30282036175058735,1.041397501151407,0.6074867408836347,1189,688,79,0.6296741163290065,0.9412275683209468,0.3968572341231991,False,False,False,not_variable,1.0
9000000000008017775,KIC 8017775,,,True,0,False,dsct_flag0,False,False,721,639,82,0.2528023122016951,0.9746593566298153,0.6947577298320282,1172,660,78,0.5108336133824855,1.0242659205444091,0.4738230795825883,False,False,False,not_variable,1.0
9000000000008018404,KIC 8018404,,,True,0,False,dsct_flag0,False,False,722,640,82,0.2761423397417249,1.0906567899111945,0.7608238423151052,1208,682,78,0.5877278440587149,0.9982877188927224,0.531387262755246,False,False,False,not_variable,1.0
9000000000008022031,KIC 8022031,,,True,0,False,dsct_flag0,False,False,781,654,82,0.3203231548577431,1.1231892512452226,0.7433670818437464,1298,691,78,0.6493860945411233,1.1447620044577242,0.622510587832097,False,False,False,not_variable,1.0
9000000000008022864,KIC 8022864,,,True,0,False,dsct_flag0,False,False,728,649,82,0.2157407885400501,1.061059904120493,0.7850734313380726,1235,690,78,0.5430600074548874,1.0992995142598045,0.6094915697284595,False,False,False,not_variable,1.0
9000000000008023323,KIC 8023323,,,True,0,False,dsct_flag0,False,False,728,648,82,0.2706437880870775,1.0901351432746844,0.781504477702475,1250,690,78,0.8405367494682953,1.4786456156195549,0.6598144854454708,False,False,False,not_variable,1.0
9000000000008024429,KIC 8024429,,,True,0,False,dsct_flag0,False,False,724,645,82,0.18296305237466792,0.8565033621093262,0.6590202779004146,1234,689,78,0.40583869510423276,0.9898419741053623,0.6315321297721136,False,False,False,not_variable,1.0
9000000000008025538,KIC 8025538,,,True,0,False,dsct_flag0,False,False,1353,795,84,1.1233284373846242,1.4346653141510382,0.7340751892077141,2265,833,81,0.8494455071648003,1.3759007427523957,0.6804847917844372,False,False,False,not_variable,2.0
9000000000008027545,KIC 8027545,,,True,0,False,dsct_flag0,False,False,1349,792,84,0.8967196067365247,1.0869535200520806,0.9185821403733506,2261,816,81,0.7191965006525316,1.2558565924101397,0.6243201451415681,False,False,False,not_variable,2.0
9000000000008035262,KIC 8035262,,,True,0,False,dsct_flag0,False,False,715,636,82,0.2954064893711121,1.0735307224885697,0.6721581174371631,1157,680,81,0.6035048505103008,1.0195900298387042,0.685893965277469,False,False,False,not_variable,1.0
9000000000008036406,KIC 8036406,,,True,0,False,dsct_flag0,False,False,527,422,74,0.4248496459001166,1.1077147021821798,0.7611092006850273,946,461,76,0.7036387623316542,1.0048324656977468,0.8204658224208636,False,False,False,not_variable,1.0
9000000000008040549,KIC 8040549,,,True,0,False,dsct_flag0,False,False,62,43,21,0.314505131169676,0.8113044329202155,0.46888200122768925,79,54,22,0.6485742678343911,1.2564939297947657,1.5588630934594823,False,False,False,not_variable,1.0
9000000000008043202,KIC 8043202,,,True,0,False,dsct_flag0,False,False,697,623,82,0.2889626014914582,1.0307357200017186,0.7008679577014505,1118,662,80,0.5646806695032828,1.0290653086481374,0.5707702972870939,False,False,False,not_variable,1.0
9000000000008044075,KIC 8044075,,,True,0,False,dsct_flag0,False,False,758,635,82,0.38870547451953147,1.0047952018199175,0.7334882718886365,1188,685,80,0.5446689684604471,1.1302013480698396,0.6716425293630464,False,False,False,not_variable,1.0
9000000000008051642,KIC 8051642,,,True,0,False,dsct_flag0,False,False,815,643,82,0.45229766300624574,1.0920577009631338,0.7395982304666572,1278,702,80,0.6661279330565717,1.108368505313519,0.9686004120259896,False,False,False,not_variable,1.0
9000000000008053478,KIC 8053478,,,True,0,False,dsct_flag0,False,False,757,644,82,0.3352801665715398,1.0463415204283328,0.5378392567667908,1201,695,80,0.6133694846111236,1.0463410387629577,0.6829823122570852,False,False,False,not_variable,1.0
9000000000008059884,KIC 8059884,,,True,0,False,dsct_flag0,False,False,1529,911,83,0.9598540959076953,1.1451405405947688,0.8320101690025308,2156,962,80,0.7520145047003631,1.1661185185967404,0.7665676362423949,False,False,False,not_variable,1.0
9000000000008076074,KIC 8076074,,,True,0,False,dsct_flag0,False,False,1315,809,81,0.35276678705890663,1.1440201703207564,0.8772691021254668,1560,806,78,0.46263787181842914,1.0538112155805766,0.7624550581447678,False,False,False,not_variable,1.0
9000000000008080973,KIC 8080973,,,True,0,False,dsct_flag0,False,False,54,37,18,0.42651467999670606,0.8095811529302157,0.9186766428333809,72,49,19,0.42411680833924875,1.3201692703942376,0.9570528200725983,False,False,False,not_variable,1.0
9000000000008082126,KIC 8082126,,,True,0,False,dsct_flag0,False,False,720,640,83,0.30613843090181925,0.9942521067599241,0.6281502562644974,1105,642,78,0.587446055118574,0.9221287891998461,0.4733849819599102,False,False,False,not_variable,1.0
9000000000008082140,KIC 8082140,,,True,0,False,dsct_flag0,False,False,727,645,83,0.31189274280830565,1.095609543156611,0.6677721117882535,1233,684,79,0.6477211953475939,0.9940905570799791,0.508448216411922,False,False,False,not_variable,1.0
9000000000008085699,KIC 8085699,,,True,0,False,dsct_flag0,False,False,54,37,18,0.29921986357795843,0.983309199532827,1.0483509360417262,71,48,19,0.5417966597099789,1.233436294856172,1.0176664111480205,False,False,False,not_variable,1.0
9000000000008085770,KIC 8085770,,,True,0,False,dsct_flag0,False,False,1237,792,83,0.6988554701408469,1.6252675118899707,1.2625150390569795,1477,791,79,0.7959386466592322,1.2837244247816308,0.9371279364629891,False,False,False,not_variable,1.0
9000000000008086885,KIC 8086885,,,True,0,False,dsct_flag0,False,False,1913,963,84,1.0786322239851378,1.6041271384945932,1.0846773811151096,2642,986,81,1.0572131117377206,1.3548199212339225,0.9078316225105934,False,False,False,not_variable,2.0
9000000000008088090,KIC 8088090,,,True,0,False,dsct_flag0,False,False,1808,914,84,1.3550302420674947,1.975040031208604,1.5940093739471308,2569,925,80,0.9380219224471693,1.6248014327752989,1.0333424851491415,False,False,False,not_variable,2.0
9000000000008090158,KIC 8090158,,,True,0,False,dsct_flag0,False,False,672,630,82,0.21887050612609604,0.9632929917708076,0.6489805472145066,1158,656,78,0.576313796552712,0.8667537150131291,0.4608946886218328,False,False,False,not_variable,1.0
9000000000008091449,KIC 8091449,,,True,0,False,dsct_flag0,False,False,112,57,25,0.7638447731327707,1.336883932032041,1.0039679493948912,146,68,22,0.6756534428984367,1.5143626669919485,0.6738395656087828,False,False,False,not_variable,2.0
9000000000008094120,KIC 8094120,,,True,0,False,dsct_flag0,False,False,716,644,82,0.2062092309357153,0.8857153492269314,0.5776771792921004,1159,659,78,0.5127328209534255,1.0491464617097306,0.6312288516929189,False,False,False,not_variable,1.0
9000000000008094377,KIC 8094377,,,True,0,False,dsct_flag0,False,False,1166,757,84,0.6512922301523311,1.155130910326409,0.7855654096540496,2081,793,81,0.8334494079856193,1.3677449967298694,0.6736629827043137,False,False,False,not_variable,1.0
9000000000008099421,KIC 8099421,,,True,0,False,dsct_flag0,False,False,749,634,82,0.3684367036035198,0.8961272488049705,0.565511859577563,1193,687,81,0.6114644941772402,1.028591200573745,0.9324921912249434,False,False,False,not_variable,1.0
9000000000008104065,KIC 8104065,,,True,0,False,dsct_flag0,False,False,717,633,82,0.30727622539768307,1.0388463480181556,0.6675640110285606,1161,682,81,0.5651005781651828,1.072774152078037,0.7843628516813763,False,False,False,not_variable,1.0
9000000000008105657,KIC 8105657,,,True,0,False,dsct_flag0,False,False,757,638,82,0.36323353007385273,0.9736565455999611,0.7206308724093988,1197,688,81,0.5713597151556675,0.9281179822867284,0.6974150928514941,False,False,False,not_variable,1.0
9000000000008107159,KIC 8107159,,,True,0,False,dsct_flag0,False,False,762,641,82,0.3387498860830355,0.9965730979709421,0.7077937441952206,1198,690,81,0.62575433974179,1.0183950013938525,0.7345466258016237,False,False,False,not_variable,1.0
9000000000008108613,KIC 8108613,,,True,0,False,dsct_flag0,False,False,763,642,82,0.3694853594717089,1.08186295992162,0.7867757375819546,1200,689,81,0.7449012265172433,1.1222039947696574,0.8362832571813817,False,False,False,not_variable,1.0
9000000000008108707,KIC 8108707,,,True,0,False,dsct_flag0,False,False,62,43,21,0.2653753198982837,0.8154013429508494,0.6474753921937386,79,54,22,0.43828986276458415,1.137010857572985,1.1910217783798334,False,False,False,not_variable,1.0
9000000000008109692,KIC 8109692,,,True,0,False,dsct_flag0,False,False,1796,880,85,0.5705301419373278,1.1798209203452603,1.0375713236589377,1182,685,80,0.6226575769949341,1.116063953286666,0.6478881102557899,False,False,False,not_variable,2.0
9000000000008110260,KIC 8110260,,,True,0,False,dsct_flag0,False,False,757,634,82,0.34765292212997034,0.975379143123235,0.6781217215060834,1197,687,80,0.6268789409681211,1.0401449969170808,0.6534137849499542,False,False,False,not_variable,1.0
9000000000008110463,KIC 8110463,,,True,0,False,dsct_flag0,False,False,756,634,82,0.36943631886220485,0.8453566071992681,0.3910910574527708,1196,688,80,0.5987181923070501,0.9428555492987455,0.6059012998503692,False,False,False,not_variable,1.0
9000000000008111473,KIC 8111473,,,True,0,False,dsct_flag0,False,False,1809,883,85,0.706038679874281,1.4311991041527783,1.3305481468738594,1127,664,80,0.566619747453921,1.076957664855375,0.6414594520720027,False,False,False,not_variable,2.0
9000000000008114921,KIC 8114921,,,True,0,False,dsct_flag0,False,False,1838,888,84,0.727744477663862,1.6650028485419934,1.3038332978944869,2548,912,81,1.0108640311712458,1.7877259925732294,1.3131196515037236,False,False,False,not_variable,2.0
9000000000008123170,KIC 8123170,,,True,0,False,dsct_flag0,False,False,1551,899,84,0.7218389101952436,1.096561394310859,0.5746423283893498,2155,944,82,0.8871671689592585,1.082080993849379,0.6885756460485677,False,False,False,not_variable,2.0
9000000000008125229,KIC 8125229,,,True,0,False,dsct_flag0,False,False,1564,915,83,0.7485605004705823,1.022481762733053,0.6985059320199068,2128,953,80,0.7233172899879184,1.0780438875746166,0.7018687250039338,False,False,False,not_variable,2.0
9000000000008128675,KIC 8128675,,,True,0,False,dsct_flag0,False,False,1534,913,83,0.8529527893678024,1.127694327498413,0.6520764613998584,2159,964,80,0.7584277667078279,1.2207727789602267,0.870643871270093,False,False,False,not_variable,1.0
9000000000008128718,KIC 8128718,,,True,0,False,dsct_flag0,False,False,1533,912,83,0.906967334366672,1.1012216296496808,0.7162322174366462,2162,964,80,0.8199416188846675,1.1418449577928667,0.7130720421809491,False,False,False,not_variable,1.5
9000000000008128726,KIC 8128726,,,True,0,False,dsct_flag0,False,False,1528,912,83,0.8750822410253833,1.1399900449947902,0.7299052995955629,2154,961,80,0.8264416830234825,1.2632809976154795,0.9083425076994934,False,False,False,not_variable,1.0
9000000000008129042,KIC 8129042,,,True,0,False,dsct_flag0,False,False,911,748,77,0.3264349323179133,0.8251637155525738,0.5662245136440947,1123,795,75,0.5483038479038846,0.9262024766428475,0.46897089603502495,False,False,False,not_variable,1.0
9000000000008129065,KIC 8129065,,,True,0,False,dsct_flag0,False,False,909,748,77,0.31400795027482653,0.827634990987592,0.5324725176061108,1122,794,75,0.5426094528796951,0.8662893336574345,0.434260196135122,False,False,False,not_variable,1.0
9000000000008142467,KIC 8142467,,,True,0,False,dsct_flag0,False,False,2460,967,86,0.6779258195177598,1.285467965041975,1.873866035978574,2923,969,81,0.985344362860302,1.5393569571523196,1.1783246984237061,False,False,False,not_variable,2.0
9000000000008155006,KIC 8155006,,,True,0,False,dsct_flag0,False,False,2390,981,84,0.8427726960550476,1.3399963081078488,0.6703726760652222,3355,996,82,0.9877084730938086,1.7033661369611144,0.9655784929651602,False,False,False,not_variable,2.0
9000000000008156344,KIC 8156344,,,True,0,False,dsct_flag0,False,False,1788,909,84,1.111039297807835,1.4185670236406507,1.4281313235981072,2556,917,80,0.9569264577508305,1.3866096357495876,0.8484446342528279,False,False,False,not_variable,2.0
9000000000008158116,KIC 8158116,,,True,0,False,dsct_flag0,False,False,1794,912,84,0.60918685766616,1.2700774046992256,0.9324475395061432,2590,933,83,0.8219816338072143,1.3687664543144478,0.8716601662709554,False,False,False,not_variable,2.0
9000000000008158974,KIC 8158974,,,True,0,False,dsct_flag0,False,False,1726,897,84,1.0387228911577246,1.389073049711207,0.8328653963663492,1146,655,78,0.6142193935143218,1.0938662375484718,0.6945456618133395,False,False,False,not_variable,2.0
9000000000008161226,KIC 8161226,,,True,0,False,dsct_flag0,False,False,1227,783,84,0.5283037383778254,1.0837337221645542,0.8207721045070208,2041,804,82,1.0223849320142488,1.5306507076506737,1.165654944103921,False,False,False,not_variable,1.0
9000000000008165824,KIC 8165824,,,True,0,False,dsct_flag0,False,False,1927,908,84,0.857934442237773,1.5754915258788085,1.1932945587142034,3119,935,83,1.135278894845118,1.5741467893921846,1.0145090001981565,False,False,False,not_variable,2.0
9000000000008168155,KIC 8168155,,,True,0,False,dsct_flag0,False,False,688,619,82,0.22834326634911276,0.8660939678931027,0.6340392729905777,1115,660,81,0.5401611257370913,1.0870058744105902,0.9339251954435938,False,False,False,not_variable,1.0
9000000000008172974,KIC 8172974,,,True,0,False,dsct_flag0,False,False,1795,882,84,0.6175187037037216,1.2989884433025192,0.9058983549252413,2582,916,82,0.9380789113190575,1.347241293093277,0.8850053433816154,False,False,False,not_variable,2.0
9000000000008173002,KIC 8173002,,,True,0,False,dsct_flag0,False,False,1766,876,84,0.6563762328877514,4.082310787610212,0.8366584077300081,1119,663,81,0.7251168720907563,1.1199769984229235,0.7237924144984339,True,True,False,variable,2.0
9000000000008174193,KIC 8174193,,,True,0,False,dsct_flag0,False,False,1798,884,84,0.5584126622134389,1.1429587582698382,0.8973973148009547,2586,914,83,0.8930356554554566,1.2408527121867106,0.8560236439981859,False,False,False,not_variable,2.0
9000000000008179140,KIC 8179140,,,True,0,False,dsct_flag0,False,False,1811,888,85,0.6017627064006779,1.1278395044633525,0.6091481742098317,2573,915,83,0.9072349011641455,1.356948899156713,1.2868567105030566,False,False,False,not_variable,2.0
9000000000008180062,KIC 8180062,,,True,0,False,dsct_flag0,False,False,1456,837,85,0.6971129565974147,1.2394630672346985,1.6453467366769918,2338,907,82,1.124113122660438,1.48641785055481,0.7267903770503942,False,False,False,not_variable,2.0
9000000000008189504,KIC 8189504,,,True,0,False,dsct_flag0,False,False,1348,791,85,0.6616838775155774,1.1714970070180906,0.7398721011933284,2282,832,82,0.8596854117313234,1.3044037944848939,0.9160559750982464,False,False,False,not_variable,2.0
9000000000008197270,KIC 8197270,,,True,0,False,dsct_flag0,False,False,1484,881,82,0.9066190809586288,1.1736511316870588,0.8137647073251292,2201,914,78,0.7831549760636721,1.0621475383772674,0.9005184217891569,False,False,False,not_variable,2.0
9000000000008197351,KIC 8197351,,,True,0,False,dsct_flag0,False,False,1478,881,82,1.0088299066936206,1.3279109233812065,1.0569675039621715,2184,913,78,0.826257071519979,0.8957447177074754,0.7120598860474071,False,False,False,not_variable,2.0
9000000000008197607,KIC 8197607,,,True,0,False,dsct_flag0,False,False,1493,883,82,0.8560026588597833,1.0666151357023486,0.7045606768498851,2207,915,78,0.8190989235766184,1.0312622881752893,0.7444479788150122,False,False,False,not_variable,2.0
9000000000008214278,KIC 8214278,,,True,0,False,dsct_flag0,False,False,3070,1069,84,1.223861060578104,1.8531490566175566,1.1955246110039766,3983,1085,82,1.1471343505013174,1.713248151135277,1.0952604594825879,False,False,False,not_variable,2.0
9000000000008214282,KIC 8214282,,,True,0,False,dsct_flag0,False,False,3070,1070,85,1.1720624611484702,1.8302239335640065,1.2233921663438052,4012,1084,82,1.22172293811396,1.7125849145181513,1.0596907162657538,False,False,False,not_variable,2.0
9000000000008216930,KIC 8216930,,,True,0,False,dsct_flag0,False,False,1888,959,84,0.8276724669061631,1.2249738925007556,0.7660389720508533,2628,996,82,0.9587203858881538,1.2868589947631641,0.6794470792945353,False,False,False,not_variable,2.0
9000000000008217141,KIC 8217141,,,True,0,False,dsct_flag0,False,False,1217,790,84,0.49699540137396997,0.9421131147054185,0.7605106603188353,1422,791,81,0.7471689165046066,1.0176677259941436,0.5699917671225574,False,False,False,not_variable,1.0
9000000000008217144,KIC 8217144,,,True,0,False,dsct_flag0,False,False,1220,791,84,0.5286075966988628,0.9986163636090062,0.7000184687373072,1457,795,81,0.7233130764731371,1.0143146419311095,0.566844797925184,False,False,False,not_variable,1.0
9000000000008226461,KIC 8226461,,,True,0,False,dsct_flag0,False,False,1794,910,84,0.6987799852721172,1.339572717532122,0.6857888557113577,2606,933,83,0.8292499707751744,1.3362087452650495,0.635283312790381,False,False,False,not_variable,2.0
9000000000008227801,KIC 8227801,,,True,0,False,dsct_flag0,False,False,1793,910,84,0.860220929261752,1.3855642532575607,0.7571068515505339,2604,932,83,0.9337643092308121,1.608105584118317,1.0866099448728204,False,False,False,not_variable,2.0
9000000000008232543,KIC 8232543,,,True,0,False,dsct_flag0,False,False,2247,946,84,1.1107876723057917,2.065748144734929,1.865252531767007,3261,987,83,1.2466949641663536,2.0167112804095626,1.6285593998090087,False,False,False,not_variable,2.0
9000000000008235965,KIC 8235965,,,True,0,False,dsct_flag0,False,False,1137,736,83,0.7154597414347479,1.081824971956476,0.7959866750977779,1906,771,83,0.8461808237143646,1.2134205000337008,0.8565576726462831,False,False,False,not_variable,1.0
9000000000008236185,KIC 8236185,,,True,0,False,dsct_flag0,False,False,1791,883,84,0.5542288910728354,1.1277924523978724,0.8904840981494893,2570,913,83,0.9813765128690711,1.580472610290818,0.8986087977265954,False,False,False,not_variable,2.0
9000000000008240902,KIC 8240902,,,True,0,False,dsct_flag0,False,False,1780,875,84,0.7382765777304819,3.6141039002102544,0.701181047201558,2521,896,83,0.8611323993913613,1.3995102156312627,0.726544177776237,True,True,False,variable,2.0
9000000000008243371,KIC 8243371,,,True,0,False,dsct_flag0,False,False,699,627,82,0.2646402330716703,1.0010227506006617,0.6369641686382271,1114,658,81,0.6659158705114728,1.2457918031038562,0.8571968924655718,False,False,False,not_variable,1.0
9000000000008243559,KIC 8243559,,,True,0,False,dsct_flag0,False,False,698,627,82,0.26045047621056655,3.0461308365790516,0.5504033384635788,1117,663,81,0.6234707612336731,1.1116903157815787,0.646782757740131,True,True,False,variable,1.0
9000000000008245118,KIC 8245118,,,True,0,False,dsct_flag0,False,False,1764,878,85,0.6577400438449682,1.1337729151279363,1.004374604939084,2502,907,83,0.9916551068407802,1.5488185609858152,0.9654252287338658,False,False,False,not_variable,2.0
9000000000008248036,KIC 8248036,,,True,0,False,dsct_flag0,False,False,1791,883,84,0.6266945063468012,1.1995152252501753,0.7418677324851314,2552,910,82,0.8686233362440127,1.438749642672377,0.7495591279605728,False,False,False,not_variable,2.0
9000000000008250483,KIC 8250483,,,True,0,False,dsct_flag0,False,False,1785,883,84,0.6209420160147598,1.0771769848286827,0.7047696757036599,2549,911,82,0.9699150169819791,1.5968152839586496,0.9527263614369743,False,False,False,not_variable,2.0
9000000000008250687,KIC 8250687,,,True,0,False,dsct_flag0,False,False,1785,883,84,0.578653215689028,1.032195605703736,0.6466511442253148,2555,911,82,0.9203486302612778,1.518844996400208,0.8956763161841216,False,False,False,not_variable,2.0
9000000000008263876,KIC 8263876,,,True,0,False,dsct_flag0,False,False,1494,884,82,0.8800622598798692,1.322965882004255,0.8828119367764062,2209,915,78,0.8290359619342862,1.1714352536617139,0.656632173875318,False,False,False,not_variable,2.0
9000000000008264155,KIC 8264155,,,True,0,False,dsct_flag0,False,False,1494,884,82,0.9096724684308859,1.1373875189138423,0.7072894889011034,2209,916,78,0.8554931140191279,0.9962070776489023,0.6817314891022076,False,False,False,not_variable,2.0
9000000000008264563,KIC 8264563,,,True,0,False,dsct_flag0,False,False,1485,881,82,1.0044354463009348,1.1906513386545887,0.7247833908713173,2199,914,78,0.9899946121591873,1.071528574329465,0.6024683954131268,False,False,False,not_variable,2.0
9000000000008264617,KIC 8264617,,,True,0,False,dsct_flag0,False,False,1489,883,82,1.237383560828492,4.500356104954355,2.2118274781377893,2208,914,78,1.6900866965521686,3.69265940879822,1.6354454133965517,True,True,False,variable,2.0
9000000000008264798,KIC 8264798,,,True,0,False,dsct_flag0,False,False,1492,883,82,0.8748983452547017,1.1267751591498463,0.8507745626123362,2207,916,78,0.9809304164524446,1.2463746720015385,1.0881985527587181,False,False,False,not_variable,2.0
9000000000008265014,KIC 8265014,,,True,0,False,dsct_flag0,False,False,1495,885,82,0.9291677882375696,1.1488931564028146,0.6275991742408297,2211,915,78,0.8961397534421163,1.047171726341315,0.7338053209083728,False,False,False,not_variable,2.0
9000000000008265194,KIC 8265194,,,True,0,False,dsct_flag0,False,False,1484,881,82,1.070221288515659,1.287556128550709,0.7757476062728902,2200,913,78,0.8794645055710584,1.061599718947663,0.8301468065114153,False,False,False,not_variable,2.0
9000000000008265508,KIC 8265508,,,True,0,False,dsct_flag0,False,False,1314,839,82,0.9483568891800666,1.1669819478698809,0.8275873028457004,2017,873,78,0.8607106323707929,1.024952887357972,0.44550867646457143,False,False,False,not_variable,1.0
9000000000008265785,KIC 8265785,,,True,0,False,dsct_flag0,False,False,1493,883,82,1.139343012963872,1.299240104302979,0.7339132870763734,2211,917,78,0.8926172553512058,1.02079996342012,0.5486169034515634,False,False,False,not_variable,2.0
9000000000008284088,KIC 8284088,,,True,0,False,dsct_flag0,False,False,1877,957,84,0.8977610292412594,1.176064773598651,0.5577275123935294,2587,989,82,0.8712981450844326,1.3095387240302705,0.6327366588887304,False,False,False,not_variable,2.0
9000000000008284991,KIC 8284991,,,True,0,False,dsct_flag0,False,False,594,555,82,0.20298303179995666,2.513439973943725,1.5204781410113137,825,561,78,1.0449653976015167,1.9209058950336886,1.1544318763221944,True,True,False,variable,1.0
9000000000008285320,KIC 8285320,,,True,0,False,dsct_flag0,False,False,953,588,76,0.6519810089196313,1.4638994610133813,1.4254198745633355,1392,603,74,1.0509532201047866,2.3466206850670535,1.2936956761969625,False,False,False,not_variable,1.0
9000000000008285394,KIC 8285394,,,True,0,False,dsct_flag0,False,False,1644,926,83,0.9806908810808913,1.424714953117685,0.7147609563532741,2088,941,82,1.2571247087801476,1.8353243987448706,1.0180287631435492,False,False,False,not_variable,1.5
9000000000008288203,KIC 8288203,,,True,0,False,dsct_flag0,False,False,1201,784,83,0.5757899720978089,0.8838425116168683,0.5196099138689076,1434,785,79,0.7177895365476624,0.934251761574003,0.6222876302509371,False,False,False,not_variable,1.0
9000000000008289358,KIC 8289358,,,True,0,False,dsct_flag0,False,False,2826,1056,84,1.0252022821274274,1.2159611657321199,0.6407686482626958,3590,1063,82,0.9854013411506585,1.4647275144067975,0.5918082856173044,False,False,False,not_variable,2.0
9000000000008291886,KIC 8291886,,,True,0,False,dsct_flag0,False,False,1293,768,81,0.5684823657262728,0.9621455265844224,0.744116082866292,1581,766,82,0.7603618074827981,1.0442854716181857,0.6314123255150526,False,False,False,not_variable,1.0
9000000000008294536,KIC 8294536,,,True,0,False,dsct_flag0,False,False,1773,904,84,0.9333718975419691,1.4392301272483425,0.8756680588755307,2509,931,83,1.0256617945473516,1.3683570485376735,0.7039210094368312,False,False,False,not_variable,2.0
9000000000008297893,KIC 8297893,,,True,0,False,dsct_flag0,False,False,1144,738,81,0.4096465381898068,0.7593586125699222,0.562506765952875,1520,769,82,0.7417418087476078,1.017139123069455,0.6098273827143178,False,False,False,not_variable,1.0
9000000000008301034,KIC 8301034,,,True,0,False,dsct_flag0,False,False,1732,868,84,0.6749171897445285,1.1192524698158748,0.5806708365414034,2544,909,82,1.018599794984216,1.6668994744044279,0.804435296598736,False,False,False,not_variable,2.0
9000000000008307700,KIC 8307700,,,True,0,False,dsct_flag0,False,False,1780,883,84,0.8118888933397981,1.2031860708809596,0.9113058627265263,2568,912,83,1.0707857865887465,1.596623859993584,0.8014364466382532,False,False,False,not_variable,2.0
9000000000008308209,KIC 8308209,,,True,0,False,dsct_flag0,False,False,1635,862,84,1.5506823430359815,1.96912537600954,0.952829127575314,2142,872,83,3.071469963559371,3.0432376402727246,1.5753868000170332,True,False,False,variable,2.0
9000000000008313084,KIC 8313084,,,True,0,False,dsct_flag0,False,False,1832,890,85,0.7570947120287569,1.159023676316132,0.5996217360066336,2622,923,83,1.0414688629464979,1.439278545881466,0.9564390990413044,False,False,False,not_variable,2.0
9000000000008313281,KIC 8313281,,,True,0,False,dsct_flag0,False,False,1801,889,85,0.7293451957710076,1.1429159423047617,0.7816146650305453,2564,913,83,0.9622561590942105,1.3908026335235357,1.049575129956487,False,False,False,not_variable,2.0
9000000000008314392,KIC 8314392,,,True,0,False,dsct_flag0,False,False,1781,884,84,0.7082969688725508,1.227856024961126,0.7492952952393743,2547,909,82,1.1993082673077735,1.5938913646420496,0.8342837911304133,False,False,False,not_variable,2.0
9000000000008316616,KIC 8316616,,,True,0,False,dsct_flag0,False,False,1818,888,84,0.9480701576046454,1.2812511723178437,0.8477395724371831,2622,922,82,1.2965122924492058,1.5186388255159813,0.9047134175457622,False,False,False,not_variable,2.0
9000000000008323931,KIC 8323931,,,True,0,False,dsct_flag0,False,False,714,619,80,0.2335703676021385,0.9469442106035478,0.6458596980834267,1462,742,77,0.8693038022340064,1.2850313671194125,0.5936752358502067,False,False,False,not_variable,1.0
9000000000008329267,KIC 8329267,,,True,0,False,dsct_flag0,False,False,645,594,80,0.20321878529138862,0.9073300194800946,0.6817497826752456,1336,703,77,0.66398077664549,1.127064426760179,0.7032525981667204,False,False,False,not_variable,1.0
9000000000008329902,KIC 8329902,,,True,0,False,dsct_flag0,False,False,1214,792,81,0.653065861795324,1.1838065763747692,0.8094937313533087,1846,815,77,0.8256194762517169,1.110637218156507,0.7294776472156108,False,False,False,not_variable,1.0
9000000000008330222,KIC 8330222,,,True,0,False,dsct_flag0,False,False,1447,866,82,1.1017608347813528,1.9379635081831734,1.186618309689113,2159,897,78,1.0535589577076143,1.5955462413923447,0.9630107408634909,False,False,False,not_variable,2.0
9000000000008330312,KIC 8330312,,,True,0,False,dsct_flag0,False,False,1445,867,82,1.116071929856848,1.3711633079744063,0.7521579980428915,2153,893,78,1.0056611694352586,1.2301901600088934,0.7392255779344177,False,False,False,not_variable,2.0
9000000000008330793,KIC 8330793,,,True,0,False,dsct_flag0,False,False,1465,870,82,1.1626008343437455,1.3414638516239386,0.7957396733631865,2173,906,78,1.1448438097830533,1.3412355643980534,0.7621312711132201,False,False,False,not_variable,2.0
9000000000008331734,KIC 8331734,,,True,0,False,dsct_flag0,False,False,1478,875,82,1.202192270576701,1.297800380005065,0.6682017884334064,2199,911,78,0.9815358325690758,1.072958197874127,0.6585702675480857,False,False,False,not_variable,2.0
9000000000008332426,KIC 8332426,,,True,0,False,dsct_flag0,False,False,1465,871,82,1.4722521244335969,1.5693862356972423,0.8955317525988783,2187,909,78,1.0658550624752343,1.3683406327836898,0.793182659026545,False,False,False,not_variable,2.0
9000000000008344551,KIC 8344551,,,True,0,False,dsct_flag0,False,False,995,580,78,0.4830816007916115,0.9667797879195577,0.7296994791933878,1274,582,74,0.9494512808740162,1.0795553731774654,0.8265634478286563,False,False,False,not_variable,1.0
9000000000008344591,KIC 8344591,,,True,0,False,dsct_flag0,False,False,1221,788,83,0.46006883864039105,0.9407816517650536,0.7088362027647935,1521,800,80,0.8526354118400904,1.0478216511782528,0.5964995626389926,False,False,False,not_variable,1.0
9000000000008346347,KIC 8346347,,,True,0,False,dsct_flag0,False,False,1220,789,83,0.417157485292129,0.7706057587489797,0.5420825569037737,1244,758,80,0.6217687580288266,0.9441744288582067,0.47853941403872197,False,False,False,not_variable,1.0
9000000000008350577,KIC 8350577,,,True,0,False,dsct_flag0,False,False,1274,804,84,0.4382925182070881,0.7634193440387983,0.5435612999753242,1533,813,81,0.6606584894067605,0.8684806077520074,0.6477409007983999,False,False,False,not_variable,1.0
9000000000008351067,KIC 8351067,,,True,0,False,dsct_flag0,False,False,1271,803,84,0.48833718047092506,0.8996720702170332,0.6415284165336209,1529,813,81,0.6747107266623297,1.0027694732891728,0.5809512691444491,False,False,False,not_variable,1.0
9000000000008355275,KIC 8355275,,,True,0,False,dsct_flag0,False,False,1446,807,84,0.7222114725909211,0.9735075668792006,0.5237035227712646,1713,809,80,0.9104784539719593,0.9395549192470142,0.4980678857611192,False,False,False,not_variable,1.0
9000000000008358222,KIC 8358222,,,True,0,False,dsct_flag0,False,False,1245,765,81,0.42606725615795876,0.8248847041678684,0.6705348092846336,1600,767,82,0.7577563120077274,0.9575526923134117,0.5059082108241504,False,False,False,not_variable,1.0
9000000000008360698,KIC 8360698,,,True,0,False,dsct_flag0,False,False,60,42,20,0.5472890013181233,0.9844649323066942,0.7429117783210866,74,51,21,0.6523864874741246,1.0227911396452962,0.7564152811721162,False,False,False,not_variable,1.0
9000000000008361174,KIC 8361174,,,True,0,False,dsct_flag0,False,False,1101,694,81,0.42132012618239945,0.8879514666731864,0.6831798281437094,1481,726,82,0.8960040651055728,1.4413505753576052,1.1190924963993132,False,False,False,not_variable,1.0
9000000000008363318,KIC 8363318,,,True,0,False,dsct_flag0,False,False,1140,736,81,0.3588401245683887,0.6851187878833174,0.4497483736336034,1084,632,81,0.6263452337045171,1.1162279110692805,0.554092216214308,False,False,False,not_variable,1.0
9000000000008363948,KIC 8363948,,,True,0,False,dsct_flag0,False,False,1155,740,81,0.4307205433997273,0.7763636952021494,0.5488085627611595,1528,770,82,0.7814051621728851,1.0000908137000506,0.6350644204371556,False,False,False,not_variable,1.0
9000000000008364516,KIC 8364516,,,True,0,False,dsct_flag0,False,False,647,360,54,0.5342102188025474,1.080553404193678,0.9188727802443594,792,342,54,0.8287965511346744,1.3680500301698426,0.9904802880425266,False,False,False,not_variable,1.0
9000000000008367217,KIC 8367217,,,True,0,False,dsct_flag0,False,False,1112,722,80,0.4072088138304397,0.7800266203540985,0.5819332288168944,1515,767,82,0.685517653075239,0.9995478720929489,0.8153596406676329,False,False,False,not_variable,1.0
9000000000008373936,KIC 8373936,,,True,0,False,dsct_flag0,False,False,1162,752,81,0.3636770636540485,0.9124183099161315,0.7292976641214916,1541,786,83,0.6552905929290159,1.0009352588877807,0.6588321551630316,False,False,False,not_variable,1.0
9000000000008374235,KIC 8374235,,,True,0,False,dsct_flag0,False,False,1162,752,81,0.43266628167901955,0.7819427847130683,0.7241934660423592,1538,784,83,0.647093528367651,0.9382667814870029,0.49395813387722953,False,False,False,not_variable,1.0
9000000000008375620,KIC 8375620,,,True,0,False,dsct_flag0,False,False,147,90,25,0.45533492146320775,1.7603251077961717,1.3383671316175845,200,111,27,0.9379225454742092,1.639594296675992,1.7639564439269264,False,False,False,not_variable,1.0
9000000000008375772,KIC 8375772,,,True,0,False,dsct_flag0,False,False,879,501,72,0.5582573816338404,1.040641780394857,0.7928137224333712,1196,505,73,0.9094823724230846,1.466041024379695,1.4086410105471205,False,False,False,not_variable,1.0
9000000000008381241,KIC 8381241,,,True,0,False,dsct_flag0,False,False,1162,760,81,0.4649771718035817,0.7927444656273972,0.6675262349041958,1522,775,81,0.6425930875899989,0.9206780170514322,0.6920037058340544,False,False,False,not_variable,1.0
9000000000008389795,KIC 8389795,,,True,0,False,dsct_flag0,False,False,716,621,80,0.27420767561654974,0.9387854778880363,0.6828052240631965,1233,659,76,0.6335521747100865,1.087864059353232,0.563873132365728,False,False,False,not_variable,1.0
9000000000008393999,KIC 8393999,,,True,0,False,dsct_flag0,False,False,706,610,80,0.32519983130523367,0.8753492629530517,0.6219678223224753,1239,659,76,0.673307694504933,1.3187683463631694,0.8465162465006986,False,False,False,not_variable,1.0
9000000000008398162,KIC 8398162,,,True,0,False,dsct_flag0,False,False,710,612,80,0.25583337196039796,0.7329206465609928,0.46804199987788625,1249,664,76,0.6476838486426908,1.085279592807867,0.4895442839010247,False,False,False,not_variable,1.0
9000000000008409533,KIC 8409533,,,True,0,False,dsct_flag0,False,False,1250,792,83,0.4534791190117725,0.757938409861144,0.5306608807977135,1514,800,79,0.7386125667478728,1.2125376713676386,0.7259596110388861,False,False,False,not_variable,1.0
9000000000008414071,KIC 8414071,,,True,0,False,dsct_flag0,False,False,1260,804,84,0.41388227105671743,0.7892722971681142,0.5488409002892766,1525,812,80,0.6784061311088796,1.0078403478223756,0.48240081668073587,False,False,False,not_variable,1.0
9000000000008415383,KIC 8415383,,,True,0,False,dsct_flag0,False,False,1218,790,84,0.4275267781090273,0.800520618909512,0.621642200230164,1461,796,81,0.645657681385826,0.9032108259347453,0.41472059041799364,False,False,False,not_variable,1.0
9000000000008420939,KIC 8420939,,,True,0,False,dsct_flag0,False,False,2370,1013,84,0.7337942070774225,1.0538102945210577,0.5124479074112025,2896,1011,82,0.8643099975669908,0.9507938429884222,0.4017644887540429,False,False,False,not_variable,2.0
9000000000008423051,KIC 8423051,,,True,0,False,dsct_flag0,False,False,842,462,68,0.7046277340706353,1.0324640915952086,0.8014633743565682,1164,452,68,0.8900106877325833,1.288215001621591,0.7266439639720109,False,False,False,not_variable,1.0
9000000000008423283,KIC 8423283,,,True,0,False,dsct_flag0,False,False,1237,762,81,0.4989128408870323,0.8640210880829329,0.6589404814302723,1545,766,82,0.766106577247698,1.1621752466274262,0.6596855709602392,False,False,False,not_variable,1.0
9000000000008423352,KIC 8423352,,,True,0,False,dsct_flag0,False,False,1240,763,81,0.5928548305443283,1.1249441952720567,0.8573076718714379,1597,769,82,0.958074005816785,1.4136756601858051,0.7980437434963018,False,False,False,not_variable,1.0
9000000000008424843,KIC 8424843,,,True,0,False,dsct_flag0,False,False,1235,763,81,0.5067912472567396,0.8446311927589811,0.6120009310736643,1442,741,82,0.6477214018110938,0.9405986803776551,0.512229169582843,False,False,False,not_variable,1.0
9000000000008425557,KIC 8425557,,,True,0,False,dsct_flag0,False,False,1185,752,81,0.49631052928124814,0.8949277692128891,0.5881518370815756,1527,762,82,0.7817980157620393,1.0042413256923457,0.5145718324568768,False,False,False,not_variable,1.0
9000000000008426765,KIC 8426765,,,True,0,False,dsct_flag0,False,False,1153,737,81,0.3699170218859891,0.6266702362851423,0.356826807730914,1530,771,82,0.7059119048020778,1.0256071854261188,0.5709192496771031,False,False,False,not_variable,1.0
9000000000008431006,KIC 8431006,,,True,0,False,dsct_flag0,False,False,1041,662,80,0.3319561468516047,0.5276297032751787,0.3194868720953741,1393,694,82,0.6594985604221165,0.9883687757963693,0.6377123894135648,False,False,False,not_variable,1.0
9000000000008431974,KIC 8431974,,,True,0,False,dsct_flag0,False,False,1112,722,80,0.364645743011375,0.745220457407515,0.48827902144478796,1518,767,82,0.6761109344216141,0.8910043422415378,0.6573090825219511,False,False,False,not_variable,1.0
9000000000008432929,KIC 8432929,,,True,0,False,dsct_flag0,False,False,60,42,21,0.4885074355433908,1.015973650771413,1.089930723325122,73,51,21,0.5502188064052566,0.862919449194117,0.6762158904650383,False,False,False,not_variable,1.0
9000000000008439358,KIC 8439358,,,True,0,False,dsct_flag0,False,False,1159,751,81,0.4182359283341266,0.7995059303286082,0.5837684627636218,1542,786,83,0.7306244224246699,0.9404597030227999,0.5707092962211737,False,False,False,not_variable,1.0
9000000000008441321,KIC 8441321,,,True,0,False,dsct_flag0,False,False,1170,762,82,0.46556850808774863,0.8992478758373458,0.7325478831233966,1531,782,82,0.7661406670517096,1.0377514722889556,0.59973161862054,False,False,False,not_variable,1.0
9000000000008442437,KIC 8442437,,,True,0,False,dsct_flag0,False,False,1172,762,82,0.4374579581529614,0.7663220589556182,0.5954477675696991,1527,779,82,0.6662636737109917,0.9506161067337643,0.46639031825928884,False,False,False,not_variable,1.0
9000000000008444868,KIC 8444868,,,True,0,False,dsct_flag0,False,False,1143,751,81,0.4606151403911919,0.7787577729347518,0.6898947157313498,1499,762,81,0.6694947948978357,1.0072130439893152,0.5401782587963377,False,False,False,not_variable,1.0
9000000000008445910,KIC 8445910,,,True,0,False,dsct_flag0,False,False,1143,752,81,0.9843754717010614,3.217560345949266,2.825716988728904,1494,764,80,1.18630310884081,2.6384528905526894,1.468010547504848,True,True,True,variable,1.0
9000000000008450682,KIC 8450682,,,True,0,False,dsct_flag0,False,False,781,631,81,0.28699216157899654,0.9463505424897491,0.8514146490405358,1319,666,76,0.6647715324316203,1.1175832890612591,0.7644205899682714,False,False,False,not_variable,1.0
9000000000008451777,KIC 8451777,,,True,0,False,dsct_flag0,False,False,782,631,81,0.28416881864255555,0.8778136248042773,0.745272566751661,1320,666,76,0.6950141801448565,1.1414365740153698,0.8047612279572566,False,False,False,not_variable,1.0
9000000000008457452,KIC 8457452,,,True,0,False,dsct_flag0,False,False,64,46,20,0.41483299932924644,2.3338723174533493,1.5463979396216505,75,50,16,0.4551591401510021,1.53983786429538,1.3550442783568943,False,False,False,not_variable,1.0
9000000000008458601,KIC 8458601,,,True,0,False,dsct_flag0,False,False,706,610,80,0.26243840211142727,0.7320169636419098,0.4788931051105413,1240,659,76,0.7844890155742188,1.1486881560952702,1.057540784096906,False,False,False,not_variable,1.0
9000000000008460681,KIC 8460681,,,True,0,False,dsct_flag0,False,False,705,610,80,0.2672434759193514,0.7751953409333218,0.5754076073130437,1206,644,76,0.9629064426058285,1.1010486208653503,0.8066081656453857,False,False,False,not_variable,1.0
9000000000008460790,KIC 8460790,,,True,0,False,dsct_flag0,False,False,706,610,80,0.28133049522920306,0.8410391570801173,0.613448536430221,1239,657,76,0.7426408685025934,1.1982383676569872,0.656460426954708,False,False,False,not_variable,1.0
9000000000008461962,KIC 8461962,,,True,0,False,dsct_flag0,False,False,706,610,80,0.2852436665778116,0.8414962591143689,0.5251751127664062,1214,647,76,0.6970827595603925,1.3425839331093135,0.8833296963248353,False,False,False,not_variable,1.0
9000000000008474295,KIC 8474295,,,True,0,False,dsct_flag0,False,False,1252,793,83,0.4222324111409827,0.7987373433889189,0.6051567454209426,1521,800,79,0.7028288058606073,1.1426550177523942,0.63738531459965,False,False,False,not_variable,1.0
9000000000008474682,KIC 8474682,,,True,0,False,dsct_flag0,False,False,517,237,45,0.5336791692743384,1.4124797735076455,1.1085141975048705,708,223,35,0.9720175467484528,1.5857428098697621,1.2231513024413538,False,False,False,not_variable,2.0
9000000000008475898,KIC 8475898,,,True,0,False,dsct_flag0,False,False,1224,791,83,0.42638937229839885,0.7217060781604422,0.4359510445403165,1518,801,80,0.7784507186233094,0.9364515914840073,0.9058207180330279,False,False,False,not_variable,1.0
9000000000008494413,KIC 8494413,,,True,0,False,dsct_flag0,False,False,1095,716,80,0.3792919982968802,0.7650948235271982,0.6030149712485569,1506,763,82,0.7388555019218056,1.0164397927028161,0.6433666979463062,False,False,False,not_variable,1.0
9000000000008494533,KIC 8494533,,,True,0,False,dsct_flag0,False,False,1109,720,80,0.34028951798174545,1.2394444203894834,0.5539266130912566,1456,707,81,0.76297269713851,1.099279353911384,0.5508821022361625,False,False,False,not_variable,1.0
9000000000008509824,KIC 8509824,,,True,0,False,dsct_flag0,False,False,1156,756,81,0.45528454643686705,0.7078975625651167,0.6754701783349988,1519,774,81,0.6875206815855159,1.0215072166930066,0.732084909964185,False,False,False,not_variable,1.0
9000000000008518751,KIC 8518751,,,True,0,False,dsct_flag0,False,False,715,620,80,0.25590470065294946,0.7353511102553285,0.440588594737373,1234,659,76,0.6217451440214622,0.9784632912201545,0.4745283816476201,False,False,False,not_variable,1.0
9000000000008524198,KIC 8524198,,,True,0,False,dsct_flag0,False,False,642,592,80,0.21864541560019787,0.746885932968629,0.5549626132948208,1163,630,76,0.6179577973590505,1.025238089345346,0.5805934799227276,False,False,False,not_variable,1.0
9000000000008525457,KIC 8525457,,,True,0,False,dsct_flag0,False,False,707,611,80,0.4883701213048016,1.5842086386610532,1.1148292497331447,1234,654,75,1.7276335861828973,2.807154949574256,1.3843854899246357,True,False,False,variable,1.0
9000000000008525674,KIC 8525674,,,True,0,False,dsct_flag0,False,False,705,609,80,0.24508337006922112,1.4427862482548361,0.956297590467013,1238,658,76,0.7444591613398103,1.6982723144522112,0.9374311369708946,False,False,False,not_variable,1.0
9000000000008542993,KIC 8542993,,,True,0,False,dsct_flag0,False,False,1258,803,84,0.35485547585921684,0.6883351538018776,0.38216349161042634,1516,811,80,0.7010287340088689,1.0384176143662687,0.6293478620197437,False,False,False,not_variable,1.0
9000000000008543960,KIC 8543960,,,True,0,False,dsct_flag0,False,False,1273,804,84,0.5049898828149634,1.0847600459568987,0.6587201687424289,1538,817,81,0.7567138016505824,1.1026797786623292,0.5972307833086887,False,False,False,not_variable,1.0
9000000000008545513,KIC 8545513,,,True,0,False,dsct_flag0,False,False,1272,803,84,0.47652519974721713,0.9165591578535275,0.693911775729825,1526,812,81,0.6962688180983625,0.911146297780983,0.4820606480258712,False,False,False,not_variable,1.0
9000000000008545516,KIC 8545516,,,True,0,False,dsct_flag0,False,False,1274,803,84,0.462050886274967,0.7830458649690171,0.4766523338657035,1534,813,81,0.7590249716591084,0.9212642014616435,0.5563152862190219,False,False,False,not_variable,1.0
9000000000008545850,KIC 8545850,,,True,0,False,dsct_flag0,False,False,805,546,81,1.762797553516371,4.746528164762779,5.09257388474932,1141,658,79,4.375982493041021,6.851859841985818,3.825762452421131,True,True,True,variable,1.0
9000000000008548010,KIC 8548010,,,True,0,False,dsct_flag0,False,False,1273,804,83,0.5067666103256345,0.8514012547863646,0.5675231059904422,1521,810,80,0.7449649220592363,0.9924168045591564,0.49702090724010967,False,False,False,not_variable,1.0
9000000000008552826,KIC 8552826,,,True,0,False,dsct_flag0,False,False,1237,761,81,0.512951353212707,1.3161449481898446,1.1707702166503695,1593,765,82,0.7481731200815015,1.2010214390401688,0.658048615595987,False,False,False,not_variable,1.0
9000000000008554746,KIC 8554746,,,True,0,False,dsct_flag0,False,False,1232,761,81,0.5149704873840636,1.063112456408681,0.6740602372665867,1534,757,82,0.8026770934012045,1.0591828628792657,0.4863053784693283,False,False,False,not_variable,1.0
9000000000008554761,KIC 8554761,,,True,0,False,dsct_flag0,False,False,1184,752,81,0.49902042836465466,1.0860836761547312,0.7022753609028085,1518,762,82,0.7208620793426675,1.0298626594694047,0.48878604837122913,False,False,False,not_variable,1.0
9000000000008564706,KIC 8564706,,,True,0,False,dsct_flag0,False,False,1161,752,81,0.4122598836186421,0.7447136568851966,0.6411343935855011,1545,786,83,0.6847143420564273,1.0386881132408046,1.1008365319678513,False,False,False,not_variable,1.0
9000000000008565446,KIC 8565446,,,True,0,False,dsct_flag0,False,False,1099,744,81,0.5965601007267418,2.72515790954469,1.45123975309944,1461,772,83,0.8695383088053873,2.5531660233427687,1.5175790033401495,True,True,False,variable,1.0
9000000000008566353,KIC 8566353,,,True,0,False,dsct_flag0,False,False,513,390,68,0.3239412267458078,0.7721142420155448,0.5042912477755219,720,408,73,0.684548041942588,1.1703244307557994,0.8494611424155613,False,False,False,not_variable,1.0
9000000000008580178,KIC 8580178,,,True,0,False,dsct_flag0,False,False,782,630,81,0.3225831920475966,1.0340622501504537,0.830242374802576,1320,667,76,0.6200026902498532,1.096283444144335,0.5288579279171121,False,False,False,not_variable,1.0
9000000000008582680,KIC 8582680,,,True,0,False,dsct_flag0,False,False,779,627,80,0.38907798580330066,0.8110280332963878,0.5456993923012666,1314,668,76,0.6348509224935117,1.0537229483843435,0.5599438749305559,False,False,False,not_variable,1.0
9000000000008584756,KIC 8584756,,,True,0,False,dsct_flag0,False,False,717,621,80,0.31859307499796236,1.0912470888760462,0.8391531309683204,1229,658,76,0.6559160185371004,1.1457524931129897,0.5579286754540694,False,False,False,not_variable,1.0
9000000000008613270,KIC 8613270,,,True,0,False,dsct_flag0,False,False,1233,788,83,0.5884262274847795,1.2927362317194104,0.8141095072866874,1465,792,79,0.9496744002363146,1.3234123350110036,0.5681670885739967,False,False,False,not_variable,1.0
9000000000008618239,KIC 8618239,,,True,0,False,dsct_flag0,False,False,1236,761,81,0.5972412376148217,1.3356250037877793,0.9752542888032932,1579,765,82,0.7721185724016535,1.1223668846671466,0.6746351332985473,False,False,False,not_variable,1.0
9000000000008618278,KIC 8618278,,,True,0,False,dsct_flag0,False,False,1237,761,81,0.5544513592209138,1.333997870297505,1.0469760064858882,1593,766,82,0.7083749480276944,1.0802501765174455,0.5610722802135819,False,False,False,not_variable,1.0
9000000000008620050,KIC 8620050,,,True,0,False,dsct_flag0,False,False,49,31,14,0.5836611999171041,1.3519403207135239,0.867185654177666,67,42,15,0.6459919129832193,1.3988682681781948,1.3174424497125814,False,False,False,not_variable,2.0
9000000000008620833,KIC 8620833,,,True,0,False,dsct_flag0,False,False,1155,740,81,0.47799193634889525,1.0441291738048528,0.9602497243727071,1530,768,82,0.8694283711691437,1.0886828137158167,0.5312586463867801,False,False,False,not_variable,1.0
9000000000008625170,KIC 8625170,,,True,0,False,dsct_flag0,False,False,1109,721,80,0.4013096223062354,0.8117282077936699,0.6595808069147469,1511,767,82,0.8298708026937598,1.2394396037947502,0.8064636196710953,False,False,False,not_variable,1.0
9000000000008625357,KIC 8625357,,,True,0,False,dsct_flag0,False,False,1109,721,80,0.4013746573547831,0.8609811246244092,0.6112580903987251,1508,766,82,0.7680889295527268,1.1672085793803286,0.6654722010632578,False,False,False,not_variable,1.0
9000000000008636179,KIC 8636179,,,True,0,False,dsct_flag0,False,False,1121,741,82,0.44950677959224267,0.8138588870469647,0.630888056062422,1480,761,82,0.7405293375601208,1.1198755967730933,0.6064040939303704,False,False,False,not_variable,1.0
9000000000008637715,KIC 8637715,,,True,0,False,dsct_flag0,False,False,1173,761,82,0.45504692694507776,0.8610486431276371,0.7281900626008337,1527,778,82,0.745131625916696,1.1056994190232277,0.66193577544565,False,False,False,not_variable,1.0
9000000000008638223,KIC 8638223,,,True,0,False,dsct_flag0,False,False,729,559,74,0.38183685926705635,1.1002811550225222,0.8617428773023597,1060,576,75,0.9826169525344681,1.6420859150185836,1.3509475588283275,False,False,False,not_variable,1.0
9000000000008644116,KIC 8644116,,,True,0,False,dsct_flag0,False,False,710,618,81,0.2548753355833304,1.286624111447241,1.017622738158633,1116,623,75,1.1865776056057324,1.3895156194809906,0.856680533691959,False,False,False,not_variable,1.0
9000000000008644174,KIC 8644174,,,True,0,False,dsct_flag0,False,False,718,624,80,0.22301288744539158,1.0906689277188457,0.9437145244447707,1247,659,76,0.6223172774227311,1.136796249063783,0.7041169366409938,False,False,False,not_variable,1.0
9000000000008669185,KIC 8669185,,,True,0,False,dsct_flag0,False,False,55,38,19,0.6071558298054118,1.014613236109432,1.0176719784827777,1209,591,78,1.1262538474891026,1.0865267616568675,0.7081773115033188,False,False,False,not_variable,1.0
9000000000008674586,KIC 8674586,,,True,0,False,dsct_flag0,False,False,778,573,76,0.421062388143888,1.1669113296399798,0.8570835752420436,1065,592,72,0.7549070110403058,1.0945843250608687,0.5400440641282019,False,False,False,not_variable,1.0
9000000000008684359,KIC 8684359,,,True,0,False,dsct_flag0,False,False,60,42,20,0.5437893075056485,1.493733108083832,1.131265419852292,78,53,21,0.5773518254041035,1.1155159464371605,0.7814037957978343,False,False,False,not_variable,1.0
9000000000008685372,KIC 8685372,,,True,0,False,dsct_flag0,False,False,1133,730,81,0.5626583304416859,1.064674883877381,0.5895446518656986,79,54,22,0.5303858449252695,1.233588441717948,1.2199309734966752,False,False,False,not_variable,1.0
9000000000008686373,KIC 8686373,,,True,0,False,dsct_flag0,False,False,1072,710,81,0.4555113626379262,0.952263728113119,0.7469292774754291,1437,741,82,0.8358013366019077,1.1406731456263757,0.738184788371743,False,False,False,not_variable,1.0
9000000000008687224,KIC 8687224,,,True,0,False,dsct_flag0,False,False,1105,720,81,0.3956136647936822,0.8434485981861883,0.5120079261349472,1481,753,82,0.7857777655240987,1.1858100087054155,0.6611975969112479,False,False,False,not_variable,1.0
9000000000008689518,KIC 8689518,,,True,0,False,dsct_flag0,False,False,458,362,66,0.3106389633316743,1.1684529892666784,0.9705779138801358,856,426,68,0.9106595436017487,1.2575340620089022,0.7493870291759673,False,False,False,not_variable,1.0
9000000000008693708,KIC 8693708,,,True,0,False,dsct_flag0,False,False,61,42,20,0.29787050075241717,0.7710721761259384,0.6534328401934372,650,308,64,0.7186023595283717,1.1296540660732826,0.8132441907965651,False,False,False,not_variable,1.0
9000000000008695145,KIC 8695145,,,True,0,False,dsct_flag0,False,False,57,38,18,0.47002765394020307,1.0424000567214637,0.9941451939264925,676,332,66,0.8537714568011152,1.5888680039201546,1.0283825425862152,False,False,False,not_variable,1.5
9000000000008695172,KIC 8695172,,,True,0,False,dsct_flag0,False,False,1093,726,82,0.5345856093063813,1.0802320891698507,0.6698375906256832,75,50,20,0.4595245422553446,1.1071926392516842,0.7615204513750735,False,False,False,not_variable,1.0
9000000000008695379,KIC 8695379,,,True,0,False,dsct_flag0,False,False,62,43,21,0.33828137954224075,0.7723596459337488,0.6031231120681328,655,307,65,0.7772895972725102,1.3066232588424391,0.8646563147642721,False,False,False,not_variable,1.0
9000000000008696266,KIC 8696266,,,True,0,False,dsct_flag0,False,False,1112,733,81,0.45155874843133065,0.9616820992475795,0.9091058935945122,1488,770,83,0.8067866564359352,1.2674974951220137,0.7387329087275156,False,False,False,not_variable,1.0
9000000000008712155,KIC 8712155,,,True,0,False,dsct_flag0,False,False,769,623,81,0.441152667777646,0.8586633010096734,0.5700460818500809,1247,640,76,0.6504256225353402,2.9905305033978062,0.7731016659953867,True,False,False,variable,1.0
9000000000008713594,KIC 8713594,,,True,0,False,dsct_flag0,False,False,552,510,76,0.3374482257468462,1.8339785970388611,1.5251662217835258,905,556,74,0.5414920156945455,1.4742784815949126,0.8945082669490421,False,False,False,not_variable,1.0
9000000000008737403,KIC 8737403,,,True,0,False,dsct_flag0,False,False,1273,808,84,0.44552490456389404,0.7957917450983574,0.6363088440915016,1515,814,81,0.748126251237107,1.1499191400636206,0.6747269840534265,False,False,False,not_variable,1.0
9000000000008748745,KIC 8748745,,,True,0,False,dsct_flag0,False,False,60,42,20,0.6842379197862135,1.706193210500331,1.553665742410683,76,52,21,0.7044770198919553,1.086998533918522,0.9361510460979622,False,False,False,not_variable,1.0
9000000000008750803,KIC 8750803,,,True,0,False,dsct_flag0,False,False,1175,751,81,0.5038672918219039,0.989498097425692,0.6165875067890422,1490,761,81,0.7706796066988197,1.2776595285282721,0.8065822368381553,False,False,False,not_variable,1.0
9000000000008757321,KIC 8757321,,,True,0,False,dsct_flag0,False,False,1183,765,82,0.5103479791983577,0.9604441955666402,0.712717025143355,1558,790,82,0.7773574125613908,1.1446586377622605,0.5925554211045291,False,False,False,not_variable,1.0
9000000000008759016,KIC 8759016,,,True,0,False,dsct_flag0,False,False,1123,758,82,0.5323218112657441,0.9328265527123373,0.6046363844245853,1479,779,82,0.8536810803178769,1.482901360931331,1.3754708202056811,False,False,False,not_variable,1.0
9000000000008759645,KIC 8759645,,,True,0,False,dsct_flag0,False,False,1182,766,82,0.5339215453004723,0.9516610464314775,0.8288807716814772,1560,793,83,0.7902283865422388,1.1769911659818724,0.7282598106667878,False,False,False,not_variable,1.0
9000000000008773445,KIC 8773445,,,True,0,False,dsct_flag0,False,False,787,635,81,0.37541170377666033,0.8831350191495062,0.5437061783890372,1297,655,76,0.7115474636783431,1.6298639854953143,1.0944568062696265,False,False,False,not_variable,1.0
9000000000008782821,KIC 8782821,,,True,0,False,dsct_flag0,False,False,705,609,81,0.31592288658975676,1.2047077606836982,0.8253126436371779,1230,661,76,0.7693239467490222,1.7229714283792155,1.0643746729873567,False,False,False,not_variable,1.0
9000000000008802970,KIC 8802970,,,True,0,False,dsct_flag0,False,False,1278,810,84,0.571115709387013,1.0228093683577586,0.6370277259303753,1524,814,80,0.8089248926506869,1.1175259310505754,0.6097061323365678,False,False,False,not_variable,1.0
9000000000008804158,KIC 8804158,,,True,0,False,dsct_flag0,False,False,1230,797,84,0.4404602524445688,0.8415480462180038,0.5106737314841162,1470,799,80,0.6470978693673834,0.8975011447569292,0.37017995227285067,False,False,False,not_variable,1.0
9000000000008807688,KIC 8807688,,,True,0,False,dsct_flag0,False,False,1177,721,82,0.6907462433508448,2.049413907106566,0.6509846034463811,1393,716,77,0.7486807542977372,1.2008890214195505,0.5275702245946519,False,False,False,not_variable,1.0
9000000000008811377,KIC 8811377,,,True,0,False,dsct_flag0,False,False,1069,697,81,0.4235174092293899,0.9584544945788593,0.6550501850533481,1370,672,82,0.6762380275281521,1.6521349033103938,1.3241179404740617,False,False,False,not_variable,1.0
9000000000008813472,KIC 8813472,,,True,0,False,dsct_flag0,False,False,1171,759,81,0.5305215176929289,1.0280695520939909,0.9577287109081885,1454,726,82,0.7351749063711747,1.2045102811663322,0.603530782112018,False,False,False,not_variable,1.0
9000000000008817579,KIC 8817579,,,True,0,False,dsct_flag0,False,False,1102,740,81,0.4435204404763755,0.967473825583739,0.4944316871003051,1454,761,81,0.7269612499567354,1.015623093214482,0.7977312425988561,False,False,False,not_variable,1.0
9000000000008817926,KIC 8817926,,,True,0,False,dsct_flag0,False,False,1126,733,81,0.5214977960452511,0.9203486721165935,0.6850607364370259,1492,756,81,1.004039377738794,1.2642642088332843,0.8267093600721134,False,False,False,not_variable,1.0
9000000000008818220,KIC 8818220,,,True,0,False,dsct_flag0,False,False,1162,748,82,0.4543824753472132,0.7902674717878051,0.5972557645493546,1501,765,81,0.8472802813902474,1.2084958680347049,0.7872066665596167,False,False,False,not_variable,1.0
9000000000008818649,KIC 8818649,,,True,0,False,dsct_flag0,False,False,1164,749,82,0.4207671250937879,0.7603186539855489,0.49587589311834057,1519,772,81,0.7840764127758658,1.1573758426062308,0.5655810966612722,False,False,False,not_variable,1.0
9000000000008821973,KIC 8821973,,,True,0,False,dsct_flag0,False,False,1179,766,82,0.5410659271637743,1.0825152664843958,0.6908268496543093,1456,767,83,0.7710333457848915,1.0830841159548574,0.7733053153942924,False,False,False,not_variable,1.0
9000000000008824841,KIC 8824841,,,True,0,False,dsct_flag0,False,False,1182,767,82,0.5072839046184471,0.8438568755686251,0.6308152255792127,1563,795,83,0.7795605339531728,0.9588452099459679,0.46416797297956025,False,False,False,not_variable,1.0
9000000000008825813,KIC 8825813,,,True,0,False,dsct_flag0,False,False,1177,764,82,0.44442797268324724,0.7155258078056749,0.450549719731355,1552,793,83,0.68429984657823,1.0201188745198044,0.6227132744230249,False,False,False,not_variable,1.0
9000000000008826102,KIC 8826102,,,True,0,False,dsct_flag0,False,False,1176,764,82,0.45441770434570444,0.7690056718706324,0.5119760481406604,1541,793,83,0.6949494152983965,1.097338905572812,0.6516865789369135,False,False,False,not_variable,1.0
9000000000008831684,KIC 8831684,,,True,0,False,dsct_flag0,False,False,1117,752,81,0.6001291679446467,0.9452325450469033,0.5885432299298189,1471,775,81,0.9344196692279478,1.1713692913160876,0.6047252432258495,False,False,False,not_variable,1.0
9000000000008831975,KIC 8831975,,,True,0,False,dsct_flag0,False,False,1127,759,82,0.5380790936545267,1.0670351426388645,0.6130354059581475,1473,780,82,0.8164538361710976,1.373781124451184,1.010380327177092,False,False,False,not_variable,1.0
9000000000008832131,KIC 8832131,,,True,0,False,dsct_flag0,False,False,480,228,37,0.7144437929689575,1.2740974836444086,1.0702303573909402,831,232,37,0.8567144290512525,1.1535872252319073,0.8250085521006819,False,False,False,not_variable,2.0
9000000000008837530,KIC 8837530,,,True,0,False,dsct_flag0,False,False,662,611,81,0.17780750429272132,0.7344968117799652,0.5122740938284512,1194,640,76,0.5963910700868926,1.0692102421236562,0.6130681331554892,False,False,False,not_variable,1.0
9000000000008848916,KIC 8848916,,,True,0,False,dsct_flag0,False,False,715,620,81,0.3048457712855493,0.9142310779186107,0.5159979042167566,1228,654,76,0.8379950951336546,1.4743255289053814,0.8717780616683666,False,False,False,not_variable,1.0
9000000000008870343,KIC 8870343,,,True,0,False,dsct_flag0,False,False,1271,807,84,0.590776033652999,0.9630073526283747,0.6578371340709858,1466,796,80,0.6776217774763074,0.9319038423134784,0.4937880153835843,False,False,False,not_variable,1.0
9000000000008872687,KIC 8872687,,,True,0,False,dsct_flag0,False,False,1269,811,84,0.5270563355490044,0.8731506438250262,0.44548125452695336,1319,764,80,0.5820416689580065,0.988457055732975,0.5267388709377011,False,False,False,not_variable,1.0
9000000000008878363,KIC 8878363,,,True,0,False,dsct_flag0,False,False,1237,766,81,0.4679243236488911,0.8543329538282313,0.6701629161108821,1559,732,82,0.6451593576901109,0.9425307851982244,0.5861839396162342,False,False,False,not_variable,1.0
9000000000008879349,KIC 8879349,,,True,0,False,dsct_flag0,False,False,1240,767,81,0.5101617804932411,0.9657705400299011,0.7745173136872654,1560,730,82,0.7359042767741694,1.0431379167074828,0.7534720323365339,False,False,False,not_variable,1.0
9000000000008881751,KIC 8881751,,,True,0,False,dsct_flag0,False,False,1180,752,81,0.4607722136430756,0.8545427354760926,0.5420900507266792,1541,773,81,0.7579859611067443,1.0638856802011973,0.5996396180044914,False,False,False,not_variable,1.0
9000000000008885069,KIC 8885069,,,True,0,False,dsct_flag0,False,False,1154,748,82,0.47664631359256315,0.8611544667361788,0.5450165700199808,1533,770,81,0.7175898660098322,1.1336344482309126,0.7204672304145141,False,False,False,not_variable,1.0
9000000000008890175,KIC 8890175,,,True,0,False,dsct_flag0,False,False,1173,765,82,0.45526555266575497,0.7013040498005155,0.47207982196151915,1558,792,83,0.664361062433997,1.074649285153392,0.5328726995279297,False,False,False,not_variable,1.0
9000000000008893539,KIC 8893539,,,True,0,False,dsct_flag0,False,False,1166,765,82,0.46293063372030063,0.7794522616788675,0.5985793835461632,1552,792,83,0.6595833863107441,0.9595700494244331,0.6033670085800107,False,False,False,not_variable,1.0
9000000000008903643,KIC 8903643,,,True,0,False,dsct_flag0,False,False,1835,974,86,0.6773398387779417,1.0674392750152213,0.8204464638586196,2684,989,82,0.8662245474120256,1.1869418669403267,0.6647901883882813,False,False,False,not_variable,2.0
9000000000008934520,KIC 8934520,,,True,0,False,dsct_flag0,False,False,1274,807,84,0.47428597346914037,0.7784072512834358,0.4695956876262755,1530,812,81,0.6774093536904191,0.885397439867827,0.487839383561292,False,False,False,not_variable,1.0
9000000000008935686,KIC 8935686,,,True,0,False,dsct_flag0,False,False,1274,808,84,0.4485693824446719,0.8789411242646035,0.568262787811189,1532,814,81,0.6881522947218184,1.0390263401750217,0.5120218558419296,False,False,False,not_variable,1.0
9000000000008936034,KIC 8936034,,,True,0,False,dsct_flag0,False,False,1284,810,84,0.5380771531660152,0.9936741353085728,0.5496865142366021,1537,814,80,0.7335093754625137,1.1215868723067532,0.6020102524887689,False,False,False,not_variable,1.0
9000000000008938174,KIC 8938174,,,True,0,False,dsct_flag0,False,False,54,37,18,0.510260029586745,0.7462002005240722,0.5145474792379039,69,48,19,0.42814977409459404,1.234946264797394,0.9923858590301508,False,False,False,not_variable,1.0
9000000000008939379,KIC 8939379,,,True,0,False,dsct_flag0,False,False,1281,811,84,0.5127517592397788,0.8613916240127757,0.46757570563172,1533,813,81,0.6857703150303643,0.9818434328642971,0.45219618808663525,False,False,False,not_variable,1.0
9000000000008940030,KIC 8940030,,,True,0,False,dsct_flag0,False,False,1281,811,84,0.5259236030156031,0.809656077537411,0.37285344183048624,1537,816,81,0.643274323491755,0.9606825829961879,0.520297586142396,False,False,False,not_variable,1.0
9000000000008950675,KIC 8950675,,,True,0,False,dsct_flag0,False,False,1174,750,81,0.4524286806679687,0.7997638072725923,0.37927172712522095,1371,716,80,0.5872149677339495,1.118869090201212,0.6796254832653237,False,False,False,not_variable,1.0
9000000000008955871,KIC 8955871,,,True,0,False,dsct_flag0,False,False,1185,767,82,0.4761834178181417,1.003929566245534,0.8103389795533024,1565,794,83,0.6990221330857412,1.0036326630108143,0.5687106749435554,False,False,False,not_variable,1.0
9000000000008956522,KIC 8956522,,,True,0,False,dsct_flag0,False,False,1183,765,82,0.4719144551818249,0.8417211888192246,0.7231683567908257,1557,793,83,0.643958288064332,0.9117324194836297,0.7897644069529292,False,False,False,not_variable,1.0
9000000000008959395,KIC 8959395,,,True,0,False,dsct_flag0,False,False,1180,766,82,0.48619295453124584,0.8645844025657609,0.7113273612503441,1557,793,83,0.7418030971807722,1.0777638645184306,0.7584135002233288,False,False,False,not_variable,1.0
9000000000008964073,KIC 8964073,,,True,0,False,dsct_flag0,False,False,1191,768,82,0.533016271266445,0.8942339916190836,0.7344149199083366,1534,792,82,0.7284963085022808,1.212337805880667,0.8345350877793246,False,False,False,not_variable,1.0
9000000000008975965,KIC 8975965,,,True,0,False,dsct_flag0,False,False,523,390,74,0.3799931348908577,0.7115886453509568,0.5912861351819202,1042,431,70,0.8434813666916045,1.3627866382899718,1.0063304116797718,False,False,False,not_variable,1.0
9000000000008985278,KIC 8985278,,,True,0,False,dsct_flag0,False,False,708,612,81,0.3619444305867714,1.0864929886224914,0.729540461504445,1122,612,76,0.7962674773044999,3.691626496286746,0.9317984230606655,True,False,False,variable,1.0
9000000000009002496,KIC 9002496,,,True,0,False,dsct_flag0,False,False,1276,808,84,0.4552967890467209,0.7739733906390133,0.46136079372848987,1532,812,81,0.7088711496938097,0.9690680467712793,0.5435070784307497,False,False,False,not_variable,1.0
9000000000009003618,KIC 9003618,,,True,0,False,dsct_flag0,False,False,1275,808,84,0.4706957596827808,0.7785934249998062,0.4345864590418248,1535,814,81,0.7083746005012572,0.965728009868436,0.4145480285660145,False,False,False,not_variable,1.0
9000000000009006372,KIC 9006372,,,True,0,False,dsct_flag0,False,False,1285,810,84,0.499880722327236,0.8604063401965903,0.499378799494839,1542,813,80,0.7096450740038707,0.9501414929696581,0.39584132911673026,False,False,False,not_variable,1.0
9000000000009009036,KIC 9009036,,,True,0,False,dsct_flag0,False,False,1280,811,84,0.4972402965350962,0.850165903421056,0.5096094033429566,1529,814,80,0.6408425304938942,0.9499301343011242,0.5197622245916442,False,False,False,not_variable,1.0
9000000000009009421,KIC 9009421,,,True,0,False,dsct_flag0,False,False,1281,811,84,0.5754333179366976,0.9893712840405612,0.6348145544867776,1539,814,81,0.7965798951752512,1.0830780943959457,0.5279897404926758,False,False,False,not_variable,1.0
9000000000009009624,KIC 9009624,,,True,0,False,dsct_flag0,False,False,1271,807,84,0.7347354036361274,1.0958753807935258,0.5957180059057524,1530,812,80,0.8196695906819533,1.1919596839438813,0.582893454094246,False,False,False,not_variable,1.0
9000000000009012615,KIC 9012615,,,True,0,False,dsct_flag0,False,False,1171,755,81,0.41510253383575,0.9519870562186532,0.5660473411289247,1514,751,80,0.6399357494729307,0.899090247217716,0.49870356588311426,False,False,False,not_variable,1.0
9000000000009016688,KIC 9016688,,,True,0,False,dsct_flag0,False,False,1239,766,81,0.4936572091216254,0.9001917182881772,0.7431716595632717,1560,730,82,0.6874184012850317,0.9539377393051182,0.6102649252147058,False,False,False,not_variable,1.0
9000000000009017303,KIC 9017303,,,True,0,False,dsct_flag0,False,False,60,42,20,0.5031981237251613,0.8589607474851216,0.8220864495294445,79,54,22,0.5525113060934759,1.0541139999443083,1.01449384335558,False,False,False,not_variable,1.0
9000000000009018675,KIC 9018675,,,True,0,False,dsct_flag0,False,False,1175,751,81,0.4692432179131399,0.8477861594148336,0.6820075684372237,1538,772,81,0.6345195383052128,0.923347238873519,0.46328155832531775,False,False,False,not_variable,1.0
9000000000009018707,KIC 9018707,,,True,0,False,dsct_flag0,False,False,1178,752,81,0.5048850434402206,0.8513244077358012,0.6127551252814822,1538,772,81,0.6459840365731558,0.951797764978893,0.3928395926711058,False,False,False,not_variable,1.0
9000000000009021200,KIC 9021200,,,True,0,False,dsct_flag0,False,False,1161,745,82,0.496056617842232,0.9069798616355497,0.6151412405226175,1531,769,81,0.6318979787751565,0.9417578226510465,0.5568660842778174,False,False,False,not_variable,1.0
9000000000009024721,KIC 9024721,,,True,0,False,dsct_flag0,False,False,1034,631,80,0.5041258021496231,1.143350523207526,1.0713706019512002,1411,655,80,0.7950156641314604,1.2444936100304163,0.9777127416710041,False,False,False,not_variable,1.0
9000000000009024810,KIC 9024810,,,True,0,False,dsct_flag0,False,False,1183,766,82,0.47470603464806865,0.8392415540082804,0.8279820194459951,1560,792,83,0.7285185392217194,1.0628283019416107,0.6055774437562877,False,False,False,not_variable,1.0
9000000000009025600,KIC 9025600,,,True,0,False,dsct_flag0,False,False,1148,760,82,0.42494093982127384,0.7331619050188992,0.49176791836092976,1505,777,83,0.6298111272818366,1.0162251916903149,0.7998066794893879,False,False,False,not_variable,1.0
9000000000009026752,KIC 9026752,,,True,0,False,dsct_flag0,False,False,1187,767,82,0.45762088611353835,0.7978314326932892,0.6113054473735587,1569,794,83,0.665807051855054,0.941313772516019,0.5977447242779689,False,False,False,not_variable,1.0
9000000000009027888,KIC 9027888,,,True,0,False,dsct_flag0,False,False,1122,757,82,0.47308963351146793,0.9135061526422958,0.579076730381082,1482,779,83,0.6956817805204671,1.1724178552510252,1.0815132368277054,False,False,False,not_variable,1.0
9000000000009031731,KIC 9031731,,,True,0,False,dsct_flag0,False,False,62,43,21,0.6672235024887645,1.3712582840217185,1.298874090479268,79,54,22,1.035701413251525,1.575885389905993,1.1697928766361667,False,False,False,not_variable,1.0
9000000000009032703,KIC 9032703,,,True,0,False,dsct_flag0,False,False,1194,767,82,0.5591542295174986,0.9437030214650386,0.6935432401254463,1557,790,82,0.7137249581397103,1.0393389359931022,0.6732395414577309,False,False,False,not_variable,1.0
9000000000009039885,KIC 9039885,,,True,0,False,dsct_flag0,False,False,1843,975,86,0.6434629105559793,0.9280187020359538,0.7443429143113922,2707,990,82,0.9495316341109136,1.1441076320493968,0.52790413673652,False,False,False,not_variable,2.0
9000000000009040202,KIC 9040202,,,True,0,False,dsct_flag0,False,False,1843,974,86,0.617206323540217,0.9883183255935281,0.7872410236847931,2704,988,82,0.9535067050959829,1.0405753510661488,0.5796193396003511,False,False,False,not_variable,2.0
9000000000009040422,KIC 9040422,,,True,0,False,dsct_flag0,False,False,1838,974,86,0.6731840380683033,0.9911504530409961,0.5319917202025736,2705,990,82,0.874544467065889,1.1060481771853596,0.6053993870984428,False,False,False,not_variable,2.0
9000000000009041740,KIC 9041740,,,True,0,False,dsct_flag0,False,False,1843,975,86,0.7252595083806759,1.210956474202689,0.9567731044238722,2705,989,82,0.9658653127577571,1.2272572172121712,0.7818452425934133,False,False,False,not_variable,2.0
9000000000009071682,KIC 9071682,,,True,0,False,dsct_flag0,False,False,1273,806,83,0.4539928755103958,0.7859878856638383,0.4302679543174047,1534,815,81,0.8661609346533065,1.2047718292315184,0.6538080451942897,False,False,False,not_variable,1.0
9000000000009073315,KIC 9073315,,,True,0,False,dsct_flag0,False,False,1275,808,84,0.5208545515295068,0.9302622777531976,0.5989656074654663,1543,817,81,0.7877915241689308,1.0999980058117238,0.6149409212604511,False,False,False,not_variable,1.0
9000000000009073445,KIC 9073445,,,True,0,False,dsct_flag0,False,False,814,403,62,0.714810615863524,1.2860685735454853,0.9122866415697307,1049,389,56,1.025199768547985,1.0655665533988945,0.7297707269163729,False,False,False,not_variable,1.0
9000000000009076051,KIC 9076051,,,True,0,False,dsct_flag0,False,False,1280,811,84,0.6182000355924911,1.0326024403836864,0.5221005739569581,1505,814,81,0.7370150642504676,1.2238624974668582,0.6408185566464897,False,False,False,not_variable,1.0
9000000000009076726,KIC 9076726,,,True,0,False,dsct_flag0,False,False,1280,811,84,0.5104776258108233,0.8074320035171084,0.45087590979042064,1509,810,80,0.6624290512507759,0.9656188509598461,0.5756558773614616,False,False,False,not_variable,1.0
9000000000009076741,KIC 9076741,,,True,0,False,dsct_flag0,False,False,1280,811,84,0.5301382175191485,0.7817599158564007,0.4616524733806889,1526,813,81,0.6746521346002594,0.9779106593920777,0.6643278135299546,False,False,False,not_variable,1.0
9000000000009083686,KIC 9083686,,,True,0,False,dsct_flag0,False,False,1238,764,81,0.4939221841182932,0.8756281489578089,0.5099115410288989,1560,731,82,0.6170794212592112,0.9405065860335455,0.5476503652039431,False,False,False,not_variable,1.0
9000000000009084512,KIC 9084512,,,True,0,False,dsct_flag0,False,False,863,475,70,0.5420457058620657,1.0436229721385757,1.253606396219893,1195,478,71,0.8552974578096668,1.2344152848235421,0.8977498916654664,False,False,False,not_variable,1.0
9000000000009087074,KIC 9087074,,,True,0,False,dsct_flag0,False,False,1180,753,81,0.5682807150552863,1.0305011311803867,0.6230093709767378,1505,775,81,0.6325333464942586,0.901261287828226,0.4609093008212986,False,False,False,not_variable,1.0
9000000000009092247,KIC 9092247,,,True,0,False,dsct_flag0,False,False,1135,759,82,0.4190047340643764,0.7482572013980225,0.4657085504376273,1490,781,83,0.6580649172969252,0.9506260240638166,0.5251477084284568,False,False,False,not_variable,1.0
9000000000009092559,KIC 9092559,,,True,0,False,dsct_flag0,False,False,1181,763,82,0.5071169338156397,0.8929574121875271,0.7718597991036045,1553,789,83,0.6412058575496224,1.0198148898630992,0.7928596317479264,False,False,False,not_variable,1.0
9000000000009092631,KIC 9092631,,,True,0,False,dsct_flag0,False,False,1181,765,82,0.40472149785580375,0.7418078424658389,0.4410255036368252,1547,787,83,0.6546605486808135,1.0227281577409464,0.9875898573901395,False,False,False,not_variable,1.0
9000000000009093170,KIC 9093170,,,True,0,False,dsct_flag0,False,False,1183,767,82,0.4489670780819536,0.8091131463890614,0.49727283487859364,1559,793,83,0.6415175915165908,1.0690719428509428,0.7187416643041613,False,False,False,not_variable,1.0
9000000000009093179,KIC 9093179,,,True,0,False,dsct_flag0,False,False,1187,767,82,0.47059365591763097,0.8179036578621438,0.7374154259812332,1566,795,83,0.6637220232751336,0.9651127421649699,0.7126793980484109,False,False,False,not_variable,1.0
9000000000009093300,KIC 9093300,,,True,0,False,dsct_flag0,False,False,1182,766,82,0.4190954335914815,0.731961714674668,0.5094402545842686,1560,794,83,0.6358627318527122,0.9244107616421936,0.5625752019833321,False,False,False,not_variable,1.0
9000000000009095019,KIC 9095019,,,True,0,False,dsct_flag0,False,False,1115,742,82,0.5352290043556727,0.9819892947141652,0.6755769656999775,1491,760,83,0.752933472864662,1.284188304460588,0.6918577035299958,False,False,False,not_variable,1.0
9000000000009106961,KIC 9106961,,,True,0,False,dsct_flag0,False,False,1846,975,86,0.5703802287014742,0.866798192515277,0.9725127711023439,2706,990,82,0.9215777112641192,1.0924155171395518,0.6703038113782684,False,False,False,not_variable,2.0
9000000000009108715,KIC 9108715,,,True,0,False,dsct_flag0,False,False,724,629,81,0.2260151391793466,0.691722308414821,0.39018172985399735,1235,653,76,0.66038650114043,0.9706424942238433,0.5859744543121154,False,False,False,not_variable,1.0
9000000000009111488,KIC 9111488,,,True,0,False,dsct_flag0,False,False,785,633,81,0.3492107601653289,0.7003696140693344,0.4461784338123097,1297,662,76,0.6143616469918066,1.1080918778317663,0.618379565007373,False,False,False,not_variable,1.0
9000000000009113086,KIC 9113086,,,True,0,False,dsct_flag0,False,False,791,637,81,0.3902071332159933,0.7260874726110044,0.5297169550104321,1316,668,76,0.58181223612523,1.1333774856491776,0.8038522310756827,False,False,False,not_variable,1.0
9000000000009117390,KIC 9117390,,,True,0,False,dsct_flag0,False,False,711,613,81,0.33082571883211465,1.0199827841732678,0.6813758807598063,1249,665,76,0.6331723173801357,1.2648731283605188,0.697579902896312,False,False,False,not_variable,1.0
9000000000009138695,KIC 9138695,,,True,0,False,dsct_flag0,False,False,1274,808,84,0.42402990752937825,0.729411264110544,0.4691837873084965,1535,816,81,0.6607911406657101,0.9410441201919706,0.45696992824172566,False,False,False,not_variable,1.0
9000000000009139731,KIC 9139731,,,True,0,False,dsct_flag0,False,False,1285,811,84,0.5740657759214176,1.038270633701202,0.5371827512509626,1540,815,80,0.8379652854027961,1.2009275600989204,0.561768420590634,False,False,False,not_variable,1.0
9000000000009141552,KIC 9141552,,,True,0,False,dsct_flag0,False,False,1269,806,84,0.591504935851038,1.0972500012655588,0.899490662272686,1526,812,80,0.8128687897693494,1.3609169366431844,0.8946120205696226,False,False,False,not_variable,1.0
9000000000009141684,KIC 9141684,,,True,0,False,dsct_flag0,False,False,54,37,18,0.4154717693263003,0.7013645481991223,0.5221728996931662,70,48,19,0.480268496809733,1.001305302406635,0.6409974755353598,False,False,False,not_variable,1.0
9000000000009142121,KIC 9142121,,,True,0,False,dsct_flag0,False,False,1282,811,84,0.6292724132215848,0.989295532651376,0.44385460056669457,1533,815,81,0.7671943394544408,1.13191570635833,0.6300136298441886,False,False,False,not_variable,1.0
9000000000009145390,KIC 9145390,,,True,0,False,dsct_flag0,False,False,2377,1015,84,0.9604630225313419,1.2446161863421668,0.7852786920643656,2952,1026,82,1.0307924922482112,1.5401913941361534,0.9201632115814095,False,False,False,not_variable,2.0
9000000000009146888,KIC 9146888,,,True,0,False,dsct_flag0,False,False,1169,756,81,0.5138525112608782,0.93581839554279,0.5704222998426681,1513,755,80,0.679992322043462,1.0353487694396926,0.4829674479131773,False,False,False,not_variable,1.0
9000000000009149716,KIC 9149716,,,True,0,False,dsct_flag0,False,False,1239,765,81,0.5078244120448444,0.865283451452588,0.40551593475809716,1562,733,82,0.6384517405752062,0.9665642483154054,0.7438681055384497,False,False,False,not_variable,1.0
9000000000009159978,KIC 9159978,,,True,0,False,dsct_flag0,False,False,1123,758,82,0.528612593472617,1.1722087013743703,0.682099856852162,1482,781,83,0.7304263722992016,1.3253931509365324,0.8705675738730764,False,False,False,not_variable,1.0
9000000000009160564,KIC 9160564,,,True,0,False,dsct_flag0,False,False,1181,767,82,0.573911029309691,1.0084868700138847,0.7130131932512276,1560,793,83,0.8867291633051712,1.2227099215173105,0.6822221050260534,False,False,False,not_variable,1.0
9000000000009160739,KIC 9160739,,,True,0,False,dsct_flag0,False,False,1181,767,82,0.5343782004800478,0.9836435448674015,0.8154758413839884,1560,794,83,0.7113042353314625,1.0912782761845805,0.6744428695298089,False,False,False,not_variable,1.0
9000000000009162248,KIC 9162248,,,True,0,False,dsct_flag0,False,False,1180,767,82,0.4549483400291431,0.8327638934517161,0.6476797267761785,1558,792,83,0.6578522904671166,1.0336938151807658,0.7461207258532773,False,False,False,not_variable,1.0
9000000000009163135,KIC 9163135,,,True,0,False,dsct_flag0,False,False,1181,766,82,0.43653509577954175,0.8512194220710915,0.581239721501208,1558,793,83,0.7638252054672602,1.1621627543635054,1.0227151204312517,False,False,False,not_variable,1.0
9000000000009165409,KIC 9165409,,,True,0,False,dsct_flag0,False,False,1156,753,82,0.42573227193987984,0.7497143486766893,0.42393008439093427,1498,770,82,0.7444410817884756,1.0177206524935818,0.7065650892322946,False,False,False,not_variable,1.0
9000000000009165446,KIC 9165446,,,True,0,False,dsct_flag0,False,False,1193,768,82,0.4334727562873845,0.7952701930343353,0.5307487268580469,1552,790,82,0.8063062137150505,1.0511449028181976,0.5870340823350267,False,False,False,not_variable,1.0
9000000000009166386,KIC 9166386,,,True,0,False,dsct_flag0,False,False,1190,767,82,0.5094955952962582,0.9285337904847555,0.71501592890897,1547,790,82,0.7599628577460842,1.1358773576724073,0.6494439150835596,False,False,False,not_variable,1.0
9000000000009173055,KIC 9173055,,,True,0,False,dsct_flag0,False,False,786,634,81,0.3627867583110636,0.8332872388871254,0.5058760190219938,1307,660,76,0.6283979830390377,1.0528939826799102,0.6281244858335508,False,False,False,not_variable,1.0
9000000000009175104,KIC 9175104,,,True,0,False,dsct_flag0,False,False,789,636,81,0.33925546173323845,0.7291995895213256,0.4899571924354696,1312,668,76,0.6381715043395644,1.0874744065852395,0.702677395234887,False,False,False,not_variable,1.0
9000000000009178548,KIC 9178548,,,True,0,False,dsct_flag0,False,False,728,630,81,0.2574936013828343,0.7671752973506408,0.5708527530562925,1240,660,76,0.7070889634276858,1.2540843621791367,0.7860944712402372,False,False,False,not_variable,1.0
9000000000009179771,KIC 9179771,,,True,0,False,dsct_flag0,False,False,706,610,81,0.21780850124831125,0.7035683120213584,0.45339250815805165,1238,657,76,0.6714868936372821,1.3135312076166807,0.7789310532363128,False,False,False,not_variable,1.0
9000000000009182854,KIC 9182854,,,True,0,False,dsct_flag0,False,False,709,613,81,0.38224309047084043,1.1844784002978939,0.8950607475157688,1241,664,76,0.6425243154216431,1.391629461156941,0.684002471414287,False,False,False,not_variable,1.0
9000000000009201343,KIC 9201343,,,True,0,False,dsct_flag0,False,False,1267,802,84,0.5323771349570352,1.0410041333134685,0.8934366914660997,1514,800,80,0.910349754086172,1.4549251144789817,0.9804409837337064,False,False,False,not_variable,1.0
9000000000009202452,KIC 9202452,,,True,0,False,dsct_flag0,False,False,1266,802,84,0.5997512529192252,0.9583939366465665,0.636967774951881,1526,812,81,0.8534284850848487,1.1202799949181088,0.7640450795194329,False,False,False,not_variable,1.0
9000000000009203594,KIC 9203594,,,True,0,False,dsct_flag0,False,False,1221,788,84,0.7227667275920905,1.3551052012680553,0.9279205815901976,1469,795,80,0.8713612553269579,1.298556495759974,0.6261539145546766,False,False,False,not_variable,1.0
9000000000009209433,KIC 9209433,,,True,0,False,dsct_flag0,False,False,1637,842,82,0.932513229941653,1.3928835802222206,0.7822133176966781,2212,861,81,0.9838056428340975,1.765643963401207,0.9965897612446969,False,False,False,not_variable,1.0
9000000000009221245,KIC 9221245,,,True,0,False,dsct_flag0,False,False,1169,765,82,0.7492316125148004,1.3424550963680784,1.1941402165082786,1548,788,83,1.639346826006059,2.313665366769987,1.7241814946279475,False,False,False,not_variable,1.0
9000000000009221966,KIC 9221966,,,True,0,False,dsct_flag0,False,False,1184,766,82,0.5182315667134566,0.8756882068090036,0.6380114643494046,1558,792,83,0.7108063516761551,1.116596802465043,0.8321529299842348,False,False,False,not_variable,1.0
9000000000009222588,KIC 9222588,,,True,0,False,dsct_flag0,False,False,1185,767,82,0.5266443512892786,0.9350363555885256,0.6211333821498009,1562,794,83,0.6939669804855494,1.0192476138548046,0.843244124218954,False,False,False,not_variable,1.0
9000000000009223109,KIC 9223109,,,True,0,False,dsct_flag0,False,False,1182,766,82,0.5181996668160778,1.0394243343255944,0.7100485730140014,1559,790,83,0.8072559685016569,1.1598422311410561,0.9643725185870855,False,False,False,not_variable,1.0
9000000000009226540,KIC 9226540,,,True,0,False,dsct_flag0,False,False,1180,766,82,0.5495710430013501,1.67507170385879,0.939548182540393,1558,793,83,0.808388626756774,1.8175141199144884,1.2818254172529902,False,False,False,not_variable,1.0
9000000000009229193,KIC 9229193,,,True,0,False,dsct_flag0,False,False,1035,708,82,0.46174157698867,0.8495810302038923,0.4542592766399922,1390,735,81,0.7163393827395184,1.0142584179563006,0.5279008515140876,False,False,False,not_variable,1.0
9000000000009229804,KIC 9229804,,,True,0,False,dsct_flag0,False,False,1103,728,82,0.5408648896593014,0.9383830802642583,0.7082221674176212,1465,754,82,0.7287606044830729,1.148303332574006,0.4368757359948416,False,False,False,not_variable,1.0
9000000000009241195,KIC 9241195,,,True,0,False,dsct_flag0,False,False,718,621,81,0.29676289597482397,0.8699721396042185,0.6543529381861615,1227,648,76,0.6596019311603004,1.244669391805714,0.8418087338159896,False,False,False,not_variable,1.0
9000000000009244172,KIC 9244172,,,True,0,False,dsct_flag0,False,False,138,134,61,0.13689898127333044,2.8316812509482197,2.5681985761629567,55,52,35,0.462944745459545,4.735667860073951,4.679780416706642,True,True,True,variable,1.0
9000000000009262663,KIC 9262663,,,True,0,False,dsct_flag0,False,False,50,34,17,0.4737277923948752,0.9835916155893846,0.7415525246574493,66,44,17,0.4265914721326256,1.2526971970717486,0.7136275054060393,False,False,False,not_variable,1.0
9000000000009264629,KIC 9264629,,,True,0,False,dsct_flag0,False,False,1227,788,84,0.5060885718616118,0.9078021586953657,0.6851653341912886,1487,798,81,0.8906122861755452,1.0979063795639843,0.5156451797245966,False,False,False,not_variable,1.0
9000000000009265085,KIC 9265085,,,True,0,False,dsct_flag0,False,False,742,551,72,0.397717557414766,0.9217306895151769,0.5778068844798685,1053,589,71,0.8100914491365341,1.173439674272285,0.54749732282785,False,False,False,not_variable,1.0
9000000000009268345,KIC 9268345,,,True,0,False,dsct_flag0,False,False,727,537,72,0.6505274394815516,1.8133581680290811,1.198376537964469,1034,572,70,0.8548036496723277,1.5036903497791565,1.1703274008818796,False,False,False,not_variable,1.0
9000000000009278792,KIC 9278792,,,True,0,False,dsct_flag0,False,False,60,42,20,0.3900264007055594,0.90560220675216,0.8791682035240722,79,54,22,0.49968481066395815,1.151156256236826,0.8504564585442341,False,False,False,not_variable,1.0
9000000000009279865,KIC 9279865,,,True,0,False,dsct_flag0,False,False,742,560,76,0.40621576717257296,1.0958168571476894,0.7712578226684905,1039,550,75,0.9014504621260453,1.3086085236469647,0.6119825483072382,False,False,False,not_variable,1.0
9000000000009282564,KIC 9282564,,,True,0,False,dsct_flag0,False,False,634,493,70,0.38462988630727846,0.9689372694460364,0.48002635875941807,1031,536,70,0.8996642860385488,1.2112041059816505,0.7432395416850449,False,False,False,not_variable,1.0
9000000000009283315,KIC 9283315,,,True,0,False,dsct_flag0,False,False,62,43,21,0.47088401095208393,0.8950517862532192,1.0016639213439988,77,54,22,0.6807252291733059,1.0236392447915899,0.8896311353860484,False,False,False,not_variable,1.0
9000000000009283963,KIC 9283963,,,True,0,False,dsct_flag0,False,False,1101,738,82,0.5022869226717014,1.0226299767202682,0.8495092360329556,1472,766,83,0.7689435817232657,1.2661510306221102,0.650650585493026,False,False,False,not_variable,1.0
9000000000009283977,KIC 9283977,,,True,0,False,dsct_flag0,False,False,1133,749,82,0.48938845534480163,0.919120084718758,0.6497355525741559,1512,777,83,0.7434476601396239,1.1817714355397084,0.6322583967240925,False,False,False,not_variable,1.0
9000000000009284059,KIC 9284059,,,True,0,False,dsct_flag0,False,False,777,582,75,0.4469696535671715,0.9367688778243468,0.6012058958735409,1151,611,77,0.6761213948015892,1.1040565098976578,0.5814461870850453,False,False,False,not_variable,1.0
9000000000009285133,KIC 9285133,,,True,0,False,dsct_flag0,False,False,678,529,71,0.4057489081325759,1.0749399727998925,0.6690625397784907,1068,567,73,0.7090230195377367,1.1956022549006193,0.7704450996976794,False,False,False,not_variable,1.0
9000000000009290326,KIC 9290326,,,True,0,False,dsct_flag0,False,False,62,43,21,0.47779808034751803,1.2833675498622261,1.3611886453103845,79,54,22,0.45787056403453513,1.0769104912931178,1.0947349211553836,False,False,False,not_variable,1.0
9000000000009292201,KIC 9292201,,,True,0,False,dsct_flag0,False,False,62,43,21,0.33450581797421736,0.8876918892667426,0.8548511433587346,79,54,22,0.4324137256286552,0.6909925968206474,0.5090594118145039,False,False,False,not_variable,1.0
9000000000009292302,KIC 9292302,,,True,0,False,dsct_flag0,False,False,62,43,21,0.3310202260548629,1.1898962485266935,1.2733530830797188,78,53,22,0.4194578202403895,0.9213945791931495,0.9027647040726,False,False,False,not_variable,1.0
9000000000009305656,KIC 9305656,,,True,0,False,dsct_flag0,False,False,512,479,73,0.13210997097926325,0.7941680284403468,0.49685545848459595,740,508,69,0.4852051767905429,1.4618315033346527,0.7313611350841919,False,False,False,not_variable,1.0
9000000000009326409,KIC 9326409,,,True,0,False,dsct_flag0,False,False,54,37,18,0.5500539296816196,1.1934281613550677,1.0627858974692395,71,49,19,0.4594172186402045,1.268694804537501,0.9049985802825533,False,False,False,not_variable,1.0
9000000000009327997,KIC 9327997,,,True,0,False,dsct_flag0,False,False,54,37,18,0.5989776157914108,1.0522382596744155,0.9689019694716644,71,49,19,0.6079752659214351,1.1184866680391439,0.6403442517246724,False,False,False,not_variable,1.0
9000000000009330879,KIC 9330879,,,True,0,False,dsct_flag0,False,False,54,37,18,0.8914720117162058,0.8443173515132651,0.7787932112634275,1161,553,76,0.7200987761333758,0.9888111973556194,0.7254401975164866,False,False,False,not_variable,1.0
9000000000009334072,KIC 9334072,,,True,0,False,dsct_flag0,False,False,55,38,19,0.5000601482757059,1.155591084094701,1.6104004296560182,1238,633,77,0.8472637317961299,1.3206908094239267,0.855025839966281,False,False,False,not_variable,1.0
9000000000009334630,KIC 9334630,,,True,0,False,dsct_flag0,False,False,55,38,19,0.5046067430326399,0.9536939229358058,1.0643543936142137,71,49,19,0.30767904757102815,1.1623948347008493,0.7984994276035955,False,False,False,not_variable,1.0
9000000000009335635,KIC 9335635,,,True,0,False,dsct_flag0,False,False,53,37,19,0.4816093869581036,1.1647333085707468,1.002965162367193,63,43,18,0.2964175407650288,1.1401777798270658,0.7022442062254772,False,False,False,not_variable,1.0
9000000000009344189,KIC 9344189,,,True,0,False,dsct_flag0,False,False,60,42,20,0.3278215408070521,0.7989186122046946,0.6334350248055365,80,55,22,0.47215485170662574,0.9902139648833213,0.6022353277735343,False,False,False,not_variable,1.0
9000000000009344984,KIC 9344984,,,True,0,False,dsct_flag0,False,False,62,43,21,0.39071262990424427,1.049701132799034,0.9954323995703679,76,53,22,0.4755474736110003,0.9534672092089035,0.5853245971098318,False,False,False,not_variable,1.0
9000000000009345042,KIC 9345042,,,True,0,False,dsct_flag0,False,False,62,43,21,0.450938492786949,1.0931272775881808,1.1139840378563433,80,55,22,0.5534508607075835,1.043346892954042,0.6703169422533554,False,False,False,not_variable,1.0
9000000000009345696,KIC 9345696,,,True,0,False,dsct_flag0,False,False,62,43,21,0.43574036456995585,1.0053525580298623,0.9931890516057426,80,55,22,0.5698202607871644,0.9382250308191138,0.7868851515627442,False,False,False,not_variable,1.0
9000000000009345734,KIC 9345734,,,True,0,False,dsct_flag0,False,False,62,43,21,0.3070668647255914,0.8361911667191115,0.8527428267434354,79,54,22,0.43514106038468214,0.9949930767015854,1.1598733672556625,False,False,False,not_variable,1.0
9000000000009345873,KIC 9345873,,,True,0,False,dsct_flag0,False,False,62,43,21,0.4090242125956014,1.0555581543184778,0.9189194964685985,80,55,22,0.5646335066917644,0.911772371328354,0.8310112535275527,False,False,False,not_variable,1.0
9000000000009349512,KIC 9349512,,,True,0,False,dsct_flag0,False,False,61,42,21,0.37025842366852285,0.7700186783513533,0.7103204258783292,76,53,22,0.43106455236213664,0.9665455388728578,1.0010929617924196,False,False,False,not_variable,1.0
9000000000009352097,KIC 9352097,,,True,0,False,dsct_flag0,False,False,62,43,21,0.2632265705269825,0.8040869944018731,0.5504526614085042,63,46,21,0.5785975192509717,1.423063040274767,1.094633911877984,False,False,False,not_variable,1.0
9000000000009357103,KIC 9357103,,,True,0,False,dsct_flag0,False,False,62,43,21,0.3925023524123718,1.0069328592824647,0.7899954201517893,73,51,21,0.33196457204656016,1.1673075198818965,1.2680924697481704,False,False,False,not_variable,1.0
9000000000009389973,KIC 9389973,,,True,0,False,dsct_flag0,False,False,54,37,18,0.5717956101503174,1.021464711632777,1.0717815336263798,69,48,19,0.4939396367387482,1.3027262063209963,0.9144180601624275,False,False,False,not_variable,1.0
9000000000009412827,KIC 9412827,,,True,0,False,dsct_flag0,False,False,1081,748,82,0.4223231049225949,1.1921434720116202,0.9682100989329279,1451,767,83,0.6670953360074761,1.3995836368805983,0.9852077292442082,False,False,False,not_variable,1.0
9000000000009413755,KIC 9413755,,,True,0,False,dsct_flag0,False,False,1170,764,82,0.5397563736196345,1.0939783956773923,0.8776903669411907,1531,782,82,0.8133374595499021,1.3552957441969582,0.8780793339954474,False,False,False,not_variable,1.0
9000000000009414982,KIC 9414982,,,True,0,False,dsct_flag0,False,False,1165,759,82,0.5160266425623022,1.0633116546017136,0.8725105689667368,1526,779,82,0.722903065984588,1.3434881636148128,0.8959559840263696,False,False,False,not_variable,1.0
9000000000009449234,KIC 9449234,,,True,0,False,dsct_flag0,False,False,1204,794,84,0.2698917024493944,1.3327884034502815,1.0315597604774978,1427,787,80,0.44469349132860536,1.2387865504402402,0.8707868731669203,False,False,False,not_variable,1.0
9000000000009450590,KIC 9450590,,,True,0,False,dsct_flag0,False,False,1205,791,84,0.36969968580358953,1.6310255140125,1.3815561119992537,1465,796,81,0.5613871935626819,1.387627371500023,1.0217741078162796,False,False,False,not_variable,1.0
9000000000009455075,KIC 9455075,,,True,0,False,dsct_flag0,False,False,1227,802,84,0.5467717260835018,1.0898793392183164,0.7371588652649254,1450,797,80,0.5979479057772318,0.9711142138499749,0.5101180338177098,False,False,False,not_variable,1.0
9000000000009455242,KIC 9455242,,,True,0,False,dsct_flag0,False,False,1227,802,84,0.4585971815688826,0.9896188400668658,0.6445373599744397,1463,797,80,0.6681397135900303,0.9188658033386865,0.5240996382046995,False,False,False,not_variable,1.0
9000000000009455322,KIC 9455322,,,True,0,False,dsct_flag0,False,False,1230,802,84,0.47028980938663745,0.9397749798324725,0.6001598573975716,1464,797,80,0.608440415030072,0.9121587160995929,0.4792559837537321,False,False,False,not_variable,1.0
9000000000009455356,KIC 9455356,,,True,0,False,dsct_flag0,False,False,1229,802,84,0.49499959037443325,0.8822412955901681,0.5598295953114548,1417,793,80,0.5525183735209483,0.9160688440830169,0.5291875980020794,False,False,False,not_variable,1.0
9000000000009455924,KIC 9455924,,,True,0,False,dsct_flag0,False,False,2353,1014,84,0.6723872512734165,1.074324373874552,0.726817810753011,2894,1014,84,0.9150186219738892,0.896010839404083,0.3752555700971566,False,False,False,not_variable,2.0
9000000000009456009,KIC 9456009,,,True,0,False,dsct_flag0,False,False,2347,1015,84,0.6646214916088488,1.0313733881199627,0.6030339947411336,2882,1013,84,0.8370649344510531,1.1469041638251223,0.5809812048626931,False,False,False,not_variable,2.0
9000000000009456389,KIC 9456389,,,True,0,False,dsct_flag0,False,False,2348,1014,84,0.7180110127504364,1.2663773512645016,0.8002477000523193,2882,1012,84,0.8601934139720486,1.1466005973878164,0.5664141145384275,False,False,False,not_variable,2.0
9000000000009456595,KIC 9456595,,,True,0,False,dsct_flag0,False,False,2348,1015,84,0.5977699257573453,1.1933613901142557,0.7766827221348801,2880,1013,84,0.865512386263002,1.0100853232113087,0.4764850307499989,False,False,False,not_variable,2.0
9000000000009456985,KIC 9456985,,,True,0,False,dsct_flag0,False,False,1117,736,80,0.508829887437178,0.8406384497501403,0.7340491958482555,1424,727,80,0.8571686785994918,0.8504633585071163,0.4299379399972922,False,False,False,not_variable,1.0
9000000000009466331,KIC 9466331,,,True,0,False,dsct_flag0,False,False,1098,740,82,0.4715293581677292,0.8784899929716974,0.6333475421676764,1455,760,82,0.6989110064386993,1.0692542764369335,0.6631437885531128,False,False,False,not_variable,1.0
9000000000009466429,KIC 9466429,,,True,0,False,dsct_flag0,False,False,1099,741,82,0.4844653883528328,0.9782276228259651,0.7093318336509931,1454,758,82,0.6999743996170307,1.181541009110708,0.7485000404201257,False,False,False,not_variable,1.0
9000000000009466498,KIC 9466498,,,True,0,False,dsct_flag0,False,False,1101,741,82,0.518035999394351,0.9401872068039867,0.5504191643839103,1461,760,82,0.7188783949484153,1.0591319926152798,0.6370200281621202,False,False,False,not_variable,1.0
9000000000009466660,KIC 9466660,,,True,0,False,dsct_flag0,False,False,1099,741,82,0.5437051714708404,0.9974787959654929,0.5719036313651179,1456,758,82,0.823359844466404,1.206443690058261,0.8000930682173256,False,False,False,not_variable,1.0
9000000000009467357,KIC 9467357,,,True,0,False,dsct_flag0,False,False,1110,749,82,0.28437792587858157,1.1200319087973236,0.7554664448895798,1455,765,83,0.5439080905232653,1.267579183458349,0.9274106600887038,False,False,False,not_variable,1.0
9000000000009467485,KIC 9467485,,,True,0,False,dsct_flag0,False,False,1118,756,82,0.321398923216967,1.110311607704025,0.815591380433666,1425,766,83,0.5471377472908578,1.355271898235171,0.9386377400442785,False,False,False,not_variable,1.0
9000000000009468800,KIC 9468800,,,True,0,False,dsct_flag0,False,False,1121,757,82,0.3356833487254124,1.1245518122779865,0.8624363008397523,1480,776,83,0.5361894052801257,1.1776517387582075,0.8217117484401569,False,False,False,not_variable,1.0
9000000000009469599,KIC 9469599,,,True,0,False,dsct_flag0,False,False,1118,756,82,0.4817272885879177,2.0206744550787823,0.9387400105051378,1453,773,83,0.6400645097460189,2.130270553638937,1.3741819521415852,False,False,False,not_variable,1.0
9000000000009471846,KIC 9471846,,,True,0,False,dsct_flag0,False,False,1100,751,82,0.38746686370133226,1.213096237366818,0.9647674276571101,1260,729,83,0.48030552483614736,1.3168329716499427,1.0081379810655562,False,False,False,not_variable,1.0
9000000000009472553,KIC 9472553,,,True,0,False,dsct_flag0,False,False,1071,737,82,0.3445110646903252,1.1233499427421472,0.9114238103841915,1447,762,83,0.5711905201014347,1.2011092192305932,0.8337800255043257,False,False,False,not_variable,1.0
9000000000009474675,KIC 9474675,,,True,0,False,dsct_flag0,False,False,1129,758,82,0.5072840487897851,1.0281886888366603,0.8367455462153082,1482,776,83,0.6952928021519503,1.313385202539779,0.8977740144480013,False,False,False,not_variable,1.0
9000000000009475286,KIC 9475286,,,True,0,False,dsct_flag0,False,False,1131,761,82,0.5332192212394987,1.0024167509747004,0.633693033465482,1483,779,82,0.7306516940764588,1.312314232746494,0.8679757859918025,False,False,False,not_variable,1.0
9000000000009480445,KIC 9480445,,,True,0,False,dsct_flag0,False,False,1496,912,84,0.608522008468889,0.9381192913877411,0.7958853086228744,1859,910,81,0.7089444501545565,1.0620345008328735,0.4847761258739213,False,False,False,not_variable,1.0
9000000000009509020,KIC 9509020,,,True,0,False,dsct_flag0,False,False,1067,752,83,0.3782953404102056,1.045035066171128,0.7579925862028378,258,204,63,0.43736231469969894,3.5720337611473902,1.774927651289602,True,False,False,variable,1.0
9000000000009512022,KIC 9512022,,,True,0,False,dsct_flag0,False,False,1202,789,84,0.3158088302125118,1.5296789024385535,1.17882937509119,1458,790,81,0.5611978614693864,1.4057113113878525,0.9424900097585552,False,False,False,not_variable,1.0
9000000000009515035,KIC 9515035,,,True,0,False,dsct_flag0,False,False,1271,814,84,0.5655132396251301,0.8975779588524,0.8454606880132542,1469,795,80,0.5602012647839306,0.9659706940092965,0.484660664235086,False,False,False,not_variable,1.0
9000000000009519262,KIC 9519262,,,True,0,False,dsct_flag0,False,False,1112,736,80,0.5419995618763725,1.0175893020718552,0.7296585822286127,1176,665,80,0.6947077958908814,0.9750683026255531,0.48851795225402284,False,False,False,not_variable,1.0
9000000000009524829,KIC 9524829,,,True,0,False,dsct_flag0,False,False,1110,746,82,0.5085539263886097,0.9671131773411081,0.6357475019704023,1453,755,81,0.8267476550593948,0.9230796009194644,0.5183640777098214,False,False,False,not_variable,1.0
9000000000009529425,KIC 9529425,,,True,0,False,dsct_flag0,False,False,1121,757,82,0.3054368916557954,1.1423696904632397,0.874886490216619,1480,776,83,0.5051489956635842,1.1907929418299,0.8984148863612305,False,False,False,not_variable,1.0
9000000000009529777,KIC 9529777,,,True,0,False,dsct_flag0,False,False,1121,756,82,0.3257426717980961,1.131819029532,0.9712831164780824,1480,777,83,0.4963396608999546,1.1589169421600525,0.8512196146649312,False,False,False,not_variable,1.0
9000000000009529932,KIC 9529932,,,True,0,False,dsct_flag0,False,False,1123,757,82,0.35621330849052635,1.0761337038069951,0.8533741057626767,1481,777,83,0.5217572572213085,1.1025408234674994,0.7915855659616394,False,False,False,not_variable,1.0
9000000000009531205,KIC 9531205,,,True,0,False,dsct_flag0,False,False,1123,757,82,0.42913183667871746,1.0906357392597774,0.840215749315821,1486,777,83,0.7003846965480844,1.2799152678110042,1.06196686777952,False,False,False,not_variable,1.0
9000000000009533215,KIC 9533215,,,True,0,False,dsct_flag0,False,False,1104,753,82,0.35259137735204654,1.1397658075182695,0.8493102047837662,1478,774,83,0.537909644698777,1.1586724342258665,0.930939662768164,False,False,False,not_variable,1.0
9000000000009533319,KIC 9533319,,,True,0,False,dsct_flag0,False,False,1103,752,82,0.3615341608008976,1.1340401308201733,0.9039956070271596,1480,776,83,0.550114734999787,1.1417883552500412,1.027003936863091,False,False,False,not_variable,1.0
9000000000009533357,KIC 9533357,,,True,0,False,dsct_flag0,False,False,1098,749,82,0.3451490259882015,1.142684815600554,0.9167165614962364,1442,772,83,0.5096369816730238,1.157892301284682,0.8841789554934999,False,False,False,not_variable,1.0
9000000000009534206,KIC 9534206,,,True,0,False,dsct_flag0,False,False,1104,753,82,0.3835218695253236,1.0768032396282343,0.8945787635321358,1477,774,83,0.5639792413629475,1.1486015920652535,0.823972861165085,False,False,False,not_variable,1.0
9000000000009535729,KIC 9535729,,,True,0,False,dsct_flag0,False,False,833,467,70,0.6090214231028328,1.094217369539693,1.1668451235921522,1212,475,71,0.910869633460847,1.5687844804919322,1.5087806810350741,False,False,False,not_variable,1.0
9000000000009536121,KIC 9536121,,,True,0,False,dsct_flag0,False,False,1131,762,82,0.4794914401186777,1.04762627229895,0.8466501014796989,1482,780,83,0.6935254365123196,1.2876426049374783,0.9040733799070064,False,False,False,not_variable,1.0
9000000000009536335,KIC 9536335,,,True,0,False,dsct_flag0,False,False,1177,769,82,0.5112104695883888,0.9199772949679084,0.8071092188870163,1560,791,82,0.7215337653370263,1.098754066238205,0.8597601584526442,False,False,False,not_variable,1.0
9000000000009540796,KIC 9540796,,,True,0,False,dsct_flag0,False,False,1167,764,83,0.6531149246460218,0.9522195397277321,0.6771503765595583,1838,794,81,0.9029689752642412,1.1066819582015555,0.7482869720237532,False,False,False,not_variable,1.0
9000000000009544105,KIC 9544105,,,True,0,False,dsct_flag0,False,False,785,634,81,0.5050795372566288,0.9726037434413737,0.728288912361115,1323,671,76,0.8612268468792158,1.097135747138322,0.5901132405909468,False,False,False,not_variable,1.0
9000000000009550833,KIC 9550833,,,True,0,False,dsct_flag0,False,False,733,634,81,0.3281138837781832,0.8798246752495682,0.6208433640960764,1246,665,76,0.7614333775047015,1.4563116857454086,0.5959824820381076,False,False,False,not_variable,1.0
9000000000009570769,KIC 9570769,,,True,0,False,dsct_flag0,False,False,1234,794,83,0.4543263072222702,0.9614783366252608,0.6427307739622182,1512,795,79,0.6310307510687376,1.0943511536664392,0.822685514443443,False,False,False,not_variable,1.0
9000000000009573474,KIC 9573474,,,True,0,False,dsct_flag0,False,False,1258,804,84,0.31025223476094227,1.5270712526189685,1.194455990323472,1534,810,81,0.5008620783674493,1.3965813219942373,0.9482744885665871,False,False,False,not_variable,1.0
9000000000009574825,KIC 9574825,,,True,0,False,dsct_flag0,False,False,1258,805,84,0.2979062095828811,1.5041537856340732,1.2019344244254988,1533,810,81,0.5026826798529551,1.347130013526391,1.0115930594138103,False,False,False,not_variable,1.0
9000000000009575208,KIC 9575208,,,True,0,False,dsct_flag0,False,False,1243,802,84,0.33382777578545186,1.539913801849182,1.2212241714078889,1495,805,81,0.46600283620102717,1.3752758323489973,0.9410930626918268,False,False,False,not_variable,1.0
9000000000009578617,KIC 9578617,,,True,0,False,dsct_flag0,False,False,1283,815,84,0.4973579316189337,0.9132677440376079,0.6616492660682556,1532,812,80,0.6396438117556358,0.9585219177256813,0.4020908759145188,False,False,False,not_variable,1.0
9000000000009579084,KIC 9579084,,,True,0,False,dsct_flag0,False,False,2394,1023,84,0.8004930012986694,1.2326069103972754,0.8429060133865273,2947,1022,84,0.8774972483459084,0.9930197336355431,0.6392696319267749,False,False,False,not_variable,2.0
9000000000009580130,KIC 9580130,,,True,0,False,dsct_flag0,False,False,2402,1025,84,0.7884392691688011,1.0433767715848645,0.5536332372167949,2955,1023,84,0.9294190349396272,1.014820036157825,0.4441988270913505,False,False,False,not_variable,2.0
9000000000009580881,KIC 9580881,,,True,0,False,dsct_flag0,False,False,1167,753,80,0.6029563785292761,1.0944524222379974,0.7869261228348362,1475,736,80,0.8190788792514732,1.0042689036332741,0.5243249831537043,False,False,False,not_variable,1.0
9000000000009581072,KIC 9581072,,,True,0,False,dsct_flag0,False,False,519,245,41,0.799553456136677,1.3754222184752454,0.6633993727829053,875,237,37,1.0315517740890316,1.3282970822187148,0.6935927378950424,False,False,False,not_variable,2.0
9000000000009581773,KIC 9581773,,,True,0,False,dsct_flag0,False,False,1235,768,81,0.5467016109506808,0.8301232080730405,0.715438085417608,1599,769,81,0.8352123553172691,0.9049967902142116,0.5203940541926626,False,False,False,not_variable,1.0
9000000000009582263,KIC 9582263,,,True,0,False,dsct_flag0,False,False,1231,766,81,0.5357622720781684,0.8353760430103858,0.5825302243441005,1594,769,81,0.7328489610849185,0.779058804706175,0.4577875511433319,False,False,False,not_variable,1.0
9000000000009582288,KIC 9582288,,,True,0,False,dsct_flag0,False,False,1236,767,81,0.5533510298791875,0.8280096189308351,0.5054398213800628,1598,767,81,0.8275603153274399,0.8657024510457971,0.4827806305226985,False,False,False,not_variable,1.0
9000000000009582437,KIC 9582437,,,True,0,False,dsct_flag0,False,False,1237,769,81,0.4945071952261718,0.848920067806395,0.5147129531854338,1598,768,81,0.7097238634217384,0.8351893860366835,0.5352668255177845,False,False,False,not_variable,1.0
9000000000009582619,KIC 9582619,,,True,0,False,dsct_flag0,False,False,1237,768,81,0.5305764439396397,0.872772316591466,0.5157158123186648,1591,768,81,0.7428402767050881,0.8251596935392046,0.49580951608699597,False,False,False,not_variable,1.0
9000000000009583685,KIC 9583685,,,True,0,False,dsct_flag0,False,False,60,42,20,0.34081609304295596,1.5197898350674222,0.9655372002869926,82,57,22,0.3729278957901809,1.1502595004692522,1.2183856992061055,False,False,False,not_variable,1.0
9000000000009589703,KIC 9589703,,,True,0,False,dsct_flag0,False,False,1157,748,82,0.523210493880227,0.9975151918720779,0.5918422991183345,1541,772,82,0.6201537461137121,0.9001387241416116,0.5245597775262696,False,False,False,not_variable,1.0
9000000000009590050,KIC 9590050,,,True,0,False,dsct_flag0,False,False,22,15,10,0.5545985810383802,1.2152604132307678,1.308677708088178,41,29,10,0.3969215778761254,1.183918316765678,1.481400086481175,False,False,False,not_variable,1.0
9000000000009591745,KIC 9591745,,,True,0,False,dsct_flag0,False,False,1184,765,82,0.40690318989066215,1.0109417534261902,0.7091625480178223,1565,789,83,0.544475321788663,1.0792851570933708,0.8457044143056415,False,False,False,not_variable,1.0
9000000000009593788,KIC 9593788,,,True,0,False,dsct_flag0,False,False,1154,755,82,0.41276534191617625,1.212916269061902,0.9863533951442625,1397,759,83,0.5396785344815526,1.2933786839383128,0.9440403114570226,False,False,False,not_variable,1.0
9000000000009594048,KIC 9594048,,,True,0,False,dsct_flag0,False,False,1165,762,82,0.38545204233711483,1.1607499011235365,0.8709863112821824,1560,787,83,0.6343858933694815,1.2626072245038624,0.8564123609125788,False,False,False,not_variable,1.0
9000000000009594553,KIC 9594553,,,True,0,False,dsct_flag0,False,False,1157,760,82,0.32161660562674355,1.156070747158614,0.8532885438842808,967,612,83,0.45726600734266015,1.3291192822612983,1.1053780423564563,False,False,False,not_variable,1.0
9000000000009594695,KIC 9594695,,,True,0,False,dsct_flag0,False,False,1163,761,82,0.36469257298857705,1.1479158488275698,0.8577771473840201,1555,786,83,0.5446124255554069,1.181577615219263,0.8833023573533536,False,False,False,not_variable,1.0
9000000000009595230,KIC 9595230,,,True,0,False,dsct_flag0,False,False,1165,762,82,0.3495728208338633,1.2494855859416407,0.9023438189174147,1554,786,83,0.5307242494616786,1.2121022289242191,0.9693884874034736,False,False,False,not_variable,1.0
9000000000009595565,KIC 9595565,,,True,0,False,dsct_flag0,False,False,1160,760,82,0.4010486064961112,1.0160191597742265,0.719159438744482,1542,784,83,0.6334028981430918,1.0942821708295845,0.8073434219414859,False,False,False,not_variable,1.0
9000000000009595792,KIC 9595792,,,True,0,False,dsct_flag0,False,False,1163,761,82,0.41595944871687,1.0781412876315761,0.7193291473143215,1560,785,83,0.5630303565805953,1.1747573461830065,0.7915628845776629,False,False,False,not_variable,1.0
9000000000009597676,KIC 9597676,,,True,0,False,dsct_flag0,False,False,1097,685,81,0.5560767502138817,0.9969268360838993,0.6197044122895485,1467,705,83,0.7721129375137514,1.4781097245958148,1.2760814154768565,False,False,False,not_variable,1.0
9000000000009598298,KIC 9598298,,,True,0,False,dsct_flag0,False,False,1191,771,82,0.5425055110919051,0.8380370281219413,0.6109128116823189,1563,791,83,0.7223524988186243,1.0527300548963554,0.7762954619793616,False,False,False,not_variable,1.0
9000000000009598334,KIC 9598334,,,True,0,False,dsct_flag0,False,False,1191,770,82,0.5701771266612032,0.9385476960596918,0.7296181361435748,1562,793,83,0.6971547136593992,1.2032601450969513,0.8768204605063576,False,False,False,not_variable,1.0
9000000000009601302,KIC 9601302,,,True,0,False,dsct_flag0,False,False,1045,667,81,0.5988236700389848,1.0348502081146105,0.6625924107444477,1411,676,81,0.7527922297317124,1.0891524206357053,0.6618645001423169,False,False,False,not_variable,1.0
9000000000009602210,KIC 9602210,,,True,0,False,dsct_flag0,False,False,1191,767,82,0.5192338527292142,0.8674099352932118,0.59867257236824,1555,784,81,0.7387944033606112,0.9771524281229966,0.547674990716855,False,False,False,not_variable,1.0
9000000000009603091,KIC 9603091,,,True,0,False,dsct_flag0,False,False,1842,978,86,0.7447336272972426,0.9292027637927079,0.6688502835537878,2707,994,82,0.8721423790103774,1.0363447352944404,0.755646642730886,False,False,False,not_variable,2.0
9000000000009603948,KIC 9603948,,,True,0,False,dsct_flag0,False,False,1854,979,86,0.7504676614939263,0.9081626381443806,0.8843669337097361,2723,996,82,0.8403853368605453,1.067066593230102,0.5884574192728391,False,False,False,not_variable,2.0
9000000000009604148,KIC 9604148,,,True,0,False,dsct_flag0,False,False,1840,976,86,0.6819764514342197,0.8591883636558753,0.5643210446372575,2617,993,82,0.8187329065467686,1.0816023334287939,0.5839251069544796,False,False,False,not_variable,2.0
9000000000009604262,KIC 9604262,,,True,0,False,dsct_flag0,False,False,1753,965,85,0.7115698262911845,0.8180267674048627,0.5041247061906816,2344,977,82,0.8441723030066148,1.0323971607197056,0.45395769566863625,False,False,False,not_variable,2.0
9000000000009635815,KIC 9635815,,,True,0,False,dsct_flag0,False,False,1240,795,84,0.34811868673058954,1.5608557831933203,1.240097518239281,1520,800,81,0.576875528341932,1.3792997673304686,0.905750712684363,False,False,False,not_variable,1.0
9000000000009636432,KIC 9636432,,,True,0,False,dsct_flag0,False,False,1259,805,84,0.29908764717174136,1.422262359165424,1.196180011884348,1527,809,81,0.4653374717467318,1.2543035856292952,0.9645346886386637,False,False,False,not_variable,1.0
9000000000009636620,KIC 9636620,,,True,0,False,dsct_flag0,False,False,1229,787,84,0.3130021925676304,1.4268171415253361,1.1549585430058442,1492,795,81,0.5108939922548598,1.2958467810079544,0.8989888991783288,False,False,False,not_variable,1.0
9000000000009639403,KIC 9639403,,,True,0,False,dsct_flag0,False,False,53,36,18,0.35231572563757324,0.9187786528678606,1.0477234821721748,73,50,19,0.44240086446566973,0.9488852674439993,0.6613353379280039,False,False,False,not_variable,1.0
9000000000009641367,KIC 9641367,,,True,0,False,dsct_flag0,False,False,1178,756,80,0.6492774317646591,0.8666089077904529,0.5993937037567169,1500,741,80,0.8066654612607087,0.8606536501403655,0.404922017789945,False,False,False,not_variable,1.0
9000000000009642041,KIC 9642041,,,True,0,False,dsct_flag0,False,False,1170,754,80,1.6460578369513403,3.3203538185251236,2.26118303089489,1488,738,80,1.562198728678957,2.796800708342374,1.7421178131253545,True,True,False,variable,1.0
9000000000009645184,KIC 9645184,,,True,0,False,dsct_flag0,False,False,1165,752,82,0.5413588124687948,0.9438971054537069,0.5186888731375389,1529,763,81,0.7136121284682357,0.917605529658123,0.4996543542699099,False,False,False,not_variable,1.0
9000000000009645405,KIC 9645405,,,True,0,False,dsct_flag0,False,False,1167,754,82,0.49974465509149757,0.8964998280269738,0.46102824572020756,1528,765,81,0.6848503411861048,0.9062413213510854,0.5050202037985797,False,False,False,not_variable,1.0
9000000000009651625,KIC 9651625,,,True,0,False,dsct_flag0,False,False,1137,728,82,0.43817120704732015,1.0955621650778529,0.7335220991977774,1518,754,83,0.5270601918585875,1.2111250478611506,0.8898106247432439,False,False,False,not_variable,1.0
9000000000009651699,KIC 9651699,,,True,0,False,dsct_flag0,False,False,1184,765,82,0.44926048865966994,1.1506596512195744,0.8046600371760879,1565,789,83,0.5630279587025866,1.2074956445237928,0.9621592249982625,False,False,False,not_variable,1.0
9000000000009652436,KIC 9652436,,,True,0,False,dsct_flag0,False,False,1174,757,82,0.3663220703798008,1.077328944123259,0.8039088876782913,1554,779,83,0.5406965375899615,1.0520123823716505,0.7439263627122228,False,False,False,not_variable,1.0
9000000000009654199,KIC 9654199,,,True,0,False,dsct_flag0,False,False,1120,756,82,0.34765742333908806,1.1397542884269631,0.9166662162137936,1485,778,83,0.588901045063936,1.257669060368061,1.0699175233143443,False,False,False,not_variable,1.0
9000000000009654789,KIC 9654789,,,True,0,False,dsct_flag0,False,False,1154,756,82,0.45166319514896247,1.4499785115153183,1.1163569772690545,1527,779,83,0.6399235898852506,1.4546904973208328,0.9935777026538071,False,False,False,not_variable,1.0
9000000000009654924,KIC 9654924,,,True,0,False,dsct_flag0,False,False,1164,762,82,0.39103022838235874,1.2360352899487224,1.0156425974565997,1557,785,83,0.6017105656075411,1.2820132043227204,0.9450536356789273,False,False,False,not_variable,1.0
9000000000009654967,KIC 9654967,,,True,0,False,dsct_flag0,False,False,1162,761,82,0.36731126087356925,1.2454420743050894,1.0133842659483783,1554,787,83,0.6212976246589689,1.3230805145234046,0.984825826085192,False,False,False,not_variable,1.0
9000000000009655399,KIC 9655399,,,True,0,False,dsct_flag0,False,False,1159,759,82,0.33651368575562224,1.340292006431871,0.9886776782017334,1527,784,83,0.4867392528184822,1.3125089704900585,0.9349287563611863,False,False,False,not_variable,1.0
9000000000009655716,KIC 9655716,,,True,0,False,dsct_flag0,False,False,1164,761,82,0.3722651380551582,1.1415658841350713,0.8918477352567998,1558,785,83,0.5536504965255326,1.1689685291936154,0.8708933064086428,False,False,False,not_variable,1.0
9000000000009655730,KIC 9655730,,,True,0,False,dsct_flag0,False,False,1164,762,82,0.3394272795079755,1.1321190218444281,0.8640042393952634,1555,786,83,0.5131501371080004,1.1469777127942127,0.9734464574112357,False,False,False,not_variable,1.0
9000000000009655815,KIC 9655815,,,True,0,False,dsct_flag0,False,False,1163,762,82,0.378722768698593,0.9799063117106916,0.7863489271786902,1561,787,83,0.6228928780029801,1.1255344070326443,0.8622531459639176,False,False,False,not_variable,1.0
9000000000009655978,KIC 9655978,,,True,0,False,dsct_flag0,False,False,1162,761,82,0.34956387089725804,1.1417541701175988,0.8949740248649093,1558,785,83,0.556214499333768,1.098121808699778,0.9335735331727262,False,False,False,not_variable,1.0
9000000000009656139,KIC 9656139,,,True,0,False,dsct_flag0,False,False,1163,760,82,0.34691645351738204,1.1556068577204637,0.8504302787210581,1554,784,83,0.5358032346486027,1.1236738982420555,0.836007608597713,False,False,False,not_variable,1.0
9000000000009656811,KIC 9656811,,,True,0,False,dsct_flag0,False,False,1154,753,82,0.36060330700330157,1.0486860355281145,0.7611746394566716,1546,777,83,0.5824370263948395,1.1114301956492527,0.7911919799868163,False,False,False,not_variable,1.0
9000000000009656934,KIC 9656934,,,True,0,False,dsct_flag0,False,False,1165,762,82,0.3937653675515187,1.4588499140825557,1.0241352388381164,1559,786,83,0.566522294595861,1.442414317934385,0.9201515594693633,False,False,False,not_variable,1.0
9000000000009657804,KIC 9657804,,,True,0,False,dsct_flag0,False,False,1161,759,82,0.4089911438146866,1.150000751101926,1.1713626577712588,1553,786,83,0.6306719062271231,1.3214083971936852,0.9511624585692233,False,False,False,not_variable,1.0
9000000000009662168,KIC 9662168,,,True,0,False,dsct_flag0,False,False,610,311,50,0.640368021626511,1.1107807433255121,0.82778568506863,954,313,46,0.9061631215742347,1.1384272838699998,0.7185261645934101,False,False,False,not_variable,2.0
9000000000009662612,KIC 9662612,,,True,0,False,dsct_flag0,False,False,1183,761,82,0.5009503876966144,0.8146682541348682,0.5749559847237362,1542,769,81,0.6958955462938771,0.9444200437520704,0.5265023892458744,False,False,False,not_variable,1.0
9000000000009663377,KIC 9663377,,,True,0,False,dsct_flag0,False,False,1191,768,82,0.5195731591360224,1.8133778424958245,0.9998093667482859,1560,785,81,0.7911392499982909,1.7577428355590126,1.0208420020764426,False,False,False,not_variable,1.0
9000000000009664968,KIC 9664968,,,True,0,False,dsct_flag0,False,False,1780,969,85,0.7844627885339692,0.9881320139972635,0.8277871481271538,2309,979,82,0.7972220041945197,1.1164333509254543,0.6246066818440783,False,False,False,not_variable,2.0
9000000000009697513,KIC 9697513,,,True,0,False,dsct_flag0,False,False,1259,805,84,0.3059172894443205,1.4172772547852925,1.1646127650529041,1529,809,81,0.4966259554511101,1.2089320570249624,0.8779771740353322,False,False,False,not_variable,1.0
9000000000009700162,KIC 9700162,,,True,0,False,dsct_flag0,False,False,1281,816,84,0.5535287916293148,0.9275545048210052,0.459929481112977,1542,812,80,0.8096944350438618,1.048455925890958,0.5276727305058437,False,False,False,not_variable,1.0
9000000000009703584,KIC 9703584,,,True,0,False,dsct_flag0,False,False,1232,766,81,0.5065913513987341,0.8367251964268853,0.6173766626409524,1595,768,81,0.8364527429498636,1.0116998387942706,0.5318888689788872,False,False,False,not_variable,1.0
9000000000009703897,KIC 9703897,,,True,0,False,dsct_flag0,False,False,1227,761,81,0.5441651752918752,0.841083363247109,0.861967921465456,1592,764,80,0.8076594989328508,0.9354038473477796,0.5119609571771879,False,False,False,not_variable,1.0
9000000000009704596,KIC 9704596,,,True,0,False,dsct_flag0,False,False,1232,767,81,0.5111735660231723,0.8808722517403591,0.5713395909361311,1590,766,81,0.7339469858312445,0.8216158525255465,0.44022665022963803,False,False,False,not_variable,1.0
9000000000009710659,KIC 9710659,,,True,0,False,dsct_flag0,False,False,1159,748,82,0.4313979059135181,0.8586031968987682,0.46026568715480504,1535,772,82,0.6744791483907859,0.8791612076457445,0.6416811326695027,False,False,False,not_variable,1.0
9000000000009710770,KIC 9710770,,,True,0,False,dsct_flag0,False,False,1161,750,82,0.44492270059219186,0.7658642576505886,0.49502824337230467,1538,772,82,0.6958023944209674,0.9047078738600207,0.5550955640494895,False,False,False,not_variable,1.0
9000000000009712093,KIC 9712093,,,True,0,False,dsct_flag0,False,False,60,42,20,0.3510225291338455,1.1084279866114088,0.9622756414912637,82,57,22,0.5277338234190819,1.0688895187363912,1.021231523452877,False,False,False,not_variable,1.0
9000000000009712478,KIC 9712478,,,True,0,False,dsct_flag0,False,False,62,43,21,0.4565799005123623,0.8619298327629559,0.8439137042895932,82,57,22,0.6010355051165946,0.9724482842500273,0.6832104153821932,False,False,False,not_variable,1.0
9000000000009712634,KIC 9712634,,,True,0,False,dsct_flag0,False,False,850,491,71,0.5277753591687296,1.0328321535965996,0.8299757256705455,1245,509,74,0.6686090113790715,1.1288347401465113,0.9722425935987866,False,False,False,not_variable,1.0
9000000000009715437,KIC 9715437,,,True,0,False,dsct_flag0,False,False,1121,757,82,0.36612305355857644,1.2345966376928774,1.159227584186086,1480,775,83,0.5942755091612127,1.4027643970627066,1.2508115255022676,False,False,False,not_variable,1.0
9000000000009715734,KIC 9715734,,,True,0,False,dsct_flag0,False,False,1078,705,82,0.41697471830533,1.2398056462067077,0.9948450878477185,1471,728,83,0.6451671083677717,1.3189700943142046,1.025286701797166,False,False,False,not_variable,1.0
9000000000009716076,KIC 9716076,,,True,0,False,dsct_flag0,False,False,1162,760,82,0.38253036510874316,1.1566210523013094,0.9019746183053995,1557,785,83,0.5511500321920739,1.28747157530893,0.8536676251772283,False,False,False,not_variable,1.0
9000000000009716253,KIC 9716253,,,True,0,False,dsct_flag0,False,False,1165,762,82,0.37705915295116693,1.1951362025209609,0.9270478371934102,1561,786,83,0.5731949548263962,1.260666700824924,0.9328916527818486,False,False,False,not_variable,1.0
9000000000009716358,KIC 9716358,,,True,0,False,dsct_flag0,False,False,1161,760,82,0.3396672906654341,1.1816851540290345,0.9308299317708814,1403,759,83,0.4658925527307622,1.1973252872350564,0.8960873137434171,False,False,False,not_variable,1.0
9000000000009716563,KIC 9716563,,,True,0,False,dsct_flag0,False,False,1160,760,82,0.3637878367301767,1.2021169507411142,0.8847217911940197,1553,787,83,0.5159090185053022,1.2607361901672587,0.8482157662843213,False,False,False,not_variable,1.0
9000000000009716843,KIC 9716843,,,True,0,False,dsct_flag0,False,False,1163,761,82,0.3912877253035604,1.2282937315792708,1.1085279816049318,1556,786,83,0.533329631233793,1.151961277043795,0.8160700932798927,False,False,False,not_variable,1.0
9000000000009717031,KIC 9717031,,,True,0,False,dsct_flag0,False,False,1165,762,82,0.4113639780862282,0.9151452850166566,0.6136921332323956,1563,787,83,0.6398786777086461,1.1332074241527683,0.9931814837255813,False,False,False,not_variable,1.0
9000000000009719270,KIC 9719270,,,True,0,False,dsct_flag0,False,False,61,42,21,0.417148473788727,1.1371230000107118,1.0129945499752424,78,54,22,0.5294838697072909,1.316593977622327,1.3759384848140725,False,False,False,not_variable,1.0
9000000000009719420,KIC 9719420,,,True,0,False,dsct_flag0,False,False,61,42,21,0.41116713783168807,1.054567331091691,0.9417821855751298,82,57,22,0.6188286688644183,1.2363348950386734,1.2805576109202794,False,False,False,not_variable,1.0
9000000000009719699,KIC 9719699,,,True,0,False,dsct_flag0,False,False,1173,756,82,0.6300076979781699,1.099076119048292,0.7967510075777646,1419,756,83,0.7530350373791239,1.2294184647413213,0.9814643667070871,False,False,False,not_variable,1.0
9000000000009723890,KIC 9723890,,,True,0,False,dsct_flag0,False,False,1190,767,82,0.4758883107211175,0.8128175834049821,0.6083840589581216,1561,786,81,0.7116787833581625,0.9742027859885177,0.4488311433775901,False,False,False,not_variable,1.0
9000000000009723900,KIC 9723900,,,True,0,False,dsct_flag0,False,False,1181,760,82,1.5051909817486626,2.085740392453206,1.1194138687578636,1509,756,80,2.785346906675983,3.4929807472000323,1.6661640474960984,True,False,False,variable,1.0
9000000000009723932,KIC 9723932,,,True,0,False,dsct_flag0,False,False,1190,767,82,0.4843412126758486,0.7242204861644452,0.5804461690588912,1560,786,81,0.6742677541098684,0.8964189286529292,0.41354093971436606,False,False,False,not_variable,1.0
9000000000009757451,KIC 9757451,,,True,0,False,dsct_flag0,False,False,1220,795,84,0.2538039558513946,1.4074984075953867,1.131657733364236,1495,798,81,0.45463722075466784,1.2422007622493378,0.9754696390177935,False,False,False,not_variable,1.0
9000000000009761579,KIC 9761579,,,True,0,False,dsct_flag0,False,False,1533,809,84,1.4909168937900716,0.9823488525567919,0.6892399190793362,2050,809,81,1.235023006727034,1.0789186246172726,0.9209271433806404,False,False,False,not_variable,1.0
9000000000009765477,KIC 9765477,,,True,0,False,dsct_flag0,False,False,1235,767,81,0.6058845522930476,1.1247198468356792,0.9074716060395773,1598,769,81,0.8897926593989508,1.243955025354708,0.6125041723969858,False,False,False,not_variable,1.0
9000000000009766408,KIC 9766408,,,True,0,False,dsct_flag0,False,False,60,42,20,0.38037136538886923,1.0717077842141771,1.0011959619392032,81,56,22,0.4617504785120888,0.9849362079838341,0.7514663753125673,False,False,False,not_variable,1.0
9000000000009771350,KIC 9771350,,,True,0,False,dsct_flag0,False,False,1160,749,82,0.43550122552587456,0.855602048882344,0.7378391210336024,1548,774,82,0.6729218335955283,1.0173008381491597,0.6586081071497534,False,False,False,not_variable,1.0
9000000000009776796,KIC 9776796,,,True,0,False,dsct_flag0,False,False,1163,761,82,0.365021617178553,1.179487976144017,0.9449641378203291,1559,787,83,0.5965493953489995,1.2711068026623462,0.8626072238103077,False,False,False,not_variable,1.0
9000000000009777482,KIC 9777482,,,True,0,False,dsct_flag0,False,False,1162,761,82,0.34422480404998657,1.0686823472534153,0.7792182437967131,1457,771,83,0.4564140945314079,1.174056384329553,0.986018029823061,False,False,False,not_variable,1.0
9000000000009778485,KIC 9778485,,,True,0,False,dsct_flag0,False,False,1160,760,82,0.3856333775848646,1.0654471074105483,0.8285773627443919,1521,783,83,0.5417737780752075,1.227790419410732,0.9296647191330544,False,False,False,not_variable,1.0
9000000000009784103,KIC 9784103,,,True,0,False,dsct_flag0,False,False,1190,768,82,0.5893000532912073,0.848241539637579,0.6197501414340015,1560,786,81,0.7857021694720439,1.0536917698750539,0.5451622372526415,False,False,False,not_variable,1.0
9000000000009784357,KIC 9784357,,,True,0,False,dsct_flag0,False,False,1189,767,82,0.5479750506588267,0.9294176447048137,0.6389903780548342,1558,785,81,0.7167843298529447,1.0000956598501063,0.5271076135330464,False,False,False,not_variable,1.0
9000000000009786617,KIC 9786617,,,True,0,False,dsct_flag0,False,False,1846,979,86,0.9104291875657694,1.1714453710280552,0.7678779004167382,2716,995,82,0.8870085075098907,1.1333637097988385,0.8491541552582286,False,False,False,not_variable,2.0
9000000000009786780,KIC 9786780,,,True,0,False,dsct_flag0,False,False,1822,962,86,0.8006832265036262,1.1077754561008062,0.7422207390403565,2681,976,82,0.904946971329988,1.049550542562223,0.5192399465432378,False,False,False,not_variable,2.0
9000000000009786859,KIC 9786859,,,True,0,False,dsct_flag0,False,False,1793,950,86,0.7910780713824965,1.0114088253031752,0.6773327280398609,2661,968,82,0.8867015133301899,1.026236152127453,0.5798334116332516,False,False,False,not_variable,2.0
9000000000009786866,KIC 9786866,,,True,0,False,dsct_flag0,False,False,1845,978,86,0.8166229726663634,1.0673463396993201,0.6011389816415046,2586,983,82,0.8330097311837426,1.0988993214331992,0.7541660911493927,False,False,False,not_variable,2.0
9000000000009787265,KIC 9787265,,,True,0,False,dsct_flag0,False,False,1849,978,86,0.8525144946286296,1.060912892885931,0.534750155864527,2722,995,82,0.8689502720195325,1.137228025905621,0.6291379088866452,False,False,False,not_variable,2.0
9000000000009788706,KIC 9788706,,,True,0,False,dsct_flag0,False,False,788,637,81,0.5381470060725956,1.1580803825221588,0.8426650860820218,1320,671,76,0.832395517257919,1.2122872288580244,0.819500089662128,False,False,False,not_variable,1.0
9000000000009790903,KIC 9790903,,,True,0,False,dsct_flag0,False,False,786,635,81,0.3587617093297343,0.7947957674116516,0.6092590586592361,1327,673,76,0.7976700973650797,1.076665403324081,0.47324803441000024,False,False,False,not_variable,1.0
9000000000009812146,KIC 9812146,,,True,0,False,dsct_flag0,False,False,1246,797,83,0.5081612099154479,0.9058891116910648,0.5842630947385185,1518,795,79,0.7118632649053911,0.9357748013931924,0.504793796257996,False,False,False,not_variable,1.0
9000000000009814138,KIC 9814138,,,True,0,False,dsct_flag0,False,False,1220,790,83,0.4866947782111318,1.1417057710568417,0.708766561867743,1500,791,79,0.7836259046524467,1.1308200343483472,0.6561290761792377,False,False,False,not_variable,1.0
9000000000009820713,KIC 9820713,,,True,0,False,dsct_flag0,False,False,1278,814,84,0.5823091744632143,0.9630071227980493,0.5864220899757724,1537,810,80,0.7772079243487258,0.984603464059756,0.5079962952268914,False,False,False,not_variable,1.0
9000000000009821013,KIC 9821013,,,True,0,False,dsct_flag0,False,False,1229,796,84,0.5833588607475872,1.062417264119567,0.6410024638396381,1404,779,80,0.8539798393084685,1.1570741628197925,0.6967756798922604,False,False,False,not_variable,1.0
9000000000009822703,KIC 9822703,,,True,0,False,dsct_flag0,False,False,682,520,71,0.5761997170172746,1.0645088749655913,0.9255402371896548,2080,863,83,0.8392476690482386,1.1202017351394211,0.6527150487662544,False,False,False,not_variable,1.0
9000000000009823527,KIC 9823527,,,True,0,False,dsct_flag0,False,False,1172,755,80,0.5989860339446641,0.9279776869469213,0.6892006752974408,1484,736,80,0.801168256250093,0.9849571655331474,0.44593254437673313,False,False,False,not_variable,1.0
9000000000009825135,KIC 9825135,,,True,0,False,dsct_flag0,False,False,1231,766,81,0.5656643500463617,0.9177420870833166,0.6509295405755412,1558,764,81,0.8616447560418078,1.0054538654274916,0.598838173257636,False,False,False,not_variable,1.0
9000000000009825778,KIC 9825778,,,True,0,False,dsct_flag0,False,False,1231,768,81,0.527236553888648,0.943918135006298,0.6997220147384267,1592,767,81,0.724401620361928,0.790801585024333,0.3359796318882436,False,False,False,not_variable,1.0
9000000000009832817,KIC 9832817,,,True,0,False,dsct_flag0,False,False,1141,745,82,0.5568518520787272,1.0754600459353156,0.6341045361804952,1528,771,82,0.7914547298583107,1.0727913014030102,0.6465406876694662,False,False,False,not_variable,1.0
9000000000009833354,KIC 9833354,,,True,0,False,dsct_flag0,False,False,1141,733,82,0.5059606056036947,1.1535265996623423,0.7982332117869972,1523,759,83,0.8244732011614004,1.2951318291427996,1.1043708222087272,False,False,False,not_variable,1.0
9000000000009834190,KIC 9834190,,,True,0,False,dsct_flag0,False,False,1182,765,82,0.34991456019604783,1.101078611520185,0.8056012421401807,1559,788,83,0.5178623480760757,1.1290757040903259,0.9642953190334169,False,False,False,not_variable,1.0
9000000000009838007,KIC 9838007,,,True,0,False,dsct_flag0,False,False,1163,761,82,0.3845638975711116,1.1187179423480609,0.8353187301505728,1559,787,83,0.5913380447333818,1.145297655597921,0.9751347681370778,False,False,False,not_variable,1.0
9000000000009838479,KIC 9838479,,,True,0,False,dsct_flag0,False,False,1073,682,81,0.40490193977133837,1.0831024240845821,0.8367636827123708,1360,716,82,0.5639033677215607,1.1657412287537408,0.8615678354591231,False,False,False,not_variable,1.0
9000000000009838821,KIC 9838821,,,True,0,False,dsct_flag0,False,False,1165,762,82,0.4411431431837459,1.1159600006982116,0.7785959730325075,1558,786,83,0.6004957346947011,1.1324925976675897,0.769556444500179,False,False,False,not_variable,1.0
9000000000009839139,KIC 9839139,,,True,0,False,dsct_flag0,False,False,1163,761,82,0.4317460460319275,1.0857744304867496,0.7431914876802157,1556,788,83,0.6153166763798127,1.2161397843509336,0.8511123379949311,False,False,False,not_variable,1.0
9000000000009839485,KIC 9839485,,,True,0,False,dsct_flag0,False,False,1159,758,82,0.5072249144672653,1.2133717978555238,0.8883348853830336,1426,757,83,0.6314922485546512,1.3130353757486843,1.014304689758015,False,False,False,not_variable,1.0
9000000000009840129,KIC 9840129,,,True,0,False,dsct_flag0,False,False,61,42,21,0.2939748865867639,1.1752409873573646,1.1046736367578691,81,56,22,0.4466527575990672,1.1210163524358985,0.9398955055459634,False,False,False,not_variable,1.0
9000000000009844904,KIC 9844904,,,True,0,False,dsct_flag0,False,False,915,658,80,0.4969636510597713,0.9906600601080698,0.6599892060498753,1276,684,79,0.672870244561354,1.1518972629254045,0.6518255744399665,False,False,False,not_variable,1.0
9000000000009845531,KIC 9845531,,,True,0,False,dsct_flag0,False,False,1843,977,86,0.8803150529918982,1.1473405440593707,0.862843031790392,2669,993,82,0.8937868595252867,1.1756696739702053,0.5966087432928708,False,False,False,not_variable,2.0
9000000000009846224,KIC 9846224,,,True,0,False,dsct_flag0,False,False,1261,763,79,0.7255614977300429,1.1094096417953025,0.7392516824540905,1146,608,75,0.7224219826829748,1.091049089795126,0.593123642040936,False,False,False,not_variable,1.0
9000000000009846419,KIC 9846419,,,True,0,False,dsct_flag0,False,False,1847,978,86,0.8911678168632401,1.1912818480750154,0.7931792536832227,2722,996,82,0.8843132819091317,1.0670345645332122,0.5013223631680965,False,False,False,not_variable,2.0
9000000000009846850,KIC 9846850,,,True,0,False,dsct_flag0,False,False,519,483,73,0.36972180927983866,2.094926984907903,2.2627768058466966,79,54,22,0.3807476223784267,0.7957821352235231,0.8916044140334566,False,False,False,not_variable,1.0
9000000000009846969,KIC 9846969,,,True,0,False,dsct_flag0,False,False,1847,978,86,0.8953215280184847,1.1566877381948653,0.7073326413044707,2714,994,82,0.9118030224271034,1.0811178586435146,0.5585546881698631,False,False,False,not_variable,2.0
9000000000009847134,KIC 9847134,,,True,0,False,dsct_flag0,False,False,1728,952,86,0.8248183832560809,1.1017351963135944,0.7641090273255267,2573,964,82,0.8745016188819323,1.112278015004153,1.1703057764398614,False,False,False,not_variable,2.0
9000000000009848841,KIC 9848841,,,True,0,False,dsct_flag0,False,False,780,630,81,0.557887823796043,1.1838807133935458,0.843100447773921,1316,664,76,0.8010731398258489,1.2562946366207945,0.7133563532972154,False,False,False,not_variable,1.0
9000000000009850957,KIC 9850957,,,True,0,False,dsct_flag0,False,False,778,628,81,0.35685667192895637,0.8426717487196589,0.614768620845573,1277,654,75,0.794521572997306,1.3152919582856555,0.7928725316874807,False,False,False,not_variable,1.0
9000000000009851484,KIC 9851484,,,True,0,False,dsct_flag0,False,False,783,632,81,0.3117984784498347,0.7438091981939746,0.6137294203033186,1326,673,76,0.8691902444000859,1.2095049270071387,0.4637737918719855,False,False,False,not_variable,1.0
9000000000009852050,KIC 9852050,,,True,0,False,dsct_flag0,False,False,785,633,81,0.4229951445671973,0.98613937046955,0.8398292820995341,1327,673,76,0.8223563404347447,1.1537340281385073,0.5842830807616003,False,False,False,not_variable,1.0
9000000000009873555,KIC 9873555,,,True,0,False,dsct_flag0,False,False,1170,769,83,0.5638564669455093,1.0574684578846663,0.5841273476989831,1434,774,79,0.844164900268795,0.974576339191057,0.5961705024494741,False,False,False,not_variable,1.0
9000000000009873626,KIC 9873626,,,True,0,False,dsct_flag0,False,False,1227,788,83,0.5209222512932423,0.9956121901689932,0.5651188485237606,1500,788,79,0.8627823498709969,0.9886330835689681,0.5099028806577091,False,False,False,not_variable,1.0
9000000000009873847,KIC 9873847,,,True,0,False,dsct_flag0,False,False,961,685,83,0.5012908264590128,1.1862342880956616,0.8079892983887358,853,592,77,0.7448533755692783,1.3828473262596714,0.8358657534262702,False,False,False,not_variable,1.0
9000000000009885669,KIC 9885669,,,True,0,False,dsct_flag0,False,False,861,609,79,0.516578885487319,1.115129293494503,0.7752143838241856,1132,597,78,0.8490569439750068,1.0580595567310835,0.7985024566122192,False,False,False,not_variable,1.0
9000000000009886727,KIC 9886727,,,True,0,False,dsct_flag0,False,False,327,153,27,0.9341504423677078,1.9556129410133072,1.8531752254470557,677,155,28,1.2306537323328832,1.7755406267247746,1.0980309949943425,False,False,False,not_variable,2.0
9000000000009892827,KIC 9892827,,,True,0,False,dsct_flag0,False,False,55,36,17,0.4654142024826926,1.3699348723731548,1.1023165514714817,70,45,16,0.4396907141724568,1.8902896945325358,1.3990143332598708,False,False,False,not_variable,2.0
9000000000009895266,KIC 9895266,,,True,0,False,dsct_flag0,False,False,1164,755,82,0.3730068828734252,1.0962808313935606,0.8081316174833822,1544,781,83,0.6306456686079461,1.3341596449740467,1.2691261621543284,False,False,False,not_variable,1.0
9000000000009896743,KIC 9896743,,,True,0,False,dsct_flag0,False,False,1159,759,82,0.46412167329944654,1.367395091930077,1.0049040558386564,1499,780,83,0.6548110975561219,1.5065197766217027,1.05070803514177,False,False,False,not_variable,1.0
9000000000009896939,KIC 9896939,,,True,0,False,dsct_flag0,False,False,1139,749,82,0.40512845836061273,1.3016516264317546,0.9574769356090309,1529,776,83,0.6565447568938962,1.400818938826208,1.0076180952486176,False,False,False,not_variable,1.0
9000000000009897031,KIC 9897031,,,True,0,False,dsct_flag0,False,False,61,42,20,0.3503297568607764,1.0267950146852542,0.9656184675723224,81,56,22,0.5210858637976769,1.217468120356158,1.0607608906653736,False,False,False,not_variable,1.0
9000000000009897322,KIC 9897322,,,True,0,False,dsct_flag0,False,False,984,668,80,2.6185970034626966,5.509646472882965,5.368924096423634,1363,714,82,4.081417552652185,5.721152663616747,3.758928684075792,True,True,True,variable,1.0
9000000000009898317,KIC 9898317,,,True,0,False,dsct_flag0,False,False,60,41,20,0.37899527272783595,0.6888749252127712,0.5442632682185321,82,57,22,0.5441954461914343,0.9262325885760192,0.879096545849586,False,False,False,not_variable,1.0
9000000000009898322,KIC 9898322,,,True,0,False,dsct_flag0,False,False,1119,737,82,0.33192276935955856,1.2817299498803896,0.9550254862548152,81,56,22,0.4235017674388864,0.8629597218451711,0.6149948650285688,False,False,False,not_variable,1.0
9000000000009898645,KIC 9898645,,,True,0,False,dsct_flag0,False,False,60,41,20,0.35925398225190713,0.6813067346370939,0.5023087261979357,82,57,22,0.4547889859392845,0.6956866004010334,0.6009129115317827,False,False,False,not_variable,1.0
9000000000009904212,KIC 9904212,,,True,0,False,dsct_flag0,False,False,1175,765,82,0.5562327251960544,0.9870071101240114,0.7368096934380631,1536,777,81,0.7275696152217834,1.0895998989213675,0.8636350680498955,False,False,False,not_variable,1.0
9000000000009904965,KIC 9904965,,,True,0,False,dsct_flag0,False,False,1125,735,82,0.5352501464257713,0.9561637109895382,0.6305872928016428,79,54,22,0.6086695017331926,0.7361946058710809,0.4820630617346512,False,False,False,not_variable,1.0
9000000000009907474,KIC 9907474,,,True,0,False,dsct_flag0,False,False,1850,977,86,0.6789596559637477,1.1311916390103927,0.6476598542889925,2712,992,82,0.8354449142366531,1.2736566338910715,0.6936547745778133,False,False,False,not_variable,2.0
9000000000009908825,KIC 9908825,,,True,0,False,dsct_flag0,False,False,639,542,78,0.4362752064602963,1.328189978115431,0.9748163023404788,158,71,22,0.6848797074333302,1.1764169617298887,0.9322489379816178,False,False,False,not_variable,1.0
9000000000009909436,KIC 9909436,,,True,0,False,dsct_flag0,False,False,173,108,28,0.5444271767177217,2.3204342195023835,1.335000662351966,474,115,25,0.9791931826514764,1.3901907477652313,0.7141082094425316,False,False,False,not_variable,1.0
9000000000009933080,KIC 9933080,,,True,0,False,dsct_flag0,False,False,53,37,18,0.49926342313875594,0.87937168380426,0.9420944471628194,1415,757,79,0.9685195889545778,1.4340745333030362,0.9815904314430282,False,False,False,not_variable,1.0
9000000000009942268,KIC 9942268,,,True,0,False,dsct_flag0,False,False,1231,798,84,0.43657832344752273,0.9992718294249884,0.6383390881529377,1465,792,80,0.6334202687450574,0.9696237469928682,0.4391669201302201,False,False,False,not_variable,1.0
9000000000009942567,KIC 9942567,,,True,0,False,dsct_flag0,False,False,2348,1011,84,0.5656761449605604,1.329452613382121,0.8203402803297177,2785,1008,84,0.7287907854177325,2.9046606321320936,0.8035788930280271,True,False,False,variable,2.0
9000000000009944208,KIC 9944208,,,True,0,False,dsct_flag0,False,False,1144,747,80,0.5956144544100732,1.5221097510637338,1.4034728558696918,72,50,19,0.3475227395284788,1.7703079925574505,1.2433688268226877,False,False,False,not_variable,1.0
9000000000009946534,KIC 9946534,,,True,0,False,dsct_flag0,False,False,1199,747,82,0.6850840940806701,1.1297761634774797,0.7900234400949404,1556,757,81,0.9036643358508206,1.0802803591049708,0.6587649877449859,False,False,False,not_variable,1.0
9000000000009947122,KIC 9947122,,,True,0,False,dsct_flag0,False,False,111,57,25,0.8791072084685346,1.3751462585703158,0.9643256101134318,148,69,22,0.9079671530193952,1.517541542046366,1.0147082310374274,False,False,False,not_variable,2.0
9000000000009953736,KIC 9953736,,,True,0,False,dsct_flag0,False,False,1163,753,81,0.408589165878022,1.256499807000965,0.9766001258363933,77,55,22,0.54177945263605,1.31271656581658,1.1201195747108454,False,False,False,not_variable,1.0
9000000000009954447,KIC 9954447,,,True,0,False,dsct_flag0,False,False,1188,769,81,0.38984449296807494,1.288114532413622,1.0059346733479317,1566,790,83,0.5909505513297979,1.2877093782830729,0.9376819378956476,False,False,False,not_variable,1.0
9000000000009954637,KIC 9954637,,,True,0,False,dsct_flag0,False,False,1154,754,81,0.37183337391868176,1.317961112033855,1.01350882216981,81,56,22,0.5048236769420651,0.9612947561110904,1.1243236070955904,False,False,False,not_variable,1.0
9000000000009958307,KIC 9958307,,,True,0,False,dsct_flag0,False,False,1195,770,82,0.3347068100547954,1.3707018982922075,1.086004175171548,1564,793,82,0.5280202998705941,1.3679292830287189,1.121344880471043,False,False,False,not_variable,1.0
9000000000009963198,KIC 9963198,,,True,0,False,dsct_flag0,False,False,1197,774,82,0.6180693306676881,0.9316871205168578,0.7745821896295253,1568,791,82,0.7629771283503469,1.051149950358771,0.62195435691664,False,False,False,not_variable,1.0
9000000000009964125,KIC 9964125,,,True,0,False,dsct_flag0,False,False,1188,767,82,0.5214064446312611,1.0985524501372825,0.9762834166368901,1552,780,81,0.7703862999108686,1.0909251166719582,0.6562736756776048,False,False,False,not_variable,1.0
9000000000009965642,KIC 9965642,,,True,0,False,dsct_flag0,False,False,1859,979,86,0.7631976202565488,1.012416591083621,0.6480496038337586,2716,993,82,0.7974922919562636,1.2559692805718425,0.6836936017094475,False,False,False,not_variable,2.0
9000000000009967129,KIC 9967129,,,True,0,False,dsct_flag0,False,False,1855,978,86,0.6379265040185297,1.0663612033486867,0.644346033444782,2717,994,82,0.867061153774362,1.1797160555029218,0.5523296637034437,False,False,False,not_variable,2.0
9000000000009967666,KIC 9967666,,,True,0,False,dsct_flag0,False,False,1858,978,86,0.7400990471443547,1.012623575671283,0.712853044814237,2718,993,82,0.8964840475939185,1.1456398121841536,0.6740607087437237,False,False,False,not_variable,2.0
9000000000009972437,KIC 9972437,,,True,0,False,dsct_flag0,False,False,734,634,81,0.3375832279958796,1.0063867564386761,0.6230096058779803,1244,665,76,0.7764826569864346,1.3510530411528203,0.6866923777111198,False,False,False,not_variable,1.0
9000000000009992811,KIC 9992811,,,True,0,False,dsct_flag0,False,False,1226,790,83,0.6165542132777899,1.2343787623113343,0.8773617025775756,1456,785,79,0.73222226393057,1.2393234838647662,0.7594679237643845,False,False,False,not_variable,1.0
9000000000009996313,KIC 9996313,,,True,0,False,dsct_flag0,False,False,1282,812,84,0.36855009270722355,1.6499885175971727,1.326332726328996,1536,808,80,0.548043414359061,1.4633684550674886,1.0066337978192197,False,False,False,not_variable,1.0
9000000000009996690,KIC 9996690,,,True,0,False,dsct_flag0,False,False,989,550,75,0.33409046256840824,1.267303244909047,1.1112362056661524,1207,538,73,0.5442438405545214,1.2784324690172149,1.0646887969028813,False,False,False,not_variable,1.0
9000000000010000823,KIC 10000823,,,True,0,False,dsct_flag0,False,False,1289,816,84,1.4830168496240772,4.116279751519735,4.197401378943647,1547,810,80,1.1069752708188556,3.0125002178484177,1.487735759075447,True,True,True,variable,1.0
9000000000010001045,KIC 10001045,,,True,0,False,dsct_flag0,False,False,1288,817,84,0.6073750110845801,0.9513831849859703,0.545576518719282,1542,810,80,0.7417642796952061,0.9766599290124455,0.48009830020238015,False,False,False,not_variable,1.0
9000000000010001270,KIC 10001270,,,True,0,False,dsct_flag0,False,False,472,177,22,0.8234605854137488,1.714094328124021,1.1810889902427424,719,170,18,0.9572546385452496,1.3436102223280888,0.64488110932452,False,False,False,not_variable,3.0
9000000000010002494,KIC 10002494,,,True,0,False,dsct_flag0,False,False,2407,1021,84,1.0851525982787165,1.6893500033128874,0.9537469463098235,2927,1018,84,1.899150913373196,2.094877529102871,1.100280474010194,False,False,False,not_variable,2.0
9000000000010002780,KIC 10002780,,,True,0,False,dsct_flag0,False,False,2394,1020,84,0.7259905301535967,1.1416738043644625,0.5682781126572074,2905,1016,84,0.8865951646940169,1.1693087460961453,0.4341062430897134,False,False,False,not_variable,2.0
9000000000010003211,KIC 10003211,,,True,0,False,dsct_flag0,False,False,2411,1023,84,0.680171043089365,1.1696768826608612,0.6220263001004532,2977,1026,84,0.8969118730603652,1.021426056919686,0.5135689740539042,False,False,False,not_variable,2.0
9000000000010003810,KIC 10003810,,,True,0,False,dsct_flag0,False,False,1124,739,80,0.4867233058917974,0.9577246361191979,0.6958161402561829,1435,741,80,0.7133170054528617,0.938014246054332,0.4693011046585863,False,False,False,not_variable,1.0
9000000000010005961,KIC 10005961,,,True,0,False,dsct_flag0,False,False,1231,766,82,0.5947772435373775,0.9507699985515949,0.6294244077279306,1604,770,81,0.7937581965623132,0.9233462818158207,0.49228315187483096,False,False,False,not_variable,1.0
9000000000010006929,KIC 10006929,,,True,0,False,dsct_flag0,False,False,90,53,24,0.882364194280095,1.3877607413050215,1.4145119015878902,132,66,22,0.8259961787962581,1.9783690939809155,1.5768306761383,False,False,False,not_variable,2.0
9000000000010007763,KIC 10007763,,,True,0,False,dsct_flag0,False,False,1190,756,82,0.6498299108701151,1.0821488227006908,0.7240843329636705,1534,764,82,0.936451137575626,1.2103990838153107,0.7065868947143614,False,False,False,not_variable,1.0
9000000000010008002,KIC 10008002,,,True,0,False,dsct_flag0,False,False,1192,760,82,0.66116995347897,1.0697560314584231,0.6297517302964939,1536,766,82,0.8767934901374071,1.1710479443733688,0.8948346611937145,False,False,False,not_variable,1.0
9000000000010008097,KIC 10008097,,,True,0,False,dsct_flag0,False,False,1167,756,82,0.6028810521179121,0.9833591556495167,0.5454703004453425,1426,752,82,0.7697120255069271,1.0558352565329856,0.76204338610087,False,False,False,not_variable,1.0
9000000000010010814,KIC 10010814,,,True,0,False,dsct_flag0,False,False,1188,756,82,0.5579733338726738,1.1044630557413744,0.684206357117148,1549,772,82,0.9479317893457302,1.3562892692815072,0.9358141329184827,False,False,False,not_variable,1.0
9000000000010014693,KIC 10014693,,,True,0,False,dsct_flag0,False,False,1190,770,81,0.3820804265611496,1.294057119139845,1.0270527837570227,1566,790,83,0.5564743515463731,1.3168322425174828,0.9900194497928727,False,False,False,not_variable,1.0
9000000000010016103,KIC 10016103,,,True,0,False,dsct_flag0,False,False,1188,768,81,0.3914474211863555,1.2419683576035816,1.01943918427614,1566,791,83,0.6146273940680336,1.2509747833136302,0.8278700056078787,False,False,False,not_variable,1.0
9000000000010018286,KIC 10018286,,,True,0,False,dsct_flag0,False,False,1200,771,82,0.4192133824326365,1.3433082888375838,0.9134180583371279,1564,793,83,0.8608906982553365,1.5973177515477646,1.1078262536634762,False,False,False,not_variable,1.0
9000000000010022839,KIC 10022839,,,True,0,False,dsct_flag0,False,False,1139,765,82,0.5276286172289631,0.985109620656091,0.7136643469042978,1487,779,81,0.7428925374383121,1.2649517439583569,0.5738272184949499,False,False,False,not_variable,1.0
9000000000010026297,KIC 10026297,,,True,0,False,dsct_flag0,False,False,1858,979,86,0.7577840035200883,1.0551057238648185,0.546190071345616,2713,992,82,0.773355500568275,1.2344199207611848,0.5988614797350416,False,False,False,not_variable,2.0
9000000000010028433,KIC 10028433,,,True,0,False,dsct_flag0,False,False,1856,979,86,0.7345786578688398,1.2442677161658091,0.6552537236189127,2713,992,82,0.8428406246658313,1.2767065753180848,0.567677721788355,False,False,False,not_variable,2.0
9000000000010057233,KIC 10057233,,,True,0,False,dsct_flag0,False,False,1227,799,84,0.28650812050285557,1.4765411943899684,1.2617250973997376,1450,793,80,0.42067114352166446,1.317406980205787,0.950260836092341,False,False,False,not_variable,1.0
9000000000010065165,KIC 10065165,,,True,0,False,dsct_flag0,False,False,2352,1011,84,0.8145061955344001,1.3753926255991193,0.7841613538825537,2902,1014,84,0.878259287523737,1.0816989313787628,0.5929906765644072,False,False,False,not_variable,2.0
9000000000010065516,KIC 10065516,,,True,0,False,dsct_flag0,False,False,2376,1015,84,0.6312609288804562,1.4528229518039772,0.8612289458189478,2930,1017,84,0.7592521032144772,1.2202225470943207,0.6800755170801145,False,False,False,not_variable,2.0
9000000000010067056,KIC 10067056,,,True,0,False,dsct_flag0,False,False,1176,754,80,0.5120416464959268,0.869281722415879,0.6477670172050408,1508,754,80,0.6626371231615421,0.8559085664958738,0.44144150361058254,False,False,False,not_variable,1.0
9000000000010068055,KIC 10068055,,,True,0,False,dsct_flag0,False,False,1214,759,82,0.5621016189646704,0.8352513507043473,0.5582317701026102,1593,772,81,0.7878593195880546,1.007947912753481,0.46106589770510165,False,False,False,not_variable,1.0
9000000000010069131,KIC 10069131,,,True,0,False,dsct_flag0,False,False,1242,766,82,0.6317801536200924,0.9442812793688403,0.6867716801010778,1609,772,81,0.7591757785702977,0.9454774582393616,0.5021764542748883,False,False,False,not_variable,1.0
9000000000010073875,KIC 10073875,,,True,0,False,dsct_flag0,False,False,1134,751,82,0.5883135949753359,1.0471273884851466,0.6874461619247496,1458,754,82,0.715025954318442,1.0676588075831919,0.7682877052586784,False,False,False,not_variable,1.0
9000000000010073980,KIC 10073980,,,True,0,False,dsct_flag0,False,False,418,175,24,0.863272033111486,1.9246544481054966,0.8379190324617052,765,176,25,1.062493268348809,2.114963789332259,1.3230148775498105,False,False,False,not_variable,3.0
9000000000010074673,KIC 10074673,,,True,0,False,dsct_flag0,False,False,1185,757,82,0.4610198637209711,0.8854391225041011,0.5530104057695859,1546,772,82,0.6247976243733938,0.9914363803497805,0.5768168821445799,False,False,False,not_variable,1.0
9000000000010078823,KIC 10078823,,,True,0,False,dsct_flag0,False,False,1127,760,81,0.2869857068906162,1.210858337172562,0.922719389367392,1481,777,83,0.4479838433919134,1.2798354098668443,1.0033062711482554,False,False,False,not_variable,1.0
9000000000010080372,KIC 10080372,,,True,0,False,dsct_flag0,False,False,1126,760,81,0.3580966974610904,1.1989065948890067,0.971816442656032,1480,778,83,0.5243028654913435,1.3727757399726077,0.9694949313038442,False,False,False,not_variable,1.0
9000000000010082443,KIC 10082443,,,True,0,False,dsct_flag0,False,False,1191,768,82,0.4160152755271192,1.311434318555236,1.1089632302348809,1556,793,83,0.5087981738268696,1.2519546910777866,0.913925490401448,False,False,False,not_variable,1.0
9000000000010082941,KIC 10082941,,,True,0,False,dsct_flag0,False,False,1179,769,82,0.3527384518836283,1.2861265691061667,1.013689422559254,1487,783,83,0.5561900277001128,1.3208978582052366,1.02503273029551,False,False,False,not_variable,1.0
9000000000010083739,KIC 10083739,,,True,0,False,dsct_flag0,False,False,1141,762,82,0.36808624757579533,1.2850676942847785,1.1048263283019688,1489,784,83,0.5424050236840032,1.3203375178528065,1.1534020008525823,False,False,False,not_variable,1.0
9000000000010090485,KIC 10090485,,,True,0,False,dsct_flag0,False,False,1834,978,86,0.7924528100314576,1.076749701929629,0.6493654301352111,2710,992,82,0.7987207483366173,1.1431761310920245,0.560605983009653,False,False,False,not_variable,2.0
9000000000010090947,KIC 10090947,,,True,0,False,dsct_flag0,False,False,1836,977,86,0.7510013650786727,1.039200703666679,0.6217645931680038,2706,994,82,0.7486341012550648,1.1715467732019216,0.589329030869559,False,False,False,not_variable,2.0
9000000000010091111,KIC 10091111,,,True,0,False,dsct_flag0,False,False,1860,979,86,0.7293086091582621,1.019003394338233,0.8848873522190494,2721,994,82,0.7846845076927641,1.2867411089867293,0.6268050842491832,False,False,False,not_variable,2.0
9000000000010097149,KIC 10097149,,,True,0,False,dsct_flag0,False,False,728,634,81,0.3140965625848773,0.90597497971135,0.5462734231384431,1251,663,76,0.5979390432114207,1.042129922411656,0.648609518505941,False,False,False,not_variable,1.0
9000000000010120971,KIC 10120971,,,True,0,False,dsct_flag0,False,False,1282,804,83,0.45586831722844456,0.8905933331201482,0.6437442058885735,1527,802,79,0.6188133822924238,0.878634687186465,0.5305390717572347,False,False,False,not_variable,1.0
9000000000010125300,KIC 10125300,,,True,0,False,dsct_flag0,False,False,1220,798,84,0.25518141298157393,1.3933099873430659,1.1390737900357266,1274,762,80,0.3632585208578409,1.3053194049404355,0.9427460880625278,False,False,False,not_variable,1.0
9000000000010129408,KIC 10129408,,,True,0,False,dsct_flag0,False,False,1287,817,84,0.5332285823677891,0.9412279675324596,0.5353890922977942,1539,811,80,0.6546152597154948,0.9971219475970637,0.49684840815869974,False,False,False,not_variable,1.0
9000000000010133536,KIC 10133536,,,True,0,False,dsct_flag0,False,False,1240,766,82,0.5223257032719957,0.8054673654837173,0.5174458463758014,1601,771,81,0.683703181323811,0.9321901695916721,0.5831459347619793,False,False,False,not_variable,1.0
9000000000010134076,KIC 10134076,,,True,0,False,dsct_flag0,False,False,1239,766,82,0.567366689002342,0.8038288690997629,0.7382455981075203,1603,771,81,0.762246307043461,1.005029840371065,0.5043302760731168,False,False,False,not_variable,1.0
9000000000010135958,KIC 10135958,,,True,0,False,dsct_flag0,False,False,1237,764,82,0.6654038412557545,1.0875735017694985,0.6884468307253201,1604,769,80,0.7231633101714608,1.06716094169355,0.6507224540946529,False,False,False,not_variable,1.0
9000000000010139533,KIC 10139533,,,True,0,False,dsct_flag0,False,False,1128,747,82,0.4898903700698201,0.9496153593735543,0.6027997054385901,1457,754,82,0.5738693620325248,1.073254214917485,0.769714318800303,False,False,False,not_variable,1.0
9000000000010139993,KIC 10139993,,,True,0,False,dsct_flag0,False,False,1179,751,82,0.566816334029148,0.9034555997086909,0.6072219395326952,1529,765,82,0.6364567638608579,1.0069367654823074,0.6616574800415722,False,False,False,not_variable,1.0
9000000000010146718,KIC 10146718,,,True,0,False,dsct_flag0,False,False,1127,760,81,0.336536864128741,1.160538487057047,0.9083917922348163,1485,779,83,0.5471981974756938,1.2698402092936336,0.8873516304844477,False,False,False,not_variable,1.0
9000000000010148156,KIC 10148156,,,True,0,False,dsct_flag0,False,False,1197,771,82,0.2920673651070033,1.192568985108264,0.9601786535665987,1487,778,83,0.4780778494971674,1.3726208018127435,1.1720273222576214,False,False,False,not_variable,1.0
9000000000010148200,KIC 10148200,,,True,0,False,dsct_flag0,False,False,1202,772,82,0.32945107590915884,1.2137299830242951,0.9933595435433333,1564,793,83,0.5457627602284307,1.3201701075266217,1.0657982453907842,False,False,False,not_variable,1.0
9000000000010149598,KIC 10149598,,,True,0,False,dsct_flag0,False,False,1199,769,82,0.45918088586080197,1.2625244827925701,0.9680836853974766,1570,794,83,0.610265833967483,1.2960819279033704,0.833288134892741,False,False,False,not_variable,1.0
9000000000010154581,KIC 10154581,,,True,0,False,dsct_flag0,False,False,1195,771,82,0.8666181060627487,2.5954455011745754,2.6682404338604084,1565,788,81,0.7644545708856937,1.0702024815305842,0.49840982441640547,True,True,True,variable,1.0
9000000000010154951,KIC 10154951,,,True,0,False,dsct_flag0,False,False,1138,766,82,0.543484082145699,0.8433137371313547,0.6571018462583955,1486,779,82,0.7068445427477741,1.0229934880180853,0.4801785836300933,False,False,False,not_variable,1.0
9000000000010155026,KIC 10155026,,,True,0,False,dsct_flag0,False,False,1128,760,81,0.4927898367192852,0.8344162624293354,0.4559425082235333,1486,779,82,0.6478137373602151,1.0604290152950124,0.7554300295736116,False,False,False,not_variable,1.0
9000000000010155816,KIC 10155816,,,True,0,False,dsct_flag0,False,False,1184,766,82,0.4573217029481876,1.0154686530980033,0.6801190863058671,1522,779,81,0.5947286346077576,0.9693720225431632,0.4825090568080696,False,False,False,not_variable,1.0
9000000000010157547,KIC 10157547,,,True,0,False,dsct_flag0,False,False,1857,979,86,0.7809271034615275,1.0032461467116258,0.7437677175708791,2718,993,82,0.7754920799802295,1.1524871058713053,0.5181923777283801,False,False,False,not_variable,2.0
9000000000010160115,KIC 10160115,,,True,0,False,dsct_flag0,False,False,764,635,81,0.4486648710570999,1.0061053578310502,0.5399879858261414,1283,656,76,0.5581465526980651,0.9179890292760027,0.5509232581881143,False,False,False,not_variable,1.0
9000000000010166360,KIC 10166360,,,True,0,False,dsct_flag0,False,False,174,139,36,0.40367529190480483,0.975675679627773,0.6766931574722875,470,146,31,0.878738273644653,1.1864370457473736,0.8691721865740534,False,False,False,not_variable,1.0
9000000000010186250,KIC 10186250,,,True,0,False,dsct_flag0,False,False,1285,804,83,0.48448516796704133,0.7908436340272501,0.49215006789649635,1515,794,79,0.556222119985766,0.7561552510217556,0.34330170313198427,False,False,False,not_variable,1.0
9000000000010186387,KIC 10186387,,,True,0,False,dsct_flag0,False,False,1286,805,83,0.41751517522915454,0.7810712350006593,0.5018298931730306,1350,749,79,0.47940611015617035,0.8616027083260003,0.41212312461046097,False,False,False,not_variable,1.0
9000000000010186803,KIC 10186803,,,True,0,False,dsct_flag0,False,False,1285,804,83,0.45345012909976634,0.9525180847794246,0.5628994457301232,1518,795,79,0.570316779549871,0.9113013287371959,0.5093982341749127,False,False,False,not_variable,1.0
9000000000010188170,KIC 10188170,,,True,0,False,dsct_flag0,False,False,1281,804,83,0.5015158956799667,0.9123203983234697,0.568174863792024,1522,799,79,0.5948579316380112,0.8647445003501021,0.42385649212755555,False,False,False,not_variable,1.0
9000000000010188425,KIC 10188425,,,True,0,False,dsct_flag0,False,False,1281,804,83,0.4855870210396645,0.906303598812905,0.4802620466432485,1516,798,79,0.564740493167541,0.8861118548985663,0.4854761793321488,False,False,False,not_variable,1.0
9000000000010195628,KIC 10195628,,,True,0,False,dsct_flag0,False,False,1286,817,84,0.5380488085411198,0.8830971942488685,0.5844781844782727,1497,798,80,0.6373606923814097,1.0212219196191943,0.5133684099002684,False,False,False,not_variable,1.0
9000000000010196774,KIC 10196774,,,True,0,False,dsct_flag0,False,False,1285,817,84,0.5230260324875436,0.930544157011616,0.590506800686306,1501,806,80,0.6861358181844479,0.9971789902260526,0.5482366099413277,False,False,False,not_variable,1.0
9000000000010197232,KIC 10197232,,,True,0,False,dsct_flag0,False,False,765,363,58,0.7142309658884463,1.2287024191189215,0.7214625211656978,1003,342,50,0.8729324553503858,1.1267512089083418,0.9355667581300172,False,False,False,not_variable,2.0
9000000000010206907,KIC 10206907,,,True,0,False,dsct_flag0,False,False,1188,758,82,0.556164178256479,0.9035942824658474,0.5614054364778988,1545,773,82,0.6135114966088362,0.9908586571697932,0.6525105273241679,False,False,False,not_variable,1.0
9000000000010207788,KIC 10207788,,,True,0,False,dsct_flag0,False,False,1185,757,82,0.524700040019014,0.8163818060609874,0.5075368277833341,1542,771,82,0.49003327598963575,0.8228052378937755,0.6251371039047922,False,False,False,not_variable,1.0
9000000000010213217,KIC 10213217,,,True,0,False,dsct_flag0,False,False,1124,759,81,0.3111198903576255,1.1246192736918543,0.9295785371034612,1442,769,83,0.5414998688809063,1.324106410181903,0.8340649487582631,False,False,False,not_variable,1.0
9000000000010213452,KIC 10213452,,,True,0,False,dsct_flag0,False,False,567,270,42,0.4083541470933002,1.0900164656245015,0.8115886221712144,934,272,42,0.6567529493478539,1.4733786820905426,1.0745438623549985,False,False,False,not_variable,2.0
9000000000010213483,KIC 10213483,,,True,0,False,dsct_flag0,False,False,756,403,58,0.4094918151679251,0.932991482635254,0.9730777616903038,1106,401,58,0.6025415776549162,1.1206873880696446,1.1263246938500948,False,False,False,not_variable,1.0
9000000000010220950,KIC 10220950,,,True,0,False,dsct_flag0,False,False,1138,765,82,0.5961638375985906,0.9755641704389868,0.5808632101683053,1487,779,82,0.7438308032826961,1.088183058321028,0.6280700470714758,False,False,False,not_variable,1.0
9000000000010221760,KIC 10221760,,,True,0,False,dsct_flag0,False,False,1021,641,80,1.465118215072784,2.215017279503392,1.3962654342755172,1171,582,80,2.7464375038216313,3.1875502869259216,1.7686265529821563,True,False,False,variable,1.0
9000000000010222653,KIC 10222653,,,True,0,False,dsct_flag0,False,False,1345,796,83,0.751560224013089,1.0442050689388407,0.5814228030209745,2018,819,82,0.7907565305146526,1.0767471709627352,0.6472733598763878,False,False,False,not_variable,1.0
9000000000010222660,KIC 10222660,,,True,0,False,dsct_flag0,False,False,1321,790,83,0.6653229102459396,1.0993931342467709,0.8829983145629646,1992,816,82,0.77999412194488,1.0057284353660543,0.6862027679180924,False,False,False,not_variable,1.0
9000000000010222919,KIC 10222919,,,True,0,False,dsct_flag0,False,False,1852,978,86,0.8688972194120637,1.4576922877476521,0.8791501038532304,2689,990,82,0.8055965498797936,1.7081727677916838,0.8234278006396092,False,False,False,not_variable,2.0
9000000000010226597,KIC 10226597,,,True,0,False,dsct_flag0,False,False,789,640,81,0.4951716243527954,0.9738915018253467,0.7292043133216413,1318,662,76,0.6933623889957585,1.011994102055647,0.6461351843739725,False,False,False,not_variable,1.0
9000000000010228618,KIC 10228618,,,True,0,False,dsct_flag0,False,False,790,640,81,0.3912896950155295,0.8454403967981603,0.6595416097133043,1327,673,76,0.6553498055151413,1.0435641390011554,0.5945520546737231,False,False,False,not_variable,1.0
9000000000010255710,KIC 10255710,,,True,0,False,dsct_flag0,False,False,53,37,18,0.3213486754484026,0.7564357237733134,0.6501998348558788,71,48,19,0.406351741190606,0.9862785488796425,0.6823883357478766,False,False,False,not_variable,1.0
9000000000010258550,KIC 10258550,,,True,0,False,dsct_flag0,False,False,1275,811,84,0.3150397082972453,1.4987334460794186,1.1905625167979534,1531,811,80,0.46669531561770955,1.3376539918919272,0.9417275855552218,False,False,False,not_variable,1.0
9000000000010265145,KIC 10265145,,,True,0,False,dsct_flag0,False,False,2352,1011,83,0.8566132203777362,1.4340178037079654,0.9882550680750418,2946,1020,83,0.941442374566995,1.2303094094295688,0.8900667324474969,False,False,False,not_variable,2.0
9000000000010266860,KIC 10266860,,,True,0,False,dsct_flag0,False,False,1239,766,82,0.612088625689109,1.144844989670704,1.4506359510495486,1598,768,81,0.7199672661869322,1.0510374032559524,0.5895522239868708,False,False,False,not_variable,1.0
9000000000010266884,KIC 10266884,,,True,0,False,dsct_flag0,False,False,1241,765,82,0.5866300811521095,0.8882367349255833,0.6660796979808398,1607,772,81,0.6986195776687442,0.9051471250812799,0.4809889547128094,False,False,False,not_variable,1.0
9000000000010267214,KIC 10267214,,,True,0,False,dsct_flag0,False,False,1235,763,82,0.6043652976178193,0.9633164218346792,0.7165602139588712,1579,759,81,0.6963424535256936,1.0111533794400382,0.534453009656085,False,False,False,not_variable,1.0
9000000000010272529,KIC 10272529,,,True,0,False,dsct_flag0,False,False,1132,748,82,0.5271867743435861,1.0075576475723003,0.8504626780448113,1456,754,82,0.6117155917938408,0.979892505396396,0.8320574758189926,False,False,False,not_variable,1.0
9000000000010275312,KIC 10275312,,,True,0,False,dsct_flag0,False,False,1186,757,82,0.49452397395812286,0.8897611690894985,0.7326738257434411,1543,770,82,0.6679168301558891,1.0593972261767883,0.8141408215709058,False,False,False,not_variable,1.0
9000000000010280950,KIC 10280950,,,True,0,False,dsct_flag0,False,False,1199,770,82,0.3355701464911035,1.2210692081529786,0.9503842322535989,1567,794,83,0.5213396004636144,1.321749069793645,1.0062053460038014,False,False,False,not_variable,1.0
9000000000010285371,KIC 10285371,,,True,0,False,dsct_flag0,False,False,1197,775,82,0.4439511205478209,0.8333562905515571,0.7777201138845886,1568,791,81,0.6635103523756898,1.0302492867694923,0.5798621292824012,False,False,False,not_variable,1.0
9000000000010285487,KIC 10285487,,,True,0,False,dsct_flag0,False,False,1196,774,82,0.5161820284149562,0.8502018164579719,0.5280475866069411,1568,791,82,0.6905192029948961,0.9311130058502789,0.4583290814899127,False,False,False,not_variable,1.0
9000000000010286543,KIC 10286543,,,True,0,False,dsct_flag0,False,False,1199,775,82,0.5958959490770104,0.9213545945942735,0.5234417132132314,1568,790,81,0.6757211885271369,1.0543197545417826,0.604200859764317,False,False,False,not_variable,1.0
9000000000010287874,KIC 10287874,,,True,0,False,dsct_flag0,False,False,1045,638,80,0.6606726303459163,1.0785914275704886,0.9269415087235079,1410,652,78,0.7284059146245774,1.0700594008914421,0.5584551475995952,False,False,False,not_variable,1.0
9000000000010296406,KIC 10296406,,,True,0,False,dsct_flag0,False,False,789,639,81,0.4418592341602916,0.8460498645187018,0.5759573955287236,1329,673,76,0.7249799559746266,1.1436546800585004,0.595899191574292,False,False,False,not_variable,1.0
9000000000010322797,KIC 10322797,,,True,0,False,dsct_flag0,False,False,1281,812,84,0.25881401548110666,1.3479339391683918,1.1011055530561806,1505,799,80,0.42617303848322524,1.2122189648591744,0.8800966895577641,False,False,False,not_variable,1.0
9000000000010323657,KIC 10323657,,,True,0,False,dsct_flag0,False,False,1278,811,84,0.4259416390597713,1.5442158969316042,1.1099332671647255,1531,809,80,0.5993511567778254,1.3928986924370597,0.8811324390119534,False,False,False,not_variable,1.0
9000000000010324000,KIC 10324000,,,True,0,False,dsct_flag0,False,False,595,262,43,0.47941759746719254,1.3839835944985597,1.179733332625682,866,257,37,0.7000731008850687,1.116552956744342,0.9537085094076759,False,False,False,not_variable,2.0
9000000000010324064,KIC 10324064,,,True,0,False,dsct_flag0,False,False,1236,775,84,0.4979051344254553,1.1291542522075246,0.7135506186080565,1495,772,80,0.6539104132859006,1.1643596457853593,0.7478187259025305,False,False,False,not_variable,1.0
9000000000010329351,KIC 10329351,,,True,0,False,dsct_flag0,False,False,1285,813,84,0.45652002751972,1.0053360692346005,0.7417934734040448,1520,805,80,0.6541242278331084,1.0530190605984528,0.6384931183435797,False,False,False,not_variable,1.0
9000000000010331485,KIC 10331485,,,True,0,False,dsct_flag0,False,False,1173,753,80,0.5338148824711789,0.8796468688435503,0.4746174215292445,1492,751,80,0.6979013191150311,0.9252568210772045,0.6774105471540405,False,False,False,not_variable,1.0
9000000000010332181,KIC 10332181,,,True,0,False,dsct_flag0,False,False,1238,765,82,0.7382474520472814,1.1872701849168845,1.1134842213360336,1599,769,81,0.7587356994018528,1.0946635617274436,0.7321199394154897,False,False,False,not_variable,1.0
9000000000010333126,KIC 10333126,,,True,0,False,dsct_flag0,False,False,1238,765,82,0.5156368462503397,0.8086552241089546,0.6548622379370677,1605,770,81,0.7245924981887563,0.9074015389872825,0.5097193516783083,False,False,False,not_variable,1.0
9000000000010337258,KIC 10337258,,,True,0,False,dsct_flag0,False,False,1189,758,82,0.5203103854511703,0.9775396943709227,0.7224034688587542,1537,765,82,0.625347575149532,0.9851613732305533,0.6494260379392006,False,False,False,not_variable,1.0
9000000000010337726,KIC 10337726,,,True,0,False,dsct_flag0,False,False,1192,759,82,0.5825111584994619,0.9455394854704361,0.8036988860430233,1533,767,82,0.6469668847555243,0.9852577950184224,0.7296222206914749,False,False,False,not_variable,1.0
9000000000010337804,KIC 10337804,,,True,0,False,dsct_flag0,False,False,1130,749,82,0.6944997227434453,1.415800747999341,0.9093570833819026,1456,754,82,1.100723925743975,1.7076864029382328,1.025899965090722,False,False,False,not_variable,1.0
9000000000010338887,KIC 10338887,,,True,0,False,dsct_flag0,False,False,1189,758,82,0.5992100461067242,0.9603751672016079,0.6263992676299839,1543,773,82,0.6169038794491178,0.9268798436689988,0.6730983299036954,False,False,False,not_variable,1.0
9000000000010339297,KIC 10339297,,,True,0,False,dsct_flag0,False,False,1189,758,82,0.5403771712947968,0.8846246824640619,0.7006262607750195,1548,774,82,0.6230953202305596,0.9234031948897546,0.583541099275753,False,False,False,not_variable,1.0
9000000000010339526,KIC 10339526,,,True,0,False,dsct_flag0,False,False,1187,757,82,0.4805030743750752,0.8405374408381371,0.4958553053593517,1547,772,82,0.6360292147151705,0.9270743032223723,0.5823927069157189,False,False,False,not_variable,1.0
9000000000010341878,KIC 10341878,,,True,0,False,dsct_flag0,False,False,62,43,21,0.30573984714977026,0.8531520831156779,0.728054966389294,79,54,22,0.40542553693949684,0.8506651204013985,0.8120759058866861,False,False,False,not_variable,1.0
9000000000010346527,KIC 10346527,,,True,0,False,dsct_flag0,False,False,1201,770,82,0.3717127480661228,1.1903276648170211,0.9372020919424895,1571,794,83,0.6020961832759362,1.3310232386060394,0.9325066759421912,False,False,False,not_variable,1.0
9000000000010350659,KIC 10350659,,,True,0,False,dsct_flag0,False,False,1196,774,82,0.5010065506630362,0.9044899830674384,0.6818051552784488,1566,791,81,0.6234735366822882,1.0846024483047347,0.6776728066794463,False,False,False,not_variable,1.0
9000000000010351524,KIC 10351524,,,True,0,False,dsct_flag0,False,False,1198,774,82,0.4498556329568968,0.7801905007223605,0.7435518176077588,1567,791,81,0.6201592030215186,0.9984192873424877,0.5196653183659673,False,False,False,not_variable,1.0
9000000000010351535,KIC 10351535,,,True,0,False,dsct_flag0,False,False,1201,775,82,0.4605040473567479,0.8285306078023927,0.782228391868507,1569,791,81,0.631700839223777,0.9599022026628592,0.4915874111228477,False,False,False,not_variable,1.0
9000000000010351536,KIC 10351536,,,True,0,False,dsct_flag0,False,False,1199,774,82,0.5011851966039268,1.2388162099515174,1.520800803800593,1566,791,81,0.7113172402277739,1.157425165520049,0.8253442943856193,False,False,False,not_variable,1.0
9000000000010352496,KIC 10352496,,,True,0,False,dsct_flag0,False,False,1197,774,82,0.6300047085818824,0.965359179616549,0.74351546853196,1564,790,81,0.7412064533834783,1.087759876531144,0.6816731307469651,False,False,False,not_variable,1.0
9000000000010352621,KIC 10352621,,,True,0,False,dsct_flag0,False,False,1197,772,82,0.6595154652985276,0.9755665984663057,0.6767410773278956,1566,789,81,0.762365604365108,1.0971854330183994,0.6395378687575017,False,False,False,not_variable,1.0
9000000000010352954,KIC 10352954,,,True,0,False,dsct_flag0,False,False,1137,765,82,1.0487027519727543,1.6826010493757593,1.2137394228741007,1488,780,82,1.3189089226537951,2.010367551912441,1.736692803293139,False,False,False,not_variable,1.0
9000000000010362804,KIC 10362804,,,True,0,False,dsct_flag0,False,False,733,635,81,0.34781940287283863,1.0141977874362942,0.4939775017266426,1252,665,76,0.7523170885777891,1.2303879398652526,0.6849548366662865,False,False,False,not_variable,1.0
9000000000010386842,KIC 10386842,,,True,0,False,dsct_flag0,False,False,53,37,18,0.23973875951736448,0.8187748730994978,0.7694987512916718,65,47,19,0.27623032333464526,1.244505861394914,0.8341489270090224,False,False,False,not_variable,1.0
9000000000010395107,KIC 10395107,,,True,0,False,dsct_flag0,False,False,1636,879,83,0.6296220960922696,1.212669252096092,0.6768347000952086,2165,867,80,0.8635239035221913,1.1360125698850332,0.7539842191419682,False,False,False,not_variable,1.0
9000000000010395938,KIC 10395938,,,True,0,False,dsct_flag0,False,False,90,49,22,0.7372983949940677,1.1461242781101937,0.7609566131615847,69,47,19,0.369878702431775,0.7924214197762286,0.6275951141507493,False,False,False,not_variable,2.0
9000000000010397405,KIC 10397405,,,True,0,False,dsct_flag0,False,False,820,582,76,0.5893100606193508,1.4131748969576003,0.9702018216071152,1178,585,76,0.8747414346798726,1.1702921863016338,0.8122980014047799,False,False,False,not_variable,1.0
9000000000010402799,KIC 10402799,,,True,0,False,dsct_flag0,False,False,1195,759,82,0.5728407188144466,1.0283001863562766,0.691943557007896,1541,767,82,0.7403275347000987,1.0642243868922558,0.7097762969162785,False,False,False,not_variable,1.0
9000000000010402879,KIC 10402879,,,True,0,False,dsct_flag0,False,False,1191,758,82,0.5847986204537117,1.0574943309804532,0.7876453645339683,1531,763,82,0.8536104471609192,1.180022319488634,0.88283490292824,False,False,False,not_variable,1.0
9000000000010404067,KIC 10404067,,,True,0,False,dsct_flag0,False,False,1184,756,82,0.6514940356352142,1.1405048811068597,0.8216421595518502,1543,772,82,0.815839525084526,1.1584003325396222,0.7128347151311063,False,False,False,not_variable,1.0
9000000000010405671,KIC 10405671,,,True,0,False,dsct_flag0,False,False,1187,757,82,0.5574817398698612,0.8819034561469283,0.7765440961240709,1546,771,82,0.6901608085267809,1.0669369011031835,0.8080251909177358,False,False,False,not_variable,1.0
9000000000010411568,KIC 10411568,,,True,0,False,dsct_flag0,False,False,1202,772,82,0.3410134962870158,1.231506034486183,0.9199530127369665,1570,794,83,0.5496977069221103,1.376114759526173,1.0728064338366203,False,False,False,not_variable,1.0
9000000000010411647,KIC 10411647,,,True,0,False,dsct_flag0,False,False,1201,771,82,0.3941609117213324,1.0276421820567525,0.7476163753308662,1573,796,83,0.5772949156911703,1.2584634146785714,0.8470599876502313,False,False,False,not_variable,1.0
9000000000010416552,KIC 10416552,,,True,0,False,dsct_flag0,False,False,1220,762,82,0.5981842601065613,0.8447086394926402,0.8071284746616245,1601,780,81,0.7634129839109226,1.032895262978224,0.5200473966835593,False,False,False,not_variable,1.0
9000000000010418285,KIC 10418285,,,True,0,False,dsct_flag0,False,False,357,159,25,0.7311047388882136,1.9956701934629377,2.1926458481969764,725,168,25,0.8740445431035725,1.7738307606019696,1.5375007772764073,False,False,False,not_variable,2.0
9000000000010419230,KIC 10419230,,,True,0,False,dsct_flag0,False,False,1102,712,80,0.5790788220260373,0.9786968317143867,0.530478452606307,1462,724,80,0.7165604532809204,1.027010231504787,0.592465365803254,False,False,False,not_variable,1.0
9000000000010422103,KIC 10422103,,,True,0,False,dsct_flag0,False,False,608,489,72,0.5697181488881284,1.234809890483652,0.9244565097423365,214,77,23,0.9302275471898527,1.4415633405321344,1.1147640722909034,False,False,False,not_variable,1.0
9000000000010424632,KIC 10424632,,,True,0,False,dsct_flag0,False,False,788,639,81,0.4731497302570044,1.3266312965340314,0.9612213855444919,1329,674,76,0.7509290214989435,1.0842295847131724,0.5647271857347586,False,False,False,not_variable,1.0
9000000000010449441,KIC 10449441,,,True,0,False,dsct_flag0,False,False,97,41,20,0.6306813217289974,0.8756077262523273,0.8543036475638442,133,63,20,0.8131861069008443,1.3979310287123141,0.6476851159113131,False,False,False,not_variable,2.0
9000000000010453635,KIC 10453635,,,True,0,False,dsct_flag0,False,False,1266,796,84,0.3585746286396353,1.388706372455352,1.0545576959150598,1512,783,80,0.4591787407923146,1.2686068206389207,0.8958885497749353,False,False,False,not_variable,1.0
9000000000010456585,KIC 10456585,,,True,0,False,dsct_flag0,False,False,99,41,20,0.6910804029439538,1.4161139875738593,1.0671279336982011,124,60,20,0.7341729769498739,1.48391512178599,1.0740812756092781,False,False,False,not_variable,2.0
9000000000010460317,KIC 10460317,,,True,0,False,dsct_flag0,False,False,53,35,16,0.345996021405709,1.1800377239857585,0.8770160811541368,69,46,20,0.5701450848645037,1.119042511606662,0.895907925069742,False,False,False,not_variable,2.0
9000000000010460668,KIC 10460668,,,True,0,False,dsct_flag0,False,False,53,35,16,0.34332639254077124,1.0880294906012136,0.8234106704993006,97,51,20,0.7544319375382175,1.0559406716377575,0.8305656592926842,False,False,False,not_variable,2.0
9000000000010461045,KIC 10461045,,,True,0,False,dsct_flag0,False,False,104,51,22,0.46701388767941737,0.9683710173010488,0.7748429373771404,135,57,20,0.9554274820668557,1.2490272623734886,1.0883181605345194,False,False,False,not_variable,2.0
9000000000010468120,KIC 10468120,,,True,0,False,dsct_flag0,False,False,109,52,22,0.8572221200088591,0.9115999928234797,0.8086477546274078,150,71,23,0.7216859178328227,1.5536611859584974,1.3015162949544077,False,False,False,not_variable,2.0
9000000000010469688,KIC 10469688,,,True,0,False,dsct_flag0,False,False,108,52,22,0.6340752654093338,1.0644682311103175,0.8356977628183135,149,69,23,0.6992823416267862,1.3415284112319064,0.9192997751979933,False,False,False,not_variable,2.0
9000000000010471601,KIC 10471601,,,True,0,False,dsct_flag0,False,False,109,52,22,0.7175668222483267,1.2225057776425217,1.0294054102416224,149,69,23,0.7029489934258406,1.3045393894316688,0.9190971495446089,False,False,False,not_variable,2.0
9000000000010472035,KIC 10472035,,,True,0,False,dsct_flag0,False,False,1163,745,82,0.5860936429105995,1.0951805698620423,0.7529366390704263,1518,764,82,0.875820670279539,1.4100459729530954,1.0832684151395053,False,False,False,not_variable,1.0
9000000000010480763,KIC 10480763,,,True,0,False,dsct_flag0,False,False,114,53,23,0.6741517976240756,1.5097630738507986,1.6752295189685917,153,73,23,0.6196448695377472,1.9522606878495974,0.7954809198641536,False,False,False,not_variable,2.0
9000000000010483888,KIC 10483888,,,True,0,False,dsct_flag0,False,False,107,54,22,0.46326178548601077,1.0147698492137969,0.9605873455846426,141,63,22,0.7432581969107445,1.4228988437439032,0.863727052587693,False,False,False,not_variable,2.0
9000000000010484892,KIC 10484892,,,True,0,False,dsct_flag0,False,False,120,59,22,0.5890209396794344,1.3572180338657818,1.4736616062043477,163,74,23,0.5884194462393839,1.3092908391963112,1.5798609085905557,False,False,False,not_variable,2.0
9000000000010488449,KIC 10488449,,,True,0,False,dsct_flag0,False,False,180,68,22,0.792237975593853,1.1307434090302335,1.0765984726031883,240,83,23,0.9479093117954147,1.4272973099493902,1.3540937131191717,False,False,False,not_variable,2.0
9000000000010490234,KIC 10490234,,,True,0,False,dsct_flag0,False,False,176,67,22,0.6872195732914107,1.1375852167950988,1.145006611183657,238,83,23,0.98879893054435,1.429646356138022,1.2479395727394693,False,False,False,not_variable,2.0
9000000000010514349,KIC 10514349,,,True,0,False,dsct_flag0,False,False,97,41,20,0.6485872285494542,0.928346458982862,0.8595018573423662,137,65,20,0.8445014719906383,1.6080798691713056,0.9989124269788602,False,False,False,not_variable,2.0
9000000000010519694,KIC 10519694,,,True,0,False,dsct_flag0,False,False,56,38,18,0.5029301799981073,1.1513134626554125,0.8137469661847988,76,48,19,0.569185058945019,1.405545941417849,0.7002772767685913,False,False,False,not_variable,1.0
9000000000010522423,KIC 10522423,,,True,0,False,dsct_flag0,False,False,100,41,20,0.6091458451652907,1.7737642805512595,1.1736313820733282,126,61,20,0.7490456078336925,1.6350870501646164,1.3012985116505895,False,False,False,not_variable,2.0
9000000000010524913,KIC 10524913,,,True,0,False,dsct_flag0,False,False,106,51,22,0.43332827362594273,1.149002271301362,1.2936607141670258,140,60,20,0.9373058396658279,1.9381567403578803,1.5455636561845003,False,False,False,not_variable,2.0
9000000000010526991,KIC 10526991,,,True,0,False,dsct_flag0,False,False,104,51,22,0.7607689959538311,1.0448034579893184,0.7812687016837133,138,59,20,0.9131233921202179,1.4506616020677907,1.0035493474364539,False,False,False,not_variable,2.0
9000000000010537236,KIC 10537236,,,True,0,False,dsct_flag0,False,False,89,46,21,0.8620018234230469,1.4149170064879995,1.1687613973992537,126,65,23,0.7041911768374474,1.8742133470088533,1.264325953431957,False,False,False,not_variable,2.0
9000000000010537943,KIC 10537943,,,True,0,False,dsct_flag0,False,False,114,53,23,0.6126776534298105,1.0235512153169657,0.9218273800600058,149,69,23,0.798155477380873,1.213900060011865,0.8729033227692896,False,False,False,not_variable,2.0
9000000000010546682,KIC 10546682,,,True,0,False,dsct_flag0,False,False,113,52,23,1.0498783093773736,1.6351253052652874,1.3246469303273585,150,72,23,0.8500191233836966,1.877928967669327,1.2337815767301732,False,False,False,not_variable,2.0
9000000000010547837,KIC 10547837,,,True,0,False,dsct_flag0,False,False,173,66,24,0.8422547154838879,1.2269232543818087,1.215429847351467,236,80,23,1.1067013510037658,1.4074353687965526,0.9841128386771667,False,False,False,not_variable,2.0
9000000000010549023,KIC 10549023,,,True,0,False,dsct_flag0,False,False,119,59,22,0.6526872722810337,1.372593975690848,1.1318714633229445,163,74,23,0.7688203315687144,1.3215832967605077,1.460847859496171,False,False,False,not_variable,2.0
9000000000010549174,KIC 10549174,,,True,0,False,dsct_flag0,False,False,119,59,22,0.6474450511086546,1.3176823753836675,1.0057610596494477,163,74,23,0.6612140279605558,1.0118911170852822,0.7865932530408587,False,False,False,not_variable,2.0
9000000000010550397,KIC 10550397,,,True,0,False,dsct_flag0,False,False,117,59,22,0.5164704079363049,1.173590853377061,1.1510241948957733,1230,586,78,0.9873906464674453,1.2458369787718413,0.804786948772068,False,False,False,not_variable,2.0
9000000000010550405,KIC 10550405,,,True,0,False,dsct_flag0,False,False,119,59,22,0.5540379399564201,1.116880130924399,1.017720748338822,1242,599,78,1.0335096802784567,1.341757995599367,0.7775416004375314,False,False,False,not_variable,2.0
9000000000010552388,KIC 10552388,,,True,0,False,dsct_flag0,False,False,1241,770,80,0.5661420680089068,1.2187336816379897,0.821165413912139,2646,945,81,0.9243959931069734,1.1655043978771136,0.5370217411235919,False,False,False,not_variable,1.0
9000000000010556414,KIC 10556414,,,True,0,False,dsct_flag0,False,False,62,45,19,0.34786175274639847,1.314240515171099,1.670039521401523,76,51,16,0.5903319208966853,1.1617362367894246,0.7995146238438768,False,False,False,not_variable,1.0
9000000000010580626,KIC 10580626,,,True,0,False,dsct_flag0,False,False,92,41,20,0.9156070801131596,1.7251183082815518,1.5072067978878259,127,62,20,0.8723627817504672,1.5182077773486713,0.686196616685759,False,False,False,not_variable,2.0
9000000000010587320,KIC 10587320,,,True,0,False,dsct_flag0,False,False,153,56,24,0.9339016256108496,1.1764251822411247,0.8183969979729395,1538,768,80,0.7579476427449059,1.4112494437014147,0.8566647593461972,False,False,False,not_variable,2.0
9000000000010593239,KIC 10593239,,,True,0,False,dsct_flag0,False,False,1102,728,82,0.5770913062766768,1.639886078324026,1.2416947478954197,70,47,20,0.5082081241796608,1.437009629908784,1.4118071127501561,False,False,False,not_variable,1.0
9000000000010593438,KIC 10593438,,,True,0,False,dsct_flag0,False,False,53,35,16,0.35576745104948576,0.9252128892479419,0.7438741939626904,70,47,20,0.5188073413152355,1.0623059513727457,1.1122138292258603,False,False,False,not_variable,2.0
9000000000010593549,KIC 10593549,,,True,0,False,dsct_flag0,False,False,1071,704,82,0.5642821244867533,1.1099634701513712,0.7513114374398941,56,39,19,0.4174447572470476,1.1864067140008911,0.9239007530462364,False,False,False,not_variable,1.0
9000000000010600354,KIC 10600354,,,True,0,False,dsct_flag0,False,False,1067,707,81,0.6888727782032177,1.6405432398945543,0.7525767074341406,69,47,20,0.4660598969089461,0.8936442128561232,0.6767173735488247,False,False,False,not_variable,1.0
9000000000010600403,KIC 10600403,,,True,0,False,dsct_flag0,False,False,112,53,22,0.8082728732837,1.4276685499467276,1.1298959268517612,149,69,23,0.6931920913623064,1.397165817958487,1.0355850349261109,False,False,False,not_variable,2.0
9000000000010601538,KIC 10601538,,,True,0,False,dsct_flag0,False,False,111,53,22,1.0312482325990657,1.5258517022650608,0.9224801376028927,144,69,23,1.0406887161741092,2.023816483885169,1.3824654551274258,False,False,False,not_variable,2.0
9000000000010601574,KIC 10601574,,,True,0,False,dsct_flag0,False,False,1134,748,82,0.5400837869167358,1.2163503288564952,0.8137590217245867,70,47,20,0.4027597262238074,0.884634158263992,0.6347699589967536,False,False,False,not_variable,1.0
9000000000010601817,KIC 10601817,,,True,0,False,dsct_flag0,False,False,107,52,22,1.0052404973713285,1.4931777450953203,0.9157323529646708,138,66,23,1.2413482449396354,1.8037890372773622,1.1118284013725377,False,False,False,not_variable,2.0
9000000000010609963,KIC 10609963,,,True,0,False,dsct_flag0,False,False,1186,762,80,0.48419495616828234,1.1360663221879088,0.7828897180185798,1554,789,81,0.7904161527977804,1.4768542913487674,0.8507213308278452,False,False,False,not_variable,1.0
9000000000010610534,KIC 10610534,,,True,0,False,dsct_flag0,False,False,1186,764,80,0.4532230522136931,1.0445128163538089,0.6824693386535565,1418,769,81,0.703977909401087,1.3316353875540259,0.8946341755806525,False,False,False,not_variable,1.0
9000000000010613182,KIC 10613182,,,True,0,False,dsct_flag0,False,False,1221,761,80,0.5885334601510066,1.2544262882695805,0.8320511708760787,153,64,22,0.7678930583694059,1.0202922635297034,0.8710327117526422,False,False,False,not_variable,1.0
9000000000010615160,KIC 10615160,,,True,0,False,dsct_flag0,False,False,1872,984,86,0.6141273258087355,2.133124846226693,0.7174788315998976,2737,1007,82,0.8265244715549281,1.0622858547827418,0.532084998930057,False,False,False,not_variable,2.0
9000000000010617142,KIC 10617142,,,True,0,False,dsct_flag0,False,False,1862,983,86,0.5962147920130656,1.4173268532461503,0.9237632549570683,2697,1000,82,0.8747529130609074,1.2415618193745006,0.7074912984761473,False,False,False,not_variable,2.0
9000000000010620386,KIC 10620386,,,True,0,False,dsct_flag0,False,False,736,640,82,0.5127093739413118,1.1199427780878235,0.6282932127489649,1263,668,77,0.8343769731072009,1.1842505064567788,0.6505292454840481,False,False,False,not_variable,1.0
9000000000010646023,KIC 10646023,,,True,0,False,dsct_flag0,False,False,1280,812,84,0.5492568618410345,1.1235740547203985,0.7743380913024251,1515,799,80,0.7112995918444245,1.0709330871538252,0.6551390809393864,False,False,False,not_variable,1.0
9000000000010653300,KIC 10653300,,,True,0,False,dsct_flag0,False,False,1337,819,83,0.5410177698996009,0.9430856279561424,0.6640119589162118,1606,812,80,0.6914824075653597,1.0385548826698732,0.6057622965946401,False,False,False,not_variable,1.0
9000000000010656771,KIC 10656771,,,True,0,False,dsct_flag0,False,False,2405,1025,84,0.5822938440331371,1.2502249724916177,0.9372021045310868,2979,1038,84,0.8146567654508801,1.170223600678575,0.7331939770245479,False,False,False,not_variable,2.0
9000000000010667343,KIC 10667343,,,True,0,False,dsct_flag0,False,False,1182,768,82,0.5544578691128507,1.1696760915787598,0.9807612004745965,1295,746,82,0.7265769164001896,1.2888447481123813,0.7544033278832802,False,False,False,not_variable,1.0
9000000000010669126,KIC 10669126,,,True,0,False,dsct_flag0,False,False,1188,766,81,0.53049238707165,1.1464824057857586,0.9214067901896802,1549,788,81,0.6952373314642523,1.283890374277206,0.9463200522345564,False,False,False,not_variable,1.0
9000000000010669264,KIC 10669264,,,True,0,False,dsct_flag0,False,False,1191,768,81,0.531086394690283,1.1932954334851293,0.9933318307356643,1505,789,82,0.7022643839498717,1.3564627757481975,0.9461527183480302,False,False,False,not_variable,1.0
9000000000010669944,KIC 10669944,,,True,0,False,dsct_flag0,False,False,1191,767,81,0.5302301603623377,1.1717312166599767,0.8323100496893168,1516,790,82,0.6702745776512683,1.2633415765315066,0.9232374772706168,False,False,False,not_variable,1.0
9000000000010675342,KIC 10675342,,,True,0,False,dsct_flag0,False,False,1161,741,80,0.5769085581800645,1.0387359947133121,0.7144113030318762,1529,767,81,0.739507857483987,1.1354022673345898,0.5897901170849118,False,False,False,not_variable,1.0
9000000000010676036,KIC 10676036,,,True,0,False,dsct_flag0,False,False,1189,764,80,0.41968265080788847,0.9950757319053797,0.700452341423459,1556,791,81,0.6441919344725788,1.2459351760949569,0.7374557298126845,False,False,False,not_variable,1.0
9000000000010677190,KIC 10677190,,,True,0,False,dsct_flag0,False,False,1184,761,80,0.4103260134493029,1.0248769532389592,0.7717068970667742,1556,789,81,0.6253868283498044,1.1560471638464465,0.7430504101583436,False,False,False,not_variable,1.0
9000000000010677281,KIC 10677281,,,True,0,False,dsct_flag0,False,False,1187,763,80,0.40972647952070823,1.0057569583733041,0.7941377357140544,1553,790,81,0.6352196940692226,1.0914524908932732,0.7103494372763449,False,False,False,not_variable,1.0
9000000000010677419,KIC 10677419,,,True,0,False,dsct_flag0,False,False,1190,765,80,0.5085079078975081,0.9964129509350049,0.6559717174276383,1556,790,81,0.6686291591058166,1.0600624012268511,0.724193508274461,False,False,False,not_variable,1.0
9000000000010678849,KIC 10678849,,,True,0,False,dsct_flag0,False,False,1249,773,80,0.5662340937544961,1.1243496192875115,0.7502118633349024,1641,796,81,0.8640197281446932,1.2088173358336274,0.8473250531188204,False,False,False,not_variable,1.0
9000000000010680385,KIC 10680385,,,True,0,False,dsct_flag0,False,False,1873,983,86,0.6196528876471595,1.9125586485211847,0.7678154412816456,2738,1006,82,0.78328277091287,1.119830308093053,0.6884436241990576,False,False,False,not_variable,2.0
9000000000010681055,KIC 10681055,,,True,0,False,dsct_flag0,False,False,1866,984,86,0.5581867442651895,1.6921195921116297,1.1154825218536484,2728,1003,82,0.7567399412831256,1.1297763280383357,0.5405579536480745,False,False,False,not_variable,2.0
9000000000010684769,KIC 10684769,,,True,0,False,dsct_flag0,False,False,736,640,82,0.43939237708398804,1.04962695038016,0.7961743916827306,1068,600,77,0.6915422589476494,1.2793985459572415,0.6339364289136745,False,False,False,not_variable,1.0
9000000000010685404,KIC 10685404,,,True,0,False,dsct_flag0,False,False,738,641,82,0.4115867039077901,0.8914929417749656,0.601370162737685,1264,669,77,0.7455239008989223,1.0722829367367845,0.6551957787372163,False,False,False,not_variable,1.0
9000000000010713072,KIC 10713072,,,True,0,False,dsct_flag0,False,False,1286,813,83,0.5429955875230474,1.2864142193797763,0.7220534071578413,1289,761,79,0.6347840353416168,1.297512914307812,0.8163568387082425,False,False,False,not_variable,1.0
9000000000010722729,KIC 10722729,,,True,0,False,dsct_flag0,False,False,2403,1026,84,0.6814746291129697,1.2995413072932018,0.7713254069333051,2985,1036,84,0.9315288802344485,1.208266343256061,0.631890743976987,False,False,False,not_variable,2.0
9000000000010727074,KIC 10727074,,,True,0,False,dsct_flag0,False,False,1180,763,82,0.49279677477874295,0.9942218922837556,0.6808694683914358,1527,776,82,0.7062303306634511,1.116741532054315,0.6429545184796798,False,False,False,not_variable,1.0
9000000000010727392,KIC 10727392,,,True,0,False,dsct_flag0,False,False,1185,766,82,0.5379292097573988,0.9368300954673717,0.46921389913962797,1530,777,82,0.707863801006468,0.9589674630608127,0.521548439994323,False,False,False,not_variable,1.0
9000000000010727527,KIC 10727527,,,True,0,False,dsct_flag0,False,False,1184,765,82,0.49100194188908836,0.9269266475509802,0.5599893480588798,1534,778,82,0.7009995482440342,1.028607204018508,0.5443982776392344,False,False,False,not_variable,1.0
9000000000010730102,KIC 10730102,,,True,0,False,dsct_flag0,False,False,1128,756,82,0.5596604625731898,3.6112543462047006,0.7409443441644015,1460,765,82,0.7635417728557048,1.2826288516264295,0.7909222744313693,True,True,False,variable,1.0
9000000000010731346,KIC 10731346,,,True,0,False,dsct_flag0,False,False,1184,768,82,0.5267949848056656,1.5534384939595904,0.7392452239498966,1536,782,82,0.6652062467010831,1.0552546300129448,0.6817449839518085,False,False,False,not_variable,1.0
9000000000010735054,KIC 10735054,,,True,0,False,dsct_flag0,False,False,1192,768,81,0.44618906596764935,1.088448089275112,0.9484017793643083,1545,790,82,0.635287560261464,1.2233625336261333,0.9149047732513911,False,False,False,not_variable,1.0
9000000000010736124,KIC 10736124,,,True,0,False,dsct_flag0,False,False,1194,769,81,0.5427612075513973,0.922832250046203,0.6557357861012387,1548,789,82,0.687654856644534,1.0645910077862593,0.5852372629699418,False,False,False,not_variable,1.0
9000000000010744090,KIC 10744090,,,True,0,False,dsct_flag0,False,False,1248,773,80,0.5683704385247135,1.0016213840062618,0.6847983597829144,1636,794,81,0.7456301554149468,1.0123151343691106,0.7289657738452119,False,False,False,not_variable,1.0
9000000000010746361,KIC 10746361,,,True,0,False,dsct_flag0,False,False,1867,983,86,0.588836270778406,1.8837130851757262,0.8745467942376993,2733,1006,82,0.7835842167699657,1.1073346401177582,0.58744452996155,False,False,False,not_variable,2.0
9000000000010747093,KIC 10747093,,,True,0,False,dsct_flag0,False,False,1865,983,86,0.5552696688444394,1.8497207886019755,0.8034727229991292,2727,1003,82,0.7946061938383262,1.1657430994435654,0.4814403696270884,False,False,False,not_variable,2.0
9000000000010748054,KIC 10748054,,,True,0,False,dsct_flag0,False,False,1816,980,86,0.6196817440670656,1.0728524893134477,0.5692718839627764,2653,994,82,0.7474676847595642,1.1049990944148569,0.42875746266369047,False,False,False,not_variable,2.0
9000000000010748664,KIC 10748664,,,True,0,False,dsct_flag0,False,False,1870,984,86,0.6655137393747211,1.4232359981132015,1.1159594877101715,2738,1007,82,1.3128100516761971,1.8387469112098342,0.5702798655004713,False,False,False,not_variable,2.0
9000000000010749474,KIC 10749474,,,True,0,False,dsct_flag0,False,False,1874,985,86,0.6218765952041481,1.0534214525455274,0.7050666042334804,2740,1007,82,0.8379637337530803,1.1217333733952277,0.4671689333988895,False,False,False,not_variable,2.0
9000000000010750903,KIC 10750903,,,True,0,False,dsct_flag0,False,False,578,493,79,0.4335339157000474,1.0748776460084914,0.7476969074160601,1085,516,73,0.793453883343613,1.2559283874060652,0.6906519818409227,False,False,False,not_variable,1.0
9000000000010752318,KIC 10752318,,,True,0,False,dsct_flag0,False,False,736,640,82,0.4372893760593196,0.9744812098891608,0.5856887222575148,1258,669,77,0.7309429495453116,1.0767646518491596,0.5739691983498575,False,False,False,not_variable,1.0
9000000000010752703,KIC 10752703,,,True,0,False,dsct_flag0,False,False,739,642,82,0.36435007625076116,0.8520067369605597,0.5359258332698046,1264,669,77,0.7459355643535633,1.1598632449483273,0.6554592090748144,False,False,False,not_variable,1.0
9000000000010778640,KIC 10778640,,,True,0,False,dsct_flag0,False,False,1214,799,84,0.5242583416388109,1.2383323060783566,0.737357099713896,63,45,18,0.4315958239982235,0.7743115231104003,0.60298096554424,False,False,False,not_variable,1.0
9000000000010782847,KIC 10782847,,,True,0,False,dsct_flag0,False,False,1277,807,83,0.9459306122778299,2.216230432194764,1.6935917144199586,1530,808,79,1.5979527625668783,2.507738267512622,1.33615707735536,True,False,False,variable,1.0
9000000000010789864,KIC 10789864,,,True,0,False,dsct_flag0,False,False,1172,759,82,0.5794132527663206,0.8958771189647612,0.5047804547460474,1506,762,80,0.8069736240697356,0.992946440199458,0.47310709042248006,False,False,False,not_variable,1.0
9000000000010789916,KIC 10789916,,,True,0,False,dsct_flag0,False,False,1173,761,82,0.5486825543017363,0.7928244065927892,0.5172410573382854,1500,764,80,0.766635897617329,0.9559445131983725,0.4437034796822259,False,False,False,not_variable,1.0
9000000000010792747,KIC 10792747,,,True,0,False,dsct_flag0,False,False,599,294,45,0.8285213563156538,1.3434182328224662,1.135879826018109,901,279,47,0.9224954036986883,1.387044054232219,1.0340380960445896,False,False,False,not_variable,2.0
9000000000010799676,KIC 10799676,,,True,0,False,dsct_flag0,False,False,1120,707,81,0.5552282510094732,1.0860399896081432,0.7410960190169426,1464,730,82,0.7647587677804638,1.3698685506093813,1.0238591629648783,False,False,False,not_variable,1.0
9000000000010801154,KIC 10801154,,,True,0,False,dsct_flag0,False,False,1192,768,81,0.5134008262277792,0.9505496481740849,0.6583129615790617,1547,789,82,0.7091644143357493,1.0882793455452116,0.6245454096809901,False,False,False,not_variable,1.0
9000000000010801991,KIC 10801991,,,True,0,False,dsct_flag0,False,False,1180,763,80,0.4703089273883323,0.927262292885763,0.5904474893246622,1485,783,81,0.6387747527708171,1.0817635502419258,0.6260724753155678,False,False,False,not_variable,1.0
9000000000010808350,KIC 10808350,,,True,0,False,dsct_flag0,False,False,1189,765,80,0.48223187969871417,0.9250876037493015,0.8176450383962754,1559,791,81,0.6946031725601214,1.0718604873650772,0.6089622934913658,False,False,False,not_variable,1.0
9000000000010810676,KIC 10810676,,,True,0,False,dsct_flag0,False,False,1244,770,80,0.5659617791980853,1.0011133359050497,0.8903078652813198,1638,796,81,0.7743934566551495,1.1874469870485966,0.8382395317044053,False,False,False,not_variable,1.0
9000000000010812191,KIC 10812191,,,True,0,False,dsct_flag0,False,False,1871,984,86,0.6278460499466207,1.5150651349706286,0.6178175272018686,2735,1006,82,0.7740451008579642,1.1342563149469298,0.42434017097872595,False,False,False,not_variable,2.0
9000000000010813562,KIC 10813562,,,True,0,False,dsct_flag0,False,False,1859,981,86,0.5927514093015683,1.3386039458281918,0.7045158442156365,2728,1004,82,0.7620254228086076,1.0428255624610916,0.54385043890237,False,False,False,not_variable,2.0
9000000000010813652,KIC 10813652,,,True,0,False,dsct_flag0,False,False,1802,977,86,0.5706684313660959,1.4106539490537136,0.9551748913525147,2574,989,82,0.7532408931482478,1.0427595896485866,0.7691190276447971,False,False,False,not_variable,2.0
9000000000010814900,KIC 10814900,,,True,0,False,dsct_flag0,False,False,1872,984,86,0.6278232610244386,1.019520812833911,0.6766937432796928,2739,1006,82,0.8407680249019551,1.0843742966292185,0.4930303429017197,False,False,False,not_variable,2.0
9000000000010816332,KIC 10816332,,,True,0,False,dsct_flag0,False,False,570,485,79,0.3409890434101564,1.031665607329077,0.5602780771795118,1037,498,73,0.7892239851582797,1.1892342318963776,0.6387912251085669,False,False,False,not_variable,1.0
9000000000010816401,KIC 10816401,,,True,0,False,dsct_flag0,False,False,723,628,82,0.3144048452236387,0.9366230206276986,0.47936412801363576,1238,644,77,0.6912193743208662,1.1694540680391243,0.5596270547179748,False,False,False,not_variable,1.0
9000000000010843404,KIC 10843404,,,True,0,False,dsct_flag0,False,False,1268,807,84,0.497114782364299,0.986582145581702,0.6685414615238136,1501,794,80,0.6594282869396848,1.0361544605150907,0.41745526511409586,False,False,False,not_variable,1.0
9000000000010847180,KIC 10847180,,,True,0,False,dsct_flag0,False,False,1276,807,83,0.4694518090807286,0.9293377616084353,0.552061358791012,1537,807,79,0.6780464246484597,0.9405007600485416,0.44311292430546295,False,False,False,not_variable,1.0
9000000000010850911,KIC 10850911,,,True,0,False,dsct_flag0,False,False,1286,809,83,0.4712991005433497,0.9711717949213907,0.7443905871157229,1537,808,80,0.6843299819998093,1.0314801349491585,0.6190163200670846,False,False,False,not_variable,1.0
9000000000010858737,KIC 10858737,,,True,0,False,dsct_flag0,False,False,1179,764,82,0.5883033170779144,0.8554147836058024,0.5351609031240817,1526,776,82,0.635180248806157,0.9359180569030949,0.44612994482478613,False,False,False,not_variable,1.0
9000000000010861754,KIC 10861754,,,True,0,False,dsct_flag0,False,False,1182,767,82,0.5021155779300165,1.0504708482741403,0.6247555165402402,1534,782,82,0.6808378101749752,0.9901823114477972,0.6300652827513498,False,False,False,not_variable,1.0
9000000000010862759,KIC 10862759,,,True,0,False,dsct_flag0,False,False,1181,765,82,0.4958681684697092,0.9361375584310448,0.7050042018912128,1534,783,82,0.647466127441462,1.0375337512082718,0.6428130758404336,False,False,False,not_variable,1.0
9000000000010864126,KIC 10864126,,,True,0,False,dsct_flag0,False,False,1187,766,81,0.49949800835847696,1.0376403342614364,0.737442384734615,1511,788,82,0.7014686352782061,1.3411313785217671,0.9336250579195148,False,False,False,not_variable,1.0
9000000000010865347,KIC 10865347,,,True,0,False,dsct_flag0,False,False,1182,763,80,0.4626620898705793,0.9282825190029154,0.6370107348851154,1542,788,81,0.6381160522761605,1.0497041122813773,0.6581120237800823,False,False,False,not_variable,1.0
9000000000010865801,KIC 10865801,,,True,0,False,dsct_flag0,False,False,1192,768,81,0.4675650594584133,1.0234813229919977,0.6630405173765411,1547,790,82,0.6477419153035553,1.0845483195694345,0.5804690222377581,False,False,False,not_variable,1.0
9000000000010874182,KIC 10874182,,,True,0,False,dsct_flag0,False,False,1243,770,80,0.5472164078803731,0.9937796665003262,0.7473840117723459,1581,788,81,0.7054337787687204,1.1460568750301752,0.7028536624750388,False,False,False,not_variable,1.0
9000000000010874493,KIC 10874493,,,True,0,False,dsct_flag0,False,False,1247,772,80,0.6209423807956681,0.9462975088542287,0.7334410306880488,1641,795,81,0.8271402454973501,0.9818790139233932,0.61758797159039,False,False,False,not_variable,1.0
9000000000010874586,KIC 10874586,,,True,0,False,dsct_flag0,False,False,1197,771,80,0.5539153433564932,1.0378957001178803,0.82684007560321,1570,791,81,0.77573897563804,1.1722191894206344,0.8039272833310077,False,False,False,not_variable,1.0
9000000000010875016,KIC 10875016,,,True,0,False,dsct_flag0,False,False,1182,762,80,0.45685828387476163,1.5141853352535097,0.6516549149157453,1558,786,81,0.7298278612882142,1.1005789463038804,0.6933490785894441,False,False,False,not_variable,1.0
9000000000010877746,KIC 10877746,,,True,0,False,dsct_flag0,False,False,1865,983,86,0.6199759521622206,1.1710790374286542,0.8285257036805339,2730,1004,82,0.7645145619445601,1.0521552810242427,0.5549308342458147,False,False,False,not_variable,2.0
9000000000010877999,KIC 10877999,,,True,0,False,dsct_flag0,False,False,1859,981,86,0.5769280150946697,1.1414442725355178,0.6759201887322202,2733,1006,82,0.7878912877208575,1.126484615378363,0.5806954862953688,False,False,False,not_variable,2.0
9000000000010878882,KIC 10878882,,,True,0,False,dsct_flag0,False,False,1861,982,86,0.8405048094677643,2.0068156935700223,0.954606568479677,2718,1004,82,0.9447822518174225,1.3514018763866817,0.6816358944020913,False,False,False,not_variable,2.0
9000000000010879559,KIC 10879559,,,True,0,False,dsct_flag0,False,False,693,602,82,0.4202600721056547,0.9890381165827224,0.569140200901372,1215,625,77,0.7161969343938669,1.0989180631041315,0.6504204384943484,False,False,False,not_variable,1.0
9000000000010879703,KIC 10879703,,,True,0,False,dsct_flag0,False,False,742,644,82,0.32779701174016534,0.8919729485600857,0.5317071663623139,1270,673,77,0.7467444521255332,1.075833496810118,0.5564591251432296,False,False,False,not_variable,1.0
9000000000010880209,KIC 10880209,,,True,0,False,dsct_flag0,False,False,740,643,82,0.4205152482078592,0.9136640103659585,0.7408172665065291,1261,667,77,0.7444892388250255,1.0662005641635703,0.7842616885646438,False,False,False,not_variable,1.0
9000000000010881047,KIC 10881047,,,True,0,False,dsct_flag0,False,False,741,643,82,0.3345408943366142,0.8963131839613026,0.5928136066461035,1269,672,77,0.7501508658857579,1.1747838063647822,0.4968530201409828,False,False,False,not_variable,1.0
9000000000010881208,KIC 10881208,,,True,0,False,dsct_flag0,False,False,741,644,82,0.3472248675832123,0.899628058025908,0.6615220087551824,1259,668,77,0.8321694702945701,1.5129632597434366,0.6411722270920407,False,False,False,not_variable,1.0
9000000000010903065,KIC 10903065,,,True,0,False,dsct_flag0,False,False,1277,810,84,0.5216459015604135,1.0696605910381891,0.6926117527041806,1515,797,80,0.7509996605766248,1.0751436917066195,0.5972519805752474,False,False,False,not_variable,1.0
9000000000010908054,KIC 10908054,,,True,0,False,dsct_flag0,False,False,1275,806,83,0.5434136200549284,0.9422042722152874,0.4805899197000484,1524,806,79,0.6501990098009717,0.9399538334456137,0.5088276878798611,False,False,False,not_variable,1.0
9000000000010908135,KIC 10908135,,,True,0,False,dsct_flag0,False,False,1277,806,83,0.5712820852765754,0.9461179575414271,0.519551320551072,1529,806,79,0.7137916841262064,0.9308698544668744,0.4599314922348894,False,False,False,not_variable,1.0
9000000000010919650,KIC 10919650,,,True,0,False,dsct_flag0,False,False,1182,768,82,0.5677533744327594,2.6744526957808783,0.5896060260520892,1533,782,82,0.6722467943651725,1.0552637796823363,0.7079200200419336,True,True,False,variable,1.0
9000000000010922494,KIC 10922494,,,True,0,False,dsct_flag0,False,False,1189,767,81,0.4770279771591829,0.9728814380070824,0.7317643440729669,1404,766,82,0.6384137797737724,1.3136491204022924,0.8546517763683827,False,False,False,not_variable,1.0
9000000000010924454,KIC 10924454,,,True,0,False,dsct_flag0,False,False,1190,768,81,0.4539524428883422,0.9554764200768577,0.6589836573486269,1470,782,82,0.5964187687101267,1.1393583470809052,0.5168993059301539,False,False,False,not_variable,1.0
9000000000010924562,KIC 10924562,,,True,0,False,dsct_flag0,False,False,1196,769,81,0.5238636291606558,0.8682691809003097,0.6174969770051614,1552,790,82,0.7066003578864565,1.0359781938044308,0.5324578272562153,False,False,False,not_variable,1.0
9000000000010927600,KIC 10927600,,,True,0,False,dsct_flag0,False,False,1196,773,81,0.5797559664332214,0.9137829067137213,0.48518079562448113,1550,790,82,0.7347602034538104,0.9589832393446223,0.5091288356919824,False,False,False,not_variable,1.0
9000000000010927680,KIC 10927680,,,True,0,False,dsct_flag0,False,False,1191,771,81,0.5019164200205792,0.8975652623641529,0.606436751801093,1530,791,82,0.7734066079820121,1.0893416871398705,0.7383275467686241,False,False,False,not_variable,1.0
9000000000010931507,KIC 10931507,,,True,0,False,dsct_flag0,False,False,1242,768,80,0.7553600572015816,1.1213427222473364,0.8175150423076524,1633,795,81,0.6679917798199727,1.074150937752731,0.7110436515187988,False,False,False,not_variable,1.0
9000000000010931512,KIC 10931512,,,True,0,False,dsct_flag0,False,False,1243,771,80,0.5480028172612659,1.0416391110954693,0.6174321009984651,1556,780,81,0.6735041736063199,1.1319410132293175,0.7235301366134355,False,False,False,not_variable,1.0
9000000000010931800,KIC 10931800,,,True,0,False,dsct_flag0,False,False,1172,760,80,0.5052734492639649,1.4999762922041624,0.9192652178218963,1532,789,81,0.7388105082433144,1.5909645577359635,1.100505102441027,False,False,False,not_variable,1.0
9000000000010933222,KIC 10933222,,,True,0,False,dsct_flag0,False,False,1866,984,86,0.6260974043017296,1.5372071620901882,0.6563613578937392,2726,1005,82,0.8193166876435625,1.15231275727904,0.46039423829847015,False,False,False,not_variable,2.0
9000000000010933414,KIC 10933414,,,True,0,False,dsct_flag0,False,False,1861,983,86,0.5734751949560714,1.4669588615276155,0.7934302796869065,2625,996,82,0.7202019535260163,1.1774090699822841,0.5885534191404006,False,False,False,not_variable,2.0
9000000000010933939,KIC 10933939,,,True,0,False,dsct_flag0,False,False,1868,984,86,0.637364720060607,1.3094455438438033,0.872980166831863,2729,1005,82,0.8125045499065239,1.172431009255795,0.4830064122708307,False,False,False,not_variable,2.0
9000000000010933943,KIC 10933943,,,True,0,False,dsct_flag0,False,False,1803,977,86,0.5809292605015204,1.3507165450951861,0.7207272176868456,2645,993,82,0.7609110880911241,1.0614662012378435,0.5488028119423018,False,False,False,not_variable,2.0
9000000000010934661,KIC 10934661,,,True,0,False,dsct_flag0,False,False,1864,984,86,0.7086310827252291,1.2396625693801364,0.791778311781892,2730,1006,82,0.803597998660434,1.1001515284442744,0.551751239123886,False,False,False,not_variable,2.0
9000000000010935908,KIC 10935908,,,True,0,False,dsct_flag0,False,False,1866,983,86,0.7140235131640551,1.9257087622487672,0.6049953689778498,2723,1004,82,0.9436986022185051,1.3885269014212998,0.5985078015012559,False,False,False,not_variable,2.0
9000000000010937057,KIC 10937057,,,True,0,False,dsct_flag0,False,False,740,643,82,0.40149863187097923,0.8763353398552114,0.42267429547516105,1264,670,77,0.7170517102717185,1.060521538620584,0.4221871446649222,False,False,False,not_variable,1.0
9000000000010961178,KIC 10961178,,,True,0,False,dsct_flag0,False,False,1274,812,83,0.5339786389586436,0.9446162351391447,0.630783771659381,1515,802,79,0.6457550173440533,1.0330217501761303,0.5529620492524904,False,False,False,not_variable,1.0
9000000000010965063,KIC 10965063,,,True,0,False,dsct_flag0,False,False,1334,819,83,0.433473754679782,1.0056310336814163,0.7152396041961369,1556,799,80,0.6308743602242364,1.0488122013384773,0.5647192734753995,False,False,False,not_variable,1.0
9000000000010969688,KIC 10969688,,,True,0,False,dsct_flag0,False,False,1173,761,82,0.6372964828100152,0.8736615383879734,0.4924298006570612,1507,763,80,0.8542345527831822,1.0880966941692853,0.5027496394430206,False,False,False,not_variable,1.0
9000000000010971642,KIC 10971642,,,True,0,False,dsct_flag0,False,False,1172,762,82,0.6444992161238158,1.2164607403574383,0.9580453024273429,1507,765,80,0.7424788185956146,1.0555196614414268,0.492282532312738,False,False,False,not_variable,1.0
9000000000010972937,KIC 10972937,,,True,0,False,dsct_flag0,False,False,1179,764,82,0.5527630048587528,0.9197791741359882,0.5617330241797079,1471,772,82,0.6576746334179352,0.9864016946613198,0.5313013357596463,False,False,False,not_variable,1.0
9000000000010973312,KIC 10973312,,,True,0,False,dsct_flag0,False,False,1128,755,82,0.4619882466744691,0.9681323099706555,0.6647751493950568,1441,760,82,0.6408265514041795,1.041760862516786,0.6359756045219377,False,False,False,not_variable,1.0
9000000000010974902,KIC 10974902,,,True,0,False,dsct_flag0,False,False,1172,764,82,0.6201230964298948,3.077615769391508,0.6111426128126012,1498,773,82,0.766775932720984,1.2231083541871393,0.8046771702306018,True,True,False,variable,1.0
9000000000010977395,KIC 10977395,,,True,0,False,dsct_flag0,False,False,51,33,15,0.38317700723529813,1.0586589627061187,0.9479992265500379,68,46,20,0.6427993869599069,1.0655472416648688,1.031525136655232,False,False,False,not_variable,2.0
9000000000010977398,KIC 10977398,,,True,0,False,dsct_flag0,False,False,52,34,16,0.4248608987055584,1.07065582298944,1.2737778876807477,68,46,20,0.7099331772194474,1.1740498776542703,0.92949492383575,False,False,False,not_variable,2.0
9000000000010979359,KIC 10979359,,,True,0,False,dsct_flag0,False,False,1133,757,81,0.43233465953042965,0.9409914648200319,0.6405428913776928,1385,767,82,0.5890668392848006,1.2011324164982426,0.6328424552918314,False,False,False,not_variable,1.0
9000000000010979484,KIC 10979484,,,True,0,False,dsct_flag0,False,False,1132,757,81,0.4197497001110834,0.882695340203279,0.6019197143413805,1305,746,82,0.5867445351901657,1.1059089897510723,0.5418247451443924,False,False,False,not_variable,1.0
9000000000010983198,KIC 10983198,,,True,0,False,dsct_flag0,False,False,1139,762,81,0.5970169100700203,0.9955859587401541,0.5426642533950132,1479,777,82,0.707717824679754,1.0322175176436663,0.7894650803137311,False,False,False,not_variable,1.0
9000000000010983245,KIC 10983245,,,True,0,False,dsct_flag0,False,False,1139,761,81,0.5183881671099074,0.9891956581062119,0.5300120318902888,1479,776,82,0.7269875494529571,1.1221814377144692,0.8020172317508825,False,False,False,not_variable,1.0
9000000000010983613,KIC 10983613,,,True,0,False,dsct_flag0,False,False,52,34,15,0.5871574242642943,1.1124190792347242,1.0549137625834186,67,46,20,0.48401048009375736,0.9279072947548391,0.8792538785112024,False,False,False,not_variable,2.0
9000000000010988508,KIC 10988508,,,True,0,False,dsct_flag0,False,False,1860,983,86,0.6318781551187881,1.3549703991144126,0.7965410499371383,2728,1005,82,0.8801461147782826,1.1588658039758286,0.537969726016475,False,False,False,not_variable,2.0
9000000000010989811,KIC 10989811,,,True,0,False,dsct_flag0,False,False,1866,984,86,0.7133857072155718,1.1807876513686457,0.7537327242524389,2731,1007,82,0.8849960970782685,1.135833661809811,0.5871190596400021,False,False,False,not_variable,2.0
9000000000010989905,KIC 10989905,,,True,0,False,dsct_flag0,False,False,1860,982,86,0.6973543715680403,1.267801236954384,0.7679386036630665,2728,1007,82,0.7989002631034848,1.2006345045134332,0.6549039850511209,False,False,False,not_variable,2.0
9000000000010990463,KIC 10990463,,,True,0,False,dsct_flag0,False,False,1856,982,86,0.7284417316571827,1.141199071151657,0.5460968536987342,2653,994,82,0.813744620678088,1.0082618841113151,0.4110697276934254,False,False,False,not_variable,2.0
9000000000010990772,KIC 10990772,,,True,0,False,dsct_flag0,False,False,1803,977,86,0.7816056323947969,1.903894255627122,0.7734784004584893,2645,993,82,0.8802322570744914,1.3632330869053457,0.6791791608834333,False,False,False,not_variable,2.0
9000000000010991544,KIC 10991544,,,True,0,False,dsct_flag0,False,False,666,616,82,0.21559748813112703,0.9673178863778613,0.6531965694748914,1155,619,77,0.7614683139650198,1.214746490760596,0.8582631618658909,False,False,False,not_variable,1.0
9000000000010992340,KIC 10992340,,,True,0,False,dsct_flag0,False,False,737,643,82,0.36313439013216564,0.9511984132491471,0.48310217370850084,1263,670,77,0.7371152935372993,4.085820681460305,0.5568690564401281,True,False,False,variable,1.0
9000000000011017115,KIC 11017115,,,True,0,False,dsct_flag0,False,False,1278,806,83,0.47928272192003907,0.9606829558570541,0.6187198860162908,1539,808,79,0.716186280669975,1.0010971041006798,0.4414091113846221,False,False,False,not_variable,1.0
9000000000011018071,KIC 11018071,,,True,0,False,dsct_flag0,False,False,1275,805,83,0.6385555567913972,1.0428232176561025,0.5721032690792218,1537,809,79,0.7905010313332806,1.0216495672189767,0.47443128521473227,False,False,False,not_variable,1.0
9000000000011020400,KIC 11020400,,,True,0,False,dsct_flag0,False,False,1112,732,83,1.4327040887184257,3.2483119873245583,2.1693919028580755,1240,695,80,2.3853553123920244,3.474964321926044,1.978460714638915,True,True,False,variable,1.0
9000000000011027644,KIC 11027644,,,True,0,False,dsct_flag0,False,False,1176,763,82,0.5454919636556719,0.9028830430098959,0.5020308743037664,1446,771,82,0.674408391921358,8.810324876597294,0.5757410088206028,True,False,False,variable,1.0
9000000000011029588,KIC 11029588,,,True,0,False,dsct_flag0,False,False,1165,764,82,0.4420401708790291,1.8971848833946263,0.6481890579838113,766,537,81,0.5564937363208199,1.2073139029005215,0.7219425630139437,False,False,False,not_variable,1.0
9000000000011031719,KIC 11031719,,,True,0,False,dsct_flag0,False,False,1033,631,79,0.6908306952971268,1.0907591188984334,0.843129672770907,1389,647,79,0.807431808888627,1.0849647380406562,0.8430444221081965,False,False,False,not_variable,1.0
9000000000011031824,KIC 11031824,,,True,0,False,dsct_flag0,False,False,1188,766,81,0.5955656616124188,1.0449929524908654,0.6404970483058933,1549,790,82,0.7465704069781619,1.2130840060155768,0.7569280083187564,False,False,False,not_variable,1.0
9000000000011033395,KIC 11033395,,,True,0,False,dsct_flag0,False,False,1192,768,81,0.4665919321253015,0.9192944431473421,0.6177894406087466,1549,789,82,0.6764117202241497,1.0830919494817368,0.644515622068582,False,False,False,not_variable,1.0
9000000000011033663,KIC 11033663,,,True,0,False,dsct_flag0,False,False,1190,768,81,0.5461866047217548,0.9090452232813963,0.49275862302809764,1554,791,82,0.646883163927101,1.00141096067709,0.5827022059217901,False,False,False,not_variable,1.0
9000000000011036565,KIC 11036565,,,True,0,False,dsct_flag0,False,False,1193,772,81,0.5113983071510617,1.0501906909946601,0.6545940369904985,1553,791,82,0.7352634005780321,1.0931348621284827,0.6293234404776505,False,False,False,not_variable,1.0
9000000000011037223,KIC 11037223,,,True,0,False,dsct_flag0,False,False,1190,771,81,0.5702167686580104,1.0361244817473447,0.5909774465038786,1548,790,82,0.7800046543189408,1.150523550028946,0.7608396750471754,False,False,False,not_variable,1.0
9000000000011038071,KIC 11038071,,,True,0,False,dsct_flag0,False,False,22,15,10,0.5384290788615106,1.3499503254814038,1.5890308905645751,47,28,13,0.8637943151204198,1.3423499307901887,1.1287013474983538,False,False,False,not_variable,1.0
9000000000011043116,KIC 11043116,,,True,0,False,dsct_flag0,False,False,1376,823,84,0.7258937482734484,1.3901715962823953,0.9408209643466974,1243,667,79,0.6455843279745203,1.1959082805612002,0.6595899872258542,False,False,False,not_variable,1.0
9000000000011043237,KIC 11043237,,,True,0,False,dsct_flag0,False,False,1705,937,86,0.6468446143968005,1.2273482959189193,0.637671649677508,2542,961,82,0.8693496785331494,1.1925329725907654,0.5199457856224109,False,False,False,not_variable,2.0
9000000000011043583,KIC 11043583,,,True,0,False,dsct_flag0,False,False,1374,842,85,1.1540864688655157,2.0049770512874803,1.2203493523503075,2194,885,80,1.8970180214624897,2.4723314333662954,0.9028824473423149,False,False,False,not_variable,1.0
9000000000011046541,KIC 11046541,,,True,0,False,dsct_flag0,False,False,739,642,82,0.33657104819602296,0.9585380273990856,0.6346069252904168,1264,671,77,0.7204454383868973,1.1983610907689772,0.7395610598601469,False,False,False,not_variable,1.0
9000000000011068584,KIC 11068584,,,True,0,False,dsct_flag0,False,False,1230,794,84,0.4760713302187715,0.9806689607456328,0.5273567242352175,1224,757,80,0.6700620056724456,1.5947505064691088,0.5969290583953866,False,False,False,not_variable,1.0
9000000000011072635,KIC 11072635,,,True,0,False,dsct_flag0,False,False,1207,780,83,0.6394864351855675,1.0678573245652123,0.6865467727172392,1456,787,79,0.7658281560548142,1.054749748092827,0.4573905093071988,False,False,False,not_variable,1.0
9000000000011073754,KIC 11073754,,,True,0,False,dsct_flag0,False,False,1090,725,82,0.4057327619251331,1.017760807837504,0.6752708696808224,1108,643,79,0.5999676114657542,1.1125299011311287,0.6395258056308889,False,False,False,not_variable,1.0
9000000000011074630,KIC 11074630,,,True,0,False,dsct_flag0,False,False,1194,779,83,0.42576058507064446,0.9749062755459392,0.7447350024413663,1388,760,80,0.6284877929092465,1.0512529956046615,0.6368707800050802,False,False,False,not_variable,1.0
9000000000011075124,KIC 11075124,,,True,0,False,dsct_flag0,False,False,53,35,16,0.5492360339849482,0.6047667675312466,0.7663279359105584,1374,741,80,0.7269632412512337,1.341815354137314,0.8995789665231316,False,False,False,not_variable,2.0
9000000000011075446,KIC 11075446,,,True,0,False,dsct_flag0,False,False,94,40,8,0.6265029756080663,1.174972224233397,0.9815057467987534,33,19,6,0.6439246012439006,1.9391425774524889,1.5072288164070982,False,False,False,not_variable,2.0
9000000000011079970,KIC 11079970,,,True,0,False,dsct_flag0,False,False,648,510,70,0.4569152449546323,1.4463167116792015,0.854044892504513,1015,526,67,0.7635475711292182,1.0957563980916316,0.5187896631204335,False,False,False,not_variable,1.0
9000000000011085540,KIC 11085540,,,True,0,False,dsct_flag0,False,False,1184,768,82,0.6796899656369757,1.057207164627646,0.6857317175579926,1533,780,82,0.7606140807272654,1.1529310270023756,0.6764436082763322,False,False,False,not_variable,1.0
9000000000011086022,KIC 11086022,,,True,0,False,dsct_flag0,False,False,432,196,33,0.8311174906617725,1.5828889697416106,1.3540651941101467,803,198,32,1.011305775194217,1.6192705619472165,1.245460237650708,False,False,False,not_variable,2.0
9000000000011086240,KIC 11086240,,,True,0,False,dsct_flag0,False,False,1177,761,81,0.5704319281015433,1.0365916766634022,0.6244299637696796,1428,769,82,0.762380788601935,1.2828712444067059,0.7302647394147492,False,False,False,not_variable,1.0
9000000000011087017,KIC 11087017,,,True,0,False,dsct_flag0,False,False,1161,755,81,0.5978721461392313,1.091167833040311,0.6835501377413596,1513,777,82,0.7595027282366801,1.1669482738951271,0.7451647123154588,False,False,False,not_variable,1.0
9000000000011087179,KIC 11087179,,,True,0,False,dsct_flag0,False,False,1191,767,81,0.47671570285457265,0.929763420688569,0.6308115145997932,1547,789,82,0.7162729546640315,1.0319071739696,0.703062532660075,False,False,False,not_variable,1.0
9000000000011087311,KIC 11087311,,,True,0,False,dsct_flag0,False,False,1187,767,81,0.4736359246502222,0.9118900534412946,0.5915459108150819,1544,789,82,0.7272470408119321,1.1361750879808312,0.6421180671337764,False,False,False,not_variable,1.0
9000000000011087693,KIC 11087693,,,True,0,False,dsct_flag0,False,False,856,625,79,0.4561650264655932,0.9580601388485094,0.6241292272349189,1212,653,81,0.6442639409701432,1.2582038151429034,0.5856019776840345,False,False,False,not_variable,1.0
9000000000011090628,KIC 11090628,,,True,0,False,dsct_flag0,False,False,1191,769,81,0.8081309093229999,1.3961427759508684,0.7502490875375165,1546,788,82,1.4612870194170395,2.154388382395926,0.8976224379126337,False,False,False,not_variable,1.0
9000000000011092004,KIC 11092004,,,True,0,False,dsct_flag0,False,False,53,35,16,0.6797113351522337,1.0570491227882193,1.3097853303741942,70,47,20,0.4461495608094682,0.9113413547722475,0.8106387242237455,False,False,False,not_variable,2.0
9000000000011097448,KIC 11097448,,,True,0,False,dsct_flag0,False,False,59,41,19,0.5995012997122836,0.7867233770168514,0.8109917228784678,82,54,19,0.4772705969002884,1.3022747019774228,0.9970204379639981,False,False,False,not_variable,1.0
9000000000011099489,KIC 11099489,,,True,0,False,dsct_flag0,False,False,648,560,82,0.48837554084469176,1.1224356602176875,0.7370736329380232,1173,589,78,0.9975798154393847,1.6607863228071098,0.8012842725797732,False,False,False,not_variable,1.0
9000000000011122397,KIC 11122397,,,True,0,False,dsct_flag0,False,False,46,32,17,0.28098027918586965,0.7395062598673423,0.5291493121826827,62,44,18,0.4072999293043278,0.7698612777313999,0.794228009814371,False,False,False,not_variable,1.0
9000000000011122679,KIC 11122679,,,True,0,False,dsct_flag0,False,False,413,229,55,0.6846208221154612,1.4515086688651033,1.017487392541313,673,238,54,0.9435194725245324,1.1849785173894558,1.0059486312035701,False,False,False,not_variable,1.0
9000000000011122763,KIC 11122763,,,True,0,False,dsct_flag0,False,False,1292,815,83,0.6196747036740207,1.4473067301599039,0.7993134362863994,1521,799,79,0.7671285335999006,1.3005435693255751,0.6992864545075921,False,False,False,not_variable,1.0
9000000000011125666,KIC 11125666,,,True,0,False,dsct_flag0,False,False,1281,811,83,0.4905469756771517,1.1071223609553877,0.764681357360607,1532,807,79,0.648128572885063,1.0994992535427743,0.6764675337059909,False,False,False,not_variable,1.0
9000000000011126716,KIC 11126716,,,True,0,False,dsct_flag0,False,False,644,281,44,0.7322333463023637,1.9772065492253101,1.0790523047609635,748,252,38,0.9921918401070161,1.6562738740022849,0.9275275836067388,False,False,False,not_variable,2.0
9000000000011128745,KIC 11128745,,,True,0,False,dsct_flag0,False,False,2393,1023,84,0.6309058334404616,1.3547751548493951,0.9885025744523691,2958,1033,82,0.8044895802857884,1.3341286067293374,0.6095598395290773,False,False,False,not_variable,2.0
9000000000011133541,KIC 11133541,,,True,0,False,dsct_flag0,False,False,1131,744,81,0.692274267336743,1.5092074565984201,1.0021002067396385,1493,767,81,0.8491741083873795,1.3368805467927045,0.9469522852309743,False,False,False,not_variable,1.0
9000000000011134101,KIC 11134101,,,True,0,False,dsct_flag0,False,False,723,365,58,0.8786091109857492,1.1480388442145644,0.7028876344450374,1059,359,55,0.8935141627452743,1.140002971416667,1.0833183449613217,False,False,False,not_variable,2.0
9000000000011135445,KIC 11135445,,,True,0,False,dsct_flag0,False,False,1076,708,82,0.4966097038295416,1.1842434100817334,0.983748804435488,1294,712,82,0.7698281501062765,1.2266725773253442,0.790363007836616,False,False,False,not_variable,1.0
9000000000011135893,KIC 11135893,,,True,0,False,dsct_flag0,False,False,1136,747,82,0.5526353740076647,1.6051553176052438,1.1800373389365286,1448,765,82,0.6553625053396854,1.4315432713382885,0.9222820309500739,False,False,False,not_variable,1.0
9000000000011138736,KIC 11138736,,,True,0,False,dsct_flag0,False,False,53,35,16,0.30653419936365334,1.0712987437689248,0.8707509582383121,70,47,20,0.4839060149548817,0.9295214739087971,0.9047894304748331,False,False,False,not_variable,2.0
9000000000011139816,KIC 11139816,,,True,0,False,dsct_flag0,False,False,53,35,16,0.4000015479876114,0.9278014198672478,0.8323845397279215,668,321,62,0.6861351638056679,1.2047826403304616,0.8176036406230927,False,False,False,not_variable,2.0
9000000000011140381,KIC 11140381,,,True,0,False,dsct_flag0,False,False,517,396,64,0.4283073660950416,1.001109092263149,0.5938672865503615,890,431,66,0.6960902749921515,1.1239357798349463,0.7287084852696158,False,False,False,not_variable,1.0
9000000000011141134,KIC 11141134,,,True,0,False,dsct_flag0,False,False,1181,764,81,0.595290317799114,1.1595163856483883,0.864692561128683,1524,783,81,0.6228881313056063,1.283700100994737,0.8285427965798144,False,False,False,not_variable,1.0
9000000000011143573,KIC 11143573,,,True,0,False,dsct_flag0,False,False,1116,738,81,0.5415918603152156,1.01687525431703,0.5644865004179576,1360,763,80,0.6684125115439413,1.205264758000424,0.6625419802733004,False,False,False,not_variable,1.0
9000000000011144713,KIC 11144713,,,True,0,False,dsct_flag0,False,False,1116,738,81,0.588257934579861,1.4377728030282824,1.1997977097482877,1358,763,80,0.7675569991157747,1.3253669490664057,0.8146291572542019,False,False,False,not_variable,1.0
9000000000011145255,KIC 11145255,,,True,0,False,dsct_flag0,False,False,53,35,16,0.41320523725594915,1.0555164235401013,0.9918642002799395,70,47,20,0.5560929918972053,0.9784095170935596,0.8211447248434861,False,False,False,not_variable,2.0
9000000000011147169,KIC 11147169,,,True,0,False,dsct_flag0,False,False,1175,758,80,0.4933711044708077,1.0803269460531353,0.7463065331888948,1541,785,80,0.6947893352126132,1.3326889892920832,0.6685379988586453,False,False,False,not_variable,1.0
9000000000011153006,KIC 11153006,,,True,0,False,dsct_flag0,False,False,59,41,19,0.32719043784838386,0.9964992884440885,0.9820424504305246,84,56,19,0.5377080061336373,0.7935278342927172,0.7265719297121336,False,False,False,not_variable,1.0
9000000000011176201,KIC 11176201,,,True,0,False,dsct_flag0,False,False,1294,815,83,0.6748140102822999,1.3412590390409718,0.7122142764668143,1527,800,79,0.7993901831659441,1.2344350291359918,0.6678316154143112,False,False,False,not_variable,1.0
9000000000011181037,KIC 11181037,,,True,0,False,dsct_flag0,False,False,1335,820,83,0.4208378793824645,0.9479343736188295,0.7290047312059585,1491,780,80,0.5787201001394111,1.0685238447052736,0.6624078118081512,False,False,False,not_variable,1.0
9000000000011182630,KIC 11182630,,,True,0,False,dsct_flag0,False,False,1975,950,83,4.476199684005031,6.389002253760954,4.781910103976502,2526,960,83,4.6187653766391,5.671048188739563,3.9600001359656094,True,True,True,variable,1.0
9000000000011186603,KIC 11186603,,,True,0,False,dsct_flag0,False,False,1170,756,82,1.1204848310779238,1.8362566536912819,0.9922552412531359,1465,753,81,1.723415005321804,2.607210675345734,1.3815762973980568,True,False,False,variable,1.0
9000000000011187754,KIC 11187754,,,True,0,False,dsct_flag0,False,False,1182,764,82,0.5524168245787936,1.0318793252063805,0.8318141027217003,1533,781,82,0.6780940501705695,1.0526430121023465,0.5592096535460854,False,False,False,not_variable,1.0
9000000000011189642,KIC 11189642,,,True,0,False,dsct_flag0,False,False,1134,757,82,0.5823495297610624,1.1676123541696775,0.6557304582163145,1465,765,82,0.7396889581397977,1.2308143207293687,0.7473745888784039,False,False,False,not_variable,1.0
9000000000011191644,KIC 11191644,,,True,0,False,dsct_flag0,False,False,1185,765,82,0.6313281263312507,1.100657733793509,0.8616773934982174,1530,779,82,0.6828321839177122,1.1156432231512403,0.6195692752101103,False,False,False,not_variable,1.0
9000000000011197687,KIC 11197687,,,True,0,False,dsct_flag0,False,False,1186,765,81,0.537806172182316,1.0497079556705504,0.6620152266400824,1554,793,81,0.7123165239219146,1.1745637837334064,0.6235688689683718,False,False,False,not_variable,1.0
9000000000011198836,KIC 11198836,,,True,0,False,dsct_flag0,False,False,1189,767,80,0.5249992808261156,1.1102913327869168,0.6422656083496736,1551,793,81,0.7270390320184411,1.3250942558472736,0.8581598165144078,False,False,False,not_variable,1.0
9000000000011199166,KIC 11199166,,,True,0,False,dsct_flag0,False,False,1190,768,80,0.5216598659428793,1.2148268375857398,0.916378065429404,1556,794,81,0.7220291204301239,1.1219510913234012,0.6755356962999863,False,False,False,not_variable,1.0
9000000000011199467,KIC 11199467,,,True,0,False,dsct_flag0,False,False,1167,764,80,0.4853004232395098,0.9913322380008166,0.5976438640094172,1515,790,81,0.7157789874428209,1.1502704391969896,0.571040637665395,False,False,False,not_variable,1.0
9000000000011200509,KIC 11200509,,,True,0,False,dsct_flag0,False,False,1247,775,80,0.47770643440130883,0.9759569940733983,0.7067566117514364,1637,799,81,0.7069644983734347,1.1343654608833167,0.6646715645756285,False,False,False,not_variable,1.0
9000000000011233133,KIC 11233133,,,True,0,False,dsct_flag0,False,False,46,32,17,0.5133082228306294,3.1786264105356046,3.3660086935347837,62,44,18,0.4112382497922093,2.130329438537157,1.4545161731108438,True,True,True,variable,1.0
9000000000011241236,KIC 11241236,,,True,0,False,dsct_flag0,False,False,1186,767,82,0.818747780141831,1.4249440672335858,0.8472172528341906,1534,780,82,1.4713318561708097,2.424252555042615,1.2126652158929114,False,False,False,not_variable,1.0
9000000000011241985,KIC 11241985,,,True,0,False,dsct_flag0,False,False,1161,746,82,0.4766681595144547,0.9577960577939363,0.623216300141056,1373,756,82,0.5873682184999683,1.3710503240799667,0.7755601453374231,False,False,False,not_variable,1.0
9000000000011242284,KIC 11242284,,,True,0,False,dsct_flag0,False,False,1185,765,82,0.552185313349745,2.146750452706238,1.1079802618791676,1531,777,82,0.6700867229467172,1.785016590490962,0.9602366352370625,False,False,False,not_variable,1.0
9000000000011243691,KIC 11243691,,,True,0,False,dsct_flag0,False,False,1183,765,82,0.5266969865771672,0.9849132192602239,0.6203199135322156,1533,782,82,0.681284420052569,1.140167496437524,0.6267871956880566,False,False,False,not_variable,1.0
9000000000011245422,KIC 11245422,,,True,0,False,dsct_flag0,False,False,1192,769,82,0.5987304140517117,1.0530963610577602,0.6773268308252087,1539,783,82,0.699752204713236,1.055407609680453,0.551024886453403,False,False,False,not_variable,1.0
9000000000011249955,KIC 11249955,,,True,0,False,dsct_flag0,False,False,1185,765,81,0.4710968916711945,1.1005146408520823,0.7464969752537656,1550,793,81,0.6035677257287062,1.2439828066132146,0.762883964646681,False,False,False,not_variable,1.0
9000000000011250726,KIC 11250726,,,True,0,False,dsct_flag0,False,False,1184,765,81,0.45086104790119513,0.9509152229881738,0.6348712029152614,1532,793,81,0.6145741579158119,1.0934529722579565,0.670697033053304,False,False,False,not_variable,1.0
9000000000011251058,KIC 11251058,,,True,0,False,dsct_flag0,False,False,1182,764,81,0.4843928532897857,0.996821230737513,0.6174382734687817,1439,772,81,0.5936163637352257,1.2007947759651452,0.762843959598745,False,False,False,not_variable,1.0
9000000000011253031,KIC 11253031,,,True,0,False,dsct_flag0,False,False,1191,768,80,0.5096627534279458,1.0061572254376001,0.7633978882342944,1556,793,81,0.664477158771362,1.1071287194897235,0.6057142749250567,False,False,False,not_variable,1.0
9000000000011253316,KIC 11253316,,,True,0,False,dsct_flag0,False,False,1183,766,80,0.601089740882192,1.0273802490482444,0.675669356548477,1541,793,81,0.89412384033442,1.146259548674526,0.6423609113444483,False,False,False,not_variable,1.0
9000000000011259889,KIC 11259889,,,True,0,False,dsct_flag0,False,False,733,637,82,0.2920245203726907,1.0177343776511374,0.5349966259553274,1260,667,78,0.8084000222846772,1.2668642333636695,0.8264743356366567,False,False,False,not_variable,1.0
9000000000011287360,KIC 11287360,,,True,0,False,dsct_flag0,False,False,1326,817,83,0.43196471708446876,0.9022334172783725,0.6602953299791064,1594,811,80,0.5675103042751819,0.9589588833523169,0.5034561576858306,False,False,False,not_variable,1.0
9000000000011288249,KIC 11288249,,,True,0,False,dsct_flag0,False,False,1288,811,83,0.4222657929938893,0.8975249198028064,0.6159979580529594,1523,800,80,0.6221194008490611,1.039882353707714,0.6124080060460543,False,False,False,not_variable,1.0
9000000000011289252,KIC 11289252,,,True,0,False,dsct_flag0,False,False,2400,1027,84,0.584176579660598,1.1485563717649945,0.7540714492050051,2966,1035,82,0.6467923908861911,1.0286138207255975,0.48759426271439865,False,False,False,not_variable,2.0
9000000000011299145,KIC 11299145,,,True,0,False,dsct_flag0,False,False,1193,769,81,0.5650395801393678,0.903508088356844,0.4590839187133562,1553,791,82,0.6896431948181521,1.086203509284674,0.6449398027873313,False,False,False,not_variable,1.0
9000000000011300012,KIC 11300012,,,True,0,False,dsct_flag0,False,False,1178,765,81,0.5363936465489006,0.9321631862914397,0.5275532638422726,1521,785,82,0.6377502756877318,1.1422990001696696,0.6745695623805058,False,False,False,not_variable,1.0
9000000000011303591,KIC 11303591,,,True,0,False,dsct_flag0,False,False,1170,754,81,0.6785025248748302,1.3835875389367247,0.6513008478867623,1543,781,81,0.7428449102476173,1.6450945157070929,1.4386170367894335,False,False,False,not_variable,1.0
9000000000011304269,KIC 11304269,,,True,0,False,dsct_flag0,False,False,1188,766,81,0.4698136234162141,0.9981393865328709,0.801950592555022,1553,793,81,0.6547429582389667,1.0847599061510982,0.6515936339219958,False,False,False,not_variable,1.0
9000000000011304344,KIC 11304344,,,True,0,False,dsct_flag0,False,False,1184,764,81,0.4296079553218874,0.9857314490931322,0.9070382104764072,1503,789,81,0.6369180917886339,1.1001402374151186,0.6090553059214769,False,False,False,not_variable,1.0
9000000000011305793,KIC 11305793,,,True,0,False,dsct_flag0,False,False,1186,766,80,0.43043087753737547,0.8826696127443596,0.5714795774273453,1529,791,81,0.561802599168033,1.0404674020586193,0.5539132771484477,False,False,False,not_variable,1.0
9000000000011305939,KIC 11305939,,,True,0,False,dsct_flag0,False,False,1158,760,80,0.4533945756128609,0.8773201061781588,0.5534458742577216,1499,789,81,0.5737820409273077,1.0142101070078708,0.6087260909666966,False,False,False,not_variable,1.0
9000000000011306075,KIC 11306075,,,True,0,False,dsct_flag0,False,False,1146,760,80,0.5725125493041241,0.9400194811280465,0.579805642994381,1414,762,81,0.6639840670506517,1.1093284406676174,0.6979909278849534,False,False,False,not_variable,1.0
9000000000011307602,KIC 11307602,,,True,0,False,dsct_flag0,False,False,1242,772,80,0.46229429335959776,0.9169428959994091,0.6260385492393549,1601,792,81,0.7131982205375731,1.1780388368076902,0.7751719169776123,False,False,False,not_variable,1.0
9000000000011347735,KIC 11347735,,,True,0,False,dsct_flag0,False,False,1185,767,82,0.5080860335768802,0.9594075693293771,0.7154454927344539,1532,780,82,0.5767790809183405,1.0955903406261742,0.7436839963743518,False,False,False,not_variable,1.0
9000000000011350238,KIC 11350238,,,True,0,False,dsct_flag0,False,False,1184,766,82,0.4868597705726471,0.951913879327982,0.5667148977013058,1530,781,82,0.5793779793972532,1.0321465730647366,0.5577863613876907,False,False,False,not_variable,1.0
9000000000011358305,KIC 11358305,,,True,0,False,dsct_flag0,False,False,51,34,16,0.3343047945419671,1.6231117337298222,1.9790177595868097,68,46,20,0.7009463954134909,1.2646583742443398,0.9680786771526018,False,False,False,not_variable,1.5
9000000000011359606,KIC 11359606,,,True,0,False,dsct_flag0,False,False,1158,758,80,0.8144043602297031,1.0252292785571628,0.59530226104448,1525,777,81,0.9553357317338641,1.5632199399054225,0.6405505001575721,False,False,False,not_variable,1.0
9000000000011360622,KIC 11360622,,,True,0,False,dsct_flag0,False,False,1248,774,80,0.515425536958153,0.8767063486854091,0.5804235531347276,1637,800,81,0.7047649110802093,1.0659143298469533,0.5074667907222896,False,False,False,not_variable,1.0
9000000000011361146,KIC 11361146,,,True,0,False,dsct_flag0,False,False,1248,774,80,0.5275010055609074,0.9468594734052508,0.6898304548667812,1637,800,81,0.725770752378289,1.1331088880462892,0.6075140758334542,False,False,False,not_variable,1.0
9000000000011390853,KIC 11390853,,,True,0,False,dsct_flag0,False,False,1273,809,83,0.41997902543437293,0.9336053781147335,0.7538566291471813,1517,805,79,0.5748447864677725,1.003832238028115,0.5644804538887283,False,False,False,not_variable,1.0
9000000000011390888,KIC 11390888,,,True,0,False,dsct_flag0,False,False,1281,810,83,0.5128186925793012,0.8919979291832901,0.5357216130748551,1536,807,79,0.7003089233568587,1.0006035220690614,0.43076440448465597,False,False,False,not_variable,1.0
9000000000011393668,KIC 11393668,,,True,0,False,dsct_flag0,False,False,1240,800,83,0.5237742612447027,1.0203196687660034,0.774878992891973,1478,792,79,0.6573734021922517,1.029795880932486,0.5077946617847439,False,False,False,not_variable,1.0
9000000000011394067,KIC 11394067,,,True,0,False,dsct_flag0,False,False,1290,811,83,0.8710900550633595,2.5529601186396036,1.9695700969959544,1547,811,80,0.9399342932115474,2.0722799477266935,1.0618042116715471,True,True,False,variable,1.0
9000000000011395887,KIC 11395887,,,True,0,False,dsct_flag0,False,False,2399,1026,84,0.6020280732104916,1.1374302330742503,0.6458066535937709,2964,1036,82,0.6624496834808338,1.0648585806500728,0.520038648324158,False,False,False,not_variable,2.0
9000000000011397593,KIC 11397593,,,True,0,False,dsct_flag0,False,False,1168,755,82,0.49303062178738755,0.8354994142604416,0.5671387360434162,1517,771,81,0.6217297404089782,0.9169504781847487,0.35336412613706025,False,False,False,not_variable,1.0
9000000000011400645,KIC 11400645,,,True,0,False,dsct_flag0,False,False,1183,766,82,0.44506556768599076,0.8881599281354217,0.6087459341106338,1519,779,82,0.6122662445334243,1.093350046525122,0.6502066717749296,False,False,False,not_variable,1.0
9000000000011401700,KIC 11401700,,,True,0,False,dsct_flag0,False,False,1186,769,82,0.5614189990689766,1.0377584466485006,0.7489560515442917,1535,780,82,0.7088329253668145,1.1277071807381422,0.7959835817487129,False,False,False,not_variable,1.0
9000000000011402528,KIC 11402528,,,True,0,False,dsct_flag0,False,False,1186,767,82,0.4957856122297554,0.9735744821583133,0.5440379177252646,1531,781,82,0.6284556038476607,1.0608827586595628,0.6337760271771169,False,False,False,not_variable,1.0
9000000000011402910,KIC 11402910,,,True,0,False,dsct_flag0,False,False,1184,767,82,0.46699882874265647,0.9271470073843094,0.5039335305434228,1528,782,82,0.5817448564095918,1.009949497549159,0.649665762921168,False,False,False,not_variable,1.0
9000000000011403775,KIC 11403775,,,True,0,False,dsct_flag0,False,False,1186,768,82,0.5196386751938209,0.8924059470775318,0.6079875532645098,1531,781,82,0.6685861334240504,1.0151500606931314,0.6045600189036416,False,False,False,not_variable,1.0
9000000000011404125,KIC 11404125,,,True,0,False,dsct_flag0,False,False,1191,769,82,0.6303735704560903,0.96453951529549,0.7973791342455631,1531,780,82,0.6773963555226367,1.018121226997778,0.5915962451221372,False,False,False,not_variable,1.0
9000000000011407833,KIC 11407833,,,True,0,False,dsct_flag0,False,False,1136,756,81,0.5330115380582521,0.9463278373304898,0.7246439665813598,1481,777,81,0.6080232754796067,1.1348301181861509,0.6177187297034425,False,False,False,not_variable,1.0
9000000000011409798,KIC 11409798,,,True,0,False,dsct_flag0,False,False,1183,766,81,0.4781876451832036,0.906261122331652,0.6045141506229049,1549,791,81,0.604653775165715,1.0593403134762802,0.5851610548369975,False,False,False,not_variable,1.0
9000000000011411442,KIC 11411442,,,True,0,False,dsct_flag0,False,False,1182,766,80,0.48204469019289586,0.9905072335753338,0.7106898365619171,1545,793,81,0.66412085530874,1.0799228485133077,0.546327883706397,False,False,False,not_variable,1.0
9000000000011415453,KIC 11415453,,,True,0,False,dsct_flag0,False,False,1811,975,86,0.6623707710395171,1.165421370221805,0.664029316726215,2647,990,82,0.7612252100843993,1.0456982202765777,0.5827219596428401,False,False,False,not_variable,2.0
9000000000011415997,KIC 11415997,,,True,0,False,dsct_flag0,False,False,1807,975,86,0.6344317132196957,1.0778825336089555,0.6920161399186612,2647,992,82,0.7053906610012735,1.2011343165320245,0.5970841234870522,False,False,False,not_variable,2.0
9000000000011416536,KIC 11416536,,,True,0,False,dsct_flag0,False,False,1807,974,86,0.6358924735180957,2.2719026706733785,0.7215618888056701,2650,992,82,0.7045521164984011,1.1124663644489805,0.448465770860587,False,False,False,not_variable,2.0
9000000000011441652,KIC 11441652,,,True,0,False,dsct_flag0,False,False,1248,805,83,0.5097579992749726,1.0003442350889378,0.6336122240806193,1461,787,79,0.5984597735532882,0.9887775402115929,0.45468545463539173,False,False,False,not_variable,1.0
9000000000011443084,KIC 11443084,,,True,0,False,dsct_flag0,False,False,1236,800,83,0.5309782578136435,0.9878457572543733,0.712606914566169,1480,796,79,0.6485322214980822,1.0764895225035382,0.5021024468768268,False,False,False,not_variable,1.0
9000000000011446171,KIC 11446171,,,True,0,False,dsct_flag0,False,False,1237,800,83,0.4020084235963689,0.9758061381997376,0.6757446908796152,1473,792,79,0.5860595008415788,0.9201581323064094,0.5434460860741253,False,False,False,not_variable,1.0
9000000000011447443,KIC 11447443,,,True,0,False,dsct_flag0,False,False,2341,1018,84,0.6609758320845415,1.258092131520417,0.6832210864530693,2902,1023,82,0.7039777824595072,1.202358560057049,0.6454398505226954,False,False,False,not_variable,2.0
9000000000011453863,KIC 11453863,,,True,0,False,dsct_flag0,False,False,1184,766,82,0.5439515395088588,1.030863166547237,0.8383039513046927,1530,780,82,0.8084029211574191,1.369836932095166,0.80093213889807,False,False,False,not_variable,1.0
9000000000011454265,KIC 11454265,,,True,0,False,dsct_flag0,False,False,842,488,70,0.6800592790824311,1.2199719323800897,0.9690208653399041,1155,480,69,0.8023312813966295,1.2495933929357819,0.8271670557224768,False,False,False,not_variable,1.0
9000000000011455347,KIC 11455347,,,True,0,False,dsct_flag0,False,False,1172,764,82,0.47271333671648735,0.9321348009898162,0.7851726236289897,1516,781,82,0.6247313009186207,1.0831735482832179,0.6312749698746825,False,False,False,not_variable,1.0
9000000000011456064,KIC 11456064,,,True,0,False,dsct_flag0,False,False,1133,758,82,0.5669470594335942,0.9739258699212658,0.5894718705360099,1454,765,82,0.6708057173060733,1.163058770392449,0.6746336022380663,False,False,False,not_variable,1.0
9000000000011456993,KIC 11456993,,,True,0,False,dsct_flag0,False,False,478,214,31,0.8466537280829011,1.5725144791330372,1.1714306892249564,815,207,30,0.7898833007681944,1.4688178417434439,0.9842487618060111,False,False,False,not_variable,2.0
9000000000011457608,KIC 11457608,,,True,0,False,dsct_flag0,False,False,1135,757,81,0.5289581491206361,0.9001306219869837,0.4088325727014371,1479,775,82,0.6720790623064752,1.1751601373938623,0.6478163297499941,False,False,False,not_variable,1.0
9000000000011461139,KIC 11461139,,,True,0,False,dsct_flag0,False,False,1131,755,81,0.5122954346251757,0.933899483118008,0.5014046498662894,1482,778,81,0.6261750309961248,1.0770664575008109,0.6552375968939946,False,False,False,not_variable,1.0
9000000000011463497,KIC 11463497,,,True,0,False,dsct_flag0,False,False,1139,759,80,0.49274087060676774,1.034265682348481,0.6882908810460379,1485,778,81,0.6441333136540834,1.0223991129701422,0.4369603143172456,False,False,False,not_variable,1.0
9000000000011463609,KIC 11463609,,,True,0,False,dsct_flag0,False,False,1136,758,80,0.49140735464675406,0.990360477855441,0.5441039432331541,1484,779,81,0.6670387225871837,1.1847489169518766,0.5816467967037321,False,False,False,not_variable,1.0
9000000000011465121,KIC 11465121,,,True,0,False,dsct_flag0,False,False,1136,757,80,0.42342377551248156,0.8762993597615253,0.6549198186687893,1484,778,81,0.5971513225316082,1.0709814986408168,0.6885422849616142,False,False,False,not_variable,1.0
9000000000011465386,KIC 11465386,,,True,0,False,dsct_flag0,False,False,1132,754,80,0.5082558140187518,1.006635468472567,0.8292600292302963,1404,753,81,0.6354322829588789,1.2731474830580987,0.7201784476596698,False,False,False,not_variable,1.0
9000000000011466960,KIC 11466960,,,True,0,False,dsct_flag0,False,False,1806,974,86,0.6840404585227519,1.3683477050454196,0.8409410698112187,2650,992,82,0.8323547081067318,1.2325109116592226,0.7221399983111507,False,False,False,not_variable,2.0
9000000000011467819,KIC 11467819,,,True,0,False,dsct_flag0,False,False,1805,974,86,0.5660754384009004,1.1381502466087994,0.6282476571468641,2615,989,82,0.7379309049255106,1.178709806199522,0.6318492197499498,False,False,False,not_variable,2.0
9000000000011468301,KIC 11468301,,,True,0,False,dsct_flag0,False,False,1804,972,86,0.6181947510198524,1.1337254217020356,0.7227252206760402,2547,983,82,0.7017521783183117,1.1176753698273307,0.5948174153138815,False,False,False,not_variable,2.0
9000000000011498051,KIC 11498051,,,True,0,False,dsct_flag0,False,False,1251,796,83,0.45662659864313515,1.0092087018589326,0.7013378438215665,1364,746,79,0.6264167117660393,1.1913865043900758,0.687190980081556,False,False,False,not_variable,1.0
9000000000011498946,KIC 11498946,,,True,0,False,dsct_flag0,False,False,1223,740,81,0.8377047874291145,1.3870544577590125,0.7704553393378842,1835,751,81,0.9883043687698055,1.5005839580457945,0.8493808819552371,False,False,False,not_variable,1.0
9000000000011501520,KIC 11501520,,,True,0,False,dsct_flag0,False,False,1063,727,82,0.5706588367224493,1.109872350126418,0.708514246460291,1383,734,81,0.6648136396929797,1.1370819110513535,0.6876763911064175,False,False,False,not_variable,1.0
9000000000011506287,KIC 11506287,,,True,0,False,dsct_flag0,False,False,867,508,70,0.6957743276776996,1.255051312383117,1.2523345657139726,1190,508,70,0.8298210757267378,1.2956305583532366,0.7651306692032621,False,False,False,not_variable,1.0
9000000000011506433,KIC 11506433,,,True,0,False,dsct_flag0,False,False,1133,757,82,0.6128298569732932,1.2067046693589694,0.84835715009012,1464,766,82,0.7388398721219688,1.3029169362165431,0.649678501643648,False,False,False,not_variable,1.0
9000000000011508373,KIC 11508373,,,True,0,False,dsct_flag0,False,False,1132,758,82,0.540443538005865,1.0784916525102421,0.5902407528892345,1305,721,82,0.6863715033378622,1.300566770723479,0.7971843306724221,False,False,False,not_variable,1.0
9000000000011515585,KIC 11515585,,,True,0,False,dsct_flag0,False,False,588,293,42,0.6947569225552814,1.5861979198585479,0.9336065930492895,936,277,45,0.8690978808691946,1.3898653571719617,1.3580603507189106,False,False,False,not_variable,2.0
9000000000011517279,KIC 11517279,,,True,0,False,dsct_flag0,False,False,1076,711,78,0.503782053310895,1.0216391092539685,0.7636818180305277,1235,655,80,0.6799716706551917,1.2629565347737999,0.7699691808734602,False,False,False,not_variable,1.0
9000000000011520150,KIC 11520150,,,True,0,False,dsct_flag0,False,False,55,39,18,0.4599183436509043,1.0906528648674056,1.1918709800321157,83,57,19,0.5559015613944295,1.1849915246895317,1.037839424797799,False,False,False,not_variable,1.0
9000000000011549175,KIC 11549175,,,True,0,False,dsct_flag0,False,False,99,50,23,0.6357720348091453,1.048040736590482,0.9758207303435124,133,66,21,0.6802408333639843,1.4330856881712277,0.9957998162836206,False,False,False,not_variable,2.0
9000000000011559115,KIC 11559115,,,True,0,False,dsct_flag0,False,False,759,574,76,0.44048450103717124,1.12928199150299,1.0126894811920681,1102,586,77,0.6380478692376081,1.2221303948181383,0.7609862886531129,False,False,False,not_variable,1.0
9000000000011563280,KIC 11563280,,,True,0,False,dsct_flag0,False,False,1136,751,81,0.6480391923132455,1.3271630590456143,0.7096707483497157,1428,757,82,0.7204450452909341,1.2464942293771633,0.7986296983238985,False,False,False,not_variable,1.0
9000000000011563895,KIC 11563895,,,True,0,False,dsct_flag0,False,False,640,508,64,0.4606076838934913,1.14565220408021,0.6594517186825852,998,531,64,0.7151123836177816,1.5612237894040997,0.9039961527519068,False,False,False,not_variable,1.0
9000000000011566601,KIC 11566601,,,True,0,False,dsct_flag0,False,False,53,35,16,0.5656872390888315,1.1417029546183666,1.078477609365153,70,47,20,0.7164013203573023,0.9967293126608778,0.9759736464214828,False,False,False,not_variable,2.0
9000000000011566822,KIC 11566822,,,True,0,False,dsct_flag0,False,False,53,35,16,0.5562793481788723,0.9836663405271414,1.0362102020222863,59,42,20,0.3555522064862539,1.2773064681010993,1.119458690172701,False,False,False,not_variable,2.0
9000000000011570460,KIC 11570460,,,True,0,False,dsct_flag0,False,False,109,54,22,0.7262951031210126,1.5399557425788137,1.436557431208696,147,65,22,0.9559939446833604,1.5154922704444669,1.1850996460622403,False,False,False,not_variable,2.0
9000000000011603102,KIC 11603102,,,True,0,False,dsct_flag0,False,False,2336,1018,84,0.7623055158026328,1.2759397581750893,0.7526367529003066,2936,1033,83,0.9789319530153774,1.3037553738585903,0.7814572072674643,False,False,False,not_variable,2.0
9000000000011603167,KIC 11603167,,,True,0,False,dsct_flag0,False,False,53,35,16,0.3384407537484634,1.3487547441759764,0.967148187000545,71,48,20,0.4149166770352589,0.9673723165750827,0.928835512356355,False,False,False,not_variable,2.0
9000000000011607097,KIC 11607097,,,True,0,False,dsct_flag0,False,False,53,35,16,0.5457239435582346,1.0789235160879143,1.064462468356492,70,47,20,0.7297945499926689,1.183300386413861,1.2027319968114079,False,False,False,not_variable,2.0
9000000000011611751,KIC 11611751,,,True,0,False,dsct_flag0,False,False,53,35,16,0.34179630800233773,1.156696983092372,0.7017769479753745,71,48,20,0.47144342819132207,1.2394659168238618,1.1265593155682665,False,False,False,not_variable,2.0
9000000000011612236,KIC 11612236,,,True,0,False,dsct_flag0,False,False,53,35,16,0.3627730300223133,1.555649567286813,0.8327563873011752,71,48,20,0.5200347015564943,1.3989245785056998,1.0980875544764914,False,False,False,not_variable,2.0
9000000000011617286,KIC 11617286,,,True,0,False,dsct_flag0,False,False,53,35,16,0.4807405066057715,1.0872501235339136,0.9161388554092009,70,47,20,0.7433098371890559,1.026939551352366,0.8443747867072855,False,False,False,not_variable,2.0
9000000000011618096,KIC 11618096,,,True,0,False,dsct_flag0,False,False,53,35,16,0.45308541590508866,1.159339035521314,1.2228956032838059,70,47,20,0.5452734823466191,0.9383939901789112,0.9214654436309395,False,False,False,not_variable,2.0
9000000000011657064,KIC 11657064,,,True,0,False,dsct_flag0,False,False,1127,739,82,0.5749388032033116,1.887719941049609,1.0792560096232517,70,47,20,0.42058036209356364,1.2556291217861195,1.1926290838863622,False,False,False,not_variable,1.0
9000000000011657679,KIC 11657679,,,True,0,False,dsct_flag0,False,False,1113,732,82,0.6211621386603242,1.930384500382553,1.3637084759839897,70,47,20,0.6335122114260993,1.061066352618672,0.961191850782384,False,False,False,not_variable,1.0
9000000000011657698,KIC 11657698,,,True,0,False,dsct_flag0,False,False,53,35,16,0.4644341588456276,1.1161483460377857,0.9651068022015297,70,47,20,0.7483766649147325,1.0521881259133823,0.8628668033640619,False,False,False,not_variable,2.0
9000000000011662543,KIC 11662543,,,True,0,False,dsct_flag0,False,False,52,35,16,0.17948432820883056,0.9039427305368459,0.5627016308469504,69,47,20,0.33179553029069686,1.282405692014254,1.313487253688307,False,False,False,not_variable,1.0
9000000000011663266,KIC 11663266,,,True,0,False,dsct_flag0,False,False,53,35,16,0.29161830267735095,1.4935452139407883,0.8189916349421039,71,48,20,0.4418019380990041,1.1256171117504201,1.0124724389553716,False,False,False,not_variable,2.0
9000000000011667767,KIC 11667767,,,True,0,False,dsct_flag0,False,False,1101,725,81,0.5711087832379181,1.1288270180445636,0.7082967664919357,70,47,20,0.40661137036947115,0.7235997188689515,0.5836820626566596,False,False,False,not_variable,1.0
9000000000011668043,KIC 11668043,,,True,0,False,dsct_flag0,False,False,53,35,16,0.40375426954756644,1.000047140180744,0.8041226916121386,70,47,20,0.3421954238147132,0.9560694987608325,1.061192701015168,False,False,False,not_variable,2.0
9000000000011669589,KIC 11669589,,,True,0,False,dsct_flag0,False,False,51,34,15,0.4906761076703795,1.2028298027559936,1.6736884526006317,68,45,20,0.4713646709368072,0.8131842270906932,0.7805716468049206,False,False,False,not_variable,1.5
9000000000011670318,KIC 11670318,,,True,0,False,dsct_flag0,False,False,1182,762,80,0.4604492813061854,1.110882342658912,0.8223342706430058,1494,790,82,0.6503559233106659,1.3510796077213312,1.0117825040047175,False,False,False,not_variable,1.0
9000000000011671692,KIC 11671692,,,True,0,False,dsct_flag0,False,False,1238,769,80,0.6044702763374623,1.1856785696049696,0.7689946693061016,1635,797,81,0.8088875206928393,1.2434488290257488,0.7428574162219339,False,False,False,not_variable,1.0
9000000000011672504,KIC 11672504,,,True,0,False,dsct_flag0,False,False,1597,853,86,0.7157726309784816,1.2431977963747678,0.9700077805685315,2220,862,83,0.9117054889112218,1.467611959538804,0.9920454228989314,False,False,False,not_variable,1.0
9000000000011706296,KIC 11706296,,,True,0,False,dsct_flag0,False,False,2384,1024,84,0.7478710481422823,1.34043092886745,0.7359688703018791,2987,1039,83,0.9481931527055111,1.2612928300137902,0.6732139244364149,False,False,False,not_variable,2.0
9000000000011718053,KIC 11718053,,,True,0,False,dsct_flag0,False,False,1182,761,81,0.6008696277490029,1.139451353306868,0.8206720538277193,1465,776,80,0.6983077568138003,1.2774504646438398,0.8300621700938318,False,False,False,not_variable,1.0
9000000000011718578,KIC 11718578,,,True,0,False,dsct_flag0,False,False,1190,765,81,0.6043325470512697,0.9869986766003165,0.6752438099160122,1549,788,81,0.6226207802095732,1.1933047492633562,0.8453655641477811,False,False,False,not_variable,1.0
9000000000011719651,KIC 11719651,,,True,0,False,dsct_flag0,False,False,1187,763,81,0.5658625096188468,1.0488442374020555,0.9021167627939036,1463,773,81,0.636406925659561,1.1840525083899023,0.6892703227808867,False,False,False,not_variable,1.0
9000000000011721968,KIC 11721968,,,True,0,False,dsct_flag0,False,False,1213,764,80,0.47595897834187323,1.0919560279420302,0.7269053005063273,1551,793,82,0.5688921741154784,1.1424945479227397,0.74795348277106,False,False,False,not_variable,1.0
9000000000011722596,KIC 11722596,,,True,0,False,dsct_flag0,False,False,1242,771,80,0.514280804326845,1.0615206609043437,0.7554577494938988,1635,798,82,0.7487787552807126,1.1987156199750721,0.7505146420242919,False,False,False,not_variable,1.0
9000000000011722841,KIC 11722841,,,True,0,False,dsct_flag0,False,False,1238,771,80,0.45163262345785365,1.0509188663620532,0.7753886497234684,1635,798,82,0.617032977663362,1.0875329583409497,0.8289815521548831,False,False,False,not_variable,1.0
9000000000011722999,KIC 11722999,,,True,0,False,dsct_flag0,False,False,1238,771,80,0.5103451684549525,1.0298429998936496,0.6968929748762878,1518,782,82,0.6302505948288338,1.1861651325242668,0.7755718247289642,False,False,False,not_variable,1.0
9000000000011723998,KIC 11723998,,,True,0,False,dsct_flag0,False,False,1916,983,86,0.7295368771482523,1.1380265112033416,0.6036031137750717,2811,1012,83,0.8971467581083469,1.1741863548506888,0.6920036920849479,False,False,False,not_variable,2.0
9000000000011751814,KIC 11751814,,,True,0,False,dsct_flag0,False,False,1282,808,83,0.5894422850383054,1.0474737266788252,0.5695883832989146,1534,809,80,0.6314092231572985,1.0538617195127027,0.5938799169643213,False,False,False,not_variable,1.0
9000000000011753169,KIC 11753169,,,True,0,False,dsct_flag0,False,False,99,50,23,0.7925178570305289,1.0484562207195183,0.892112363989352,134,67,21,0.6458746788559259,1.2339003027776643,0.8921750566397916,False,False,False,not_variable,2.0
9000000000011754705,KIC 11754705,,,True,0,False,dsct_flag0,False,False,1287,813,83,0.4603707272867881,1.14240371368322,0.8447540898469963,1556,820,80,0.6238804568104013,1.0818254123716033,0.7103198828519991,False,False,False,not_variable,1.0
9000000000011761033,KIC 11761033,,,True,0,False,dsct_flag0,False,False,1179,767,82,0.4791226506398356,1.0422287606433316,0.7322652187680119,986,594,81,0.5189550116809615,1.218898566971695,0.8955458059924424,False,False,False,not_variable,1.0
9000000000011761070,KIC 11761070,,,True,0,False,dsct_flag0,False,False,1186,769,82,0.49241212926197403,0.9453645399960751,0.700798869107967,1538,785,82,0.5810358871290972,1.0687844134312479,0.6588031216749256,False,False,False,not_variable,1.0
9000000000011763807,KIC 11763807,,,True,0,False,dsct_flag0,False,False,1170,756,82,0.5389794150272263,1.350157543554053,0.646229796974526,1527,777,81,0.6703204015416614,1.186492437491873,0.6756831788312256,False,False,False,not_variable,1.0
9000000000011763910,KIC 11763910,,,True,0,False,dsct_flag0,False,False,1179,759,82,0.5489824711556536,0.9956758598911181,0.7200100241808084,1530,777,82,0.607931798771904,1.1500012414888658,0.8037237158902935,False,False,False,not_variable,1.0
9000000000011767325,KIC 11767325,,,True,0,False,dsct_flag0,False,False,1189,766,81,0.6085741476940902,1.0719421652392245,0.6412124723269813,1547,787,81,0.7752190810933853,1.2468490106777559,0.6838998551164888,False,False,False,not_variable,1.0
9000000000011769205,KIC 11769205,,,True,0,False,dsct_flag0,False,False,1192,765,81,0.5631713360154443,0.9588317376425126,0.6332538798004241,1551,789,81,0.6896377456082279,1.1215754403365032,0.6358307385729579,False,False,False,not_variable,1.0
9000000000011769291,KIC 11769291,,,True,0,False,dsct_flag0,False,False,1189,764,81,0.5507706320391127,1.0113637462782856,0.6613580874525111,1546,786,81,0.6197348606660281,1.125224650057618,0.7747586304865689,False,False,False,not_variable,1.0
9000000000011770299,KIC 11770299,,,True,0,False,dsct_flag0,False,False,1189,764,81,0.5441024592798276,1.0140107983273157,0.5938225042717674,1544,786,81,0.7361040116172132,1.1901796931203645,0.6734483307984145,False,False,False,not_variable,1.0
9000000000011770482,KIC 11770482,,,True,0,False,dsct_flag0,False,False,1193,765,81,0.5637248034593053,1.0448398063935194,0.5884931700103726,1544,787,81,0.7060739714175587,1.2223777582779443,0.684670455616952,False,False,False,not_variable,1.0
9000000000011771375,KIC 11771375,,,True,0,False,dsct_flag0,False,False,1185,763,80,0.4509995308178287,1.0336723609934793,0.6927596484176538,1554,793,82,0.6153577088600432,1.1393586843139811,0.673277227376021,False,False,False,not_variable,1.0
9000000000011774303,KIC 11774303,,,True,0,False,dsct_flag0,False,False,1905,982,86,0.7329230922373426,1.110654588585125,0.46179090039235915,2779,1013,83,0.8399122153037781,1.0976351247218972,0.5722836259623725,False,False,False,not_variable,2.0
9000000000011802766,KIC 11802766,,,True,0,False,dsct_flag0,False,False,1276,807,83,0.509402465503574,0.9219000239504742,0.6690552311973464,1530,808,80,0.53251727913215,0.9862088537943915,0.7329638212777699,False,False,False,not_variable,1.0
9000000000011804039,KIC 11804039,,,True,0,False,dsct_flag0,False,False,1116,614,77,0.5020004563506287,0.9941829545749485,0.7324025304697731,1389,610,74,0.6437760976652519,1.040075703265892,0.6922082988267377,False,False,False,not_variable,1.0
9000000000011807411,KIC 11807411,,,True,0,False,dsct_flag0,False,False,2378,1024,84,0.6283155441008769,1.1913103149441902,0.6738397455739622,2984,1039,83,0.7791728881641349,1.0371496582492619,0.5722797531869251,False,False,False,not_variable,2.0
9000000000011808254,KIC 11808254,,,True,0,False,dsct_flag0,False,False,1177,760,82,0.5918585614121682,0.9364792480205514,0.6130210940573774,1527,776,82,0.6842703966922656,1.0054235548522927,0.5293226652227121,False,False,False,not_variable,1.0
9000000000011809378,KIC 11809378,,,True,0,False,dsct_flag0,False,False,1173,759,82,0.5485216416769357,0.8002103959995422,0.5693156793475452,1500,774,82,0.5895159014535224,0.9206351513931359,0.5935402380234824,False,False,False,not_variable,1.0
9000000000011809973,KIC 11809973,,,True,0,False,dsct_flag0,False,False,1177,760,82,0.5437279885469398,0.9026674450255988,0.5249363846929697,1530,778,82,0.6619361447039247,1.0031065332209554,0.5341037073271515,False,False,False,not_variable,1.0
9000000000011811178,KIC 11811178,,,True,0,False,dsct_flag0,False,False,1177,761,82,0.5696791734455293,1.8249775623071525,0.7004740128243874,1526,774,82,0.6317039641905894,1.7006582701196216,0.6876882384697043,False,False,False,not_variable,1.0
9000000000011818787,KIC 11818787,,,True,0,False,dsct_flag0,False,False,1135,753,81,0.5054187812879919,1.0546201945961857,0.7497998046150751,1477,771,81,0.634010861417906,1.2168797801051563,0.8222326232810169,False,False,False,not_variable,1.0
9000000000011820766,KIC 11820766,,,True,0,False,dsct_flag0,False,False,1187,763,81,0.515351616273396,0.8718921145379656,0.419394170435084,1520,783,81,0.6183096179289895,1.0721154307285532,0.6149512216354552,False,False,False,not_variable,1.0
9000000000011820820,KIC 11820820,,,True,0,False,dsct_flag0,False,False,1187,764,81,0.4724735270467437,0.8735729145874914,0.527378305420081,1547,788,81,0.593195882985311,1.0973757326157743,0.6135121292737896,False,False,False,not_variable,1.0
9000000000011822644,KIC 11822644,,,True,0,False,dsct_flag0,False,False,1180,763,80,0.4479020981462493,0.977486098426784,0.7293134254026209,1550,791,82,0.5609025590849763,1.061056504688091,0.5942750906087622,False,False,False,not_variable,1.0
9000000000011824150,KIC 11824150,,,True,0,False,dsct_flag0,False,False,1231,767,79,0.5380069856169485,1.0435933035380542,0.6686320063806696,1630,796,81,0.6440550199412646,1.0048826422595936,0.5304333791959583,False,False,False,not_variable,1.0
9000000000011861420,KIC 11861420,,,True,0,False,dsct_flag0,False,False,1184,768,82,0.4654245095511574,0.8915756610221907,0.6320382673056616,1536,784,82,0.6001559342206526,1.0326015867462854,0.6286187883460879,False,False,False,not_variable,1.0
9000000000011867144,KIC 11867144,,,True,0,False,dsct_flag0,False,False,1188,767,81,0.5273838215360127,0.9424875797494988,0.4599153074103419,1547,789,81,0.640455538234485,1.124451868912052,0.623927242151945,False,False,False,not_variable,1.0
9000000000011868778,KIC 11868778,,,True,0,False,dsct_flag0,False,False,1137,754,81,0.5014848616481519,1.064330483754083,0.5896049047999309,1476,772,81,0.6221431371640573,1.1490664429967765,0.8016551211935066,False,False,False,not_variable,1.0
9000000000011869244,KIC 11869244,,,True,0,False,dsct_flag0,False,False,1190,764,81,0.543148152689101,0.8663374781238226,0.5895571613827382,1549,789,81,0.6346779362578073,1.1138668327151973,0.6641641832920583,False,False,False,not_variable,1.0
9000000000011874251,KIC 11874251,,,True,0,False,dsct_flag0,False,False,1241,772,80,0.5052151430843155,1.0394907305356136,0.6988907725060656,1637,800,82,0.6185743442492783,1.085112562832687,0.7195734547004665,False,False,False,not_variable,1.0
9000000000011905866,KIC 11905866,,,True,0,False,dsct_flag0,False,False,1289,813,83,0.438398034354752,1.09916699729079,0.77770305356708,1550,818,79,0.5075960851178374,1.1041057811777082,0.765643204406247,False,False,False,not_variable,1.0
9000000000011905998,KIC 11905998,,,True,0,False,dsct_flag0,False,False,1279,811,83,0.5254171929162383,1.193002856860372,0.8094411302540316,1543,820,80,0.548712836657808,1.1338774057113052,0.8489956372456731,False,False,False,not_variable,1.0
9000000000011908476,KIC 11908476,,,True,0,False,dsct_flag0,False,False,2343,1016,84,0.6428112338900742,1.230067537577609,0.6931711569138693,2924,1025,84,0.6889187898254062,1.1749795720046132,0.7990815014388305,False,False,False,not_variable,2.0
9000000000011909877,KIC 11909877,,,True,0,False,dsct_flag0,False,False,1177,760,82,0.5383319117181956,0.923279247058916,0.65609006939658,1531,777,82,0.6639830424531594,0.9252448605631163,0.545964136050321,False,False,False,not_variable,1.0
9000000000011911214,KIC 11911214,,,True,0,False,dsct_flag0,False,False,932,535,73,0.636671751690276,1.1460259387667615,1.104639781704976,1266,540,76,0.7944798887791541,1.3378646437089232,1.0010915028266136,False,False,False,not_variable,1.0
9000000000011911942,KIC 11911942,,,True,0,False,dsct_flag0,False,False,1192,771,82,0.5715675092688994,0.9323376367477583,0.5612848794306399,1546,788,82,0.6613255568199896,0.9585084985995636,0.5081928458308661,False,False,False,not_variable,1.0
9000000000011913365,KIC 11913365,,,True,0,False,dsct_flag0,False,False,1187,768,82,0.5727257154570796,1.1885774674388976,0.7250964680463027,1540,786,82,0.722604567112679,7.928794108834181,0.7087351652915049,True,False,False,variable,1.0
9000000000011919126,KIC 11919126,,,True,0,False,dsct_flag0,False,False,1134,754,81,0.5482220876207875,1.1464031940089001,0.6448076126888436,1423,764,81,0.6844659141701934,1.2963690031663058,0.8568099406951875,False,False,False,not_variable,1.0
9000000000011919714,KIC 11919714,,,True,0,False,dsct_flag0,False,False,1187,763,81,0.5927651598928506,0.913632321690455,0.592520094830288,1546,788,81,0.6427135244790564,1.0778060438130421,0.6062994004371128,False,False,False,not_variable,1.0
9000000000011920842,KIC 11920842,,,True,0,False,dsct_flag0,False,False,1186,764,81,0.5538849562730795,0.9485709139483651,0.7413082114930323,1544,787,81,0.6297994063349327,1.0564954986013562,0.627693978046227,False,False,False,not_variable,1.0
9000000000011922480,KIC 11922480,,,True,0,False,dsct_flag0,False,False,1126,753,80,0.4458546571639766,0.9141187016468344,0.5849778135547029,1481,777,82,0.5670888579794683,1.1285952926170868,0.5479289930946641,False,False,False,not_variable,1.0
9000000000011922547,KIC 11922547,,,True,0,False,dsct_flag0,False,False,1171,761,80,0.4522448113967448,0.9291575783544589,0.6579989110513331,1538,792,82,0.5722365691030625,1.0515482385027926,0.530033060040279,False,False,False,not_variable,1.0
9000000000011923396,KIC 11923396,,,True,0,False,dsct_flag0,False,False,1237,771,80,0.45290780473274694,0.9491260458104966,0.7267347934288431,1570,789,82,0.5479473808835447,1.0609977922973457,0.7601113844988503,False,False,False,not_variable,1.0
9000000000011923457,KIC 11923457,,,True,0,False,dsct_flag0,False,False,1234,770,80,0.7496283850400799,1.720614037314669,1.418486168194051,1625,799,82,1.0204958898821,1.9637916452985311,1.3335779949128646,False,False,False,not_variable,1.0
9000000000011923961,KIC 11923961,,,True,0,False,dsct_flag0,False,False,1176,765,80,0.5403692140936281,1.0245796969291112,0.6639082348659346,1554,796,82,0.5268124159266578,1.086520308618497,0.8357135331681002,False,False,False,not_variable,1.0
9000000000011924100,KIC 11924100,,,True,0,False,dsct_flag0,False,False,1128,753,80,0.45623264851071227,0.9858718591794696,0.6612518841532425,1470,775,82,0.48593798501395435,1.1449387770330035,0.8746079352913544,False,False,False,not_variable,1.0
9000000000011955601,KIC 11955601,,,True,0,False,dsct_flag0,False,False,1238,802,83,0.4479863641124013,1.1929598391335365,0.7790408731524125,1530,810,79,0.6242500424590041,1.2015511784269954,0.8055722229548242,False,False,False,not_variable,1.0
9000000000011958305,KIC 11958305,,,True,0,False,dsct_flag0,False,False,1161,756,82,0.8680029217780233,1.4981985574255452,1.2367911934958897,1519,777,82,0.8969929925820136,1.6226943242392202,1.1205382476716377,False,False,False,not_variable,1.0
9000000000011960626,KIC 11960626,,,True,0,False,dsct_flag0,False,False,1084,686,81,0.683286225896995,1.2027795977160491,0.9266797866285874,1386,685,82,0.7471209886851211,1.2566314069323345,0.7650607517724818,False,False,False,not_variable,1.0
9000000000011966526,KIC 11966526,,,True,0,False,dsct_flag0,False,False,1168,765,81,0.5392851189615234,0.8312210957500409,0.5375890868690655,1335,726,80,0.5472732450869943,1.1149060745890034,0.5363934718654917,False,False,False,not_variable,1.0
9000000000011969587,KIC 11969587,,,True,0,False,dsct_flag0,False,False,1171,760,81,0.5921636442073368,0.9777510239931634,0.7451171470946091,1474,772,81,0.6033825853449688,1.1057525186885384,0.7523001817284283,False,False,False,not_variable,1.0
9000000000011971449,KIC 11971449,,,True,0,False,dsct_flag0,False,False,251,111,10,0.8021055632362293,1.060930148366458,0.6419894443269788,579,126,11,0.7978482352161106,1.4146954305304098,0.813636647905144,False,False,False,not_variable,2.0
9000000000011973794,KIC 11973794,,,True,0,False,dsct_flag0,False,False,1237,771,80,0.5517810090656736,1.0069873175159016,0.6137058943055657,1629,797,82,0.6685260121520967,1.1504292537037375,0.8026554474316674,False,False,False,not_variable,1.0
9000000000011973805,KIC 11973805,,,True,0,False,dsct_flag0,False,False,1238,771,80,0.5267458454482082,1.0655687773071576,0.6298840375249832,1630,798,82,0.685459601628984,1.3028110893745901,0.8264153255220243,False,False,False,not_variable,1.0
9000000000011974247,KIC 11974247,,,True,0,False,dsct_flag0,False,False,1910,981,86,0.6990013455847626,1.3745717681486886,0.8309944673494963,2803,1011,83,0.8246300484312649,1.5567912355760556,1.0215302198705285,False,False,False,not_variable,2.0
9000000000012009044,KIC 12009044,,,True,0,False,dsct_flag0,False,False,1182,762,82,0.609270055816583,0.9200838476129966,0.5315154697499099,1537,782,82,0.7207561698973414,1.038057926077514,0.4572360275684305,False,False,False,not_variable,1.0
9000000000012012007,KIC 12012007,,,True,0,False,dsct_flag0,False,False,1170,764,82,0.5371512982572899,3.3059067087873015,0.7583347455594341,1470,770,82,0.6444898546164771,2.968814257405871,0.8690284279749598,True,True,False,variable,1.0
9000000000012016662,KIC 12016662,,,True,0,False,dsct_flag0,False,False,1188,766,81,0.5265529044204711,0.9394337139047364,0.484157583511505,1546,789,81,0.6583667808869428,1.2910381853051347,0.7127841179203035,False,False,False,not_variable,1.0
9000000000012016664,KIC 12016664,,,True,0,False,dsct_flag0,False,False,1193,768,81,0.5434800886345899,0.9197305763159893,0.48700283601523914,1548,789,81,0.64413023452849,1.173098297779743,0.6646896878687422,False,False,False,not_variable,1.0
9000000000012017279,KIC 12017279,,,True,0,False,dsct_flag0,False,False,1190,767,81,0.5349519594093108,1.0084004919880583,0.5342671273216076,1550,790,81,0.6841341724643325,1.06418811565181,0.5349723776266744,False,False,False,not_variable,1.0
9000000000012018482,KIC 12018482,,,True,0,False,dsct_flag0,False,False,1179,761,81,0.5644281971832629,0.9117215993058735,0.6251909119783184,1545,787,81,0.7422345579947941,1.152590743489924,0.7041716717941174,False,False,False,not_variable,1.0
9000000000012019563,KIC 12019563,,,True,0,False,dsct_flag0,False,False,1186,764,81,0.6357565193790857,1.0800636656848297,0.8179682813836426,1516,779,81,0.6420077676456571,1.112485961712795,0.6407090146457611,False,False,False,not_variable,1.0
9000000000012023556,KIC 12023556,,,True,0,False,dsct_flag0,False,False,1484,818,83,0.7239702725226947,1.2152669804175331,0.8378403344667728,2283,863,83,0.8059379362690123,1.2794040710652108,0.8656237546378315,False,False,False,not_variable,1.0
9000000000012023938,KIC 12023938,,,True,0,False,dsct_flag0,False,False,1910,982,86,0.7391863317283921,1.2953942120989752,0.6603020680173614,2812,1012,83,0.8061841657184352,1.4186053410455577,0.9792471884907592,False,False,False,not_variable,2.0
9000000000012052557,KIC 12052557,,,True,0,False,dsct_flag0,False,False,99,50,23,0.6809763915038056,0.869997858859054,0.5808001800791208,132,66,21,0.8138678092446345,1.214001864665912,0.9434349619165374,False,False,False,not_variable,2.0
9000000000012055158,KIC 12055158,,,True,0,False,dsct_flag0,False,False,2382,1024,84,0.7269102509280495,1.5143415329940253,1.0843851547621521,2988,1042,84,0.9389412952406405,1.393630957014378,0.9437268606092462,False,False,False,not_variable,2.0
9000000000012056512,KIC 12056512,,,True,0,False,dsct_flag0,False,False,1204,788,83,0.4031538627990119,1.363240671965687,1.1528498846845976,1459,794,79,0.5414408379669576,1.317867929562796,0.9460213120811172,False,False,False,not_variable,1.0
9000000000012060326,KIC 12060326,,,True,0,False,dsct_flag0,False,False,827,613,79,0.5465663167508826,1.1411853060831458,0.6729755853163745,1169,622,80,0.693458887322059,1.446259568627952,0.9076162878868828,False,False,False,not_variable,1.0
9000000000012062381,KIC 12062381,,,True,0,False,dsct_flag0,False,False,1165,757,82,0.550821814955847,1.085235146514509,0.8672583043016298,1505,770,82,0.7171837112115063,1.4639240683852426,0.8160106198286406,False,False,False,not_variable,1.0
9000000000012066210,KIC 12066210,,,True,0,False,dsct_flag0,False,False,1187,766,81,0.5515668286157053,1.0666436805589572,0.6422285746431785,1544,789,81,0.6962384059448867,1.2947171811500944,0.7901079965110323,False,False,False,not_variable,1.0
9000000000012066844,KIC 12066844,,,True,0,False,dsct_flag0,False,False,791,434,65,0.8222403418543627,1.3787015644107512,1.15449540981688,1113,429,64,0.8848841246193089,1.4649369097403768,1.1059619645441856,False,False,False,not_variable,1.0
9000000000012067876,KIC 12067876,,,True,0,False,dsct_flag0,False,False,1177,756,81,0.5936936390742342,1.0399276464895009,0.8469104921418712,1531,780,81,0.6925501883381098,1.2939223450428219,0.9691838975177176,False,False,False,not_variable,1.0
9000000000012068538,KIC 12068538,,,True,0,False,dsct_flag0,False,False,1138,745,81,0.6704381535642815,1.1961772358333471,1.013155693359999,1493,769,81,0.7100232639557142,1.2322370414409776,0.7568395206877345,False,False,False,not_variable,1.0
9000000000012071083,KIC 12071083,,,True,0,False,dsct_flag0,False,False,733,536,70,0.4646652154418993,0.9986056041608068,0.6082866206938818,1139,569,71,0.6556195434816242,1.2963223641353085,0.6502349097285186,False,False,False,not_variable,1.0
9000000000012072048,KIC 12072048,,,True,0,False,dsct_flag0,False,False,112,55,22,0.9056343742554138,1.0952342010641674,0.8963050535463366,152,65,22,0.9449862181985206,1.8411800829590976,1.4908151723039706,False,False,False,not_variable,2.0
9000000000012104253,KIC 12104253,,,True,0,False,dsct_flag0,False,False,2380,1024,84,0.630105158196282,1.4265183494489613,1.062549471925021,2986,1040,83,0.9077790306248281,1.3741448379534775,0.8782859471792818,False,False,False,not_variable,2.0
9000000000012107195,KIC 12107195,,,True,0,False,dsct_flag0,False,False,1138,743,82,0.6284618717421259,1.1586162000293454,0.7460932813596067,1489,769,82,0.7252972315728997,1.3543098475410877,0.6589956299161145,False,False,False,not_variable,1.0
9000000000012109402,KIC 12109402,,,True,0,False,dsct_flag0,False,False,557,426,77,4.068334260121323,9.893663713112378,9.35217672572945,902,517,78,5.473203771107461,9.130362405007531,8.067160518103085,True,True,True,variable,1.0
9000000000012110842,KIC 12110842,,,True,0,False,dsct_flag0,False,False,52,34,15,0.12917144962832325,1.2629342926395362,0.7071348782383541,70,47,20,0.30466278244245826,1.2004796361733945,0.960316519288293,False,False,False,not_variable,2.0
9000000000012110979,KIC 12110979,,,True,0,False,dsct_flag0,False,False,1173,760,82,0.6400912991475626,1.1594142726425665,0.8236657593787603,1532,785,82,0.6701382008486616,1.261086034034092,0.7591263342841342,False,False,False,not_variable,1.0
9000000000012115507,KIC 12115507,,,True,0,False,dsct_flag0,False,False,53,35,16,0.16481964494082352,1.1325752314153625,0.5851362177100596,780,370,65,0.7606976664313804,1.4263180050448643,0.7799123758431231,False,False,False,not_variable,2.0
9000000000012116251,KIC 12116251,,,True,0,False,dsct_flag0,False,False,1181,766,81,0.558451176640705,1.2392919088217018,0.8933029074468113,1525,787,81,0.7292950594432144,1.3787286918887958,0.8483232430354337,False,False,False,not_variable,1.0
9000000000012116955,KIC 12116955,,,True,0,False,dsct_flag0,False,False,1039,684,80,0.6098847355344295,2.272314706022429,2.11455970772946,70,47,20,0.5074284316827152,0.9474092350256802,0.8833795930005421,False,False,False,not_variable,1.0
9000000000012119315,KIC 12119315,,,True,0,False,dsct_flag0,False,False,1176,762,80,0.6269715007452398,1.559657046305052,0.9761668853895108,1545,791,81,0.8903710631613082,1.8066749905693358,1.105062532444523,False,False,False,not_variable,1.0
9000000000012121031,KIC 12121031,,,True,0,False,dsct_flag0,False,False,1239,770,80,0.5911471924906516,1.3023875233881712,0.91448179315287,1635,798,82,0.6308574434230333,1.3537698531662523,1.0035721080467797,False,False,False,not_variable,1.0
9000000000012121514,KIC 12121514,,,True,0,False,dsct_flag0,False,False,1905,980,86,0.7560962926843067,1.4254081957403684,0.791554984705725,2805,1010,82,0.8713762400797666,1.3652818104373454,0.7441501825013173,False,False,False,not_variable,2.0
9000000000012152713,KIC 12152713,,,True,0,False,dsct_flag0,False,False,2378,1024,84,0.6613816013620675,1.394221998106893,0.9060928032523112,2986,1041,84,0.8145361334246157,1.2777496257248717,0.902449705026485,False,False,False,not_variable,2.0
9000000000012153000,KIC 12153000,,,True,0,False,dsct_flag0,False,False,2384,1024,84,0.6414906104448284,1.2796070170389924,0.7147874517904718,2992,1043,84,0.8348893898340835,1.162746111498043,0.8127877545071664,False,False,False,not_variable,2.0
9000000000012154192,KIC 12154192,,,True,0,False,dsct_flag0,False,False,2328,1015,84,0.5521144405455125,1.3551380509275242,0.9425976997167612,2916,1031,83,0.6590485789469993,1.289649202870707,0.7986394817860182,False,False,False,not_variable,2.0
9000000000012154361,KIC 12154361,,,True,0,False,dsct_flag0,False,False,2340,1018,84,0.5716451282701183,1.3292608194898883,0.953407472578191,2963,1036,84,0.8783637374008729,1.261472903876844,0.7893497936232188,False,False,False,not_variable,2.0
9000000000012158992,KIC 12158992,,,True,0,False,dsct_flag0,False,False,852,497,70,0.6127181329412594,1.1098027679800782,0.8658282843020156,1161,486,70,0.7323768984893151,1.226763568573943,1.0279402175124184,False,False,False,not_variable,1.0
9000000000012164713,KIC 12164713,,,True,0,False,dsct_flag0,False,False,1138,759,81,0.7973892229260393,1.572561229895759,1.1591332870513251,1470,778,82,1.253888627759182,2.235144749268293,1.3610170403677904,False,False,False,not_variable,1.0
9000000000012165037,KIC 12165037,,,True,0,False,dsct_flag0,False,False,1184,766,81,0.5003772356931809,1.1060310668139783,0.8460218514671728,1546,793,82,0.6601723469273819,1.2207162829352158,0.6274615419418607,False,False,False,not_variable,1.0
9000000000012165609,KIC 12165609,,,True,0,False,dsct_flag0,False,False,1189,769,81,0.47328477536407904,1.0159994361671592,0.6293656997306412,1550,794,82,0.621937163219123,1.159581227586172,0.6820358127754725,False,False,False,not_variable,1.0
9000000000012169210,KIC 12169210,,,True,0,False,dsct_flag0,False,False,1231,768,80,0.4743454610498529,1.2126052917136028,0.8005974663255429,1634,798,82,0.5886966274174926,1.189630685109942,0.8547114970288662,False,False,False,not_variable,1.0
9000000000012169504,KIC 12169504,,,True,0,False,dsct_flag0,False,False,1237,771,80,0.4903186182337342,1.188167425445064,0.7160960856207017,1631,798,82,0.5867685184496033,1.1474172036680454,0.7385643562839855,False,False,False,not_variable,1.0
9000000000012217184,KIC 12217184,,,True,0,False,dsct_flag0,False,False,1177,760,80,0.4922295422137991,1.1620018379433674,0.8231138155671113,1553,794,82,0.6054255693506738,1.334449695681662,0.7603272005098184,False,False,False,not_variable,1.0
9000000000012217615,KIC 12217615,,,True,0,False,dsct_flag0,False,False,1235,770,80,0.5362755557346156,1.1246269690565287,0.6388017900878085,1635,798,82,0.6187433101690049,1.0802378117380294,0.6727868971457275,False,False,False,not_variable,1.0
9000000000012251984,KIC 12251984,,,True,0,False,dsct_flag0,False,False,2372,1024,84,0.5802653885952654,1.2525073968328995,0.885042812238721,2983,1041,83,0.8774520905926879,1.2372419263737857,0.7734874274782417,False,False,False,not_variable,2.0
9000000000012252251,KIC 12252251,,,True,0,False,dsct_flag0,False,False,2373,1023,84,0.520992215425947,1.2316937155406094,0.8399500748559494,2980,1043,84,0.8113784164776106,1.1935257562747286,0.8357589377307413,False,False,False,not_variable,2.0
9000000000012254814,KIC 12254814,,,True,0,False,dsct_flag0,False,False,1177,760,82,0.5200359459385853,0.9031136049024312,0.4489028917258969,1526,783,82,0.6116871533056834,0.9207859634438867,0.5813365170933288,False,False,False,not_variable,1.0
9000000000012257255,KIC 12257255,,,True,0,False,dsct_flag0,False,False,1182,766,82,0.5178570652595081,0.9921039084049337,0.6837271666775437,1532,783,82,0.5874392289099026,0.9730343180041919,0.6020494112076075,False,False,False,not_variable,1.0
9000000000012258298,KIC 12258298,,,True,0,False,dsct_flag0,False,False,1117,750,82,0.4850200352163345,0.9838635551891053,0.6389340587386141,1494,773,82,0.5130216983318103,1.1098072108401784,0.6987106702253346,False,False,False,not_variable,1.0
9000000000012266450,KIC 12266450,,,True,0,False,dsct_flag0,False,False,52,34,15,0.4285660093369145,0.926914216778572,0.8565874543291745,70,47,20,0.5182190431374852,1.0978043523412337,1.1138572655317793,False,False,False,not_variable,2.0
9000000000012300949,KIC 12300949,,,True,0,False,dsct_flag0,False,False,1741,800,83,0.7584032724873593,0.986382231197097,0.686507320085519,2336,822,83,0.8615466603892398,1.0823833810289838,0.7999522455015103,False,False,False,not_variable,1.0
9000000000012301086,KIC 12301086,,,True,0,False,dsct_flag0,False,False,2375,1024,84,0.6538527001484993,1.2033314161945226,0.8416483660250159,2988,1041,83,0.8873151077596304,1.1428434446219118,0.7145982103390549,False,False,False,not_variable,2.0
9000000000012301502,KIC 12301502,,,True,0,False,dsct_flag0,False,False,2371,1023,84,0.5833565801495143,1.2280514574649732,0.8884260556945139,2974,1041,83,0.8115313366544706,1.222071751387106,0.7174276521935984,False,False,False,not_variable,2.0
9000000000012303348,KIC 12303348,,,True,0,False,dsct_flag0,False,False,1174,758,82,0.4972242582750857,0.902230636894342,0.671923384319402,1526,783,82,0.5691801874284886,0.8854695848390857,0.5055703835932397,False,False,False,not_variable,1.0
9000000000012305660,KIC 12305660,,,True,0,False,dsct_flag0,False,False,1161,760,82,0.5184713079104991,0.9897732215218484,0.6956978506533834,1513,771,82,0.6143144658935149,1.0448071308522313,0.7375886686130738,False,False,False,not_variable,1.0
9000000000012314254,KIC 12314254,,,True,0,False,dsct_flag0,False,False,1181,767,81,0.45010917325934485,0.9071852792161299,0.7065019388183158,1534,790,82,0.5364712747297441,1.0450928573947649,0.622311726953583,False,False,False,not_variable,1.0
9000000000012350399,KIC 12350399,,,True,0,False,dsct_flag0,False,False,2371,1022,84,0.8749566919159814,3.639287741831055,1.3419170689419608,2982,1041,83,1.048146984806943,2.776018726225136,1.3347329266602752,True,True,False,variable,2.0
9000000000012353867,KIC 12353867,,,True,0,False,dsct_flag0,False,False,53,35,16,0.45870307483922756,1.772587774489391,1.9339775242146842,70,47,20,0.7101868083713477,1.287513334623874,1.0362325305887734,False,False,False,not_variable,2.0
9000000000012354413,KIC 12354413,,,True,0,False,dsct_flag0,False,False,1176,763,82,0.6225329383160683,1.0364501168471054,0.8081633319064642,1524,781,82,0.6894087080616593,1.1709913632161368,0.7562431863528236,False,False,False,not_variable,1.0
9000000000012367754,KIC 12367754,,,True,0,False,dsct_flag0,False,False,2668,1121,86,0.842075741217233,1.7044498229091105,1.12502237687808,3340,1153,85,0.9311311858708936,1.67644032390823,0.8812575169688543,False,False,False,not_variable,2.0
9000000000012367993,KIC 12367993,,,True,0,False,dsct_flag0,False,False,2665,1121,86,0.8315383039383879,1.9437463814535283,0.9072679333378713,3340,1152,85,0.9240992293042974,1.5976758763253334,1.0454026818391384,False,False,False,not_variable,2.0
9000000000012404771,KIC 12404771,,,True,0,False,dsct_flag0,False,False,52,34,15,0.5117391455711962,1.7115781093979623,1.810779324189455,68,46,20,0.6914169266030463,1.3783877770394186,1.0664124364566767,False,False,False,not_variable,2.0
9000000000012417572,KIC 12417572,,,True,0,False,dsct_flag0,False,False,1969,976,84,0.7454556284962586,2.1407951943934798,0.66021599456052,2474,999,83,0.65963485311368,1.357019881025011,0.8167252730233102,False,False,False,not_variable,2.0
9000000000012453980,KIC 12453980,,,True,0,False,dsct_flag0,False,False,2353,1078,84,1.314298500391466,2.553959152597353,1.759747694248047,3084,1091,84,1.1550818880887803,2.0431222716266055,1.2137411521575057,True,True,False,variable,2.0
9000000000012457741,KIC 12457741,,,True,0,False,dsct_flag0,False,False,1933,967,84,1.272359378137993,1.5347732143052668,0.7662649886878229,2458,989,83,0.8705531740405573,1.3441424339968817,0.8682130633068611,False,False,False,not_variable,2.0
9000000000012470350,KIC 12470350,,,True,0,False,dsct_flag0,False,False,1965,977,84,0.6392889010511879,2.446275124068316,0.6440805101609912,2475,1000,83,0.696791129634388,1.281857663344013,0.6247779719640114,False,False,False,not_variable,2.0
9000000000012505621,KIC 12505621,,,True,0,False,dsct_flag0,False,False,864,736,83,0.23385565348238233,0.7952062982143456,0.5139443422026383,1001,756,81,0.4305596772673566,1.0130343776569044,0.4608220371405002,False,False,False,not_variable,1.0
9000000000012505658,KIC 12505658,,,True,0,False,dsct_flag0,False,False,873,738,83,0.25899323016043485,0.9157856993314009,0.593207403343247,1072,780,81,0.5551482538511936,1.006286839624012,0.39733115723766643,False,False,False,not_variable,1.0
9000000000012507003,KIC 12507003,,,True,0,False,dsct_flag0,False,False,867,736,82,0.2852006669868156,0.8582922013616892,0.520885824808175,1071,780,81,0.5448415897381442,1.1533647339505337,0.5858471004682135,False,False,False,not_variable,1.0
9000000000012554510,KIC 12554510,,,True,0,False,dsct_flag0,False,False,852,733,83,0.22574303840159077,0.8345159946620648,0.5469060574270722,1040,765,81,0.4268402081082265,1.02296684157777,0.5624555544882938,False,False,False,not_variable,1.0
9000000000012601798,KIC 12601798,,,True,0,False,dsct_flag0,False,False,860,721,82,0.24822083670228165,0.7358256342715743,0.5173214930512576,1064,772,81,0.3984427354865521,1.0620402271201446,0.5324245244407125,False,False,False,not_variable,1.0
9000000000012646712,KIC 12646712,,,True,0,False,dsct_flag0,False,False,858,719,82,0.24912994090942617,0.6145210620234474,0.35533677941049824,1069,775,81,0.45918701048960725,1.017272198264916,0.5323012158346517,False,False,False,not_variable,1.0
9000000000012647397,KIC 12647397,,,True,0,False,dsct_flag0,False,False,860,721,82,0.33417822112992845,0.6802012909802131,0.3719154207777131,1067,774,81,0.5334738044842284,0.9438746795665516,0.5214433635134724,False,False,False,not_variable,1.0
9000000000012688779,KIC 12688779,,,True,0,False,dsct_flag0,False,False,878,737,83,0.28469172877467375,0.9526912198729638,0.6465280995932499,1068,777,81,0.45183966595600583,1.0960072179916265,0.5769572076049535,False,False,False,not_variable,1.0
9000000000012692087,KIC 12692087,,,True,0,False,dsct_flag0,False,False,859,720,82,0.3428191197966866,0.9380824503789935,0.7288056615517982,1067,774,81,0.6076570721236374,1.0827913708736965,0.5147974784300376,False,False,False,not_variable,1.0
9000000000012736952,KIC 12736952,,,True,0,False,dsct_flag0,False,False,859,720,82,0.33043343455771,0.921145364011253,0.6468969996280197,1063,771,81,0.5194170555985369,1.0981665847317705,0.5599771315342668,False,False,False,not_variable,1.0
9000000000012783511,KIC 12783511,,,True,0,False,dsct_flag0,False,False,563,501,74,0.22132791500095353,0.9916211809025881,0.7608191842678342,693,525,72,0.517277115467393,1.3317845350815773,0.778520372430878,False,False,False,not_variable,1.0
9000000000012885346,KIC 12885346,,,True,0,False,dsct_flag0,False,False,876,734,83,0.2915022684488352,0.841643298530127,0.5970655771784928,1074,780,81,0.4955622777906859,1.1050626275745865,0.5840581781287427,False,False,False,not_variable,1.0
9000000000012934846,KIC 12934846,,,True,0,False,dsct_flag0,False,False,863,734,83,0.2708306889507464,0.7436522153734959,0.409771906865761,1001,754,81,0.3942821626466001,1.0124148400428998,0.5969164921864649,False,False,False,not_variable,1.0
