source_id,night_mjd,night_date,mag_binned,mag_err,n_exp,wd_class,year
GaiaDR3_103999471976858496,58296,2018-06-27,16.917614,0.017703,1,periodic/transit,2018
GaiaDR3_103999471976858496,58300,2018-07-01,16.804302,0.017142,1,periodic/transit,2018
GaiaDR3_103999471976858496,58303,2018-07-04,16.76046,0.016942,1,periodic/transit,2018
GaiaDR3_103999471976858496,58313,2018-07-14,16.699951,0.01668,1,periodic/transit,2018
GaiaDR3_103999471976858496,58319,2018-07-20,16.920206,0.017717,1,periodic/transit,2018
GaiaDR3_103999471976858496,58322,2018-07-23,16.726696,0.016794,1,periodic/transit,2018
GaiaDR3_103999471976858496,58325,2018-07-26,16.808327,0.017161,1,periodic/transit,2018
GaiaDR3_103999471976858496,58331,2018-08-01,16.763266,0.016954,1,periodic/transit,2018
GaiaDR3_103999471976858496,58332,2018-08-02,16.948517,0.015292,1,periodic/transit,2018
GaiaDR3_103999471976858496,58335,2018-08-05,16.696789,0.016667,1,periodic/transit,2018
GaiaDR3_103999471976858496,58338,2018-08-08,16.792473,0.017087,1,periodic/transit,2018
GaiaDR3_103999471976858496,58342,2018-08-12,16.807629,0.017158,1,periodic/transit,2018
GaiaDR3_103999471976858496,58345,2018-08-15,16.781335,0.012046,2,periodic/transit,2018
GaiaDR3_103999471976858496,58346,2018-08-16,16.863094,0.017425,1,periodic/transit,2018
GaiaDR3_103999471976858496,58347,2018-08-17,16.787983,0.009852,3,periodic/transit,2018
GaiaDR3_103999471976858496,58348,2018-08-18,16.723675,0.011866,2,periodic/transit,2018
GaiaDR3_103999471976858496,58349,2018-08-19,16.687254,0.016627,1,periodic/transit,2018
GaiaDR3_103999471976858496,58350,2018-08-20,16.905926,0.017642,1,periodic/transit,2018
GaiaDR3_103999471976858496,58351,2018-08-21,16.825056,0.0156,2,periodic/transit,2018
GaiaDR3_103999471976858496,58352,2018-08-22,16.815445,0.017194,1,periodic/transit,2018
GaiaDR3_103999471976858496,58360,2018-08-30,16.853508,0.014059,2,periodic/transit,2018
GaiaDR3_103999471976858496,58362,2018-09-01,16.736599,0.016837,1,periodic/transit,2018
GaiaDR3_103999471976858496,58363,2018-09-02,16.717365,0.010482,3,periodic/transit,2018
GaiaDR3_103999471976858496,58364,2018-09-03,16.905008,0.01155,2,periodic/transit,2018
GaiaDR3_103999471976858496,58365,2018-09-04,16.787367,0.01112,2,periodic/transit,2018
GaiaDR3_103999471976858496,58366,2018-09-05,16.771728,0.014641,3,periodic/transit,2018
GaiaDR3_103999471976858496,58367,2018-09-06,16.711824,0.029719,2,periodic/transit,2018
GaiaDR3_103999471976858496,58368,2018-09-07,16.855484,0.017387,1,periodic/transit,2018
GaiaDR3_103999471976858496,58369,2018-09-08,16.78463,0.012057,2,periodic/transit,2018
GaiaDR3_103999471976858496,58370,2018-09-09,16.80891,0.017164,1,periodic/transit,2018
GaiaDR3_103999471976858496,58371,2018-09-10,16.736111,0.016835,1,periodic/transit,2018
GaiaDR3_103999471976858496,58372,2018-09-11,16.771603,0.015455,3,periodic/transit,2018
GaiaDR3_103999471976858496,58373,2018-09-12,16.898422,0.017603,1,periodic/transit,2018
GaiaDR3_103999471976858496,58374,2018-09-13,16.767517,0.011224,2,periodic/transit,2018
GaiaDR3_103999471976858496,58375,2018-09-14,16.745226,0.011932,2,periodic/transit,2018
GaiaDR3_103999471976858496,58376,2018-09-15,16.842701,0.017325,1,periodic/transit,2018
GaiaDR3_103999471976858496,58377,2018-09-16,16.819668,0.017214,1,periodic/transit,2018
GaiaDR3_103999471976858496,58378,2018-09-17,16.775093,0.009802,3,periodic/transit,2018
GaiaDR3_103999471976858496,58379,2018-09-18,16.757803,0.01693,1,periodic/transit,2018
GaiaDR3_103999471976858496,58382,2018-09-21,16.847597,0.017349,1,periodic/transit,2018
GaiaDR3_103999471976858496,58383,2018-09-22,16.798313,0.017114,1,periodic/transit,2018
GaiaDR3_103999471976858496,58384,2018-09-23,16.728881,0.044281,2,periodic/transit,2018
GaiaDR3_103999471976858496,58385,2018-09-24,16.737375,0.033703,3,periodic/transit,2018
GaiaDR3_103999471976858496,58386,2018-09-25,16.827639,0.017252,1,periodic/transit,2018
GaiaDR3_103999471976858496,58390,2018-09-29,16.711258,0.010869,2,periodic/transit,2018
GaiaDR3_103999471976858496,58397,2018-10-06,16.798183,0.017114,1,periodic/transit,2018
GaiaDR3_103999471976858496,58425,2018-11-03,16.748383,0.016888,1,periodic/transit,2018
GaiaDR3_103999471976858496,58426,2018-11-04,16.66275,0.013786,1,periodic/transit,2018
GaiaDR3_103999471976858496,58427,2018-11-05,16.874807,0.014862,1,periodic/transit,2018
GaiaDR3_103999471976858496,58428,2018-11-06,16.87303,0.017475,1,periodic/transit,2018
GaiaDR3_103999471976858496,58430,2018-11-08,16.77245,0.014315,1,periodic/transit,2018
GaiaDR3_103999471976858496,58431,2018-11-09,16.659145,0.016513,1,periodic/transit,2018
GaiaDR3_103999471976858496,58434,2018-11-12,16.793196,0.01709,1,periodic/transit,2018
GaiaDR3_103999471976858496,58436,2018-11-14,16.661173,0.013778,1,periodic/transit,2018
GaiaDR3_103999471976858496,58437,2018-11-15,16.921345,0.017723,1,periodic/transit,2018
GaiaDR3_103999471976858496,58469,2018-12-17,16.901821,0.017621,1,periodic/transit,2018
GaiaDR3_103999471976858496,58472,2018-12-20,16.661451,0.013323,4,periodic/transit,2018
GaiaDR3_103999471976858496,58474,2018-12-22,16.87376,0.017478,1,periodic/transit,2018
GaiaDR3_103999471976858496,58475,2018-12-23,16.792916,0.012084,2,periodic/transit,2018
GaiaDR3_103999471976858496,58483,2018-12-31,16.893227,0.014967,1,periodic/transit,2018
GaiaDR3_103999471976858496,58487,2019-01-04,16.922802,0.01773,1,periodic/transit,2019
GaiaDR3_103999471976858496,58490,2019-01-07,16.736595,0.011905,2,periodic/transit,2019
GaiaDR3_103999471976858496,58491,2019-01-08,16.795139,0.017099,1,periodic/transit,2019
GaiaDR3_103999471976858496,58493,2019-01-10,16.791729,0.020631,2,periodic/transit,2019
GaiaDR3_103999471976858496,58494,2019-01-11,16.748653,0.01689,1,periodic/transit,2019
GaiaDR3_103999471976858496,58503,2019-01-20,16.748971,0.020029,2,periodic/transit,2019
GaiaDR3_103999471976858496,58505,2019-01-22,16.921637,0.017724,1,periodic/transit,2019
GaiaDR3_103999471976858496,58509,2019-01-26,16.870362,0.012347,2,periodic/transit,2019
GaiaDR3_103999471976858496,58510,2019-01-27,16.929857,0.017768,1,periodic/transit,2019
GaiaDR3_103999471976858496,58511,2019-01-28,16.787247,0.017063,1,periodic/transit,2019
GaiaDR3_103999471976858496,58522,2019-02-08,16.688448,0.016632,1,periodic/transit,2019
GaiaDR3_103999471976858496,58523,2019-02-09,16.854393,0.017382,1,periodic/transit,2019
GaiaDR3_103999471976858496,58534,2019-02-20,16.802885,0.030552,2,periodic/transit,2019
GaiaDR3_103999471976858496,58539,2019-02-25,16.782538,0.01205,2,periodic/transit,2019
GaiaDR3_103999471976858496,58557,2019-03-15,16.809071,0.036817,2,periodic/transit,2019
GaiaDR3_103999471976858496,58655,2019-06-21,16.857706,0.017398,1,periodic/transit,2019
GaiaDR3_103999471976858496,58667,2019-07-03,16.720573,0.016768,1,periodic/transit,2019
GaiaDR3_103999471976858496,58670,2019-07-06,16.804176,0.017141,1,periodic/transit,2019
GaiaDR3_103999471976858496,58673,2019-07-09,16.793266,0.017091,1,periodic/transit,2019
GaiaDR3_103999471976858496,58676,2019-07-12,16.725506,0.016789,1,periodic/transit,2019
GaiaDR3_103999471976858496,58680,2019-07-16,16.740551,0.016854,1,periodic/transit,2019
GaiaDR3_103999471976858496,58681,2019-07-17,16.881313,0.017516,1,periodic/transit,2019
GaiaDR3_103999471976858496,58682,2019-07-18,16.797497,0.01711,1,periodic/transit,2019
GaiaDR3_103999471976858496,58683,2019-07-19,16.777479,0.012034,2,periodic/transit,2019
GaiaDR3_103999471976858496,58684,2019-07-20,16.721792,0.016773,1,periodic/transit,2019
GaiaDR3_103999471976858496,58685,2019-07-21,16.800386,0.017124,1,periodic/transit,2019
GaiaDR3_103999471976858496,58686,2019-07-22,16.869226,0.017456,1,periodic/transit,2019
GaiaDR3_103999471976858496,58688,2019-07-24,16.736177,0.016835,1,periodic/transit,2019
GaiaDR3_103999471976858496,58690,2019-07-26,16.839306,0.025064,2,periodic/transit,2019
GaiaDR3_103999471976858496,58691,2019-07-27,16.800709,0.017125,1,periodic/transit,2019
GaiaDR3_103999471976858496,58693,2019-07-29,16.692497,0.011773,2,periodic/transit,2019
GaiaDR3_103999471976858496,58694,2019-07-30,16.74918,0.016892,1,periodic/transit,2019
GaiaDR3_103999471976858496,58695,2019-07-31,16.88044,0.017512,1,periodic/transit,2019
GaiaDR3_103999471976858496,58696,2019-08-01,16.775313,0.012027,2,periodic/transit,2019
GaiaDR3_103999471976858496,58697,2019-08-02,16.709406,0.016704,3,periodic/transit,2019
GaiaDR3_103999471976858496,58698,2019-08-03,16.683609,0.016612,1,periodic/transit,2019
GaiaDR3_103999471976858496,58699,2019-08-04,16.904755,0.012471,2,periodic/transit,2019
GaiaDR3_103999471976858496,58700,2019-08-05,16.788407,0.01139,2,periodic/transit,2019
GaiaDR3_103999471976858496,58701,2019-08-06,16.792099,0.017085,1,periodic/transit,2019
GaiaDR3_103999471976858496,58703,2019-08-08,16.853064,0.012286,2,periodic/transit,2019
GaiaDR3_103999471976858496,58704,2019-08-09,16.884705,0.017533,1,periodic/transit,2019
GaiaDR3_103999471976858496,58705,2019-08-10,16.811173,0.017174,1,periodic/transit,2019
GaiaDR3_103999471976858496,58707,2019-08-12,16.66589,0.01654,1,periodic/transit,2019
GaiaDR3_103999471976858496,58708,2019-08-13,16.902035,0.017622,1,periodic/transit,2019
GaiaDR3_103999471976858496,58709,2019-08-14,16.750347,0.016897,1,periodic/transit,2019
GaiaDR3_103999471976858496,58711,2019-08-16,16.615528,0.016342,1,periodic/transit,2019
GaiaDR3_103999471976858496,58712,2019-08-17,16.818973,0.022907,2,periodic/transit,2019
GaiaDR3_103999471976858496,58714,2019-08-19,16.777218,0.017017,1,periodic/transit,2019
GaiaDR3_103999471976858496,58715,2019-08-20,16.610259,0.01893,2,periodic/transit,2019
GaiaDR3_103999471976858496,58718,2019-08-23,16.800472,0.017124,1,periodic/transit,2019
GaiaDR3_103999471976858496,58722,2019-08-27,16.836182,0.010359,2,periodic/transit,2019
GaiaDR3_103999471976858496,58723,2019-08-28,16.77079,0.014306,1,periodic/transit,2019
GaiaDR3_103999471976858496,58725,2019-08-30,16.691753,0.009843,2,periodic/transit,2019
GaiaDR3_103999471976858496,58726,2019-08-31,16.893923,0.010586,2,periodic/transit,2019
GaiaDR3_103999471976858496,58727,2019-09-01,16.834459,0.013936,2,periodic/transit,2019
GaiaDR3_103999471976858496,58730,2019-09-04,16.848431,0.017353,1,periodic/transit,2019
GaiaDR3_103999471976858496,58734,2019-09-08,16.700171,0.009871,2,periodic/transit,2019
GaiaDR3_103999471976858496,58736,2019-09-10,16.787407,0.017064,1,periodic/transit,2019
GaiaDR3_103999471976858496,58737,2019-09-11,16.790043,0.010186,2,periodic/transit,2019
GaiaDR3_103999471976858496,58738,2019-09-12,16.676447,0.011703,3,periodic/transit,2019
GaiaDR3_103999471976858496,58739,2019-09-13,16.908364,0.012484,2,periodic/transit,2019
GaiaDR3_103999471976858496,58746,2019-09-20,16.785976,0.008337,3,periodic/transit,2019
GaiaDR3_103999471976858496,58749,2019-09-23,16.841568,0.03792,2,periodic/transit,2019
GaiaDR3_103999471976858496,58756,2019-09-30,16.655176,0.016497,1,periodic/transit,2019
GaiaDR3_103999471976858496,58757,2019-10-01,16.802364,0.009129,3,periodic/transit,2019
GaiaDR3_103999471976858496,58758,2019-10-02,16.857388,0.008525,3,periodic/transit,2019
GaiaDR3_103999471976858496,58759,2019-10-03,16.790886,0.012077,2,periodic/transit,2019
GaiaDR3_103999471976858496,58760,2019-10-04,16.794945,0.008336,3,periodic/transit,2019
GaiaDR3_103999471976858496,58761,2019-10-05,16.791229,0.017081,1,periodic/transit,2019
GaiaDR3_103999471976858496,58763,2019-10-07,16.815989,0.013457,4,periodic/transit,2019
GaiaDR3_103999471976858496,58764,2019-10-08,16.806313,0.008367,3,periodic/transit,2019
GaiaDR3_103999471976858496,58765,2019-10-09,16.891682,0.017569,1,periodic/transit,2019
GaiaDR3_103999471976858496,58766,2019-10-10,16.682356,0.03864,3,periodic/transit,2019
GaiaDR3_103999471976858496,58767,2019-10-11,16.76244,0.056672,2,periodic/transit,2019
GaiaDR3_103999471976858496,58768,2019-10-12,16.792452,0.07613,2,periodic/transit,2019
GaiaDR3_103999471976858496,58769,2019-10-13,16.862131,0.01742,1,periodic/transit,2019
GaiaDR3_103999471976858496,58770,2019-10-14,16.82489,0.017239,1,periodic/transit,2019
GaiaDR3_103999471976858496,58771,2019-10-15,16.780304,0.017031,1,periodic/transit,2019
GaiaDR3_103999471976858496,58772,2019-10-16,16.688496,0.016633,1,periodic/transit,2019
GaiaDR3_103999471976858496,58774,2019-10-18,16.882065,0.01752,1,periodic/transit,2019
GaiaDR3_103999471976858496,58775,2019-10-19,16.774456,0.017005,1,periodic/transit,2019
GaiaDR3_103999471976858496,58776,2019-10-20,16.769569,0.016983,1,periodic/transit,2019
GaiaDR3_103999471976858496,58777,2019-10-21,16.693337,0.016653,1,periodic/transit,2019
GaiaDR3_103999471976858496,58778,2019-10-22,16.885681,0.017538,1,periodic/transit,2019
GaiaDR3_103999471976858496,58779,2019-10-23,16.796762,0.017107,1,periodic/transit,2019
GaiaDR3_103999471976858496,58781,2019-10-25,16.695152,0.01666,1,periodic/transit,2019
GaiaDR3_103999471976858496,58782,2019-10-26,16.81819,0.008404,3,periodic/transit,2019
GaiaDR3_103999471976858496,58783,2019-10-27,16.784914,0.025263,3,periodic/transit,2019
GaiaDR3_103999471976858496,58785,2019-10-29,16.738346,0.016844,1,periodic/transit,2019
GaiaDR3_103999471976858496,58786,2019-10-30,16.764851,0.049624,3,periodic/transit,2019
GaiaDR3_103999471976858496,58787,2019-10-31,16.863056,0.017425,1,periodic/transit,2019
GaiaDR3_103999471976858496,58788,2019-11-01,16.786564,0.01706,1,periodic/transit,2019
GaiaDR3_103999471976858496,58789,2019-11-02,16.803843,0.014298,4,periodic/transit,2019
GaiaDR3_103999471976858496,58790,2019-11-03,16.860128,0.010048,4,periodic/transit,2019
GaiaDR3_103999471976858496,58791,2019-11-04,16.826229,0.017246,1,periodic/transit,2019
GaiaDR3_103999471976858496,58792,2019-11-05,16.785412,0.017055,1,periodic/transit,2019
GaiaDR3_103999471976858496,58797,2019-11-10,16.771102,0.012014,2,periodic/transit,2019
GaiaDR3_103999471976858496,58800,2019-11-13,16.827642,0.017252,1,periodic/transit,2019
GaiaDR3_103999471976858496,58801,2019-11-14,16.764561,0.01696,1,periodic/transit,2019
GaiaDR3_103999471976858496,58803,2019-11-16,16.670254,0.016558,1,periodic/transit,2019
GaiaDR3_103999471976858496,58806,2019-11-19,16.785072,0.017053,1,periodic/transit,2019
GaiaDR3_103999471976858496,58811,2019-11-24,16.776216,0.011212,2,periodic/transit,2019
GaiaDR3_103999471976858496,58812,2019-11-25,16.760759,0.016943,1,periodic/transit,2019
GaiaDR3_103999471976858496,58813,2019-11-26,16.717834,0.00812,3,periodic/transit,2019
GaiaDR3_103999471976858496,58828,2019-12-11,16.861668,0.017418,1,periodic/transit,2019
GaiaDR3_103999471976858496,58830,2019-12-13,16.725998,0.048003,2,periodic/transit,2019
GaiaDR3_103999471976858496,58831,2019-12-14,16.739727,0.042133,3,periodic/transit,2019
GaiaDR3_103999471976858496,58833,2019-12-16,16.772121,0.016994,1,periodic/transit,2019
GaiaDR3_103999471976858496,58836,2019-12-19,16.779293,0.017027,1,periodic/transit,2019
GaiaDR3_103999471976858496,58846,2019-12-29,16.768953,0.01698,1,periodic/transit,2019
GaiaDR3_103999471976858496,58849,2020-01-01,16.672108,0.011713,2,periodic/transit,2020
GaiaDR3_103999471976858496,58852,2020-01-04,16.799665,0.012106,2,periodic/transit,2020
GaiaDR3_103999471976858496,58855,2020-01-07,16.855096,0.012294,2,periodic/transit,2020
GaiaDR3_103999471976858496,58859,2020-01-11,16.796213,0.017104,1,periodic/transit,2020
GaiaDR3_103999471976858496,58861,2020-01-13,16.786169,0.017058,1,periodic/transit,2020
GaiaDR3_103999471976858496,58862,2020-01-14,16.667351,0.016546,1,periodic/transit,2020
GaiaDR3_103999471976858496,58864,2020-01-16,16.864147,0.01743,1,periodic/transit,2020
GaiaDR3_103999471976858496,58871,2020-01-23,16.674006,0.011719,2,periodic/transit,2020
GaiaDR3_103999471976858496,58873,2020-01-25,16.894806,0.017585,1,periodic/transit,2020
GaiaDR3_103999471976858496,58874,2020-01-26,16.768925,0.01698,1,periodic/transit,2020
GaiaDR3_103999471976858496,58875,2020-01-27,16.749283,0.016892,1,periodic/transit,2020
GaiaDR3_103999471976858496,58876,2020-01-28,16.68354,0.016612,1,periodic/transit,2020
GaiaDR3_103999471976858496,58877,2020-01-29,16.864082,0.012325,2,periodic/transit,2020
GaiaDR3_103999471976858496,58882,2020-02-03,16.899223,0.010166,3,periodic/transit,2020
GaiaDR3_103999471976858496,58884,2020-02-05,16.740248,0.016853,1,periodic/transit,2020
GaiaDR3_103999471976858496,58885,2020-02-06,16.682054,0.011742,2,periodic/transit,2020
GaiaDR3_103999471976858496,58886,2020-02-07,16.882332,0.017521,1,periodic/transit,2020
GaiaDR3_103999471976858496,58887,2020-02-08,16.824005,0.017235,1,periodic/transit,2020
GaiaDR3_103999471976858496,58890,2020-02-11,16.900633,0.017615,1,periodic/transit,2020
GaiaDR3_103999471976858496,58891,2020-02-12,16.824432,0.012189,2,periodic/transit,2020
GaiaDR3_103999471976858496,58892,2020-02-13,16.774919,0.012026,2,periodic/transit,2020
GaiaDR3_103999471976858496,58893,2020-02-14,16.696587,0.016666,1,periodic/transit,2020
GaiaDR3_103999471976858496,58894,2020-02-15,16.800678,0.019065,2,periodic/transit,2020
GaiaDR3_103999471976858496,58895,2020-02-16,16.922777,0.01773,1,periodic/transit,2020
GaiaDR3_103999471976858496,58896,2020-02-17,16.788141,0.017067,1,periodic/transit,2020
GaiaDR3_103999471976858496,58898,2020-02-19,16.726797,0.011875,2,periodic/transit,2020
GaiaDR3_103999471976858496,58899,2020-02-20,16.875694,0.017488,1,periodic/transit,2020
GaiaDR3_103999471976858496,58900,2020-02-21,16.867348,0.017446,1,periodic/transit,2020
GaiaDR3_103999471976858496,58903,2020-02-24,16.656845,0.016504,1,periodic/transit,2020
GaiaDR3_103999471976858496,58905,2020-02-26,16.77183,0.012016,2,periodic/transit,2020
GaiaDR3_103999471976858496,58913,2020-03-05,16.913409,0.012503,2,periodic/transit,2020
GaiaDR3_103999471976858496,59036,2020-07-06,16.750137,0.016896,1,periodic/transit,2020
GaiaDR3_103999471976858496,59040,2020-07-10,16.806686,0.017153,1,periodic/transit,2020
GaiaDR3_103999471976858496,59046,2020-07-16,16.75983,0.016939,1,periodic/transit,2020
GaiaDR3_103999471976858496,59048,2020-07-18,16.863352,0.017426,1,periodic/transit,2020
GaiaDR3_103999471976858496,59049,2020-07-19,16.825035,0.01219,2,periodic/transit,2020
GaiaDR3_103999471976858496,59050,2020-07-20,16.777803,0.01702,1,periodic/transit,2020
GaiaDR3_103999471976858496,59051,2020-07-21,16.718393,0.016758,1,periodic/transit,2020
GaiaDR3_103999471976858496,59052,2020-07-22,16.77488,0.012026,2,periodic/transit,2020
GaiaDR3_103999471976858496,59053,2020-07-23,16.875385,0.017486,1,periodic/transit,2020
GaiaDR3_103999471976858496,59054,2020-07-24,16.77261,0.016996,1,periodic/transit,2020
GaiaDR3_103999471976858496,59055,2020-07-25,16.77335,0.012021,2,periodic/transit,2020
GaiaDR3_103999471976858496,59056,2020-07-26,16.673138,0.01657,1,periodic/transit,2020
GaiaDR3_103999471976858496,59057,2020-07-27,16.811459,0.017176,1,periodic/transit,2020
GaiaDR3_103999471976858496,59059,2020-07-29,16.788914,0.012071,2,periodic/transit,2020
GaiaDR3_103999471976858496,59060,2020-07-30,16.673893,0.011719,2,periodic/transit,2020
GaiaDR3_103999471976858496,59061,2020-07-31,16.780071,0.012042,2,periodic/transit,2020
GaiaDR3_103999471976858496,59062,2020-08-01,16.897369,0.014528,2,periodic/transit,2020
GaiaDR3_103999471976858496,59063,2020-08-02,16.795046,0.012091,2,periodic/transit,2020
GaiaDR3_103999471976858496,59064,2020-08-03,16.737844,0.01543,2,periodic/transit,2020
GaiaDR3_103999471976858496,59065,2020-08-04,16.663365,0.011688,2,periodic/transit,2020
GaiaDR3_103999471976858496,59066,2020-08-05,16.789124,0.012072,2,periodic/transit,2020
GaiaDR3_103999471976858496,59067,2020-08-06,16.800546,0.012109,2,periodic/transit,2020
GaiaDR3_103999471976858496,59068,2020-08-07,16.773045,0.010577,3,periodic/transit,2020
GaiaDR3_103999471976858496,59069,2020-08-08,16.798019,0.015753,2,periodic/transit,2020
GaiaDR3_103999471976858496,59073,2020-08-12,16.787097,0.012065,2,periodic/transit,2020
GaiaDR3_103999471976858496,59075,2020-08-14,16.869471,0.012577,2,periodic/transit,2020
GaiaDR3_103999471976858496,59076,2020-08-15,16.807442,0.012132,2,periodic/transit,2020
GaiaDR3_103999471976858496,59077,2020-08-16,16.792142,0.013461,2,periodic/transit,2020
GaiaDR3_103999471976858496,59080,2020-08-19,16.906803,0.017647,1,periodic/transit,2020
GaiaDR3_103999471976858496,59081,2020-08-20,16.799908,0.017122,1,periodic/transit,2020
GaiaDR3_103999471976858496,59082,2020-08-21,16.787755,0.012067,2,periodic/transit,2020
GaiaDR3_103999471976858496,59085,2020-08-24,16.886066,0.012403,2,periodic/transit,2020
GaiaDR3_103999471976858496,59086,2020-08-25,16.781971,0.010262,3,periodic/transit,2020
GaiaDR3_103999471976858496,59087,2020-08-26,16.669626,0.011706,2,periodic/transit,2020
GaiaDR3_103999471976858496,59088,2020-08-27,16.877802,0.017499,1,periodic/transit,2020
GaiaDR3_103999471976858496,59089,2020-08-28,16.889042,0.049353,3,periodic/transit,2020
GaiaDR3_103999471976858496,59090,2020-08-29,16.797337,0.014833,3,periodic/transit,2020
GaiaDR3_103999471976858496,59091,2020-08-30,16.76418,0.011992,2,periodic/transit,2020
GaiaDR3_103999471976858496,59092,2020-08-31,16.761578,0.016947,1,periodic/transit,2020
GaiaDR3_103999471976858496,59093,2020-09-01,16.868781,0.012341,2,periodic/transit,2020
GaiaDR3_103999471976858496,59094,2020-09-02,16.748779,0.011943,2,periodic/transit,2020
GaiaDR3_103999471976858496,59095,2020-09-03,16.815173,0.012157,2,periodic/transit,2020
GaiaDR3_103999471976858496,59096,2020-09-04,16.659573,0.016515,1,periodic/transit,2020
GaiaDR3_103999471976858496,59106,2020-09-14,16.828304,0.051743,2,periodic/transit,2020
GaiaDR3_103999471976858496,59107,2020-09-15,16.86335,0.017426,1,periodic/transit,2020
GaiaDR3_103999471976858496,59111,2020-09-19,16.700279,0.016682,1,periodic/transit,2020
GaiaDR3_103999471976858496,59112,2020-09-20,16.845829,0.01734,1,periodic/transit,2020
GaiaDR3_103999471976858496,59114,2020-09-22,16.779098,0.017026,1,periodic/transit,2020
GaiaDR3_103999471976858496,59117,2020-09-25,16.88588,0.017539,1,periodic/transit,2020
GaiaDR3_103999471976858496,59118,2020-09-26,16.735172,0.011901,2,periodic/transit,2020
GaiaDR3_103999471976858496,59119,2020-09-27,16.774652,0.017006,1,periodic/transit,2020
GaiaDR3_103999471976858496,59120,2020-09-28,16.675083,0.016577,1,periodic/transit,2020
GaiaDR3_103999471976858496,59121,2020-09-29,16.810207,0.01717,1,periodic/transit,2020
GaiaDR3_103999471976858496,59122,2020-09-30,16.889942,0.01756,1,periodic/transit,2020
GaiaDR3_103999471976858496,59129,2020-10-07,16.753832,0.016912,1,periodic/transit,2020
GaiaDR3_103999471976858496,59131,2020-10-09,16.822018,0.017225,1,periodic/transit,2020
GaiaDR3_103999471976858496,59134,2020-10-12,16.693916,0.016655,1,periodic/transit,2020
GaiaDR3_103999471976858496,59136,2020-10-14,16.807392,0.017156,1,periodic/transit,2020
GaiaDR3_103999471976858496,59138,2020-10-16,16.747507,0.016884,1,periodic/transit,2020
GaiaDR3_103999471976858496,59140,2020-10-18,16.795382,0.017101,1,periodic/transit,2020
GaiaDR3_103999471976858496,59142,2020-10-20,16.729778,0.016807,1,periodic/transit,2020
GaiaDR3_103999471976858496,59144,2020-10-22,16.793268,0.017091,1,periodic/transit,2020
GaiaDR3_103999471976858496,59150,2020-10-28,16.724293,0.016784,1,periodic/transit,2020
GaiaDR3_103999471976858496,59152,2020-10-30,16.680353,0.016599,1,periodic/transit,2020
GaiaDR3_103999471976858496,59155,2020-11-02,16.778023,0.017021,1,periodic/transit,2020
GaiaDR3_103999471976858496,59157,2020-11-04,16.875694,0.017488,1,periodic/transit,2020
GaiaDR3_103999471976858496,59164,2020-11-11,16.700542,0.016683,1,periodic/transit,2020
GaiaDR3_103999471976858496,59168,2020-11-15,16.795128,0.017099,1,periodic/transit,2020
GaiaDR3_103999471976858496,59170,2020-11-17,16.684818,0.016617,1,periodic/transit,2020
GaiaDR3_103999471976858496,59172,2020-11-19,16.826462,0.017247,1,periodic/transit,2020
GaiaDR3_103999471976858496,59178,2020-11-25,16.779566,0.017028,1,periodic/transit,2020
GaiaDR3_103999471976858496,59182,2020-11-29,16.719356,0.016762,1,periodic/transit,2020
GaiaDR3_103999471976858496,59184,2020-12-01,16.66535,0.041332,3,periodic/transit,2020
GaiaDR3_103999471976858496,59185,2020-12-02,16.777379,0.063346,2,periodic/transit,2020
GaiaDR3_103999471976858496,59186,2020-12-03,16.815697,0.017196,1,periodic/transit,2020
GaiaDR3_103999471976858496,59187,2020-12-04,16.75054,0.023571,2,periodic/transit,2020
GaiaDR3_103999471976858496,59188,2020-12-05,16.699253,0.011793,2,periodic/transit,2020
GaiaDR3_103999471976858496,59192,2020-12-09,16.769741,0.016984,1,periodic/transit,2020
GaiaDR3_103999471976858496,59194,2020-12-11,16.86536,0.010067,3,periodic/transit,2020
GaiaDR3_103999471976858496,59198,2020-12-15,16.754479,0.016915,1,periodic/transit,2020
GaiaDR3_103999471976858496,59199,2020-12-16,16.747925,0.016886,1,periodic/transit,2020
GaiaDR3_103999471976858496,59202,2020-12-19,16.72308,0.016778,1,periodic/transit,2020
GaiaDR3_103999471976858496,59204,2020-12-21,16.777058,0.017017,1,periodic/transit,2020
GaiaDR3_103999471976858496,59210,2020-12-27,16.717384,0.016754,1,periodic/transit,2020
GaiaDR3_103999471976858496,59216,2021-01-02,16.745625,0.016876,1,periodic/transit,2021
GaiaDR3_103999471976858496,59218,2021-01-04,16.777183,0.017017,1,periodic/transit,2021
GaiaDR3_103999471976858496,59220,2021-01-06,16.66641,0.016542,1,periodic/transit,2021
GaiaDR3_103999471976858496,59224,2021-01-10,16.702766,0.016692,1,periodic/transit,2021
GaiaDR3_103999471976858496,59226,2021-01-12,16.884813,0.017534,1,periodic/transit,2021
GaiaDR3_103999471976858496,59228,2021-01-14,16.775791,0.017011,1,periodic/transit,2021
GaiaDR3_103999471976858496,59229,2021-01-15,16.720947,0.016769,1,periodic/transit,2021
GaiaDR3_103999471976858496,59230,2021-01-16,16.837301,0.017299,1,periodic/transit,2021
GaiaDR3_103999471976858496,59231,2021-01-17,16.879829,0.017509,1,periodic/transit,2021
GaiaDR3_103999471976858496,59232,2021-01-18,16.787816,0.012067,2,periodic/transit,2021
GaiaDR3_103999471976858496,59233,2021-01-19,16.747068,0.016883,1,periodic/transit,2021
GaiaDR3_103999471976858496,59248,2021-02-03,16.898733,0.017605,1,periodic/transit,2021
GaiaDR3_103999471976858496,59254,2021-02-09,16.783596,0.017046,1,periodic/transit,2021
GaiaDR3_103999471976858496,59256,2021-02-11,16.640431,0.016439,1,periodic/transit,2021
GaiaDR3_103999471976858496,59260,2021-02-15,16.712872,0.016735,1,periodic/transit,2021
GaiaDR3_103999471976858496,59264,2021-02-19,16.79302,0.01709,1,periodic/transit,2021
GaiaDR3_103999471976858496,59266,2021-02-21,16.837277,0.017299,1,periodic/transit,2021
GaiaDR3_103999471976858496,59268,2021-02-23,16.8006,0.017125,1,periodic/transit,2021
GaiaDR3_103999471976858496,59276,2021-03-03,16.775436,0.017009,1,periodic/transit,2021
GaiaDR3_103999471976858496,59409,2021-07-14,16.746792,0.016881,1,periodic/transit,2021
GaiaDR3_103999471976858496,59411,2021-07-16,16.788063,0.017067,1,periodic/transit,2021
GaiaDR3_103999471976858496,59415,2021-07-20,16.807835,0.017159,1,periodic/transit,2021
GaiaDR3_103999471976858496,59417,2021-07-22,16.7673,0.016973,1,periodic/transit,2021
GaiaDR3_103999471976858496,59422,2021-07-27,16.732557,0.016819,1,periodic/transit,2021
GaiaDR3_103999471976858496,59424,2021-07-29,16.783234,0.017045,1,periodic/transit,2021
GaiaDR3_103999471976858496,59428,2021-08-02,16.6541,0.016493,1,periodic/transit,2021
GaiaDR3_103999471976858496,59434,2021-08-08,16.825474,0.017242,1,periodic/transit,2021
GaiaDR3_103999471976858496,59438,2021-08-12,16.891958,0.01757,1,periodic/transit,2021
GaiaDR3_103999471976858496,59440,2021-08-14,16.785473,0.017055,1,periodic/transit,2021
GaiaDR3_103999471976858496,59443,2021-08-17,16.843567,0.017329,1,periodic/transit,2021
GaiaDR3_103999471976858496,59449,2021-08-23,16.750546,0.011949,2,periodic/transit,2021
GaiaDR3_103999471976858496,59450,2021-08-24,16.653862,0.016492,1,periodic/transit,2021
GaiaDR3_103999471976858496,59459,2021-09-02,16.773398,0.018748,2,periodic/transit,2021
GaiaDR3_103999471976858496,59460,2021-09-03,16.726358,0.016792,1,periodic/transit,2021
GaiaDR3_103999471976858496,59461,2021-09-04,16.867874,0.012338,2,periodic/transit,2021
GaiaDR3_103999471976858496,59462,2021-09-05,16.809345,0.017166,1,periodic/transit,2021
GaiaDR3_103999471976858496,59463,2021-09-06,16.736326,0.016836,1,periodic/transit,2021
GaiaDR3_103999471976858496,59465,2021-09-08,16.881954,0.017519,1,periodic/transit,2021
GaiaDR3_103999471976858496,59467,2021-09-10,16.776771,0.017015,1,periodic/transit,2021
GaiaDR3_103999471976858496,59469,2021-09-12,16.834347,0.017285,1,periodic/transit,2021
GaiaDR3_103999471976858496,59471,2021-09-14,16.799076,0.017118,1,periodic/transit,2021
GaiaDR3_103999471976858496,59474,2021-09-17,16.866413,0.017441,1,periodic/transit,2021
GaiaDR3_103999471976858496,59477,2021-09-20,16.740135,0.016852,1,periodic/transit,2021
GaiaDR3_103999471976858496,59479,2021-09-22,16.659601,0.016515,1,periodic/transit,2021
GaiaDR3_103999471976858496,59483,2021-09-26,16.646095,0.016461,1,periodic/transit,2021
GaiaDR3_103999471976858496,59488,2021-10-01,16.902058,0.017622,1,periodic/transit,2021
GaiaDR3_103999471976858496,59496,2021-10-09,16.686495,0.016624,1,periodic/transit,2021
GaiaDR3_103999471976858496,59502,2021-10-15,16.741264,0.016857,1,periodic/transit,2021
GaiaDR3_103999471976858496,59504,2021-10-17,16.694756,0.016659,1,periodic/transit,2021
GaiaDR3_103999471976858496,59510,2021-10-23,16.656109,0.016501,1,periodic/transit,2021
GaiaDR3_103999471976858496,59517,2021-10-30,16.831709,0.017272,1,periodic/transit,2021
GaiaDR3_103999471976858496,59522,2021-11-04,16.736862,0.016838,1,periodic/transit,2021
GaiaDR3_103999471976858496,59526,2021-11-08,16.790321,0.017077,1,periodic/transit,2021
GaiaDR3_103999471976858496,59529,2021-11-11,16.884283,0.017531,1,periodic/transit,2021
GaiaDR3_103999471976858496,59531,2021-11-13,16.722691,0.016777,1,periodic/transit,2021
GaiaDR3_103999471976858496,59537,2021-11-19,16.646332,0.016462,1,periodic/transit,2021
GaiaDR3_103999471976858496,59540,2021-11-22,16.68384,0.016613,1,periodic/transit,2021
GaiaDR3_103999471976858496,59627,2022-02-17,16.681118,0.016602,1,periodic/transit,2022
GaiaDR3_103999471976858496,59629,2022-02-19,16.91296,0.017679,1,periodic/transit,2022
GaiaDR3_103999471976858496,59640,2022-03-02,16.787388,0.017064,1,periodic/transit,2022
GaiaDR3_103999471976858496,59757,2022-06-27,16.799383,0.017119,1,periodic/transit,2022
GaiaDR3_103999471976858496,59783,2022-07-23,16.91354,0.017682,1,periodic/transit,2022
GaiaDR3_103999471976858496,59787,2022-07-27,16.87779,0.017498,1,periodic/transit,2022
GaiaDR3_103999471976858496,59793,2022-08-02,16.769861,0.016984,1,periodic/transit,2022
GaiaDR3_103999471976858496,59800,2022-08-09,16.639769,0.016436,1,periodic/transit,2022
GaiaDR3_103999471976858496,59802,2022-08-11,16.758789,0.016934,1,periodic/transit,2022
GaiaDR3_103999471976858496,59806,2022-08-15,16.782538,0.017042,1,periodic/transit,2022
GaiaDR3_103999471976858496,59810,2022-08-19,16.861565,0.017417,1,periodic/transit,2022
GaiaDR3_103999471976858496,59815,2022-08-24,16.792505,0.017087,1,periodic/transit,2022
GaiaDR3_103999471976858496,59819,2022-08-28,16.893509,0.017578,1,periodic/transit,2022
GaiaDR3_103999471976858496,59822,2022-08-31,16.656408,0.016502,1,periodic/transit,2022
GaiaDR3_103999471976858496,59824,2022-09-02,16.823181,0.017231,1,periodic/transit,2022
GaiaDR3_103999471976858496,59826,2022-09-04,16.79377,0.017093,1,periodic/transit,2022
GaiaDR3_103999471976858496,59839,2022-09-17,16.784164,0.009843,3,periodic/transit,2022
GaiaDR3_103999471976858496,59840,2022-09-18,16.674381,0.01075,2,periodic/transit,2022
GaiaDR3_103999471976858496,59841,2022-09-19,16.752411,0.019026,2,periodic/transit,2022
GaiaDR3_103999471976858496,59843,2022-09-21,16.783161,0.017044,1,periodic/transit,2022
GaiaDR3_103999471976858496,59846,2022-09-24,16.878883,0.017504,1,periodic/transit,2022
GaiaDR3_103999471976858496,59848,2022-09-26,16.754635,0.016916,1,periodic/transit,2022
GaiaDR3_103999471976858496,59850,2022-09-28,16.893888,0.01758,1,periodic/transit,2022
GaiaDR3_103999471976858496,59852,2022-09-30,16.77936,0.017027,1,periodic/transit,2022
GaiaDR3_103999471976858496,59854,2022-10-02,16.701321,0.016686,1,periodic/transit,2022
GaiaDR3_103999471976858496,59856,2022-10-04,16.852161,0.017371,1,periodic/transit,2022
GaiaDR3_103999471976858496,59858,2022-10-06,16.71055,0.016725,1,periodic/transit,2022
GaiaDR3_103999471976858496,59860,2022-10-08,16.904758,0.017636,1,periodic/transit,2022
GaiaDR3_103999471976858496,59862,2022-10-10,16.673803,0.016572,1,periodic/transit,2022
GaiaDR3_103999471976858496,59865,2022-10-13,16.748772,0.01689,1,periodic/transit,2022
GaiaDR3_103999471976858496,59867,2022-10-15,16.766872,0.016971,1,periodic/transit,2022
GaiaDR3_103999471976858496,59870,2022-10-18,16.780682,0.017033,1,periodic/transit,2022
GaiaDR3_103999471976858496,59872,2022-10-20,16.670929,0.016561,1,periodic/transit,2022
GaiaDR3_103999471976858496,59874,2022-10-22,16.764057,0.016958,1,periodic/transit,2022
GaiaDR3_103999471976858496,59877,2022-10-25,16.872208,0.01747,1,periodic/transit,2022
GaiaDR3_103999471976858496,59879,2022-10-27,16.765408,0.014279,1,periodic/transit,2022
GaiaDR3_103999471976858496,59881,2022-10-29,16.72052,0.016767,1,periodic/transit,2022
GaiaDR3_103999471976858496,59883,2022-10-31,16.849499,0.017358,1,periodic/transit,2022
GaiaDR3_103999471976858496,59894,2022-11-11,16.663254,0.016529,1,periodic/transit,2022
GaiaDR3_103999471976858496,59896,2022-11-13,16.75625,0.016923,1,periodic/transit,2022
GaiaDR3_103999471976858496,59898,2022-11-15,16.791729,0.017084,1,periodic/transit,2022
GaiaDR3_103999471976858496,59900,2022-11-17,16.716065,0.016748,1,periodic/transit,2022
GaiaDR3_103999471976858496,59902,2022-11-19,16.761066,0.016945,1,periodic/transit,2022
GaiaDR3_103999471976858496,59903,2022-11-20,16.774071,0.014323,1,periodic/transit,2022
GaiaDR3_103999471976858496,59904,2022-11-21,16.767002,0.016971,1,periodic/transit,2022
GaiaDR3_103999471976858496,59906,2022-11-23,16.878984,0.022856,2,periodic/transit,2022
GaiaDR3_103999471976858496,59909,2022-11-26,16.81555,0.014539,1,periodic/transit,2022
GaiaDR3_103999471976858496,59914,2022-12-01,16.665924,0.0138,1,periodic/transit,2022
GaiaDR3_103999471976858496,59922,2022-12-09,16.642441,0.013694,1,periodic/transit,2022
GaiaDR3_103999471976858496,59923,2022-12-10,16.764808,0.025219,2,periodic/transit,2022
GaiaDR3_103999471976858496,59928,2022-12-15,16.779795,0.017029,1,periodic/transit,2022
GaiaDR3_103999471976858496,59930,2022-12-17,16.776741,0.014337,1,periodic/transit,2022
GaiaDR3_103999471976858496,59932,2022-12-19,16.689892,0.016638,1,periodic/transit,2022
GaiaDR3_103999471976858496,59936,2022-12-23,16.669931,0.016556,1,periodic/transit,2022
GaiaDR3_103999471976858496,59966,2023-01-22,16.790314,0.017077,1,periodic/transit,2023
GaiaDR3_103999471976858496,59968,2023-01-24,16.618053,0.016352,1,periodic/transit,2023
GaiaDR3_103999471976858496,59977,2023-02-02,16.646,0.016461,1,periodic/transit,2023
GaiaDR3_103999471976858496,59980,2023-02-05,16.75584,0.016921,1,periodic/transit,2023
GaiaDR3_103999471976858496,59982,2023-02-07,16.652234,0.010685,2,periodic/transit,2023
GaiaDR3_103999471976858496,59984,2023-02-09,16.787903,0.017066,1,periodic/transit,2023
GaiaDR3_103999471976858496,59991,2023-02-16,16.748548,0.016889,1,periodic/transit,2023
GaiaDR3_103999471976858496,60153,2023-07-28,16.659561,0.016515,1,periodic/transit,2023
GaiaDR3_103999471976858496,60160,2023-08-04,16.805367,0.017147,1,periodic/transit,2023
GaiaDR3_103999471976858496,60169,2023-08-13,16.762312,0.01695,1,periodic/transit,2023
GaiaDR3_103999471976858496,60171,2023-08-15,16.733606,0.016824,1,periodic/transit,2023
GaiaDR3_103999471976858496,60174,2023-08-18,16.767677,0.016974,1,periodic/transit,2023
GaiaDR3_103999471976858496,60181,2023-08-25,16.776192,0.017013,1,periodic/transit,2023
GaiaDR3_103999471976858496,60183,2023-08-27,16.756195,0.016923,1,periodic/transit,2023
GaiaDR3_103999471976858496,60185,2023-08-29,16.712769,0.016734,1,periodic/transit,2023
GaiaDR3_103999471976858496,60187,2023-08-31,16.763451,0.013034,2,periodic/transit,2023
GaiaDR3_103999471976858496,60193,2023-09-06,16.738484,0.010959,2,periodic/transit,2023
GaiaDR3_103999471976858496,60196,2023-09-09,16.898378,0.017603,1,periodic/transit,2023
GaiaDR3_103999471976858496,60200,2023-09-13,16.782036,0.017039,1,periodic/transit,2023
GaiaDR3_103999471976858496,60202,2023-09-15,16.723537,0.01678,1,periodic/transit,2023
GaiaDR3_103999471976858496,60205,2023-09-18,16.892931,0.017575,1,periodic/transit,2023
GaiaDR3_103999471976858496,60207,2023-09-20,16.656292,0.016502,1,periodic/transit,2023
GaiaDR3_103999471976858496,60211,2023-09-24,16.742107,0.016861,1,periodic/transit,2023
GaiaDR3_103999471976858496,60213,2023-09-26,16.869896,0.017459,1,periodic/transit,2023
GaiaDR3_103999471976858496,60215,2023-09-28,16.70958,0.016721,1,periodic/transit,2023
GaiaDR3_103999471976858496,60217,2023-09-30,16.833351,0.01728,1,periodic/transit,2023
GaiaDR3_103999471976858496,60222,2023-10-05,16.849251,0.017357,1,periodic/transit,2023
GaiaDR3_103999471976858496,60224,2023-10-07,16.782944,0.017043,1,periodic/transit,2023
GaiaDR3_103999471976858496,60230,2023-10-13,16.791414,0.017082,1,periodic/transit,2023
GaiaDR3_103999471976858496,60232,2023-10-15,16.762688,0.016952,1,periodic/transit,2023
GaiaDR3_103999471976858496,60234,2023-10-17,16.734802,0.016829,1,periodic/transit,2023
GaiaDR3_103999471976858496,60236,2023-10-19,16.86101,0.017415,1,periodic/transit,2023
GaiaDR3_103999471976858496,60241,2023-10-24,16.824657,0.017238,1,periodic/transit,2023
GaiaDR3_103999471976858496,60244,2023-10-27,16.788731,0.01707,1,periodic/transit,2023
GaiaDR3_103999471976858496,60249,2023-11-01,16.851067,0.017366,1,periodic/transit,2023
GaiaDR3_103999471976858496,60251,2023-11-03,16.869244,0.017456,1,periodic/transit,2023
GaiaDR3_103999471976858496,60253,2023-11-05,16.745003,0.016873,1,periodic/transit,2023
GaiaDR3_103999471976858496,60255,2023-11-07,16.862446,0.017422,1,periodic/transit,2023
GaiaDR3_103999471976858496,60258,2023-11-10,16.790363,0.017077,1,periodic/transit,2023
GaiaDR3_103999471976858496,60268,2023-11-20,16.868757,0.017453,1,periodic/transit,2023
GaiaDR3_103999471976858496,60287,2023-12-09,16.87434,0.017481,1,periodic/transit,2023
GaiaDR3_103999471976858496,60291,2023-12-13,16.881245,0.017516,1,periodic/transit,2023
GaiaDR3_103999471976858496,60314,2024-01-05,16.834297,0.017284,1,periodic/transit,2024
GaiaDR3_103999471976858496,60325,2024-01-16,16.67071,0.01656,1,periodic/transit,2024
GaiaDR3_103999471976858496,60341,2024-02-01,16.887394,0.017547,1,periodic/transit,2024
GaiaDR3_103999471976858496,60352,2024-02-12,16.75036,0.016897,1,periodic/transit,2024
GaiaDR3_103999471976858496,60364,2024-02-24,16.779709,0.017029,1,periodic/transit,2024
GaiaDR3_103999471976858496,60511,2024-07-20,16.705179,0.016702,1,periodic/transit,2024
GaiaDR3_103999471976858496,60514,2024-07-23,16.751392,0.016902,1,periodic/transit,2024
GaiaDR3_103999471976858496,60516,2024-07-25,16.676556,0.016583,1,periodic/transit,2024
GaiaDR3_103999471976858496,60521,2024-07-30,16.672779,0.016568,1,periodic/transit,2024
GaiaDR3_103999471976858496,60525,2024-08-03,16.745693,0.016877,1,periodic/transit,2024
GaiaDR3_103999471976858496,60528,2024-08-06,16.737785,0.016842,1,periodic/transit,2024
GaiaDR3_103999471976858496,60537,2024-08-15,16.761765,0.016948,1,periodic/transit,2024
GaiaDR3_103999471976858496,60539,2024-08-17,16.750469,0.016898,1,periodic/transit,2024
GaiaDR3_103999471976858496,60544,2024-08-22,16.854351,0.017382,1,periodic/transit,2024
GaiaDR3_103999471976858496,60548,2024-08-26,16.831249,0.01727,1,periodic/transit,2024
GaiaDR3_103999471976858496,60550,2024-08-28,16.78973,0.017074,1,periodic/transit,2024
GaiaDR3_103999471976858496,60552,2024-08-30,16.676866,0.016585,1,periodic/transit,2024
GaiaDR3_103999471976858496,60555,2024-09-02,16.765329,0.016964,1,periodic/transit,2024
GaiaDR3_103999471976858496,60557,2024-09-04,16.710892,0.016726,1,periodic/transit,2024
GaiaDR3_103999471976858496,60559,2024-09-06,16.811855,0.017177,1,periodic/transit,2024
GaiaDR3_103999471976858496,60562,2024-09-09,16.738827,0.016846,1,periodic/transit,2024
GaiaDR3_103999471976858496,60568,2024-09-15,16.772697,0.016997,1,periodic/transit,2024
GaiaDR3_103999471976858496,60571,2024-09-18,16.757427,0.016928,1,periodic/transit,2024
GaiaDR3_103999471976858496,60575,2024-09-22,16.815378,0.017194,1,periodic/transit,2024
GaiaDR3_103999471976858496,60576,2024-09-23,16.858509,0.017402,1,periodic/transit,2024
GaiaDR3_103999471976858496,60577,2024-09-24,16.751288,0.016901,1,periodic/transit,2024
GaiaDR3_103999471976858496,60578,2024-09-25,16.758938,0.016935,1,periodic/transit,2024
GaiaDR3_103999471976858496,60580,2024-09-27,16.804462,0.017143,1,periodic/transit,2024
GaiaDR3_103999471976858496,60583,2024-09-30,16.687916,0.01663,1,periodic/transit,2024
GaiaDR3_103999471976858496,60593,2024-10-10,16.642328,0.016446,1,periodic/transit,2024
GaiaDR3_103999471976858496,60596,2024-10-13,16.712757,0.016734,1,periodic/transit,2024
GaiaDR3_103999471976858496,60598,2024-10-15,16.622234,0.016368,1,periodic/transit,2024
GaiaDR3_103999471976858496,60600,2024-10-17,16.731541,0.016815,1,periodic/transit,2024
GaiaDR3_103999471976858496,60603,2024-10-20,16.772289,0.016995,1,periodic/transit,2024
GaiaDR3_103999471976858496,60607,2024-10-24,16.652374,0.016486,1,periodic/transit,2024
GaiaDR3_103999471976858496,60609,2024-10-26,16.784142,0.017049,1,periodic/transit,2024
GaiaDR3_103999471976858496,60614,2024-10-31,16.749397,0.016893,1,periodic/transit,2024
GaiaDR3_103999471976858496,60621,2024-11-07,16.651909,0.016484,1,periodic/transit,2024
GaiaDR3_103999471976858496,60623,2024-11-09,16.833469,0.01728,1,periodic/transit,2024
GaiaDR3_103999471976858496,60625,2024-11-11,16.852497,0.017373,1,periodic/transit,2024
GaiaDR3_103999471976858496,60627,2024-11-13,16.867783,0.017448,1,periodic/transit,2024
GaiaDR3_103999471976858496,60631,2024-11-17,16.825111,0.01724,1,periodic/transit,2024
GaiaDR3_103999471976858496,60634,2024-11-20,16.743423,0.016867,1,periodic/transit,2024
GaiaDR3_103999471976858496,60636,2024-11-22,16.787876,0.017066,1,periodic/transit,2024
GaiaDR3_103999471976858496,60643,2024-11-29,16.672619,0.016567,1,periodic/transit,2024
GaiaDR3_103999471976858496,60648,2024-12-04,16.645502,0.016459,1,periodic/transit,2024
GaiaDR3_103999471976858496,60650,2024-12-06,16.740936,0.016856,1,periodic/transit,2024
GaiaDR3_103999471976858496,60652,2024-12-08,16.769074,0.016981,1,periodic/transit,2024
GaiaDR3_103999471976858496,60654,2024-12-10,16.834074,0.017283,1,periodic/transit,2024
GaiaDR3_103999471976858496,60658,2024-12-14,16.870468,0.017462,1,periodic/transit,2024
GaiaDR3_103999471976858496,60663,2024-12-19,16.834396,0.017285,1,periodic/transit,2024
GaiaDR3_103999471976858496,60665,2024-12-21,16.736382,0.016836,1,periodic/transit,2024
GaiaDR3_103999471976858496,60667,2024-12-23,16.895577,0.017589,1,periodic/transit,2024
GaiaDR3_103999471976858496,60673,2024-12-29,16.736862,0.016838,1,periodic/transit,2024
GaiaDR3_103999471976858496,60675,2024-12-31,16.672308,0.016566,1,periodic/transit,2024
GaiaDR3_103999471976858496,60677,2025-01-02,16.800871,0.017126,1,periodic/transit,2025
GaiaDR3_103999471976858496,60679,2025-01-04,16.640215,0.016438,1,periodic/transit,2025
GaiaDR3_103999471976858496,60691,2025-01-16,16.736038,0.016834,1,periodic/transit,2025
GaiaDR3_103999471976858496,60699,2025-01-24,16.826878,0.017249,1,periodic/transit,2025
GaiaDR3_103999471976858496,60706,2025-01-31,16.762114,0.016949,1,periodic/transit,2025
GaiaDR3_103999471976858496,60727,2025-02-21,16.78643,0.017059,1,periodic/transit,2025
GaiaDR3_103999471976858496,60729,2025-02-23,16.659647,0.016515,1,periodic/transit,2025
GaiaDR3_103999471976858496,60731,2025-02-25,16.863049,0.017425,1,periodic/transit,2025
GaiaDR3_103999471976858496,60733,2025-02-27,16.714129,0.01674,1,periodic/transit,2025
GaiaDR3_103999471976858496,60903,2025-08-16,16.817554,0.017204,1,periodic/transit,2025
GaiaDR3_103999471976858496,60905,2025-08-18,16.716782,0.016751,1,periodic/transit,2025
GaiaDR3_103999471976858496,60909,2025-08-22,16.714573,0.016742,1,periodic/transit,2025
GaiaDR3_103999471976858496,60911,2025-08-24,16.807924,0.017159,1,periodic/transit,2025
GaiaDR3_103999471976858496,60914,2025-08-27,16.665463,0.016538,1,periodic/transit,2025
GaiaDR3_103999471976858496,60917,2025-08-30,16.86352,0.017427,1,periodic/transit,2025
GaiaDR3_103999471976858496,60919,2025-09-01,16.636505,0.016423,1,periodic/transit,2025
GaiaDR3_103999471976858496,60923,2025-09-05,16.667021,0.016545,1,periodic/transit,2025
GaiaDR3_103999471976858496,60926,2025-09-08,16.758991,0.016935,1,periodic/transit,2025
GaiaDR3_103999471976858496,60932,2025-09-14,16.724672,0.016785,1,periodic/transit,2025
GaiaDR3_103999471976858496,60949,2025-10-01,16.755539,0.01692,1,periodic/transit,2025
GaiaDR3_103999471976858496,60951,2025-10-03,16.834614,0.017286,1,periodic/transit,2025
GaiaDR3_114808397128552576,58206,2018-03-29,17.054989,0.017364,1,unclassified,2018
GaiaDR3_114808397128552576,58301,2018-07-02,17.135721,0.021028,2,unclassified,2018
GaiaDR3_114808397128552576,58304,2018-07-05,17.074003,0.012766,2,unclassified,2018
GaiaDR3_114808397128552576,58313,2018-07-14,17.083147,0.018674,1,unclassified,2018
GaiaDR3_114808397128552576,58323,2018-07-24,17.091684,0.012832,2,unclassified,2018
GaiaDR3_114808397128552576,58329,2018-07-30,17.088807,0.012829,2,unclassified,2018
GaiaDR3_114808397128552576,58336,2018-08-06,17.079634,0.013483,2,unclassified,2018
GaiaDR3_114808397128552576,58340,2018-08-10,17.088676,0.010136,3,unclassified,2018
GaiaDR3_114808397128552576,58342,2018-08-12,17.095879,0.017599,1,unclassified,2018
GaiaDR3_114808397128552576,58343,2018-08-13,17.094692,0.010157,3,unclassified,2018
GaiaDR3_114808397128552576,58344,2018-08-14,17.091286,0.017572,1,unclassified,2018
GaiaDR3_114808397128552576,58346,2018-08-16,17.080938,0.01279,2,unclassified,2018
GaiaDR3_114808397128552576,58349,2018-08-19,17.082521,0.012796,2,unclassified,2018
GaiaDR3_114808397128552576,58352,2018-08-22,17.08203,0.012792,2,unclassified,2018
GaiaDR3_114808397128552576,58361,2018-08-31,17.083122,0.017525,1,unclassified,2018
GaiaDR3_114808397128552576,58363,2018-09-02,17.127716,0.027989,3,unclassified,2018
GaiaDR3_114808397128552576,58364,2018-09-03,17.106951,0.013152,3,unclassified,2018
GaiaDR3_114808397128552576,58365,2018-09-04,17.106426,0.018851,1,unclassified,2018
GaiaDR3_114808397128552576,58366,2018-09-05,17.096954,0.018778,1,unclassified,2018
GaiaDR3_114808397128552576,58367,2018-09-06,17.087543,0.01755,1,unclassified,2018
GaiaDR3_114808397128552576,58369,2018-09-08,17.104775,0.018838,1,unclassified,2018
GaiaDR3_114808397128552576,58370,2018-09-09,17.066416,0.017429,1,unclassified,2018
GaiaDR3_114808397128552576,58372,2018-09-11,17.078851,0.013182,2,unclassified,2018
GaiaDR3_114808397128552576,58373,2018-09-12,17.067827,0.017437,1,unclassified,2018
GaiaDR3_114808397128552576,58374,2018-09-13,17.097773,0.018784,1,unclassified,2018
GaiaDR3_114808397128552576,58375,2018-09-14,17.083698,0.018678,1,unclassified,2018
GaiaDR3_114808397128552576,58376,2018-09-15,17.087746,0.017551,1,unclassified,2018
GaiaDR3_114808397128552576,58378,2018-09-17,17.089836,0.01081,3,unclassified,2018
GaiaDR3_114808397128552576,58379,2018-09-18,17.076376,0.017486,1,unclassified,2018
GaiaDR3_114808397128552576,58382,2018-09-21,17.095017,0.012856,2,unclassified,2018
GaiaDR3_114808397128552576,58384,2018-09-23,17.073906,0.018605,1,unclassified,2018
GaiaDR3_114808397128552576,58385,2018-09-24,17.079477,0.010123,3,unclassified,2018
GaiaDR3_114808397128552576,58388,2018-09-27,17.080799,0.009059,4,unclassified,2018
GaiaDR3_114808397128552576,58390,2018-09-29,17.064844,0.018538,1,unclassified,2018
GaiaDR3_114808397128552576,58397,2018-10-06,17.089955,0.012832,2,unclassified,2018
GaiaDR3_114808397128552576,58425,2018-11-03,17.078519,0.012787,2,unclassified,2018
GaiaDR3_114808397128552576,58426,2018-11-04,17.07228,0.012756,2,unclassified,2018
GaiaDR3_114808397128552576,58427,2018-11-05,17.061336,0.018512,1,unclassified,2018
GaiaDR3_114808397128552576,58428,2018-11-06,17.079262,0.012787,2,unclassified,2018
GaiaDR3_114808397128552576,58430,2018-11-08,17.066261,0.018549,1,unclassified,2018
GaiaDR3_114808397128552576,58431,2018-11-09,17.09492,0.022368,2,unclassified,2018
GaiaDR3_114808397128552576,58434,2018-11-12,17.079246,0.010141,3,unclassified,2018
GaiaDR3_114808397128552576,58435,2018-11-13,17.10033,0.017702,1,unclassified,2018
GaiaDR3_114808397128552576,58436,2018-11-14,17.14673,0.018014,1,unclassified,2018
GaiaDR3_114808397128552576,58437,2018-11-15,17.072329,0.012748,2,unclassified,2018
GaiaDR3_114808397128552576,58441,2018-11-19,17.103577,0.017644,1,unclassified,2018
GaiaDR3_114808397128552576,58450,2018-11-28,17.141209,0.01787,1,unclassified,2018
GaiaDR3_114808397128552576,58480,2018-12-28,17.098866,0.02087,2,unclassified,2018
GaiaDR3_114808397128552576,58483,2018-12-31,17.081589,0.00788,5,unclassified,2018
GaiaDR3_114808397128552576,58490,2019-01-07,17.076771,0.018626,1,unclassified,2019
GaiaDR3_114808397128552576,58493,2019-01-10,17.083702,0.017528,1,unclassified,2019
GaiaDR3_114808397128552576,58494,2019-01-11,17.089045,0.020072,2,unclassified,2019
GaiaDR3_114808397128552576,58503,2019-01-20,17.074221,0.012757,2,unclassified,2019
GaiaDR3_114808397128552576,58505,2019-01-22,17.091305,0.017572,1,unclassified,2019
GaiaDR3_114808397128552576,58507,2019-01-24,17.096391,0.012857,2,unclassified,2019
GaiaDR3_114808397128552576,58510,2019-01-27,17.069325,0.012743,2,unclassified,2019
GaiaDR3_114808397128552576,58523,2019-02-09,17.089733,0.017563,1,unclassified,2019
GaiaDR3_114808397128552576,58534,2019-02-20,17.064714,0.012703,2,unclassified,2019
GaiaDR3_114808397128552576,58557,2019-03-15,17.08574,0.012815,2,unclassified,2019
GaiaDR3_114808397128552576,58560,2019-03-18,17.086168,0.017542,1,unclassified,2019
GaiaDR3_114808397128552576,58667,2019-07-03,17.077537,0.018632,1,unclassified,2019
GaiaDR3_114808397128552576,58670,2019-07-06,17.085524,0.012804,2,unclassified,2019
GaiaDR3_114808397128552576,58673,2019-07-09,17.073853,0.012759,2,unclassified,2019
GaiaDR3_114808397128552576,58676,2019-07-12,17.096426,0.018774,1,unclassified,2019
GaiaDR3_114808397128552576,58678,2019-07-14,17.092997,0.017582,1,unclassified,2019
GaiaDR3_114808397128552576,58679,2019-07-15,17.045013,0.018394,1,unclassified,2019
GaiaDR3_114808397128552576,58681,2019-07-17,17.088631,0.017557,1,unclassified,2019
GaiaDR3_114808397128552576,58682,2019-07-18,17.069666,0.018574,1,unclassified,2019
GaiaDR3_114808397128552576,58684,2019-07-20,17.069797,0.017448,1,unclassified,2019
GaiaDR3_114808397128552576,58685,2019-07-21,17.061352,0.018512,1,unclassified,2019
GaiaDR3_114808397128552576,58693,2019-07-29,17.09094,0.012843,2,unclassified,2019
GaiaDR3_114808397128552576,58696,2019-08-01,17.081471,0.012798,2,unclassified,2019
GaiaDR3_114808397128552576,58697,2019-08-02,17.08396,0.01868,1,unclassified,2019
GaiaDR3_114808397128552576,58699,2019-08-04,17.098787,0.012882,2,unclassified,2019
GaiaDR3_114808397128552576,58703,2019-08-08,17.084561,0.012805,2,unclassified,2019
GaiaDR3_114808397128552576,58706,2019-08-11,17.069145,0.017444,1,unclassified,2019
GaiaDR3_114808397128552576,58709,2019-08-14,17.080038,0.007954,5,unclassified,2019
GaiaDR3_114808397128552576,58712,2019-08-17,17.088743,0.017557,1,unclassified,2019
GaiaDR3_114808397128552576,58714,2019-08-19,17.085142,0.01281,2,unclassified,2019
GaiaDR3_114808397128552576,58718,2019-08-23,17.081602,0.018662,1,unclassified,2019
GaiaDR3_114808397128552576,58719,2019-08-24,17.046997,0.017319,1,unclassified,2019
GaiaDR3_114808397128552576,58722,2019-08-27,17.076023,0.017484,1,unclassified,2019
GaiaDR3_114808397128552576,58724,2019-08-29,17.094496,0.01876,1,unclassified,2019
GaiaDR3_114808397128552576,58725,2019-08-30,17.084534,0.017533,1,unclassified,2019
GaiaDR3_114808397128552576,58727,2019-09-01,17.121193,0.018965,1,unclassified,2019
GaiaDR3_114808397128552576,58732,2019-09-06,17.080711,0.017511,1,unclassified,2019
GaiaDR3_114808397128552576,58733,2019-09-07,17.114578,0.018913,1,unclassified,2019
GaiaDR3_114808397128552576,58734,2019-09-08,17.097811,0.017685,1,unclassified,2019
GaiaDR3_114808397128552576,58735,2019-09-09,17.081417,0.017515,1,unclassified,2019
GaiaDR3_114808397128552576,58737,2019-09-11,17.137688,0.017952,1,unclassified,2019
GaiaDR3_114808397128552576,58738,2019-09-12,17.053093,0.017353,1,unclassified,2019
GaiaDR3_114808397128552576,58739,2019-09-13,17.075253,0.018615,1,unclassified,2019
GaiaDR3_114808397128552576,58746,2019-09-20,17.056549,0.018477,1,unclassified,2019
GaiaDR3_114808397128552576,58747,2019-09-21,17.094374,0.01759,1,unclassified,2019
GaiaDR3_114808397128552576,58749,2019-09-23,17.10408,0.017727,1,unclassified,2019
GaiaDR3_114808397128552576,58756,2019-09-30,17.092057,0.012842,2,unclassified,2019
GaiaDR3_114808397128552576,58757,2019-10-01,17.091131,0.017642,1,unclassified,2019
GaiaDR3_114808397128552576,58759,2019-10-03,17.105156,0.018841,1,unclassified,2019
GaiaDR3_114808397128552576,58763,2019-10-07,17.098783,0.0129,2,unclassified,2019
GaiaDR3_114808397128552576,58765,2019-10-09,17.089116,0.012828,2,unclassified,2019
GaiaDR3_114808397128552576,58766,2019-10-10,17.072857,0.012741,2,unclassified,2019
GaiaDR3_114808397128552576,58767,2019-10-11,17.060383,0.017395,1,unclassified,2019
GaiaDR3_114808397128552576,58769,2019-10-13,17.080347,0.012779,2,unclassified,2019
GaiaDR3_114808397128552576,58777,2019-10-21,17.095337,0.017596,1,unclassified,2019
GaiaDR3_114808397128552576,58778,2019-10-22,17.078114,0.017496,1,unclassified,2019
GaiaDR3_114808397128552576,58779,2019-10-23,17.099157,0.015023,2,unclassified,2019
GaiaDR3_114808397128552576,58781,2019-10-25,17.102497,0.021975,3,unclassified,2019
GaiaDR3_114808397128552576,58782,2019-10-26,17.060164,0.017393,1,unclassified,2019
GaiaDR3_114808397128552576,58784,2019-10-28,17.068327,0.013045,3,unclassified,2019
GaiaDR3_114808397128552576,58785,2019-10-29,17.096423,0.012499,2,unclassified,2019
GaiaDR3_114808397128552576,58786,2019-10-30,17.082683,0.012436,2,unclassified,2019
GaiaDR3_114808397128552576,58788,2019-11-01,17.089668,0.01212,3,unclassified,2019
GaiaDR3_114808397128552576,58789,2019-11-02,17.078455,0.008476,5,unclassified,2019
GaiaDR3_114808397128552576,58790,2019-11-03,17.08918,0.008435,6,unclassified,2019
GaiaDR3_114808397128552576,58791,2019-11-04,17.079874,0.012379,2,unclassified,2019
GaiaDR3_114808397128552576,58792,2019-11-05,17.085349,0.012401,2,unclassified,2019
GaiaDR3_114808397128552576,58794,2019-11-07,17.081019,0.010324,4,unclassified,2019
GaiaDR3_114808397128552576,58795,2019-11-08,17.068302,0.010122,3,unclassified,2019
GaiaDR3_114808397128552576,58797,2019-11-10,17.070379,0.013982,4,unclassified,2019
GaiaDR3_114808397128552576,58798,2019-11-11,17.059654,0.01739,1,unclassified,2019
GaiaDR3_114808397128552576,58801,2019-11-14,17.092278,0.012334,3,unclassified,2019
GaiaDR3_114808397128552576,58802,2019-11-15,17.08044,0.00904,4,unclassified,2019
GaiaDR3_114808397128552576,58803,2019-11-16,17.082249,0.017733,2,unclassified,2019
GaiaDR3_114808397128552576,58804,2019-11-17,17.084831,0.010143,3,unclassified,2019
GaiaDR3_114808397128552576,58805,2019-11-18,17.08235,0.0102,3,unclassified,2019
GaiaDR3_114808397128552576,58806,2019-11-19,17.091873,0.017882,3,unclassified,2019
GaiaDR3_114808397128552576,58811,2019-11-24,17.086068,0.007172,6,unclassified,2019
GaiaDR3_114808397128552576,58812,2019-11-25,17.072284,0.012348,2,unclassified,2019
GaiaDR3_114808397128552576,58813,2019-11-26,17.078761,0.014936,6,unclassified,2019
GaiaDR3_114808397128552576,58819,2019-12-02,17.070118,0.01281,2,unclassified,2019
GaiaDR3_114808397128552576,58828,2019-12-11,17.041164,0.018366,1,unclassified,2019
GaiaDR3_114808397128552576,58830,2019-12-13,17.093403,0.015998,3,unclassified,2019
GaiaDR3_114808397128552576,58831,2019-12-14,17.083519,0.017527,1,unclassified,2019
GaiaDR3_114808397128552576,58833,2019-12-16,17.088043,0.012815,2,unclassified,2019
GaiaDR3_114808397128552576,58836,2019-12-19,17.084681,0.012808,2,unclassified,2019
GaiaDR3_114808397128552576,58846,2019-12-29,17.076434,0.012771,2,unclassified,2019
GaiaDR3_114808397128552576,58849,2020-01-01,17.079593,0.009039,4,unclassified,2020
GaiaDR3_114808397128552576,58851,2020-01-03,17.064182,0.017416,1,unclassified,2020
GaiaDR3_114808397128552576,58852,2020-01-04,17.087819,0.009055,4,unclassified,2020
GaiaDR3_114808397128552576,58853,2020-01-05,17.077644,0.017493,1,unclassified,2020
GaiaDR3_114808397128552576,58855,2020-01-07,17.087231,0.018705,1,unclassified,2020
GaiaDR3_114808397128552576,58856,2020-01-08,17.098702,0.017615,1,unclassified,2020
GaiaDR3_114808397128552576,58859,2020-01-11,17.089458,0.012839,2,unclassified,2020
GaiaDR3_114808397128552576,58861,2020-01-13,17.076663,0.01277,2,unclassified,2020
GaiaDR3_114808397128552576,58862,2020-01-14,17.099583,0.017621,1,unclassified,2020
GaiaDR3_114808397128552576,58863,2020-01-15,17.074047,0.017472,1,unclassified,2020
GaiaDR3_114808397128552576,58864,2020-01-16,17.059442,0.017389,1,unclassified,2020
GaiaDR3_114808397128552576,58871,2020-01-23,17.077271,0.012763,2,unclassified,2020
GaiaDR3_114808397128552576,58876,2020-01-28,17.083751,0.012803,2,unclassified,2020
GaiaDR3_114808397128552576,58877,2020-01-29,17.071115,0.01818,2,unclassified,2020
GaiaDR3_114808397128552576,58880,2020-02-01,17.068581,0.012732,2,unclassified,2020
GaiaDR3_114808397128552576,58884,2020-02-05,17.062202,0.02483,2,unclassified,2020
GaiaDR3_114808397128552576,58886,2020-02-07,17.09864,0.017615,1,unclassified,2020
GaiaDR3_114808397128552576,58887,2020-02-08,17.085669,0.012819,2,unclassified,2020
GaiaDR3_114808397128552576,58890,2020-02-11,17.136201,0.030608,2,unclassified,2020
GaiaDR3_114808397128552576,58892,2020-02-13,17.082863,0.018672,1,unclassified,2020
GaiaDR3_114808397128552576,58893,2020-02-14,17.093195,0.012846,2,unclassified,2020
GaiaDR3_114808397128552576,58896,2020-02-17,17.080315,0.012796,2,unclassified,2020
GaiaDR3_114808397128552576,58899,2020-02-20,17.099544,0.012877,2,unclassified,2020
GaiaDR3_114808397128552576,58903,2020-02-24,17.09034,0.017567,1,unclassified,2020
GaiaDR3_114808397128552576,58904,2020-02-25,17.084135,0.012802,2,unclassified,2020
GaiaDR3_114808397128552576,58913,2020-03-05,17.08461,0.012801,2,unclassified,2020
GaiaDR3_114808397128552576,59047,2020-07-17,17.090767,0.018731,1,unclassified,2020
GaiaDR3_114808397128552576,59048,2020-07-18,17.08433,0.017532,1,unclassified,2020
GaiaDR3_114808397128552576,59050,2020-07-20,17.101704,0.018814,1,unclassified,2020
GaiaDR3_114808397128552576,59051,2020-07-21,17.11264,0.017698,1,unclassified,2020
GaiaDR3_114808397128552576,59053,2020-07-23,17.07173,0.018589,1,unclassified,2020
GaiaDR3_114808397128552576,59054,2020-07-24,17.083874,0.017529,1,unclassified,2020
GaiaDR3_114808397128552576,59056,2020-07-26,17.12653,0.019006,1,unclassified,2020
GaiaDR3_114808397128552576,59057,2020-07-27,17.099266,0.017619,1,unclassified,2020
GaiaDR3_114808397128552576,59065,2020-08-04,17.090488,0.020442,2,unclassified,2020
GaiaDR3_114808397128552576,59067,2020-08-06,17.081149,0.014143,2,unclassified,2020
GaiaDR3_114808397128552576,59068,2020-08-07,17.074596,0.009016,4,unclassified,2020
GaiaDR3_114808397128552576,59069,2020-08-08,17.097687,0.018784,1,unclassified,2020
GaiaDR3_114808397128552576,59071,2020-08-10,17.082474,0.017521,1,unclassified,2020
GaiaDR3_114808397128552576,59075,2020-08-14,17.092128,0.013253,2,unclassified,2020
GaiaDR3_114808397128552576,59076,2020-08-15,17.087591,0.012828,2,unclassified,2020
GaiaDR3_114808397128552576,59077,2020-08-16,17.090454,0.017567,1,unclassified,2020
GaiaDR3_114808397128552576,59080,2020-08-19,17.08135,0.012789,2,unclassified,2020
GaiaDR3_114808397128552576,59081,2020-08-20,17.103569,0.017644,1,unclassified,2020
GaiaDR3_114808397128552576,59082,2020-08-21,17.086378,0.009042,4,unclassified,2020
GaiaDR3_114808397128552576,59083,2020-08-22,17.111353,0.01769,1,unclassified,2020
GaiaDR3_114808397128552576,59084,2020-08-23,17.069767,0.017448,1,unclassified,2020
GaiaDR3_114808397128552576,59085,2020-08-24,17.09621,0.012446,2,unclassified,2020
GaiaDR3_114808397128552576,59086,2020-08-25,17.102476,0.010236,3,unclassified,2020
GaiaDR3_114808397128552576,59087,2020-08-26,17.083612,0.017527,1,unclassified,2020
GaiaDR3_114808397128552576,59088,2020-08-27,17.087669,0.012822,2,unclassified,2020
GaiaDR3_114808397128552576,59089,2020-08-28,17.110134,0.017683,1,unclassified,2020
GaiaDR3_114808397128552576,59090,2020-08-29,17.083132,0.012802,2,unclassified,2020
GaiaDR3_114808397128552576,59091,2020-08-30,17.079342,0.012774,2,unclassified,2020
GaiaDR3_114808397128552576,59092,2020-08-31,17.089133,0.012827,2,unclassified,2020
GaiaDR3_114808397128552576,59093,2020-09-01,17.09136,0.012843,2,unclassified,2020
GaiaDR3_114808397128552576,59096,2020-09-04,17.091498,0.012834,2,unclassified,2020
GaiaDR3_114808397128552576,59097,2020-09-05,17.100791,0.023784,2,unclassified,2020
GaiaDR3_114808397128552576,59106,2020-09-14,17.082149,0.010153,3,unclassified,2020
GaiaDR3_114808397128552576,59107,2020-09-15,17.102669,0.017639,1,unclassified,2020
GaiaDR3_114808397128552576,59110,2020-09-18,17.08856,0.012823,2,unclassified,2020
GaiaDR3_114808397128552576,59111,2020-09-19,17.108734,0.017675,1,unclassified,2020
GaiaDR3_114808397128552576,59112,2020-09-20,17.092644,0.01758,1,unclassified,2020
GaiaDR3_114808397128552576,59113,2020-09-21,17.121391,0.018966,1,unclassified,2020
GaiaDR3_114808397128552576,59115,2020-09-23,17.081696,0.017516,1,unclassified,2020
GaiaDR3_114808397128552576,59116,2020-09-24,17.101086,0.01881,1,unclassified,2020
GaiaDR3_114808397128552576,59117,2020-09-25,17.089695,0.018723,1,unclassified,2020
GaiaDR3_114808397128552576,59118,2020-09-26,17.079739,0.012378,2,unclassified,2020
GaiaDR3_114808397128552576,59119,2020-09-27,17.090681,0.013245,2,unclassified,2020
GaiaDR3_114808397128552576,59120,2020-09-28,17.068676,0.018248,2,unclassified,2020
GaiaDR3_114808397128552576,59121,2020-09-29,17.083856,0.012801,2,unclassified,2020
GaiaDR3_114808397128552576,59122,2020-09-30,17.082166,0.012793,2,unclassified,2020
GaiaDR3_114808397128552576,59123,2020-10-01,17.089535,0.017562,1,unclassified,2020
GaiaDR3_114808397128552576,59125,2020-10-03,17.073957,0.012355,2,unclassified,2020
GaiaDR3_114808397128552576,59128,2020-10-06,17.079208,0.018645,1,unclassified,2020
GaiaDR3_114808397128552576,59129,2020-10-07,17.078833,0.0175,1,unclassified,2020
GaiaDR3_114808397128552576,59130,2020-10-08,17.0625,0.018521,1,unclassified,2020
GaiaDR3_114808397128552576,59131,2020-10-09,17.093662,0.017586,1,unclassified,2020
GaiaDR3_114808397128552576,59134,2020-10-12,17.081686,0.01279,2,unclassified,2020
GaiaDR3_114808397128552576,59136,2020-10-14,17.109714,0.01768,1,unclassified,2020
GaiaDR3_114808397128552576,59140,2020-10-18,17.08861,0.017556,1,unclassified,2020
GaiaDR3_114808397128552576,59142,2020-10-20,17.080055,0.017507,1,unclassified,2020
GaiaDR3_114808397128552576,59144,2020-10-22,17.082783,0.017523,1,unclassified,2020
GaiaDR3_114808397128552576,59150,2020-10-28,17.084611,0.012813,2,unclassified,2020
GaiaDR3_114808397128552576,59152,2020-10-30,17.087992,0.012821,2,unclassified,2020
GaiaDR3_114808397128552576,59156,2020-11-03,17.06043,0.012696,2,unclassified,2020
GaiaDR3_114808397128552576,59158,2020-11-05,17.079072,0.012781,2,unclassified,2020
GaiaDR3_114808397128552576,59165,2020-11-12,17.082576,0.0128,2,unclassified,2020
GaiaDR3_114808397128552576,59167,2020-11-14,17.090911,0.012834,2,unclassified,2020
GaiaDR3_114808397128552576,59169,2020-11-16,17.094482,0.012848,2,unclassified,2020
GaiaDR3_114808397128552576,59171,2020-11-18,17.090763,0.017569,1,unclassified,2020
GaiaDR3_114808397128552576,59173,2020-11-20,17.088964,0.013696,2,unclassified,2020
GaiaDR3_114808397128552576,59177,2020-11-24,17.090241,0.017566,1,unclassified,2020
GaiaDR3_114808397128552576,59178,2020-11-25,17.077816,0.018634,1,unclassified,2020
GaiaDR3_114808397128552576,59179,2020-11-26,17.092934,0.017582,1,unclassified,2020
GaiaDR3_114808397128552576,59180,2020-11-27,17.069633,0.018573,1,unclassified,2020
GaiaDR3_114808397128552576,59183,2020-11-30,17.102547,0.018821,1,unclassified,2020
GaiaDR3_114808397128552576,59184,2020-12-01,17.080769,0.017511,1,unclassified,2020
GaiaDR3_114808397128552576,59185,2020-12-02,17.07333,0.018601,1,unclassified,2020
GaiaDR3_114808397128552576,59186,2020-12-03,17.025009,0.017198,1,unclassified,2020
GaiaDR3_114808397128552576,59187,2020-12-04,17.07864,0.01864,1,unclassified,2020
GaiaDR3_114808397128552576,59188,2020-12-05,17.059399,0.017389,1,unclassified,2020
GaiaDR3_114808397128552576,59192,2020-12-09,17.121685,0.018968,1,unclassified,2020
GaiaDR3_114808397128552576,59193,2020-12-10,17.102366,0.017637,1,unclassified,2020
GaiaDR3_114808397128552576,59198,2020-12-15,17.076572,0.017487,1,unclassified,2020
GaiaDR3_114808397128552576,59199,2020-12-16,17.090208,0.018727,1,unclassified,2020
GaiaDR3_114808397128552576,59200,2020-12-17,17.080727,0.017511,1,unclassified,2020
GaiaDR3_114808397128552576,59202,2020-12-19,17.094704,0.018761,1,unclassified,2020
GaiaDR3_114808397128552576,59203,2020-12-20,17.078743,0.017499,1,unclassified,2020
GaiaDR3_114808397128552576,59204,2020-12-21,17.095375,0.018766,1,unclassified,2020
GaiaDR3_114808397128552576,59205,2020-12-22,17.084206,0.017531,1,unclassified,2020
GaiaDR3_114808397128552576,59210,2020-12-27,17.090603,0.01873,1,unclassified,2020
GaiaDR3_114808397128552576,59211,2020-12-28,17.054611,0.017362,1,unclassified,2020
GaiaDR3_114808397128552576,59216,2021-01-02,17.093016,0.012846,2,unclassified,2021
GaiaDR3_114808397128552576,59218,2021-01-04,17.082693,0.012806,2,unclassified,2021
GaiaDR3_114808397128552576,59220,2021-01-06,17.085791,0.01281,2,unclassified,2021
GaiaDR3_114808397128552576,59224,2021-01-10,17.064323,0.012714,2,unclassified,2021
GaiaDR3_114808397128552576,59226,2021-01-12,17.08173,0.017517,1,unclassified,2021
GaiaDR3_114808397128552576,59227,2021-01-13,17.056061,0.018474,1,unclassified,2021
GaiaDR3_114808397128552576,59228,2021-01-14,17.082733,0.017522,1,unclassified,2021
GaiaDR3_114808397128552576,59229,2021-01-15,17.065706,0.018544,1,unclassified,2021
GaiaDR3_114808397128552576,59230,2021-01-16,17.097362,0.017608,1,unclassified,2021
GaiaDR3_114808397128552576,59231,2021-01-17,17.090317,0.018728,1,unclassified,2021
GaiaDR3_114808397128552576,59232,2021-01-18,17.063709,0.017413,1,unclassified,2021
GaiaDR3_114808397128552576,59233,2021-01-19,17.093769,0.018754,1,unclassified,2021
GaiaDR3_114808397128552576,59243,2021-01-29,17.135208,0.017833,1,unclassified,2021
GaiaDR3_114808397128552576,59248,2021-02-03,17.081333,0.017514,1,unclassified,2021
GaiaDR3_114808397128552576,59250,2021-02-05,17.066414,0.017429,1,unclassified,2021
GaiaDR3_114808397128552576,59251,2021-02-06,17.089099,0.012416,2,unclassified,2021
GaiaDR3_114808397128552576,59252,2021-02-07,17.080889,0.017512,1,unclassified,2021
GaiaDR3_114808397128552576,59253,2021-02-08,17.086758,0.012815,2,unclassified,2021
GaiaDR3_114808397128552576,59255,2021-02-10,17.08683,0.012812,2,unclassified,2021
GaiaDR3_114808397128552576,59257,2021-02-12,17.099954,0.012882,2,unclassified,2021
GaiaDR3_114808397128552576,59260,2021-02-15,17.094172,0.017589,1,unclassified,2021
GaiaDR3_114808397128552576,59265,2021-02-20,17.104628,0.018837,1,unclassified,2021
GaiaDR3_114808397128552576,59266,2021-02-21,17.070583,0.017453,1,unclassified,2021
GaiaDR3_114808397128552576,59267,2021-02-22,17.177254,0.019414,1,unclassified,2021
GaiaDR3_114808397128552576,59268,2021-02-23,17.095806,0.017598,1,unclassified,2021
GaiaDR3_114808397128552576,59269,2021-02-24,17.078037,0.018636,1,unclassified,2021
GaiaDR3_114808397128552576,59270,2021-02-25,17.07383,0.017471,1,unclassified,2021
GaiaDR3_114808397128552576,59271,2021-02-26,17.067822,0.01856,1,unclassified,2021
GaiaDR3_114808397128552576,59272,2021-02-27,17.08626,0.017543,1,unclassified,2021
GaiaDR3_114808397128552576,59274,2021-03-01,17.111868,0.012936,2,unclassified,2021
GaiaDR3_114808397128552576,59276,2021-03-03,17.078785,0.012775,2,unclassified,2021
GaiaDR3_114808397128552576,59280,2021-03-07,17.088833,0.018717,1,unclassified,2021
GaiaDR3_114808397128552576,59414,2021-07-19,17.093002,0.018748,1,unclassified,2021
GaiaDR3_114808397128552576,59417,2021-07-22,17.111282,0.018888,1,unclassified,2021
GaiaDR3_114808397128552576,59422,2021-07-27,17.076977,0.018628,1,unclassified,2021
GaiaDR3_114808397128552576,59424,2021-07-29,17.051581,0.012652,2,unclassified,2021
GaiaDR3_114808397128552576,59428,2021-08-02,17.075636,0.018618,1,unclassified,2021
GaiaDR3_114808397128552576,59429,2021-08-03,17.101543,0.012887,2,unclassified,2021
GaiaDR3_114808397128552576,59434,2021-08-08,17.087368,0.012818,2,unclassified,2021
GaiaDR3_114808397128552576,59435,2021-08-09,17.111828,0.018892,1,unclassified,2021
GaiaDR3_114808397128552576,59436,2021-08-10,17.098405,0.012863,2,unclassified,2021
GaiaDR3_114808397128552576,59438,2021-08-12,17.103102,0.018825,1,unclassified,2021
GaiaDR3_114808397128552576,59439,2021-08-13,17.090864,0.01757,1,unclassified,2021
GaiaDR3_114808397128552576,59440,2021-08-14,17.117016,0.017724,1,unclassified,2021
GaiaDR3_114808397128552576,59443,2021-08-17,17.107107,0.012922,2,unclassified,2021
GaiaDR3_114808397128552576,59449,2021-08-23,17.095118,0.012854,2,unclassified,2021
GaiaDR3_114808397128552576,59452,2021-08-26,17.087976,0.01871,1,unclassified,2021
GaiaDR3_114808397128552576,59453,2021-08-27,17.080263,0.017508,1,unclassified,2021
GaiaDR3_114808397128552576,59459,2021-09-02,17.080204,0.017508,1,unclassified,2021
GaiaDR3_114808397128552576,59461,2021-09-04,17.087147,0.017548,1,unclassified,2021
GaiaDR3_114808397128552576,59463,2021-09-06,17.102276,0.017636,1,unclassified,2021
GaiaDR3_114808397128552576,59465,2021-09-08,17.082668,0.015467,2,unclassified,2021
GaiaDR3_114808397128552576,59467,2021-09-10,17.093997,0.012853,2,unclassified,2021
GaiaDR3_114808397128552576,59469,2021-09-12,17.077158,0.012777,2,unclassified,2021
GaiaDR3_114808397128552576,59471,2021-09-14,17.1036,0.012901,2,unclassified,2021
GaiaDR3_114808397128552576,59474,2021-09-17,17.073045,0.012753,2,unclassified,2021
GaiaDR3_114808397128552576,59477,2021-09-20,17.102177,0.012879,2,unclassified,2021
GaiaDR3_114808397128552576,59479,2021-09-22,17.080524,0.01751,1,unclassified,2021
GaiaDR3_114808397128552576,59483,2021-09-26,17.067162,0.018555,1,unclassified,2021
GaiaDR3_114808397128552576,59484,2021-09-27,17.054317,0.01736,1,unclassified,2021
GaiaDR3_114808397128552576,59488,2021-10-01,17.094122,0.012856,2,unclassified,2021
GaiaDR3_114808397128552576,59498,2021-10-11,17.093745,0.01286,2,unclassified,2021
GaiaDR3_114808397128552576,59503,2021-10-16,17.080293,0.012787,2,unclassified,2021
GaiaDR3_114808397128552576,59505,2021-10-18,17.067009,0.012993,2,unclassified,2021
GaiaDR3_114808397128552576,59517,2021-10-30,17.093147,0.017583,1,unclassified,2021
GaiaDR3_114808397128552576,59521,2021-11-03,17.079235,0.012786,2,unclassified,2021
GaiaDR3_114808397128552576,59525,2021-11-07,17.097861,0.012866,2,unclassified,2021
GaiaDR3_114808397128552576,59527,2021-11-09,17.087541,0.012818,2,unclassified,2021
GaiaDR3_114808397128552576,59530,2021-11-12,17.080725,0.012788,2,unclassified,2021
GaiaDR3_114808397128552576,59532,2021-11-14,17.080563,0.012788,2,unclassified,2021
GaiaDR3_114808397128552576,59538,2021-11-20,17.084984,0.018688,1,unclassified,2021
GaiaDR3_114808397128552576,59540,2021-11-22,17.055653,0.017368,1,unclassified,2021
GaiaDR3_114808397128552576,59542,2021-11-24,17.103517,0.018828,1,unclassified,2021
GaiaDR3_114808397128552576,59622,2022-02-12,17.069805,0.015704,2,unclassified,2022
GaiaDR3_114808397128552576,59623,2022-02-13,17.064611,0.017418,1,unclassified,2022
GaiaDR3_114808397128552576,59625,2022-02-15,17.058897,0.017386,1,unclassified,2022
GaiaDR3_114808397128552576,59627,2022-02-17,17.086747,0.012813,2,unclassified,2022
GaiaDR3_114808397128552576,59629,2022-02-19,17.10445,0.012905,2,unclassified,2022
GaiaDR3_114808397128552576,59636,2022-02-26,17.087204,0.017548,1,unclassified,2022
GaiaDR3_114808397128552576,59640,2022-03-02,17.082301,0.012786,2,unclassified,2022
GaiaDR3_114808397128552576,59757,2022-06-27,17.085589,0.021716,5,unclassified,2022
GaiaDR3_114808397128552576,59787,2022-07-27,17.10498,0.018839,1,unclassified,2022
GaiaDR3_114808397128552576,59798,2022-08-07,17.066521,0.017684,2,unclassified,2022
GaiaDR3_114808397128552576,59801,2022-08-10,17.07381,0.012748,2,unclassified,2022
GaiaDR3_114808397128552576,59803,2022-08-12,17.063206,0.017411,1,unclassified,2022
GaiaDR3_114808397128552576,59806,2022-08-15,17.117859,0.017729,1,unclassified,2022
GaiaDR3_114808397128552576,59807,2022-08-16,17.066784,0.018552,1,unclassified,2022
GaiaDR3_114808397128552576,59811,2022-08-20,17.085421,0.012819,2,unclassified,2022
GaiaDR3_114808397128552576,59814,2022-08-23,17.096339,0.014932,2,unclassified,2022
GaiaDR3_114808397128552576,59816,2022-08-25,17.086171,0.012823,2,unclassified,2022
GaiaDR3_114808397128552576,59818,2022-08-27,17.079891,0.017506,1,unclassified,2022
GaiaDR3_114808397128552576,59821,2022-08-30,17.091301,0.012846,2,unclassified,2022
GaiaDR3_114808397128552576,59824,2022-09-02,17.1065,0.013447,2,unclassified,2022
GaiaDR3_114808397128552576,59828,2022-09-06,17.124351,0.018989,1,unclassified,2022
GaiaDR3_114808397128552576,59829,2022-09-07,17.077889,0.017494,1,unclassified,2022
GaiaDR3_114808397128552576,59839,2022-09-17,17.093874,0.010828,3,unclassified,2022
GaiaDR3_114808397128552576,59840,2022-09-18,17.077049,0.010098,3,unclassified,2022
GaiaDR3_114808397128552576,59841,2022-09-19,17.10539,0.013324,2,unclassified,2022
GaiaDR3_114808397128552576,59842,2022-09-20,17.078644,0.017499,1,unclassified,2022
GaiaDR3_114808397128552576,59843,2022-09-21,17.096741,0.018777,1,unclassified,2022
GaiaDR3_114808397128552576,59844,2022-09-22,17.086925,0.017547,1,unclassified,2022
GaiaDR3_114808397128552576,59846,2022-09-24,17.07682,0.018627,1,unclassified,2022
GaiaDR3_114808397128552576,59847,2022-09-25,17.085171,0.017536,1,unclassified,2022
GaiaDR3_114808397128552576,59849,2022-09-27,17.099688,0.017621,1,unclassified,2022
GaiaDR3_114808397128552576,59851,2022-09-29,17.079822,0.017506,1,unclassified,2022
GaiaDR3_114808397128552576,59854,2022-10-02,17.097607,0.017609,1,unclassified,2022
GaiaDR3_114808397128552576,59856,2022-10-04,17.09827,0.012871,2,unclassified,2022
GaiaDR3_114808397128552576,59858,2022-10-06,17.088041,0.012821,2,unclassified,2022
GaiaDR3_114808397128552576,59860,2022-10-08,17.072403,0.012741,2,unclassified,2022
GaiaDR3_114808397128552576,59862,2022-10-10,17.09647,0.018775,1,unclassified,2022
GaiaDR3_114808397128552576,59866,2022-10-14,17.049379,0.017333,1,unclassified,2022
GaiaDR3_114808397128552576,59867,2022-10-15,17.094761,0.018762,1,unclassified,2022
GaiaDR3_114808397128552576,59870,2022-10-18,17.126774,0.019008,1,unclassified,2022
GaiaDR3_114808397128552576,59871,2022-10-19,17.083227,0.017525,1,unclassified,2022
GaiaDR3_114808397128552576,59872,2022-10-20,17.100693,0.018807,1,unclassified,2022
GaiaDR3_114808397128552576,59876,2022-10-24,17.115629,0.017716,1,unclassified,2022
GaiaDR3_114808397128552576,59877,2022-10-25,17.096682,0.018776,1,unclassified,2022
GaiaDR3_114808397128552576,59879,2022-10-27,17.090843,0.018732,1,unclassified,2022
GaiaDR3_114808397128552576,59880,2022-10-28,17.084028,0.01753,1,unclassified,2022
GaiaDR3_114808397128552576,59883,2022-10-31,17.098951,0.018793,1,unclassified,2022
GaiaDR3_114808397128552576,59887,2022-11-04,17.088091,0.017553,1,unclassified,2022
GaiaDR3_114808397128552576,59888,2022-11-05,17.141483,0.019124,1,unclassified,2022
GaiaDR3_114808397128552576,59889,2022-11-06,17.107433,0.017667,1,unclassified,2022
GaiaDR3_114808397128552576,59893,2022-11-10,17.08223,0.018667,1,unclassified,2022
GaiaDR3_114808397128552576,59894,2022-11-11,17.105417,0.017655,1,unclassified,2022
GaiaDR3_114808397128552576,59895,2022-11-12,17.086727,0.018701,1,unclassified,2022
GaiaDR3_114808397128552576,59896,2022-11-13,17.070923,0.017454,1,unclassified,2022
GaiaDR3_114808397128552576,59897,2022-11-14,17.097191,0.01878,1,unclassified,2022
GaiaDR3_114808397128552576,59898,2022-11-15,17.077707,0.017493,1,unclassified,2022
GaiaDR3_114808397128552576,59899,2022-11-16,17.127613,0.019015,1,unclassified,2022
GaiaDR3_114808397128552576,59900,2022-11-17,17.08033,0.017508,1,unclassified,2022
GaiaDR3_114808397128552576,59902,2022-11-19,17.05838,0.017383,1,unclassified,2022
GaiaDR3_114808397128552576,59903,2022-11-20,17.104832,0.018838,1,unclassified,2022
GaiaDR3_114808397128552576,59904,2022-11-21,17.063209,0.017411,1,unclassified,2022
GaiaDR3_114808397128552576,59906,2022-11-23,17.084335,0.017532,1,unclassified,2022
GaiaDR3_114808397128552576,59909,2022-11-26,17.08185,0.017517,1,unclassified,2022
GaiaDR3_114808397128552576,59910,2022-11-27,17.095476,0.018767,1,unclassified,2022
GaiaDR3_114808397128552576,59913,2022-11-30,17.058046,0.017381,1,unclassified,2022
GaiaDR3_114808397128552576,59922,2022-12-09,17.097815,0.012863,2,unclassified,2022
GaiaDR3_114808397128552576,59928,2022-12-15,17.100765,0.018807,1,unclassified,2022
GaiaDR3_114808397128552576,59932,2022-12-19,17.088358,0.012825,2,unclassified,2022
GaiaDR3_114808397128552576,59934,2022-12-21,17.076771,0.01424,2,unclassified,2022
GaiaDR3_114808397128552576,59967,2023-01-23,17.071564,0.012746,2,unclassified,2023
GaiaDR3_114808397128552576,59969,2023-01-25,17.091459,0.018737,1,unclassified,2023
GaiaDR3_114808397128552576,59972,2023-01-28,17.106344,0.01766,1,unclassified,2023
GaiaDR3_114808397128552576,59978,2023-02-03,17.09235,0.017578,1,unclassified,2023
GaiaDR3_114808397128552576,59980,2023-02-05,17.056034,0.01737,1,unclassified,2023
GaiaDR3_114808397128552576,59985,2023-02-10,17.090801,0.017569,1,unclassified,2023
GaiaDR3_114808397128552576,59991,2023-02-16,17.095867,0.017599,1,unclassified,2023
GaiaDR3_114808397128552576,59994,2023-02-19,17.088306,0.017555,1,unclassified,2023
GaiaDR3_114808397128552576,60152,2023-07-27,17.10747,0.018859,1,unclassified,2023
GaiaDR3_114808397128552576,60155,2023-07-30,17.097675,0.018784,1,unclassified,2023
GaiaDR3_114808397128552576,60159,2023-08-03,17.082233,0.018667,1,unclassified,2023
GaiaDR3_114808397128552576,60161,2023-08-05,17.064728,0.017419,1,unclassified,2023
GaiaDR3_114808397128552576,60168,2023-08-12,17.086261,0.012809,2,unclassified,2023
GaiaDR3_114808397128552576,60171,2023-08-15,17.101191,0.012896,2,unclassified,2023
GaiaDR3_114808397128552576,60174,2023-08-18,17.08359,0.012806,2,unclassified,2023
GaiaDR3_114808397128552576,60181,2023-08-25,17.102776,0.018823,1,unclassified,2023
GaiaDR3_114808397128552576,60182,2023-08-26,17.094452,0.01759,1,unclassified,2023
GaiaDR3_114808397128552576,60183,2023-08-27,17.083025,0.018673,1,unclassified,2023
GaiaDR3_114808397128552576,60184,2023-08-28,17.076773,0.017488,1,unclassified,2023
GaiaDR3_114808397128552576,60185,2023-08-29,17.084663,0.018685,1,unclassified,2023
GaiaDR3_114808397128552576,60186,2023-08-30,17.043133,0.017298,1,unclassified,2023
GaiaDR3_114808397128552576,60193,2023-09-06,17.098392,0.018789,1,unclassified,2023
GaiaDR3_114808397128552576,60194,2023-09-07,17.081194,0.017513,1,unclassified,2023
GaiaDR3_114808397128552576,60196,2023-09-09,17.099012,0.018794,1,unclassified,2023
GaiaDR3_114808397128552576,60198,2023-09-11,17.067116,0.017433,1,unclassified,2023
GaiaDR3_114808397128552576,60201,2023-09-14,17.07589,0.017483,1,unclassified,2023
GaiaDR3_114808397128552576,60203,2023-09-16,17.073406,0.017469,1,unclassified,2023
GaiaDR3_114808397128552576,60205,2023-09-18,17.076569,0.012774,2,unclassified,2023
GaiaDR3_114808397128552576,60207,2023-09-20,17.072971,0.017466,1,unclassified,2023
GaiaDR3_114808397128552576,60211,2023-09-24,17.088695,0.017535,2,unclassified,2023
GaiaDR3_114808397128552576,60213,2023-09-26,17.073339,0.012752,2,unclassified,2023
GaiaDR3_114808397128552576,60215,2023-09-28,17.086632,0.012813,2,unclassified,2023
GaiaDR3_114808397128552576,60217,2023-09-30,17.061,0.012692,2,unclassified,2023
GaiaDR3_114808397128552576,60222,2023-10-05,17.100586,0.012885,2,unclassified,2023
GaiaDR3_114808397128552576,60224,2023-10-07,17.090656,0.012845,2,unclassified,2023
GaiaDR3_114808397128552576,60230,2023-10-13,17.040638,0.017284,1,unclassified,2023
GaiaDR3_114808397128552576,60232,2023-10-15,17.086838,0.012815,2,unclassified,2023
GaiaDR3_114808397128552576,60234,2023-10-17,17.090086,0.013445,2,unclassified,2023
GaiaDR3_114808397128552576,60236,2023-10-19,17.086265,0.012821,2,unclassified,2023
GaiaDR3_114808397128552576,60238,2023-10-21,17.082124,0.014447,2,unclassified,2023
GaiaDR3_114808397128552576,60241,2023-10-24,17.077409,0.012775,2,unclassified,2023
GaiaDR3_114808397128552576,60244,2023-10-27,17.063244,0.012709,2,unclassified,2023
GaiaDR3_114808397128552576,60250,2023-11-02,17.057948,0.014998,2,unclassified,2023
GaiaDR3_114808397128552576,60252,2023-11-04,17.076408,0.012769,2,unclassified,2023
GaiaDR3_114808397128552576,60254,2023-11-06,17.083354,0.012802,2,unclassified,2023
GaiaDR3_114808397128552576,60257,2023-11-09,17.085859,0.012809,2,unclassified,2023
GaiaDR3_114808397128552576,60259,2023-11-11,17.084831,0.01281,2,unclassified,2023
GaiaDR3_114808397128552576,60261,2023-11-13,17.090757,0.012841,2,unclassified,2023
GaiaDR3_114808397128552576,60268,2023-11-20,17.125244,0.018996,1,unclassified,2023
GaiaDR3_114808397128552576,60287,2023-12-09,17.090584,0.01873,1,unclassified,2023
GaiaDR3_114808397128552576,60290,2023-12-12,17.074232,0.017473,1,unclassified,2023
GaiaDR3_114808397128552576,60291,2023-12-13,17.108223,0.018864,1,unclassified,2023
GaiaDR3_114808397128552576,60295,2023-12-17,17.074604,0.017476,1,unclassified,2023
GaiaDR3_114808397128552576,60305,2023-12-27,17.08452,0.018684,1,unclassified,2023
GaiaDR3_114808397128552576,60307,2023-12-29,17.088589,0.018715,1,unclassified,2023
GaiaDR3_114808397128552576,60314,2024-01-05,17.08725,0.012821,2,unclassified,2024
GaiaDR3_114808397128552576,60322,2024-01-13,17.069698,0.018574,1,unclassified,2024
GaiaDR3_114808397128552576,60323,2024-01-14,17.075504,0.017481,1,unclassified,2024
GaiaDR3_114808397128552576,60324,2024-01-15,17.099625,0.018799,1,unclassified,2024
GaiaDR3_114808397128552576,60325,2024-01-16,17.06801,0.017438,1,unclassified,2024
GaiaDR3_114808397128552576,60326,2024-01-17,17.079086,0.018644,1,unclassified,2024
GaiaDR3_114808397128552576,60327,2024-01-18,17.083801,0.017529,1,unclassified,2024
GaiaDR3_114808397128552576,60336,2024-01-27,16.997951,0.017051,1,unclassified,2024
GaiaDR3_114808397128552576,60340,2024-01-31,17.092065,0.012834,2,unclassified,2024
GaiaDR3_114808397128552576,60351,2024-02-11,17.067464,0.012726,2,unclassified,2024
GaiaDR3_114808397128552576,60353,2024-02-13,17.077843,0.012773,2,unclassified,2024
GaiaDR3_114808397128552576,60357,2024-02-17,17.098618,0.018791,1,unclassified,2024
GaiaDR3_114808397128552576,60378,2024-03-09,17.093937,0.012854,2,unclassified,2024
GaiaDR3_114808397128552576,60513,2024-07-22,17.095209,0.018765,1,unclassified,2024
GaiaDR3_114808397128552576,60515,2024-07-24,17.092424,0.018744,1,unclassified,2024
GaiaDR3_114808397128552576,60518,2024-07-27,17.076831,0.012765,2,unclassified,2024
GaiaDR3_114808397128552576,60524,2024-08-02,17.090843,0.018732,1,unclassified,2024
GaiaDR3_114808397128552576,60526,2024-08-04,17.078205,0.012776,2,unclassified,2024
GaiaDR3_114808397128552576,60528,2024-08-06,17.093693,0.018753,1,unclassified,2024
GaiaDR3_114808397128552576,60537,2024-08-15,17.095715,0.018769,1,unclassified,2024
GaiaDR3_114808397128552576,60539,2024-08-17,17.084019,0.01753,1,unclassified,2024
GaiaDR3_114808397128552576,60540,2024-08-18,17.085815,0.018694,1,unclassified,2024
GaiaDR3_114808397128552576,60544,2024-08-22,17.072265,0.012744,2,unclassified,2024
GaiaDR3_114808397128552576,60548,2024-08-26,17.095985,0.018771,1,unclassified,2024
GaiaDR3_114808397128552576,60549,2024-08-27,17.083374,0.017526,1,unclassified,2024
GaiaDR3_114808397128552576,60550,2024-08-28,17.099476,0.018797,1,unclassified,2024
GaiaDR3_114808397128552576,60551,2024-08-29,17.067665,0.017436,1,unclassified,2024
GaiaDR3_114808397128552576,60552,2024-08-30,17.095108,0.018764,1,unclassified,2024
GaiaDR3_114808397128552576,60554,2024-09-01,17.071579,0.017458,1,unclassified,2024
GaiaDR3_114808397128552576,60556,2024-09-03,17.100584,0.017626,1,unclassified,2024
GaiaDR3_114808397128552576,60557,2024-09-04,17.114594,0.018913,1,unclassified,2024
GaiaDR3_114808397128552576,60558,2024-09-05,17.06012,0.017393,1,unclassified,2024
GaiaDR3_114808397128552576,60559,2024-09-06,17.112553,0.018898,1,unclassified,2024
GaiaDR3_114808397128552576,60560,2024-09-07,17.092194,0.017577,1,unclassified,2024
GaiaDR3_114808397128552576,60562,2024-09-09,17.095782,0.012855,2,unclassified,2024
GaiaDR3_114808397128552576,60568,2024-09-15,17.086956,0.012821,2,unclassified,2024
GaiaDR3_114808397128552576,60572,2024-09-19,17.065152,0.012709,2,unclassified,2024
GaiaDR3_114808397128552576,60576,2024-09-23,17.080057,0.012782,2,unclassified,2024
GaiaDR3_114808397128552576,60577,2024-09-24,17.082516,0.012805,2,unclassified,2024
GaiaDR3_114808397128552576,60579,2024-09-26,17.076624,0.012775,2,unclassified,2024
GaiaDR3_114808397128552576,60582,2024-09-29,17.079847,0.013831,2,unclassified,2024
GaiaDR3_114808397128552576,60592,2024-10-09,17.090149,0.012829,2,unclassified,2024
GaiaDR3_114808397128552576,60594,2024-10-11,17.078751,0.012776,2,unclassified,2024
GaiaDR3_114808397128552576,60596,2024-10-13,17.081252,0.012792,2,unclassified,2024
GaiaDR3_114808397128552576,60598,2024-10-15,17.08515,0.012812,2,unclassified,2024
GaiaDR3_114808397128552576,60600,2024-10-17,17.066772,0.012712,2,unclassified,2024
GaiaDR3_114808397128552576,60603,2024-10-20,17.081396,0.018661,1,unclassified,2024
GaiaDR3_114808397128552576,60604,2024-10-21,17.060314,0.017394,1,unclassified,2024
GaiaDR3_114808397128552576,60606,2024-10-23,17.079153,0.017502,1,unclassified,2024
GaiaDR3_114808397128552576,60607,2024-10-24,17.09421,0.018757,1,unclassified,2024
GaiaDR3_114808397128552576,60608,2024-10-25,17.075844,0.017483,1,unclassified,2024
GaiaDR3_114808397128552576,60610,2024-10-27,17.063625,0.017413,1,unclassified,2024
GaiaDR3_114808397128552576,60614,2024-10-31,17.070373,0.017451,1,unclassified,2024
GaiaDR3_114808397128552576,60615,2024-11-01,17.1082,0.018864,1,unclassified,2024
GaiaDR3_114808397128552576,60616,2024-11-02,17.058239,0.017382,1,unclassified,2024
GaiaDR3_114808397128552576,60618,2024-11-04,17.099386,0.018797,1,unclassified,2024
GaiaDR3_114808397128552576,60619,2024-11-05,17.074867,0.017477,1,unclassified,2024
GaiaDR3_114808397128552576,60621,2024-11-07,17.085087,0.017536,1,unclassified,2024
GaiaDR3_114808397128552576,60622,2024-11-08,17.100487,0.018805,1,unclassified,2024
GaiaDR3_114808397128552576,60623,2024-11-09,17.087881,0.017552,1,unclassified,2024
GaiaDR3_114808397128552576,60624,2024-11-10,17.096128,0.018772,1,unclassified,2024
GaiaDR3_114808397128552576,60627,2024-11-13,17.071697,0.017459,1,unclassified,2024
GaiaDR3_114808397128552576,60631,2024-11-17,17.081515,0.020982,2,unclassified,2024
GaiaDR3_114808397128552576,60634,2024-11-20,17.079448,0.012784,2,unclassified,2024
GaiaDR3_114808397128552576,60636,2024-11-22,17.091797,0.012841,2,unclassified,2024
GaiaDR3_114808397128552576,60647,2024-12-03,17.061871,0.018516,1,unclassified,2024
GaiaDR3_114808397128552576,60648,2024-12-04,17.066193,0.017427,1,unclassified,2024
GaiaDR3_114808397128552576,60649,2024-12-05,17.071833,0.01859,1,unclassified,2024
GaiaDR3_114808397128552576,60650,2024-12-06,17.07584,0.017483,1,unclassified,2024
GaiaDR3_114808397128552576,60651,2024-12-07,17.078928,0.018642,1,unclassified,2024
GaiaDR3_114808397128552576,60652,2024-12-08,17.067925,0.017437,1,unclassified,2024
GaiaDR3_114808397128552576,60653,2024-12-09,17.102478,0.01882,1,unclassified,2024
GaiaDR3_114808397128552576,60654,2024-12-10,17.020622,0.017174,1,unclassified,2024
GaiaDR3_114808397128552576,60655,2024-12-11,17.133793,0.019063,1,unclassified,2024
GaiaDR3_114808397128552576,60658,2024-12-14,17.105062,0.01884,1,unclassified,2024
GaiaDR3_114808397128552576,60660,2024-12-16,17.032173,0.017237,1,unclassified,2024
GaiaDR3_114808397128552576,60663,2024-12-19,17.080361,0.019809,2,unclassified,2024
GaiaDR3_114808397128552576,60665,2024-12-21,17.080494,0.012786,2,unclassified,2024
GaiaDR3_114808397128552576,60667,2024-12-23,17.075396,0.015571,2,unclassified,2024
GaiaDR3_114808397128552576,60671,2024-12-27,17.072151,0.017462,1,unclassified,2024
GaiaDR3_114808397128552576,60673,2024-12-29,17.082725,0.018671,1,unclassified,2024
GaiaDR3_114808397128552576,60674,2024-12-30,17.091776,0.017575,1,unclassified,2024
GaiaDR3_114808397128552576,60677,2025-01-02,17.090702,0.016087,2,unclassified,2025
GaiaDR3_114808397128552576,60679,2025-01-04,17.07835,0.012781,2,unclassified,2025
GaiaDR3_114808397128552576,60681,2025-01-06,17.025402,0.0172,1,unclassified,2025
GaiaDR3_114808397128552576,60692,2025-01-17,17.06177,0.017402,1,unclassified,2025
GaiaDR3_114808397128552576,60694,2025-01-19,17.06937,0.017446,1,unclassified,2025
GaiaDR3_114808397128552576,60706,2025-01-31,17.072891,0.017466,1,unclassified,2025
GaiaDR3_114808397128552576,60722,2025-02-16,17.07309,0.012761,2,unclassified,2025
GaiaDR3_114808397128552576,60727,2025-02-21,17.094028,0.012849,2,unclassified,2025
GaiaDR3_114808397128552576,60729,2025-02-23,17.072225,0.012757,2,unclassified,2025
GaiaDR3_114808397128552576,60731,2025-02-25,17.0977,0.012862,2,unclassified,2025
GaiaDR3_114808397128552576,60733,2025-02-27,17.075662,0.012761,2,unclassified,2025
GaiaDR3_114808397128552576,60743,2025-03-09,17.081245,0.017514,1,unclassified,2025
GaiaDR3_114808397128552576,60900,2025-08-13,17.093403,0.017274,2,unclassified,2025
GaiaDR3_114808397128552576,60904,2025-08-17,17.085204,0.016561,2,unclassified,2025
GaiaDR3_114808397128552576,60909,2025-08-22,17.079243,0.012789,2,unclassified,2025
GaiaDR3_114808397128552576,60911,2025-08-24,17.097892,0.012872,2,unclassified,2025
GaiaDR3_114808397128552576,60914,2025-08-27,17.101391,0.018812,1,unclassified,2025
GaiaDR3_114808397128552576,60917,2025-08-30,17.074437,0.012765,2,unclassified,2025
GaiaDR3_114808397128552576,60919,2025-09-01,17.066572,0.012725,2,unclassified,2025
GaiaDR3_114808397128552576,60924,2025-09-06,17.092236,0.017578,1,unclassified,2025
GaiaDR3_114808397128552576,60926,2025-09-08,17.085245,0.01869,1,unclassified,2025
GaiaDR3_114808397128552576,60928,2025-09-10,17.07707,0.018629,1,unclassified,2025
GaiaDR3_114808397128552576,60932,2025-09-14,17.056256,0.013621,2,unclassified,2025
GaiaDR3_114808397128552576,60934,2025-09-16,17.082506,0.012801,2,unclassified,2025
GaiaDR3_114808397128552576,60938,2025-09-20,17.102163,0.018818,1,unclassified,2025
GaiaDR3_114808397128552576,60939,2025-09-21,17.076805,0.017488,1,unclassified,2025
GaiaDR3_114808397128552576,60941,2025-09-23,17.091402,0.018736,1,unclassified,2025
GaiaDR3_114808397128552576,60942,2025-09-24,17.094044,0.017588,1,unclassified,2025
GaiaDR3_114808397128552576,60943,2025-09-25,17.10026,0.018803,1,unclassified,2025
GaiaDR3_114808397128552576,60949,2025-10-01,17.084982,0.01281,2,unclassified,2025
GaiaDR3_114808397128552576,60951,2025-10-03,17.083638,0.012808,2,unclassified,2025
GaiaDR3_114808397128552576,60953,2025-10-05,17.056466,0.012666,2,unclassified,2025
GaiaDR3_114808397128552576,60955,2025-10-07,17.065605,0.012726,2,unclassified,2025
GaiaDR3_114808397128552576,60959,2025-10-11,17.087061,0.012815,2,unclassified,2025
GaiaDR3_114808397128552576,60961,2025-10-13,17.079935,0.012785,2,unclassified,2025
GaiaDR3_114808397128552576,60966,2025-10-18,17.076546,0.012773,2,unclassified,2025
GaiaDR3_114808397128552576,60968,2025-10-20,17.079567,0.012786,2,unclassified,2025
GaiaDR3_1191504471436192512,58204,2018-03-27,16.533425,0.036011,2,WD-MS binaries,2018
GaiaDR3_1191504471436192512,58207,2018-03-30,16.56114,0.017397,2,WD-MS binaries,2018
GaiaDR3_1191504471436192512,58210,2018-04-02,16.52091,0.057572,2,WD-MS binaries,2018
GaiaDR3_1191504471436192512,58235,2018-04-27,16.40772,0.130209,2,WD-MS binaries,2018
GaiaDR3_1191504471436192512,58236,2018-04-28,16.641233,0.014829,1,WD-MS binaries,2018
GaiaDR3_1191504471436192512,58237,2018-04-29,16.562119,0.014492,1,WD-MS binaries,2018
GaiaDR3_1191504471436192512,58246,2018-05-08,16.407887,0.013922,1,WD-MS binaries,2018
GaiaDR3_1191504471436192512,58255,2018-05-17,16.200733,0.013317,1,WD-MS binaries,2018
GaiaDR3_1191504471436192512,58258,2018-05-20,16.497757,0.01424,1,WD-MS binaries,2018
GaiaDR3_1191504471436192512,58267,2018-05-29,16.565346,0.014505,1,WD-MS binaries,2018
GaiaDR3_1191504471436192512,58270,2018-06-01,16.40815,0.013923,1,WD-MS binaries,2018
GaiaDR3_1191504471436192512,58276,2018-06-07,16.418201,0.013957,1,WD-MS binaries,2018
GaiaDR3_1191504471436192512,58282,2018-06-13,16.411949,0.013936,1,WD-MS binaries,2018
GaiaDR3_1191504471436192512,58288,2018-06-19,16.535397,0.014385,1,WD-MS binaries,2018
GaiaDR3_1191504471436192512,58294,2018-06-25,16.363974,0.013779,1,WD-MS binaries,2018
GaiaDR3_1191504471436192512,58301,2018-07-02,16.203072,0.013323,1,WD-MS binaries,2018
GaiaDR3_1191504471436192512,58304,2018-07-05,16.516991,0.014313,1,WD-MS binaries,2018
GaiaDR3_1191504471436192512,58307,2018-07-08,16.450411,0.014068,1,WD-MS binaries,2018
GaiaDR3_1191504471436192512,58312,2018-07-13,16.605152,0.014671,1,WD-MS binaries,2018
GaiaDR3_1191504471436192512,58315,2018-07-16,16.235336,0.013406,1,WD-MS binaries,2018
GaiaDR3_1191504471436192512,58328,2018-07-29,16.5895,0.014605,1,WD-MS binaries,2018
GaiaDR3_1191504471436192512,58332,2018-08-02,16.585131,0.014586,1,WD-MS binaries,2018
GaiaDR3_1191504471436192512,58336,2018-08-06,16.305214,0.013601,1,WD-MS binaries,2018
GaiaDR3_1191504471436192512,58343,2018-08-13,16.395725,0.013882,1,WD-MS binaries,2018
GaiaDR3_1191504471436192512,58346,2018-08-16,16.270596,0.013502,1,WD-MS binaries,2018
GaiaDR3_1191504471436192512,58364,2018-09-03,16.4242,0.013977,1,WD-MS binaries,2018
GaiaDR3_1191504471436192512,58368,2018-09-07,16.569197,0.01452,1,WD-MS binaries,2018
GaiaDR3_1191504471436192512,58480,2018-12-28,16.275513,0.013516,1,WD-MS binaries,2018
GaiaDR3_1191504471436192512,58502,2019-01-19,16.287779,0.01355,1,WD-MS binaries,2019
GaiaDR3_1191504471436192512,58505,2019-01-22,16.254307,0.013457,1,WD-MS binaries,2019
GaiaDR3_1191504471436192512,58507,2019-01-24,16.296271,0.011571,2,WD-MS binaries,2019
GaiaDR3_1191504471436192512,58511,2019-01-28,16.445835,0.014052,1,WD-MS binaries,2019
GaiaDR3_1191504471436192512,58522,2019-02-08,16.240654,0.01342,1,WD-MS binaries,2019
GaiaDR3_1191504471436192512,58526,2019-02-12,16.272596,0.013508,1,WD-MS binaries,2019
GaiaDR3_1191504471436192512,58547,2019-03-05,16.380249,0.013831,1,WD-MS binaries,2019
GaiaDR3_1191504471436192512,58556,2019-03-14,16.21941,0.013364,1,WD-MS binaries,2019
GaiaDR3_1191504471436192512,58560,2019-03-18,16.358425,0.013762,1,WD-MS binaries,2019
GaiaDR3_1191504471436192512,58567,2019-03-25,16.47253,0.015077,1,WD-MS binaries,2019
GaiaDR3_1191504471436192512,58572,2019-03-30,16.534248,0.015308,1,WD-MS binaries,2019
GaiaDR3_1191504471436192512,58575,2019-04-02,16.281475,0.013533,1,WD-MS binaries,2019
GaiaDR3_1191504471436192512,58580,2019-04-07,16.561642,0.01449,1,WD-MS binaries,2019
GaiaDR3_1191504471436192512,58583,2019-04-10,16.19924,0.013313,1,WD-MS binaries,2019
GaiaDR3_1191504471436192512,58592,2019-04-19,16.548962,0.014439,1,WD-MS binaries,2019
GaiaDR3_1191504471436192512,58597,2019-04-24,16.247082,0.013438,1,WD-MS binaries,2019
GaiaDR3_1191504471436192512,58599,2019-04-26,16.607399,0.014681,1,WD-MS binaries,2019
GaiaDR3_1191504471436192512,58608,2019-05-05,16.589125,0.014603,1,WD-MS binaries,2019
GaiaDR3_1191504471436192512,58616,2019-05-13,16.495094,0.01423,1,WD-MS binaries,2019
GaiaDR3_1191504471436192512,58619,2019-05-16,16.405518,0.013914,1,WD-MS binaries,2019
GaiaDR3_1191504471436192512,58632,2019-05-29,16.455488,0.014086,1,WD-MS binaries,2019
GaiaDR3_1191504471436192512,58635,2019-06-01,16.556213,0.014468,1,WD-MS binaries,2019
GaiaDR3_1191504471436192512,58638,2019-06-04,16.341431,0.013709,1,WD-MS binaries,2019
GaiaDR3_1191504471436192512,58645,2019-06-11,16.507386,0.010752,2,WD-MS binaries,2019
GaiaDR3_1191504471436192512,58646,2019-06-12,16.336601,0.013694,1,WD-MS binaries,2019
GaiaDR3_1191504471436192512,58647,2019-06-13,16.572847,0.014535,1,WD-MS binaries,2019
GaiaDR3_1191504471436192512,58650,2019-06-16,16.701532,0.015108,1,WD-MS binaries,2019
GaiaDR3_1191504471436192512,58653,2019-06-19,16.31624,0.013633,1,WD-MS binaries,2019
GaiaDR3_1191504471436192512,58657,2019-06-23,16.606499,0.014677,1,WD-MS binaries,2019
GaiaDR3_1191504471436192512,58663,2019-06-29,16.573177,0.014537,1,WD-MS binaries,2019
GaiaDR3_1191504471436192512,58666,2019-07-02,16.588173,0.014599,1,WD-MS binaries,2019
GaiaDR3_1191504471436192512,58672,2019-07-08,16.595798,0.010997,2,WD-MS binaries,2019
GaiaDR3_1191504471436192512,58675,2019-07-11,16.576105,0.014549,1,WD-MS binaries,2019
GaiaDR3_1191504471436192512,58678,2019-07-14,16.552856,0.014454,1,WD-MS binaries,2019
GaiaDR3_1191504471436192512,58684,2019-07-20,16.369648,0.013797,1,WD-MS binaries,2019
GaiaDR3_1191504471436192512,58690,2019-07-26,16.210714,0.013342,1,WD-MS binaries,2019
GaiaDR3_1191504471436192512,58693,2019-07-29,16.569769,0.014523,1,WD-MS binaries,2019
GaiaDR3_1191504471436192512,58705,2019-08-10,16.551769,0.01445,1,WD-MS binaries,2019
GaiaDR3_1191504471436192512,58708,2019-08-13,16.343403,0.013715,1,WD-MS binaries,2019
GaiaDR3_1191504471436192512,58712,2019-08-17,16.489948,0.014211,1,WD-MS binaries,2019
GaiaDR3_1191504471436192512,58715,2019-08-20,16.344822,0.01372,1,WD-MS binaries,2019
GaiaDR3_1191504471436192512,58718,2019-08-23,16.253143,0.013454,1,WD-MS binaries,2019
GaiaDR3_1191504471436192512,58723,2019-08-28,16.512142,0.014295,1,WD-MS binaries,2019
GaiaDR3_1191504471436192512,58728,2019-09-02,16.521734,0.014332,1,WD-MS binaries,2019
GaiaDR3_1191504471436192512,58734,2019-09-08,16.201103,0.013318,1,WD-MS binaries,2019
GaiaDR3_1191504471436192512,58749,2019-09-23,16.232151,0.013398,1,WD-MS binaries,2019
GaiaDR3_1191504471436192512,58760,2019-10-04,16.55184,0.01445,1,WD-MS binaries,2019
GaiaDR3_1191504471436192512,58852,2020-01-04,16.277645,0.013522,1,WD-MS binaries,2020
GaiaDR3_1191504471436192512,58861,2020-01-13,16.27354,0.01351,1,WD-MS binaries,2020
GaiaDR3_1191504471436192512,58879,2020-01-31,16.590492,0.014609,1,WD-MS binaries,2020
GaiaDR3_1191504471436192512,58883,2020-02-04,16.296455,0.013575,1,WD-MS binaries,2020
GaiaDR3_1191504471436192512,58886,2020-02-07,16.220356,0.013367,1,WD-MS binaries,2020
GaiaDR3_1191504471436192512,58891,2020-02-12,16.580305,0.014566,1,WD-MS binaries,2020
GaiaDR3_1191504471436192512,58894,2020-02-15,16.216766,0.013358,1,WD-MS binaries,2020
GaiaDR3_1191504471436192512,58904,2020-02-25,16.384563,0.013845,1,WD-MS binaries,2020
GaiaDR3_1191504471436192512,58914,2020-03-06,16.3796,0.013829,1,WD-MS binaries,2020
GaiaDR3_1191504471436192512,58956,2020-04-17,16.483166,0.014186,1,WD-MS binaries,2020
GaiaDR3_1191504471436192512,58963,2020-04-24,16.413752,0.013942,1,WD-MS binaries,2020
GaiaDR3_1191504471436192512,58964,2020-04-25,16.567215,0.014512,1,WD-MS binaries,2020
GaiaDR3_1191504471436192512,58967,2020-04-28,16.371967,0.013805,1,WD-MS binaries,2020
GaiaDR3_1191504471436192512,58974,2020-05-05,16.426153,0.013984,1,WD-MS binaries,2020
GaiaDR3_1191504471436192512,58980,2020-05-11,16.195497,0.013303,1,WD-MS binaries,2020
GaiaDR3_1191504471436192512,58987,2020-05-18,16.561199,0.014488,1,WD-MS binaries,2020
GaiaDR3_1191504471436192512,58991,2020-05-22,16.275959,0.013517,1,WD-MS binaries,2020
GaiaDR3_1191504471436192512,58994,2020-05-25,16.586105,0.01459,1,WD-MS binaries,2020
GaiaDR3_1191504471436192512,58999,2020-05-30,16.317677,0.014557,1,WD-MS binaries,2020
GaiaDR3_1191504471436192512,59000,2020-05-31,16.437967,0.09454,2,WD-MS binaries,2020
GaiaDR3_1191504471436192512,59005,2020-06-05,16.56908,0.01452,1,WD-MS binaries,2020
GaiaDR3_1191504471436192512,59009,2020-06-09,16.295044,0.062849,3,WD-MS binaries,2020
GaiaDR3_1191504471436192512,59012,2020-06-12,16.311729,0.01362,1,WD-MS binaries,2020
GaiaDR3_1191504471436192512,59016,2020-06-16,16.359909,0.013766,1,WD-MS binaries,2020
GaiaDR3_1191504471436192512,59019,2020-06-19,16.559643,0.014482,1,WD-MS binaries,2020
GaiaDR3_1191504471436192512,59022,2020-06-22,16.538177,0.014396,1,WD-MS binaries,2020
GaiaDR3_1191504471436192512,59025,2020-06-25,16.575506,0.014546,1,WD-MS binaries,2020
GaiaDR3_1191504471436192512,59027,2020-06-27,16.227249,0.014289,1,WD-MS binaries,2020
GaiaDR3_1191504471436192512,59028,2020-06-28,16.594692,0.014626,1,WD-MS binaries,2020
GaiaDR3_1191504471436192512,59031,2020-07-01,16.585411,0.014587,1,WD-MS binaries,2020
GaiaDR3_1191504471436192512,59034,2020-07-04,16.576118,0.014549,1,WD-MS binaries,2020
GaiaDR3_1191504471436192512,59043,2020-07-13,16.378218,0.013825,1,WD-MS binaries,2020
GaiaDR3_1191504471436192512,59049,2020-07-19,16.224939,0.013379,1,WD-MS binaries,2020
GaiaDR3_1191504471436192512,59050,2020-07-20,17.08786,0.017432,1,WD-MS binaries,2020
GaiaDR3_1191504471436192512,59051,2020-07-21,16.203377,0.013323,1,WD-MS binaries,2020
GaiaDR3_1191504471436192512,59053,2020-07-23,16.605377,0.014672,1,WD-MS binaries,2020
GaiaDR3_1191504471436192512,59054,2020-07-24,16.514387,0.014303,1,WD-MS binaries,2020
GaiaDR3_1191504471436192512,59059,2020-07-29,16.552252,0.014452,1,WD-MS binaries,2020
GaiaDR3_1191504471436192512,59062,2020-08-01,16.526762,0.014351,1,WD-MS binaries,2020
GaiaDR3_1191504471436192512,59063,2020-08-02,16.237377,0.013412,1,WD-MS binaries,2020
GaiaDR3_1191504471436192512,59064,2020-08-03,16.24939,0.009506,2,WD-MS binaries,2020
GaiaDR3_1191504471436192512,59067,2020-08-06,16.350176,0.013736,1,WD-MS binaries,2020
GaiaDR3_1191504471436192512,59071,2020-08-10,16.215317,0.013354,1,WD-MS binaries,2020
GaiaDR3_1191504471436192512,59072,2020-08-11,16.339199,0.013702,1,WD-MS binaries,2020
GaiaDR3_1191504471436192512,59073,2020-08-12,16.597206,0.014637,1,WD-MS binaries,2020
GaiaDR3_1191504471436192512,59076,2020-08-15,16.389643,0.013862,1,WD-MS binaries,2020
GaiaDR3_1191504471436192512,59078,2020-08-17,16.493145,0.014223,1,WD-MS binaries,2020
GaiaDR3_1191504471436192512,59080,2020-08-19,16.232407,0.013398,1,WD-MS binaries,2020
GaiaDR3_1191504471436192512,59081,2020-08-20,16.455334,0.014086,1,WD-MS binaries,2020
GaiaDR3_1191504471436192512,59084,2020-08-23,16.559258,0.01448,1,WD-MS binaries,2020
GaiaDR3_1191504471436192512,59093,2020-09-01,16.205242,0.013328,1,WD-MS binaries,2020
GaiaDR3_1191504471436192512,59215,2021-01-01,16.393211,0.013873,1,WD-MS binaries,2021
GaiaDR3_1191504471436192512,59217,2021-01-03,16.236881,0.01341,1,WD-MS binaries,2021
GaiaDR3_1191504471436192512,59219,2021-01-05,16.446375,0.014054,1,WD-MS binaries,2021
GaiaDR3_1191504471436192512,59221,2021-01-07,16.612801,0.018477,2,WD-MS binaries,2021
GaiaDR3_1191504471436192512,59224,2021-01-10,16.409861,0.013929,1,WD-MS binaries,2021
GaiaDR3_1191504471436192512,59226,2021-01-12,16.331411,0.009672,2,WD-MS binaries,2021
GaiaDR3_1191504471436192512,59228,2021-01-14,16.546896,0.01443,1,WD-MS binaries,2021
GaiaDR3_1191504471436192512,59230,2021-01-16,16.602396,0.014659,1,WD-MS binaries,2021
GaiaDR3_1191504471436192512,59231,2021-01-17,16.525356,0.014346,1,WD-MS binaries,2021
GaiaDR3_1191504471436192512,59232,2021-01-18,16.507177,0.014276,1,WD-MS binaries,2021
GaiaDR3_1191504471436192512,59248,2021-02-03,16.228269,0.009466,2,WD-MS binaries,2021
GaiaDR3_1191504471436192512,59250,2021-02-05,16.408257,0.009845,2,WD-MS binaries,2021
GaiaDR3_1191504471436192512,59252,2021-02-07,16.227688,0.013386,1,WD-MS binaries,2021
GaiaDR3_1191504471436192512,59256,2021-02-11,16.577564,0.014555,1,WD-MS binaries,2021
GaiaDR3_1191504471436192512,59264,2021-02-19,16.343979,0.013717,1,WD-MS binaries,2021
GaiaDR3_1191504471436192512,59265,2021-02-20,16.231899,0.013397,1,WD-MS binaries,2021
GaiaDR3_1191504471436192512,59267,2021-02-22,16.273067,0.013509,1,WD-MS binaries,2021
GaiaDR3_1191504471436192512,59269,2021-02-24,16.279015,0.009564,2,WD-MS binaries,2021
GaiaDR3_1191504471436192512,59270,2021-02-25,16.575447,0.014546,1,WD-MS binaries,2021
GaiaDR3_1191504471436192512,59272,2021-02-27,16.577536,0.014555,1,WD-MS binaries,2021
GaiaDR3_1191504471436192512,59273,2021-02-28,16.622322,0.014745,1,WD-MS binaries,2021
GaiaDR3_1191504471436192512,59274,2021-03-01,17.718519,0.023988,1,WD-MS binaries,2021
GaiaDR3_1191504471436192512,59275,2021-03-02,16.606579,0.014677,1,WD-MS binaries,2021
GaiaDR3_1191504471436192512,59278,2021-03-05,16.544884,0.014422,1,WD-MS binaries,2021
GaiaDR3_1191504471436192512,59291,2021-03-18,16.588394,0.0146,1,WD-MS binaries,2021
GaiaDR3_1191504471436192512,59292,2021-03-19,16.401548,0.013901,1,WD-MS binaries,2021
GaiaDR3_1191504471436192512,59295,2021-03-22,16.23974,0.013418,1,WD-MS binaries,2021
GaiaDR3_1191504471436192512,59297,2021-03-24,16.685448,0.015031,1,WD-MS binaries,2021
GaiaDR3_1191504471436192512,59300,2021-03-27,16.258404,0.010986,2,WD-MS binaries,2021
GaiaDR3_1191504471436192512,59301,2021-03-28,16.233585,0.013402,1,WD-MS binaries,2021
GaiaDR3_1191504471436192512,59302,2021-03-29,16.516462,0.01012,2,WD-MS binaries,2021
GaiaDR3_1191504471436192512,59304,2021-03-31,16.253017,0.020539,2,WD-MS binaries,2021
GaiaDR3_1191504471436192512,59305,2021-04-01,16.585487,0.014588,1,WD-MS binaries,2021
GaiaDR3_1191504471436192512,59306,2021-04-02,16.595036,0.014628,1,WD-MS binaries,2021
GaiaDR3_1191504471436192512,59307,2021-04-03,16.202462,0.009419,2,WD-MS binaries,2021
GaiaDR3_1191504471436192512,59308,2021-04-04,17.550301,0.021816,1,WD-MS binaries,2021
GaiaDR3_1191504471436192512,59309,2021-04-05,16.215129,0.009442,2,WD-MS binaries,2021
GaiaDR3_1191504471436192512,59310,2021-04-06,16.181049,0.013268,1,WD-MS binaries,2021
GaiaDR3_1191504471436192512,59311,2021-04-07,16.285683,0.013544,1,WD-MS binaries,2021
GaiaDR3_1191504471436192512,59315,2021-04-11,16.446102,0.014053,1,WD-MS binaries,2021
GaiaDR3_1191504471436192512,59323,2021-04-19,16.48534,0.014194,1,WD-MS binaries,2021
GaiaDR3_1191504471436192512,59329,2021-04-25,16.599038,0.021276,2,WD-MS binaries,2021
GaiaDR3_1191504471436192512,59335,2021-05-01,16.364685,0.013781,1,WD-MS binaries,2021
GaiaDR3_1191504471436192512,59336,2021-05-02,16.332588,0.013682,1,WD-MS binaries,2021
GaiaDR3_1191504471436192512,59341,2021-05-07,16.584911,0.014585,1,WD-MS binaries,2021
GaiaDR3_1191504471436192512,59342,2021-05-08,16.564754,0.010909,2,WD-MS binaries,2021
GaiaDR3_1191504471436192512,59343,2021-05-09,16.587097,0.014595,1,WD-MS binaries,2021
GaiaDR3_1191504471436192512,59345,2021-05-11,16.573137,0.010279,2,WD-MS binaries,2021
GaiaDR3_1191504471436192512,59346,2021-05-12,16.509495,0.014285,1,WD-MS binaries,2021
GaiaDR3_1191504471436192512,59348,2021-05-14,16.415264,0.044953,3,WD-MS binaries,2021
GaiaDR3_1191504471436192512,59352,2021-05-18,16.285133,0.013543,1,WD-MS binaries,2021
GaiaDR3_1191504471436192512,59353,2021-05-19,16.236595,0.011628,2,WD-MS binaries,2021
GaiaDR3_1191504471436192512,59354,2021-05-20,16.54784,0.051543,5,WD-MS binaries,2021
GaiaDR3_1191504471436192512,59355,2021-05-21,16.273052,0.013509,1,WD-MS binaries,2021
GaiaDR3_1191504471436192512,59356,2021-05-22,16.534737,0.014382,1,WD-MS binaries,2021
GaiaDR3_1191504471436192512,59358,2021-05-24,16.224647,0.00946,2,WD-MS binaries,2021
GaiaDR3_1191504471436192512,59359,2021-05-25,16.286182,0.013546,1,WD-MS binaries,2021
GaiaDR3_1191504471436192512,59361,2021-05-27,16.600828,0.029685,3,WD-MS binaries,2021
GaiaDR3_1191504471436192512,59363,2021-05-29,16.368437,0.013793,1,WD-MS binaries,2021
GaiaDR3_1191504471436192512,59367,2021-06-02,16.573301,0.014537,1,WD-MS binaries,2021
GaiaDR3_1191504471436192512,59369,2021-06-04,16.264933,0.013486,1,WD-MS binaries,2021
GaiaDR3_1191504471436192512,59373,2021-06-08,16.512146,0.014295,1,WD-MS binaries,2021
GaiaDR3_1191504471436192512,59375,2021-06-10,16.56699,0.014511,1,WD-MS binaries,2021
GaiaDR3_1191504471436192512,59377,2021-06-12,16.585884,0.014589,1,WD-MS binaries,2021
GaiaDR3_1191504471436192512,59382,2021-06-17,16.589768,0.014606,1,WD-MS binaries,2021
GaiaDR3_1191504471436192512,59390,2021-06-25,16.581406,0.014571,1,WD-MS binaries,2021
GaiaDR3_1191504471436192512,59392,2021-06-27,16.216902,0.013358,1,WD-MS binaries,2021
GaiaDR3_1191504471436192512,59394,2021-06-29,16.522083,0.014333,1,WD-MS binaries,2021
GaiaDR3_1191504471436192512,59396,2021-07-01,16.507105,0.014276,1,WD-MS binaries,2021
GaiaDR3_1191504471436192512,59399,2021-07-04,16.464638,0.014119,1,WD-MS binaries,2021
GaiaDR3_1191504471436192512,59401,2021-07-06,16.267254,0.013493,1,WD-MS binaries,2021
GaiaDR3_1191504471436192512,59407,2021-07-12,16.593353,0.014621,1,WD-MS binaries,2021
GaiaDR3_1191504471436192512,59411,2021-07-16,16.54858,0.014437,1,WD-MS binaries,2021
GaiaDR3_1191504471436192512,59414,2021-07-19,16.386295,0.013851,1,WD-MS binaries,2021
GaiaDR3_1191504471436192512,59419,2021-07-24,16.607935,0.014683,1,WD-MS binaries,2021
GaiaDR3_1191504471436192512,59423,2021-07-28,16.412325,0.013937,1,WD-MS binaries,2021
GaiaDR3_1191504471436192512,59425,2021-07-30,16.583588,0.01458,1,WD-MS binaries,2021
GaiaDR3_1191504471436192512,59427,2021-08-01,16.214624,0.013352,1,WD-MS binaries,2021
GaiaDR3_1191504471436192512,59429,2021-08-03,16.586882,0.014594,1,WD-MS binaries,2021
GaiaDR3_1191504471436192512,59434,2021-08-08,16.546505,0.014429,1,WD-MS binaries,2021
GaiaDR3_1191504471436192512,59436,2021-08-10,16.555573,0.014465,1,WD-MS binaries,2021
GaiaDR3_1191504471436192512,59438,2021-08-12,16.507889,0.014279,1,WD-MS binaries,2021
GaiaDR3_1191504471436192512,59441,2021-08-15,16.574154,0.014541,1,WD-MS binaries,2021
GaiaDR3_1191504471436192512,59443,2021-08-17,16.57061,0.014526,1,WD-MS binaries,2021
GaiaDR3_1191504471436192512,59450,2021-08-24,16.581411,0.014571,1,WD-MS binaries,2021
GaiaDR3_1191504471436192512,59454,2021-08-28,16.226629,0.013383,1,WD-MS binaries,2021
GaiaDR3_1191504471436192512,59460,2021-09-03,16.487774,0.014203,1,WD-MS binaries,2021
GaiaDR3_1191504471436192512,59462,2021-09-05,16.574686,0.014543,1,WD-MS binaries,2021
GaiaDR3_1191504471436192512,59469,2021-09-12,16.437103,0.014022,1,WD-MS binaries,2021
GaiaDR3_1191504471436192512,59473,2021-09-16,16.415722,0.013948,1,WD-MS binaries,2021
GaiaDR3_1191504471436192512,59476,2021-09-19,16.293974,0.013568,1,WD-MS binaries,2021
GaiaDR3_1191504471436192512,59600,2022-01-21,16.535938,0.014387,1,WD-MS binaries,2022
GaiaDR3_1191504471436192512,59621,2022-02-11,16.901247,0.016185,1,WD-MS binaries,2022
GaiaDR3_1191504471436192512,59624,2022-02-14,16.367981,0.013792,1,WD-MS binaries,2022
GaiaDR3_1191504471436192512,59625,2022-02-15,16.586285,0.014591,1,WD-MS binaries,2022
GaiaDR3_1191504471436192512,59628,2022-02-18,16.432793,0.014007,1,WD-MS binaries,2022
GaiaDR3_1191504471436192512,59630,2022-02-20,16.56941,0.014521,1,WD-MS binaries,2022
GaiaDR3_1191504471436192512,59639,2022-03-01,16.479,0.014171,1,WD-MS binaries,2022
GaiaDR3_1191504471436192512,59641,2022-03-03,16.227966,0.013387,1,WD-MS binaries,2022
GaiaDR3_1191504471436192512,59673,2022-04-04,16.58807,0.014599,1,WD-MS binaries,2022
GaiaDR3_1191504471436192512,59675,2022-04-06,16.41152,0.013934,1,WD-MS binaries,2022
GaiaDR3_1191504471436192512,59677,2022-04-08,16.533377,0.014377,1,WD-MS binaries,2022
GaiaDR3_1191504471436192512,59679,2022-04-10,16.22295,0.013374,1,WD-MS binaries,2022
GaiaDR3_1191504471436192512,59683,2022-04-14,16.591682,0.014614,1,WD-MS binaries,2022
GaiaDR3_1191504471436192512,59687,2022-04-18,16.534248,0.010496,2,WD-MS binaries,2022
GaiaDR3_1191504471436192512,59690,2022-04-21,16.565517,0.014505,1,WD-MS binaries,2022
GaiaDR3_1191504471436192512,59694,2022-04-25,16.245752,0.013434,1,WD-MS binaries,2022
GaiaDR3_1191504471436192512,59696,2022-04-27,16.363607,0.013778,1,WD-MS binaries,2022
GaiaDR3_1191504471436192512,59698,2022-04-29,16.332222,0.013681,1,WD-MS binaries,2022
GaiaDR3_1191504471436192512,59700,2022-05-01,16.562294,0.014492,1,WD-MS binaries,2022
GaiaDR3_1191504471436192512,59710,2022-05-11,16.328812,0.089163,4,WD-MS binaries,2022
GaiaDR3_1191504471436192512,59711,2022-05-12,16.559805,0.010875,2,WD-MS binaries,2022
GaiaDR3_1191504471436192512,59712,2022-05-13,16.430332,0.013998,1,WD-MS binaries,2022
GaiaDR3_1191504471436192512,59713,2022-05-14,16.298502,0.087653,3,WD-MS binaries,2022
GaiaDR3_1191504471436192512,59715,2022-05-16,16.608602,0.014686,1,WD-MS binaries,2022
GaiaDR3_1191504471436192512,59722,2022-05-23,16.477848,0.066696,5,WD-MS binaries,2022
GaiaDR3_1191504471436192512,59723,2022-05-24,16.535133,0.014384,1,WD-MS binaries,2022
GaiaDR3_1191504471436192512,59724,2022-05-25,16.271954,0.04294,2,WD-MS binaries,2022
GaiaDR3_1191504471436192512,59725,2022-05-26,16.439295,0.00992,2,WD-MS binaries,2022
GaiaDR3_1191504471436192512,59726,2022-05-27,16.536427,0.112281,3,WD-MS binaries,2022
GaiaDR3_1191504471436192512,59729,2022-05-30,16.313519,0.061436,2,WD-MS binaries,2022
GaiaDR3_1191504471436192512,59730,2022-05-31,16.420813,0.113146,2,WD-MS binaries,2022
GaiaDR3_1191504471436192512,59731,2022-06-01,16.52812,0.014356,1,WD-MS binaries,2022
GaiaDR3_1191504471436192512,59734,2022-06-04,16.303104,0.014512,1,WD-MS binaries,2022
GaiaDR3_1191504471436192512,59735,2022-06-05,16.436584,0.01402,1,WD-MS binaries,2022
GaiaDR3_1191504471436192512,59736,2022-06-06,16.483082,0.092194,3,WD-MS binaries,2022
GaiaDR3_1191504471436192512,59737,2022-06-07,16.198921,0.013312,1,WD-MS binaries,2022
GaiaDR3_1191504471436192512,59738,2022-06-08,16.325518,0.046057,2,WD-MS binaries,2022
GaiaDR3_1191504471436192512,59739,2022-06-09,16.554974,0.061943,3,WD-MS binaries,2022
GaiaDR3_1191504471436192512,59740,2022-06-10,18.163789,1.229902,2,WD-MS binaries,2022
GaiaDR3_1191504471436192512,59741,2022-06-11,16.362643,0.067073,2,WD-MS binaries,2022
GaiaDR3_1191504471436192512,59742,2022-06-12,16.398399,0.024374,2,WD-MS binaries,2022
GaiaDR3_1191504471436192512,59743,2022-06-13,16.578912,0.010296,2,WD-MS binaries,2022
GaiaDR3_1191504471436192512,59744,2022-06-14,16.626324,0.014763,1,WD-MS binaries,2022
GaiaDR3_1191504471436192512,59747,2022-06-17,16.546297,0.012636,2,WD-MS binaries,2022
GaiaDR3_1191504471436192512,59748,2022-06-18,16.431906,0.056649,2,WD-MS binaries,2022
GaiaDR3_1191504471436192512,59749,2022-06-19,16.488342,0.014205,1,WD-MS binaries,2022
GaiaDR3_1191504471436192512,59751,2022-06-21,16.599455,0.014647,1,WD-MS binaries,2022
GaiaDR3_1191504471436192512,59753,2022-06-23,16.591232,0.014612,1,WD-MS binaries,2022
GaiaDR3_1191504471436192512,59760,2022-06-30,16.200131,0.013315,1,WD-MS binaries,2022
GaiaDR3_1191504471436192512,59764,2022-07-04,16.482033,0.014182,1,WD-MS binaries,2022
GaiaDR3_1191504471436192512,59766,2022-07-06,16.569336,0.014521,1,WD-MS binaries,2022
GaiaDR3_1191504471436192512,59768,2022-07-08,16.505651,0.01427,1,WD-MS binaries,2022
GaiaDR3_1191504471436192512,59769,2022-07-09,16.227888,0.009466,2,WD-MS binaries,2022
GaiaDR3_1191504471436192512,59771,2022-07-11,16.375328,0.013815,1,WD-MS binaries,2022
GaiaDR3_1191504471436192512,59781,2022-07-21,16.599487,0.014647,1,WD-MS binaries,2022
GaiaDR3_1191504471436192512,59783,2022-07-23,16.270273,0.013501,1,WD-MS binaries,2022
GaiaDR3_1191504471436192512,59785,2022-07-25,16.200344,0.013316,1,WD-MS binaries,2022
GaiaDR3_1191504471436192512,59791,2022-07-31,16.574261,0.014541,1,WD-MS binaries,2022
GaiaDR3_1191504471436192512,59794,2022-08-03,16.421431,0.013968,1,WD-MS binaries,2022
GaiaDR3_1191504471436192512,59801,2022-08-10,16.214085,0.013351,1,WD-MS binaries,2022
GaiaDR3_1191504471436192512,59803,2022-08-12,16.496397,0.014235,1,WD-MS binaries,2022
GaiaDR3_1191504471436192512,59806,2022-08-15,16.397968,0.013889,1,WD-MS binaries,2022
GaiaDR3_1191504471436192512,59808,2022-08-17,16.216083,0.013356,1,WD-MS binaries,2022
GaiaDR3_1191504471436192512,59810,2022-08-19,16.280481,0.01353,1,WD-MS binaries,2022
GaiaDR3_1191504471436192512,59812,2022-08-21,16.602583,0.01466,1,WD-MS binaries,2022
GaiaDR3_1191504471436192512,59815,2022-08-24,16.620155,0.014736,1,WD-MS binaries,2022
GaiaDR3_1191504471436192512,59823,2022-09-01,16.186291,0.01328,1,WD-MS binaries,2022
GaiaDR3_1191504471436192512,59828,2022-09-06,16.635853,0.014805,1,WD-MS binaries,2022
GaiaDR3_1191504471436192512,59837,2022-09-15,16.360302,0.013768,1,WD-MS binaries,2022
GaiaDR3_1191504471436192512,59840,2022-09-18,16.563986,0.014499,1,WD-MS binaries,2022
GaiaDR3_1191504471436192512,59971,2023-01-27,16.584225,0.014583,1,WD-MS binaries,2023
GaiaDR3_1191504471436192512,60042,2023-04-08,16.274612,0.013513,1,WD-MS binaries,2023
GaiaDR3_1191504471436192512,60043,2023-04-09,16.428142,0.01492,1,WD-MS binaries,2023
GaiaDR3_1191504471436192512,60044,2023-04-10,16.281622,0.013533,1,WD-MS binaries,2023
GaiaDR3_1191504471436192512,60049,2023-04-15,16.594601,0.015548,1,WD-MS binaries,2023
GaiaDR3_1191504471436192512,60051,2023-04-17,16.314035,0.013627,1,WD-MS binaries,2023
GaiaDR3_1191504471436192512,60053,2023-04-19,16.548128,0.014435,1,WD-MS binaries,2023
GaiaDR3_1191504471436192512,60055,2023-04-21,16.586697,0.014593,1,WD-MS binaries,2023
GaiaDR3_1191504471436192512,60056,2023-04-22,16.227581,0.01429,1,WD-MS binaries,2023
GaiaDR3_1191504471436192512,60057,2023-04-23,16.210266,0.013341,1,WD-MS binaries,2023
GaiaDR3_1191504471436192512,60059,2023-04-25,16.558212,0.014476,1,WD-MS binaries,2023
GaiaDR3_1191504471436192512,60060,2023-04-26,16.602482,0.01558,1,WD-MS binaries,2023
GaiaDR3_1191504471436192512,60061,2023-04-27,16.45382,0.073147,2,WD-MS binaries,2023
GaiaDR3_1191504471436192512,60063,2023-04-29,16.279354,0.013527,1,WD-MS binaries,2023
GaiaDR3_1191504471436192512,60078,2023-05-14,16.590855,0.01461,1,WD-MS binaries,2023
GaiaDR3_1191504471436192512,60079,2023-05-15,16.388636,0.074358,2,WD-MS binaries,2023
GaiaDR3_1191504471436192512,60080,2023-05-16,16.632923,0.014792,1,WD-MS binaries,2023
GaiaDR3_1191504471436192512,60081,2023-05-17,16.569645,0.010269,2,WD-MS binaries,2023
GaiaDR3_1191504471436192512,60082,2023-05-18,16.540424,0.008317,3,WD-MS binaries,2023
GaiaDR3_1191504471436192512,60083,2023-05-19,16.324543,0.022394,2,WD-MS binaries,2023
GaiaDR3_1191504471436192512,60084,2023-05-20,16.430104,0.072949,2,WD-MS binaries,2023
GaiaDR3_1191504471436192512,60085,2023-05-21,16.529873,0.094823,3,WD-MS binaries,2023
GaiaDR3_1191504471436192512,60086,2023-05-22,16.602087,0.009669,3,WD-MS binaries,2023
GaiaDR3_1191504471436192512,60087,2023-05-23,16.401516,0.143259,2,WD-MS binaries,2023
GaiaDR3_1191504471436192512,60088,2023-05-24,16.334953,0.041751,3,WD-MS binaries,2023
GaiaDR3_1191504471436192512,60089,2023-05-25,16.49653,0.057258,2,WD-MS binaries,2023
GaiaDR3_1191504471436192512,60090,2023-05-26,16.419526,0.009872,2,WD-MS binaries,2023
GaiaDR3_1191504471436192512,60092,2023-05-28,16.200855,0.013317,1,WD-MS binaries,2023
GaiaDR3_1191504471436192512,60094,2023-05-30,16.382543,0.123133,2,WD-MS binaries,2023
GaiaDR3_1191504471436192512,60097,2023-06-02,16.329844,0.080696,2,WD-MS binaries,2023
GaiaDR3_1191504471436192512,60099,2023-06-04,16.451752,0.014073,1,WD-MS binaries,2023
GaiaDR3_1191504471436192512,60101,2023-06-06,16.301852,0.013497,2,WD-MS binaries,2023
GaiaDR3_1191504471436192512,60103,2023-06-08,16.246987,0.009502,2,WD-MS binaries,2023
GaiaDR3_1191504471436192512,60104,2023-06-09,16.306983,0.061654,2,WD-MS binaries,2023
GaiaDR3_1191504471436192512,60110,2023-06-15,16.212589,0.022285,3,WD-MS binaries,2023
GaiaDR3_1191504471436192512,60111,2023-06-16,16.572895,0.011308,2,WD-MS binaries,2023
GaiaDR3_1191504471436192512,60112,2023-06-17,16.233295,0.007737,3,WD-MS binaries,2023
GaiaDR3_1191504471436192512,60113,2023-06-18,16.581139,0.01457,1,WD-MS binaries,2023
GaiaDR3_1191504471436192512,60115,2023-06-20,16.427923,0.01399,1,WD-MS binaries,2023
GaiaDR3_1191504471436192512,60117,2023-06-22,16.420639,0.013965,1,WD-MS binaries,2023
GaiaDR3_1191504471436192512,60119,2023-06-24,16.455063,0.014085,1,WD-MS binaries,2023
GaiaDR3_1191504471436192512,60121,2023-06-26,16.435089,0.128836,2,WD-MS binaries,2023
GaiaDR3_1191504471436192512,60123,2023-06-28,16.483871,0.014189,1,WD-MS binaries,2023
GaiaDR3_1191504471436192512,60125,2023-06-30,16.569778,0.014523,1,WD-MS binaries,2023
GaiaDR3_1191504471436192512,60134,2023-07-09,16.292786,0.013565,1,WD-MS binaries,2023
GaiaDR3_1191504471436192512,60136,2023-07-11,16.353617,0.013747,1,WD-MS binaries,2023
GaiaDR3_1191504471436192512,60138,2023-07-13,16.340403,0.013706,1,WD-MS binaries,2023
GaiaDR3_1191504471436192512,60140,2023-07-15,16.222778,0.013373,1,WD-MS binaries,2023
GaiaDR3_1191504471436192512,60143,2023-07-18,16.250559,0.013447,1,WD-MS binaries,2023
GaiaDR3_1191504471436192512,60145,2023-07-20,16.524113,0.014341,1,WD-MS binaries,2023
GaiaDR3_1191504471436192512,60149,2023-07-24,16.480085,0.014175,1,WD-MS binaries,2023
GaiaDR3_1191504471436192512,60151,2023-07-26,16.439903,0.014031,1,WD-MS binaries,2023
GaiaDR3_1191504471436192512,60153,2023-07-28,16.577644,0.014555,1,WD-MS binaries,2023
GaiaDR3_1191504471436192512,60155,2023-07-30,16.616486,0.01472,1,WD-MS binaries,2023
GaiaDR3_1191504471436192512,60162,2023-08-06,16.305872,0.013603,1,WD-MS binaries,2023
GaiaDR3_1191504471436192512,60164,2023-08-08,16.513004,0.014298,1,WD-MS binaries,2023
GaiaDR3_1191504471436192512,60166,2023-08-10,16.556997,0.014471,1,WD-MS binaries,2023
GaiaDR3_1191504471436192512,60170,2023-08-14,16.210321,0.013341,1,WD-MS binaries,2023
GaiaDR3_1191504471436192512,60172,2023-08-16,16.296652,0.013576,1,WD-MS binaries,2023
GaiaDR3_1191504471436192512,60174,2023-08-18,16.585463,0.014588,1,WD-MS binaries,2023
GaiaDR3_1191504471436192512,60181,2023-08-25,16.254665,0.013458,1,WD-MS binaries,2023
GaiaDR3_1191504471436192512,60183,2023-08-27,16.423338,0.013974,1,WD-MS binaries,2023
GaiaDR3_1191504471436192512,60185,2023-08-29,16.598446,0.014642,1,WD-MS binaries,2023
GaiaDR3_1191504471436192512,60315,2024-01-06,16.202686,0.013322,1,WD-MS binaries,2024
GaiaDR3_1191504471436192512,60327,2024-01-18,16.200573,0.013316,1,WD-MS binaries,2024
GaiaDR3_1191504471436192512,60351,2024-02-11,16.389217,0.01386,1,WD-MS binaries,2024
GaiaDR3_1191504471436192512,60353,2024-02-13,16.584246,0.014583,1,WD-MS binaries,2024
GaiaDR3_1191504471436192512,60355,2024-02-15,16.586704,0.014593,1,WD-MS binaries,2024
GaiaDR3_1191504471436192512,60368,2024-02-28,16.454807,0.014084,1,WD-MS binaries,2024
GaiaDR3_1191504471436192512,60389,2024-03-20,16.41679,0.013952,1,WD-MS binaries,2024
GaiaDR3_1191504471436192512,60391,2024-03-22,16.190868,0.013292,1,WD-MS binaries,2024
GaiaDR3_1191504471436192512,60396,2024-03-27,16.602663,0.01466,1,WD-MS binaries,2024
GaiaDR3_1191504471436192512,60404,2024-04-04,16.175867,0.013255,1,WD-MS binaries,2024
GaiaDR3_1191504471436192512,60408,2024-04-08,16.522587,0.014335,1,WD-MS binaries,2024
GaiaDR3_1191504471436192512,60418,2024-04-18,16.30891,0.01453,1,WD-MS binaries,2024
GaiaDR3_1191504471436192512,60421,2024-04-21,16.603439,0.014664,1,WD-MS binaries,2024
GaiaDR3_1191504471436192512,60423,2024-04-23,16.556416,0.014469,1,WD-MS binaries,2024
GaiaDR3_1191504471436192512,60429,2024-04-29,16.583776,0.014581,1,WD-MS binaries,2024
GaiaDR3_1191504471436192512,60434,2024-05-04,16.53215,0.014372,1,WD-MS binaries,2024
GaiaDR3_1191504471436192512,60436,2024-05-06,16.239784,0.013418,1,WD-MS binaries,2024
GaiaDR3_1191504471436192512,60437,2024-05-07,16.204349,0.013326,1,WD-MS binaries,2024
GaiaDR3_1191504471436192512,60438,2024-05-08,16.240143,0.013419,1,WD-MS binaries,2024
GaiaDR3_1191504471436192512,60439,2024-05-09,16.767677,0.015438,1,WD-MS binaries,2024
GaiaDR3_1191504471436192512,60440,2024-05-10,16.355301,0.099081,3,WD-MS binaries,2024
GaiaDR3_1191504471436192512,60441,2024-05-11,16.287578,0.054816,2,WD-MS binaries,2024
GaiaDR3_1191504471436192512,60442,2024-05-12,16.359036,0.046604,3,WD-MS binaries,2024
GaiaDR3_1191504471436192512,60443,2024-05-13,16.341324,0.086127,2,WD-MS binaries,2024
GaiaDR3_1191504471436192512,60444,2024-05-14,19.036834,1.977084,2,WD-MS binaries,2024
GaiaDR3_1191504471436192512,60445,2024-05-15,16.583781,0.014575,2,WD-MS binaries,2024
GaiaDR3_1191504471436192512,60446,2024-05-16,16.511116,0.088898,3,WD-MS binaries,2024
GaiaDR3_1191504471436192512,60447,2024-05-17,16.397339,0.084064,2,WD-MS binaries,2024
GaiaDR3_1191504471436192512,60448,2024-05-18,16.21656,0.01671,2,WD-MS binaries,2024
GaiaDR3_1191504471436192512,60449,2024-05-19,16.283694,0.051934,2,WD-MS binaries,2024
GaiaDR3_1191504471436192512,60450,2024-05-20,16.339371,0.03977,3,WD-MS binaries,2024
GaiaDR3_1191504471436192512,60451,2024-05-21,16.191551,0.013294,1,WD-MS binaries,2024
GaiaDR3_1191504471436192512,60452,2024-05-22,16.536045,0.034561,3,WD-MS binaries,2024
GaiaDR3_1191504471436192512,60456,2024-05-26,16.21097,0.013343,1,WD-MS binaries,2024
GaiaDR3_1191504471436192512,60457,2024-05-27,16.510525,0.015218,1,WD-MS binaries,2024
GaiaDR3_1191504471436192512,60458,2024-05-28,16.358261,0.073817,3,WD-MS binaries,2024
GaiaDR3_1191504471436192512,60459,2024-05-29,16.370012,0.119885,2,WD-MS binaries,2024
GaiaDR3_1191504471436192512,60460,2024-05-30,16.455532,0.086832,3,WD-MS binaries,2024
GaiaDR3_1191504471436192512,60461,2024-05-31,16.507066,0.045998,2,WD-MS binaries,2024
GaiaDR3_1191504471436192512,60462,2024-06-01,16.465151,0.014121,1,WD-MS binaries,2024
GaiaDR3_1191504471436192512,60464,2024-06-03,16.591751,0.014614,1,WD-MS binaries,2024
GaiaDR3_1191504471436192512,60468,2024-06-07,16.52457,0.014343,1,WD-MS binaries,2024
GaiaDR3_1191504471436192512,60469,2024-06-08,16.593666,0.010601,2,WD-MS binaries,2024
GaiaDR3_1191504471436192512,60470,2024-06-09,16.342205,0.109358,2,WD-MS binaries,2024
GaiaDR3_1191504471436192512,60471,2024-06-10,16.205988,0.009426,2,WD-MS binaries,2024
GaiaDR3_1191504471436192512,60472,2024-06-11,16.415579,0.112117,2,WD-MS binaries,2024
GaiaDR3_1191504471436192512,60473,2024-06-12,16.228432,0.031761,3,WD-MS binaries,2024
GaiaDR3_1191504471436192512,60475,2024-06-14,16.835346,0.015802,1,WD-MS binaries,2024
GaiaDR3_1191504471436192512,60476,2024-06-15,16.490637,0.010051,2,WD-MS binaries,2024
GaiaDR3_1191504471436192512,60477,2024-06-16,16.536163,0.014388,1,WD-MS binaries,2024
GaiaDR3_1191504471436192512,60480,2024-06-19,16.277218,0.013521,1,WD-MS binaries,2024
GaiaDR3_1191504471436192512,60482,2024-06-21,16.792902,0.01557,1,WD-MS binaries,2024
GaiaDR3_1191504471436192512,60484,2024-06-23,16.428493,0.013992,1,WD-MS binaries,2024
GaiaDR3_1191504471436192512,60487,2024-06-26,16.348548,0.010094,2,WD-MS binaries,2024
GaiaDR3_1191504471436192512,60489,2024-06-28,16.585854,0.014589,1,WD-MS binaries,2024
GaiaDR3_1191504471436192512,60491,2024-06-30,16.47051,0.105912,3,WD-MS binaries,2024
GaiaDR3_1191504471436192512,60498,2024-07-07,16.223234,0.009457,2,WD-MS binaries,2024
GaiaDR3_1191504471436192512,60499,2024-07-08,16.243721,0.013429,1,WD-MS binaries,2024
GaiaDR3_1191504471436192512,60500,2024-07-09,16.488381,0.010045,2,WD-MS binaries,2024
GaiaDR3_1191504471436192512,60501,2024-07-10,16.445116,0.113413,2,WD-MS binaries,2024
GaiaDR3_1191504471436192512,60502,2024-07-11,16.443993,0.080473,2,WD-MS binaries,2024
GaiaDR3_1191504471436192512,60504,2024-07-13,16.219698,0.013365,1,WD-MS binaries,2024
GaiaDR3_1191504471436192512,60507,2024-07-16,16.429466,0.013995,1,WD-MS binaries,2024
GaiaDR3_1191504471436192512,60509,2024-07-18,16.573444,0.014538,1,WD-MS binaries,2024
GaiaDR3_1191504471436192512,60511,2024-07-20,16.189478,0.013288,1,WD-MS binaries,2024
GaiaDR3_1191504471436192512,60513,2024-07-22,17.774075,0.024786,1,WD-MS binaries,2024
GaiaDR3_1191504471436192512,60515,2024-07-24,16.535204,0.014384,1,WD-MS binaries,2024
GaiaDR3_1191504471436192512,60517,2024-07-26,16.413445,0.013941,1,WD-MS binaries,2024
GaiaDR3_1191504471436192512,60524,2024-08-02,16.217003,0.013358,1,WD-MS binaries,2024
GaiaDR3_1191504471436192512,60526,2024-08-04,16.548565,0.014437,1,WD-MS binaries,2024
GaiaDR3_1191504471436192512,60528,2024-08-06,16.418783,0.013959,1,WD-MS binaries,2024
GaiaDR3_1191504471436192512,60530,2024-08-08,16.220926,0.013368,1,WD-MS binaries,2024
GaiaDR3_1191504471436192512,60532,2024-08-10,16.574467,0.014542,1,WD-MS binaries,2024
GaiaDR3_1191504471436192512,60533,2024-08-11,16.587452,0.014596,1,WD-MS binaries,2024
GaiaDR3_1191504471436192512,60543,2024-08-21,16.317368,0.013637,1,WD-MS binaries,2024
GaiaDR3_1191504471436192512,60545,2024-08-23,16.555176,0.014464,1,WD-MS binaries,2024
GaiaDR3_1191504471436192512,60547,2024-08-25,16.577471,0.014554,1,WD-MS binaries,2024
GaiaDR3_1191504471436192512,60549,2024-08-27,16.361473,0.013771,1,WD-MS binaries,2024
GaiaDR3_1191504471436192512,60554,2024-09-01,16.418432,0.013957,1,WD-MS binaries,2024
GaiaDR3_1191504471436192512,60556,2024-09-03,16.221844,0.013371,1,WD-MS binaries,2024
GaiaDR3_1191504471436192512,60558,2024-09-05,16.257687,0.013466,1,WD-MS binaries,2024
GaiaDR3_1191504471436192512,60569,2024-09-16,16.590862,0.01461,1,WD-MS binaries,2024
GaiaDR3_1191504471436192512,60572,2024-09-19,16.581535,0.014571,1,WD-MS binaries,2024
GaiaDR3_1191504471436192512,60675,2024-12-31,16.600906,0.014653,1,WD-MS binaries,2024
GaiaDR3_1191504471436192512,60681,2025-01-06,16.381119,0.013834,1,WD-MS binaries,2025
GaiaDR3_1191504471436192512,60691,2025-01-16,16.405262,0.013913,1,WD-MS binaries,2025
GaiaDR3_1191504471436192512,60694,2025-01-19,16.602066,0.014658,1,WD-MS binaries,2025
GaiaDR3_1191504471436192512,60699,2025-01-24,16.49202,0.014219,1,WD-MS binaries,2025
GaiaDR3_1191504471436192512,60721,2025-02-15,16.221779,0.013371,1,WD-MS binaries,2025
GaiaDR3_1191504471436192512,60725,2025-02-19,16.24321,0.013427,1,WD-MS binaries,2025
GaiaDR3_1191504471436192512,60727,2025-02-21,16.241756,0.013423,1,WD-MS binaries,2025
GaiaDR3_1191504471436192512,60729,2025-02-23,16.531635,0.01437,1,WD-MS binaries,2025
GaiaDR3_1191504471436192512,60731,2025-02-25,16.5679,0.014515,1,WD-MS binaries,2025
GaiaDR3_1191504471436192512,60733,2025-02-27,16.528164,0.014357,1,WD-MS binaries,2025
GaiaDR3_1191504471436192512,60743,2025-03-09,16.597591,0.014639,1,WD-MS binaries,2025
GaiaDR3_1191504471436192512,60750,2025-03-16,16.288101,0.013551,1,WD-MS binaries,2025
GaiaDR3_1191504471436192512,60753,2025-03-19,16.484922,0.014193,1,WD-MS binaries,2025
GaiaDR3_1191504471436192512,60755,2025-03-21,16.23592,0.013408,1,WD-MS binaries,2025
GaiaDR3_1191504471436192512,60758,2025-03-24,16.391254,0.013867,1,WD-MS binaries,2025
GaiaDR3_1191504471436192512,60764,2025-03-30,16.477688,0.014166,1,WD-MS binaries,2025
GaiaDR3_1191504471436192512,60771,2025-04-06,16.324173,0.013657,1,WD-MS binaries,2025
GaiaDR3_1191504471436192512,60773,2025-04-08,16.49189,0.014219,1,WD-MS binaries,2025
GaiaDR3_1191504471436192512,60775,2025-04-10,16.574081,0.014541,1,WD-MS binaries,2025
GaiaDR3_1191504471436192512,60781,2025-04-16,16.550499,0.014445,1,WD-MS binaries,2025
GaiaDR3_1191504471436192512,60786,2025-04-21,16.592005,0.014615,1,WD-MS binaries,2025
GaiaDR3_1191504471436192512,60790,2025-04-25,16.526085,0.014349,1,WD-MS binaries,2025
GaiaDR3_1191504471436192512,60796,2025-05-01,16.478733,0.01417,1,WD-MS binaries,2025
GaiaDR3_1191504471436192512,60798,2025-05-03,16.57576,0.014547,1,WD-MS binaries,2025
GaiaDR3_1191504471436192512,60804,2025-05-09,16.578644,0.014559,1,WD-MS binaries,2025
GaiaDR3_1191504471436192512,60810,2025-05-15,16.332157,0.013681,1,WD-MS binaries,2025
GaiaDR3_1191504471436192512,60817,2025-05-22,16.554848,0.014462,1,WD-MS binaries,2025
GaiaDR3_1191504471436192512,60820,2025-05-25,16.537052,0.014391,1,WD-MS binaries,2025
GaiaDR3_1191504471436192512,60822,2025-05-27,16.354504,0.01375,1,WD-MS binaries,2025
GaiaDR3_1191504471436192512,60824,2025-05-29,16.196781,0.013307,1,WD-MS binaries,2025
GaiaDR3_1191504471436192512,60828,2025-06-02,16.218191,0.013361,1,WD-MS binaries,2025
GaiaDR3_1191504471436192512,60833,2025-06-07,16.207823,0.013335,1,WD-MS binaries,2025
GaiaDR3_1191504471436192512,60835,2025-06-09,16.598158,0.014641,1,WD-MS binaries,2025
GaiaDR3_1191504471436192512,60839,2025-06-13,16.236942,0.01341,1,WD-MS binaries,2025
GaiaDR3_1191504471436192512,60842,2025-06-16,16.446325,0.014054,1,WD-MS binaries,2025
GaiaDR3_1191504471436192512,60844,2025-06-18,16.577511,0.014555,1,WD-MS binaries,2025
GaiaDR3_1191504471436192512,60846,2025-06-20,16.199673,0.013314,1,WD-MS binaries,2025
GaiaDR3_1191504471436192512,60848,2025-06-22,16.366201,0.013786,1,WD-MS binaries,2025
GaiaDR3_1191504471436192512,60856,2025-06-30,16.288437,0.013552,1,WD-MS binaries,2025
GaiaDR3_1191504471436192512,60858,2025-07-02,16.564835,0.014503,1,WD-MS binaries,2025
GaiaDR3_1191504471436192512,60860,2025-07-04,16.50532,0.014269,1,WD-MS binaries,2025
GaiaDR3_1191504471436192512,60900,2025-08-13,16.576767,0.014552,1,WD-MS binaries,2025
GaiaDR3_1191504471436192512,60902,2025-08-15,16.53973,0.014402,1,WD-MS binaries,2025
GaiaDR3_1191504471436192512,60904,2025-08-17,16.232426,0.013398,1,WD-MS binaries,2025
GaiaDR3_1191504471436192512,60923,2025-09-05,16.269104,0.013498,1,WD-MS binaries,2025
GaiaDR3_1228266814506156928,58202,2018-03-25,15.893444,0.011244,2,unclassified,2018
GaiaDR3_1228266814506156928,58205,2018-03-28,15.892299,0.007951,4,unclassified,2018
GaiaDR3_1228266814506156928,58208,2018-03-31,15.900978,0.008313,3,unclassified,2018
GaiaDR3_1228266814506156928,58211,2018-04-03,15.911299,0.011252,4,unclassified,2018
GaiaDR3_1228266814506156928,58229,2018-04-21,15.875594,0.01122,2,unclassified,2018
GaiaDR3_1228266814506156928,58232,2018-04-24,15.87117,0.011229,2,unclassified,2018
GaiaDR3_1228266814506156928,58234,2018-04-26,15.911351,0.010195,2,unclassified,2018
GaiaDR3_1228266814506156928,58235,2018-04-27,15.895107,0.009141,3,unclassified,2018
GaiaDR3_1228266814506156928,58236,2018-04-28,15.908228,0.011263,2,unclassified,2018
GaiaDR3_1228266814506156928,58242,2018-05-04,15.890217,0.017416,1,unclassified,2018
GaiaDR3_1228266814506156928,58248,2018-05-10,15.88827,0.017415,1,unclassified,2018
GaiaDR3_1228266814506156928,58255,2018-05-17,15.888752,0.011249,2,unclassified,2018
GaiaDR3_1228266814506156928,58258,2018-05-20,15.893839,0.017416,1,unclassified,2018
GaiaDR3_1228266814506156928,58262,2018-05-24,15.877698,0.017415,1,unclassified,2018
GaiaDR3_1228266814506156928,58267,2018-05-29,15.890071,0.011243,2,unclassified,2018
GaiaDR3_1228266814506156928,58273,2018-06-04,15.873064,0.011224,2,unclassified,2018
GaiaDR3_1228266814506156928,58276,2018-06-07,15.893147,0.011235,2,unclassified,2018
GaiaDR3_1228266814506156928,58279,2018-06-10,15.889542,0.011233,2,unclassified,2018
GaiaDR3_1228266814506156928,58282,2018-06-13,15.891341,0.011242,2,unclassified,2018
GaiaDR3_1228266814506156928,58288,2018-06-19,15.89129,0.011245,2,unclassified,2018
GaiaDR3_1228266814506156928,58294,2018-06-25,15.901419,0.011243,2,unclassified,2018
GaiaDR3_1228266814506156928,58297,2018-06-28,15.899922,0.014394,1,unclassified,2018
GaiaDR3_1228266814506156928,58300,2018-07-01,15.880501,0.011223,2,unclassified,2018
GaiaDR3_1228266814506156928,58303,2018-07-04,15.89659,0.011235,2,unclassified,2018
GaiaDR3_1228266814506156928,58306,2018-07-07,15.894537,0.014383,1,unclassified,2018
GaiaDR3_1228266814506156928,58312,2018-07-13,15.891036,0.014376,1,unclassified,2018
GaiaDR3_1228266814506156928,58314,2018-07-15,15.902801,0.017417,1,unclassified,2018
GaiaDR3_1228266814506156928,58326,2018-07-27,15.897394,0.014389,1,unclassified,2018
GaiaDR3_1228266814506156928,58329,2018-07-30,15.901966,0.014398,1,unclassified,2018
GaiaDR3_1228266814506156928,58332,2018-08-02,15.904587,0.017417,1,unclassified,2018
GaiaDR3_1228266814506156928,58334,2018-08-04,15.905154,0.014405,1,unclassified,2018
GaiaDR3_1228266814506156928,58336,2018-08-06,15.895239,0.017416,1,unclassified,2018
GaiaDR3_1228266814506156928,58337,2018-08-07,15.875827,0.014346,1,unclassified,2018
GaiaDR3_1228266814506156928,58345,2018-08-15,15.905275,0.014405,1,unclassified,2018
GaiaDR3_1228266814506156928,58347,2018-08-17,15.885165,0.017415,1,unclassified,2018
GaiaDR3_1228266814506156928,58348,2018-08-18,15.910513,0.014416,1,unclassified,2018
GaiaDR3_1228266814506156928,58363,2018-09-02,15.890024,0.014374,1,unclassified,2018
GaiaDR3_1228266814506156928,58472,2018-12-20,15.894377,0.016105,2,unclassified,2018
GaiaDR3_1228266814506156928,58480,2018-12-28,15.916738,0.011254,2,unclassified,2018
GaiaDR3_1228266814506156928,58487,2019-01-04,15.895241,0.011243,2,unclassified,2019
GaiaDR3_1228266814506156928,58491,2019-01-08,15.883225,0.01124,2,unclassified,2019
GaiaDR3_1228266814506156928,58494,2019-01-11,15.900031,0.011243,2,unclassified,2019
GaiaDR3_1228266814506156928,58502,2019-01-19,15.888762,0.011233,2,unclassified,2019
GaiaDR3_1228266814506156928,58505,2019-01-22,15.91348,0.011264,2,unclassified,2019
GaiaDR3_1228266814506156928,58507,2019-01-24,15.876765,0.01122,2,unclassified,2019
GaiaDR3_1228266814506156928,58508,2019-01-25,15.887893,0.011235,2,unclassified,2019
GaiaDR3_1228266814506156928,58509,2019-01-26,15.961095,0.017432,1,unclassified,2019
GaiaDR3_1228266814506156928,58511,2019-01-28,15.900521,0.014315,2,unclassified,2019
GaiaDR3_1228266814506156928,58522,2019-02-08,15.888528,0.014371,1,unclassified,2019
GaiaDR3_1228266814506156928,58526,2019-02-12,15.897099,0.011242,2,unclassified,2019
GaiaDR3_1228266814506156928,58539,2019-02-25,15.890573,0.011231,2,unclassified,2019
GaiaDR3_1228266814506156928,58543,2019-03-01,15.889752,0.014373,1,unclassified,2019
GaiaDR3_1228266814506156928,58556,2019-03-14,15.900747,0.017417,1,unclassified,2019
GaiaDR3_1228266814506156928,58557,2019-03-15,15.88052,0.014355,1,unclassified,2019
GaiaDR3_1228266814506156928,58560,2019-03-18,15.901439,0.014939,2,unclassified,2019
GaiaDR3_1228266814506156928,58568,2019-03-26,15.88979,0.017415,1,unclassified,2019
GaiaDR3_1228266814506156928,58572,2019-03-30,15.888334,0.01123,2,unclassified,2019
GaiaDR3_1228266814506156928,58580,2019-04-07,15.8937,0.011249,2,unclassified,2019
GaiaDR3_1228266814506156928,58583,2019-04-10,15.907893,0.01441,1,unclassified,2019
GaiaDR3_1228266814506156928,58586,2019-04-13,15.883862,0.011234,2,unclassified,2019
GaiaDR3_1228266814506156928,58592,2019-04-19,15.884913,0.01691,2,unclassified,2019
GaiaDR3_1228266814506156928,58596,2019-04-23,15.891627,0.011241,2,unclassified,2019
GaiaDR3_1228266814506156928,58599,2019-04-26,15.888878,0.01124,2,unclassified,2019
GaiaDR3_1228266814506156928,58606,2019-05-03,15.89716,0.011246,2,unclassified,2019
GaiaDR3_1228266814506156928,58612,2019-05-09,15.899174,0.011249,2,unclassified,2019
GaiaDR3_1228266814506156928,58616,2019-05-13,15.889534,0.01124,2,unclassified,2019
GaiaDR3_1228266814506156928,58619,2019-05-16,15.894585,0.014383,1,unclassified,2019
GaiaDR3_1228266814506156928,58628,2019-05-25,15.906282,0.011247,2,unclassified,2019
GaiaDR3_1228266814506156928,58633,2019-05-30,15.898028,0.017416,1,unclassified,2019
GaiaDR3_1228266814506156928,58635,2019-06-01,15.904224,0.014403,1,unclassified,2019
GaiaDR3_1228266814506156928,58636,2019-06-02,15.881144,0.017415,1,unclassified,2019
GaiaDR3_1228266814506156928,58638,2019-06-04,15.886271,0.014366,1,unclassified,2019
GaiaDR3_1228266814506156928,58639,2019-06-05,15.894792,0.017416,1,unclassified,2019
GaiaDR3_1228266814506156928,58641,2019-06-07,15.896914,0.014388,1,unclassified,2019
GaiaDR3_1228266814506156928,58642,2019-06-08,15.913481,0.017419,1,unclassified,2019
GaiaDR3_1228266814506156928,58644,2019-06-10,15.867813,0.01433,1,unclassified,2019
GaiaDR3_1228266814506156928,58645,2019-06-11,15.868972,0.017414,1,unclassified,2019
GaiaDR3_1228266814506156928,58651,2019-06-17,15.885149,0.017415,1,unclassified,2019
GaiaDR3_1228266814506156928,58653,2019-06-19,15.917531,0.01443,1,unclassified,2019
GaiaDR3_1228266814506156928,58654,2019-06-20,15.88375,0.017415,1,unclassified,2019
GaiaDR3_1228266814506156928,58657,2019-06-23,15.891388,0.01124,2,unclassified,2019
GaiaDR3_1228266814506156928,58663,2019-06-29,15.890549,0.014375,1,unclassified,2019
GaiaDR3_1228266814506156928,58672,2019-07-08,15.892062,0.011233,2,unclassified,2019
GaiaDR3_1228266814506156928,58675,2019-07-11,15.911984,0.011255,2,unclassified,2019
GaiaDR3_1228266814506156928,58678,2019-07-14,15.89338,0.011244,2,unclassified,2019
GaiaDR3_1228266814506156928,58684,2019-07-20,15.897171,0.011243,2,unclassified,2019
GaiaDR3_1228266814506156928,58692,2019-07-28,15.892988,0.011236,2,unclassified,2019
GaiaDR3_1228266814506156928,58708,2019-08-13,15.890735,0.014375,1,unclassified,2019
GaiaDR3_1228266814506156928,58714,2019-08-19,15.881795,0.014358,1,unclassified,2019
GaiaDR3_1228266814506156928,58715,2019-08-20,15.904315,0.017417,1,unclassified,2019
GaiaDR3_1228266814506156928,58720,2019-08-25,15.908554,0.017418,1,unclassified,2019
GaiaDR3_1228266814506156928,58723,2019-08-28,15.874496,0.014343,1,unclassified,2019
GaiaDR3_1228266814506156928,58724,2019-08-29,15.887712,0.017415,1,unclassified,2019
GaiaDR3_1228266814506156928,58726,2019-08-31,15.899802,0.014394,1,unclassified,2019
GaiaDR3_1228266814506156928,58728,2019-09-02,15.890765,0.014376,1,unclassified,2019
GaiaDR3_1228266814506156928,58734,2019-09-08,15.91852,0.014432,1,unclassified,2019
GaiaDR3_1228266814506156928,58830,2019-12-13,15.908961,0.017418,1,unclassified,2019
GaiaDR3_1228266814506156928,58831,2019-12-14,15.890821,0.014376,1,unclassified,2019
GaiaDR3_1228266814506156928,58835,2019-12-18,15.905734,0.017418,1,unclassified,2019
GaiaDR3_1228266814506156928,58836,2019-12-19,15.895948,0.014386,1,unclassified,2019
GaiaDR3_1228266814506156928,58850,2020-01-02,15.872557,0.01123,2,unclassified,2020
GaiaDR3_1228266814506156928,58853,2020-01-05,15.876598,0.01124,2,unclassified,2020
GaiaDR3_1228266814506156928,58856,2020-01-08,15.893361,0.011249,2,unclassified,2020
GaiaDR3_1228266814506156928,58861,2020-01-13,15.894786,0.011237,2,unclassified,2020
GaiaDR3_1228266814506156928,58864,2020-01-16,15.887494,0.011233,2,unclassified,2020
GaiaDR3_1228266814506156928,58872,2020-01-24,15.885929,0.011238,2,unclassified,2020
GaiaDR3_1228266814506156928,58875,2020-01-27,15.875294,0.011225,2,unclassified,2020
GaiaDR3_1228266814506156928,58878,2020-01-30,15.885087,0.011238,2,unclassified,2020
GaiaDR3_1228266814506156928,58881,2020-02-02,15.884088,0.011236,2,unclassified,2020
GaiaDR3_1228266814506156928,58884,2020-02-05,15.889514,0.011235,2,unclassified,2020
GaiaDR3_1228266814506156928,58887,2020-02-08,15.9083,0.011248,2,unclassified,2020
GaiaDR3_1228266814506156928,58890,2020-02-11,15.92445,0.014445,1,unclassified,2020
GaiaDR3_1228266814506156928,58891,2020-02-12,15.869765,0.017414,1,unclassified,2020
GaiaDR3_1228266814506156928,58894,2020-02-15,15.886822,0.017415,1,unclassified,2020
GaiaDR3_1228266814506156928,58899,2020-02-20,15.882094,0.017415,1,unclassified,2020
GaiaDR3_1228266814506156928,58903,2020-02-24,15.89918,0.014393,1,unclassified,2020
GaiaDR3_1228266814506156928,58904,2020-02-25,15.885209,0.017415,1,unclassified,2020
GaiaDR3_1228266814506156928,58911,2020-03-03,15.871942,0.01442,2,unclassified,2020
GaiaDR3_1228266814506156928,58936,2020-03-28,15.888993,0.011249,2,unclassified,2020
GaiaDR3_1228266814506156928,58940,2020-04-01,15.849465,0.017414,1,unclassified,2020
GaiaDR3_1228266814506156928,58943,2020-04-04,15.8767,0.011226,2,unclassified,2020
GaiaDR3_1228266814506156928,58954,2020-04-15,15.867131,0.017414,1,unclassified,2020
GaiaDR3_1228266814506156928,58955,2020-04-16,15.885059,0.017415,1,unclassified,2020
GaiaDR3_1228266814506156928,58963,2020-04-24,15.895892,0.005878,6,unclassified,2020
GaiaDR3_1228266814506156928,58964,2020-04-25,15.885384,0.011229,2,unclassified,2020
GaiaDR3_1228266814506156928,58967,2020-04-28,15.899743,0.011254,2,unclassified,2020
GaiaDR3_1228266814506156928,58970,2020-05-01,15.893399,0.011242,2,unclassified,2020
GaiaDR3_1228266814506156928,58973,2020-05-04,15.893956,0.011238,2,unclassified,2020
GaiaDR3_1228266814506156928,58976,2020-05-07,15.896459,0.011253,2,unclassified,2020
GaiaDR3_1228266814506156928,58979,2020-05-10,15.908372,0.011245,2,unclassified,2020
GaiaDR3_1228266814506156928,58985,2020-05-16,15.869932,0.017414,1,unclassified,2020
GaiaDR3_1228266814506156928,58991,2020-05-22,15.874367,0.014392,2,unclassified,2020
GaiaDR3_1228266814506156928,58994,2020-05-25,15.865792,0.017414,1,unclassified,2020
GaiaDR3_1228266814506156928,58995,2020-05-26,15.901323,0.014397,1,unclassified,2020
GaiaDR3_1228266814506156928,58997,2020-05-28,15.88601,0.017415,1,unclassified,2020
GaiaDR3_1228266814506156928,58998,2020-05-29,15.8847,0.014363,1,unclassified,2020
GaiaDR3_1228266814506156928,59000,2020-05-31,15.902006,0.017417,1,unclassified,2020
GaiaDR3_1228266814506156928,59001,2020-06-01,15.877994,0.01435,1,unclassified,2020
GaiaDR3_1228266814506156928,59004,2020-06-04,15.899468,0.014393,1,unclassified,2020
GaiaDR3_1228266814506156928,59009,2020-06-09,15.905673,0.014406,1,unclassified,2020
GaiaDR3_1228266814506156928,59012,2020-06-12,15.873112,0.01242,2,unclassified,2020
GaiaDR3_1228266814506156928,59016,2020-06-16,15.903395,0.014401,1,unclassified,2020
GaiaDR3_1228266814506156928,59018,2020-06-18,15.891473,0.017416,1,unclassified,2020
GaiaDR3_1228266814506156928,59019,2020-06-19,15.88666,0.014367,1,unclassified,2020
GaiaDR3_1228266814506156928,59022,2020-06-22,15.899694,0.014394,1,unclassified,2020
GaiaDR3_1228266814506156928,59024,2020-06-24,15.866719,0.017414,1,unclassified,2020
GaiaDR3_1228266814506156928,59027,2020-06-27,15.888801,0.017415,1,unclassified,2020
GaiaDR3_1228266814506156928,59028,2020-06-28,15.888227,0.01437,1,unclassified,2020
GaiaDR3_1228266814506156928,59030,2020-06-30,15.883157,0.017415,1,unclassified,2020
GaiaDR3_1228266814506156928,59031,2020-07-01,15.90279,0.0144,1,unclassified,2020
GaiaDR3_1228266814506156928,59033,2020-07-03,15.929328,0.017422,1,unclassified,2020
GaiaDR3_1228266814506156928,59034,2020-07-04,15.879674,0.014353,1,unclassified,2020
GaiaDR3_1228266814506156928,59036,2020-07-06,15.894878,0.017416,1,unclassified,2020
GaiaDR3_1228266814506156928,59037,2020-07-07,15.894552,0.014383,1,unclassified,2020
GaiaDR3_1228266814506156928,59043,2020-07-13,15.909528,0.014414,1,unclassified,2020
GaiaDR3_1228266814506156928,59045,2020-07-15,15.871599,0.017414,1,unclassified,2020
GaiaDR3_1228266814506156928,59046,2020-07-16,15.88453,0.012943,2,unclassified,2020
GaiaDR3_1228266814506156928,59048,2020-07-18,15.896102,0.011243,2,unclassified,2020
GaiaDR3_1228266814506156928,59049,2020-07-19,15.893408,0.009168,3,unclassified,2020
GaiaDR3_1228266814506156928,59050,2020-07-20,15.891079,0.014376,1,unclassified,2020
GaiaDR3_1228266814506156928,59051,2020-07-21,15.910374,0.014415,1,unclassified,2020
GaiaDR3_1228266814506156928,59053,2020-07-23,15.877637,0.017415,1,unclassified,2020
GaiaDR3_1228266814506156928,59054,2020-07-24,15.939228,0.014476,1,unclassified,2020
GaiaDR3_1228266814506156928,59055,2020-07-25,15.903857,0.011254,2,unclassified,2020
GaiaDR3_1228266814506156928,59056,2020-07-26,15.884671,0.011237,2,unclassified,2020
GaiaDR3_1228266814506156928,59057,2020-07-27,15.896991,0.011248,2,unclassified,2020
GaiaDR3_1228266814506156928,59060,2020-07-30,15.889114,0.011248,2,unclassified,2020
GaiaDR3_1228266814506156928,59062,2020-08-01,15.896744,0.00832,3,unclassified,2020
GaiaDR3_1228266814506156928,59065,2020-08-04,15.893446,0.017416,1,unclassified,2020
GaiaDR3_1228266814506156928,59067,2020-08-06,15.913855,0.014423,1,unclassified,2020
GaiaDR3_1228266814506156928,59073,2020-08-12,15.917768,0.014431,1,unclassified,2020
GaiaDR3_1228266814506156928,59074,2020-08-13,15.905556,0.014406,1,unclassified,2020
GaiaDR3_1228266814506156928,59078,2020-08-17,15.90116,0.014397,1,unclassified,2020
GaiaDR3_1228266814506156928,59193,2020-12-10,15.878342,0.017415,1,unclassified,2020
GaiaDR3_1228266814506156928,59195,2020-12-12,15.898098,0.017416,1,unclassified,2020
GaiaDR3_1228266814506156928,59198,2020-12-15,15.879223,0.017415,1,unclassified,2020
GaiaDR3_1228266814506156928,59203,2020-12-20,15.884914,0.011233,2,unclassified,2020
GaiaDR3_1228266814506156928,59215,2021-01-01,15.900778,0.014396,1,unclassified,2021
GaiaDR3_1228266814506156928,59217,2021-01-03,15.898687,0.014392,1,unclassified,2021
GaiaDR3_1228266814506156928,59219,2021-01-05,15.905668,0.017418,1,unclassified,2021
GaiaDR3_1228266814506156928,59221,2021-01-07,15.877637,0.014349,1,unclassified,2021
GaiaDR3_1228266814506156928,59223,2021-01-09,15.876018,0.011233,2,unclassified,2021
GaiaDR3_1228266814506156928,59224,2021-01-10,15.869455,0.017414,1,unclassified,2021
GaiaDR3_1228266814506156928,59225,2021-01-11,15.885281,0.017415,1,unclassified,2021
GaiaDR3_1228266814506156928,59226,2021-01-12,15.861889,0.017414,1,unclassified,2021
GaiaDR3_1228266814506156928,59227,2021-01-13,15.858901,0.014313,1,unclassified,2021
GaiaDR3_1228266814506156928,59228,2021-01-14,15.871621,0.017414,1,unclassified,2021
GaiaDR3_1228266814506156928,59229,2021-01-15,15.889104,0.011247,2,unclassified,2021
GaiaDR3_1228266814506156928,59230,2021-01-16,15.882712,0.014359,1,unclassified,2021
GaiaDR3_1228266814506156928,59231,2021-01-17,15.882903,0.011244,2,unclassified,2021
GaiaDR3_1228266814506156928,59232,2021-01-18,15.878327,0.014351,1,unclassified,2021
GaiaDR3_1228266814506156928,59248,2021-02-03,15.89093,0.014376,1,unclassified,2021
GaiaDR3_1228266814506156928,59249,2021-02-04,15.897747,0.017416,1,unclassified,2021
GaiaDR3_1228266814506156928,59250,2021-02-05,15.892128,0.014378,1,unclassified,2021
GaiaDR3_1228266814506156928,59251,2021-02-06,15.853367,0.017414,1,unclassified,2021
GaiaDR3_1228266814506156928,59252,2021-02-07,15.88173,0.014357,1,unclassified,2021
GaiaDR3_1228266814506156928,59253,2021-02-08,15.865062,0.017414,1,unclassified,2021
GaiaDR3_1228266814506156928,59254,2021-02-09,15.882942,0.01436,1,unclassified,2021
GaiaDR3_1228266814506156928,59256,2021-02-11,15.900039,0.014394,1,unclassified,2021
GaiaDR3_1228266814506156928,59263,2021-02-18,15.881373,0.014357,1,unclassified,2021
GaiaDR3_1228266814506156928,59264,2021-02-19,15.861604,0.017414,1,unclassified,2021
GaiaDR3_1228266814506156928,59265,2021-02-20,15.890101,0.014374,1,unclassified,2021
GaiaDR3_1228266814506156928,59266,2021-02-21,15.872377,0.017414,1,unclassified,2021
GaiaDR3_1228266814506156928,59268,2021-02-23,15.89391,0.017416,1,unclassified,2021
GaiaDR3_1228266814506156928,59269,2021-02-24,15.875973,0.014346,1,unclassified,2021
GaiaDR3_1228266814506156928,59270,2021-02-25,15.90141,0.017417,1,unclassified,2021
GaiaDR3_1228266814506156928,59271,2021-02-26,15.887652,0.014369,1,unclassified,2021
GaiaDR3_1228266814506156928,59272,2021-02-27,15.906977,0.017418,1,unclassified,2021
GaiaDR3_1228266814506156928,59273,2021-02-28,15.913864,0.014423,1,unclassified,2021
GaiaDR3_1228266814506156928,59274,2021-03-01,15.895351,0.017416,1,unclassified,2021
GaiaDR3_1228266814506156928,59276,2021-03-03,15.886728,0.017415,1,unclassified,2021
GaiaDR3_1228266814506156928,59290,2021-03-17,15.879148,0.008294,3,unclassified,2021
GaiaDR3_1228266814506156928,59291,2021-03-18,15.868237,0.017414,1,unclassified,2021
GaiaDR3_1228266814506156928,59292,2021-03-19,15.897319,0.008309,3,unclassified,2021
GaiaDR3_1228266814506156928,59295,2021-03-22,15.890576,0.007957,4,unclassified,2021
GaiaDR3_1228266814506156928,59297,2021-03-24,15.889727,0.008678,4,unclassified,2021
GaiaDR3_1228266814506156928,59298,2021-03-25,15.896441,0.011246,2,unclassified,2021
GaiaDR3_1228266814506156928,59300,2021-03-27,15.901838,0.010055,3,unclassified,2021
GaiaDR3_1228266814506156928,59301,2021-03-28,15.921115,0.014438,1,unclassified,2021
GaiaDR3_1228266814506156928,59302,2021-03-29,15.892927,0.008311,3,unclassified,2021
GaiaDR3_1228266814506156928,59304,2021-03-31,15.892445,0.008302,3,unclassified,2021
GaiaDR3_1228266814506156928,59305,2021-04-01,15.894649,0.014383,1,unclassified,2021
GaiaDR3_1228266814506156928,59306,2021-04-02,15.879517,0.014353,1,unclassified,2021
GaiaDR3_1228266814506156928,59307,2021-04-03,15.8912,0.008309,3,unclassified,2021
GaiaDR3_1228266814506156928,59308,2021-04-04,15.900847,0.014396,1,unclassified,2021
GaiaDR3_1228266814506156928,59309,2021-04-05,15.892528,0.008303,3,unclassified,2021
GaiaDR3_1228266814506156928,59311,2021-04-07,15.882738,0.011241,2,unclassified,2021
GaiaDR3_1228266814506156928,59312,2021-04-08,15.893158,0.01438,1,unclassified,2021
GaiaDR3_1228266814506156928,59313,2021-04-09,15.878326,0.008304,3,unclassified,2021
GaiaDR3_1228266814506156928,59314,2021-04-10,15.896902,0.014388,1,unclassified,2021
GaiaDR3_1228266814506156928,59315,2021-04-11,15.861138,0.017414,1,unclassified,2021
GaiaDR3_1228266814506156928,59316,2021-04-12,15.901765,0.014398,1,unclassified,2021
GaiaDR3_1228266814506156928,59317,2021-04-13,15.868023,0.011234,2,unclassified,2021
GaiaDR3_1228266814506156928,59320,2021-04-16,15.870187,0.017414,1,unclassified,2021
GaiaDR3_1228266814506156928,59321,2021-04-17,15.860678,0.010613,4,unclassified,2021
GaiaDR3_1228266814506156928,59322,2021-04-18,15.864128,0.012314,2,unclassified,2021
GaiaDR3_1228266814506156928,59323,2021-04-19,15.879765,0.008707,4,unclassified,2021
GaiaDR3_1228266814506156928,59324,2021-04-20,15.876052,0.017414,1,unclassified,2021
GaiaDR3_1228266814506156928,59325,2021-04-21,15.88773,0.007788,5,unclassified,2021
GaiaDR3_1228266814506156928,59328,2021-04-24,15.88534,0.017415,1,unclassified,2021
GaiaDR3_1228266814506156928,59329,2021-04-25,15.895898,0.010055,3,unclassified,2021
GaiaDR3_1228266814506156928,59331,2021-04-27,15.90411,0.011257,2,unclassified,2021
GaiaDR3_1228266814506156928,59334,2021-04-30,15.903185,0.011121,4,unclassified,2021
GaiaDR3_1228266814506156928,59335,2021-05-01,15.899194,0.007201,4,unclassified,2021
GaiaDR3_1228266814506156928,59336,2021-05-02,15.896054,0.008314,3,unclassified,2021
GaiaDR3_1228266814506156928,59338,2021-05-04,15.870979,0.009042,5,unclassified,2021
GaiaDR3_1228266814506156928,59339,2021-05-05,15.880513,0.011242,2,unclassified,2021
GaiaDR3_1228266814506156928,59340,2021-05-06,15.870331,0.010324,4,unclassified,2021
GaiaDR3_1228266814506156928,59341,2021-05-07,15.896608,0.014387,1,unclassified,2021
GaiaDR3_1228266814506156928,59342,2021-05-08,15.904687,0.014404,1,unclassified,2021
GaiaDR3_1228266814506156928,59343,2021-05-09,15.899688,0.00831,3,unclassified,2021
GaiaDR3_1228266814506156928,59344,2021-05-10,15.904547,0.010185,2,unclassified,2021
GaiaDR3_1228266814506156928,59345,2021-05-11,15.888103,0.011245,2,unclassified,2021
GaiaDR3_1228266814506156928,59346,2021-05-12,15.867567,0.010054,3,unclassified,2021
GaiaDR3_1228266814506156928,59349,2021-05-15,15.897612,0.014389,1,unclassified,2021
GaiaDR3_1228266814506156928,59352,2021-05-18,15.873546,0.017414,1,unclassified,2021
GaiaDR3_1228266814506156928,59353,2021-05-19,15.894621,0.018328,2,unclassified,2021
GaiaDR3_1228266814506156928,59354,2021-05-20,15.865666,0.017414,1,unclassified,2021
GaiaDR3_1228266814506156928,59355,2021-05-21,15.894683,0.017416,1,unclassified,2021
GaiaDR3_1228266814506156928,59356,2021-05-22,15.892305,0.00795,4,unclassified,2021
GaiaDR3_1228266814506156928,59358,2021-05-24,15.901926,0.017283,2,unclassified,2021
GaiaDR3_1228266814506156928,59359,2021-05-25,15.891608,0.011248,2,unclassified,2021
GaiaDR3_1228266814506156928,59361,2021-05-27,15.907399,0.014409,1,unclassified,2021
GaiaDR3_1228266814506156928,59362,2021-05-28,15.887172,0.007947,4,unclassified,2021
GaiaDR3_1228266814506156928,59363,2021-05-29,15.890025,0.011239,2,unclassified,2021
GaiaDR3_1228266814506156928,59364,2021-05-30,15.886905,0.00795,4,unclassified,2021
GaiaDR3_1228266814506156928,59366,2021-06-01,15.886058,0.01008,3,unclassified,2021
GaiaDR3_1228266814506156928,59367,2021-06-02,15.894774,0.014384,1,unclassified,2021
GaiaDR3_1228266814506156928,59368,2021-06-03,15.889992,0.014374,1,unclassified,2021
GaiaDR3_1228266814506156928,59370,2021-06-05,15.873082,0.011236,2,unclassified,2021
GaiaDR3_1228266814506156928,59371,2021-06-06,15.891573,0.014377,1,unclassified,2021
GaiaDR3_1228266814506156928,59373,2021-06-08,15.885981,0.014366,1,unclassified,2021
GaiaDR3_1228266814506156928,59374,2021-06-09,15.912753,0.010197,2,unclassified,2021
GaiaDR3_1228266814506156928,59375,2021-06-10,15.894771,0.014384,1,unclassified,2021
GaiaDR3_1228266814506156928,59376,2021-06-11,15.877646,0.010054,3,unclassified,2021
GaiaDR3_1228266814506156928,59378,2021-06-13,15.885822,0.010054,3,unclassified,2021
GaiaDR3_1228266814506156928,59379,2021-06-14,15.891043,0.014376,1,unclassified,2021
GaiaDR3_1228266814506156928,59382,2021-06-17,15.905133,0.011256,2,unclassified,2021
GaiaDR3_1228266814506156928,59385,2021-06-20,15.89675,0.011253,2,unclassified,2021
GaiaDR3_1228266814506156928,59387,2021-06-22,15.888226,0.01123,2,unclassified,2021
GaiaDR3_1228266814506156928,59390,2021-06-25,15.902816,0.010055,3,unclassified,2021
GaiaDR3_1228266814506156928,59391,2021-06-26,15.885666,0.017415,1,unclassified,2021
GaiaDR3_1228266814506156928,59392,2021-06-27,15.88825,0.007947,4,unclassified,2021
GaiaDR3_1228266814506156928,59394,2021-06-29,15.882681,0.00966,4,unclassified,2021
GaiaDR3_1228266814506156928,59396,2021-07-01,15.887313,0.00795,4,unclassified,2021
GaiaDR3_1228266814506156928,59397,2021-07-02,15.922176,0.01444,1,unclassified,2021
GaiaDR3_1228266814506156928,59399,2021-07-04,15.882811,0.009279,4,unclassified,2021
GaiaDR3_1228266814506156928,59400,2021-07-05,15.861352,0.017414,1,unclassified,2021
GaiaDR3_1228266814506156928,59401,2021-07-06,15.873394,0.013051,4,unclassified,2021
GaiaDR3_1228266814506156928,59402,2021-07-07,15.889568,0.011247,2,unclassified,2021
GaiaDR3_1228266814506156928,59405,2021-07-10,15.87709,0.01124,2,unclassified,2021
GaiaDR3_1228266814506156928,59407,2021-07-12,15.883479,0.011235,2,unclassified,2021
GaiaDR3_1228266814506156928,59409,2021-07-14,15.905161,0.014675,2,unclassified,2021
GaiaDR3_1228266814506156928,59411,2021-07-16,15.888762,0.011244,2,unclassified,2021
GaiaDR3_1228266814506156928,59414,2021-07-19,15.900212,0.011244,2,unclassified,2021
GaiaDR3_1228266814506156928,59419,2021-07-24,15.899062,0.007954,4,unclassified,2021
GaiaDR3_1228266814506156928,59423,2021-07-28,15.884719,0.011234,2,unclassified,2021
GaiaDR3_1228266814506156928,59424,2021-07-29,15.922318,0.011272,2,unclassified,2021
GaiaDR3_1228266814506156928,59425,2021-07-30,15.889922,0.014374,1,unclassified,2021
GaiaDR3_1228266814506156928,59427,2021-08-01,15.891859,0.010167,2,unclassified,2021
GaiaDR3_1228266814506156928,59428,2021-08-02,15.909945,0.012317,2,unclassified,2021
GaiaDR3_1228266814506156928,59429,2021-08-03,15.915235,0.014426,1,unclassified,2021
GaiaDR3_1228266814506156928,59434,2021-08-08,15.875638,0.014345,1,unclassified,2021
GaiaDR3_1228266814506156928,59441,2021-08-15,15.909824,0.014414,1,unclassified,2021
GaiaDR3_1228266814506156928,59443,2021-08-17,15.903503,0.014401,1,unclassified,2021
GaiaDR3_1228266814506156928,59453,2021-08-27,15.902042,0.014398,1,unclassified,2021
GaiaDR3_1228266814506156928,59600,2022-01-21,15.8745,0.011221,2,unclassified,2022
GaiaDR3_1228266814506156928,59623,2022-02-13,15.883032,0.011234,2,unclassified,2022
GaiaDR3_1228266814506156928,59625,2022-02-15,15.870938,0.014336,1,unclassified,2022
GaiaDR3_1228266814506156928,59627,2022-02-17,15.900702,0.009902,1,unclassified,2022
GaiaDR3_1228266814506156928,59628,2022-02-18,15.874171,0.011229,2,unclassified,2022
GaiaDR3_1228266814506156928,59630,2022-02-20,15.867467,0.011216,2,unclassified,2022
GaiaDR3_1228266814506156928,59636,2022-02-26,15.876643,0.009861,1,unclassified,2022
GaiaDR3_1228266814506156928,59637,2022-02-27,15.853145,0.017414,1,unclassified,2022
GaiaDR3_1228266814506156928,59639,2022-03-01,15.859313,0.011222,2,unclassified,2022
GaiaDR3_1228266814506156928,59641,2022-03-03,15.892711,0.014379,1,unclassified,2022
GaiaDR3_1228266814506156928,59675,2022-04-06,15.88532,0.015135,2,unclassified,2022
GaiaDR3_1228266814506156928,59677,2022-04-08,15.881356,0.011244,2,unclassified,2022
GaiaDR3_1228266814506156928,59679,2022-04-10,15.889863,0.013267,2,unclassified,2022
GaiaDR3_1228266814506156928,59682,2022-04-13,15.886656,0.01034,4,unclassified,2022
GaiaDR3_1228266814506156928,59683,2022-04-14,15.901774,0.00966,2,unclassified,2022
GaiaDR3_1228266814506156928,59684,2022-04-15,15.894972,0.008708,4,unclassified,2022
GaiaDR3_1228266814506156928,59686,2022-04-17,15.867942,0.017414,1,unclassified,2022
GaiaDR3_1228266814506156928,59687,2022-04-18,15.895757,0.017416,1,unclassified,2022
GaiaDR3_1228266814506156928,59689,2022-04-20,15.906397,0.010434,3,unclassified,2022
GaiaDR3_1228266814506156928,59690,2022-04-21,15.882949,0.011238,2,unclassified,2022
GaiaDR3_1228266814506156928,59693,2022-04-24,15.861366,0.008707,4,unclassified,2022
GaiaDR3_1228266814506156928,59694,2022-04-25,15.864188,0.012834,4,unclassified,2022
GaiaDR3_1228266814506156928,59697,2022-04-28,15.892823,0.008302,3,unclassified,2022
GaiaDR3_1228266814506156928,59699,2022-04-30,15.871298,0.010832,5,unclassified,2022
GaiaDR3_1228266814506156928,59700,2022-05-01,15.876126,0.010758,4,unclassified,2022
GaiaDR3_1228266814506156928,59701,2022-05-02,15.887646,0.009791,3,unclassified,2022
GaiaDR3_1228266814506156928,59702,2022-05-03,15.898025,0.008308,3,unclassified,2022
GaiaDR3_1228266814506156928,59710,2022-05-11,15.909368,0.012697,3,unclassified,2022
GaiaDR3_1228266814506156928,59711,2022-05-12,15.892869,0.00719,4,unclassified,2022
GaiaDR3_1228266814506156928,59712,2022-05-13,15.909843,0.014414,1,unclassified,2022
GaiaDR3_1228266814506156928,59713,2022-05-14,15.905184,0.008333,3,unclassified,2022
GaiaDR3_1228266814506156928,59714,2022-05-15,15.918965,0.010206,2,unclassified,2022
GaiaDR3_1228266814506156928,59715,2022-05-16,15.903206,0.011248,2,unclassified,2022
GaiaDR3_1228266814506156928,59722,2022-05-23,15.896208,0.008306,3,unclassified,2022
GaiaDR3_1228266814506156928,59724,2022-05-25,15.902534,0.014399,1,unclassified,2022
GaiaDR3_1228266814506156928,59726,2022-05-27,15.901633,0.014398,1,unclassified,2022
GaiaDR3_1228266814506156928,59729,2022-05-30,15.892082,0.014378,1,unclassified,2022
GaiaDR3_1228266814506156928,59731,2022-06-01,15.910032,0.014415,1,unclassified,2022
GaiaDR3_1228266814506156928,59732,2022-06-02,15.868504,0.017414,1,unclassified,2022
GaiaDR3_1228266814506156928,59734,2022-06-04,15.852648,0.017414,1,unclassified,2022
GaiaDR3_1228266814506156928,59735,2022-06-05,15.902522,0.014399,1,unclassified,2022
GaiaDR3_1228266814506156928,59736,2022-06-06,15.866709,0.017414,1,unclassified,2022
GaiaDR3_1228266814506156928,59737,2022-06-07,15.910454,0.014416,1,unclassified,2022
GaiaDR3_1228266814506156928,59738,2022-06-08,15.8778,0.017415,1,unclassified,2022
GaiaDR3_1228266814506156928,59739,2022-06-09,15.896966,0.014388,1,unclassified,2022
GaiaDR3_1228266814506156928,59740,2022-06-10,15.912014,0.017419,1,unclassified,2022
GaiaDR3_1228266814506156928,59741,2022-06-11,15.893692,0.008582,2,unclassified,2022
GaiaDR3_1228266814506156928,59742,2022-06-12,15.87465,0.017414,1,unclassified,2022
GaiaDR3_1228266814506156928,59743,2022-06-13,15.904483,0.014403,1,unclassified,2022
GaiaDR3_1228266814506156928,59744,2022-06-14,15.889302,0.017415,1,unclassified,2022
GaiaDR3_1228266814506156928,59747,2022-06-17,15.902544,0.014399,1,unclassified,2022
GaiaDR3_1228266814506156928,59748,2022-06-18,15.858782,0.017414,1,unclassified,2022
GaiaDR3_1228266814506156928,59751,2022-06-21,15.897842,0.01439,1,unclassified,2022
GaiaDR3_1228266814506156928,59752,2022-06-22,15.864192,0.017414,1,unclassified,2022
GaiaDR3_1228266814506156928,59754,2022-06-24,15.869178,0.017414,1,unclassified,2022
GaiaDR3_1228266814506156928,59756,2022-06-26,15.896997,0.014388,1,unclassified,2022
GaiaDR3_1228266814506156928,59757,2022-06-27,15.878176,0.012314,2,unclassified,2022
GaiaDR3_1228266814506156928,59759,2022-06-29,15.868323,0.017414,1,unclassified,2022
GaiaDR3_1228266814506156928,59760,2022-06-30,15.891468,0.014377,1,unclassified,2022
GaiaDR3_1228266814506156928,59762,2022-07-02,15.906431,0.014407,1,unclassified,2022
GaiaDR3_1228266814506156928,59763,2022-07-03,15.886134,0.017415,1,unclassified,2022
GaiaDR3_1228266814506156928,59765,2022-07-05,15.887619,0.017415,1,unclassified,2022
GaiaDR3_1228266814506156928,59766,2022-07-06,15.908527,0.014412,1,unclassified,2022
GaiaDR3_1228266814506156928,59768,2022-07-08,15.882008,0.008707,4,unclassified,2022
GaiaDR3_1228266814506156928,59769,2022-07-09,15.917675,0.014431,1,unclassified,2022
GaiaDR3_1228266814506156928,59770,2022-07-10,15.894803,0.012315,2,unclassified,2022
GaiaDR3_1228266814506156928,59771,2022-07-11,15.907632,0.00832,3,unclassified,2022
GaiaDR3_1228266814506156928,59782,2022-07-22,15.921108,0.014438,1,unclassified,2022
GaiaDR3_1228266814506156928,59794,2022-08-03,15.923524,0.014443,1,unclassified,2022
GaiaDR3_1228266814506156928,59803,2022-08-12,15.897939,0.01439,1,unclassified,2022
GaiaDR3_1228266814506156928,59839,2022-09-17,15.898369,0.005299,9,unclassified,2022
GaiaDR3_1228266814506156928,59840,2022-09-18,15.907043,0.005035,10,unclassified,2022
GaiaDR3_1228266814506156928,59841,2022-09-19,15.891515,0.0084,5,unclassified,2022
GaiaDR3_1228266814506156928,59923,2022-12-10,15.922817,0.017421,1,unclassified,2022
GaiaDR3_1228266814506156928,59930,2022-12-17,15.921871,0.017421,1,unclassified,2022
GaiaDR3_1228266814506156928,59935,2022-12-22,15.899668,0.017417,1,unclassified,2022
GaiaDR3_1228266814506156928,59936,2022-12-23,15.908514,0.014412,1,unclassified,2022
GaiaDR3_1228266814506156928,59937,2022-12-24,15.881116,0.017415,1,unclassified,2022
GaiaDR3_1228266814506156928,59951,2023-01-07,15.891891,0.014378,1,unclassified,2023
GaiaDR3_1228266814506156928,59956,2023-01-12,15.89104,0.017416,1,unclassified,2023
GaiaDR3_1228266814506156928,59969,2023-01-25,15.902156,0.014399,1,unclassified,2023
GaiaDR3_1228266814506156928,59971,2023-01-27,15.896516,0.014387,1,unclassified,2023
GaiaDR3_1228266814506156928,59977,2023-02-02,15.91613,0.014427,1,unclassified,2023
GaiaDR3_1228266814506156928,59984,2023-02-09,15.908123,0.014411,1,unclassified,2023
GaiaDR3_1228266814506156928,59987,2023-02-12,15.903329,0.014401,1,unclassified,2023
GaiaDR3_1228266814506156928,59994,2023-02-19,15.91252,0.01442,1,unclassified,2023
GaiaDR3_1228266814506156928,60016,2023-03-13,15.908805,0.011261,2,unclassified,2023
GaiaDR3_1228266814506156928,60032,2023-03-29,15.888034,0.011245,2,unclassified,2023
GaiaDR3_1228266814506156928,60036,2023-04-02,15.859378,0.009832,1,unclassified,2023
GaiaDR3_1228266814506156928,60042,2023-04-08,15.926667,0.011271,2,unclassified,2023
GaiaDR3_1228266814506156928,60043,2023-04-09,15.889627,0.009883,1,unclassified,2023
GaiaDR3_1228266814506156928,60044,2023-04-10,15.890219,0.011241,2,unclassified,2023
GaiaDR3_1228266814506156928,60045,2023-04-11,15.901079,0.009903,1,unclassified,2023
GaiaDR3_1228266814506156928,60046,2023-04-12,15.904002,0.013051,2,unclassified,2023
GaiaDR3_1228266814506156928,60050,2023-04-16,15.912831,0.011266,2,unclassified,2023
GaiaDR3_1228266814506156928,60051,2023-04-17,15.890792,0.009885,1,unclassified,2023
GaiaDR3_1228266814506156928,60052,2023-04-18,15.876838,0.011472,4,unclassified,2023
GaiaDR3_1228266814506156928,60053,2023-04-19,15.904692,0.013191,2,unclassified,2023
GaiaDR3_1228266814506156928,60054,2023-04-20,15.892957,0.008708,4,unclassified,2023
GaiaDR3_1228266814506156928,60055,2023-04-21,15.889229,0.012315,2,unclassified,2023
GaiaDR3_1228266814506156928,60056,2023-04-22,15.875341,0.008801,4,unclassified,2023
GaiaDR3_1228266814506156928,60057,2023-04-23,15.896383,0.012315,2,unclassified,2023
GaiaDR3_1228266814506156928,60058,2023-04-24,15.887576,0.008254,4,unclassified,2023
GaiaDR3_1228266814506156928,60059,2023-04-25,15.879684,0.010054,3,unclassified,2023
GaiaDR3_1228266814506156928,60060,2023-04-26,15.882414,0.009162,4,unclassified,2023
GaiaDR3_1228266814506156928,60061,2023-04-27,15.882193,0.012314,2,unclassified,2023
GaiaDR3_1228266814506156928,60062,2023-04-28,15.901006,0.008314,3,unclassified,2023
GaiaDR3_1228266814506156928,60064,2023-04-30,15.909509,0.011258,2,unclassified,2023
GaiaDR3_1228266814506156928,60065,2023-05-01,15.886807,0.0104,3,unclassified,2023
GaiaDR3_1228266814506156928,60067,2023-05-03,15.909311,0.007957,4,unclassified,2023
GaiaDR3_1228266814506156928,60073,2023-05-09,15.91213,0.007208,4,unclassified,2023
GaiaDR3_1228266814506156928,60076,2023-05-12,15.910484,0.014416,1,unclassified,2023
GaiaDR3_1228266814506156928,60077,2023-05-13,15.906723,0.017418,1,unclassified,2023
GaiaDR3_1228266814506156928,60078,2023-05-14,15.917551,0.01443,1,unclassified,2023
GaiaDR3_1228266814506156928,60079,2023-05-15,15.889154,0.017415,1,unclassified,2023
GaiaDR3_1228266814506156928,60080,2023-05-16,15.905039,0.014404,1,unclassified,2023
GaiaDR3_1228266814506156928,60081,2023-05-17,15.874016,0.017414,1,unclassified,2023
GaiaDR3_1228266814506156928,60083,2023-05-19,15.897041,0.017416,1,unclassified,2023
GaiaDR3_1228266814506156928,60085,2023-05-21,15.881526,0.009644,2,unclassified,2023
GaiaDR3_1228266814506156928,60086,2023-05-22,15.896048,0.014386,1,unclassified,2023
GaiaDR3_1228266814506156928,60087,2023-05-23,15.890602,0.017416,1,unclassified,2023
GaiaDR3_1228266814506156928,60088,2023-05-24,15.887227,0.014368,1,unclassified,2023
GaiaDR3_1228266814506156928,60089,2023-05-25,15.880116,0.017415,1,unclassified,2023
GaiaDR3_1228266814506156928,60090,2023-05-26,15.881888,0.014358,1,unclassified,2023
GaiaDR3_1228266814506156928,60092,2023-05-28,15.893516,0.011248,2,unclassified,2023
GaiaDR3_1228266814506156928,60098,2023-06-03,15.912866,0.011252,2,unclassified,2023
GaiaDR3_1228266814506156928,60100,2023-06-05,15.900007,0.011241,2,unclassified,2023
GaiaDR3_1228266814506156928,60104,2023-06-09,15.898786,0.014392,1,unclassified,2023
GaiaDR3_1228266814506156928,60105,2023-06-10,15.885416,0.017415,1,unclassified,2023
GaiaDR3_1228266814506156928,60109,2023-06-14,15.91193,0.014419,1,unclassified,2023
GaiaDR3_1228266814506156928,60110,2023-06-15,15.8674,0.017414,1,unclassified,2023
GaiaDR3_1228266814506156928,60112,2023-06-17,15.887359,0.011236,2,unclassified,2023
GaiaDR3_1228266814506156928,60114,2023-06-19,15.892918,0.011248,2,unclassified,2023
GaiaDR3_1228266814506156928,60116,2023-06-21,15.905865,0.014406,1,unclassified,2023
GaiaDR3_1228266814506156928,60117,2023-06-22,15.878266,0.017415,1,unclassified,2023
GaiaDR3_1228266814506156928,60118,2023-06-23,15.907307,0.014409,1,unclassified,2023
GaiaDR3_1228266814506156928,60119,2023-06-24,15.886372,0.017415,1,unclassified,2023
GaiaDR3_1228266814506156928,60121,2023-06-26,15.885975,0.017415,1,unclassified,2023
GaiaDR3_1228266814506156928,60122,2023-06-27,15.886699,0.014367,1,unclassified,2023
GaiaDR3_1228266814506156928,60123,2023-06-28,15.907118,0.017418,1,unclassified,2023
GaiaDR3_1228266814506156928,60124,2023-06-29,15.935007,0.014467,1,unclassified,2023
GaiaDR3_1228266814506156928,60125,2023-06-30,15.883157,0.017415,1,unclassified,2023
GaiaDR3_1228266814506156928,60126,2023-07-01,15.887703,0.014369,1,unclassified,2023
GaiaDR3_1228266814506156928,60134,2023-07-09,15.888792,0.011239,2,unclassified,2023
GaiaDR3_1228266814506156928,60136,2023-07-11,15.89357,0.011832,2,unclassified,2023
GaiaDR3_1228266814506156928,60138,2023-07-13,15.901095,0.011244,2,unclassified,2023
GaiaDR3_1228266814506156928,60140,2023-07-15,15.880251,0.017415,1,unclassified,2023
GaiaDR3_1228266814506156928,60145,2023-07-20,15.90231,0.01124,2,unclassified,2023
GaiaDR3_1228266814506156928,60147,2023-07-22,15.897742,0.01439,1,unclassified,2023
GaiaDR3_1228266814506156928,60149,2023-07-24,15.881692,0.014357,1,unclassified,2023
GaiaDR3_1228266814506156928,60152,2023-07-27,15.892053,0.017416,1,unclassified,2023
GaiaDR3_1228266814506156928,60155,2023-07-30,15.887605,0.014369,1,unclassified,2023
GaiaDR3_1228266814506156928,60162,2023-08-06,15.903861,0.015963,2,unclassified,2023
GaiaDR3_1228266814506156928,60173,2023-08-17,15.917337,0.01742,1,unclassified,2023
GaiaDR3_1228266814506156928,60174,2023-08-18,15.923829,0.014444,1,unclassified,2023
GaiaDR3_1228266814506156928,60290,2023-12-12,15.877361,0.017415,1,unclassified,2023
GaiaDR3_1228266814506156928,60311,2024-01-02,15.891902,0.011238,2,unclassified,2024
GaiaDR3_1228266814506156928,60315,2024-01-06,15.891922,0.01124,2,unclassified,2024
GaiaDR3_1228266814506156928,60325,2024-01-16,15.903511,0.017417,1,unclassified,2024
GaiaDR3_1228266814506156928,60351,2024-02-11,15.885488,0.011236,2,unclassified,2024
GaiaDR3_1228266814506156928,60353,2024-02-13,15.919908,0.011267,2,unclassified,2024
GaiaDR3_1228266814506156928,60355,2024-02-15,15.892172,0.011251,2,unclassified,2024
GaiaDR3_1228266814506156928,60363,2024-02-23,15.90794,0.012326,2,unclassified,2024
GaiaDR3_1228266814506156928,60369,2024-02-29,15.902162,0.011247,2,unclassified,2024
GaiaDR3_1228266814506156928,60379,2024-03-10,15.885476,0.017415,1,unclassified,2024
GaiaDR3_1228266814506156928,60388,2024-03-19,15.907691,0.017418,1,unclassified,2024
GaiaDR3_1228266814506156928,60390,2024-03-21,15.917965,0.014431,1,unclassified,2024
GaiaDR3_1228266814506156928,60391,2024-03-22,15.915859,0.017419,1,unclassified,2024
GaiaDR3_1228266814506156928,60396,2024-03-27,15.90497,0.017417,1,unclassified,2024
GaiaDR3_1228266814506156928,60398,2024-03-29,15.915459,0.017419,1,unclassified,2024
GaiaDR3_1228266814506156928,60403,2024-04-03,15.906456,0.014407,1,unclassified,2024
GaiaDR3_1228266814506156928,60404,2024-04-04,15.882029,0.017415,1,unclassified,2024
GaiaDR3_1228266814506156928,60407,2024-04-07,15.92594,0.014448,1,unclassified,2024
GaiaDR3_1228266814506156928,60408,2024-04-08,15.900961,0.017417,1,unclassified,2024
GaiaDR3_1228266814506156928,60412,2024-04-12,15.897801,0.006435,5,unclassified,2024
GaiaDR3_1228266814506156928,60413,2024-04-13,15.900662,0.010266,3,unclassified,2024
GaiaDR3_1228266814506156928,60417,2024-04-17,15.909282,0.008708,4,unclassified,2024
GaiaDR3_1228266814506156928,60418,2024-04-18,15.90531,0.010055,3,unclassified,2024
GaiaDR3_1228266814506156928,60419,2024-04-19,15.90483,0.007789,5,unclassified,2024
GaiaDR3_1228266814506156928,60420,2024-04-20,15.910497,0.006448,5,unclassified,2024
GaiaDR3_1228266814506156928,60421,2024-04-21,15.926669,0.013383,4,unclassified,2024
GaiaDR3_1228266814506156928,60422,2024-04-22,15.918128,0.006459,5,unclassified,2024
GaiaDR3_1228266814506156928,60423,2024-04-23,15.906108,0.017418,1,unclassified,2024
GaiaDR3_1228266814506156928,60424,2024-04-24,15.917611,0.01443,1,unclassified,2024
GaiaDR3_1228266814506156928,60428,2024-04-28,15.90466,0.011243,2,unclassified,2024
GaiaDR3_1228266814506156928,60429,2024-04-29,15.904786,0.007788,5,unclassified,2024
GaiaDR3_1228266814506156928,60430,2024-04-30,15.91011,0.007214,4,unclassified,2024
GaiaDR3_1228266814506156928,60431,2024-05-01,15.926917,0.017422,1,unclassified,2024
GaiaDR3_1228266814506156928,60432,2024-05-02,15.890382,0.007956,4,unclassified,2024
GaiaDR3_1228266814506156928,60433,2024-05-03,15.900672,0.010312,3,unclassified,2024
GaiaDR3_1228266814506156928,60434,2024-05-04,15.899406,0.007789,5,unclassified,2024
GaiaDR3_1228266814506156928,60437,2024-05-07,15.900031,0.011251,2,unclassified,2024
GaiaDR3_1228266814506156928,60438,2024-05-08,15.897451,0.011253,2,unclassified,2024
GaiaDR3_1228266814506156928,60439,2024-05-09,15.902754,0.008314,3,unclassified,2024
GaiaDR3_1228266814506156928,60440,2024-05-10,15.903179,0.007788,5,unclassified,2024
GaiaDR3_1228266814506156928,60441,2024-05-11,15.892689,0.007962,4,unclassified,2024
GaiaDR3_1228266814506156928,60442,2024-05-12,15.895033,0.007788,5,unclassified,2024
GaiaDR3_1228266814506156928,60443,2024-05-13,15.913462,0.010198,2,unclassified,2024
GaiaDR3_1228266814506156928,60444,2024-05-14,15.907277,0.008323,3,unclassified,2024
GaiaDR3_1228266814506156928,60445,2024-05-15,15.910422,0.010193,2,unclassified,2024
GaiaDR3_1228266814506156928,60446,2024-05-16,15.900658,0.008324,3,unclassified,2024
GaiaDR3_1228266814506156928,60447,2024-05-17,15.898095,0.008308,3,unclassified,2024
GaiaDR3_1228266814506156928,60448,2024-05-18,15.894347,0.017416,1,unclassified,2024
GaiaDR3_1228266814506156928,60449,2024-05-19,15.908619,0.014412,1,unclassified,2024
GaiaDR3_1228266814506156928,60450,2024-05-20,15.927914,0.017422,1,unclassified,2024
GaiaDR3_1228266814506156928,60451,2024-05-21,15.92602,0.014448,1,unclassified,2024
GaiaDR3_1228266814506156928,60452,2024-05-22,15.915448,0.017419,1,unclassified,2024
GaiaDR3_1228266814506156928,60455,2024-05-25,15.917392,0.01443,1,unclassified,2024
GaiaDR3_1228266814506156928,60457,2024-05-27,15.88777,0.014369,1,unclassified,2024
GaiaDR3_1228266814506156928,60458,2024-05-28,15.91014,0.017418,1,unclassified,2024
GaiaDR3_1228266814506156928,60459,2024-05-29,15.90796,0.01441,1,unclassified,2024
GaiaDR3_1228266814506156928,60460,2024-05-30,15.890804,0.017416,1,unclassified,2024
GaiaDR3_1228266814506156928,60461,2024-05-31,15.89447,0.014383,1,unclassified,2024
GaiaDR3_1228266814506156928,60462,2024-06-01,15.877855,0.017415,1,unclassified,2024
GaiaDR3_1228266814506156928,60463,2024-06-02,15.920441,0.014436,1,unclassified,2024
GaiaDR3_1228266814506156928,60469,2024-06-08,15.896131,0.011243,2,unclassified,2024
GaiaDR3_1228266814506156928,60471,2024-06-10,15.883741,0.011233,2,unclassified,2024
GaiaDR3_1228266814506156928,60473,2024-06-12,15.896339,0.011248,2,unclassified,2024
GaiaDR3_1228266814506156928,60474,2024-06-13,15.849966,0.009816,1,unclassified,2024
GaiaDR3_1228266814506156928,60475,2024-06-14,15.901619,0.011243,2,unclassified,2024
GaiaDR3_1228266814506156928,60477,2024-06-16,15.900929,0.011249,2,unclassified,2024
GaiaDR3_1228266814506156928,60480,2024-06-19,15.907842,0.01441,1,unclassified,2024
GaiaDR3_1228266814506156928,60482,2024-06-21,15.905507,0.011262,2,unclassified,2024
GaiaDR3_1228266814506156928,60484,2024-06-23,15.90239,0.011259,2,unclassified,2024
GaiaDR3_1228266814506156928,60486,2024-06-25,15.788403,0.014183,1,unclassified,2024
GaiaDR3_1228266814506156928,60488,2024-06-27,15.897324,0.011254,2,unclassified,2024
GaiaDR3_1228266814506156928,60490,2024-06-29,15.907705,0.011259,2,unclassified,2024
GaiaDR3_1228266814506156928,60494,2024-07-03,15.901388,0.011599,2,unclassified,2024
GaiaDR3_1228266814506156928,60502,2024-07-11,15.900083,0.017417,1,unclassified,2024
GaiaDR3_1228266814506156928,60509,2024-07-18,15.886721,0.017415,1,unclassified,2024
GaiaDR3_1228266814506156928,60511,2024-07-20,15.924474,0.011267,2,unclassified,2024
GaiaDR3_1228266814506156928,60513,2024-07-22,15.894426,0.011242,2,unclassified,2024
GaiaDR3_1228266814506156928,60515,2024-07-24,15.909387,0.011258,2,unclassified,2024
GaiaDR3_1228266814506156928,60517,2024-07-26,15.882437,0.015769,2,unclassified,2024
GaiaDR3_1228266814506156928,60520,2024-07-29,15.900516,0.014395,1,unclassified,2024
GaiaDR3_1228266814506156928,60524,2024-08-02,15.900866,0.011247,2,unclassified,2024
GaiaDR3_1228266814506156928,60526,2024-08-04,15.913338,0.011264,2,unclassified,2024
GaiaDR3_1228266814506156928,60528,2024-08-06,15.91442,0.011252,2,unclassified,2024
GaiaDR3_1228266814506156928,60530,2024-08-08,15.900972,0.011245,2,unclassified,2024
GaiaDR3_1228266814506156928,60532,2024-08-10,15.914943,0.014425,1,unclassified,2024
GaiaDR3_1228266814506156928,60533,2024-08-11,15.918869,0.014433,1,unclassified,2024
GaiaDR3_1228266814506156928,60664,2024-12-20,15.925549,0.011268,2,unclassified,2024
GaiaDR3_1228266814506156928,60674,2024-12-30,15.886066,0.017415,1,unclassified,2024
GaiaDR3_1228266814506156928,60681,2025-01-06,15.904873,0.014404,1,unclassified,2025
GaiaDR3_1228266814506156928,60693,2025-01-18,15.916149,0.014427,1,unclassified,2025
GaiaDR3_1228266814506156928,60695,2025-01-20,15.917313,0.011257,2,unclassified,2025
GaiaDR3_1228266814506156928,60705,2025-01-30,15.902885,0.017417,1,unclassified,2025
GaiaDR3_1228266814506156928,60724,2025-02-18,15.920327,0.01742,1,unclassified,2025
GaiaDR3_1228266814506156928,60725,2025-02-19,15.916101,0.014427,1,unclassified,2025
GaiaDR3_1228266814506156928,60727,2025-02-21,15.912415,0.01442,1,unclassified,2025
GaiaDR3_1228266814506156928,60729,2025-02-23,15.915972,0.014427,1,unclassified,2025
GaiaDR3_1228266814506156928,60730,2025-02-24,15.905664,0.017418,1,unclassified,2025
GaiaDR3_1228266814506156928,60731,2025-02-25,15.906405,0.014407,1,unclassified,2025
GaiaDR3_1228266814506156928,60732,2025-02-26,15.894514,0.017416,1,unclassified,2025
GaiaDR3_1228266814506156928,60733,2025-02-27,15.901241,0.014397,1,unclassified,2025
GaiaDR3_1228266814506156928,60739,2025-03-05,15.902595,0.017417,1,unclassified,2025
GaiaDR3_1228266814506156928,60743,2025-03-09,15.896851,0.014388,1,unclassified,2025
GaiaDR3_1228266814506156928,60750,2025-03-16,15.924511,0.014445,1,unclassified,2025
GaiaDR3_1228266814506156928,60753,2025-03-19,15.909898,0.014414,1,unclassified,2025
GaiaDR3_1228266814506156928,60754,2025-03-20,15.92975,0.017422,1,unclassified,2025
GaiaDR3_1228266814506156928,60755,2025-03-21,15.906729,0.014408,1,unclassified,2025
GaiaDR3_1228266814506156928,60757,2025-03-23,15.895831,0.014386,1,unclassified,2025
GaiaDR3_1228266814506156928,60758,2025-03-24,15.896247,0.017416,1,unclassified,2025
GaiaDR3_1228266814506156928,60759,2025-03-25,15.907142,0.014409,1,unclassified,2025
GaiaDR3_1228266814506156928,60773,2025-04-08,15.904496,0.011254,2,unclassified,2025
GaiaDR3_1228266814506156928,60775,2025-04-10,15.897567,0.013779,2,unclassified,2025
GaiaDR3_1228266814506156928,60785,2025-04-20,15.895813,0.011239,2,unclassified,2025
GaiaDR3_1228266814506156928,60787,2025-04-22,15.896896,0.011247,2,unclassified,2025
GaiaDR3_1228266814506156928,60789,2025-04-24,15.914131,0.014423,1,unclassified,2025
GaiaDR3_1228266814506156928,60794,2025-04-29,15.895291,0.012478,2,unclassified,2025
GaiaDR3_1228266814506156928,60797,2025-05-02,15.903378,0.011255,2,unclassified,2025
GaiaDR3_1228266814506156928,60803,2025-05-08,15.915854,0.01125,2,unclassified,2025
GaiaDR3_1228266814506156928,60805,2025-05-10,15.910714,0.01125,2,unclassified,2025
GaiaDR3_1228266814506156928,60807,2025-05-12,15.91876,0.011252,2,unclassified,2025
GaiaDR3_1228266814506156928,60811,2025-05-16,15.899968,0.015315,2,unclassified,2025
GaiaDR3_1228266814506156928,60816,2025-05-21,15.90202,0.017801,2,unclassified,2025
GaiaDR3_1228266814506156928,60818,2025-05-23,15.896025,0.011245,2,unclassified,2025
GaiaDR3_1228266814506156928,60820,2025-05-25,15.901149,0.01125,2,unclassified,2025
GaiaDR3_1228266814506156928,60822,2025-05-27,15.901901,0.011252,2,unclassified,2025
GaiaDR3_1228266814506156928,60824,2025-05-29,15.894786,0.011252,2,unclassified,2025
GaiaDR3_1228266814506156928,60829,2025-06-03,15.915958,0.01177,2,unclassified,2025
GaiaDR3_1228266814506156928,60831,2025-06-05,15.893099,0.017416,1,unclassified,2025
GaiaDR3_1228266814506156928,60832,2025-06-06,15.888985,0.014372,1,unclassified,2025
GaiaDR3_1228266814506156928,60833,2025-06-07,15.898957,0.017417,1,unclassified,2025
GaiaDR3_1228266814506156928,60834,2025-06-08,15.880172,0.014354,1,unclassified,2025
GaiaDR3_1228266814506156928,60835,2025-06-09,15.907648,0.017418,1,unclassified,2025
GaiaDR3_1228266814506156928,60836,2025-06-10,15.929014,0.014454,1,unclassified,2025
GaiaDR3_1228266814506156928,60837,2025-06-11,15.908775,0.017418,1,unclassified,2025
GaiaDR3_1228266814506156928,60838,2025-06-12,15.937964,0.014474,1,unclassified,2025
GaiaDR3_1228266814506156928,60839,2025-06-13,15.904394,0.017417,1,unclassified,2025
GaiaDR3_1228266814506156928,60840,2025-06-14,15.888169,0.01437,1,unclassified,2025
GaiaDR3_1228266814506156928,60842,2025-06-16,15.897235,0.011245,2,unclassified,2025
GaiaDR3_1228266814506156928,60846,2025-06-20,15.894452,0.011242,2,unclassified,2025
GaiaDR3_1228266814506156928,60848,2025-06-22,15.903696,0.011256,2,unclassified,2025
GaiaDR3_1228266814506156928,60852,2025-06-26,15.87575,0.017414,1,unclassified,2025
GaiaDR3_1228266814506156928,60856,2025-06-30,15.909993,0.011246,2,unclassified,2025
GaiaDR3_1228266814506156928,60858,2025-07-02,15.900425,0.011247,2,unclassified,2025
GaiaDR3_1228266814506156928,60860,2025-07-04,15.907046,0.011249,2,unclassified,2025
GaiaDR3_1228266814506156928,60900,2025-08-13,15.877247,0.011237,2,unclassified,2025
GaiaDR3_1228266814506156928,60902,2025-08-15,15.88662,0.014367,1,unclassified,2025
GaiaDR3_1410345596469085184,58203,2018-03-26,17.727549,0.021906,1,unclassified,2018
GaiaDR3_1410345596469085184,58204,2018-03-27,17.745438,0.017447,7,unclassified,2018
GaiaDR3_1410345596469085184,58205,2018-03-28,17.764013,0.022242,5,unclassified,2018
GaiaDR3_1410345596469085184,58206,2018-03-29,17.684174,0.012433,5,unclassified,2018
GaiaDR3_1410345596469085184,58207,2018-03-30,17.715822,0.014165,7,unclassified,2018
GaiaDR3_1410345596469085184,58208,2018-03-31,17.736045,0.027963,4,unclassified,2018
GaiaDR3_1410345596469085184,58209,2018-04-01,17.655428,0.042135,3,unclassified,2018
GaiaDR3_1410345596469085184,58210,2018-04-02,17.72223,0.026955,8,unclassified,2018
GaiaDR3_1410345596469085184,58211,2018-04-03,17.688489,0.029269,6,unclassified,2018
GaiaDR3_1410345596469085184,58227,2018-04-19,17.732985,0.018565,2,unclassified,2018
GaiaDR3_1410345596469085184,58230,2018-04-22,17.770494,0.037933,2,unclassified,2018
GaiaDR3_1410345596469085184,58232,2018-04-24,17.693091,0.03154,4,unclassified,2018
GaiaDR3_1410345596469085184,58234,2018-04-26,17.749868,0.024381,5,unclassified,2018
GaiaDR3_1410345596469085184,58235,2018-04-27,17.714072,0.015949,8,unclassified,2018
GaiaDR3_1410345596469085184,58236,2018-04-28,17.6985,0.014815,7,unclassified,2018
GaiaDR3_1410345596469085184,58237,2018-04-29,17.711887,0.013664,8,unclassified,2018
GaiaDR3_1410345596469085184,58244,2018-05-06,17.713993,0.021748,1,unclassified,2018
GaiaDR3_1410345596469085184,58246,2018-05-08,17.707037,0.024004,3,unclassified,2018
GaiaDR3_1410345596469085184,58247,2018-05-09,17.72444,0.012627,3,unclassified,2018
GaiaDR3_1410345596469085184,58248,2018-05-10,17.737681,0.016418,2,unclassified,2018
GaiaDR3_1410345596469085184,58249,2018-05-11,17.705635,0.01531,2,unclassified,2018
GaiaDR3_1410345596469085184,58252,2018-05-14,17.748127,0.022151,1,unclassified,2018
GaiaDR3_1410345596469085184,58254,2018-05-16,17.750599,0.012806,3,unclassified,2018
GaiaDR3_1410345596469085184,58276,2018-06-07,17.716219,0.025866,3,unclassified,2018
GaiaDR3_1410345596469085184,58277,2018-06-08,17.728947,0.037371,3,unclassified,2018
GaiaDR3_1410345596469085184,58278,2018-06-09,17.770882,0.011214,4,unclassified,2018
GaiaDR3_1410345596469085184,58279,2018-06-10,17.744612,0.012765,3,unclassified,2018
GaiaDR3_1410345596469085184,58280,2018-06-11,17.794476,0.01435,3,unclassified,2018
GaiaDR3_1410345596469085184,58283,2018-06-14,17.763496,0.018947,3,unclassified,2018
GaiaDR3_1410345596469085184,58284,2018-06-15,17.803066,0.022828,1,unclassified,2018
GaiaDR3_1410345596469085184,58286,2018-06-17,17.748074,0.014988,3,unclassified,2018
GaiaDR3_1410345596469085184,58287,2018-06-18,17.791159,0.022679,1,unclassified,2018
GaiaDR3_1410345596469085184,58289,2018-06-20,17.754229,0.031864,3,unclassified,2018
GaiaDR3_1410345596469085184,58290,2018-06-21,17.703211,0.017729,4,unclassified,2018
GaiaDR3_1410345596469085184,58291,2018-06-22,17.754366,0.022226,1,unclassified,2018
GaiaDR3_1410345596469085184,58292,2018-06-23,17.730274,0.02521,2,unclassified,2018
GaiaDR3_1410345596469085184,58293,2018-06-24,17.732893,0.011065,4,unclassified,2018
GaiaDR3_1410345596469085184,58294,2018-06-25,17.730597,0.019244,3,unclassified,2018
GaiaDR3_1410345596469085184,58295,2018-06-26,17.771509,0.028123,3,unclassified,2018
GaiaDR3_1410345596469085184,58301,2018-07-02,17.707993,0.031915,3,unclassified,2018
GaiaDR3_1410345596469085184,58302,2018-07-03,17.784847,0.0226,1,unclassified,2018
GaiaDR3_1410345596469085184,58304,2018-07-05,17.752693,0.059065,3,unclassified,2018
GaiaDR3_1410345596469085184,58305,2018-07-06,17.772118,0.01808,3,unclassified,2018
GaiaDR3_1410345596469085184,58306,2018-07-07,17.755118,0.062927,2,unclassified,2018
GaiaDR3_1410345596469085184,58311,2018-07-12,17.767315,0.022384,1,unclassified,2018
GaiaDR3_1410345596469085184,58312,2018-07-13,17.67594,0.015072,2,unclassified,2018
GaiaDR3_1410345596469085184,58316,2018-07-17,17.716534,0.021777,1,unclassified,2018
GaiaDR3_1410345596469085184,58318,2018-07-19,17.790585,0.022671,1,unclassified,2018
GaiaDR3_1410345596469085184,58319,2018-07-20,17.728657,0.02522,3,unclassified,2018
GaiaDR3_1410345596469085184,58320,2018-07-21,17.77013,0.016418,3,unclassified,2018
GaiaDR3_1410345596469085184,58321,2018-07-22,17.744138,0.026052,2,unclassified,2018
GaiaDR3_1410345596469085184,58322,2018-07-23,17.739772,0.040408,4,unclassified,2018
GaiaDR3_1410345596469085184,58323,2018-07-24,17.7118,0.026122,3,unclassified,2018
GaiaDR3_1410345596469085184,58325,2018-07-26,17.61056,0.048593,3,unclassified,2018
GaiaDR3_1410345596469085184,58326,2018-07-27,17.607734,0.014546,2,unclassified,2018
GaiaDR3_1410345596469085184,58327,2018-07-28,17.794264,0.016064,2,unclassified,2018
GaiaDR3_1410345596469085184,58328,2018-07-29,17.723524,0.015457,2,unclassified,2018
GaiaDR3_1410345596469085184,58349,2018-08-19,17.722532,0.040982,6,unclassified,2018
GaiaDR3_1410345596469085184,58350,2018-08-20,17.734921,0.030298,3,unclassified,2018
GaiaDR3_1410345596469085184,58351,2018-08-21,17.707205,0.024551,3,unclassified,2018
GaiaDR3_1410345596469085184,58352,2018-08-22,17.703781,0.031605,5,unclassified,2018
GaiaDR3_1410345596469085184,58361,2018-08-31,17.663168,0.038322,3,unclassified,2018
GaiaDR3_1410345596469085184,58362,2018-09-01,17.74028,0.022907,4,unclassified,2018
GaiaDR3_1410345596469085184,58363,2018-09-02,17.758678,0.012863,3,unclassified,2018
GaiaDR3_1410345596469085184,58364,2018-09-03,17.714508,0.012559,3,unclassified,2018
GaiaDR3_1410345596469085184,58365,2018-09-04,17.668711,0.033507,4,unclassified,2018
GaiaDR3_1410345596469085184,58366,2018-09-05,17.723713,0.012622,3,unclassified,2018
GaiaDR3_1410345596469085184,58367,2018-09-06,17.703238,0.026562,3,unclassified,2018
GaiaDR3_1410345596469085184,58368,2018-09-07,17.738257,0.012752,4,unclassified,2018
GaiaDR3_1410345596469085184,58369,2018-09-08,17.730703,0.018832,3,unclassified,2018
GaiaDR3_1410345596469085184,58370,2018-09-09,17.706127,0.022674,3,unclassified,2018
GaiaDR3_1410345596469085184,58371,2018-09-10,17.695705,0.0171,4,unclassified,2018
GaiaDR3_1410345596469085184,58372,2018-09-11,17.721104,0.017391,3,unclassified,2018
GaiaDR3_1410345596469085184,58373,2018-09-12,17.700455,0.034097,3,unclassified,2018
GaiaDR3_1410345596469085184,58374,2018-09-13,17.665485,0.013078,4,unclassified,2018
GaiaDR3_1410345596469085184,58375,2018-09-14,17.748037,0.027045,3,unclassified,2018
GaiaDR3_1410345596469085184,58376,2018-09-15,17.76329,0.015793,2,unclassified,2018
GaiaDR3_1410345596469085184,58377,2018-09-16,17.708272,0.010841,4,unclassified,2018
GaiaDR3_1410345596469085184,58378,2018-09-17,17.710865,0.032485,3,unclassified,2018
GaiaDR3_1410345596469085184,58379,2018-09-18,17.713772,0.020717,3,unclassified,2018
GaiaDR3_1410345596469085184,58380,2018-09-19,17.608015,0.020574,1,unclassified,2018
GaiaDR3_1410345596469085184,58381,2018-09-20,17.677022,0.02444,4,unclassified,2018
GaiaDR3_1410345596469085184,58382,2018-09-21,17.753183,0.016599,3,unclassified,2018
GaiaDR3_1410345596469085184,58383,2018-09-22,17.66246,0.019995,3,unclassified,2018
GaiaDR3_1410345596469085184,58384,2018-09-23,17.710335,0.031179,4,unclassified,2018
GaiaDR3_1410345596469085184,58385,2018-09-24,17.701618,0.025197,3,unclassified,2018
GaiaDR3_1410345596469085184,58386,2018-09-25,17.685547,0.047436,3,unclassified,2018
GaiaDR3_1410345596469085184,58387,2018-09-26,17.700613,0.020091,4,unclassified,2018
GaiaDR3_1410345596469085184,58388,2018-09-27,17.729393,0.019074,3,unclassified,2018
GaiaDR3_1410345596469085184,58389,2018-09-28,17.680809,0.012337,3,unclassified,2018
GaiaDR3_1410345596469085184,58390,2018-09-29,17.70334,0.022239,3,unclassified,2018
GaiaDR3_1410345596469085184,58400,2018-10-09,17.699547,0.021581,1,unclassified,2018
GaiaDR3_1410345596469085184,58430,2018-11-08,17.751417,0.022191,1,unclassified,2018
GaiaDR3_1410345596469085184,58434,2018-11-12,17.620894,0.02071,1,unclassified,2018
GaiaDR3_1410345596469085184,58480,2018-12-28,17.74197,0.022077,1,unclassified,2018
GaiaDR3_1410345596469085184,58502,2019-01-19,17.762335,0.022323,1,unclassified,2019
GaiaDR3_1410345596469085184,58507,2019-01-24,17.716759,0.023172,1,unclassified,2019
GaiaDR3_1410345596469085184,58511,2019-01-28,17.722033,0.021842,1,unclassified,2019
GaiaDR3_1410345596469085184,58538,2019-02-24,17.614613,0.032655,2,unclassified,2019
GaiaDR3_1410345596469085184,58543,2019-03-01,17.743923,0.022101,1,unclassified,2019
GaiaDR3_1410345596469085184,58547,2019-03-05,17.765531,0.029259,2,unclassified,2019
GaiaDR3_1410345596469085184,58556,2019-03-14,17.735068,0.027531,4,unclassified,2019
GaiaDR3_1410345596469085184,58557,2019-03-15,17.721668,0.067327,3,unclassified,2019
GaiaDR3_1410345596469085184,58558,2019-03-16,17.736076,0.015562,2,unclassified,2019
GaiaDR3_1410345596469085184,58560,2019-03-18,17.707636,0.010837,4,unclassified,2019
GaiaDR3_1410345596469085184,58561,2019-03-19,17.682341,0.029711,2,unclassified,2019
GaiaDR3_1410345596469085184,58567,2019-03-25,17.693789,0.016899,2,unclassified,2019
GaiaDR3_1410345596469085184,58568,2019-03-26,17.697942,0.015247,2,unclassified,2019
GaiaDR3_1410345596469085184,58569,2019-03-27,17.736904,0.022017,1,unclassified,2019
GaiaDR3_1410345596469085184,58572,2019-03-30,17.739727,0.009861,5,unclassified,2019
GaiaDR3_1410345596469085184,58573,2019-03-31,17.771312,0.057359,2,unclassified,2019
GaiaDR3_1410345596469085184,58574,2019-04-01,17.744427,0.01894,3,unclassified,2019
GaiaDR3_1410345596469085184,58575,2019-04-02,17.814619,0.022975,1,unclassified,2019
GaiaDR3_1410345596469085184,58580,2019-04-07,17.729633,0.012662,3,unclassified,2019
GaiaDR3_1410345596469085184,58581,2019-04-08,17.697664,0.021804,2,unclassified,2019
GaiaDR3_1410345596469085184,58582,2019-04-09,17.705877,0.012502,3,unclassified,2019
GaiaDR3_1410345596469085184,58583,2019-04-10,17.741349,0.015606,2,unclassified,2019
GaiaDR3_1410345596469085184,58584,2019-04-11,17.768005,0.012928,3,unclassified,2019
GaiaDR3_1410345596469085184,58585,2019-04-12,17.720005,0.021818,1,unclassified,2019
GaiaDR3_1410345596469085184,58586,2019-04-13,17.720815,0.027024,4,unclassified,2019
GaiaDR3_1410345596469085184,58587,2019-04-14,17.734243,0.019441,2,unclassified,2019
GaiaDR3_1410345596469085184,58588,2019-04-15,17.691048,0.030052,2,unclassified,2019
GaiaDR3_1410345596469085184,58591,2019-04-18,17.721348,0.048908,4,unclassified,2019
GaiaDR3_1410345596469085184,58592,2019-04-19,17.675616,0.015068,2,unclassified,2019
GaiaDR3_1410345596469085184,58593,2019-04-20,17.647247,0.016008,2,unclassified,2019
GaiaDR3_1410345596469085184,58594,2019-04-21,17.585804,0.020342,1,unclassified,2019
GaiaDR3_1410345596469085184,58596,2019-04-23,17.695508,0.035806,4,unclassified,2019
GaiaDR3_1410345596469085184,58597,2019-04-24,17.751702,0.024289,2,unclassified,2019
GaiaDR3_1410345596469085184,58598,2019-04-25,17.754208,0.022224,1,unclassified,2019
GaiaDR3_1410345596469085184,58599,2019-04-26,17.757135,0.02226,1,unclassified,2019
GaiaDR3_1410345596469085184,58607,2019-05-04,17.694085,0.0595,2,unclassified,2019
GaiaDR3_1410345596469085184,58608,2019-05-05,17.686797,0.036662,2,unclassified,2019
GaiaDR3_1410345596469085184,58612,2019-05-09,17.681776,0.012343,3,unclassified,2019
GaiaDR3_1410345596469085184,58616,2019-05-13,17.71414,0.02989,4,unclassified,2019
GaiaDR3_1410345596469085184,58617,2019-05-14,17.677277,0.012314,3,unclassified,2019
GaiaDR3_1410345596469085184,58619,2019-05-16,17.781754,0.022561,1,unclassified,2019
GaiaDR3_1410345596469085184,58628,2019-05-25,17.585434,0.020339,1,unclassified,2019
GaiaDR3_1410345596469085184,58632,2019-05-29,17.742223,0.019191,4,unclassified,2019
GaiaDR3_1410345596469085184,58635,2019-06-01,17.756526,0.02587,4,unclassified,2019
GaiaDR3_1410345596469085184,58636,2019-06-02,17.717102,0.028239,3,unclassified,2019
GaiaDR3_1410345596469085184,58637,2019-06-03,17.71043,0.028411,3,unclassified,2019
GaiaDR3_1410345596469085184,58638,2019-06-04,17.687265,0.043506,4,unclassified,2019
GaiaDR3_1410345596469085184,58639,2019-06-05,17.745739,0.045633,3,unclassified,2019
GaiaDR3_1410345596469085184,58640,2019-06-06,17.73241,0.036608,3,unclassified,2019
GaiaDR3_1410345596469085184,58641,2019-06-07,17.748803,0.015872,4,unclassified,2019
GaiaDR3_1410345596469085184,58642,2019-06-08,17.77146,0.012953,3,unclassified,2019
GaiaDR3_1410345596469085184,58643,2019-06-09,17.749394,0.065009,3,unclassified,2019
GaiaDR3_1410345596469085184,58644,2019-06-10,17.720604,0.03305,4,unclassified,2019
GaiaDR3_1410345596469085184,58645,2019-06-11,17.728908,0.012657,3,unclassified,2019
GaiaDR3_1410345596469085184,58646,2019-06-12,17.715687,0.034192,2,unclassified,2019
GaiaDR3_1410345596469085184,58647,2019-06-13,17.739927,0.011147,4,unclassified,2019
GaiaDR3_1410345596469085184,58648,2019-06-14,17.646191,0.039474,3,unclassified,2019
GaiaDR3_1410345596469085184,58649,2019-06-15,17.719774,0.054808,3,unclassified,2019
GaiaDR3_1410345596469085184,58650,2019-06-16,17.68367,0.038022,3,unclassified,2019
GaiaDR3_1410345596469085184,58651,2019-06-17,17.73358,0.075932,3,unclassified,2019
GaiaDR3_1410345596469085184,58652,2019-06-18,17.696602,0.017329,3,unclassified,2019
GaiaDR3_1410345596469085184,58653,2019-06-19,17.703229,0.017826,8,unclassified,2019
GaiaDR3_1410345596469085184,58654,2019-06-20,17.68446,0.019824,3,unclassified,2019
GaiaDR3_1410345596469085184,58655,2019-06-21,17.699888,0.026978,3,unclassified,2019
GaiaDR3_1410345596469085184,58657,2019-06-23,17.725992,0.015331,4,unclassified,2019
GaiaDR3_1410345596469085184,58658,2019-06-24,17.71122,0.021715,1,unclassified,2019
GaiaDR3_1410345596469085184,58660,2019-06-26,17.705793,0.021653,1,unclassified,2019
GaiaDR3_1410345596469085184,58662,2019-06-28,17.617115,0.02067,1,unclassified,2019
GaiaDR3_1410345596469085184,58665,2019-07-01,17.661487,0.037225,2,unclassified,2019
GaiaDR3_1410345596469085184,58666,2019-07-02,17.708199,0.024563,3,unclassified,2019
GaiaDR3_1410345596469085184,58667,2019-07-03,17.745876,0.021701,2,unclassified,2019
GaiaDR3_1410345596469085184,58668,2019-07-04,17.712696,0.021733,1,unclassified,2019
GaiaDR3_1410345596469085184,58669,2019-07-05,17.759008,0.022283,1,unclassified,2019
GaiaDR3_1410345596469085184,58670,2019-07-06,17.645422,0.020975,1,unclassified,2019
GaiaDR3_1410345596469085184,58671,2019-07-07,17.773893,0.022464,1,unclassified,2019
GaiaDR3_1410345596469085184,58672,2019-07-08,17.732542,0.012682,3,unclassified,2019
GaiaDR3_1410345596469085184,58673,2019-07-09,17.709568,0.015342,2,unclassified,2019
GaiaDR3_1410345596469085184,58674,2019-07-10,17.714232,0.01538,2,unclassified,2019
GaiaDR3_1410345596469085184,58675,2019-07-11,17.739319,0.014788,3,unclassified,2019
GaiaDR3_1410345596469085184,58676,2019-07-12,17.711745,0.01536,2,unclassified,2019
GaiaDR3_1410345596469085184,58678,2019-07-14,17.721539,0.029831,4,unclassified,2019
GaiaDR3_1410345596469085184,58679,2019-07-15,17.773853,0.047408,3,unclassified,2019
GaiaDR3_1410345596469085184,58680,2019-07-16,17.686876,0.021599,3,unclassified,2019
GaiaDR3_1410345596469085184,58681,2019-07-17,17.701146,0.015703,4,unclassified,2019
GaiaDR3_1410345596469085184,58682,2019-07-18,17.687489,0.029533,3,unclassified,2019
GaiaDR3_1410345596469085184,58683,2019-07-19,17.694631,0.01522,2,unclassified,2019
GaiaDR3_1410345596469085184,58684,2019-07-20,17.689621,0.012394,3,unclassified,2019
GaiaDR3_1410345596469085184,58685,2019-07-21,17.662578,0.014965,2,unclassified,2019
GaiaDR3_1410345596469085184,58686,2019-07-22,17.697775,0.024558,3,unclassified,2019
GaiaDR3_1410345596469085184,58690,2019-07-26,17.638289,0.015625,2,unclassified,2019
GaiaDR3_1410345596469085184,58691,2019-07-27,17.742231,0.022081,1,unclassified,2019
GaiaDR3_1410345596469085184,58693,2019-07-29,17.714348,0.012812,3,unclassified,2019
GaiaDR3_1410345596469085184,58694,2019-07-30,17.665346,0.021194,1,unclassified,2019
GaiaDR3_1410345596469085184,58696,2019-08-01,17.712017,0.021725,1,unclassified,2019
GaiaDR3_1410345596469085184,58697,2019-08-02,17.7255,0.015473,2,unclassified,2019
GaiaDR3_1410345596469085184,58699,2019-08-04,17.709976,0.021701,1,unclassified,2019
GaiaDR3_1410345596469085184,58700,2019-08-05,17.727436,0.021905,1,unclassified,2019
GaiaDR3_1410345596469085184,58703,2019-08-08,17.726631,0.021896,1,unclassified,2019
GaiaDR3_1410345596469085184,58705,2019-08-10,17.816105,0.022994,1,unclassified,2019
GaiaDR3_1410345596469085184,58706,2019-08-11,17.681093,0.015113,2,unclassified,2019
GaiaDR3_1410345596469085184,58707,2019-08-12,17.67943,0.021352,1,unclassified,2019
GaiaDR3_1410345596469085184,58708,2019-08-13,17.728891,0.018228,3,unclassified,2019
GaiaDR3_1410345596469085184,58709,2019-08-14,17.691606,0.023728,2,unclassified,2019
GaiaDR3_1410345596469085184,58710,2019-08-15,17.655289,0.021083,1,unclassified,2019
GaiaDR3_1410345596469085184,58711,2019-08-16,17.665003,0.02119,1,unclassified,2019
GaiaDR3_1410345596469085184,58712,2019-08-17,17.710772,0.011974,4,unclassified,2019
GaiaDR3_1410345596469085184,58714,2019-08-19,17.671234,0.042705,2,unclassified,2019
GaiaDR3_1410345596469085184,58715,2019-08-20,17.695114,0.02153,1,unclassified,2019
GaiaDR3_1410345596469085184,58716,2019-08-21,17.723502,0.015457,2,unclassified,2019
GaiaDR3_1410345596469085184,58718,2019-08-23,17.695602,0.034766,4,unclassified,2019
GaiaDR3_1410345596469085184,58720,2019-08-25,17.711126,0.012537,3,unclassified,2019
GaiaDR3_1410345596469085184,58724,2019-08-29,17.692612,0.021501,1,unclassified,2019
GaiaDR3_1410345596469085184,58725,2019-08-30,17.689322,0.068404,2,unclassified,2019
GaiaDR3_1410345596469085184,58727,2019-09-01,17.740585,0.016109,3,unclassified,2019
GaiaDR3_1410345596469085184,58728,2019-09-02,17.703947,0.021631,1,unclassified,2019
GaiaDR3_1410345596469085184,58732,2019-09-06,17.715149,0.033266,3,unclassified,2019
GaiaDR3_1410345596469085184,58733,2019-09-07,17.703049,0.012483,3,unclassified,2019
GaiaDR3_1410345596469085184,58734,2019-09-08,17.635113,0.019104,4,unclassified,2019
GaiaDR3_1410345596469085184,58735,2019-09-09,17.659973,0.021135,1,unclassified,2019
GaiaDR3_1410345596469085184,58737,2019-09-11,17.671673,0.021498,3,unclassified,2019
GaiaDR3_1410345596469085184,58738,2019-09-12,17.673248,0.021282,1,unclassified,2019
GaiaDR3_1410345596469085184,58739,2019-09-13,17.662316,0.014963,2,unclassified,2019
GaiaDR3_1410345596469085184,58740,2019-09-14,17.653439,0.021063,1,unclassified,2019
GaiaDR3_1410345596469085184,58741,2019-09-15,17.715397,0.021764,1,unclassified,2019
GaiaDR3_1410345596469085184,58743,2019-09-17,17.739162,0.022044,1,unclassified,2019
GaiaDR3_1410345596469085184,58744,2019-09-18,17.679662,0.015101,2,unclassified,2019
GaiaDR3_1410345596469085184,58745,2019-09-19,17.684513,0.021409,1,unclassified,2019
GaiaDR3_1410345596469085184,58747,2019-09-21,17.657749,0.02111,1,unclassified,2019
GaiaDR3_1410345596469085184,58750,2019-09-24,17.749289,0.022165,1,unclassified,2019
GaiaDR3_1410345596469085184,58758,2019-10-02,17.667412,0.021217,1,unclassified,2019
GaiaDR3_1410345596469085184,58764,2019-10-08,17.617756,0.020677,1,unclassified,2019
GaiaDR3_1410345596469085184,58769,2019-10-13,17.745443,0.022119,1,unclassified,2019
GaiaDR3_1410345596469085184,58772,2019-10-16,17.665802,0.021199,1,unclassified,2019
GaiaDR3_1410345596469085184,58775,2019-10-19,17.76523,0.022358,1,unclassified,2019
GaiaDR3_1410345596469085184,58778,2019-10-22,17.733273,0.021974,1,unclassified,2019
GaiaDR3_1410345596469085184,58781,2019-10-25,17.711575,0.02172,1,unclassified,2019
GaiaDR3_1410345596469085184,58785,2019-10-29,17.673241,0.021282,1,unclassified,2019
GaiaDR3_1410345596469085184,58789,2019-11-02,17.752191,0.0222,1,unclassified,2019
GaiaDR3_1410345596469085184,58795,2019-11-08,17.716864,0.021781,1,unclassified,2019
GaiaDR3_1410345596469085184,58798,2019-11-11,17.688869,0.021459,1,unclassified,2019
GaiaDR3_1410345596469085184,58805,2019-11-18,17.698038,0.021563,1,unclassified,2019
GaiaDR3_1410345596469085184,58851,2020-01-03,17.793625,0.022709,1,unclassified,2020
GaiaDR3_1410345596469085184,58854,2020-01-06,17.779106,0.022529,1,unclassified,2020
GaiaDR3_1410345596469085184,58861,2020-01-13,17.667852,0.021222,1,unclassified,2020
GaiaDR3_1410345596469085184,58873,2020-01-25,17.648884,0.021013,1,unclassified,2020
GaiaDR3_1410345596469085184,58876,2020-01-28,17.782072,0.022565,1,unclassified,2020
GaiaDR3_1410345596469085184,58879,2020-01-31,17.660217,0.021137,1,unclassified,2020
GaiaDR3_1410345596469085184,58883,2020-02-04,17.770817,0.022427,1,unclassified,2020
GaiaDR3_1410345596469085184,58886,2020-02-07,17.705631,0.021651,1,unclassified,2020
GaiaDR3_1410345596469085184,58890,2020-02-11,17.740177,0.022056,1,unclassified,2020
GaiaDR3_1410345596469085184,58893,2020-02-14,17.642382,0.020942,1,unclassified,2020
GaiaDR3_1410345596469085184,58894,2020-02-15,17.749113,0.025238,3,unclassified,2020
GaiaDR3_1410345596469085184,58898,2020-02-19,17.730743,0.021944,1,unclassified,2020
GaiaDR3_1410345596469085184,58904,2020-02-25,17.760712,0.022303,1,unclassified,2020
GaiaDR3_1410345596469085184,58908,2020-02-29,17.560579,0.020085,1,unclassified,2020
GaiaDR3_1410345596469085184,58911,2020-03-03,17.696308,0.021544,1,unclassified,2020
GaiaDR3_1410345596469085184,58936,2020-03-28,17.803535,0.022834,1,unclassified,2020
GaiaDR3_1410345596469085184,58941,2020-04-02,17.737186,0.02202,1,unclassified,2020
GaiaDR3_1410345596469085184,58943,2020-04-04,17.768326,0.022396,1,unclassified,2020
GaiaDR3_1410345596469085184,58944,2020-04-05,17.770809,0.022427,1,unclassified,2020
GaiaDR3_1410345596469085184,58954,2020-04-15,17.743683,0.022098,1,unclassified,2020
GaiaDR3_1410345596469085184,58955,2020-04-16,17.764339,0.022347,1,unclassified,2020
GaiaDR3_1410345596469085184,58956,2020-04-17,17.751347,0.02219,1,unclassified,2020
GaiaDR3_1410345596469085184,58962,2020-04-23,17.755242,0.009154,6,unclassified,2020
GaiaDR3_1410345596469085184,58963,2020-04-24,17.757927,0.024573,9,unclassified,2020
GaiaDR3_1410345596469085184,58964,2020-04-25,17.772879,0.042225,3,unclassified,2020
GaiaDR3_1410345596469085184,58965,2020-04-26,17.697612,0.03941,2,unclassified,2020
GaiaDR3_1410345596469085184,58966,2020-04-27,17.733923,0.015735,3,unclassified,2020
GaiaDR3_1410345596469085184,58967,2020-04-28,17.752575,0.013677,3,unclassified,2020
GaiaDR3_1410345596469085184,58968,2020-04-29,17.725033,0.050485,3,unclassified,2020
GaiaDR3_1410345596469085184,58970,2020-05-01,17.760078,0.012872,3,unclassified,2020
GaiaDR3_1410345596469085184,58971,2020-05-02,17.723877,0.030431,3,unclassified,2020
GaiaDR3_1410345596469085184,58972,2020-05-03,17.752226,0.015699,2,unclassified,2020
GaiaDR3_1410345596469085184,58973,2020-05-04,17.7586,0.015753,2,unclassified,2020
GaiaDR3_1410345596469085184,58974,2020-05-05,17.757809,0.015746,2,unclassified,2020
GaiaDR3_1410345596469085184,58975,2020-05-06,17.696196,0.079956,3,unclassified,2020
GaiaDR3_1410345596469085184,58976,2020-05-07,17.70986,0.056189,3,unclassified,2020
GaiaDR3_1410345596469085184,58977,2020-05-08,17.692882,0.021504,1,unclassified,2020
GaiaDR3_1410345596469085184,58978,2020-05-09,17.724358,0.045452,3,unclassified,2020
GaiaDR3_1410345596469085184,58979,2020-05-10,17.757793,0.025064,3,unclassified,2020
GaiaDR3_1410345596469085184,58980,2020-05-11,17.75629,0.060669,3,unclassified,2020
GaiaDR3_1410345596469085184,58981,2020-05-12,17.772583,0.03812,3,unclassified,2020
GaiaDR3_1410345596469085184,58983,2020-05-14,17.692802,0.021503,1,unclassified,2020
GaiaDR3_1410345596469085184,58984,2020-05-15,17.683373,0.021396,1,unclassified,2020
GaiaDR3_1410345596469085184,58985,2020-05-16,17.683083,0.021393,1,unclassified,2020
GaiaDR3_1410345596469085184,58986,2020-05-17,17.67664,0.037204,3,unclassified,2020
GaiaDR3_1410345596469085184,58987,2020-05-18,17.746077,0.034727,3,unclassified,2020
GaiaDR3_1410345596469085184,58991,2020-05-22,17.611139,0.011897,3,unclassified,2020
GaiaDR3_1410345596469085184,58992,2020-05-23,17.728794,0.013238,3,unclassified,2020
GaiaDR3_1410345596469085184,58994,2020-05-25,17.70475,0.018637,3,unclassified,2020
GaiaDR3_1410345596469085184,58995,2020-05-26,17.721983,0.034557,3,unclassified,2020
GaiaDR3_1410345596469085184,58996,2020-05-27,17.730806,0.016346,3,unclassified,2020
GaiaDR3_1410345596469085184,58997,2020-05-28,17.696713,0.012441,3,unclassified,2020
GaiaDR3_1410345596469085184,58998,2020-05-29,17.717415,0.013387,3,unclassified,2020
GaiaDR3_1410345596469085184,58999,2020-05-30,17.705605,0.030656,3,unclassified,2020
GaiaDR3_1410345596469085184,59000,2020-05-31,17.710533,0.020579,3,unclassified,2020
GaiaDR3_1410345596469085184,59001,2020-06-01,17.718739,0.028316,3,unclassified,2020
GaiaDR3_1410345596469085184,59002,2020-06-02,17.56389,0.020119,1,unclassified,2020
GaiaDR3_1410345596469085184,59004,2020-06-04,17.727525,0.023146,2,unclassified,2020
GaiaDR3_1410345596469085184,59005,2020-06-05,17.693008,0.015207,2,unclassified,2020
GaiaDR3_1410345596469085184,59008,2020-06-08,17.728005,0.021912,1,unclassified,2020
GaiaDR3_1410345596469085184,59009,2020-06-09,17.734006,0.015546,2,unclassified,2020
GaiaDR3_1410345596469085184,59010,2020-06-10,17.671392,0.021262,1,unclassified,2020
GaiaDR3_1410345596469085184,59011,2020-06-11,17.710117,0.021599,3,unclassified,2020
GaiaDR3_1410345596469085184,59012,2020-06-12,17.730777,0.015517,2,unclassified,2020
GaiaDR3_1410345596469085184,59013,2020-06-13,17.684359,0.023997,3,unclassified,2020
GaiaDR3_1410345596469085184,59014,2020-06-14,17.703766,0.012488,3,unclassified,2020
GaiaDR3_1410345596469085184,59015,2020-06-15,17.664604,0.021326,2,unclassified,2020
GaiaDR3_1410345596469085184,59016,2020-06-16,17.734533,0.024084,2,unclassified,2020
GaiaDR3_1410345596469085184,59017,2020-06-17,17.691008,0.037969,3,unclassified,2020
GaiaDR3_1410345596469085184,59018,2020-06-18,17.646236,0.03238,3,unclassified,2020
GaiaDR3_1410345596469085184,59019,2020-06-19,17.709045,0.028642,3,unclassified,2020
GaiaDR3_1410345596469085184,59020,2020-06-20,17.733776,0.026248,3,unclassified,2020
GaiaDR3_1410345596469085184,59021,2020-06-21,17.712433,0.021729,1,unclassified,2020
GaiaDR3_1410345596469085184,59022,2020-06-22,17.718763,0.036088,3,unclassified,2020
GaiaDR3_1410345596469085184,59023,2020-06-23,17.733466,0.025939,2,unclassified,2020
GaiaDR3_1410345596469085184,59024,2020-06-24,17.703953,0.012489,3,unclassified,2020
GaiaDR3_1410345596469085184,59025,2020-06-25,17.692223,0.049276,2,unclassified,2020
GaiaDR3_1410345596469085184,59026,2020-06-26,17.714239,0.02175,1,unclassified,2020
GaiaDR3_1410345596469085184,59027,2020-06-27,17.713312,0.015509,2,unclassified,2020
GaiaDR3_1410345596469085184,59028,2020-06-28,17.722168,0.015446,2,unclassified,2020
GaiaDR3_1410345596469085184,59029,2020-06-29,17.716763,0.02178,1,unclassified,2020
GaiaDR3_1410345596469085184,59030,2020-06-30,17.748707,0.033202,3,unclassified,2020
GaiaDR3_1410345596469085184,59031,2020-07-01,17.708168,0.032312,3,unclassified,2020
GaiaDR3_1410345596469085184,59032,2020-07-02,17.703394,0.05671,3,unclassified,2020
GaiaDR3_1410345596469085184,59033,2020-07-03,17.720083,0.035806,4,unclassified,2020
GaiaDR3_1410345596469085184,59034,2020-07-04,17.704896,0.015303,2,unclassified,2020
GaiaDR3_1410345596469085184,59035,2020-07-05,17.736706,0.022015,1,unclassified,2020
GaiaDR3_1410345596469085184,59037,2020-07-07,17.730272,0.015973,4,unclassified,2020
GaiaDR3_1410345596469085184,59038,2020-07-08,17.745951,0.046022,3,unclassified,2020
GaiaDR3_1410345596469085184,59039,2020-07-09,17.687283,0.015162,2,unclassified,2020
GaiaDR3_1410345596469085184,59040,2020-07-10,17.721849,0.03941,2,unclassified,2020
GaiaDR3_1410345596469085184,59041,2020-07-11,17.772293,0.027621,2,unclassified,2020
GaiaDR3_1410345596469085184,59042,2020-07-12,17.765072,0.01581,2,unclassified,2020
GaiaDR3_1410345596469085184,59043,2020-07-13,17.738897,0.016445,2,unclassified,2020
GaiaDR3_1410345596469085184,59044,2020-07-14,17.642571,0.026544,3,unclassified,2020
GaiaDR3_1410345596469085184,59045,2020-07-15,17.662501,0.014965,2,unclassified,2020
GaiaDR3_1410345596469085184,59046,2020-07-16,17.669683,0.015022,2,unclassified,2020
GaiaDR3_1410345596469085184,59047,2020-07-17,17.720676,0.014097,3,unclassified,2020
GaiaDR3_1410345596469085184,59048,2020-07-18,17.730276,0.015514,2,unclassified,2020
GaiaDR3_1410345596469085184,59049,2020-07-19,17.610609,0.014568,2,unclassified,2020
GaiaDR3_1410345596469085184,59050,2020-07-20,17.754744,0.026911,3,unclassified,2020
GaiaDR3_1410345596469085184,59051,2020-07-21,17.773046,0.015878,2,unclassified,2020
GaiaDR3_1410345596469085184,59052,2020-07-22,17.739376,0.022046,1,unclassified,2020
GaiaDR3_1410345596469085184,59053,2020-07-23,17.746889,0.015653,2,unclassified,2020
GaiaDR3_1410345596469085184,59054,2020-07-24,17.738316,0.015581,2,unclassified,2020
GaiaDR3_1410345596469085184,59055,2020-07-25,17.737305,0.022022,1,unclassified,2020
GaiaDR3_1410345596469085184,59056,2020-07-26,17.74461,0.012765,3,unclassified,2020
GaiaDR3_1410345596469085184,59057,2020-07-27,17.785652,0.02261,1,unclassified,2020
GaiaDR3_1410345596469085184,59059,2020-07-29,17.75116,0.015689,2,unclassified,2020
GaiaDR3_1410345596469085184,59060,2020-07-30,17.598351,0.045516,2,unclassified,2020
GaiaDR3_1410345596469085184,59061,2020-07-31,17.71151,0.034476,3,unclassified,2020
GaiaDR3_1410345596469085184,59062,2020-08-01,17.717388,0.014913,3,unclassified,2020
GaiaDR3_1410345596469085184,59063,2020-08-02,17.769545,0.022411,1,unclassified,2020
GaiaDR3_1410345596469085184,59064,2020-08-03,17.629063,0.020798,1,unclassified,2020
GaiaDR3_1410345596469085184,59065,2020-08-04,17.628056,0.034846,3,unclassified,2020
GaiaDR3_1410345596469085184,59066,2020-08-05,17.618272,0.029684,2,unclassified,2020
GaiaDR3_1410345596469085184,59067,2020-08-06,17.659723,0.046694,3,unclassified,2020
GaiaDR3_1410345596469085184,59068,2020-08-07,17.698938,0.015255,2,unclassified,2020
GaiaDR3_1410345596469085184,59069,2020-08-08,17.680222,0.021361,1,unclassified,2020
GaiaDR3_1410345596469085184,59070,2020-08-09,17.68227,0.034222,3,unclassified,2020
GaiaDR3_1410345596469085184,59071,2020-08-10,17.689046,0.016382,2,unclassified,2020
GaiaDR3_1410345596469085184,59072,2020-08-11,17.732246,0.043863,3,unclassified,2020
GaiaDR3_1410345596469085184,59073,2020-08-12,17.696922,0.016644,3,unclassified,2020
GaiaDR3_1410345596469085184,59074,2020-08-13,17.676987,0.033302,2,unclassified,2020
GaiaDR3_1410345596469085184,59075,2020-08-14,17.732059,0.015529,2,unclassified,2020
GaiaDR3_1410345596469085184,59076,2020-08-15,17.69482,0.021527,1,unclassified,2020
GaiaDR3_1410345596469085184,59077,2020-08-16,17.686373,0.015154,2,unclassified,2020
GaiaDR3_1410345596469085184,59078,2020-08-17,17.694165,0.015216,2,unclassified,2020
GaiaDR3_1410345596469085184,59079,2020-08-18,17.6851,0.015144,2,unclassified,2020
GaiaDR3_1410345596469085184,59080,2020-08-19,17.687714,0.021446,1,unclassified,2020
GaiaDR3_1410345596469085184,59081,2020-08-20,17.738571,0.015583,2,unclassified,2020
GaiaDR3_1410345596469085184,59082,2020-08-21,17.749668,0.02217,1,unclassified,2020
GaiaDR3_1410345596469085184,59084,2020-08-23,17.705614,0.01531,2,unclassified,2020
GaiaDR3_1410345596469085184,59085,2020-08-24,17.718483,0.0218,1,unclassified,2020
GaiaDR3_1410345596469085184,59086,2020-08-25,17.684627,0.01514,2,unclassified,2020
GaiaDR3_1410345596469085184,59087,2020-08-26,17.715588,0.015391,2,unclassified,2020
GaiaDR3_1410345596469085184,59091,2020-08-30,17.741962,0.023527,1,unclassified,2020
GaiaDR3_1410345596469085184,59114,2020-09-22,17.711702,0.021424,2,unclassified,2020
GaiaDR3_1410345596469085184,59115,2020-09-23,17.673365,0.015051,2,unclassified,2020
GaiaDR3_1410345596469085184,59116,2020-09-24,17.69096,0.021482,1,unclassified,2020
GaiaDR3_1410345596469085184,59117,2020-09-25,17.704352,0.0153,2,unclassified,2020
GaiaDR3_1410345596469085184,59118,2020-09-26,17.762749,0.022328,1,unclassified,2020
GaiaDR3_1410345596469085184,59119,2020-09-27,17.743012,0.01562,2,unclassified,2020
GaiaDR3_1410345596469085184,59120,2020-09-28,17.731693,0.015525,2,unclassified,2020
GaiaDR3_1410345596469085184,59122,2020-09-30,17.662197,0.021159,1,unclassified,2020
GaiaDR3_1410345596469085184,59128,2020-10-06,17.829292,0.023164,1,unclassified,2020
GaiaDR3_1410345596469085184,59130,2020-10-08,17.710678,0.021709,1,unclassified,2020
GaiaDR3_1410345596469085184,59135,2020-10-13,17.659843,0.046007,2,unclassified,2020
GaiaDR3_1410345596469085184,59136,2020-10-14,17.707775,0.021675,1,unclassified,2020
GaiaDR3_1410345596469085184,59137,2020-10-15,17.749619,0.016297,3,unclassified,2020
GaiaDR3_1410345596469085184,59139,2020-10-17,17.76927,0.029457,2,unclassified,2020
GaiaDR3_1410345596469085184,59142,2020-10-20,17.565941,0.020139,1,unclassified,2020
GaiaDR3_1410345596469085184,59143,2020-10-21,17.75729,0.022262,1,unclassified,2020
GaiaDR3_1410345596469085184,59145,2020-10-23,17.740856,0.022064,1,unclassified,2020
GaiaDR3_1410345596469085184,59151,2020-10-29,17.742153,0.02208,1,unclassified,2020
GaiaDR3_1410345596469085184,59153,2020-10-31,17.615727,0.020655,1,unclassified,2020
GaiaDR3_1410345596469085184,59155,2020-11-02,17.576839,0.02025,1,unclassified,2020
GaiaDR3_1410345596469085184,59215,2021-01-01,17.819243,0.023034,1,unclassified,2021
GaiaDR3_1410345596469085184,59219,2021-01-05,17.673889,0.02129,1,unclassified,2021
GaiaDR3_1410345596469085184,59221,2021-01-07,17.763388,0.022336,1,unclassified,2021
GaiaDR3_1410345596469085184,59224,2021-01-10,17.754566,0.022229,1,unclassified,2021
GaiaDR3_1410345596469085184,59227,2021-01-13,17.732876,0.021969,1,unclassified,2021
GaiaDR3_1410345596469085184,59231,2021-01-17,17.742645,0.022085,1,unclassified,2021
GaiaDR3_1410345596469085184,59248,2021-02-03,17.722886,0.03158,2,unclassified,2021
GaiaDR3_1410345596469085184,59250,2021-02-05,17.593298,0.02042,1,unclassified,2021
GaiaDR3_1410345596469085184,59252,2021-02-07,17.727211,0.021902,1,unclassified,2021
GaiaDR3_1410345596469085184,59256,2021-02-11,17.620926,0.020711,1,unclassified,2021
GaiaDR3_1410345596469085184,59258,2021-02-13,17.737011,0.022018,1,unclassified,2021
GaiaDR3_1410345596469085184,59262,2021-02-17,17.695622,0.021536,1,unclassified,2021
GaiaDR3_1410345596469085184,59263,2021-02-18,17.773123,0.022455,1,unclassified,2021
GaiaDR3_1410345596469085184,59264,2021-02-19,17.656382,0.021095,1,unclassified,2021
GaiaDR3_1410345596469085184,59265,2021-02-20,17.669559,0.021241,1,unclassified,2021
GaiaDR3_1410345596469085184,59267,2021-02-22,17.717667,0.02179,1,unclassified,2021
GaiaDR3_1410345596469085184,59269,2021-02-24,17.748393,0.015666,2,unclassified,2021
GaiaDR3_1410345596469085184,59270,2021-02-25,17.802448,0.02282,1,unclassified,2021
GaiaDR3_1410345596469085184,59272,2021-02-27,17.653904,0.021068,1,unclassified,2021
GaiaDR3_1410345596469085184,59275,2021-03-02,17.716769,0.015401,2,unclassified,2021
GaiaDR3_1410345596469085184,59278,2021-03-05,17.730789,0.021945,1,unclassified,2021
GaiaDR3_1410345596469085184,59292,2021-03-19,17.708466,0.021683,1,unclassified,2021
GaiaDR3_1410345596469085184,59295,2021-03-22,17.660965,0.021146,1,unclassified,2021
GaiaDR3_1410345596469085184,59297,2021-03-24,17.607063,0.020564,1,unclassified,2021
GaiaDR3_1410345596469085184,59300,2021-03-27,17.808707,0.016193,2,unclassified,2021
GaiaDR3_1410345596469085184,59301,2021-03-28,17.7612,0.022309,1,unclassified,2021
GaiaDR3_1410345596469085184,59302,2021-03-29,17.725868,0.015476,2,unclassified,2021
GaiaDR3_1410345596469085184,59303,2021-03-30,17.705082,0.021644,1,unclassified,2021
GaiaDR3_1410345596469085184,59304,2021-03-31,17.748991,0.051052,2,unclassified,2021
GaiaDR3_1410345596469085184,59305,2021-04-01,17.734322,0.021986,1,unclassified,2021
GaiaDR3_1410345596469085184,59306,2021-04-02,17.757301,0.022262,1,unclassified,2021
GaiaDR3_1410345596469085184,59307,2021-04-03,17.745388,0.057732,2,unclassified,2021
GaiaDR3_1410345596469085184,59308,2021-04-04,17.764694,0.022352,1,unclassified,2021
GaiaDR3_1410345596469085184,59309,2021-04-05,17.777386,0.015915,2,unclassified,2021
GaiaDR3_1410345596469085184,59310,2021-04-06,17.775795,0.022488,1,unclassified,2021
GaiaDR3_1410345596469085184,59311,2021-04-07,17.728289,0.021915,1,unclassified,2021
GaiaDR3_1410345596469085184,59313,2021-04-09,17.595152,0.020439,1,unclassified,2021
GaiaDR3_1410345596469085184,59315,2021-04-11,17.721882,0.02184,1,unclassified,2021
GaiaDR3_1410345596469085184,59317,2021-04-13,17.745438,0.022119,1,unclassified,2021
GaiaDR3_1410345596469085184,59320,2021-04-16,17.609068,0.020585,1,unclassified,2021
GaiaDR3_1410345596469085184,59322,2021-04-18,17.598637,0.020476,1,unclassified,2021
GaiaDR3_1410345596469085184,59324,2021-04-20,17.741543,0.022072,1,unclassified,2021
GaiaDR3_1410345596469085184,59328,2021-04-24,17.738758,0.022039,1,unclassified,2021
GaiaDR3_1410345596469085184,59329,2021-04-25,17.779617,0.022535,1,unclassified,2021
GaiaDR3_1410345596469085184,59334,2021-04-30,17.660933,0.069451,2,unclassified,2021
GaiaDR3_1410345596469085184,59335,2021-05-01,17.706032,0.021655,1,unclassified,2021
GaiaDR3_1410345596469085184,59336,2021-05-02,17.778251,0.015924,2,unclassified,2021
GaiaDR3_1410345596469085184,59338,2021-05-04,17.737511,0.022024,1,unclassified,2021
GaiaDR3_1410345596469085184,59339,2021-05-05,17.741177,0.015605,2,unclassified,2021
GaiaDR3_1410345596469085184,59340,2021-05-06,17.764065,0.027257,5,unclassified,2021
GaiaDR3_1410345596469085184,59341,2021-05-07,17.799295,0.017259,2,unclassified,2021
GaiaDR3_1410345596469085184,59342,2021-05-08,17.650486,0.036938,3,unclassified,2021
GaiaDR3_1410345596469085184,59343,2021-05-09,17.759408,0.01576,2,unclassified,2021
GaiaDR3_1410345596469085184,59344,2021-05-10,17.755016,0.022234,1,unclassified,2021
GaiaDR3_1410345596469085184,59345,2021-05-11,17.770155,0.015852,2,unclassified,2021
GaiaDR3_1410345596469085184,59346,2021-05-12,17.700153,0.021588,1,unclassified,2021
GaiaDR3_1410345596469085184,59348,2021-05-14,17.748463,0.022155,1,unclassified,2021
GaiaDR3_1410345596469085184,59349,2021-05-15,17.755505,0.02224,1,unclassified,2021
GaiaDR3_1410345596469085184,59353,2021-05-19,17.69532,0.021532,1,unclassified,2021
GaiaDR3_1410345596469085184,59354,2021-05-20,17.747648,0.015659,2,unclassified,2021
GaiaDR3_1410345596469085184,59358,2021-05-24,17.80188,0.022813,1,unclassified,2021
GaiaDR3_1410345596469085184,59361,2021-05-27,17.686218,0.021429,1,unclassified,2021
GaiaDR3_1410345596469085184,59362,2021-05-28,17.666868,0.074557,2,unclassified,2021
GaiaDR3_1410345596469085184,59363,2021-05-29,17.790083,0.022665,1,unclassified,2021
GaiaDR3_1410345596469085184,59364,2021-05-30,17.689583,0.021467,1,unclassified,2021
GaiaDR3_1410345596469085184,59365,2021-05-31,17.723006,0.015452,2,unclassified,2021
GaiaDR3_1410345596469085184,59366,2021-06-01,17.674736,0.016222,2,unclassified,2021
GaiaDR3_1410345596469085184,59367,2021-06-02,17.681736,0.021563,2,unclassified,2021
GaiaDR3_1410345596469085184,59368,2021-06-03,17.762636,0.022327,1,unclassified,2021
GaiaDR3_1410345596469085184,59369,2021-06-04,17.734488,0.015549,2,unclassified,2021
GaiaDR3_1410345596469085184,59370,2021-06-05,17.724376,0.021119,2,unclassified,2021
GaiaDR3_1410345596469085184,59371,2021-06-06,17.746046,0.038299,3,unclassified,2021
GaiaDR3_1410345596469085184,59373,2021-06-08,17.757284,0.01904,2,unclassified,2021
GaiaDR3_1410345596469085184,59374,2021-06-09,17.705782,0.015311,2,unclassified,2021
GaiaDR3_1410345596469085184,59375,2021-06-10,17.80463,0.022848,1,unclassified,2021
GaiaDR3_1410345596469085184,59376,2021-06-11,17.737814,0.077081,3,unclassified,2021
GaiaDR3_1410345596469085184,59377,2021-06-12,17.766437,0.033867,2,unclassified,2021
GaiaDR3_1410345596469085184,59378,2021-06-13,17.729549,0.019147,3,unclassified,2021
GaiaDR3_1410345596469085184,59379,2021-06-14,17.695946,0.036018,2,unclassified,2021
GaiaDR3_1410345596469085184,59380,2021-06-15,17.670635,0.021253,1,unclassified,2021
GaiaDR3_1410345596469085184,59382,2021-06-17,17.690273,0.063378,3,unclassified,2021
GaiaDR3_1410345596469085184,59385,2021-06-20,17.690197,0.015185,2,unclassified,2021
GaiaDR3_1410345596469085184,59386,2021-06-21,17.746979,0.015715,5,unclassified,2021
GaiaDR3_1410345596469085184,59387,2021-06-22,17.742565,0.015617,2,unclassified,2021
GaiaDR3_1410345596469085184,59390,2021-06-25,17.661343,0.039625,3,unclassified,2021
GaiaDR3_1410345596469085184,59391,2021-06-26,17.65993,0.014944,2,unclassified,2021
GaiaDR3_1410345596469085184,59392,2021-06-27,17.723679,0.013595,3,unclassified,2021
GaiaDR3_1410345596469085184,59393,2021-06-28,17.715326,0.038327,2,unclassified,2021
GaiaDR3_1410345596469085184,59394,2021-06-29,17.779774,0.015937,2,unclassified,2021
GaiaDR3_1410345596469085184,59396,2021-07-01,17.747477,0.026736,3,unclassified,2021
GaiaDR3_1410345596469085184,59397,2021-07-02,17.642019,0.014805,2,unclassified,2021
GaiaDR3_1410345596469085184,59399,2021-07-04,17.705647,0.021651,1,unclassified,2021
GaiaDR3_1410345596469085184,59400,2021-07-05,17.757894,0.022422,2,unclassified,2021
GaiaDR3_1410345596469085184,59401,2021-07-06,17.743202,0.092201,3,unclassified,2021
GaiaDR3_1410345596469085184,59402,2021-07-07,17.726592,0.020857,2,unclassified,2021
GaiaDR3_1410345596469085184,59403,2021-07-08,17.704538,0.012493,3,unclassified,2021
GaiaDR3_1410345596469085184,59404,2021-07-09,17.72021,0.034303,2,unclassified,2021
GaiaDR3_1410345596469085184,59405,2021-07-10,17.734522,0.015548,2,unclassified,2021
GaiaDR3_1410345596469085184,59406,2021-07-11,17.699184,0.015259,2,unclassified,2021
GaiaDR3_1410345596469085184,59407,2021-07-12,17.732807,0.018058,3,unclassified,2021
GaiaDR3_1410345596469085184,59408,2021-07-13,17.736863,0.015983,2,unclassified,2021
GaiaDR3_1410345596469085184,59409,2021-07-14,17.729023,0.013035,3,unclassified,2021
GaiaDR3_1410345596469085184,59410,2021-07-15,17.675247,0.015065,2,unclassified,2021
GaiaDR3_1410345596469085184,59411,2021-07-16,17.726719,0.023026,3,unclassified,2021
GaiaDR3_1410345596469085184,59412,2021-07-17,17.743564,0.015625,2,unclassified,2021
GaiaDR3_1410345596469085184,59414,2021-07-19,17.786074,0.030739,3,unclassified,2021
GaiaDR3_1410345596469085184,59415,2021-07-20,17.762452,0.015787,2,unclassified,2021
GaiaDR3_1410345596469085184,59418,2021-07-23,17.708796,0.021687,1,unclassified,2021
GaiaDR3_1410345596469085184,59423,2021-07-28,17.678742,0.015094,2,unclassified,2021
GaiaDR3_1410345596469085184,59424,2021-07-29,17.725631,0.017683,2,unclassified,2021
GaiaDR3_1410345596469085184,59425,2021-07-30,17.75617,0.020528,3,unclassified,2021
GaiaDR3_1410345596469085184,59427,2021-08-01,17.700998,0.041007,3,unclassified,2021
GaiaDR3_1410345596469085184,59428,2021-08-02,17.706237,0.015314,2,unclassified,2021
GaiaDR3_1410345596469085184,59429,2021-08-03,17.765579,0.039829,3,unclassified,2021
GaiaDR3_1410345596469085184,59430,2021-08-04,17.706059,0.012503,3,unclassified,2021
GaiaDR3_1410345596469085184,59434,2021-08-08,17.652397,0.022906,3,unclassified,2021
GaiaDR3_1410345596469085184,59435,2021-08-09,17.726643,0.064414,3,unclassified,2021
GaiaDR3_1410345596469085184,59436,2021-08-10,17.772467,0.01634,2,unclassified,2021
GaiaDR3_1410345596469085184,59438,2021-08-12,17.769285,0.022408,1,unclassified,2021
GaiaDR3_1410345596469085184,59439,2021-08-13,17.774666,0.023749,3,unclassified,2021
GaiaDR3_1410345596469085184,59440,2021-08-14,17.67178,0.065396,3,unclassified,2021
GaiaDR3_1410345596469085184,59441,2021-08-15,17.744343,0.029983,3,unclassified,2021
GaiaDR3_1410345596469085184,59442,2021-08-16,17.662163,0.021159,1,unclassified,2021
GaiaDR3_1410345596469085184,59443,2021-08-17,17.68263,0.029158,3,unclassified,2021
GaiaDR3_1410345596469085184,59446,2021-08-20,17.816233,0.022996,1,unclassified,2021
GaiaDR3_1410345596469085184,59448,2021-08-22,17.833735,0.016421,2,unclassified,2021
GaiaDR3_1410345596469085184,59449,2021-08-23,17.700603,0.015591,2,unclassified,2021
GaiaDR3_1410345596469085184,59450,2021-08-24,17.734569,0.045768,3,unclassified,2021
GaiaDR3_1410345596469085184,59451,2021-08-25,17.664597,0.016877,3,unclassified,2021
GaiaDR3_1410345596469085184,59452,2021-08-26,17.705775,0.015311,2,unclassified,2021
GaiaDR3_1410345596469085184,59453,2021-08-27,17.716246,0.022013,2,unclassified,2021
GaiaDR3_1410345596469085184,59454,2021-08-28,17.73296,0.030395,3,unclassified,2021
GaiaDR3_1410345596469085184,59455,2021-08-29,17.694233,0.015477,3,unclassified,2021
GaiaDR3_1410345596469085184,59456,2021-08-30,17.671438,0.021262,1,unclassified,2021
GaiaDR3_1410345596469085184,59458,2021-09-01,17.713661,0.044715,3,unclassified,2021
GaiaDR3_1410345596469085184,59459,2021-09-02,17.722115,0.016307,3,unclassified,2021
GaiaDR3_1410345596469085184,59460,2021-09-03,17.768307,0.043097,3,unclassified,2021
GaiaDR3_1410345596469085184,59461,2021-09-04,17.774773,0.015893,2,unclassified,2021
GaiaDR3_1410345596469085184,59462,2021-09-05,17.773588,0.024805,3,unclassified,2021
GaiaDR3_1410345596469085184,59463,2021-09-06,17.729361,0.024143,2,unclassified,2021
GaiaDR3_1410345596469085184,59464,2021-09-07,17.711447,0.015357,2,unclassified,2021
GaiaDR3_1410345596469085184,59465,2021-09-08,17.705978,0.021655,1,unclassified,2021
GaiaDR3_1410345596469085184,59466,2021-09-09,17.711048,0.02579,2,unclassified,2021
GaiaDR3_1410345596469085184,59467,2021-09-10,17.641827,0.020936,1,unclassified,2021
GaiaDR3_1410345596469085184,59468,2021-09-11,17.727131,0.041234,3,unclassified,2021
GaiaDR3_1410345596469085184,59469,2021-09-12,17.640637,0.05165,2,unclassified,2021
GaiaDR3_1410345596469085184,59470,2021-09-13,17.695761,0.052589,3,unclassified,2021
GaiaDR3_1410345596469085184,59471,2021-09-14,17.745338,0.039509,2,unclassified,2021
GaiaDR3_1410345596469085184,59473,2021-09-16,17.65427,0.052353,3,unclassified,2021
GaiaDR3_1410345596469085184,59474,2021-09-17,17.73545,0.015557,2,unclassified,2021
GaiaDR3_1410345596469085184,59475,2021-09-18,17.913469,0.024298,1,unclassified,2021
GaiaDR3_1410345596469085184,59476,2021-09-19,17.698697,0.015253,2,unclassified,2021
GaiaDR3_1410345596469085184,59477,2021-09-20,17.711796,0.021722,1,unclassified,2021
GaiaDR3_1410345596469085184,59478,2021-09-21,17.664295,0.021183,1,unclassified,2021
GaiaDR3_1410345596469085184,59479,2021-09-22,17.664211,0.037448,3,unclassified,2021
GaiaDR3_1410345596469085184,59484,2021-09-27,17.760897,0.022305,1,unclassified,2021
GaiaDR3_1410345596469085184,59485,2021-09-28,17.76128,0.02231,1,unclassified,2021
GaiaDR3_1410345596469085184,59487,2021-09-30,17.759052,0.022283,1,unclassified,2021
GaiaDR3_1410345596469085184,59488,2021-10-01,17.747351,0.024108,2,unclassified,2021
GaiaDR3_1410345596469085184,59489,2021-10-02,17.743353,0.014561,3,unclassified,2021
GaiaDR3_1410345596469085184,59490,2021-10-03,17.801895,0.022813,1,unclassified,2021
GaiaDR3_1410345596469085184,59491,2021-10-04,17.712259,0.021727,1,unclassified,2021
GaiaDR3_1410345596469085184,59502,2021-10-15,17.74411,0.022103,1,unclassified,2021
GaiaDR3_1410345596469085184,59504,2021-10-17,17.79015,0.022666,1,unclassified,2021
GaiaDR3_1410345596469085184,59517,2021-10-30,17.70735,0.021671,1,unclassified,2021
GaiaDR3_1410345596469085184,59521,2021-11-03,17.669243,0.021238,1,unclassified,2021
GaiaDR3_1410345596469085184,59600,2022-01-21,17.640102,0.020917,1,unclassified,2022
GaiaDR3_1410345596469085184,59622,2022-02-12,17.7071,0.021668,1,unclassified,2022
GaiaDR3_1410345596469085184,59623,2022-02-13,17.597195,0.02046,1,unclassified,2022
GaiaDR3_1410345596469085184,59625,2022-02-15,17.73074,0.021944,1,unclassified,2022
GaiaDR3_1410345596469085184,59627,2022-02-17,17.719025,0.021806,1,unclassified,2022
GaiaDR3_1410345596469085184,59628,2022-02-18,17.693506,0.021512,1,unclassified,2022
GaiaDR3_1410345596469085184,59629,2022-02-19,17.79459,0.022722,1,unclassified,2022
GaiaDR3_1410345596469085184,59630,2022-02-20,17.700954,0.021597,1,unclassified,2022
GaiaDR3_1410345596469085184,59636,2022-02-26,17.742145,0.02208,1,unclassified,2022
GaiaDR3_1410345596469085184,59638,2022-02-28,17.792417,0.022694,1,unclassified,2022
GaiaDR3_1410345596469085184,59640,2022-03-02,17.673424,0.021284,1,unclassified,2022
GaiaDR3_1410345596469085184,59641,2022-03-03,17.784901,0.022601,1,unclassified,2022
GaiaDR3_1410345596469085184,59673,2022-04-04,17.778128,0.022517,1,unclassified,2022
GaiaDR3_1410345596469085184,59675,2022-04-06,17.724636,0.021872,1,unclassified,2022
GaiaDR3_1410345596469085184,59677,2022-04-08,17.76761,0.022387,1,unclassified,2022
GaiaDR3_1410345596469085184,59679,2022-04-10,17.787052,0.022627,1,unclassified,2022
GaiaDR3_1410345596469085184,59685,2022-04-16,17.786053,0.022615,1,unclassified,2022
GaiaDR3_1410345596469085184,59693,2022-04-24,17.747173,0.02214,1,unclassified,2022
GaiaDR3_1410345596469085184,59695,2022-04-26,17.759405,0.022287,1,unclassified,2022
GaiaDR3_1410345596469085184,59697,2022-04-28,17.803476,0.022833,1,unclassified,2022
GaiaDR3_1410345596469085184,59700,2022-05-01,17.734581,0.021989,1,unclassified,2022
GaiaDR3_1410345596469085184,59702,2022-05-03,17.800171,0.022792,1,unclassified,2022
GaiaDR3_1410345596469085184,59710,2022-05-11,17.757732,0.015745,2,unclassified,2022
GaiaDR3_1410345596469085184,59712,2022-05-13,17.568085,0.020161,1,unclassified,2022
GaiaDR3_1410345596469085184,59714,2022-05-15,17.739834,0.022052,1,unclassified,2022
GaiaDR3_1410345596469085184,59722,2022-05-23,17.547791,0.019957,1,unclassified,2022
GaiaDR3_1410345596469085184,59723,2022-05-24,17.734009,0.021983,1,unclassified,2022
GaiaDR3_1410345596469085184,59725,2022-05-26,17.734566,0.021989,1,unclassified,2022
GaiaDR3_1410345596469085184,59726,2022-05-27,17.732552,0.029073,2,unclassified,2022
GaiaDR3_1410345596469085184,59727,2022-05-28,17.678841,0.023756,2,unclassified,2022
GaiaDR3_1410345596469085184,59729,2022-05-30,17.756598,0.019005,2,unclassified,2022
GaiaDR3_1410345596469085184,59730,2022-05-31,17.768782,0.012934,3,unclassified,2022
GaiaDR3_1410345596469085184,59731,2022-06-01,17.769546,0.018857,2,unclassified,2022
GaiaDR3_1410345596469085184,59732,2022-06-02,17.732483,0.019879,3,unclassified,2022
GaiaDR3_1410345596469085184,59733,2022-06-03,17.742424,0.022083,1,unclassified,2022
GaiaDR3_1410345596469085184,59734,2022-06-04,17.659995,0.02667,2,unclassified,2022
GaiaDR3_1410345596469085184,59735,2022-06-05,17.745885,0.015645,2,unclassified,2022
GaiaDR3_1410345596469085184,59736,2022-06-06,17.752068,0.089738,3,unclassified,2022
GaiaDR3_1410345596469085184,59737,2022-06-07,17.670238,0.060322,2,unclassified,2022
GaiaDR3_1410345596469085184,59738,2022-06-08,17.767485,0.01913,3,unclassified,2022
GaiaDR3_1410345596469085184,59739,2022-06-09,17.713417,0.030211,2,unclassified,2022
GaiaDR3_1410345596469085184,59740,2022-06-10,17.751667,0.015694,2,unclassified,2022
GaiaDR3_1410345596469085184,59741,2022-06-11,17.81393,0.01624,2,unclassified,2022
GaiaDR3_1410345596469085184,59742,2022-06-12,17.710934,0.023102,4,unclassified,2022
GaiaDR3_1410345596469085184,59743,2022-06-13,17.791103,0.022678,1,unclassified,2022
GaiaDR3_1410345596469085184,59744,2022-06-14,17.645003,0.032239,2,unclassified,2022
GaiaDR3_1410345596469085184,59747,2022-06-17,17.694447,0.015219,2,unclassified,2022
GaiaDR3_1410345596469085184,59748,2022-06-18,17.677849,0.022671,3,unclassified,2022
GaiaDR3_1410345596469085184,59749,2022-06-19,17.738406,0.015581,2,unclassified,2022
GaiaDR3_1410345596469085184,59750,2022-06-20,17.775881,0.017993,3,unclassified,2022
GaiaDR3_1410345596469085184,59751,2022-06-21,17.77245,0.015872,2,unclassified,2022
GaiaDR3_1410345596469085184,59752,2022-06-22,17.652571,0.021053,1,unclassified,2022
GaiaDR3_1410345596469085184,59753,2022-06-23,17.733461,0.01554,2,unclassified,2022
GaiaDR3_1410345596469085184,59755,2022-06-25,17.786542,0.015996,2,unclassified,2022
GaiaDR3_1410345596469085184,59756,2022-06-26,17.76158,0.015778,2,unclassified,2022
GaiaDR3_1410345596469085184,59757,2022-06-27,17.645364,0.022108,6,unclassified,2022
GaiaDR3_1410345596469085184,59759,2022-06-29,17.751739,0.056174,3,unclassified,2022
GaiaDR3_1410345596469085184,59760,2022-06-30,17.679882,0.021357,1,unclassified,2022
GaiaDR3_1410345596469085184,59761,2022-07-01,17.797365,0.016091,2,unclassified,2022
GaiaDR3_1410345596469085184,59762,2022-07-02,17.688835,0.023405,2,unclassified,2022
GaiaDR3_1410345596469085184,59763,2022-07-03,17.713898,0.036156,3,unclassified,2022
GaiaDR3_1410345596469085184,59764,2022-07-04,17.776988,0.015912,2,unclassified,2022
GaiaDR3_1410345596469085184,59766,2022-07-06,17.749046,0.019807,2,unclassified,2022
GaiaDR3_1410345596469085184,59768,2022-07-08,17.693348,0.023791,7,unclassified,2022
GaiaDR3_1410345596469085184,59769,2022-07-09,17.694443,0.039816,5,unclassified,2022
GaiaDR3_1410345596469085184,59770,2022-07-10,17.701273,0.0406,8,unclassified,2022
GaiaDR3_1410345596469085184,59771,2022-07-11,17.73547,0.012702,3,unclassified,2022
GaiaDR3_1410345596469085184,59781,2022-07-21,17.752369,0.023896,6,unclassified,2022
GaiaDR3_1410345596469085184,59782,2022-07-22,17.707665,0.024633,2,unclassified,2022
GaiaDR3_1410345596469085184,59783,2022-07-23,17.769682,0.017453,3,unclassified,2022
GaiaDR3_1410345596469085184,59784,2022-07-24,17.668247,0.072406,2,unclassified,2022
GaiaDR3_1410345596469085184,59785,2022-07-25,17.744064,0.018761,3,unclassified,2022
GaiaDR3_1410345596469085184,59786,2022-07-26,17.753123,0.016762,2,unclassified,2022
GaiaDR3_1410345596469085184,59787,2022-07-27,17.658453,0.056281,3,unclassified,2022
GaiaDR3_1410345596469085184,59789,2022-07-29,17.697617,0.015713,3,unclassified,2022
GaiaDR3_1410345596469085184,59790,2022-07-30,17.733527,0.01554,2,unclassified,2022
GaiaDR3_1410345596469085184,59791,2022-07-31,17.686619,0.021433,1,unclassified,2022
GaiaDR3_1410345596469085184,59793,2022-08-02,17.715751,0.022502,2,unclassified,2022
GaiaDR3_1410345596469085184,59794,2022-08-03,17.711891,0.031239,3,unclassified,2022
GaiaDR3_1410345596469085184,59797,2022-08-06,17.71739,0.037414,3,unclassified,2022
GaiaDR3_1410345596469085184,59798,2022-08-07,17.746769,0.022135,1,unclassified,2022
GaiaDR3_1410345596469085184,59801,2022-08-10,17.671028,0.021258,1,unclassified,2022
GaiaDR3_1410345596469085184,59802,2022-08-11,17.698975,0.009713,5,unclassified,2022
GaiaDR3_1410345596469085184,59803,2022-08-12,17.650528,0.021031,1,unclassified,2022
GaiaDR3_1410345596469085184,59807,2022-08-16,17.757334,0.051847,3,unclassified,2022
GaiaDR3_1410345596469085184,59808,2022-08-17,17.738325,0.015581,2,unclassified,2022
GaiaDR3_1410345596469085184,59809,2022-08-18,17.691046,0.053529,3,unclassified,2022
GaiaDR3_1410345596469085184,59812,2022-08-21,17.743343,0.022094,1,unclassified,2022
GaiaDR3_1410345596469085184,59814,2022-08-23,17.534267,0.019824,1,unclassified,2022
GaiaDR3_1410345596469085184,59816,2022-08-25,17.688332,0.021453,1,unclassified,2022
GaiaDR3_1410345596469085184,59818,2022-08-27,17.727505,0.021906,1,unclassified,2022
GaiaDR3_1410345596469085184,59820,2022-08-29,17.788006,0.022639,1,unclassified,2022
GaiaDR3_1410345596469085184,59823,2022-09-01,17.777692,0.036465,2,unclassified,2022
GaiaDR3_1410345596469085184,59824,2022-09-02,17.60911,0.037208,2,unclassified,2022
GaiaDR3_1410345596469085184,59825,2022-09-03,17.733994,0.062818,3,unclassified,2022
GaiaDR3_1410345596469085184,59826,2022-09-04,17.695049,0.020398,2,unclassified,2022
GaiaDR3_1410345596469085184,59827,2022-09-05,17.646007,0.020981,1,unclassified,2022
GaiaDR3_1410345596469085184,59828,2022-09-06,17.70129,0.024186,3,unclassified,2022
GaiaDR3_1410345596469085184,59830,2022-09-08,17.779179,0.02253,1,unclassified,2022
GaiaDR3_1410345596469085184,59838,2022-09-16,17.71022,0.021704,1,unclassified,2022
GaiaDR3_1410345596469085184,59839,2022-09-17,17.723152,0.031837,3,unclassified,2022
GaiaDR3_1410345596469085184,59840,2022-09-18,17.713396,0.020797,3,unclassified,2022
GaiaDR3_1410345596469085184,59841,2022-09-19,17.724523,0.015465,2,unclassified,2022
GaiaDR3_1410345596469085184,59843,2022-09-21,17.747532,0.03083,3,unclassified,2022
GaiaDR3_1410345596469085184,59844,2022-09-22,17.713412,0.029641,2,unclassified,2022
GaiaDR3_1410345596469085184,59845,2022-09-23,17.761921,0.019357,3,unclassified,2022
GaiaDR3_1410345596469085184,59846,2022-09-24,17.746004,0.015647,2,unclassified,2022
GaiaDR3_1410345596469085184,59847,2022-09-25,17.729324,0.021927,1,unclassified,2022
GaiaDR3_1410345596469085184,59849,2022-09-27,17.730217,0.021938,1,unclassified,2022
GaiaDR3_1410345596469085184,59853,2022-10-01,17.650682,0.036284,2,unclassified,2022
GaiaDR3_1410345596469085184,59854,2022-10-02,17.761223,0.016818,2,unclassified,2022
GaiaDR3_1410345596469085184,59855,2022-10-03,17.742107,0.022079,1,unclassified,2022
GaiaDR3_1410345596469085184,59857,2022-10-05,17.71545,0.01539,2,unclassified,2022
GaiaDR3_1410345596469085184,59858,2022-10-06,17.713198,0.021738,1,unclassified,2022
GaiaDR3_1410345596469085184,59859,2022-10-07,17.68063,0.021365,1,unclassified,2022
GaiaDR3_1410345596469085184,59862,2022-10-10,17.665459,0.021196,1,unclassified,2022
GaiaDR3_1410345596469085184,59865,2022-10-13,17.731155,0.021949,1,unclassified,2022
GaiaDR3_1410345596469085184,59867,2022-10-15,17.637238,0.020886,1,unclassified,2022
GaiaDR3_1410345596469085184,59874,2022-10-22,17.764795,0.022353,1,unclassified,2022
GaiaDR3_1410345596469085184,59889,2022-11-06,17.776522,0.022497,1,unclassified,2022
GaiaDR3_1410345596469085184,59971,2023-01-27,17.691551,0.021489,1,unclassified,2023
GaiaDR3_1410345596469085184,59977,2023-02-02,17.703932,0.021631,1,unclassified,2023
GaiaDR3_1410345596469085184,59984,2023-02-09,17.711784,0.021722,1,unclassified,2023
GaiaDR3_1410345596469085184,59996,2023-02-21,17.800392,0.022794,1,unclassified,2023
GaiaDR3_1410345596469085184,60042,2023-04-08,17.756994,0.022258,1,unclassified,2023
GaiaDR3_1410345596469085184,60044,2023-04-10,17.755951,0.022245,1,unclassified,2023
GaiaDR3_1410345596469085184,60045,2023-04-11,17.709099,0.025163,1,unclassified,2023
GaiaDR3_1410345596469085184,60046,2023-04-12,17.705942,0.021654,1,unclassified,2023
GaiaDR3_1410345596469085184,60050,2023-04-16,17.742619,0.022085,1,unclassified,2023
GaiaDR3_1410345596469085184,60056,2023-04-22,17.747227,0.02214,1,unclassified,2023
GaiaDR3_1410345596469085184,60058,2023-04-24,17.70459,0.021639,1,unclassified,2023
GaiaDR3_1410345596469085184,60060,2023-04-26,17.725388,0.021881,1,unclassified,2023
GaiaDR3_1410345596469085184,60062,2023-04-28,17.804451,0.022846,1,unclassified,2023
GaiaDR3_1410345596469085184,60072,2023-05-08,17.725971,0.025448,1,unclassified,2023
GaiaDR3_1410345596469085184,60078,2023-05-14,17.756861,0.022257,1,unclassified,2023
GaiaDR3_1410345596469085184,60081,2023-05-17,17.803612,0.022835,1,unclassified,2023
GaiaDR3_1410345596469085184,60083,2023-05-19,17.678051,0.021336,1,unclassified,2023
GaiaDR3_1410345596469085184,60085,2023-05-21,17.778385,0.02252,1,unclassified,2023
GaiaDR3_1410345596469085184,60086,2023-05-22,17.740838,0.017395,2,unclassified,2023
GaiaDR3_1410345596469085184,60087,2023-05-23,17.746298,0.022129,1,unclassified,2023
GaiaDR3_1410345596469085184,60089,2023-05-25,17.785193,0.022604,1,unclassified,2023
GaiaDR3_1410345596469085184,60091,2023-05-27,17.799343,0.022781,1,unclassified,2023
GaiaDR3_1410345596469085184,60093,2023-05-29,17.762691,0.022327,1,unclassified,2023
GaiaDR3_1410345596469085184,60094,2023-05-30,17.673464,0.021346,2,unclassified,2023
GaiaDR3_1410345596469085184,60097,2023-06-02,17.744541,0.022108,1,unclassified,2023
GaiaDR3_1410345596469085184,60098,2023-06-03,17.688459,0.033473,2,unclassified,2023
GaiaDR3_1410345596469085184,60099,2023-06-04,17.670045,0.015025,2,unclassified,2023
GaiaDR3_1410345596469085184,60100,2023-06-05,17.758434,0.014013,3,unclassified,2023
GaiaDR3_1410345596469085184,60101,2023-06-06,17.751205,0.01569,2,unclassified,2023
GaiaDR3_1410345596469085184,60103,2023-06-08,17.734481,0.041274,2,unclassified,2023
GaiaDR3_1410345596469085184,60104,2023-06-09,17.761395,0.022312,1,unclassified,2023
GaiaDR3_1410345596469085184,60109,2023-06-14,17.649511,0.01498,2,unclassified,2023
GaiaDR3_1410345596469085184,60110,2023-06-15,17.750649,0.015685,2,unclassified,2023
GaiaDR3_1410345596469085184,60111,2023-06-16,17.734621,0.02199,1,unclassified,2023
GaiaDR3_1410345596469085184,60112,2023-06-17,17.775156,0.015896,2,unclassified,2023
GaiaDR3_1410345596469085184,60113,2023-06-18,17.753315,0.022214,1,unclassified,2023
GaiaDR3_1410345596469085184,60114,2023-06-19,17.71265,0.012547,3,unclassified,2023
GaiaDR3_1410345596469085184,60115,2023-06-20,17.709538,0.015341,2,unclassified,2023
GaiaDR3_1410345596469085184,60116,2023-06-21,17.764606,0.021785,3,unclassified,2023
GaiaDR3_1410345596469085184,60117,2023-06-22,17.745708,0.022122,1,unclassified,2023
GaiaDR3_1410345596469085184,60118,2023-06-23,17.766098,0.012915,3,unclassified,2023
GaiaDR3_1410345596469085184,60119,2023-06-24,17.705339,0.015307,2,unclassified,2023
GaiaDR3_1410345596469085184,60120,2023-06-25,17.727293,0.016379,3,unclassified,2023
GaiaDR3_1410345596469085184,60121,2023-06-26,17.668085,0.019832,4,unclassified,2023
GaiaDR3_1410345596469085184,60122,2023-06-27,17.665506,0.043443,3,unclassified,2023
GaiaDR3_1410345596469085184,60123,2023-06-28,17.735383,0.01734,2,unclassified,2023
GaiaDR3_1410345596469085184,60124,2023-06-29,17.708797,0.021687,1,unclassified,2023
GaiaDR3_1410345596469085184,60126,2023-07-01,17.718721,0.024051,3,unclassified,2023
GaiaDR3_1410345596469085184,60128,2023-07-03,17.725585,0.023807,2,unclassified,2023
GaiaDR3_1410345596469085184,60133,2023-07-08,17.532604,0.019807,1,unclassified,2023
GaiaDR3_1410345596469085184,60134,2023-07-09,17.694647,0.033887,3,unclassified,2023
GaiaDR3_1410345596469085184,60135,2023-07-10,17.766539,0.015822,2,unclassified,2023
GaiaDR3_1410345596469085184,60136,2023-07-11,17.71611,0.014606,3,unclassified,2023
GaiaDR3_1410345596469085184,60137,2023-07-12,17.65294,0.037316,2,unclassified,2023
GaiaDR3_1410345596469085184,60138,2023-07-13,17.728123,0.021913,1,unclassified,2023
GaiaDR3_1410345596469085184,60139,2023-07-14,17.699782,0.015262,2,unclassified,2023
GaiaDR3_1410345596469085184,60140,2023-07-15,17.705907,0.016275,4,unclassified,2023
GaiaDR3_1410345596469085184,60141,2023-07-16,17.732264,0.021962,1,unclassified,2023
GaiaDR3_1410345596469085184,60143,2023-07-18,17.716024,0.015396,2,unclassified,2023
GaiaDR3_1410345596469085184,60144,2023-07-19,17.70039,0.015268,2,unclassified,2023
GaiaDR3_1410345596469085184,60145,2023-07-20,17.723602,0.05801,3,unclassified,2023
GaiaDR3_1410345596469085184,60147,2023-07-22,17.714001,0.039056,3,unclassified,2023
GaiaDR3_1410345596469085184,60148,2023-07-23,17.710526,0.015349,2,unclassified,2023
GaiaDR3_1410345596469085184,60149,2023-07-24,17.710785,0.012534,3,unclassified,2023
GaiaDR3_1410345596469085184,60150,2023-07-25,17.714825,0.015385,2,unclassified,2023
GaiaDR3_1410345596469085184,60151,2023-07-26,17.71777,0.023793,3,unclassified,2023
GaiaDR3_1410345596469085184,60152,2023-07-27,17.758729,0.016711,2,unclassified,2023
GaiaDR3_1410345596469085184,60153,2023-07-28,17.684439,0.028082,3,unclassified,2023
GaiaDR3_1410345596469085184,60154,2023-07-29,17.727902,0.02191,1,unclassified,2023
GaiaDR3_1410345596469085184,60155,2023-07-30,17.777754,0.015918,2,unclassified,2023
GaiaDR3_1410345596469085184,60156,2023-07-31,17.65552,0.01491,2,unclassified,2023
GaiaDR3_1410345596469085184,60158,2023-08-02,17.731426,0.021952,1,unclassified,2023
GaiaDR3_1410345596469085184,60159,2023-08-03,17.747119,0.015655,2,unclassified,2023
GaiaDR3_1410345596469085184,60160,2023-08-04,17.752322,0.030321,2,unclassified,2023
GaiaDR3_1410345596469085184,60161,2023-08-05,17.732771,0.012683,3,unclassified,2023
GaiaDR3_1410345596469085184,60162,2023-08-06,17.717471,0.048226,2,unclassified,2023
GaiaDR3_1410345596469085184,60163,2023-08-07,17.720385,0.034995,2,unclassified,2023
GaiaDR3_1410345596469085184,60164,2023-08-08,17.777351,0.022507,1,unclassified,2023
GaiaDR3_1410345596469085184,60165,2023-08-09,17.746214,0.033697,2,unclassified,2023
GaiaDR3_1410345596469085184,60170,2023-08-14,17.779104,0.018095,2,unclassified,2023
GaiaDR3_1410345596469085184,60171,2023-08-15,17.777111,0.019123,3,unclassified,2023
GaiaDR3_1410345596469085184,60172,2023-08-16,17.770014,0.022417,1,unclassified,2023
GaiaDR3_1410345596469085184,60173,2023-08-17,17.66098,0.012209,3,unclassified,2023
GaiaDR3_1410345596469085184,60174,2023-08-18,17.651252,0.014877,2,unclassified,2023
GaiaDR3_1410345596469085184,60179,2023-08-23,17.77282,0.015876,2,unclassified,2023
GaiaDR3_1410345596469085184,60181,2023-08-25,17.740197,0.01779,2,unclassified,2023
GaiaDR3_1410345596469085184,60182,2023-08-26,17.740383,0.049424,3,unclassified,2023
GaiaDR3_1410345596469085184,60183,2023-08-27,17.653986,0.050753,2,unclassified,2023
GaiaDR3_1410345596469085184,60184,2023-08-28,17.777542,0.012996,3,unclassified,2023
GaiaDR3_1410345596469085184,60185,2023-08-29,17.747503,0.015659,2,unclassified,2023
GaiaDR3_1410345596469085184,60186,2023-08-30,17.624016,0.020744,1,unclassified,2023
GaiaDR3_1410345596469085184,60188,2023-09-01,17.666069,0.021202,1,unclassified,2023
GaiaDR3_1410345596469085184,60191,2023-09-04,17.762812,0.022329,1,unclassified,2023
GaiaDR3_1410345596469085184,60193,2023-09-06,17.789522,0.022658,1,unclassified,2023
GaiaDR3_1410345596469085184,60194,2023-09-07,17.740304,0.015598,2,unclassified,2023
GaiaDR3_1410345596469085184,60195,2023-09-08,17.658306,0.093322,2,unclassified,2023
GaiaDR3_1410345596469085184,60198,2023-09-11,17.734402,0.016575,3,unclassified,2023
GaiaDR3_1410345596469085184,60200,2023-09-13,17.779375,0.022532,1,unclassified,2023
GaiaDR3_1410345596469085184,60201,2023-09-14,17.712893,0.038246,2,unclassified,2023
GaiaDR3_1410345596469085184,60202,2023-09-15,17.698104,0.025144,2,unclassified,2023
GaiaDR3_1410345596469085184,60203,2023-09-16,17.660996,0.098332,2,unclassified,2023
GaiaDR3_1410345596469085184,60204,2023-09-17,17.782368,0.022569,1,unclassified,2023
GaiaDR3_1410345596469085184,60205,2023-09-18,17.701338,0.021601,1,unclassified,2023
GaiaDR3_1410345596469085184,60206,2023-09-19,17.710554,0.038971,2,unclassified,2023
GaiaDR3_1410345596469085184,60207,2023-09-20,17.682194,0.07352,2,unclassified,2023
GaiaDR3_1410345596469085184,60209,2023-09-22,17.739433,0.024186,3,unclassified,2023
GaiaDR3_1410345596469085184,60211,2023-09-24,17.697108,0.015241,2,unclassified,2023
GaiaDR3_1410345596469085184,60212,2023-09-25,17.761009,0.02148,3,unclassified,2023
GaiaDR3_1410345596469085184,60213,2023-09-26,17.728297,0.015497,2,unclassified,2023
GaiaDR3_1410345596469085184,60214,2023-09-27,17.751581,0.015693,2,unclassified,2023
GaiaDR3_1410345596469085184,60220,2023-10-03,17.696728,0.012441,3,unclassified,2023
GaiaDR3_1410345596469085184,60221,2023-10-04,17.697387,0.055946,2,unclassified,2023
GaiaDR3_1410345596469085184,60222,2023-10-05,17.740727,0.017876,3,unclassified,2023
GaiaDR3_1410345596469085184,60223,2023-10-06,17.733926,0.016617,2,unclassified,2023
GaiaDR3_1410345596469085184,60224,2023-10-07,17.739513,0.012729,3,unclassified,2023
GaiaDR3_1410345596469085184,60227,2023-10-10,17.745472,0.022119,1,unclassified,2023
GaiaDR3_1410345596469085184,60230,2023-10-13,17.775673,0.022486,1,unclassified,2023
GaiaDR3_1410345596469085184,60232,2023-10-15,17.502689,0.019518,1,unclassified,2023
GaiaDR3_1410345596469085184,60234,2023-10-17,17.789505,0.022658,1,unclassified,2023
GaiaDR3_1410345596469085184,60250,2023-11-02,17.67349,0.021285,1,unclassified,2023
GaiaDR3_1410345596469085184,60253,2023-11-05,17.82497,0.023108,1,unclassified,2023
GaiaDR3_1410345596469085184,60315,2024-01-06,17.759998,0.022295,1,unclassified,2024
GaiaDR3_1410345596469085184,60351,2024-02-11,17.774323,0.02247,1,unclassified,2024
GaiaDR3_1410345596469085184,60353,2024-02-13,17.805632,0.022861,1,unclassified,2024
GaiaDR3_1410345596469085184,60363,2024-02-23,17.691948,0.021494,1,unclassified,2024
GaiaDR3_1410345596469085184,60369,2024-02-29,17.776882,0.022501,1,unclassified,2024
GaiaDR3_1410345596469085184,60396,2024-03-27,17.715033,0.02176,1,unclassified,2024
GaiaDR3_1410345596469085184,60404,2024-04-04,17.804512,0.022847,1,unclassified,2024
GaiaDR3_1410345596469085184,60418,2024-04-18,17.634857,0.02086,1,unclassified,2024
GaiaDR3_1410345596469085184,60421,2024-04-21,17.841204,0.023319,1,unclassified,2024
GaiaDR3_1410345596469085184,60423,2024-04-23,17.788845,0.049135,3,unclassified,2024
GaiaDR3_1410345596469085184,60424,2024-04-24,17.678328,0.033767,2,unclassified,2024
GaiaDR3_1410345596469085184,60429,2024-04-29,17.784592,0.022597,1,unclassified,2024
GaiaDR3_1410345596469085184,60431,2024-05-01,17.736481,0.022012,1,unclassified,2024
GaiaDR3_1410345596469085184,60434,2024-05-04,17.749649,0.022169,1,unclassified,2024
GaiaDR3_1410345596469085184,60437,2024-05-07,17.759708,0.022291,1,unclassified,2024
GaiaDR3_1410345596469085184,60440,2024-05-10,17.725405,0.021881,1,unclassified,2024
GaiaDR3_1410345596469085184,60443,2024-05-13,17.773571,0.02246,1,unclassified,2024
GaiaDR3_1410345596469085184,60445,2024-05-15,17.656033,0.021091,1,unclassified,2024
GaiaDR3_1410345596469085184,60447,2024-05-17,17.603203,0.020523,1,unclassified,2024
GaiaDR3_1410345596469085184,60449,2024-05-19,17.760738,0.022304,1,unclassified,2024
GaiaDR3_1410345596469085184,60451,2024-05-21,17.704729,0.02164,1,unclassified,2024
GaiaDR3_1410345596469085184,60455,2024-05-25,17.629059,0.020798,1,unclassified,2024
GaiaDR3_1410345596469085184,60456,2024-05-26,17.838862,0.023288,1,unclassified,2024
GaiaDR3_1410345596469085184,60457,2024-05-27,17.743175,0.012755,3,unclassified,2024
GaiaDR3_1410345596469085184,60458,2024-05-28,17.774189,0.022468,1,unclassified,2024
GaiaDR3_1410345596469085184,60459,2024-05-29,17.567726,0.056594,3,unclassified,2024
GaiaDR3_1410345596469085184,60460,2024-05-30,17.720943,0.038319,2,unclassified,2024
GaiaDR3_1410345596469085184,60461,2024-05-31,17.73744,0.015574,2,unclassified,2024
GaiaDR3_1410345596469085184,60462,2024-06-01,17.760836,0.03592,2,unclassified,2024
GaiaDR3_1410345596469085184,60463,2024-06-02,17.783119,0.013036,3,unclassified,2024
GaiaDR3_1410345596469085184,60464,2024-06-03,17.792488,0.022695,1,unclassified,2024
GaiaDR3_1410345596469085184,60468,2024-06-07,17.704456,0.019075,3,unclassified,2024
GaiaDR3_1410345596469085184,60469,2024-06-08,17.73431,0.038513,2,unclassified,2024
GaiaDR3_1410345596469085184,60470,2024-06-09,17.694117,0.026572,3,unclassified,2024
GaiaDR3_1410345596469085184,60471,2024-06-10,17.68775,0.015165,2,unclassified,2024
GaiaDR3_1410345596469085184,60472,2024-06-11,17.741917,0.027315,3,unclassified,2024
GaiaDR3_1410345596469085184,60473,2024-06-12,17.684181,0.060049,2,unclassified,2024
GaiaDR3_1410345596469085184,60474,2024-06-13,17.735539,0.025611,1,unclassified,2024
GaiaDR3_1410345596469085184,60475,2024-06-14,17.751125,0.026594,3,unclassified,2024
GaiaDR3_1410345596469085184,60476,2024-06-15,17.583901,0.065464,2,unclassified,2024
GaiaDR3_1410345596469085184,60477,2024-06-16,17.745304,0.075056,3,unclassified,2024
GaiaDR3_1410345596469085184,60479,2024-06-18,17.793108,0.022703,1,unclassified,2024
GaiaDR3_1410345596469085184,60480,2024-06-19,17.738068,0.024465,3,unclassified,2024
GaiaDR3_1410345596469085184,60481,2024-06-20,17.706518,0.016514,2,unclassified,2024
GaiaDR3_1410345596469085184,60482,2024-06-21,17.775444,0.066205,3,unclassified,2024
GaiaDR3_1410345596469085184,60483,2024-06-22,17.776485,0.038617,3,unclassified,2024
GaiaDR3_1410345596469085184,60484,2024-06-23,17.746599,0.01565,2,unclassified,2024
GaiaDR3_1410345596469085184,60485,2024-06-24,17.554386,0.072293,2,unclassified,2024
GaiaDR3_1410345596469085184,60486,2024-06-25,17.742292,0.022081,1,unclassified,2024
GaiaDR3_1410345596469085184,60487,2024-06-26,17.786007,0.022614,1,unclassified,2024
GaiaDR3_1410345596469085184,60488,2024-06-27,17.70573,0.051337,2,unclassified,2024
GaiaDR3_1410345596469085184,60489,2024-06-28,17.765092,0.014919,4,unclassified,2024
GaiaDR3_1410345596469085184,60490,2024-06-29,17.757389,0.023265,2,unclassified,2024
GaiaDR3_1410345596469085184,60491,2024-06-30,17.765379,0.033698,3,unclassified,2024
GaiaDR3_1410345596469085184,60494,2024-07-03,17.685024,0.015143,2,unclassified,2024
GaiaDR3_1410345596469085184,60498,2024-07-07,17.705799,0.015311,2,unclassified,2024
GaiaDR3_1410345596469085184,60499,2024-07-08,17.741637,0.01561,2,unclassified,2024
GaiaDR3_1410345596469085184,60500,2024-07-09,17.729357,0.03127,2,unclassified,2024
GaiaDR3_1410345596469085184,60501,2024-07-10,17.74472,0.029279,3,unclassified,2024
GaiaDR3_1410345596469085184,60502,2024-07-11,17.755867,0.015729,2,unclassified,2024
GaiaDR3_1410345596469085184,60503,2024-07-12,17.766789,0.030089,3,unclassified,2024
GaiaDR3_1410345596469085184,60504,2024-07-13,17.687801,0.015165,2,unclassified,2024
GaiaDR3_1410345596469085184,60505,2024-07-14,17.788952,0.087018,3,unclassified,2024
GaiaDR3_1410345596469085184,60507,2024-07-16,17.7571,0.051397,2,unclassified,2024
GaiaDR3_1410345596469085184,60509,2024-07-18,17.728634,0.048575,2,unclassified,2024
GaiaDR3_1410345596469085184,60510,2024-07-19,17.786629,0.022622,1,unclassified,2024
GaiaDR3_1410345596469085184,60511,2024-07-20,17.649942,0.089253,2,unclassified,2024
GaiaDR3_1410345596469085184,60512,2024-07-21,17.766014,0.015817,2,unclassified,2024
GaiaDR3_1410345596469085184,60514,2024-07-23,17.844095,0.023357,1,unclassified,2024
GaiaDR3_1410345596469085184,60516,2024-07-25,17.784157,0.022591,1,unclassified,2024
GaiaDR3_1410345596469085184,60519,2024-07-28,17.74658,0.022133,1,unclassified,2024
GaiaDR3_1410345596469085184,60521,2024-07-30,17.72341,0.021858,1,unclassified,2024
GaiaDR3_1410345596469085184,60524,2024-08-02,17.551403,0.019993,1,unclassified,2024
GaiaDR3_1410345596469085184,60526,2024-08-04,17.77,0.022417,1,unclassified,2024
GaiaDR3_1410345596469085184,60528,2024-08-06,17.734459,0.021988,1,unclassified,2024
GaiaDR3_1410345596469085184,60530,2024-08-08,17.739525,0.022048,1,unclassified,2024
GaiaDR3_1410345596469085184,60537,2024-08-15,17.660887,0.021145,1,unclassified,2024
GaiaDR3_1410345596469085184,60539,2024-08-17,17.641228,0.020929,1,unclassified,2024
GaiaDR3_1410345596469085184,60543,2024-08-21,17.739578,0.022049,1,unclassified,2024
GaiaDR3_1410345596469085184,60545,2024-08-23,17.668247,0.021227,1,unclassified,2024
GaiaDR3_1410345596469085184,60547,2024-08-25,17.587879,0.020364,1,unclassified,2024
GaiaDR3_1410345596469085184,60549,2024-08-27,17.726622,0.021895,1,unclassified,2024
GaiaDR3_1410345596469085184,60551,2024-08-29,17.71318,0.021738,1,unclassified,2024
GaiaDR3_1410345596469085184,60554,2024-09-01,17.694904,0.021527,1,unclassified,2024
GaiaDR3_1410345596469085184,60556,2024-09-03,17.742435,0.022083,1,unclassified,2024
GaiaDR3_1410345596469085184,60558,2024-09-05,17.73708,0.022019,1,unclassified,2024
GaiaDR3_1410345596469085184,60561,2024-09-08,17.679768,0.021356,1,unclassified,2024
GaiaDR3_1410345596469085184,60568,2024-09-15,17.644943,0.02097,1,unclassified,2024
GaiaDR3_1410345596469085184,60571,2024-09-18,17.710384,0.021706,1,unclassified,2024
GaiaDR3_1410345596469085184,60575,2024-09-22,17.745047,0.022114,1,unclassified,2024
GaiaDR3_1410345596469085184,60576,2024-09-23,17.706196,0.021657,1,unclassified,2024
GaiaDR3_1410345596469085184,60595,2024-10-12,17.671459,0.021262,1,unclassified,2024
GaiaDR3_1410345596469085184,60597,2024-10-14,17.722916,0.021852,1,unclassified,2024
GaiaDR3_1410345596469085184,60603,2024-10-20,17.726936,0.021899,1,unclassified,2024
GaiaDR3_1410345596469085184,60607,2024-10-24,17.697414,0.021556,1,unclassified,2024
GaiaDR3_1410345596469085184,60609,2024-10-26,17.73576,0.022003,1,unclassified,2024
GaiaDR3_1410345596469085184,60619,2024-11-05,17.797028,0.022752,1,unclassified,2024
GaiaDR3_1410345596469085184,60621,2024-11-07,17.567993,0.02016,1,unclassified,2024
GaiaDR3_1410345596469085184,60677,2025-01-02,17.679192,0.021349,1,unclassified,2025
GaiaDR3_1410345596469085184,60687,2025-01-12,17.723309,0.021856,1,unclassified,2025
GaiaDR3_1410345596469085184,60690,2025-01-15,17.714424,0.021753,1,unclassified,2025
GaiaDR3_1410345596469085184,60692,2025-01-17,17.776424,0.022496,1,unclassified,2025
GaiaDR3_1410345596469085184,60706,2025-01-31,17.652573,0.021053,1,unclassified,2025
GaiaDR3_1410345596469085184,60717,2025-02-11,17.778492,0.022521,1,unclassified,2025
GaiaDR3_1410345596469085184,60727,2025-02-21,17.713531,0.021742,1,unclassified,2025
GaiaDR3_1410345596469085184,60729,2025-02-23,17.754303,0.022226,1,unclassified,2025
GaiaDR3_1410345596469085184,60754,2025-03-20,17.735836,0.022004,1,unclassified,2025
GaiaDR3_1410345596469085184,60757,2025-03-23,17.787355,0.022631,1,unclassified,2025
GaiaDR3_1410345596469085184,60773,2025-04-08,17.749954,0.022173,1,unclassified,2025
GaiaDR3_1410345596469085184,60775,2025-04-10,17.7789,0.022526,1,unclassified,2025
GaiaDR3_1410345596469085184,60785,2025-04-20,17.71394,0.021747,1,unclassified,2025
GaiaDR3_1410345596469085184,60787,2025-04-22,17.761124,0.022308,1,unclassified,2025
GaiaDR3_1410345596469085184,60796,2025-05-01,17.731218,0.02195,1,unclassified,2025
GaiaDR3_1410345596469085184,60804,2025-05-09,17.788574,0.022646,1,unclassified,2025
GaiaDR3_1410345596469085184,60811,2025-05-16,17.818161,0.02302,1,unclassified,2025
GaiaDR3_1410345596469085184,60816,2025-05-21,17.763847,0.022341,1,unclassified,2025
GaiaDR3_1410345596469085184,60818,2025-05-23,17.699905,0.021585,1,unclassified,2025
GaiaDR3_1410345596469085184,60820,2025-05-25,17.805891,0.022864,1,unclassified,2025
GaiaDR3_1410345596469085184,60822,2025-05-27,17.780155,0.022542,1,unclassified,2025
GaiaDR3_1410345596469085184,60824,2025-05-29,17.785246,0.022605,1,unclassified,2025
GaiaDR3_1410345596469085184,60828,2025-06-02,17.741909,0.022077,1,unclassified,2025
GaiaDR3_1410345596469085184,60831,2025-06-05,17.758198,0.022273,1,unclassified,2025
GaiaDR3_1410345596469085184,60833,2025-06-07,17.779278,0.022531,1,unclassified,2025
GaiaDR3_1410345596469085184,60843,2025-06-17,17.761038,0.022307,1,unclassified,2025
GaiaDR3_1410345596469085184,60849,2025-06-23,17.80578,0.022863,1,unclassified,2025
GaiaDR3_1410345596469085184,60853,2025-06-27,17.741674,0.022074,1,unclassified,2025
GaiaDR3_1410345596469085184,60855,2025-06-29,17.705975,0.021655,1,unclassified,2025
GaiaDR3_1410345596469085184,60857,2025-07-01,17.733341,0.021975,1,unclassified,2025
GaiaDR3_1410345596469085184,60859,2025-07-03,17.792049,0.02269,1,unclassified,2025
GaiaDR3_1410345596469085184,60862,2025-07-06,17.713446,0.021741,1,unclassified,2025
GaiaDR3_1410345596469085184,60864,2025-07-08,17.663124,0.02117,1,unclassified,2025
GaiaDR3_1410345596469085184,60866,2025-07-10,17.684914,0.021414,1,unclassified,2025
GaiaDR3_1410345596469085184,60868,2025-07-12,17.733284,0.021974,1,unclassified,2025
GaiaDR3_1410345596469085184,60887,2025-07-31,17.674046,0.021291,1,unclassified,2025
GaiaDR3_1410345596469085184,60900,2025-08-13,17.768711,0.022401,1,unclassified,2025
GaiaDR3_1410345596469085184,60902,2025-08-15,17.74089,0.022065,1,unclassified,2025
GaiaDR3_1410345596469085184,60904,2025-08-17,17.700548,0.021592,1,unclassified,2025
GaiaDR3_1410345596469085184,60908,2025-08-21,17.716476,0.021777,1,unclassified,2025
GaiaDR3_1410345596469085184,60910,2025-08-23,17.780708,0.022549,1,unclassified,2025
GaiaDR3_1410345596469085184,60916,2025-08-29,17.708136,0.02168,1,unclassified,2025
GaiaDR3_1410345596469085184,60918,2025-08-31,17.661758,0.021154,1,unclassified,2025
GaiaDR3_1410345596469085184,60920,2025-09-02,17.719257,0.021809,1,unclassified,2025
GaiaDR3_1410345596469085184,60922,2025-09-04,17.722012,0.021841,1,unclassified,2025
GaiaDR3_1410345596469085184,60924,2025-09-06,17.70639,0.021659,1,unclassified,2025
GaiaDR3_1410345596469085184,60926,2025-09-08,17.801899,0.022814,1,unclassified,2025
GaiaDR3_1410345596469085184,60928,2025-09-10,17.704464,0.021637,1,unclassified,2025
GaiaDR3_1410345596469085184,60932,2025-09-14,17.74884,0.02216,1,unclassified,2025
GaiaDR3_1410345596469085184,60948,2025-09-30,17.787563,0.022634,1,unclassified,2025
GaiaDR3_1410345596469085184,60950,2025-10-02,17.760374,0.022299,1,unclassified,2025
GaiaDR3_1410345596469085184,60955,2025-10-07,17.569897,0.02018,1,unclassified,2025
GaiaDR3_1410345596469085184,60957,2025-10-09,17.781486,0.022558,1,unclassified,2025
GaiaDR3_1410345596469085184,60960,2025-10-12,17.79282,0.022699,1,unclassified,2025
GaiaDR3_1410345596469085184,60965,2025-10-17,17.711763,0.021722,1,unclassified,2025
GaiaDR3_1410345596469085184,60967,2025-10-19,17.759289,0.022286,1,unclassified,2025
GaiaDR3_1410345596469085184,60969,2025-10-21,17.778595,0.022522,1,unclassified,2025
GaiaDR3_1510467090935595008,58202,2018-03-25,16.548053,0.018284,4,V777 Her,2018
GaiaDR3_1510467090935595008,58203,2018-03-26,16.547089,0.007652,4,V777 Her,2018
GaiaDR3_1510467090935595008,58204,2018-03-27,16.510979,0.012457,6,V777 Her,2018
GaiaDR3_1510467090935595008,58205,2018-03-28,16.527272,0.011652,8,V777 Her,2018
GaiaDR3_1510467090935595008,58206,2018-03-29,16.543228,0.014661,7,V777 Her,2018
GaiaDR3_1510467090935595008,58207,2018-03-30,16.536421,0.008679,6,V777 Her,2018
GaiaDR3_1510467090935595008,58208,2018-03-31,16.552105,0.01994,5,V777 Her,2018
GaiaDR3_1510467090935595008,58210,2018-04-02,16.537516,0.007633,4,V777 Her,2018
GaiaDR3_1510467090935595008,58211,2018-04-03,16.541251,0.007641,4,V777 Her,2018
GaiaDR3_1510467090935595008,58223,2018-04-15,16.544256,0.015293,1,V777 Her,2018
GaiaDR3_1510467090935595008,58227,2018-04-19,16.53544,0.01804,4,V777 Her,2018
GaiaDR3_1510467090935595008,58230,2018-04-22,16.547855,0.017118,3,V777 Her,2018
GaiaDR3_1510467090935595008,58232,2018-04-24,16.531639,0.027819,3,V777 Her,2018
GaiaDR3_1510467090935595008,58234,2018-04-26,16.507347,0.013583,5,V777 Her,2018
GaiaDR3_1510467090935595008,58235,2018-04-27,16.493452,0.015652,2,V777 Her,2018
GaiaDR3_1510467090935595008,58236,2018-04-28,16.557779,0.013854,9,V777 Her,2018
GaiaDR3_1510467090935595008,58237,2018-04-29,16.511944,0.006725,9,V777 Her,2018
GaiaDR3_1510467090935595008,58238,2018-04-30,16.497824,0.021552,4,V777 Her,2018
GaiaDR3_1510467090935595008,58243,2018-05-05,16.542149,0.015285,1,V777 Her,2018
GaiaDR3_1510467090935595008,58244,2018-05-06,16.527988,0.008798,3,V777 Her,2018
GaiaDR3_1510467090935595008,58246,2018-05-08,16.556787,0.010735,4,V777 Her,2018
GaiaDR3_1510467090935595008,58247,2018-05-09,16.545551,0.010552,4,V777 Her,2018
GaiaDR3_1510467090935595008,58248,2018-05-10,16.480881,0.01243,5,V777 Her,2018
GaiaDR3_1510467090935595008,58249,2018-05-11,16.553341,0.013237,3,V777 Her,2018
GaiaDR3_1510467090935595008,58250,2018-05-12,16.470818,0.015011,1,V777 Her,2018
GaiaDR3_1510467090935595008,58276,2018-06-07,16.551262,0.015322,1,V777 Her,2018
GaiaDR3_1510467090935595008,58277,2018-06-08,16.526451,0.013169,3,V777 Her,2018
GaiaDR3_1510467090935595008,58278,2018-06-09,16.502586,0.036293,3,V777 Her,2018
GaiaDR3_1510467090935595008,58279,2018-06-10,16.538055,0.015268,1,V777 Her,2018
GaiaDR3_1510467090935595008,58294,2018-06-25,16.517485,0.040823,4,V777 Her,2018
GaiaDR3_1510467090935595008,58295,2018-06-26,16.509418,0.019054,3,V777 Her,2018
GaiaDR3_1510467090935595008,58303,2018-07-04,16.546455,0.015302,1,V777 Her,2018
GaiaDR3_1510467090935595008,58305,2018-07-06,16.541027,0.016164,3,V777 Her,2018
GaiaDR3_1510467090935595008,58306,2018-07-07,16.584305,0.01546,1,V777 Her,2018
GaiaDR3_1510467090935595008,58313,2018-07-14,16.581139,0.015446,1,V777 Her,2018
GaiaDR3_1510467090935595008,58314,2018-07-15,16.510811,0.015161,1,V777 Her,2018
GaiaDR3_1510467090935595008,58327,2018-07-28,16.601429,0.015534,1,V777 Her,2018
GaiaDR3_1510467090935595008,58330,2018-07-31,16.50701,0.03168,2,V777 Her,2018
GaiaDR3_1510467090935595008,58331,2018-08-01,16.499283,0.015117,1,V777 Her,2018
GaiaDR3_1510467090935595008,58334,2018-08-04,16.477303,0.015035,1,V777 Her,2018
GaiaDR3_1510467090935595008,58337,2018-08-07,16.465157,0.014991,1,V777 Her,2018
GaiaDR3_1510467090935595008,58345,2018-08-15,16.560984,0.015362,1,V777 Her,2018
GaiaDR3_1510467090935595008,58348,2018-08-18,16.478725,0.01504,1,V777 Her,2018
GaiaDR3_1510467090935595008,58363,2018-09-02,16.565172,0.015379,1,V777 Her,2018
GaiaDR3_1510467090935595008,58437,2018-11-15,16.572786,0.015411,1,V777 Her,2018
GaiaDR3_1510467090935595008,58441,2018-11-19,16.558147,0.01535,1,V777 Her,2018
GaiaDR3_1510467090935595008,58468,2018-12-16,16.582966,0.015454,1,V777 Her,2018
GaiaDR3_1510467090935595008,58471,2018-12-19,16.535557,0.015258,1,V777 Her,2018
GaiaDR3_1510467090935595008,58480,2018-12-28,16.552322,0.015326,1,V777 Her,2018
GaiaDR3_1510467090935595008,58482,2018-12-30,16.574968,0.016991,1,V777 Her,2018
GaiaDR3_1510467090935595008,58486,2019-01-03,16.570309,0.015401,1,V777 Her,2019
GaiaDR3_1510467090935595008,58491,2019-01-08,16.489327,0.01508,1,V777 Her,2019
GaiaDR3_1510467090935595008,58494,2019-01-11,16.527416,0.015226,1,V777 Her,2019
GaiaDR3_1510467090935595008,58502,2019-01-19,16.568159,0.015392,1,V777 Her,2019
GaiaDR3_1510467090935595008,58505,2019-01-22,16.51973,0.015196,1,V777 Her,2019
GaiaDR3_1510467090935595008,58506,2019-01-23,16.576374,0.016998,1,V777 Her,2019
GaiaDR3_1510467090935595008,58507,2019-01-24,16.56702,0.016955,1,V777 Her,2019
GaiaDR3_1510467090935595008,58511,2019-01-28,16.546457,0.015302,1,V777 Her,2019
GaiaDR3_1510467090935595008,58522,2019-02-08,16.503911,0.01549,2,V777 Her,2019
GaiaDR3_1510467090935595008,58526,2019-02-12,16.516298,0.015182,1,V777 Her,2019
GaiaDR3_1510467090935595008,58539,2019-02-25,16.510387,0.008752,3,V777 Her,2019
GaiaDR3_1510467090935595008,58540,2019-02-26,16.52553,0.007618,4,V777 Her,2019
GaiaDR3_1510467090935595008,58547,2019-03-05,16.533308,0.009622,3,V777 Her,2019
GaiaDR3_1510467090935595008,58556,2019-03-14,16.55082,0.007851,4,V777 Her,2019
GaiaDR3_1510467090935595008,58557,2019-03-15,16.490215,0.015083,1,V777 Her,2019
GaiaDR3_1510467090935595008,58558,2019-03-16,16.517982,0.027905,2,V777 Her,2019
GaiaDR3_1510467090935595008,58559,2019-03-17,16.522613,0.00878,3,V777 Her,2019
GaiaDR3_1510467090935595008,58560,2019-03-18,16.571598,0.008895,3,V777 Her,2019
GaiaDR3_1510467090935595008,58561,2019-03-19,16.535525,0.020875,4,V777 Her,2019
GaiaDR3_1510467090935595008,58567,2019-03-25,16.577658,0.019363,4,V777 Her,2019
GaiaDR3_1510467090935595008,58568,2019-03-26,16.573065,0.009965,3,V777 Her,2019
GaiaDR3_1510467090935595008,58572,2019-03-30,16.551152,0.007661,4,V777 Her,2019
GaiaDR3_1510467090935595008,58573,2019-03-31,16.564678,0.028416,3,V777 Her,2019
GaiaDR3_1510467090935595008,58574,2019-04-01,16.48387,0.030075,2,V777 Her,2019
GaiaDR3_1510467090935595008,58575,2019-04-02,16.523927,0.007606,4,V777 Her,2019
GaiaDR3_1510467090935595008,58580,2019-04-07,16.545872,0.031711,4,V777 Her,2019
GaiaDR3_1510467090935595008,58581,2019-04-08,16.517055,0.028101,2,V777 Her,2019
GaiaDR3_1510467090935595008,58582,2019-04-09,16.552938,0.010839,2,V777 Her,2019
GaiaDR3_1510467090935595008,58583,2019-04-10,16.551209,0.008846,3,V777 Her,2019
GaiaDR3_1510467090935595008,58584,2019-04-11,16.574554,0.008902,3,V777 Her,2019
GaiaDR3_1510467090935595008,58585,2019-04-12,16.511753,0.026478,3,V777 Her,2019
GaiaDR3_1510467090935595008,58586,2019-04-13,16.515291,0.030746,3,V777 Her,2019
GaiaDR3_1510467090935595008,58587,2019-04-14,16.519693,0.024755,2,V777 Her,2019
GaiaDR3_1510467090935595008,58589,2019-04-16,16.430786,0.01487,1,V777 Her,2019
GaiaDR3_1510467090935595008,58591,2019-04-18,16.557156,0.010042,3,V777 Her,2019
GaiaDR3_1510467090935595008,58592,2019-04-19,16.505594,0.024267,4,V777 Her,2019
GaiaDR3_1510467090935595008,58594,2019-04-21,16.559837,0.037891,3,V777 Her,2019
GaiaDR3_1510467090935595008,58596,2019-04-23,16.545977,0.008328,4,V777 Her,2019
GaiaDR3_1510467090935595008,58597,2019-04-24,16.571766,0.01054,3,V777 Her,2019
GaiaDR3_1510467090935595008,58598,2019-04-25,16.504024,0.0089,4,V777 Her,2019
GaiaDR3_1510467090935595008,58599,2019-04-26,16.562283,0.015367,1,V777 Her,2019
GaiaDR3_1510467090935595008,58600,2019-04-27,16.56229,0.010866,2,V777 Her,2019
GaiaDR3_1510467090935595008,58606,2019-05-03,16.545751,0.027143,4,V777 Her,2019
GaiaDR3_1510467090935595008,58607,2019-05-04,16.481953,0.015052,1,V777 Her,2019
GaiaDR3_1510467090935595008,58608,2019-05-05,16.519867,0.008774,3,V777 Her,2019
GaiaDR3_1510467090935595008,58612,2019-05-09,16.561929,0.012707,4,V777 Her,2019
GaiaDR3_1510467090935595008,58616,2019-05-13,16.515766,0.01885,3,V777 Her,2019
GaiaDR3_1510467090935595008,58617,2019-05-14,16.535953,0.01079,2,V777 Her,2019
GaiaDR3_1510467090935595008,58619,2019-05-16,16.554831,0.019559,3,V777 Her,2019
GaiaDR3_1510467090935595008,58622,2019-05-19,16.564245,0.035499,2,V777 Her,2019
GaiaDR3_1510467090935595008,58628,2019-05-25,16.584904,0.015091,3,V777 Her,2019
GaiaDR3_1510467090935595008,58636,2019-06-02,16.578011,0.013063,3,V777 Her,2019
GaiaDR3_1510467090935595008,58638,2019-06-04,16.550692,0.01564,4,V777 Her,2019
GaiaDR3_1510467090935595008,58643,2019-06-09,16.574642,0.012014,2,V777 Her,2019
GaiaDR3_1510467090935595008,58644,2019-06-10,16.546492,0.015302,1,V777 Her,2019
GaiaDR3_1510467090935595008,58649,2019-06-15,16.533474,0.020731,3,V777 Her,2019
GaiaDR3_1510467090935595008,58650,2019-06-16,16.538336,0.010798,2,V777 Her,2019
GaiaDR3_1510467090935595008,58651,2019-06-17,16.538139,0.015535,3,V777 Her,2019
GaiaDR3_1510467090935595008,58652,2019-06-18,16.50943,0.03528,3,V777 Her,2019
GaiaDR3_1510467090935595008,58653,2019-06-19,16.568879,0.011395,4,V777 Her,2019
GaiaDR3_1510467090935595008,58654,2019-06-20,16.506077,0.018043,3,V777 Her,2019
GaiaDR3_1510467090935595008,58655,2019-06-21,16.53105,0.017612,3,V777 Her,2019
GaiaDR3_1510467090935595008,58657,2019-06-23,16.532257,0.015245,1,V777 Her,2019
GaiaDR3_1510467090935595008,58663,2019-06-29,16.567799,0.01539,1,V777 Her,2019
GaiaDR3_1510467090935595008,58667,2019-07-03,16.505344,0.01514,1,V777 Her,2019
GaiaDR3_1510467090935595008,58673,2019-07-09,16.567549,0.015389,1,V777 Her,2019
GaiaDR3_1510467090935595008,58676,2019-07-12,16.591137,0.015489,1,V777 Her,2019
GaiaDR3_1510467090935595008,58679,2019-07-15,16.554649,0.015336,1,V777 Her,2019
GaiaDR3_1510467090935595008,58682,2019-07-18,16.529131,0.015233,1,V777 Her,2019
GaiaDR3_1510467090935595008,58685,2019-07-21,16.554916,0.015337,1,V777 Her,2019
GaiaDR3_1510467090935595008,58692,2019-07-28,16.538761,0.015271,1,V777 Her,2019
GaiaDR3_1510467090935595008,58714,2019-08-19,16.53363,0.015251,1,V777 Her,2019
GaiaDR3_1510467090935595008,58720,2019-08-25,16.582336,0.015452,1,V777 Her,2019
GaiaDR3_1510467090935595008,58726,2019-08-31,16.537727,0.015267,1,V777 Her,2019
GaiaDR3_1510467090935595008,58728,2019-09-02,16.547844,0.015308,1,V777 Her,2019
GaiaDR3_1510467090935595008,58734,2019-09-08,16.487654,0.015073,1,V777 Her,2019
GaiaDR3_1510467090935595008,58800,2019-11-13,16.476257,0.015031,1,V777 Her,2019
GaiaDR3_1510467090935595008,58804,2019-11-17,16.594532,0.015504,1,V777 Her,2019
GaiaDR3_1510467090935595008,58828,2019-12-11,16.560532,0.01536,1,V777 Her,2019
GaiaDR3_1510467090935595008,58831,2019-12-14,16.543503,0.01529,1,V777 Her,2019
GaiaDR3_1510467090935595008,58836,2019-12-19,16.549713,0.015315,1,V777 Her,2019
GaiaDR3_1510467090935595008,58846,2019-12-29,16.530804,0.015239,1,V777 Her,2019
GaiaDR3_1510467090935595008,58852,2020-01-04,16.489573,0.015081,1,V777 Her,2020
GaiaDR3_1510467090935595008,58855,2020-01-07,16.549233,0.034041,2,V777 Her,2020
GaiaDR3_1510467090935595008,58856,2020-01-08,16.537647,0.015267,1,V777 Her,2020
GaiaDR3_1510467090935595008,58859,2020-01-11,16.526734,0.01169,2,V777 Her,2020
GaiaDR3_1510467090935595008,58861,2020-01-13,16.50326,0.0107,2,V777 Her,2020
GaiaDR3_1510467090935595008,58862,2020-01-14,16.554367,0.008853,3,V777 Her,2020
GaiaDR3_1510467090935595008,58863,2020-01-15,16.521467,0.01075,2,V777 Her,2020
GaiaDR3_1510467090935595008,58864,2020-01-16,16.535933,0.025846,2,V777 Her,2020
GaiaDR3_1510467090935595008,58866,2020-01-18,16.559267,0.029256,3,V777 Her,2020
GaiaDR3_1510467090935595008,58867,2020-01-19,16.523587,0.010756,2,V777 Her,2020
GaiaDR3_1510467090935595008,58871,2020-01-23,16.525169,0.008786,3,V777 Her,2020
GaiaDR3_1510467090935595008,58872,2020-01-24,16.574837,0.01542,1,V777 Her,2020
GaiaDR3_1510467090935595008,58873,2020-01-25,16.5438,0.015291,1,V777 Her,2020
GaiaDR3_1510467090935595008,58875,2020-01-27,16.507015,0.027926,3,V777 Her,2020
GaiaDR3_1510467090935595008,58876,2020-01-28,16.548267,0.01531,1,V777 Her,2020
GaiaDR3_1510467090935595008,58877,2020-01-29,16.548933,0.010828,2,V777 Her,2020
GaiaDR3_1510467090935595008,58878,2020-01-30,16.543198,0.008827,3,V777 Her,2020
GaiaDR3_1510467090935595008,58879,2020-01-31,16.508619,0.018778,2,V777 Her,2020
GaiaDR3_1510467090935595008,58880,2020-02-01,16.557419,0.010852,2,V777 Her,2020
GaiaDR3_1510467090935595008,58881,2020-02-02,16.556801,0.008859,3,V777 Her,2020
GaiaDR3_1510467090935595008,58883,2020-02-04,16.531501,0.010778,2,V777 Her,2020
GaiaDR3_1510467090935595008,58884,2020-02-05,16.543512,0.022209,3,V777 Her,2020
GaiaDR3_1510467090935595008,58885,2020-02-06,16.524079,0.013133,2,V777 Her,2020
GaiaDR3_1510467090935595008,58886,2020-02-07,16.551542,0.010835,2,V777 Her,2020
GaiaDR3_1510467090935595008,58887,2020-02-08,16.527211,0.020079,2,V777 Her,2020
GaiaDR3_1510467090935595008,58888,2020-02-09,16.622629,0.015628,1,V777 Her,2020
GaiaDR3_1510467090935595008,58890,2020-02-11,16.571028,0.030282,4,V777 Her,2020
GaiaDR3_1510467090935595008,58891,2020-02-12,16.542261,0.010808,2,V777 Her,2020
GaiaDR3_1510467090935595008,58892,2020-02-13,16.54195,0.010808,2,V777 Her,2020
GaiaDR3_1510467090935595008,58893,2020-02-14,16.51556,0.038571,3,V777 Her,2020
GaiaDR3_1510467090935595008,58894,2020-02-15,16.561664,0.011246,2,V777 Her,2020
GaiaDR3_1510467090935595008,58895,2020-02-16,16.558792,0.010856,2,V777 Her,2020
GaiaDR3_1510467090935595008,58899,2020-02-20,16.527856,0.020973,4,V777 Her,2020
GaiaDR3_1510467090935595008,58900,2020-02-21,16.543215,0.015289,1,V777 Her,2020
GaiaDR3_1510467090935595008,58903,2020-02-24,16.482307,0.019407,3,V777 Her,2020
GaiaDR3_1510467090935595008,58904,2020-02-25,16.548306,0.02249,3,V777 Her,2020
GaiaDR3_1510467090935595008,58905,2020-02-26,16.486328,0.015068,1,V777 Her,2020
GaiaDR3_1510467090935595008,58906,2020-02-27,16.503052,0.021228,3,V777 Her,2020
GaiaDR3_1510467090935595008,58908,2020-02-29,16.526363,0.023448,3,V777 Her,2020
GaiaDR3_1510467090935595008,58909,2020-03-01,16.594944,0.015506,1,V777 Her,2020
GaiaDR3_1510467090935595008,58911,2020-03-03,16.515564,0.015792,3,V777 Her,2020
GaiaDR3_1510467090935595008,58912,2020-03-04,16.493607,0.014115,3,V777 Her,2020
GaiaDR3_1510467090935595008,58913,2020-03-05,16.549372,0.009879,3,V777 Her,2020
GaiaDR3_1510467090935595008,58914,2020-03-06,16.526348,0.012387,3,V777 Her,2020
GaiaDR3_1510467090935595008,58915,2020-03-07,16.498903,0.019681,3,V777 Her,2020
GaiaDR3_1510467090935595008,58936,2020-03-28,16.541298,0.008823,3,V777 Her,2020
GaiaDR3_1510467090935595008,58941,2020-04-02,16.523451,0.018029,3,V777 Her,2020
GaiaDR3_1510467090935595008,58943,2020-04-04,16.572319,0.015409,1,V777 Her,2020
GaiaDR3_1510467090935595008,58944,2020-04-05,16.551199,0.0228,3,V777 Her,2020
GaiaDR3_1510467090935595008,58954,2020-04-15,16.534447,0.008807,3,V777 Her,2020
GaiaDR3_1510467090935595008,58955,2020-04-16,16.557266,0.010852,2,V777 Her,2020
GaiaDR3_1510467090935595008,58962,2020-04-23,16.544176,0.015293,1,V777 Her,2020
GaiaDR3_1510467090935595008,58963,2020-04-24,16.538952,0.015272,1,V777 Her,2020
GaiaDR3_1510467090935595008,58965,2020-04-26,16.492456,0.015091,1,V777 Her,2020
GaiaDR3_1510467090935595008,58968,2020-04-29,16.490875,0.015085,1,V777 Her,2020
GaiaDR3_1510467090935595008,58969,2020-04-30,16.503912,0.015135,1,V777 Her,2020
GaiaDR3_1510467090935595008,58970,2020-05-01,16.538666,0.015271,1,V777 Her,2020
GaiaDR3_1510467090935595008,58971,2020-05-02,16.552008,0.015366,2,V777 Her,2020
GaiaDR3_1510467090935595008,58972,2020-05-03,16.546587,0.015303,1,V777 Her,2020
GaiaDR3_1510467090935595008,58973,2020-05-04,16.489826,0.015082,1,V777 Her,2020
GaiaDR3_1510467090935595008,58974,2020-05-05,16.557065,0.010851,2,V777 Her,2020
GaiaDR3_1510467090935595008,58975,2020-05-06,16.541903,0.02117,4,V777 Her,2020
GaiaDR3_1510467090935595008,58976,2020-05-07,16.549702,0.015315,1,V777 Her,2020
GaiaDR3_1510467090935595008,58978,2020-05-09,16.527119,0.015225,1,V777 Her,2020
GaiaDR3_1510467090935595008,58979,2020-05-10,16.536264,0.015261,1,V777 Her,2020
GaiaDR3_1510467090935595008,58981,2020-05-12,16.551815,0.015324,1,V777 Her,2020
GaiaDR3_1510467090935595008,58985,2020-05-16,16.499181,0.010689,2,V777 Her,2020
GaiaDR3_1510467090935595008,58986,2020-05-17,16.558842,0.015353,1,V777 Her,2020
GaiaDR3_1510467090935595008,58987,2020-05-18,16.555439,0.015339,1,V777 Her,2020
GaiaDR3_1510467090935595008,58991,2020-05-22,16.546368,0.01082,2,V777 Her,2020
GaiaDR3_1510467090935595008,58992,2020-05-23,16.561718,0.015365,1,V777 Her,2020
GaiaDR3_1510467090935595008,58993,2020-05-24,16.58432,0.01546,1,V777 Her,2020
GaiaDR3_1510467090935595008,58994,2020-05-25,16.50841,0.015219,2,V777 Her,2020
GaiaDR3_1510467090935595008,58995,2020-05-26,16.487675,0.038245,3,V777 Her,2020
GaiaDR3_1510467090935595008,58996,2020-05-27,16.55175,0.015324,1,V777 Her,2020
GaiaDR3_1510467090935595008,58997,2020-05-28,16.536275,0.010791,2,V777 Her,2020
GaiaDR3_1510467090935595008,58998,2020-05-29,16.571007,0.015404,1,V777 Her,2020
GaiaDR3_1510467090935595008,58999,2020-05-30,16.496363,0.015106,1,V777 Her,2020
GaiaDR3_1510467090935595008,59000,2020-05-31,16.549009,0.007656,4,V777 Her,2020
GaiaDR3_1510467090935595008,59001,2020-06-01,16.479099,0.015042,1,V777 Her,2020
GaiaDR3_1510467090935595008,59004,2020-06-04,16.508621,0.019481,2,V777 Her,2020
GaiaDR3_1510467090935595008,59005,2020-06-05,16.527159,0.015225,1,V777 Her,2020
GaiaDR3_1510467090935595008,59009,2020-06-09,16.536011,0.01526,1,V777 Her,2020
GaiaDR3_1510467090935595008,59012,2020-06-12,16.535469,0.015258,1,V777 Her,2020
GaiaDR3_1510467090935595008,59017,2020-06-17,16.473125,0.01502,1,V777 Her,2020
GaiaDR3_1510467090935595008,59023,2020-06-23,16.539951,0.015276,1,V777 Her,2020
GaiaDR3_1510467090935595008,59029,2020-06-29,16.516569,0.015184,1,V777 Her,2020
GaiaDR3_1510467090935595008,59032,2020-07-02,16.518894,0.015193,1,V777 Her,2020
GaiaDR3_1510467090935595008,59038,2020-07-08,16.507507,0.015149,1,V777 Her,2020
GaiaDR3_1510467090935595008,59041,2020-07-11,16.572374,0.015409,1,V777 Her,2020
GaiaDR3_1510467090935595008,59048,2020-07-18,16.55839,0.015351,1,V777 Her,2020
GaiaDR3_1510467090935595008,59051,2020-07-21,16.56226,0.015367,1,V777 Her,2020
GaiaDR3_1510467090935595008,59052,2020-07-22,16.53186,0.015244,1,V777 Her,2020
GaiaDR3_1510467090935595008,59053,2020-07-23,16.586502,0.015469,1,V777 Her,2020
GaiaDR3_1510467090935595008,59054,2020-07-24,16.520489,0.015199,1,V777 Her,2020
GaiaDR3_1510467090935595008,59055,2020-07-25,16.495319,0.015102,1,V777 Her,2020
GaiaDR3_1510467090935595008,59060,2020-07-30,16.542696,0.015287,1,V777 Her,2020
GaiaDR3_1510467090935595008,59062,2020-08-01,16.540981,0.01528,1,V777 Her,2020
GaiaDR3_1510467090935595008,59063,2020-08-02,16.57896,0.015437,1,V777 Her,2020
GaiaDR3_1510467090935595008,59065,2020-08-04,16.585812,0.015466,1,V777 Her,2020
GaiaDR3_1510467090935595008,59066,2020-08-05,16.563023,0.01537,1,V777 Her,2020
GaiaDR3_1510467090935595008,59067,2020-08-06,16.561173,0.015363,1,V777 Her,2020
GaiaDR3_1510467090935595008,59073,2020-08-12,16.503433,0.015133,1,V777 Her,2020
GaiaDR3_1510467090935595008,59074,2020-08-13,16.531517,0.015242,1,V777 Her,2020
GaiaDR3_1510467090935595008,59077,2020-08-16,16.529127,0.015233,1,V777 Her,2020
GaiaDR3_1510467090935595008,59176,2020-11-23,16.499662,0.015119,1,V777 Her,2020
GaiaDR3_1510467090935595008,59184,2020-12-01,16.470888,0.015012,1,V777 Her,2020
GaiaDR3_1510467090935595008,59187,2020-12-04,16.579578,0.01544,1,V777 Her,2020
GaiaDR3_1510467090935595008,59189,2020-12-06,16.528,0.015228,1,V777 Her,2020
GaiaDR3_1510467090935595008,59194,2020-12-11,16.525711,0.015219,1,V777 Her,2020
GaiaDR3_1510467090935595008,59195,2020-12-12,16.561655,0.015365,1,V777 Her,2020
GaiaDR3_1510467090935595008,59198,2020-12-15,16.542391,0.015286,1,V777 Her,2020
GaiaDR3_1510467090935595008,59199,2020-12-16,16.440174,0.014902,1,V777 Her,2020
GaiaDR3_1510467090935595008,59202,2020-12-19,16.483265,0.015057,1,V777 Her,2020
GaiaDR3_1510467090935595008,59203,2020-12-20,16.53828,0.015269,1,V777 Her,2020
GaiaDR3_1510467090935595008,59204,2020-12-21,16.539986,0.015276,1,V777 Her,2020
GaiaDR3_1510467090935595008,59215,2021-01-01,16.500999,0.015124,1,V777 Her,2021
GaiaDR3_1510467090935595008,59217,2021-01-03,16.551489,0.015323,1,V777 Her,2021
GaiaDR3_1510467090935595008,59219,2021-01-05,16.491669,0.015088,1,V777 Her,2021
GaiaDR3_1510467090935595008,59221,2021-01-07,16.56793,0.015391,1,V777 Her,2021
GaiaDR3_1510467090935595008,59223,2021-01-09,16.52846,0.01523,1,V777 Her,2021
GaiaDR3_1510467090935595008,59225,2021-01-11,16.490351,0.015083,1,V777 Her,2021
GaiaDR3_1510467090935595008,59227,2021-01-13,16.542145,0.015285,1,V777 Her,2021
GaiaDR3_1510467090935595008,59229,2021-01-15,16.47584,0.01503,1,V777 Her,2021
GaiaDR3_1510467090935595008,59231,2021-01-17,16.54483,0.015296,1,V777 Her,2021
GaiaDR3_1510467090935595008,59249,2021-02-04,16.547081,0.015305,1,V777 Her,2021
GaiaDR3_1510467090935595008,59251,2021-02-06,16.544647,0.015295,1,V777 Her,2021
GaiaDR3_1510467090935595008,59253,2021-02-08,16.545788,0.0153,1,V777 Her,2021
GaiaDR3_1510467090935595008,59255,2021-02-10,16.533623,0.015251,1,V777 Her,2021
GaiaDR3_1510467090935595008,59257,2021-02-12,16.554073,0.015333,1,V777 Her,2021
GaiaDR3_1510467090935595008,59262,2021-02-17,16.526571,0.015223,1,V777 Her,2021
GaiaDR3_1510467090935595008,59264,2021-02-19,16.555111,0.015338,1,V777 Her,2021
GaiaDR3_1510467090935595008,59266,2021-02-21,16.447512,0.014928,1,V777 Her,2021
GaiaDR3_1510467090935595008,59268,2021-02-23,16.550617,0.015319,1,V777 Her,2021
GaiaDR3_1510467090935595008,59270,2021-02-25,16.507456,0.015148,1,V777 Her,2021
GaiaDR3_1510467090935595008,59272,2021-02-27,16.575958,0.015424,1,V777 Her,2021
GaiaDR3_1510467090935595008,59273,2021-02-28,16.499855,0.011783,2,V777 Her,2021
GaiaDR3_1510467090935595008,59275,2021-03-02,16.542652,0.015287,1,V777 Her,2021
GaiaDR3_1510467090935595008,59276,2021-03-03,16.530757,0.022419,2,V777 Her,2021
GaiaDR3_1510467090935595008,59278,2021-03-05,16.554024,0.015333,1,V777 Her,2021
GaiaDR3_1510467090935595008,59280,2021-03-07,16.530508,0.010775,2,V777 Her,2021
GaiaDR3_1510467090935595008,59291,2021-03-18,16.526119,0.015221,1,V777 Her,2021
GaiaDR3_1510467090935595008,59300,2021-03-27,16.57412,0.015417,1,V777 Her,2021
GaiaDR3_1510467090935595008,59301,2021-03-28,16.542728,0.015287,1,V777 Her,2021
GaiaDR3_1510467090935595008,59302,2021-03-29,16.508102,0.011755,3,V777 Her,2021
GaiaDR3_1510467090935595008,59303,2021-03-30,16.563532,0.01087,2,V777 Her,2021
GaiaDR3_1510467090935595008,59304,2021-03-31,16.487368,0.010658,2,V777 Her,2021
GaiaDR3_1510467090935595008,59307,2021-04-03,16.50882,0.008749,3,V777 Her,2021
GaiaDR3_1510467090935595008,59308,2021-04-04,16.528347,0.016532,2,V777 Her,2021
GaiaDR3_1510467090935595008,59309,2021-04-05,16.523026,0.034551,2,V777 Her,2021
GaiaDR3_1510467090935595008,59310,2021-04-06,16.55698,0.015345,1,V777 Her,2021
GaiaDR3_1510467090935595008,59311,2021-04-07,16.540289,0.010803,2,V777 Her,2021
GaiaDR3_1510467090935595008,59312,2021-04-08,16.567829,0.010883,2,V777 Her,2021
GaiaDR3_1510467090935595008,59313,2021-04-09,16.555027,0.008855,3,V777 Her,2021
GaiaDR3_1510467090935595008,59314,2021-04-10,16.539907,0.026904,2,V777 Her,2021
GaiaDR3_1510467090935595008,59316,2021-04-12,16.479546,0.015043,1,V777 Her,2021
GaiaDR3_1510467090935595008,59317,2021-04-13,16.508377,0.010714,2,V777 Her,2021
GaiaDR3_1510467090935595008,59319,2021-04-15,16.542914,0.01081,2,V777 Her,2021
GaiaDR3_1510467090935595008,59320,2021-04-16,16.53685,0.015264,1,V777 Her,2021
GaiaDR3_1510467090935595008,59321,2021-04-17,16.523808,0.024848,2,V777 Her,2021
GaiaDR3_1510467090935595008,59322,2021-04-18,16.527679,0.022377,2,V777 Her,2021
GaiaDR3_1510467090935595008,59323,2021-04-19,16.541677,0.017551,3,V777 Her,2021
GaiaDR3_1510467090935595008,59324,2021-04-20,16.523336,0.01635,2,V777 Her,2021
GaiaDR3_1510467090935595008,59325,2021-04-21,16.524226,0.010856,2,V777 Her,2021
GaiaDR3_1510467090935595008,59328,2021-04-24,16.521751,0.010751,2,V777 Her,2021
GaiaDR3_1510467090935595008,59329,2021-04-25,16.490446,0.016126,2,V777 Her,2021
GaiaDR3_1510467090935595008,59331,2021-04-27,16.5345,0.015254,1,V777 Her,2021
GaiaDR3_1510467090935595008,59334,2021-04-30,16.517879,0.015189,1,V777 Her,2021
GaiaDR3_1510467090935595008,59335,2021-05-01,16.557789,0.015349,1,V777 Her,2021
GaiaDR3_1510467090935595008,59338,2021-05-04,16.585136,0.015464,1,V777 Her,2021
GaiaDR3_1510467090935595008,59339,2021-05-05,16.527264,0.015225,1,V777 Her,2021
GaiaDR3_1510467090935595008,59340,2021-05-06,16.532557,0.010781,2,V777 Her,2021
GaiaDR3_1510467090935595008,59341,2021-05-07,16.566639,0.015385,1,V777 Her,2021
GaiaDR3_1510467090935595008,59342,2021-05-08,16.527666,0.015227,1,V777 Her,2021
GaiaDR3_1510467090935595008,59343,2021-05-09,16.535046,0.015256,1,V777 Her,2021
GaiaDR3_1510467090935595008,59344,2021-05-10,16.556114,0.015342,1,V777 Her,2021
GaiaDR3_1510467090935595008,59345,2021-05-11,16.548344,0.008839,3,V777 Her,2021
GaiaDR3_1510467090935595008,59346,2021-05-12,16.53228,0.015245,1,V777 Her,2021
GaiaDR3_1510467090935595008,59348,2021-05-14,16.507206,0.015147,1,V777 Her,2021
GaiaDR3_1510467090935595008,59352,2021-05-18,16.558522,0.010855,2,V777 Her,2021
GaiaDR3_1510467090935595008,59353,2021-05-19,16.547859,0.015308,1,V777 Her,2021
GaiaDR3_1510467090935595008,59354,2021-05-20,16.523311,0.010755,2,V777 Her,2021
GaiaDR3_1510467090935595008,59355,2021-05-21,16.542541,0.015286,1,V777 Her,2021
GaiaDR3_1510467090935595008,59356,2021-05-22,16.573078,0.015412,1,V777 Her,2021
GaiaDR3_1510467090935595008,59358,2021-05-24,16.558677,0.01476,2,V777 Her,2021
GaiaDR3_1510467090935595008,59359,2021-05-25,16.496551,0.015107,1,V777 Her,2021
GaiaDR3_1510467090935595008,59361,2021-05-27,16.48917,0.010663,2,V777 Her,2021
GaiaDR3_1510467090935595008,59362,2021-05-28,16.52006,0.015197,1,V777 Her,2021
GaiaDR3_1510467090935595008,59367,2021-06-02,16.489311,0.01508,1,V777 Her,2021
GaiaDR3_1510467090935595008,59368,2021-06-03,16.492542,0.015092,1,V777 Her,2021
GaiaDR3_1510467090935595008,59370,2021-06-05,16.53772,0.015267,1,V777 Her,2021
GaiaDR3_1510467090935595008,59372,2021-06-07,16.549164,0.015313,1,V777 Her,2021
GaiaDR3_1510467090935595008,59374,2021-06-09,16.559944,0.015357,1,V777 Her,2021
GaiaDR3_1510467090935595008,59376,2021-06-11,16.533628,0.021216,2,V777 Her,2021
GaiaDR3_1510467090935595008,59377,2021-06-12,16.488462,0.010802,2,V777 Her,2021
GaiaDR3_1510467090935595008,59378,2021-06-13,16.526852,0.018715,2,V777 Her,2021
GaiaDR3_1510467090935595008,59379,2021-06-14,16.560823,0.010862,2,V777 Her,2021
GaiaDR3_1510467090935595008,59382,2021-06-17,16.511459,0.015164,1,V777 Her,2021
GaiaDR3_1510467090935595008,59385,2021-06-20,16.608847,0.015567,1,V777 Her,2021
GaiaDR3_1510467090935595008,59386,2021-06-21,16.570554,0.019207,2,V777 Her,2021
GaiaDR3_1510467090935595008,59387,2021-06-22,16.546566,0.015303,1,V777 Her,2021
GaiaDR3_1510467090935595008,59390,2021-06-25,16.543457,0.010812,2,V777 Her,2021
GaiaDR3_1510467090935595008,59391,2021-06-26,16.541283,0.015281,1,V777 Her,2021
GaiaDR3_1510467090935595008,59392,2021-06-27,16.563199,0.010869,2,V777 Her,2021
GaiaDR3_1510467090935595008,59393,2021-06-28,16.578518,0.015435,1,V777 Her,2021
GaiaDR3_1510467090935595008,59394,2021-06-29,16.559782,0.013677,2,V777 Her,2021
GaiaDR3_1510467090935595008,59396,2021-07-01,16.514801,0.010732,2,V777 Her,2021
GaiaDR3_1510467090935595008,59397,2021-07-02,16.576428,0.015426,1,V777 Her,2021
GaiaDR3_1510467090935595008,59399,2021-07-04,16.572667,0.010897,2,V777 Her,2021
GaiaDR3_1510467090935595008,59400,2021-07-05,16.538004,0.015268,1,V777 Her,2021
GaiaDR3_1510467090935595008,59401,2021-07-06,16.541312,0.010806,2,V777 Her,2021
GaiaDR3_1510467090935595008,59402,2021-07-07,16.574837,0.01542,1,V777 Her,2021
GaiaDR3_1510467090935595008,59405,2021-07-10,16.552563,0.015327,1,V777 Her,2021
GaiaDR3_1510467090935595008,59407,2021-07-12,16.5425,0.015286,1,V777 Her,2021
GaiaDR3_1510467090935595008,59409,2021-07-14,16.499584,0.015118,1,V777 Her,2021
GaiaDR3_1510467090935595008,59411,2021-07-16,16.530514,0.015238,1,V777 Her,2021
GaiaDR3_1510467090935595008,59414,2021-07-19,16.512798,0.015169,1,V777 Her,2021
GaiaDR3_1510467090935595008,59419,2021-07-24,16.591452,0.013016,2,V777 Her,2021
GaiaDR3_1510467090935595008,59424,2021-07-29,16.525761,0.01522,1,V777 Her,2021
GaiaDR3_1510467090935595008,59427,2021-08-01,16.572998,0.015412,1,V777 Her,2021
GaiaDR3_1510467090935595008,59428,2021-08-02,16.542248,0.015285,1,V777 Her,2021
GaiaDR3_1510467090935595008,59429,2021-08-03,16.539883,0.015276,1,V777 Her,2021
GaiaDR3_1510467090935595008,59449,2021-08-23,16.564961,0.015378,1,V777 Her,2021
GaiaDR3_1510467090935595008,59600,2022-01-21,16.533203,0.015249,1,V777 Her,2022
GaiaDR3_1510467090935595008,59623,2022-02-13,16.535294,0.015257,1,V777 Her,2022
GaiaDR3_1510467090935595008,59625,2022-02-15,16.493607,0.015096,1,V777 Her,2022
GaiaDR3_1510467090935595008,59628,2022-02-18,16.541813,0.015283,1,V777 Her,2022
GaiaDR3_1510467090935595008,59630,2022-02-20,16.534634,0.015255,1,V777 Her,2022
GaiaDR3_1510467090935595008,59637,2022-02-27,16.477991,0.015038,1,V777 Her,2022
GaiaDR3_1510467090935595008,59639,2022-03-01,16.574436,0.015418,1,V777 Her,2022
GaiaDR3_1510467090935595008,59671,2022-04-02,16.452099,0.013608,2,V777 Her,2022
GaiaDR3_1510467090935595008,59673,2022-04-04,16.553237,0.01084,2,V777 Her,2022
GaiaDR3_1510467090935595008,59674,2022-04-05,16.47057,0.010614,2,V777 Her,2022
GaiaDR3_1510467090935595008,59675,2022-04-06,16.509838,0.019629,3,V777 Her,2022
GaiaDR3_1510467090935595008,59676,2022-04-07,16.502267,0.020509,2,V777 Her,2022
GaiaDR3_1510467090935595008,59677,2022-04-08,16.536591,0.021483,3,V777 Her,2022
GaiaDR3_1510467090935595008,59678,2022-04-09,16.541449,0.010806,2,V777 Her,2022
GaiaDR3_1510467090935595008,59679,2022-04-10,16.54488,0.025524,3,V777 Her,2022
GaiaDR3_1510467090935595008,59682,2022-04-13,16.549225,0.016155,3,V777 Her,2022
GaiaDR3_1510467090935595008,59683,2022-04-14,16.523327,0.010755,2,V777 Her,2022
GaiaDR3_1510467090935595008,59684,2022-04-15,16.562698,0.008873,3,V777 Her,2022
GaiaDR3_1510467090935595008,59685,2022-04-16,16.502651,0.01513,1,V777 Her,2022
GaiaDR3_1510467090935595008,59686,2022-04-17,16.564308,0.015376,1,V777 Her,2022
GaiaDR3_1510467090935595008,59687,2022-04-18,16.530611,0.015239,1,V777 Her,2022
GaiaDR3_1510467090935595008,59688,2022-04-19,16.49847,0.015114,1,V777 Her,2022
GaiaDR3_1510467090935595008,59689,2022-04-20,16.525398,0.015218,1,V777 Her,2022
GaiaDR3_1510467090935595008,59690,2022-04-21,16.523895,0.031851,3,V777 Her,2022
GaiaDR3_1510467090935595008,59693,2022-04-24,16.471477,0.010616,2,V777 Her,2022
GaiaDR3_1510467090935595008,59694,2022-04-25,16.529213,0.010824,3,V777 Her,2022
GaiaDR3_1510467090935595008,59696,2022-04-27,16.533062,0.011896,3,V777 Her,2022
GaiaDR3_1510467090935595008,59697,2022-04-28,16.470291,0.01501,1,V777 Her,2022
GaiaDR3_1510467090935595008,59699,2022-04-30,16.565938,0.010877,2,V777 Her,2022
GaiaDR3_1510467090935595008,59700,2022-05-01,16.524971,0.015216,1,V777 Her,2022
GaiaDR3_1510467090935595008,59702,2022-05-03,16.526581,0.015223,1,V777 Her,2022
GaiaDR3_1510467090935595008,59710,2022-05-11,16.489315,0.01508,1,V777 Her,2022
GaiaDR3_1510467090935595008,59711,2022-05-12,16.525162,0.015217,1,V777 Her,2022
GaiaDR3_1510467090935595008,59715,2022-05-16,16.553598,0.015331,1,V777 Her,2022
GaiaDR3_1510467090935595008,59722,2022-05-23,16.553207,0.008851,3,V777 Her,2022
GaiaDR3_1510467090935595008,59724,2022-05-25,16.561996,0.015366,1,V777 Her,2022
GaiaDR3_1510467090935595008,59726,2022-05-27,16.476421,0.015032,1,V777 Her,2022
GaiaDR3_1510467090935595008,59730,2022-05-31,16.558292,0.015351,1,V777 Her,2022
GaiaDR3_1510467090935595008,59732,2022-06-02,16.525188,0.015217,1,V777 Her,2022
GaiaDR3_1510467090935595008,59734,2022-06-04,16.510956,0.015162,1,V777 Her,2022
GaiaDR3_1510467090935595008,59736,2022-06-06,16.570427,0.015401,1,V777 Her,2022
GaiaDR3_1510467090935595008,59738,2022-06-08,16.52516,0.015217,1,V777 Her,2022
GaiaDR3_1510467090935595008,59740,2022-06-10,16.4548,0.014954,1,V777 Her,2022
GaiaDR3_1510467090935595008,59742,2022-06-12,16.553051,0.015329,1,V777 Her,2022
GaiaDR3_1510467090935595008,59747,2022-06-17,16.534992,0.015256,1,V777 Her,2022
GaiaDR3_1510467090935595008,59749,2022-06-19,16.579216,0.015438,1,V777 Her,2022
GaiaDR3_1510467090935595008,59751,2022-06-21,16.468065,0.015001,1,V777 Her,2022
GaiaDR3_1510467090935595008,59753,2022-06-23,16.559036,0.015354,1,V777 Her,2022
GaiaDR3_1510467090935595008,59756,2022-06-26,16.546063,0.015301,1,V777 Her,2022
GaiaDR3_1510467090935595008,59760,2022-06-30,16.561554,0.015364,1,V777 Her,2022
GaiaDR3_1510467090935595008,59762,2022-07-02,16.527908,0.015228,1,V777 Her,2022
GaiaDR3_1510467090935595008,59764,2022-07-04,16.551064,0.015321,1,V777 Her,2022
GaiaDR3_1510467090935595008,59766,2022-07-06,16.574097,0.015417,1,V777 Her,2022
GaiaDR3_1510467090935595008,59768,2022-07-08,16.539059,0.015272,1,V777 Her,2022
GaiaDR3_1510467090935595008,59769,2022-07-09,16.550404,0.015318,1,V777 Her,2022
GaiaDR3_1510467090935595008,59771,2022-07-11,16.577175,0.008908,3,V777 Her,2022
GaiaDR3_1510467090935595008,59909,2022-11-26,16.564266,0.015375,1,V777 Her,2022
GaiaDR3_1510467090935595008,59914,2022-12-01,16.472362,0.015017,1,V777 Her,2022
GaiaDR3_1510467090935595008,59930,2022-12-17,16.529896,0.015236,1,V777 Her,2022
GaiaDR3_1510467090935595008,59935,2022-12-22,16.518785,0.015192,1,V777 Her,2022
GaiaDR3_1510467090935595008,59937,2022-12-24,16.479298,0.015042,1,V777 Her,2022
GaiaDR3_1510467090935595008,59967,2023-01-23,16.571037,0.015404,1,V777 Her,2023
GaiaDR3_1510467090935595008,60031,2023-03-28,16.530338,0.015238,1,V777 Her,2023
GaiaDR3_1510467090935595008,60032,2023-03-29,16.52531,0.022229,2,V777 Her,2023
GaiaDR3_1510467090935595008,60036,2023-04-02,16.52551,0.015973,2,V777 Her,2023
GaiaDR3_1510467090935595008,60043,2023-04-09,16.512955,0.019501,2,V777 Her,2023
GaiaDR3_1510467090935595008,60044,2023-04-10,16.503038,0.020954,3,V777 Her,2023
GaiaDR3_1510467090935595008,60045,2023-04-11,16.514509,0.028823,2,V777 Her,2023
GaiaDR3_1510467090935595008,60046,2023-04-12,16.55518,0.012367,3,V777 Her,2023
GaiaDR3_1510467090935595008,60049,2023-04-15,16.50565,0.013131,2,V777 Her,2023
GaiaDR3_1510467090935595008,60050,2023-04-16,16.537392,0.029818,3,V777 Her,2023
GaiaDR3_1510467090935595008,60051,2023-04-17,16.543461,0.010812,2,V777 Her,2023
GaiaDR3_1510467090935595008,60052,2023-04-18,16.557903,0.016802,3,V777 Her,2023
GaiaDR3_1510467090935595008,60053,2023-04-19,16.462738,0.014982,1,V777 Her,2023
GaiaDR3_1510467090935595008,60054,2023-04-20,16.500799,0.025848,2,V777 Her,2023
GaiaDR3_1510467090935595008,60055,2023-04-21,16.535988,0.02511,2,V777 Her,2023
GaiaDR3_1510467090935595008,60056,2023-04-22,16.526094,0.025529,3,V777 Her,2023
GaiaDR3_1510467090935595008,60057,2023-04-23,16.537858,0.043477,2,V777 Her,2023
GaiaDR3_1510467090935595008,60058,2023-04-24,16.552465,0.020604,3,V777 Her,2023
GaiaDR3_1510467090935595008,60060,2023-04-26,16.544228,0.015293,1,V777 Her,2023
GaiaDR3_1510467090935595008,60062,2023-04-28,16.524507,0.016844,2,V777 Her,2023
GaiaDR3_1510467090935595008,60064,2023-04-30,16.565044,0.025822,2,V777 Her,2023
GaiaDR3_1510467090935595008,60065,2023-05-01,16.559572,0.014216,3,V777 Her,2023
GaiaDR3_1510467090935595008,60073,2023-05-09,16.504377,0.016682,1,V777 Her,2023
GaiaDR3_1510467090935595008,60078,2023-05-14,16.508978,0.015154,1,V777 Her,2023
GaiaDR3_1510467090935595008,60080,2023-05-16,16.549843,0.015316,1,V777 Her,2023
GaiaDR3_1510467090935595008,60081,2023-05-17,16.573349,0.016984,1,V777 Her,2023
GaiaDR3_1510467090935595008,60082,2023-05-18,16.557054,0.015346,1,V777 Her,2023
GaiaDR3_1510467090935595008,60084,2023-05-20,16.508316,0.015152,1,V777 Her,2023
GaiaDR3_1510467090935595008,60086,2023-05-22,16.556633,0.015344,1,V777 Her,2023
GaiaDR3_1510467090935595008,60088,2023-05-24,16.523857,0.015212,1,V777 Her,2023
GaiaDR3_1510467090935595008,60090,2023-05-26,16.568144,0.015392,1,V777 Her,2023
GaiaDR3_1510467090935595008,60092,2023-05-28,16.469894,0.015008,1,V777 Her,2023
GaiaDR3_1510467090935595008,60098,2023-06-03,16.546242,0.015301,1,V777 Her,2023
GaiaDR3_1510467090935595008,60109,2023-06-14,16.503037,0.015131,1,V777 Her,2023
GaiaDR3_1510467090935595008,60111,2023-06-16,16.504446,0.015137,1,V777 Her,2023
GaiaDR3_1510467090935595008,60113,2023-06-18,16.505054,0.015139,1,V777 Her,2023
GaiaDR3_1510467090935595008,60116,2023-06-21,16.536282,0.015261,1,V777 Her,2023
GaiaDR3_1510467090935595008,60118,2023-06-23,16.555101,0.015338,1,V777 Her,2023
GaiaDR3_1510467090935595008,60120,2023-06-25,16.534103,0.015253,1,V777 Her,2023
GaiaDR3_1510467090935595008,60122,2023-06-27,16.552694,0.015328,1,V777 Her,2023
GaiaDR3_1510467090935595008,60124,2023-06-29,16.518616,0.015191,1,V777 Her,2023
GaiaDR3_1510467090935595008,60126,2023-07-01,16.592159,0.015494,1,V777 Her,2023
GaiaDR3_1510467090935595008,60128,2023-07-03,16.581511,0.015448,1,V777 Her,2023
GaiaDR3_1510467090935595008,60135,2023-07-10,16.539314,0.015273,1,V777 Her,2023
GaiaDR3_1510467090935595008,60137,2023-07-12,16.542004,0.015284,1,V777 Her,2023
GaiaDR3_1510467090935595008,60139,2023-07-14,16.539848,0.015276,1,V777 Her,2023
GaiaDR3_1510467090935595008,60162,2023-08-06,16.56348,0.015372,1,V777 Her,2023
GaiaDR3_1510467090935595008,60164,2023-08-08,16.517777,0.015188,1,V777 Her,2023
GaiaDR3_1510467090935595008,60166,2023-08-10,16.510191,0.015159,1,V777 Her,2023
GaiaDR3_1510467090935595008,60171,2023-08-15,16.595619,0.015509,1,V777 Her,2023
GaiaDR3_1510467090935595008,60287,2023-12-09,16.559794,0.015357,1,V777 Her,2023
GaiaDR3_1510467090935595008,60291,2023-12-13,16.427921,0.01486,1,V777 Her,2023
GaiaDR3_1510467090935595008,60311,2024-01-02,16.52792,0.015228,1,V777 Her,2024
GaiaDR3_1510467090935595008,60324,2024-01-15,16.480438,0.015047,1,V777 Her,2024
GaiaDR3_1510467090935595008,60327,2024-01-18,16.476608,0.015033,1,V777 Her,2024
GaiaDR3_1510467090935595008,60351,2024-02-11,16.534239,0.015253,1,V777 Her,2024
GaiaDR3_1510467090935595008,60353,2024-02-13,16.532047,0.015244,1,V777 Her,2024
GaiaDR3_1510467090935595008,60355,2024-02-15,16.527758,0.015227,1,V777 Her,2024
GaiaDR3_1510467090935595008,60363,2024-02-23,16.475828,0.01503,1,V777 Her,2024
GaiaDR3_1510467090935595008,60390,2024-03-21,16.53326,0.015249,1,V777 Her,2024
GaiaDR3_1510467090935595008,60391,2024-03-22,16.5576,0.021883,2,V777 Her,2024
GaiaDR3_1510467090935595008,60397,2024-03-28,16.534122,0.023564,2,V777 Her,2024
GaiaDR3_1510467090935595008,60398,2024-03-29,16.508507,0.010714,2,V777 Her,2024
GaiaDR3_1510467090935595008,60403,2024-04-03,16.527941,0.015228,1,V777 Her,2024
GaiaDR3_1510467090935595008,60404,2024-04-04,16.475487,0.025586,3,V777 Her,2024
GaiaDR3_1510467090935595008,60407,2024-04-07,16.564333,0.015804,2,V777 Her,2024
GaiaDR3_1510467090935595008,60412,2024-04-12,16.535683,0.01079,2,V777 Her,2024
GaiaDR3_1510467090935595008,60413,2024-04-13,16.560188,0.008867,3,V777 Her,2024
GaiaDR3_1510467090935595008,60416,2024-04-16,16.490932,0.015086,1,V777 Her,2024
GaiaDR3_1510467090935595008,60417,2024-04-17,16.52087,0.009341,3,V777 Her,2024
GaiaDR3_1510467090935595008,60419,2024-04-19,16.552246,0.029403,3,V777 Her,2024
GaiaDR3_1510467090935595008,60420,2024-04-20,16.534633,0.028836,2,V777 Her,2024
GaiaDR3_1510467090935595008,60421,2024-04-21,16.514854,0.024417,2,V777 Her,2024
GaiaDR3_1510467090935595008,60422,2024-04-22,16.527499,0.010767,2,V777 Her,2024
GaiaDR3_1510467090935595008,60423,2024-04-23,16.543688,0.011362,2,V777 Her,2024
GaiaDR3_1510467090935595008,60424,2024-04-24,16.556917,0.01691,1,V777 Her,2024
GaiaDR3_1510467090935595008,60429,2024-04-29,16.546124,0.015301,1,V777 Her,2024
GaiaDR3_1510467090935595008,60431,2024-05-01,16.568407,0.015393,1,V777 Her,2024
GaiaDR3_1510467090935595008,60433,2024-05-03,16.558357,0.015351,1,V777 Her,2024
GaiaDR3_1510467090935595008,60437,2024-05-07,16.574358,0.015418,1,V777 Her,2024
GaiaDR3_1510467090935595008,60438,2024-05-08,16.48974,0.015081,1,V777 Her,2024
GaiaDR3_1510467090935595008,60439,2024-05-09,16.540457,0.015278,1,V777 Her,2024
GaiaDR3_1510467090935595008,60441,2024-05-11,16.503079,0.015132,1,V777 Her,2024
GaiaDR3_1510467090935595008,60443,2024-05-13,16.577782,0.015432,1,V777 Her,2024
GaiaDR3_1510467090935595008,60445,2024-05-15,16.535843,0.01526,1,V777 Her,2024
GaiaDR3_1510467090935595008,60447,2024-05-17,16.54121,0.015281,1,V777 Her,2024
GaiaDR3_1510467090935595008,60449,2024-05-19,16.522238,0.015206,1,V777 Her,2024
GaiaDR3_1510467090935595008,60451,2024-05-21,16.502769,0.01513,1,V777 Her,2024
GaiaDR3_1510467090935595008,60455,2024-05-25,16.480492,0.015047,1,V777 Her,2024
GaiaDR3_1510467090935595008,60459,2024-05-29,16.543753,0.015291,1,V777 Her,2024
GaiaDR3_1510467090935595008,60461,2024-05-31,16.540062,0.015276,1,V777 Her,2024
GaiaDR3_1510467090935595008,60463,2024-06-02,16.542448,0.015286,1,V777 Her,2024
GaiaDR3_1510467090935595008,60469,2024-06-08,16.472919,0.015019,1,V777 Her,2024
GaiaDR3_1510467090935595008,60473,2024-06-12,16.508282,0.015152,1,V777 Her,2024
GaiaDR3_1510467090935595008,60475,2024-06-14,16.550201,0.015317,1,V777 Her,2024
GaiaDR3_1510467090935595008,60477,2024-06-16,16.545307,0.015298,1,V777 Her,2024
GaiaDR3_1510467090935595008,60480,2024-06-19,16.507374,0.015148,1,V777 Her,2024
GaiaDR3_1510467090935595008,60482,2024-06-21,16.487114,0.015071,1,V777 Her,2024
GaiaDR3_1510467090935595008,60484,2024-06-23,16.502205,0.015128,1,V777 Her,2024
GaiaDR3_1510467090935595008,60486,2024-06-25,16.540976,0.01528,1,V777 Her,2024
GaiaDR3_1510467090935595008,60490,2024-06-29,16.520006,0.015197,1,V777 Her,2024
GaiaDR3_1510467090935595008,60494,2024-07-03,16.527348,0.015226,1,V777 Her,2024
GaiaDR3_1510467090935595008,60527,2024-08-05,16.503025,0.015131,1,V777 Her,2024
GaiaDR3_1510467090935595008,60634,2024-11-20,16.580889,0.015445,1,V777 Her,2024
GaiaDR3_1510467090935595008,60635,2024-11-21,16.493301,0.015095,1,V777 Her,2024
GaiaDR3_1510467090935595008,60637,2024-11-23,16.559868,0.015357,1,V777 Her,2024
GaiaDR3_1510467090935595008,60640,2024-11-26,16.538458,0.01527,1,V777 Her,2024
GaiaDR3_1510467090935595008,60646,2024-12-02,16.560139,0.015358,1,V777 Her,2024
GaiaDR3_1510467090935595008,60650,2024-12-06,16.506874,0.015146,1,V777 Her,2024
GaiaDR3_1510467090935595008,60652,2024-12-08,16.486788,0.01507,1,V777 Her,2024
GaiaDR3_1510467090935595008,60664,2024-12-20,16.486593,0.015069,1,V777 Her,2024
GaiaDR3_1510467090935595008,60673,2024-12-29,16.530167,0.015237,1,V777 Her,2024
GaiaDR3_1510467090935595008,60680,2025-01-05,16.539139,0.015273,1,V777 Her,2025
GaiaDR3_1510467090935595008,60682,2025-01-07,16.51387,0.015173,1,V777 Her,2025
GaiaDR3_1510467090935595008,60684,2025-01-09,16.547047,0.015305,1,V777 Her,2025
GaiaDR3_1510467090935595008,60690,2025-01-15,16.454723,0.014954,1,V777 Her,2025
GaiaDR3_1510467090935595008,60692,2025-01-17,16.565254,0.01538,1,V777 Her,2025
GaiaDR3_1510467090935595008,60694,2025-01-19,16.507782,0.01515,1,V777 Her,2025
GaiaDR3_1510467090935595008,60696,2025-01-21,16.482433,0.015054,1,V777 Her,2025
GaiaDR3_1510467090935595008,60705,2025-01-30,16.500774,0.015123,1,V777 Her,2025
GaiaDR3_1510467090935595008,60725,2025-02-19,16.558769,0.015353,1,V777 Her,2025
GaiaDR3_1510467090935595008,60730,2025-02-24,16.576901,0.015428,1,V777 Her,2025
GaiaDR3_1510467090935595008,60734,2025-02-28,16.576609,0.015427,1,V777 Her,2025
GaiaDR3_1510467090935595008,60739,2025-03-05,16.526295,0.015222,1,V777 Her,2025
GaiaDR3_1510467090935595008,60744,2025-03-10,16.502085,0.015128,1,V777 Her,2025
GaiaDR3_1510467090935595008,60754,2025-03-20,16.530994,0.01524,1,V777 Her,2025
GaiaDR3_1510467090935595008,60758,2025-03-24,16.547779,0.015308,1,V777 Her,2025
GaiaDR3_1510467090935595008,60770,2025-04-05,16.503149,0.015132,1,V777 Her,2025
GaiaDR3_1510467090935595008,60776,2025-04-11,16.513268,0.015171,1,V777 Her,2025
GaiaDR3_1510467090935595008,60794,2025-04-29,16.485977,0.015067,1,V777 Her,2025
GaiaDR3_1510467090935595008,60804,2025-05-09,16.521107,0.015201,1,V777 Her,2025
GaiaDR3_1510467090935595008,60810,2025-05-15,16.497299,0.01511,1,V777 Her,2025
GaiaDR3_1510467090935595008,60816,2025-05-21,16.537151,0.015265,1,V777 Her,2025
GaiaDR3_1510467090935595008,60820,2025-05-25,16.534883,0.015256,1,V777 Her,2025
GaiaDR3_1510467090935595008,60822,2025-05-27,16.528627,0.015231,1,V777 Her,2025
GaiaDR3_1510467090935595008,60829,2025-06-03,16.537838,0.015267,1,V777 Her,2025
GaiaDR3_1510467090935595008,60831,2025-06-05,16.532722,0.015247,1,V777 Her,2025
GaiaDR3_1510467090935595008,60833,2025-06-07,16.52549,0.015218,1,V777 Her,2025
GaiaDR3_1510467090935595008,60835,2025-06-09,16.590286,0.015486,1,V777 Her,2025
GaiaDR3_1510467090935595008,60837,2025-06-11,16.545357,0.015298,1,V777 Her,2025
GaiaDR3_1510467090935595008,60839,2025-06-13,16.546604,0.015303,1,V777 Her,2025
GaiaDR3_1510467090935595008,60842,2025-06-16,16.548138,0.015309,1,V777 Her,2025
GaiaDR3_1510467090935595008,60844,2025-06-18,16.531656,0.015243,1,V777 Her,2025
GaiaDR3_1510467090935595008,60846,2025-06-20,16.558388,0.015351,1,V777 Her,2025
GaiaDR3_1510467090935595008,60848,2025-06-22,16.525131,0.015217,1,V777 Her,2025
GaiaDR3_1510467090935595008,60854,2025-06-28,16.476357,0.015032,1,V777 Her,2025
GaiaDR3_1510467090935595008,60857,2025-07-01,16.584526,0.015461,1,V777 Her,2025
GaiaDR3_1510467090935595008,60859,2025-07-03,16.512341,0.015167,1,V777 Her,2025
GaiaDR3_1893101535448502400,58234,2018-04-26,16.379505,0.012054,1,GW Vir,2018
GaiaDR3_1893101535448502400,58254,2018-05-16,16.386322,0.012074,1,GW Vir,2018
GaiaDR3_1893101535448502400,58261,2018-05-23,16.390604,0.012088,1,GW Vir,2018
GaiaDR3_1893101535448502400,58266,2018-05-28,16.376242,0.012044,1,GW Vir,2018
GaiaDR3_1893101535448502400,58269,2018-05-31,16.388302,0.012081,1,GW Vir,2018
GaiaDR3_1893101535448502400,58272,2018-06-03,16.37784,0.012049,1,GW Vir,2018
GaiaDR3_1893101535448502400,58273,2018-06-04,16.400711,0.012119,1,GW Vir,2018
GaiaDR3_1893101535448502400,58274,2018-06-05,16.389612,0.012085,1,GW Vir,2018
GaiaDR3_1893101535448502400,58276,2018-06-07,16.375231,0.012041,1,GW Vir,2018
GaiaDR3_1893101535448502400,58277,2018-06-08,16.385727,0.012073,1,GW Vir,2018
GaiaDR3_1893101535448502400,58278,2018-06-09,16.395688,0.008558,2,GW Vir,2018
GaiaDR3_1893101535448502400,58279,2018-06-10,16.360363,0.011996,1,GW Vir,2018
GaiaDR3_1893101535448502400,58280,2018-06-11,16.342215,0.011942,1,GW Vir,2018
GaiaDR3_1893101535448502400,58281,2018-06-12,16.386038,0.008537,2,GW Vir,2018
GaiaDR3_1893101535448502400,58282,2018-06-13,16.396538,0.012106,1,GW Vir,2018
GaiaDR3_1893101535448502400,58283,2018-06-14,16.378159,0.01205,1,GW Vir,2018
GaiaDR3_1893101535448502400,58287,2018-06-18,16.38442,0.012069,1,GW Vir,2018
GaiaDR3_1893101535448502400,58290,2018-06-21,16.390465,0.012087,1,GW Vir,2018
GaiaDR3_1893101535448502400,58293,2018-06-24,16.353052,0.011974,1,GW Vir,2018
GaiaDR3_1893101535448502400,58296,2018-06-27,16.376917,0.012046,1,GW Vir,2018
GaiaDR3_1893101535448502400,58299,2018-06-30,16.438984,0.01224,1,GW Vir,2018
GaiaDR3_1893101535448502400,58302,2018-07-03,16.391018,0.012089,1,GW Vir,2018
GaiaDR3_1893101535448502400,58305,2018-07-06,16.37867,0.012051,1,GW Vir,2018
GaiaDR3_1893101535448502400,58311,2018-07-12,16.343708,0.011947,1,GW Vir,2018
GaiaDR3_1893101535448502400,58320,2018-07-21,16.39225,0.012093,1,GW Vir,2018
GaiaDR3_1893101535448502400,58326,2018-07-27,16.436008,0.01223,1,GW Vir,2018
GaiaDR3_1893101535448502400,58329,2018-07-30,16.379715,0.012054,1,GW Vir,2018
GaiaDR3_1893101535448502400,58332,2018-08-02,16.376814,0.012045,1,GW Vir,2018
GaiaDR3_1893101535448502400,58338,2018-08-08,16.400448,0.012118,1,GW Vir,2018
GaiaDR3_1893101535448502400,58342,2018-08-12,16.369627,0.012024,1,GW Vir,2018
GaiaDR3_1893101535448502400,58348,2018-08-18,16.415344,0.012165,1,GW Vir,2018
GaiaDR3_1893101535448502400,58351,2018-08-21,16.366102,0.012013,1,GW Vir,2018
GaiaDR3_1893101535448502400,58360,2018-08-30,16.387819,0.012079,1,GW Vir,2018
GaiaDR3_1893101535448502400,58363,2018-09-02,16.414909,0.012163,1,GW Vir,2018
GaiaDR3_1893101535448502400,58366,2018-09-05,16.389938,0.012086,1,GW Vir,2018
GaiaDR3_1893101535448502400,58369,2018-09-08,16.37919,0.012053,1,GW Vir,2018
GaiaDR3_1893101535448502400,58372,2018-09-11,16.385771,0.012073,1,GW Vir,2018
GaiaDR3_1893101535448502400,58375,2018-09-14,16.410782,0.01215,1,GW Vir,2018
GaiaDR3_1893101535448502400,58378,2018-09-17,16.363483,0.012005,1,GW Vir,2018
GaiaDR3_1893101535448502400,58382,2018-09-21,16.366554,0.012015,1,GW Vir,2018
GaiaDR3_1893101535448502400,58385,2018-09-24,16.354748,0.011979,1,GW Vir,2018
GaiaDR3_1893101535448502400,58388,2018-09-27,16.394863,0.012101,1,GW Vir,2018
GaiaDR3_1893101535448502400,58400,2018-10-09,16.342156,0.011942,1,GW Vir,2018
GaiaDR3_1893101535448502400,58426,2018-11-04,16.354069,0.011977,1,GW Vir,2018
GaiaDR3_1893101535448502400,58429,2018-11-07,16.400497,0.012118,1,GW Vir,2018
GaiaDR3_1893101535448502400,58432,2018-11-10,16.372032,0.012031,1,GW Vir,2018
GaiaDR3_1893101535448502400,58435,2018-11-13,16.378593,0.012051,1,GW Vir,2018
GaiaDR3_1893101535448502400,58441,2018-11-19,16.425398,0.012196,1,GW Vir,2018
GaiaDR3_1893101535448502400,58469,2018-12-17,16.381523,0.01206,1,GW Vir,2018
GaiaDR3_1893101535448502400,58472,2018-12-20,16.395462,0.012103,1,GW Vir,2018
GaiaDR3_1893101535448502400,58482,2018-12-30,16.39793,0.01211,1,GW Vir,2018
GaiaDR3_1893101535448502400,58488,2019-01-05,16.376877,0.012046,1,GW Vir,2019
GaiaDR3_1893101535448502400,58607,2019-05-04,16.373825,0.012036,1,GW Vir,2019
GaiaDR3_1893101535448502400,58617,2019-05-14,16.395989,0.012104,1,GW Vir,2019
GaiaDR3_1893101535448502400,58628,2019-05-25,16.390938,0.012089,1,GW Vir,2019
GaiaDR3_1893101535448502400,58634,2019-05-31,16.380051,0.012055,1,GW Vir,2019
GaiaDR3_1893101535448502400,58637,2019-06-03,16.371519,0.012029,1,GW Vir,2019
GaiaDR3_1893101535448502400,58640,2019-06-06,16.423298,0.01219,1,GW Vir,2019
GaiaDR3_1893101535448502400,58643,2019-06-09,16.395369,0.012102,1,GW Vir,2019
GaiaDR3_1893101535448502400,58646,2019-06-12,16.347191,0.011957,1,GW Vir,2019
GaiaDR3_1893101535448502400,58649,2019-06-15,16.396028,0.012104,1,GW Vir,2019
GaiaDR3_1893101535448502400,58652,2019-06-18,16.397997,0.01211,1,GW Vir,2019
GaiaDR3_1893101535448502400,58655,2019-06-21,16.370089,0.012025,1,GW Vir,2019
GaiaDR3_1893101535448502400,58658,2019-06-24,16.368591,0.012021,1,GW Vir,2019
GaiaDR3_1893101535448502400,58661,2019-06-27,16.408253,0.012142,1,GW Vir,2019
GaiaDR3_1893101535448502400,58665,2019-07-01,16.397098,0.012108,1,GW Vir,2019
GaiaDR3_1893101535448502400,58668,2019-07-04,16.356228,0.011984,1,GW Vir,2019
GaiaDR3_1893101535448502400,58680,2019-07-16,16.418495,0.012175,1,GW Vir,2019
GaiaDR3_1893101535448502400,58686,2019-07-22,16.371441,0.012029,1,GW Vir,2019
GaiaDR3_1893101535448502400,58690,2019-07-26,16.382656,0.012063,1,GW Vir,2019
GaiaDR3_1893101535448502400,58693,2019-07-29,16.398876,0.012113,1,GW Vir,2019
GaiaDR3_1893101535448502400,58696,2019-08-01,16.357174,0.011986,1,GW Vir,2019
GaiaDR3_1893101535448502400,58699,2019-08-04,16.378515,0.012051,1,GW Vir,2019
GaiaDR3_1893101535448502400,58708,2019-08-13,16.389317,0.012084,1,GW Vir,2019
GaiaDR3_1893101535448502400,58711,2019-08-16,16.366894,0.012016,1,GW Vir,2019
GaiaDR3_1893101535448502400,58714,2019-08-19,16.404251,0.01213,1,GW Vir,2019
GaiaDR3_1893101535448502400,58715,2019-08-20,16.412823,0.012157,1,GW Vir,2019
GaiaDR3_1893101535448502400,58716,2019-08-21,16.424547,0.012194,1,GW Vir,2019
GaiaDR3_1893101535448502400,58717,2019-08-22,16.397789,0.01211,1,GW Vir,2019
GaiaDR3_1893101535448502400,58718,2019-08-23,16.40221,0.012123,1,GW Vir,2019
GaiaDR3_1893101535448502400,58719,2019-08-24,16.394463,0.012099,1,GW Vir,2019
GaiaDR3_1893101535448502400,58720,2019-08-25,16.454824,0.012291,1,GW Vir,2019
GaiaDR3_1893101535448502400,58722,2019-08-27,16.411892,0.012154,1,GW Vir,2019
GaiaDR3_1893101535448502400,58723,2019-08-28,16.389877,0.012085,1,GW Vir,2019
GaiaDR3_1893101535448502400,58724,2019-08-29,16.435265,0.012228,1,GW Vir,2019
GaiaDR3_1893101535448502400,58725,2019-08-30,16.414921,0.012163,1,GW Vir,2019
GaiaDR3_1893101535448502400,58726,2019-08-31,16.408867,0.012144,1,GW Vir,2019
GaiaDR3_1893101535448502400,58727,2019-09-01,16.393663,0.012097,1,GW Vir,2019
GaiaDR3_1893101535448502400,58730,2019-09-04,16.428455,0.012206,1,GW Vir,2019
GaiaDR3_1893101535448502400,58732,2019-09-06,16.363232,0.012005,1,GW Vir,2019
GaiaDR3_1893101535448502400,58733,2019-09-07,16.414549,0.012162,1,GW Vir,2019
GaiaDR3_1893101535448502400,58734,2019-09-08,16.4382,0.012237,1,GW Vir,2019
GaiaDR3_1893101535448502400,58735,2019-09-09,16.410358,0.012149,1,GW Vir,2019
GaiaDR3_1893101535448502400,58736,2019-09-10,16.376392,0.012044,1,GW Vir,2019
GaiaDR3_1893101535448502400,58737,2019-09-11,16.387119,0.012077,1,GW Vir,2019
GaiaDR3_1893101535448502400,58738,2019-09-12,16.39218,0.012092,1,GW Vir,2019
GaiaDR3_1893101535448502400,58743,2019-09-17,16.392792,0.012094,1,GW Vir,2019
GaiaDR3_1893101535448502400,58747,2019-09-21,16.407118,0.012139,1,GW Vir,2019
GaiaDR3_1893101535448502400,58754,2019-09-28,16.375839,0.012043,1,GW Vir,2019
GaiaDR3_1893101535448502400,58766,2019-10-10,16.377033,0.012046,1,GW Vir,2019
GaiaDR3_1893101535448502400,58769,2019-10-13,16.400368,0.012118,1,GW Vir,2019
GaiaDR3_1893101535448502400,58776,2019-10-20,16.366661,0.012015,1,GW Vir,2019
GaiaDR3_1893101535448502400,58779,2019-10-23,16.379133,0.012053,1,GW Vir,2019
GaiaDR3_1893101535448502400,58782,2019-10-26,16.407927,0.012141,1,GW Vir,2019
GaiaDR3_1893101535448502400,58785,2019-10-29,16.359688,0.011994,1,GW Vir,2019
GaiaDR3_1893101535448502400,58789,2019-11-02,16.388449,0.012081,1,GW Vir,2019
GaiaDR3_1893101535448502400,58791,2019-11-04,16.376873,0.012046,1,GW Vir,2019
GaiaDR3_1893101535448502400,58792,2019-11-05,16.384773,0.008535,2,GW Vir,2019
GaiaDR3_1893101535448502400,58794,2019-11-07,16.368708,0.012021,1,GW Vir,2019
GaiaDR3_1893101535448502400,58795,2019-11-08,16.370865,0.008505,2,GW Vir,2019
GaiaDR3_1893101535448502400,58796,2019-11-09,16.397358,0.012108,1,GW Vir,2019
GaiaDR3_1893101535448502400,58797,2019-11-10,16.383894,0.012067,1,GW Vir,2019
GaiaDR3_1893101535448502400,58798,2019-11-11,16.386688,0.013886,2,GW Vir,2019
GaiaDR3_1893101535448502400,58804,2019-11-17,16.387154,0.012077,1,GW Vir,2019
GaiaDR3_1893101535448502400,58811,2019-11-24,16.376141,0.012043,1,GW Vir,2019
GaiaDR3_1893101535448502400,58829,2019-12-12,16.423315,0.01219,1,GW Vir,2019
GaiaDR3_1893101535448502400,58833,2019-12-16,16.388817,0.012082,1,GW Vir,2019
GaiaDR3_1893101535448502400,58836,2019-12-19,16.3796,0.012054,1,GW Vir,2019
GaiaDR3_1893101535448502400,58863,2020-01-15,16.392479,0.012093,1,GW Vir,2020
GaiaDR3_1893101535448502400,58873,2020-01-25,16.400928,0.01212,1,GW Vir,2020
GaiaDR3_1893101535448502400,58981,2020-05-12,16.350674,0.011967,1,GW Vir,2020
GaiaDR3_1893101535448502400,58985,2020-05-16,16.415836,0.012166,1,GW Vir,2020
GaiaDR3_1893101535448502400,58986,2020-05-17,16.398855,0.012113,1,GW Vir,2020
GaiaDR3_1893101535448502400,58987,2020-05-18,16.380808,0.008526,2,GW Vir,2020
GaiaDR3_1893101535448502400,58991,2020-05-22,16.36319,0.012004,1,GW Vir,2020
GaiaDR3_1893101535448502400,58992,2020-05-23,16.374771,0.012039,1,GW Vir,2020
GaiaDR3_1893101535448502400,58994,2020-05-25,16.406723,0.008583,2,GW Vir,2020
GaiaDR3_1893101535448502400,58996,2020-05-27,16.374786,0.012039,1,GW Vir,2020
GaiaDR3_1893101535448502400,58997,2020-05-28,16.382979,0.009732,2,GW Vir,2020
GaiaDR3_1893101535448502400,58998,2020-05-29,16.396059,0.012104,1,GW Vir,2020
GaiaDR3_1893101535448502400,59001,2020-06-01,16.401596,0.012122,1,GW Vir,2020
GaiaDR3_1893101535448502400,59002,2020-06-02,16.411762,0.012153,1,GW Vir,2020
GaiaDR3_1893101535448502400,59010,2020-06-10,16.395737,0.012103,1,GW Vir,2020
GaiaDR3_1893101535448502400,59019,2020-06-19,16.370457,0.012026,1,GW Vir,2020
GaiaDR3_1893101535448502400,59022,2020-06-22,16.364265,0.012008,1,GW Vir,2020
GaiaDR3_1893101535448502400,59025,2020-06-25,16.389156,0.012083,1,GW Vir,2020
GaiaDR3_1893101535448502400,59028,2020-06-28,16.397526,0.012109,1,GW Vir,2020
GaiaDR3_1893101535448502400,59031,2020-07-01,16.381058,0.012058,1,GW Vir,2020
GaiaDR3_1893101535448502400,59032,2020-07-02,16.389107,0.012083,1,GW Vir,2020
GaiaDR3_1893101535448502400,59033,2020-07-03,16.392212,0.012093,1,GW Vir,2020
GaiaDR3_1893101535448502400,59040,2020-07-10,16.347958,0.011959,1,GW Vir,2020
GaiaDR3_1893101535448502400,59043,2020-07-13,16.414713,0.012163,1,GW Vir,2020
GaiaDR3_1893101535448502400,59046,2020-07-16,16.381477,0.01206,1,GW Vir,2020
GaiaDR3_1893101535448502400,59048,2020-07-18,16.367242,0.008497,2,GW Vir,2020
GaiaDR3_1893101535448502400,59049,2020-07-19,16.352832,0.008467,2,GW Vir,2020
GaiaDR3_1893101535448502400,59051,2020-07-21,16.390627,0.012088,1,GW Vir,2020
GaiaDR3_1893101535448502400,59052,2020-07-22,16.388407,0.008991,3,GW Vir,2020
GaiaDR3_1893101535448502400,59053,2020-07-23,16.365525,0.008493,2,GW Vir,2020
GaiaDR3_1893101535448502400,59054,2020-07-24,16.368795,0.012021,1,GW Vir,2020
GaiaDR3_1893101535448502400,59055,2020-07-25,16.387766,0.006974,3,GW Vir,2020
GaiaDR3_1893101535448502400,59056,2020-07-26,16.374084,0.012037,1,GW Vir,2020
GaiaDR3_1893101535448502400,59057,2020-07-27,16.379368,0.012053,1,GW Vir,2020
GaiaDR3_1893101535448502400,59059,2020-07-29,16.389652,0.012085,1,GW Vir,2020
GaiaDR3_1893101535448502400,59060,2020-07-30,16.397681,0.008563,2,GW Vir,2020
GaiaDR3_1893101535448502400,59061,2020-07-31,16.356762,0.011985,1,GW Vir,2020
GaiaDR3_1893101535448502400,59062,2020-08-01,16.383083,0.008246,3,GW Vir,2020
GaiaDR3_1893101535448502400,59063,2020-08-02,16.381805,0.012061,1,GW Vir,2020
GaiaDR3_1893101535448502400,59064,2020-08-03,16.402473,0.012124,1,GW Vir,2020
GaiaDR3_1893101535448502400,59065,2020-08-04,16.409163,0.010848,2,GW Vir,2020
GaiaDR3_1893101535448502400,59066,2020-08-05,16.383196,0.012841,2,GW Vir,2020
GaiaDR3_1893101535448502400,59067,2020-08-06,16.382915,0.008531,2,GW Vir,2020
GaiaDR3_1893101535448502400,59068,2020-08-07,16.376106,0.012043,1,GW Vir,2020
GaiaDR3_1893101535448502400,59069,2020-08-08,16.390556,0.012087,1,GW Vir,2020
GaiaDR3_1893101535448502400,59070,2020-08-09,16.381691,0.01206,1,GW Vir,2020
GaiaDR3_1893101535448502400,59071,2020-08-10,16.36591,0.008494,2,GW Vir,2020
GaiaDR3_1893101535448502400,59072,2020-08-11,16.390217,0.012086,1,GW Vir,2020
GaiaDR3_1893101535448502400,59073,2020-08-12,16.383065,0.008531,2,GW Vir,2020
GaiaDR3_1893101535448502400,59075,2020-08-14,16.388625,0.008543,2,GW Vir,2020
GaiaDR3_1893101535448502400,59077,2020-08-16,16.372753,0.011421,3,GW Vir,2020
GaiaDR3_1893101535448502400,59079,2020-08-18,16.38295,0.008531,2,GW Vir,2020
GaiaDR3_1893101535448502400,59080,2020-08-19,16.376729,0.008517,2,GW Vir,2020
GaiaDR3_1893101535448502400,59081,2020-08-20,16.365395,0.008493,2,GW Vir,2020
GaiaDR3_1893101535448502400,59082,2020-08-21,16.402555,0.012125,1,GW Vir,2020
GaiaDR3_1893101535448502400,59084,2020-08-23,16.360857,0.008483,2,GW Vir,2020
GaiaDR3_1893101535448502400,59085,2020-08-24,16.360908,0.008484,2,GW Vir,2020
GaiaDR3_1893101535448502400,59086,2020-08-25,16.377543,0.012048,1,GW Vir,2020
GaiaDR3_1893101535448502400,59087,2020-08-26,16.383098,0.008531,2,GW Vir,2020
GaiaDR3_1893101535448502400,59088,2020-08-27,16.405376,0.012133,1,GW Vir,2020
GaiaDR3_1893101535448502400,59089,2020-08-28,16.385158,0.008536,2,GW Vir,2020
GaiaDR3_1893101535448502400,59090,2020-08-29,16.379716,0.008524,2,GW Vir,2020
GaiaDR3_1893101535448502400,59091,2020-08-30,16.389748,0.008545,2,GW Vir,2020
GaiaDR3_1893101535448502400,59092,2020-08-31,16.402378,0.012124,1,GW Vir,2020
GaiaDR3_1893101535448502400,59093,2020-09-01,16.352957,0.011974,1,GW Vir,2020
GaiaDR3_1893101535448502400,59094,2020-09-02,16.382263,0.012062,1,GW Vir,2020
GaiaDR3_1893101535448502400,59095,2020-09-03,16.375855,0.008515,2,GW Vir,2020
GaiaDR3_1893101535448502400,59097,2020-09-05,16.402466,0.015623,2,GW Vir,2020
GaiaDR3_1893101535448502400,59099,2020-09-07,16.382744,0.012064,1,GW Vir,2020
GaiaDR3_1893101535448502400,59107,2020-09-15,16.343407,0.011946,1,GW Vir,2020
GaiaDR3_1893101535448502400,59109,2020-09-17,16.3955,0.008558,2,GW Vir,2020
GaiaDR3_1893101535448502400,59110,2020-09-18,16.405559,0.012134,1,GW Vir,2020
GaiaDR3_1893101535448502400,59111,2020-09-19,16.366157,0.012013,1,GW Vir,2020
GaiaDR3_1893101535448502400,59112,2020-09-20,16.345917,0.006901,3,GW Vir,2020
GaiaDR3_1893101535448502400,59113,2020-09-21,16.376537,0.012045,1,GW Vir,2020
GaiaDR3_1893101535448502400,59114,2020-09-22,16.386871,0.012076,1,GW Vir,2020
GaiaDR3_1893101535448502400,59115,2020-09-23,16.38451,0.008534,2,GW Vir,2020
GaiaDR3_1893101535448502400,59116,2020-09-24,16.383648,0.012066,1,GW Vir,2020
GaiaDR3_1893101535448502400,59117,2020-09-25,16.361976,0.008486,2,GW Vir,2020
GaiaDR3_1893101535448502400,59119,2020-09-27,16.403906,0.012129,1,GW Vir,2020
GaiaDR3_1893101535448502400,59120,2020-09-28,16.368679,0.012021,1,GW Vir,2020
GaiaDR3_1893101535448502400,59121,2020-09-29,16.361851,0.008486,2,GW Vir,2020
GaiaDR3_1893101535448502400,59122,2020-09-30,16.372047,0.012031,1,GW Vir,2020
GaiaDR3_1893101535448502400,59123,2020-10-01,16.4047,0.008578,2,GW Vir,2020
GaiaDR3_1893101535448502400,59124,2020-10-02,16.411026,0.012151,1,GW Vir,2020
GaiaDR3_1893101535448502400,59125,2020-10-03,16.360073,0.006925,3,GW Vir,2020
GaiaDR3_1893101535448502400,59127,2020-10-05,16.398731,0.012113,1,GW Vir,2020
GaiaDR3_1893101535448502400,59128,2020-10-06,16.373142,0.012034,1,GW Vir,2020
GaiaDR3_1893101535448502400,59129,2020-10-07,16.368029,0.011112,2,GW Vir,2020
GaiaDR3_1893101535448502400,59130,2020-10-08,16.357239,0.011987,1,GW Vir,2020
GaiaDR3_1893101535448502400,59131,2020-10-09,16.376965,0.008518,2,GW Vir,2020
GaiaDR3_1893101535448502400,59134,2020-10-12,16.370468,0.008504,2,GW Vir,2020
GaiaDR3_1893101535448502400,59135,2020-10-13,16.383705,0.012066,1,GW Vir,2020
GaiaDR3_1893101535448502400,59136,2020-10-14,16.38059,0.008526,2,GW Vir,2020
GaiaDR3_1893101535448502400,59137,2020-10-15,16.405065,0.012132,1,GW Vir,2020
GaiaDR3_1893101535448502400,59138,2020-10-16,16.370199,0.008503,2,GW Vir,2020
GaiaDR3_1893101535448502400,59139,2020-10-17,16.356331,0.011984,1,GW Vir,2020
GaiaDR3_1893101535448502400,59140,2020-10-18,16.38699,0.008539,2,GW Vir,2020
GaiaDR3_1893101535448502400,59143,2020-10-21,16.362633,0.012003,1,GW Vir,2020
GaiaDR3_1893101535448502400,59145,2020-10-23,16.383347,0.012065,1,GW Vir,2020
GaiaDR3_1893101535448502400,59149,2020-10-27,16.367409,0.014655,2,GW Vir,2020
GaiaDR3_1893101535448502400,59150,2020-10-28,16.379316,0.012053,1,GW Vir,2020
GaiaDR3_1893101535448502400,59151,2020-10-29,16.404709,0.008578,2,GW Vir,2020
GaiaDR3_1893101535448502400,59153,2020-10-31,16.386454,0.012075,1,GW Vir,2020
GaiaDR3_1893101535448502400,59154,2020-11-01,16.387461,0.012078,1,GW Vir,2020
GaiaDR3_1893101535448502400,59155,2020-11-02,16.393766,0.008554,2,GW Vir,2020
GaiaDR3_1893101535448502400,59156,2020-11-03,16.362827,0.012003,1,GW Vir,2020
GaiaDR3_1893101535448502400,59157,2020-11-04,16.374286,0.011119,2,GW Vir,2020
GaiaDR3_1893101535448502400,59158,2020-11-05,16.388203,0.01208,1,GW Vir,2020
GaiaDR3_1893101535448502400,59164,2020-11-11,16.380896,0.008526,2,GW Vir,2020
GaiaDR3_1893101535448502400,59165,2020-11-12,16.368731,0.012021,1,GW Vir,2020
GaiaDR3_1893101535448502400,59167,2020-11-14,16.392654,0.008552,2,GW Vir,2020
GaiaDR3_1893101535448502400,59168,2020-11-15,16.398388,0.012112,1,GW Vir,2020
GaiaDR3_1893101535448502400,59169,2020-11-16,16.371614,0.008506,2,GW Vir,2020
GaiaDR3_1893101535448502400,59170,2020-11-17,16.366585,0.012015,1,GW Vir,2020
GaiaDR3_1893101535448502400,59171,2020-11-18,16.37265,0.008509,2,GW Vir,2020
GaiaDR3_1893101535448502400,59172,2020-11-19,16.391548,0.012091,1,GW Vir,2020
GaiaDR3_1893101535448502400,59173,2020-11-20,16.396198,0.00856,2,GW Vir,2020
GaiaDR3_1893101535448502400,59174,2020-11-21,16.377983,0.012049,1,GW Vir,2020
GaiaDR3_1893101535448502400,59175,2020-11-22,16.367481,0.008498,2,GW Vir,2020
GaiaDR3_1893101535448502400,59178,2020-11-25,16.383242,0.012065,1,GW Vir,2020
GaiaDR3_1893101535448502400,59179,2020-11-26,16.349504,0.00846,2,GW Vir,2020
GaiaDR3_1893101535448502400,59180,2020-11-27,16.371132,0.012028,1,GW Vir,2020
GaiaDR3_1893101535448502400,59181,2020-11-28,16.392758,0.008552,2,GW Vir,2020
GaiaDR3_1893101535448502400,59183,2020-11-30,16.368631,0.012021,1,GW Vir,2020
GaiaDR3_1893101535448502400,59185,2020-12-02,16.381531,0.006963,3,GW Vir,2020
GaiaDR3_1893101535448502400,59186,2020-12-03,16.407564,0.01214,1,GW Vir,2020
GaiaDR3_1893101535448502400,59187,2020-12-04,16.37341,0.00851,2,GW Vir,2020
GaiaDR3_1893101535448502400,59188,2020-12-05,16.38356,0.008532,2,GW Vir,2020
GaiaDR3_1893101535448502400,59189,2020-12-06,16.373802,0.009851,3,GW Vir,2020
GaiaDR3_1893101535448502400,59194,2020-12-11,16.374188,0.012038,1,GW Vir,2020
GaiaDR3_1893101535448502400,59198,2020-12-15,16.379555,0.012054,1,GW Vir,2020
GaiaDR3_1893101535448502400,59199,2020-12-16,16.402311,0.008573,2,GW Vir,2020
GaiaDR3_1893101535448502400,59202,2020-12-19,16.405417,0.00858,2,GW Vir,2020
GaiaDR3_1893101535448502400,59203,2020-12-20,16.418745,0.012175,1,GW Vir,2020
GaiaDR3_1893101535448502400,59204,2020-12-21,16.40752,0.011958,2,GW Vir,2020
GaiaDR3_1893101535448502400,59205,2020-12-22,16.360584,0.011997,1,GW Vir,2020
GaiaDR3_1893101535448502400,59215,2021-01-01,16.371631,0.008506,2,GW Vir,2021
GaiaDR3_1893101535448502400,59223,2021-01-09,16.396879,0.012107,1,GW Vir,2021
GaiaDR3_1893101535448502400,59325,2021-04-21,16.385082,0.012071,1,GW Vir,2021
GaiaDR3_1893101535448502400,59335,2021-05-01,16.409935,0.012148,1,GW Vir,2021
GaiaDR3_1893101535448502400,59336,2021-05-02,16.383909,0.012067,1,GW Vir,2021
GaiaDR3_1893101535448502400,59337,2021-05-03,16.386188,0.012074,1,GW Vir,2021
GaiaDR3_1893101535448502400,59338,2021-05-04,16.419483,0.012178,1,GW Vir,2021
GaiaDR3_1893101535448502400,59340,2021-05-06,16.376623,0.012045,1,GW Vir,2021
GaiaDR3_1893101535448502400,59344,2021-05-10,16.390932,0.012089,1,GW Vir,2021
GaiaDR3_1893101535448502400,59346,2021-05-12,16.376888,0.012046,1,GW Vir,2021
GaiaDR3_1893101535448502400,59348,2021-05-14,16.388153,0.01208,1,GW Vir,2021
GaiaDR3_1893101535448502400,59349,2021-05-15,16.400154,0.012117,1,GW Vir,2021
GaiaDR3_1893101535448502400,59353,2021-05-19,16.388729,0.008543,2,GW Vir,2021
GaiaDR3_1893101535448502400,59354,2021-05-20,16.388805,0.012082,1,GW Vir,2021
GaiaDR3_1893101535448502400,59356,2021-05-22,16.381596,0.01206,1,GW Vir,2021
GaiaDR3_1893101535448502400,59358,2021-05-24,16.35891,0.011992,1,GW Vir,2021
GaiaDR3_1893101535448502400,59359,2021-05-25,16.390255,0.012087,1,GW Vir,2021
GaiaDR3_1893101535448502400,59362,2021-05-28,16.380482,0.012057,1,GW Vir,2021
GaiaDR3_1893101535448502400,59363,2021-05-29,16.362259,0.012002,1,GW Vir,2021
GaiaDR3_1893101535448502400,59365,2021-05-31,16.401487,0.012121,1,GW Vir,2021
GaiaDR3_1893101535448502400,59366,2021-06-01,16.404854,0.012132,1,GW Vir,2021
GaiaDR3_1893101535448502400,59367,2021-06-02,16.371155,0.008505,2,GW Vir,2021
GaiaDR3_1893101535448502400,59369,2021-06-04,16.396526,0.012106,1,GW Vir,2021
GaiaDR3_1893101535448502400,59371,2021-06-06,16.359745,0.011994,1,GW Vir,2021
GaiaDR3_1893101535448502400,59374,2021-06-09,16.40299,0.012126,1,GW Vir,2021
GaiaDR3_1893101535448502400,59376,2021-06-11,16.373817,0.008511,2,GW Vir,2021
GaiaDR3_1893101535448502400,59377,2021-06-12,16.379948,0.012055,1,GW Vir,2021
GaiaDR3_1893101535448502400,59379,2021-06-14,16.396735,0.008561,2,GW Vir,2021
GaiaDR3_1893101535448502400,59385,2021-06-20,16.380161,0.012056,1,GW Vir,2021
GaiaDR3_1893101535448502400,59386,2021-06-21,16.374002,0.012037,1,GW Vir,2021
GaiaDR3_1893101535448502400,59387,2021-06-22,16.417971,0.012173,1,GW Vir,2021
GaiaDR3_1893101535448502400,59390,2021-06-25,16.370068,0.012025,1,GW Vir,2021
GaiaDR3_1893101535448502400,59391,2021-06-26,16.391878,0.00855,2,GW Vir,2021
GaiaDR3_1893101535448502400,59392,2021-06-27,16.426979,0.012201,1,GW Vir,2021
GaiaDR3_1893101535448502400,59393,2021-06-28,16.407347,0.008584,2,GW Vir,2021
GaiaDR3_1893101535448502400,59395,2021-06-30,16.381576,0.008528,2,GW Vir,2021
GaiaDR3_1893101535448502400,59396,2021-07-01,16.387802,0.012079,1,GW Vir,2021
GaiaDR3_1893101535448502400,59397,2021-07-02,16.399349,0.012115,1,GW Vir,2021
GaiaDR3_1893101535448502400,59400,2021-07-05,16.385546,0.012072,1,GW Vir,2021
GaiaDR3_1893101535448502400,59402,2021-07-07,16.395054,0.012101,1,GW Vir,2021
GaiaDR3_1893101535448502400,59403,2021-07-08,16.360176,0.011995,1,GW Vir,2021
GaiaDR3_1893101535448502400,59404,2021-07-09,16.375067,0.006951,3,GW Vir,2021
GaiaDR3_1893101535448502400,59405,2021-07-10,16.397282,0.012108,1,GW Vir,2021
GaiaDR3_1893101535448502400,59406,2021-07-11,16.404001,0.008577,2,GW Vir,2021
GaiaDR3_1893101535448502400,59407,2021-07-12,16.395008,0.012101,1,GW Vir,2021
GaiaDR3_1893101535448502400,59408,2021-07-13,16.369087,0.00904,3,GW Vir,2021
GaiaDR3_1893101535448502400,59409,2021-07-14,16.393331,0.012096,1,GW Vir,2021
GaiaDR3_1893101535448502400,59410,2021-07-15,16.399235,0.012114,1,GW Vir,2021
GaiaDR3_1893101535448502400,59411,2021-07-16,16.418055,0.012173,1,GW Vir,2021
GaiaDR3_1893101535448502400,59412,2021-07-17,16.357654,0.008477,2,GW Vir,2021
GaiaDR3_1893101535448502400,59414,2021-07-19,16.403584,0.008576,2,GW Vir,2021
GaiaDR3_1893101535448502400,59415,2021-07-20,16.374987,0.008514,2,GW Vir,2021
GaiaDR3_1893101535448502400,59418,2021-07-23,16.384249,0.008534,2,GW Vir,2021
GaiaDR3_1893101535448502400,59419,2021-07-24,16.410067,0.012148,1,GW Vir,2021
GaiaDR3_1893101535448502400,59422,2021-07-27,16.373836,0.012036,1,GW Vir,2021
GaiaDR3_1893101535448502400,59423,2021-07-28,16.401201,0.01212,1,GW Vir,2021
GaiaDR3_1893101535448502400,59424,2021-07-29,16.405571,0.013471,3,GW Vir,2021
GaiaDR3_1893101535448502400,59425,2021-07-30,16.374279,0.008512,2,GW Vir,2021
GaiaDR3_1893101535448502400,59426,2021-07-31,16.392914,0.006983,3,GW Vir,2021
GaiaDR3_1893101535448502400,59427,2021-08-01,16.391222,0.008549,2,GW Vir,2021
GaiaDR3_1893101535448502400,59428,2021-08-02,16.393368,0.013839,3,GW Vir,2021
GaiaDR3_1893101535448502400,59429,2021-08-03,16.391216,0.012089,1,GW Vir,2021
GaiaDR3_1893101535448502400,59430,2021-08-04,16.368679,0.00694,3,GW Vir,2021
GaiaDR3_1893101535448502400,59434,2021-08-08,16.388369,0.008542,2,GW Vir,2021
GaiaDR3_1893101535448502400,59435,2021-08-09,16.37118,0.006945,3,GW Vir,2021
GaiaDR3_1893101535448502400,59436,2021-08-10,16.377766,0.00852,2,GW Vir,2021
GaiaDR3_1893101535448502400,59438,2021-08-12,16.356613,0.007079,3,GW Vir,2021
GaiaDR3_1893101535448502400,59439,2021-08-13,16.40617,0.012136,1,GW Vir,2021
GaiaDR3_1893101535448502400,59440,2021-08-14,16.382297,0.010089,3,GW Vir,2021
GaiaDR3_1893101535448502400,59442,2021-08-16,16.393052,0.008553,2,GW Vir,2021
GaiaDR3_1893101535448502400,59443,2021-08-17,16.359455,0.006924,3,GW Vir,2021
GaiaDR3_1893101535448502400,59444,2021-08-18,16.387227,0.00854,2,GW Vir,2021
GaiaDR3_1893101535448502400,59446,2021-08-20,16.384508,0.008534,2,GW Vir,2021
GaiaDR3_1893101535448502400,59449,2021-08-23,16.407324,0.008584,2,GW Vir,2021
GaiaDR3_1893101535448502400,59450,2021-08-24,16.411829,0.012154,1,GW Vir,2021
GaiaDR3_1893101535448502400,59451,2021-08-25,16.401083,0.01212,1,GW Vir,2021
GaiaDR3_1893101535448502400,59453,2021-08-27,16.369701,0.006942,3,GW Vir,2021
GaiaDR3_1893101535448502400,59454,2021-08-28,16.398296,0.012111,1,GW Vir,2021
GaiaDR3_1893101535448502400,59455,2021-08-29,16.391666,0.013596,3,GW Vir,2021
GaiaDR3_1893101535448502400,59456,2021-08-30,16.383345,0.012065,1,GW Vir,2021
GaiaDR3_1893101535448502400,59458,2021-09-01,16.362396,0.012002,1,GW Vir,2021
GaiaDR3_1893101535448502400,59459,2021-09-02,16.39379,0.008554,2,GW Vir,2021
GaiaDR3_1893101535448502400,59460,2021-09-03,16.378323,0.008521,2,GW Vir,2021
GaiaDR3_1893101535448502400,59461,2021-09-04,16.358997,0.006924,3,GW Vir,2021
GaiaDR3_1893101535448502400,59462,2021-09-05,16.378273,0.01205,1,GW Vir,2021
GaiaDR3_1893101535448502400,59463,2021-09-06,16.387754,0.010789,3,GW Vir,2021
GaiaDR3_1893101535448502400,59464,2021-09-07,16.372131,0.012031,1,GW Vir,2021
GaiaDR3_1893101535448502400,59465,2021-09-08,16.387116,0.006973,3,GW Vir,2021
GaiaDR3_1893101535448502400,59466,2021-09-09,16.373212,0.00851,2,GW Vir,2021
GaiaDR3_1893101535448502400,59467,2021-09-10,16.373764,0.006949,3,GW Vir,2021
GaiaDR3_1893101535448502400,59468,2021-09-11,16.383172,0.008531,2,GW Vir,2021
GaiaDR3_1893101535448502400,59469,2021-09-12,16.372173,0.006946,3,GW Vir,2021
GaiaDR3_1893101535448502400,59470,2021-09-13,16.373849,0.008511,2,GW Vir,2021
GaiaDR3_1893101535448502400,59471,2021-09-14,16.388247,0.006975,3,GW Vir,2021
GaiaDR3_1893101535448502400,59472,2021-09-15,16.397324,0.012108,1,GW Vir,2021
GaiaDR3_1893101535448502400,59473,2021-09-16,16.378334,0.006957,3,GW Vir,2021
GaiaDR3_1893101535448502400,59474,2021-09-17,16.379293,0.008523,2,GW Vir,2021
GaiaDR3_1893101535448502400,59476,2021-09-19,16.394207,0.009139,2,GW Vir,2021
GaiaDR3_1893101535448502400,59478,2021-09-21,16.378134,0.018966,3,GW Vir,2021
GaiaDR3_1893101535448502400,59479,2021-09-22,16.3596,0.011994,1,GW Vir,2021
GaiaDR3_1893101535448502400,59480,2021-09-23,16.377609,0.006956,3,GW Vir,2021
GaiaDR3_1893101535448502400,59483,2021-09-26,16.367458,0.012017,1,GW Vir,2021
GaiaDR3_1893101535448502400,59484,2021-09-27,16.36184,0.008486,2,GW Vir,2021
GaiaDR3_1893101535448502400,59485,2021-09-28,16.408581,0.012143,1,GW Vir,2021
GaiaDR3_1893101535448502400,59487,2021-09-30,16.370068,0.012025,1,GW Vir,2021
GaiaDR3_1893101535448502400,59488,2021-10-01,16.380268,0.012056,1,GW Vir,2021
GaiaDR3_1893101535448502400,59489,2021-10-02,16.388309,0.006975,3,GW Vir,2021
GaiaDR3_1893101535448502400,59490,2021-10-03,16.388424,0.012081,1,GW Vir,2021
GaiaDR3_1893101535448502400,59491,2021-10-04,16.400604,0.006997,3,GW Vir,2021
GaiaDR3_1893101535448502400,59494,2021-10-07,16.400578,0.012118,1,GW Vir,2021
GaiaDR3_1893101535448502400,59497,2021-10-10,16.367185,0.008497,2,GW Vir,2021
GaiaDR3_1893101535448502400,59498,2021-10-11,16.401289,0.012121,1,GW Vir,2021
GaiaDR3_1893101535448502400,59502,2021-10-15,16.375895,0.019035,3,GW Vir,2021
GaiaDR3_1893101535448502400,59503,2021-10-16,16.403828,0.008576,2,GW Vir,2021
GaiaDR3_1893101535448502400,59504,2021-10-17,16.403065,0.028622,2,GW Vir,2021
GaiaDR3_1893101535448502400,59505,2021-10-18,16.361462,0.011999,1,GW Vir,2021
GaiaDR3_1893101535448502400,59509,2021-10-22,16.392231,0.012093,1,GW Vir,2021
GaiaDR3_1893101535448502400,59510,2021-10-23,16.343828,0.008448,2,GW Vir,2021
GaiaDR3_1893101535448502400,59511,2021-10-24,16.414328,0.012161,1,GW Vir,2021
GaiaDR3_1893101535448502400,59512,2021-10-25,16.414362,0.012161,1,GW Vir,2021
GaiaDR3_1893101535448502400,59517,2021-10-30,16.405827,0.007082,3,GW Vir,2021
GaiaDR3_1893101535448502400,59520,2021-11-02,16.377968,0.00852,2,GW Vir,2021
GaiaDR3_1893101535448502400,59521,2021-11-03,16.390158,0.008546,2,GW Vir,2021
GaiaDR3_1893101535448502400,59522,2021-11-04,16.391537,0.00698,3,GW Vir,2021
GaiaDR3_1893101535448502400,59523,2021-11-05,16.378846,0.008522,2,GW Vir,2021
GaiaDR3_1893101535448502400,59524,2021-11-06,16.351814,0.010393,2,GW Vir,2021
GaiaDR3_1893101535448502400,59525,2021-11-07,16.38117,0.012059,1,GW Vir,2021
GaiaDR3_1893101535448502400,59526,2021-11-08,16.389862,0.006977,3,GW Vir,2021
GaiaDR3_1893101535448502400,59527,2021-11-09,16.372653,0.008509,2,GW Vir,2021
GaiaDR3_1893101535448502400,59529,2021-11-11,16.378326,0.008521,2,GW Vir,2021
GaiaDR3_1893101535448502400,59530,2021-11-12,16.383963,0.012067,1,GW Vir,2021
GaiaDR3_1893101535448502400,59531,2021-11-13,16.386381,0.012118,2,GW Vir,2021
GaiaDR3_1893101535448502400,59532,2021-11-14,16.380094,0.008525,2,GW Vir,2021
GaiaDR3_1893101535448502400,59537,2021-11-19,16.386594,0.008539,2,GW Vir,2021
GaiaDR3_1893101535448502400,59538,2021-11-20,16.3897,0.012085,1,GW Vir,2021
GaiaDR3_1893101535448502400,59540,2021-11-22,16.416288,0.010992,3,GW Vir,2021
GaiaDR3_1893101535448502400,59542,2021-11-24,16.368479,0.01202,1,GW Vir,2021
GaiaDR3_1893101535448502400,59550,2021-12-02,16.437672,0.012236,1,GW Vir,2021
GaiaDR3_1893101535448502400,59690,2022-04-21,16.397389,0.012109,1,GW Vir,2022
GaiaDR3_1893101535448502400,59701,2022-05-02,16.406437,0.012137,1,GW Vir,2022
GaiaDR3_1893101535448502400,59714,2022-05-15,16.405235,0.012133,1,GW Vir,2022
GaiaDR3_1893101535448502400,59724,2022-05-25,16.389635,0.012085,1,GW Vir,2022
GaiaDR3_1893101535448502400,59727,2022-05-28,16.384359,0.012068,1,GW Vir,2022
GaiaDR3_1893101535448502400,59731,2022-06-01,16.387375,0.012078,1,GW Vir,2022
GaiaDR3_1893101535448502400,59734,2022-06-04,16.379814,0.012055,1,GW Vir,2022
GaiaDR3_1893101535448502400,59736,2022-06-06,16.385796,0.012073,1,GW Vir,2022
GaiaDR3_1893101535448502400,59739,2022-06-09,16.378418,0.01205,1,GW Vir,2022
GaiaDR3_1893101535448502400,59741,2022-06-11,16.396496,0.012106,1,GW Vir,2022
GaiaDR3_1893101535448502400,59748,2022-06-18,16.368236,0.01202,1,GW Vir,2022
GaiaDR3_1893101535448502400,59750,2022-06-20,16.399742,0.012116,1,GW Vir,2022
GaiaDR3_1893101535448502400,59752,2022-06-22,16.391371,0.01209,1,GW Vir,2022
GaiaDR3_1893101535448502400,59755,2022-06-25,16.389662,0.012085,1,GW Vir,2022
GaiaDR3_1893101535448502400,59757,2022-06-27,16.379079,0.008522,2,GW Vir,2022
GaiaDR3_1893101535448502400,59759,2022-06-29,16.376749,0.012045,1,GW Vir,2022
GaiaDR3_1893101535448502400,59761,2022-07-01,16.360416,0.011996,1,GW Vir,2022
GaiaDR3_1893101535448502400,59764,2022-07-04,16.385513,0.012072,1,GW Vir,2022
GaiaDR3_1893101535448502400,59766,2022-07-06,16.359386,0.011993,1,GW Vir,2022
GaiaDR3_1893101535448502400,59768,2022-07-08,16.402977,0.007001,3,GW Vir,2022
GaiaDR3_1893101535448502400,59769,2022-07-09,16.381798,0.005437,7,GW Vir,2022
GaiaDR3_1893101535448502400,59770,2022-07-10,16.388533,0.006459,5,GW Vir,2022
GaiaDR3_1893101535448502400,59771,2022-07-11,16.377105,0.004918,6,GW Vir,2022
GaiaDR3_1893101535448502400,59780,2022-07-20,16.389404,0.018445,2,GW Vir,2022
GaiaDR3_1893101535448502400,59781,2022-07-21,16.394924,0.006986,3,GW Vir,2022
GaiaDR3_1893101535448502400,59782,2022-07-22,16.392881,0.012095,1,GW Vir,2022
GaiaDR3_1893101535448502400,59783,2022-07-23,16.364622,0.008491,2,GW Vir,2022
GaiaDR3_1893101535448502400,59784,2022-07-24,16.355988,0.011983,1,GW Vir,2022
GaiaDR3_1893101535448502400,59785,2022-07-25,16.381241,0.008527,2,GW Vir,2022
GaiaDR3_1893101535448502400,59786,2022-07-26,16.410284,0.00859,2,GW Vir,2022
GaiaDR3_1893101535448502400,59787,2022-07-27,16.370569,0.006944,3,GW Vir,2022
GaiaDR3_1893101535448502400,59788,2022-07-28,16.373375,0.012035,1,GW Vir,2022
GaiaDR3_1893101535448502400,59789,2022-07-29,16.390837,0.014901,3,GW Vir,2022
GaiaDR3_1893101535448502400,59790,2022-07-30,16.389393,0.012084,1,GW Vir,2022
GaiaDR3_1893101535448502400,59793,2022-08-02,16.366692,0.006937,3,GW Vir,2022
GaiaDR3_1893101535448502400,59794,2022-08-03,16.39469,0.0121,1,GW Vir,2022
GaiaDR3_1893101535448502400,59795,2022-08-04,16.385387,0.012072,1,GW Vir,2022
GaiaDR3_1893101535448502400,59796,2022-08-05,16.395207,0.012102,1,GW Vir,2022
GaiaDR3_1893101535448502400,59797,2022-08-06,16.344444,0.008449,2,GW Vir,2022
GaiaDR3_1893101535448502400,59798,2022-08-07,16.387531,0.008541,2,GW Vir,2022
GaiaDR3_1893101535448502400,59800,2022-08-09,16.385446,0.008536,2,GW Vir,2022
GaiaDR3_1893101535448502400,59801,2022-08-10,16.382118,0.012062,1,GW Vir,2022
GaiaDR3_1893101535448502400,59802,2022-08-11,16.343895,0.008448,2,GW Vir,2022
GaiaDR3_1893101535448502400,59805,2022-08-14,16.385752,0.020088,3,GW Vir,2022
GaiaDR3_1893101535448502400,59806,2022-08-15,16.394836,0.012101,1,GW Vir,2022
GaiaDR3_1893101535448502400,59807,2022-08-16,16.384273,0.006968,3,GW Vir,2022
GaiaDR3_1893101535448502400,59808,2022-08-17,16.39028,0.012087,1,GW Vir,2022
GaiaDR3_1893101535448502400,59809,2022-08-18,16.391632,0.008094,3,GW Vir,2022
GaiaDR3_1893101535448502400,59810,2022-08-19,16.373389,0.00851,2,GW Vir,2022
GaiaDR3_1893101535448502400,59811,2022-08-20,16.365786,0.008494,2,GW Vir,2022
GaiaDR3_1893101535448502400,59812,2022-08-21,16.393172,0.009707,2,GW Vir,2022
GaiaDR3_1893101535448502400,59813,2022-08-22,16.398553,0.010303,2,GW Vir,2022
GaiaDR3_1893101535448502400,59814,2022-08-23,16.398921,0.008565,2,GW Vir,2022
GaiaDR3_1893101535448502400,59815,2022-08-24,16.367872,0.006939,3,GW Vir,2022
GaiaDR3_1893101535448502400,59816,2022-08-25,16.354033,0.008469,2,GW Vir,2022
GaiaDR3_1893101535448502400,59817,2022-08-26,16.397062,0.008561,2,GW Vir,2022
GaiaDR3_1893101535448502400,59818,2022-08-27,16.372389,0.008508,2,GW Vir,2022
GaiaDR3_1893101535448502400,59819,2022-08-28,16.367172,0.010482,3,GW Vir,2022
GaiaDR3_1893101535448502400,59822,2022-08-31,16.392837,0.012094,1,GW Vir,2022
GaiaDR3_1893101535448502400,59823,2022-09-01,16.359,0.00848,2,GW Vir,2022
GaiaDR3_1893101535448502400,59824,2022-09-02,16.375908,0.006953,3,GW Vir,2022
GaiaDR3_1893101535448502400,59825,2022-09-03,16.393234,0.012096,1,GW Vir,2022
GaiaDR3_1893101535448502400,59826,2022-09-04,16.396217,0.006989,3,GW Vir,2022
GaiaDR3_1893101535448502400,59827,2022-09-05,16.396311,0.00856,2,GW Vir,2022
GaiaDR3_1893101535448502400,59828,2022-09-06,16.384809,0.01207,1,GW Vir,2022
GaiaDR3_1893101535448502400,59829,2022-09-07,16.394975,0.008557,2,GW Vir,2022
GaiaDR3_1893101535448502400,59830,2022-09-08,16.415798,0.012166,1,GW Vir,2022
GaiaDR3_1893101535448502400,59837,2022-09-15,16.383381,0.012065,1,GW Vir,2022
GaiaDR3_1893101535448502400,59838,2022-09-16,16.3566,0.011985,1,GW Vir,2022
GaiaDR3_1893101535448502400,59839,2022-09-17,16.389557,0.004588,7,GW Vir,2022
GaiaDR3_1893101535448502400,59840,2022-09-18,16.382447,0.006031,4,GW Vir,2022
GaiaDR3_1893101535448502400,59841,2022-09-19,16.363768,0.00675,7,GW Vir,2022
GaiaDR3_1893101535448502400,59842,2022-09-20,16.380265,0.008525,2,GW Vir,2022
GaiaDR3_1893101535448502400,59843,2022-09-21,16.381973,0.006964,3,GW Vir,2022
GaiaDR3_1893101535448502400,59844,2022-09-22,16.389965,0.008546,2,GW Vir,2022
GaiaDR3_1893101535448502400,59845,2022-09-23,16.388213,0.008542,2,GW Vir,2022
GaiaDR3_1893101535448502400,59846,2022-09-24,16.379709,0.008717,2,GW Vir,2022
GaiaDR3_1893101535448502400,59847,2022-09-25,16.379919,0.009323,3,GW Vir,2022
GaiaDR3_1893101535448502400,59848,2022-09-26,16.399739,0.008567,2,GW Vir,2022
GaiaDR3_1893101535448502400,59849,2022-09-27,16.373875,0.008511,2,GW Vir,2022
GaiaDR3_1893101535448502400,59851,2022-09-29,16.385063,0.012071,1,GW Vir,2022
GaiaDR3_1893101535448502400,59853,2022-10-01,16.392391,0.006982,3,GW Vir,2022
GaiaDR3_1893101535448502400,59854,2022-10-02,16.366916,0.008496,2,GW Vir,2022
GaiaDR3_1893101535448502400,59855,2022-10-03,16.361532,0.008485,2,GW Vir,2022
GaiaDR3_1893101535448502400,59856,2022-10-04,16.378094,0.00852,2,GW Vir,2022
GaiaDR3_1893101535448502400,59857,2022-10-05,16.38855,0.009473,3,GW Vir,2022
GaiaDR3_1893101535448502400,59858,2022-10-06,16.391964,0.012092,1,GW Vir,2022
GaiaDR3_1893101535448502400,59859,2022-10-07,16.390179,0.008546,2,GW Vir,2022
GaiaDR3_1893101535448502400,59860,2022-10-08,16.401503,0.008571,2,GW Vir,2022
GaiaDR3_1893101535448502400,59861,2022-10-09,16.401848,0.008572,2,GW Vir,2022
GaiaDR3_1893101535448502400,59862,2022-10-10,16.402384,0.012124,1,GW Vir,2022
GaiaDR3_1893101535448502400,59863,2022-10-11,16.365818,0.012012,1,GW Vir,2022
GaiaDR3_1893101535448502400,59864,2022-10-12,16.384331,0.008534,2,GW Vir,2022
GaiaDR3_1893101535448502400,59865,2022-10-13,16.388813,0.008543,2,GW Vir,2022
GaiaDR3_1893101535448502400,59867,2022-10-15,16.380283,0.006961,3,GW Vir,2022
GaiaDR3_1893101535448502400,59869,2022-10-17,16.364067,0.012007,1,GW Vir,2022
GaiaDR3_1893101535448502400,59870,2022-10-18,16.391991,0.008213,3,GW Vir,2022
GaiaDR3_1893101535448502400,59871,2022-10-19,16.40123,0.01212,1,GW Vir,2022
GaiaDR3_1893101535448502400,59872,2022-10-20,16.379791,0.00696,3,GW Vir,2022
GaiaDR3_1893101535448502400,59873,2022-10-21,16.367437,0.008497,2,GW Vir,2022
GaiaDR3_1893101535448502400,59874,2022-10-22,16.370678,0.006944,3,GW Vir,2022
GaiaDR3_1893101535448502400,59877,2022-10-25,16.360436,0.009442,3,GW Vir,2022
GaiaDR3_1893101535448502400,59878,2022-10-26,16.382415,0.00853,2,GW Vir,2022
GaiaDR3_1893101535448502400,59879,2022-10-27,16.408218,0.007218,3,GW Vir,2022
GaiaDR3_1893101535448502400,59880,2022-10-28,16.391422,0.008549,2,GW Vir,2022
GaiaDR3_1893101535448502400,59881,2022-10-29,16.376842,0.012046,1,GW Vir,2022
GaiaDR3_1893101535448502400,59883,2022-10-31,16.382847,0.012064,1,GW Vir,2022
GaiaDR3_1893101535448502400,59885,2022-11-02,16.387098,0.00854,2,GW Vir,2022
GaiaDR3_1893101535448502400,59888,2022-11-05,16.408064,0.012142,1,GW Vir,2022
GaiaDR3_1893101535448502400,59889,2022-11-06,16.427578,0.012203,1,GW Vir,2022
GaiaDR3_1893101535448502400,59894,2022-11-11,16.407102,0.008583,2,GW Vir,2022
GaiaDR3_1893101535448502400,59895,2022-11-12,16.381193,0.008527,2,GW Vir,2022
GaiaDR3_1893101535448502400,59896,2022-11-13,16.369755,0.006942,3,GW Vir,2022
GaiaDR3_1893101535448502400,59897,2022-11-14,16.396048,0.008559,2,GW Vir,2022
GaiaDR3_1893101535448502400,59898,2022-11-15,16.374737,0.006951,3,GW Vir,2022
GaiaDR3_1893101535448502400,59899,2022-11-16,16.391433,0.008549,2,GW Vir,2022
GaiaDR3_1893101535448502400,59900,2022-11-17,16.342674,0.011944,1,GW Vir,2022
GaiaDR3_1893101535448502400,59902,2022-11-19,16.398617,0.012823,3,GW Vir,2022
GaiaDR3_1893101535448502400,59903,2022-11-20,16.386098,0.008538,2,GW Vir,2022
GaiaDR3_1893101535448502400,59904,2022-11-21,16.372723,0.014478,3,GW Vir,2022
GaiaDR3_1893101535448502400,59906,2022-11-23,16.407358,0.01214,1,GW Vir,2022
GaiaDR3_1893101535448502400,59908,2022-11-25,16.351131,0.010284,3,GW Vir,2022
GaiaDR3_1893101535448502400,59909,2022-11-26,16.368876,0.008501,2,GW Vir,2022
GaiaDR3_1893101535448502400,59910,2022-11-27,16.395561,0.008558,2,GW Vir,2022
GaiaDR3_1893101535448502400,59913,2022-11-30,16.375301,0.012041,1,GW Vir,2022
GaiaDR3_1893101535448502400,59914,2022-12-01,16.385418,0.012072,1,GW Vir,2022
GaiaDR3_1893101535448502400,59922,2022-12-09,16.392475,0.012093,1,GW Vir,2022
GaiaDR3_1893101535448502400,59924,2022-12-11,16.43092,0.012214,1,GW Vir,2022
GaiaDR3_1893101535448502400,59930,2022-12-17,16.346592,0.011955,1,GW Vir,2022
GaiaDR3_1893101535448502400,59932,2022-12-19,16.390276,0.012087,1,GW Vir,2022
GaiaDR3_1893101535448502400,59934,2022-12-21,16.407444,0.01214,1,GW Vir,2022
GaiaDR3_1893101535448502400,59951,2023-01-07,16.44556,0.012261,1,GW Vir,2023
GaiaDR3_1893101535448502400,60073,2023-05-09,16.429634,0.01221,1,GW Vir,2023
GaiaDR3_1893101535448502400,60099,2023-06-04,16.416325,0.012168,1,GW Vir,2023
GaiaDR3_1893101535448502400,60103,2023-06-08,16.40918,0.012145,1,GW Vir,2023
GaiaDR3_1893101535448502400,60108,2023-06-13,16.394968,0.012101,1,GW Vir,2023
GaiaDR3_1893101535448502400,60110,2023-06-15,16.364513,0.012008,1,GW Vir,2023
GaiaDR3_1893101535448502400,60113,2023-06-18,16.402092,0.012123,1,GW Vir,2023
GaiaDR3_1893101535448502400,60116,2023-06-21,16.386295,0.012074,1,GW Vir,2023
GaiaDR3_1893101535448502400,60119,2023-06-24,16.379887,0.012055,1,GW Vir,2023
GaiaDR3_1893101535448502400,60121,2023-06-26,16.394363,0.012099,1,GW Vir,2023
GaiaDR3_1893101535448502400,60123,2023-06-28,16.368427,0.01202,1,GW Vir,2023
GaiaDR3_1893101535448502400,60125,2023-06-30,16.388361,0.012081,1,GW Vir,2023
GaiaDR3_1893101535448502400,60133,2023-07-08,16.388281,0.01208,1,GW Vir,2023
GaiaDR3_1893101535448502400,60134,2023-07-09,16.388882,0.012082,1,GW Vir,2023
GaiaDR3_1893101535448502400,60135,2023-07-10,16.399595,0.006995,3,GW Vir,2023
GaiaDR3_1893101535448502400,60136,2023-07-11,16.386688,0.012076,1,GW Vir,2023
GaiaDR3_1893101535448502400,60137,2023-07-12,16.36776,0.006939,3,GW Vir,2023
GaiaDR3_1893101535448502400,60138,2023-07-13,16.389784,0.008545,2,GW Vir,2023
GaiaDR3_1893101535448502400,60139,2023-07-14,16.386698,0.012076,1,GW Vir,2023
GaiaDR3_1893101535448502400,60140,2023-07-15,16.392672,0.008552,2,GW Vir,2023
GaiaDR3_1893101535448502400,60141,2023-07-16,16.368073,0.008499,2,GW Vir,2023
GaiaDR3_1893101535448502400,60143,2023-07-18,16.40827,0.012142,1,GW Vir,2023
GaiaDR3_1893101535448502400,60144,2023-07-19,16.397793,0.007476,3,GW Vir,2023
GaiaDR3_1893101535448502400,60145,2023-07-20,16.382609,0.00853,2,GW Vir,2023
GaiaDR3_1893101535448502400,60147,2023-07-22,16.377375,0.006955,3,GW Vir,2023
GaiaDR3_1893101535448502400,60148,2023-07-23,16.382014,0.008529,2,GW Vir,2023
GaiaDR3_1893101535448502400,60149,2023-07-24,16.389005,0.008544,2,GW Vir,2023
GaiaDR3_1893101535448502400,60150,2023-07-25,16.391716,0.012091,1,GW Vir,2023
GaiaDR3_1893101535448502400,60151,2023-07-26,16.367288,0.011814,2,GW Vir,2023
GaiaDR3_1893101535448502400,60152,2023-07-27,16.394266,0.006985,3,GW Vir,2023
GaiaDR3_1893101535448502400,60153,2023-07-28,16.427429,0.012203,1,GW Vir,2023
GaiaDR3_1893101535448502400,60155,2023-07-30,16.36618,0.012013,1,GW Vir,2023
GaiaDR3_1893101535448502400,60156,2023-07-31,16.353142,0.011974,1,GW Vir,2023
GaiaDR3_1893101535448502400,60157,2023-08-01,16.424551,0.012194,1,GW Vir,2023
GaiaDR3_1893101535448502400,60159,2023-08-03,16.380764,0.012058,1,GW Vir,2023
GaiaDR3_1893101535448502400,60160,2023-08-04,16.368869,0.008501,2,GW Vir,2023
GaiaDR3_1893101535448502400,60161,2023-08-05,16.400523,0.008569,2,GW Vir,2023
GaiaDR3_1893101535448502400,60162,2023-08-06,16.389854,0.009058,2,GW Vir,2023
GaiaDR3_1893101535448502400,60163,2023-08-07,16.377319,0.006955,3,GW Vir,2023
GaiaDR3_1893101535448502400,60168,2023-08-12,16.36627,0.006936,3,GW Vir,2023
GaiaDR3_1893101535448502400,60169,2023-08-13,16.369177,0.012022,1,GW Vir,2023
GaiaDR3_1893101535448502400,60170,2023-08-14,16.392326,0.008551,2,GW Vir,2023
GaiaDR3_1893101535448502400,60171,2023-08-15,16.401075,0.00857,2,GW Vir,2023
GaiaDR3_1893101535448502400,60173,2023-08-17,16.372963,0.006948,3,GW Vir,2023
GaiaDR3_1893101535448502400,60174,2023-08-18,16.386988,0.009523,2,GW Vir,2023
GaiaDR3_1893101535448502400,60181,2023-08-25,16.390326,0.008547,2,GW Vir,2023
GaiaDR3_1893101535448502400,60182,2023-08-26,16.367322,0.008497,2,GW Vir,2023
GaiaDR3_1893101535448502400,60183,2023-08-27,16.390354,0.006978,3,GW Vir,2023
GaiaDR3_1893101535448502400,60184,2023-08-28,16.414331,0.008599,2,GW Vir,2023
GaiaDR3_1893101535448502400,60185,2023-08-29,16.393528,0.018966,3,GW Vir,2023
GaiaDR3_1893101535448502400,60186,2023-08-30,16.412492,0.016977,2,GW Vir,2023
GaiaDR3_1893101535448502400,60187,2023-08-31,16.389469,0.012084,1,GW Vir,2023
GaiaDR3_1893101535448502400,60191,2023-09-04,16.371559,0.008506,2,GW Vir,2023
GaiaDR3_1893101535448502400,60192,2023-09-05,16.389178,0.008544,2,GW Vir,2023
GaiaDR3_1893101535448502400,60193,2023-09-06,16.396971,0.008579,2,GW Vir,2023
GaiaDR3_1893101535448502400,60194,2023-09-07,16.388504,0.008078,3,GW Vir,2023
GaiaDR3_1893101535448502400,60195,2023-09-08,16.384395,0.008534,2,GW Vir,2023
GaiaDR3_1893101535448502400,60196,2023-09-09,16.382759,0.012064,1,GW Vir,2023
GaiaDR3_1893101535448502400,60198,2023-09-11,16.381887,0.010106,2,GW Vir,2023
GaiaDR3_1893101535448502400,60200,2023-09-13,16.362557,0.00693,3,GW Vir,2023
GaiaDR3_1893101535448502400,60201,2023-09-14,16.375996,0.008516,2,GW Vir,2023
GaiaDR3_1893101535448502400,60202,2023-09-15,16.399563,0.006995,3,GW Vir,2023
GaiaDR3_1893101535448502400,60203,2023-09-16,16.356731,0.011985,1,GW Vir,2023
GaiaDR3_1893101535448502400,60204,2023-09-17,16.36816,0.01078,3,GW Vir,2023
GaiaDR3_1893101535448502400,60205,2023-09-18,16.372881,0.008509,2,GW Vir,2023
GaiaDR3_1893101535448502400,60206,2023-09-19,16.376095,0.010252,3,GW Vir,2023
GaiaDR3_1893101535448502400,60207,2023-09-20,16.396379,0.00856,2,GW Vir,2023
GaiaDR3_1893101535448502400,60211,2023-09-24,16.386786,0.008539,2,GW Vir,2023
GaiaDR3_1893101535448502400,60212,2023-09-25,16.400759,0.006997,3,GW Vir,2023
GaiaDR3_1893101535448502400,60213,2023-09-26,16.366909,0.008496,2,GW Vir,2023
GaiaDR3_1893101535448502400,60214,2023-09-27,16.431824,0.024106,3,GW Vir,2023
GaiaDR3_1893101535448502400,60215,2023-09-28,16.394381,0.008633,2,GW Vir,2023
GaiaDR3_1893101535448502400,60216,2023-09-29,16.397747,0.01211,1,GW Vir,2023
GaiaDR3_1893101535448502400,60220,2023-10-03,16.396748,0.00699,3,GW Vir,2023
GaiaDR3_1893101535448502400,60221,2023-10-04,16.374054,0.012092,2,GW Vir,2023
GaiaDR3_1893101535448502400,60222,2023-10-05,16.37455,0.006951,3,GW Vir,2023
GaiaDR3_1893101535448502400,60223,2023-10-06,16.364822,0.008756,2,GW Vir,2023
GaiaDR3_1893101535448502400,60224,2023-10-07,16.398434,0.006993,3,GW Vir,2023
GaiaDR3_1893101535448502400,60226,2023-10-09,16.374071,0.008512,2,GW Vir,2023
GaiaDR3_1893101535448502400,60227,2023-10-10,16.373836,0.013662,3,GW Vir,2023
GaiaDR3_1893101535448502400,60228,2023-10-11,16.372225,0.009669,2,GW Vir,2023
GaiaDR3_1893101535448502400,60230,2023-10-13,16.3955,0.008558,2,GW Vir,2023
GaiaDR3_1893101535448502400,60231,2023-10-14,16.367085,0.008497,2,GW Vir,2023
GaiaDR3_1893101535448502400,60232,2023-10-15,16.377811,0.00852,2,GW Vir,2023
GaiaDR3_1893101535448502400,60233,2023-10-16,16.407864,0.008585,2,GW Vir,2023
GaiaDR3_1893101535448502400,60234,2023-10-17,16.375664,0.006952,3,GW Vir,2023
GaiaDR3_1893101535448502400,60235,2023-10-18,16.378428,0.008521,2,GW Vir,2023
GaiaDR3_1893101535448502400,60236,2023-10-19,16.367283,0.006938,3,GW Vir,2023
GaiaDR3_1893101535448502400,60237,2023-10-20,16.389929,0.008546,2,GW Vir,2023
GaiaDR3_1893101535448502400,60238,2023-10-21,16.398682,0.006993,3,GW Vir,2023
GaiaDR3_1893101535448502400,60239,2023-10-22,16.383261,0.008531,2,GW Vir,2023
GaiaDR3_1893101535448502400,60242,2023-10-25,16.394955,0.006987,3,GW Vir,2023
GaiaDR3_1893101535448502400,60244,2023-10-27,16.377626,0.012048,1,GW Vir,2023
GaiaDR3_1893101535448502400,60245,2023-10-28,16.39311,0.014001,2,GW Vir,2023
GaiaDR3_1893101535448502400,60249,2023-11-01,16.360413,0.011996,1,GW Vir,2023
GaiaDR3_1893101535448502400,60250,2023-11-02,16.376602,0.006954,3,GW Vir,2023
GaiaDR3_1893101535448502400,60251,2023-11-03,16.395424,0.008558,2,GW Vir,2023
GaiaDR3_1893101535448502400,60252,2023-11-04,16.390522,0.006979,3,GW Vir,2023
GaiaDR3_1893101535448502400,60253,2023-11-05,16.372118,0.008507,2,GW Vir,2023
GaiaDR3_1893101535448502400,60254,2023-11-06,16.372189,0.015293,3,GW Vir,2023
GaiaDR3_1893101535448502400,60255,2023-11-07,16.386901,0.008539,2,GW Vir,2023
GaiaDR3_1893101535448502400,60257,2023-11-09,16.372311,0.008977,3,GW Vir,2023
GaiaDR3_1893101535448502400,60258,2023-11-10,16.3779,0.010264,2,GW Vir,2023
GaiaDR3_1893101535448502400,60259,2023-11-11,16.38686,0.006972,3,GW Vir,2023
GaiaDR3_1893101535448502400,60260,2023-11-12,16.404603,0.008578,2,GW Vir,2023
GaiaDR3_1893101535448502400,60261,2023-11-13,16.38773,0.006974,3,GW Vir,2023
GaiaDR3_1893101535448502400,60262,2023-11-14,16.347872,0.008456,2,GW Vir,2023
GaiaDR3_1893101535448502400,60284,2023-12-06,16.364895,0.01201,1,GW Vir,2023
GaiaDR3_1893101535448502400,60289,2023-12-11,16.35928,0.011993,1,GW Vir,2023
GaiaDR3_1893101535448502400,60290,2023-12-12,16.400967,0.01212,1,GW Vir,2023
GaiaDR3_1893101535448502400,60291,2023-12-13,16.408119,0.012142,1,GW Vir,2023
GaiaDR3_1893101535448502400,60311,2024-01-02,16.365551,0.012012,1,GW Vir,2024
GaiaDR3_1893101535448502400,60428,2024-04-28,16.379921,0.012055,1,GW Vir,2024
GaiaDR3_1893101535448502400,60432,2024-05-02,16.398548,0.012112,1,GW Vir,2024
GaiaDR3_1893101535448502400,60434,2024-05-04,16.390867,0.012088,1,GW Vir,2024
GaiaDR3_1893101535448502400,60449,2024-05-19,16.391651,0.012091,1,GW Vir,2024
GaiaDR3_1893101535448502400,60451,2024-05-21,16.359272,0.011993,1,GW Vir,2024
GaiaDR3_1893101535448502400,60456,2024-05-26,16.369114,0.012022,1,GW Vir,2024
GaiaDR3_1893101535448502400,60462,2024-06-01,16.400402,0.012118,1,GW Vir,2024
GaiaDR3_1893101535448502400,60464,2024-06-03,16.373978,0.012037,1,GW Vir,2024
GaiaDR3_1893101535448502400,60473,2024-06-12,16.393604,0.012097,1,GW Vir,2024
GaiaDR3_1893101535448502400,60476,2024-06-15,16.385776,0.012073,1,GW Vir,2024
GaiaDR3_1893101535448502400,60479,2024-06-18,16.396044,0.012104,1,GW Vir,2024
GaiaDR3_1893101535448502400,60485,2024-06-24,16.398777,0.012113,1,GW Vir,2024
GaiaDR3_1893101535448502400,60488,2024-06-27,16.388268,0.01208,1,GW Vir,2024
GaiaDR3_1893101535448502400,60490,2024-06-29,16.381285,0.012059,1,GW Vir,2024
GaiaDR3_1893101535448502400,60499,2024-07-08,16.37999,0.00696,3,GW Vir,2024
GaiaDR3_1893101535448502400,60500,2024-07-09,16.381064,0.008527,2,GW Vir,2024
GaiaDR3_1893101535448502400,60501,2024-07-10,16.399181,0.006994,3,GW Vir,2024
GaiaDR3_1893101535448502400,60502,2024-07-11,16.399429,0.012115,1,GW Vir,2024
GaiaDR3_1893101535448502400,60503,2024-07-12,16.410651,0.008591,2,GW Vir,2024
GaiaDR3_1893101535448502400,60504,2024-07-13,16.381261,0.008527,2,GW Vir,2024
GaiaDR3_1893101535448502400,60505,2024-07-14,16.371206,0.006945,3,GW Vir,2024
GaiaDR3_1893101535448502400,60507,2024-07-16,16.391226,0.008549,2,GW Vir,2024
GaiaDR3_1893101535448502400,60509,2024-07-18,16.378483,0.006957,3,GW Vir,2024
GaiaDR3_1893101535448502400,60510,2024-07-19,16.389629,0.008545,2,GW Vir,2024
GaiaDR3_1893101535448502400,60511,2024-07-20,16.401546,0.010077,3,GW Vir,2024
GaiaDR3_1893101535448502400,60512,2024-07-21,16.434166,0.012224,1,GW Vir,2024
GaiaDR3_1893101535448502400,60514,2024-07-23,16.406698,0.012137,1,GW Vir,2024
GaiaDR3_1893101535448502400,60516,2024-07-25,16.403254,0.012127,1,GW Vir,2024
GaiaDR3_1893101535448502400,60519,2024-07-28,16.375515,0.012042,1,GW Vir,2024
GaiaDR3_1893101535448502400,60521,2024-07-30,16.366409,0.012014,1,GW Vir,2024
GaiaDR3_1893101535448502400,60525,2024-08-03,16.409325,0.012146,1,GW Vir,2024
GaiaDR3_1893101535448502400,60527,2024-08-05,16.372684,0.012033,1,GW Vir,2024
GaiaDR3_1893101535448502400,60531,2024-08-09,16.370405,0.012026,1,GW Vir,2024
GaiaDR3_1893101535448502400,60536,2024-08-14,16.360422,0.011996,1,GW Vir,2024
GaiaDR3_1893101535448502400,60538,2024-08-16,16.408253,0.012142,1,GW Vir,2024
GaiaDR3_1893101535448502400,60540,2024-08-18,16.383789,0.012067,1,GW Vir,2024
GaiaDR3_1893101535448502400,60544,2024-08-22,16.368813,0.012021,1,GW Vir,2024
GaiaDR3_1893101535448502400,60547,2024-08-25,16.405306,0.012133,1,GW Vir,2024
GaiaDR3_1893101535448502400,60549,2024-08-27,16.341225,0.011939,1,GW Vir,2024
GaiaDR3_1893101535448502400,60551,2024-08-29,16.3999,0.012116,1,GW Vir,2024
GaiaDR3_1893101535448502400,60553,2024-08-31,16.388454,0.012081,1,GW Vir,2024
GaiaDR3_1893101535448502400,60556,2024-09-03,16.420885,0.012182,1,GW Vir,2024
GaiaDR3_1893101535448502400,60558,2024-09-05,16.377209,0.012047,1,GW Vir,2024
GaiaDR3_1893101535448502400,60562,2024-09-09,16.389925,0.012086,1,GW Vir,2024
GaiaDR3_1893101535448502400,60569,2024-09-16,16.421921,0.012185,1,GW Vir,2024
GaiaDR3_1893101535448502400,60575,2024-09-22,16.383247,0.012065,1,GW Vir,2024
GaiaDR3_1893101535448502400,60576,2024-09-23,16.365795,0.012012,1,GW Vir,2024
GaiaDR3_1893101535448502400,60577,2024-09-24,16.368877,0.012022,1,GW Vir,2024
GaiaDR3_1893101535448502400,60578,2024-09-25,16.391029,0.012089,1,GW Vir,2024
GaiaDR3_1893101535448502400,60580,2024-09-27,16.361292,0.011999,1,GW Vir,2024
GaiaDR3_1893101535448502400,60592,2024-10-09,16.37973,0.012054,1,GW Vir,2024
GaiaDR3_1893101535448502400,60594,2024-10-11,16.376274,0.012044,1,GW Vir,2024
GaiaDR3_1893101535448502400,60596,2024-10-13,16.387878,0.012079,1,GW Vir,2024
GaiaDR3_1893101535448502400,60598,2024-10-15,16.372021,0.012031,1,GW Vir,2024
GaiaDR3_1893101535448502400,60600,2024-10-17,16.351543,0.01197,1,GW Vir,2024
GaiaDR3_1893101535448502400,60603,2024-10-20,16.372826,0.012033,1,GW Vir,2024
GaiaDR3_1893101535448502400,60607,2024-10-24,16.364784,0.012009,1,GW Vir,2024
GaiaDR3_1893101535448502400,60609,2024-10-26,16.400482,0.012118,1,GW Vir,2024
GaiaDR3_1893101535448502400,60614,2024-10-31,16.392777,0.012094,1,GW Vir,2024
GaiaDR3_1893101535448502400,60621,2024-11-07,16.365467,0.012011,1,GW Vir,2024
GaiaDR3_1893101535448502400,60625,2024-11-11,16.383537,0.012066,1,GW Vir,2024
GaiaDR3_1893101535448502400,60627,2024-11-13,16.411541,0.012153,1,GW Vir,2024
GaiaDR3_1893101535448502400,60629,2024-11-15,16.348503,0.011961,1,GW Vir,2024
GaiaDR3_1893101535448502400,60634,2024-11-20,16.355896,0.011983,1,GW Vir,2024
GaiaDR3_1893101535448502400,60636,2024-11-22,16.400595,0.012118,1,GW Vir,2024
GaiaDR3_1893101535448502400,60647,2024-12-03,16.338196,0.01193,1,GW Vir,2024
GaiaDR3_1893101535448502400,60649,2024-12-05,16.407276,0.012139,1,GW Vir,2024
GaiaDR3_1893101535448502400,60651,2024-12-07,16.374849,0.01204,1,GW Vir,2024
GaiaDR3_1893101535448502400,60655,2024-12-11,16.385126,0.012071,1,GW Vir,2024
GaiaDR3_1893101535448502400,60663,2024-12-19,16.396322,0.012105,1,GW Vir,2024
GaiaDR3_1893101535448502400,60673,2024-12-29,16.390823,0.012088,1,GW Vir,2024
GaiaDR3_1893101535448502400,60675,2024-12-31,16.371141,0.012028,1,GW Vir,2024
GaiaDR3_1893101535448502400,60681,2025-01-06,16.414139,0.012161,1,GW Vir,2025
GaiaDR3_1893101535448502400,60684,2025-01-09,16.385193,0.012071,1,GW Vir,2025
GaiaDR3_1893101535448502400,60686,2025-01-11,16.39843,0.012112,1,GW Vir,2025
GaiaDR3_1893101535448502400,60804,2025-05-09,16.40213,0.012123,1,GW Vir,2025
GaiaDR3_1893101535448502400,60810,2025-05-15,16.366617,0.012015,1,GW Vir,2025
GaiaDR3_1893101535448502400,60815,2025-05-20,16.394665,0.0121,1,GW Vir,2025
GaiaDR3_1893101535448502400,60817,2025-05-22,16.405704,0.012134,1,GW Vir,2025
GaiaDR3_1893101535448502400,60821,2025-05-26,16.384277,0.012068,1,GW Vir,2025
GaiaDR3_1893101535448502400,60823,2025-05-28,16.374165,0.012037,1,GW Vir,2025
GaiaDR3_1893101535448502400,60831,2025-06-05,16.371201,0.012029,1,GW Vir,2025
GaiaDR3_1893101535448502400,60833,2025-06-07,16.388004,0.01208,1,GW Vir,2025
GaiaDR3_1893101535448502400,60835,2025-06-09,16.38306,0.012065,1,GW Vir,2025
GaiaDR3_1893101535448502400,60838,2025-06-12,16.416038,0.012167,1,GW Vir,2025
GaiaDR3_1893101535448502400,60841,2025-06-15,16.3813,0.012059,1,GW Vir,2025
GaiaDR3_1893101535448502400,60843,2025-06-17,16.403872,0.012129,1,GW Vir,2025
GaiaDR3_1893101535448502400,60846,2025-06-20,16.409994,0.012148,1,GW Vir,2025
GaiaDR3_1893101535448502400,60848,2025-06-22,16.381737,0.01206,1,GW Vir,2025
GaiaDR3_1893101535448502400,60853,2025-06-27,16.382263,0.012062,1,GW Vir,2025
GaiaDR3_1893101535448502400,60856,2025-06-30,16.415011,0.012164,1,GW Vir,2025
GaiaDR3_1893101535448502400,60858,2025-07-02,16.375084,0.01204,1,GW Vir,2025
GaiaDR3_1893101535448502400,60860,2025-07-04,16.395357,0.012102,1,GW Vir,2025
GaiaDR3_1893101535448502400,60866,2025-07-10,16.373192,0.012035,1,GW Vir,2025
GaiaDR3_1893101535448502400,60869,2025-07-13,16.404903,0.012132,1,GW Vir,2025
GaiaDR3_1893101535448502400,60875,2025-07-19,16.39426,0.012099,1,GW Vir,2025
GaiaDR3_1893101535448502400,60877,2025-07-21,16.35463,0.011979,1,GW Vir,2025
GaiaDR3_1893101535448502400,60879,2025-07-23,16.398483,0.012112,1,GW Vir,2025
GaiaDR3_1893101535448502400,60881,2025-07-25,16.378952,0.012052,1,GW Vir,2025
GaiaDR3_1893101535448502400,60884,2025-07-28,16.39011,0.012086,1,GW Vir,2025
GaiaDR3_1893101535448502400,60888,2025-08-01,16.370956,0.012028,1,GW Vir,2025
GaiaDR3_1893101535448502400,60891,2025-08-04,16.401777,0.012122,1,GW Vir,2025
GaiaDR3_1893101535448502400,60894,2025-08-07,16.379875,0.012055,1,GW Vir,2025
GaiaDR3_1893101535448502400,60897,2025-08-10,16.399105,0.012114,1,GW Vir,2025
GaiaDR3_1893101535448502400,60899,2025-08-12,16.399044,0.012114,1,GW Vir,2025
GaiaDR3_1893101535448502400,60901,2025-08-14,16.401012,0.01212,1,GW Vir,2025
GaiaDR3_1893101535448502400,60903,2025-08-16,16.368433,0.01202,1,GW Vir,2025
GaiaDR3_1893101535448502400,60905,2025-08-18,16.403284,0.012127,1,GW Vir,2025
GaiaDR3_1893101535448502400,60909,2025-08-22,16.378212,0.01205,1,GW Vir,2025
GaiaDR3_1893101535448502400,60911,2025-08-24,16.374355,0.012038,1,GW Vir,2025
GaiaDR3_1893101535448502400,60913,2025-08-26,16.383062,0.012065,1,GW Vir,2025
GaiaDR3_1893101535448502400,60916,2025-08-29,16.345211,0.011951,1,GW Vir,2025
GaiaDR3_1893101535448502400,60918,2025-08-31,16.413914,0.01216,1,GW Vir,2025
GaiaDR3_1893101535448502400,60920,2025-09-02,16.36153,0.011999,1,GW Vir,2025
GaiaDR3_1893101535448502400,60922,2025-09-04,16.375507,0.012042,1,GW Vir,2025
GaiaDR3_1893101535448502400,60924,2025-09-06,16.380226,0.012056,1,GW Vir,2025
GaiaDR3_1893101535448502400,60926,2025-09-08,16.411961,0.012154,1,GW Vir,2025
GaiaDR3_1893101535448502400,60928,2025-09-10,16.402214,0.012124,1,GW Vir,2025
GaiaDR3_1893101535448502400,60930,2025-09-12,16.36515,0.01201,1,GW Vir,2025
GaiaDR3_1893101535448502400,60933,2025-09-15,16.37706,0.012046,1,GW Vir,2025
GaiaDR3_1893101535448502400,60935,2025-09-17,16.392784,0.012094,1,GW Vir,2025
GaiaDR3_1893101535448502400,60939,2025-09-21,16.367275,0.012017,1,GW Vir,2025
GaiaDR3_1893101535448502400,60942,2025-09-24,16.357296,0.011987,1,GW Vir,2025
GaiaDR3_1893101535448502400,60944,2025-09-26,16.353908,0.011977,1,GW Vir,2025
GaiaDR3_1893101535448502400,60949,2025-10-01,16.407715,0.012141,1,GW Vir,2025
GaiaDR3_1893101535448502400,60951,2025-10-03,16.398972,0.012113,1,GW Vir,2025
GaiaDR3_1893101535448502400,60953,2025-10-05,16.376747,0.012045,1,GW Vir,2025
GaiaDR3_1893101535448502400,60955,2025-10-07,16.393717,0.012097,1,GW Vir,2025
GaiaDR3_1893101535448502400,60957,2025-10-09,16.381998,0.012061,1,GW Vir,2025
GaiaDR3_1893101535448502400,60960,2025-10-12,16.357223,0.011987,1,GW Vir,2025
GaiaDR3_1893101535448502400,60965,2025-10-17,16.366871,0.012015,1,GW Vir,2025
GaiaDR3_1893101535448502400,60967,2025-10-19,16.373394,0.012035,1,GW Vir,2025
GaiaDR3_1893101535448502400,60969,2025-10-21,16.369774,0.012024,1,GW Vir,2025
GaiaDR3_1893512958955407232,58234,2018-04-26,17.773548,0.021263,1,unclassified,2018
GaiaDR3_1893512958955407232,58254,2018-05-16,17.755236,0.021056,1,unclassified,2018
GaiaDR3_1893512958955407232,58261,2018-05-23,17.729176,0.020767,1,unclassified,2018
GaiaDR3_1893512958955407232,58266,2018-05-28,17.721275,0.020681,1,unclassified,2018
GaiaDR3_1893512958955407232,58269,2018-05-31,17.765936,0.021177,1,unclassified,2018
GaiaDR3_1893512958955407232,58272,2018-06-03,17.767298,0.021192,1,unclassified,2018
GaiaDR3_1893512958955407232,58273,2018-06-04,17.778217,0.021317,1,unclassified,2018
GaiaDR3_1893512958955407232,58274,2018-06-05,17.687834,0.020322,1,unclassified,2018
GaiaDR3_1893512958955407232,58275,2018-06-06,17.756508,0.014899,2,unclassified,2018
GaiaDR3_1893512958955407232,58276,2018-06-07,17.782761,0.021369,1,unclassified,2018
GaiaDR3_1893512958955407232,58277,2018-06-08,17.817614,0.021777,1,unclassified,2018
GaiaDR3_1893512958955407232,58278,2018-06-09,17.797031,0.015227,2,unclassified,2018
GaiaDR3_1893512958955407232,58279,2018-06-10,17.768042,0.021201,1,unclassified,2018
GaiaDR3_1893512958955407232,58280,2018-06-11,17.730749,0.020784,1,unclassified,2018
GaiaDR3_1893512958955407232,58281,2018-06-12,17.686934,0.014364,2,unclassified,2018
GaiaDR3_1893512958955407232,58282,2018-06-13,17.78842,0.021434,1,unclassified,2018
GaiaDR3_1893512958955407232,58283,2018-06-14,17.701016,0.020462,1,unclassified,2018
GaiaDR3_1893512958955407232,58287,2018-06-18,17.770527,0.021229,1,unclassified,2018
GaiaDR3_1893512958955407232,58290,2018-06-21,17.752737,0.021028,1,unclassified,2018
GaiaDR3_1893512958955407232,58293,2018-06-24,17.774826,0.021278,1,unclassified,2018
GaiaDR3_1893512958955407232,58296,2018-06-27,17.786482,0.021412,1,unclassified,2018
GaiaDR3_1893512958955407232,58299,2018-06-30,17.780531,0.021343,1,unclassified,2018
GaiaDR3_1893512958955407232,58302,2018-07-03,17.755743,0.021062,1,unclassified,2018
GaiaDR3_1893512958955407232,58304,2018-07-05,17.736736,0.018471,2,unclassified,2018
GaiaDR3_1893512958955407232,58305,2018-07-06,17.753845,0.02104,1,unclassified,2018
GaiaDR3_1893512958955407232,58307,2018-07-08,17.725971,0.018356,2,unclassified,2018
GaiaDR3_1893512958955407232,58311,2018-07-12,17.771273,0.021237,1,unclassified,2018
GaiaDR3_1893512958955407232,58314,2018-07-15,17.818295,0.021785,1,unclassified,2018
GaiaDR3_1893512958955407232,58320,2018-07-21,17.726212,0.020734,1,unclassified,2018
GaiaDR3_1893512958955407232,58326,2018-07-27,17.711449,0.020574,1,unclassified,2018
GaiaDR3_1893512958955407232,58329,2018-07-30,17.719437,0.036932,3,unclassified,2018
GaiaDR3_1893512958955407232,58332,2018-08-02,17.819305,0.021797,1,unclassified,2018
GaiaDR3_1893512958955407232,58333,2018-08-03,17.775052,0.01889,2,unclassified,2018
GaiaDR3_1893512958955407232,58336,2018-08-06,17.767243,0.018802,2,unclassified,2018
GaiaDR3_1893512958955407232,58338,2018-08-08,17.769521,0.016925,2,unclassified,2018
GaiaDR3_1893512958955407232,58342,2018-08-12,17.794527,0.021505,1,unclassified,2018
GaiaDR3_1893512958955407232,58344,2018-08-14,17.712976,0.025765,1,unclassified,2018
GaiaDR3_1893512958955407232,58347,2018-08-17,17.776825,0.026741,1,unclassified,2018
GaiaDR3_1893512958955407232,58348,2018-08-18,17.784298,0.020659,2,unclassified,2018
GaiaDR3_1893512958955407232,58350,2018-08-20,17.766823,0.026584,1,unclassified,2018
GaiaDR3_1893512958955407232,58351,2018-08-21,17.760395,0.021114,1,unclassified,2018
GaiaDR3_1893512958955407232,58360,2018-08-30,17.705736,0.020513,1,unclassified,2018
GaiaDR3_1893512958955407232,58363,2018-09-02,17.76365,0.016852,2,unclassified,2018
GaiaDR3_1893512958955407232,58366,2018-09-05,17.770607,0.02123,1,unclassified,2018
GaiaDR3_1893512958955407232,58369,2018-09-08,17.807043,0.021652,1,unclassified,2018
GaiaDR3_1893512958955407232,58372,2018-09-11,17.754631,0.021049,1,unclassified,2018
GaiaDR3_1893512958955407232,58374,2018-09-13,17.701961,0.025603,1,unclassified,2018
GaiaDR3_1893512958955407232,58375,2018-09-14,17.756184,0.021067,1,unclassified,2018
GaiaDR3_1893512958955407232,58378,2018-09-17,17.765091,0.021167,1,unclassified,2018
GaiaDR3_1893512958955407232,58382,2018-09-21,17.805121,0.017243,2,unclassified,2018
GaiaDR3_1893512958955407232,58383,2018-09-22,17.789123,0.026936,1,unclassified,2018
GaiaDR3_1893512958955407232,58384,2018-09-23,17.806316,0.027213,1,unclassified,2018
GaiaDR3_1893512958955407232,58385,2018-09-24,17.750656,0.021005,1,unclassified,2018
GaiaDR3_1893512958955407232,58388,2018-09-27,17.762085,0.021133,1,unclassified,2018
GaiaDR3_1893512958955407232,58400,2018-10-09,17.766338,0.021181,1,unclassified,2018
GaiaDR3_1893512958955407232,58426,2018-11-04,17.713013,0.020591,1,unclassified,2018
GaiaDR3_1893512958955407232,58428,2018-11-06,17.717384,0.02583,1,unclassified,2018
GaiaDR3_1893512958955407232,58429,2018-11-07,17.720285,0.02067,1,unclassified,2018
GaiaDR3_1893512958955407232,58432,2018-11-10,17.728828,0.020763,1,unclassified,2018
GaiaDR3_1893512958955407232,58435,2018-11-13,17.760489,0.021115,1,unclassified,2018
GaiaDR3_1893512958955407232,58441,2018-11-19,17.730274,0.020779,1,unclassified,2018
GaiaDR3_1893512958955407232,58469,2018-12-17,17.78854,0.021436,1,unclassified,2018
GaiaDR3_1893512958955407232,58472,2018-12-20,17.750713,0.021005,1,unclassified,2018
GaiaDR3_1893512958955407232,58482,2018-12-30,17.698353,0.020434,1,unclassified,2018
GaiaDR3_1893512958955407232,58488,2019-01-05,17.734539,0.020826,1,unclassified,2019
GaiaDR3_1893512958955407232,58607,2019-05-04,17.807985,0.021663,1,unclassified,2019
GaiaDR3_1893512958955407232,58617,2019-05-14,17.802445,0.021598,1,unclassified,2019
GaiaDR3_1893512958955407232,58628,2019-05-25,17.707718,0.020534,1,unclassified,2019
GaiaDR3_1893512958955407232,58634,2019-05-31,17.744541,0.015413,3,unclassified,2019
GaiaDR3_1893512958955407232,58637,2019-06-03,17.713541,0.020597,1,unclassified,2019
GaiaDR3_1893512958955407232,58640,2019-06-06,17.706102,0.020517,1,unclassified,2019
GaiaDR3_1893512958955407232,58643,2019-06-09,17.718933,0.020655,1,unclassified,2019
GaiaDR3_1893512958955407232,58646,2019-06-12,17.797821,0.021544,1,unclassified,2019
GaiaDR3_1893512958955407232,58649,2019-06-15,17.791304,0.021468,1,unclassified,2019
GaiaDR3_1893512958955407232,58652,2019-06-18,17.756949,0.021075,1,unclassified,2019
GaiaDR3_1893512958955407232,58655,2019-06-21,17.735107,0.020832,1,unclassified,2019
GaiaDR3_1893512958955407232,58658,2019-06-24,17.766724,0.021186,1,unclassified,2019
GaiaDR3_1893512958955407232,58661,2019-06-27,17.767727,0.021197,1,unclassified,2019
GaiaDR3_1893512958955407232,58665,2019-07-01,17.815868,0.021756,1,unclassified,2019
GaiaDR3_1893512958955407232,58668,2019-07-04,17.777554,0.021309,1,unclassified,2019
GaiaDR3_1893512958955407232,58669,2019-07-05,17.663072,0.036947,2,unclassified,2019
GaiaDR3_1893512958955407232,58680,2019-07-16,17.729542,0.020771,1,unclassified,2019
GaiaDR3_1893512958955407232,58686,2019-07-22,17.694313,0.020391,1,unclassified,2019
GaiaDR3_1893512958955407232,58690,2019-07-26,17.743174,0.020921,1,unclassified,2019
GaiaDR3_1893512958955407232,58693,2019-07-29,17.765387,0.02117,1,unclassified,2019
GaiaDR3_1893512958955407232,58696,2019-08-01,17.599094,0.019423,1,unclassified,2019
GaiaDR3_1893512958955407232,58699,2019-08-04,17.818222,0.021784,1,unclassified,2019
GaiaDR3_1893512958955407232,58704,2019-08-09,17.777443,0.018919,2,unclassified,2019
GaiaDR3_1893512958955407232,58708,2019-08-13,17.752806,0.021029,1,unclassified,2019
GaiaDR3_1893512958955407232,58711,2019-08-16,17.75272,0.021028,1,unclassified,2019
GaiaDR3_1893512958955407232,58714,2019-08-19,17.813423,0.021727,1,unclassified,2019
GaiaDR3_1893512958955407232,58715,2019-08-20,17.756992,0.021076,1,unclassified,2019
GaiaDR3_1893512958955407232,58716,2019-08-21,17.760735,0.021118,1,unclassified,2019
GaiaDR3_1893512958955407232,58717,2019-08-22,17.792234,0.021479,1,unclassified,2019
GaiaDR3_1893512958955407232,58718,2019-08-23,17.779873,0.021336,1,unclassified,2019
GaiaDR3_1893512958955407232,58719,2019-08-24,17.759296,0.021102,1,unclassified,2019
GaiaDR3_1893512958955407232,58720,2019-08-25,17.712948,0.02059,1,unclassified,2019
GaiaDR3_1893512958955407232,58722,2019-08-27,17.659184,0.020024,1,unclassified,2019
GaiaDR3_1893512958955407232,58723,2019-08-28,17.664349,0.020077,1,unclassified,2019
GaiaDR3_1893512958955407232,58724,2019-08-29,17.777538,0.021309,1,unclassified,2019
GaiaDR3_1893512958955407232,58725,2019-08-30,17.71143,0.020653,3,unclassified,2019
GaiaDR3_1893512958955407232,58726,2019-08-31,17.803417,0.021609,1,unclassified,2019
GaiaDR3_1893512958955407232,58727,2019-09-01,17.700052,0.020452,1,unclassified,2019
GaiaDR3_1893512958955407232,58730,2019-09-04,17.728394,0.020758,1,unclassified,2019
GaiaDR3_1893512958955407232,58732,2019-09-06,17.77438,0.021273,1,unclassified,2019
GaiaDR3_1893512958955407232,58733,2019-09-07,17.760485,0.021115,1,unclassified,2019
GaiaDR3_1893512958955407232,58734,2019-09-08,17.768219,0.021203,1,unclassified,2019
GaiaDR3_1893512958955407232,58735,2019-09-09,17.765078,0.021167,1,unclassified,2019
GaiaDR3_1893512958955407232,58736,2019-09-10,17.768589,0.021207,1,unclassified,2019
GaiaDR3_1893512958955407232,58737,2019-09-11,17.778931,0.021325,1,unclassified,2019
GaiaDR3_1893512958955407232,58738,2019-09-12,17.815319,0.02175,1,unclassified,2019
GaiaDR3_1893512958955407232,58743,2019-09-17,17.794985,0.02151,1,unclassified,2019
GaiaDR3_1893512958955407232,58747,2019-09-21,17.749529,0.020992,1,unclassified,2019
GaiaDR3_1893512958955407232,58751,2019-09-25,17.806708,0.019247,2,unclassified,2019
GaiaDR3_1893512958955407232,58754,2019-09-28,17.806,0.021639,1,unclassified,2019
GaiaDR3_1893512958955407232,58757,2019-10-01,17.681797,0.025311,1,unclassified,2019
GaiaDR3_1893512958955407232,58762,2019-10-06,17.810972,0.019296,2,unclassified,2019
GaiaDR3_1893512958955407232,58764,2019-10-08,17.803254,0.019207,2,unclassified,2019
GaiaDR3_1893512958955407232,58765,2019-10-09,17.743891,0.018551,2,unclassified,2019
GaiaDR3_1893512958955407232,58766,2019-10-10,17.79557,0.015611,3,unclassified,2019
GaiaDR3_1893512958955407232,58767,2019-10-11,17.751611,0.018631,2,unclassified,2019
GaiaDR3_1893512958955407232,58768,2019-10-12,17.63637,0.017449,2,unclassified,2019
GaiaDR3_1893512958955407232,58769,2019-10-13,17.803547,0.015583,3,unclassified,2019
GaiaDR3_1893512958955407232,58771,2019-10-15,17.766018,0.018789,2,unclassified,2019
GaiaDR3_1893512958955407232,58772,2019-10-16,17.779409,0.018938,2,unclassified,2019
GaiaDR3_1893512958955407232,58776,2019-10-20,17.753563,0.021037,1,unclassified,2019
GaiaDR3_1893512958955407232,58779,2019-10-23,17.763521,0.015126,3,unclassified,2019
GaiaDR3_1893512958955407232,58782,2019-10-26,17.757156,0.021078,1,unclassified,2019
GaiaDR3_1893512958955407232,58783,2019-10-27,17.803185,0.027162,1,unclassified,2019
GaiaDR3_1893512958955407232,58785,2019-10-29,17.804621,0.021623,1,unclassified,2019
GaiaDR3_1893512958955407232,58789,2019-11-02,17.722038,0.020689,1,unclassified,2019
GaiaDR3_1893512958955407232,58791,2019-11-04,17.728016,0.014945,3,unclassified,2019
GaiaDR3_1893512958955407232,58792,2019-11-05,17.751533,0.01486,2,unclassified,2019
GaiaDR3_1893512958955407232,58794,2019-11-07,17.757475,0.037037,3,unclassified,2019
GaiaDR3_1893512958955407232,58795,2019-11-08,17.759159,0.020216,4,unclassified,2019
GaiaDR3_1893512958955407232,58796,2019-11-09,17.798674,0.01564,3,unclassified,2019
GaiaDR3_1893512958955407232,58797,2019-11-10,17.780411,0.015284,3,unclassified,2019
GaiaDR3_1893512958955407232,58798,2019-11-11,17.752169,0.011854,4,unclassified,2019
GaiaDR3_1893512958955407232,58804,2019-11-17,17.840864,0.022056,1,unclassified,2019
GaiaDR3_1893512958955407232,58811,2019-11-24,17.777145,0.021304,1,unclassified,2019
GaiaDR3_1893512958955407232,58833,2019-12-16,17.803146,0.021606,1,unclassified,2019
GaiaDR3_1893512958955407232,58836,2019-12-19,17.802025,0.021593,1,unclassified,2019
GaiaDR3_1893512958955407232,58863,2020-01-15,17.860825,0.022301,1,unclassified,2020
GaiaDR3_1893512958955407232,58873,2020-01-25,17.756981,0.021076,1,unclassified,2020
GaiaDR3_1893512958955407232,58981,2020-05-12,17.717444,0.020639,1,unclassified,2020
GaiaDR3_1893512958955407232,58985,2020-05-16,17.695141,0.0204,1,unclassified,2020
GaiaDR3_1893512958955407232,58986,2020-05-17,17.773115,0.021258,1,unclassified,2020
GaiaDR3_1893512958955407232,58987,2020-05-18,17.767419,0.014987,2,unclassified,2020
GaiaDR3_1893512958955407232,58991,2020-05-22,17.807365,0.021655,1,unclassified,2020
GaiaDR3_1893512958955407232,58992,2020-05-23,17.706558,0.020521,1,unclassified,2020
GaiaDR3_1893512958955407232,58994,2020-05-25,17.733795,0.019502,2,unclassified,2020
GaiaDR3_1893512958955407232,58996,2020-05-27,17.791973,0.021475,1,unclassified,2020
GaiaDR3_1893512958955407232,58997,2020-05-28,17.794857,0.015209,2,unclassified,2020
GaiaDR3_1893512958955407232,58998,2020-05-29,17.782887,0.02137,1,unclassified,2020
GaiaDR3_1893512958955407232,59001,2020-06-01,17.828701,0.021909,1,unclassified,2020
GaiaDR3_1893512958955407232,59002,2020-06-02,17.778236,0.021317,1,unclassified,2020
GaiaDR3_1893512958955407232,59010,2020-06-10,17.793919,0.021498,1,unclassified,2020
GaiaDR3_1893512958955407232,59019,2020-06-19,17.810986,0.021698,1,unclassified,2020
GaiaDR3_1893512958955407232,59022,2020-06-22,17.770662,0.02123,1,unclassified,2020
GaiaDR3_1893512958955407232,59025,2020-06-25,17.812902,0.021721,1,unclassified,2020
GaiaDR3_1893512958955407232,59028,2020-06-28,17.75366,0.021038,1,unclassified,2020
GaiaDR3_1893512958955407232,59031,2020-07-01,17.769007,0.021212,1,unclassified,2020
GaiaDR3_1893512958955407232,59032,2020-07-02,17.830242,0.021928,1,unclassified,2020
GaiaDR3_1893512958955407232,59033,2020-07-03,17.763775,0.021152,1,unclassified,2020
GaiaDR3_1893512958955407232,59040,2020-07-10,17.783035,0.021372,1,unclassified,2020
GaiaDR3_1893512958955407232,59043,2020-07-13,17.784134,0.021385,1,unclassified,2020
GaiaDR3_1893512958955407232,59046,2020-07-16,17.819405,0.021798,1,unclassified,2020
GaiaDR3_1893512958955407232,59048,2020-07-18,17.767639,0.014989,2,unclassified,2020
GaiaDR3_1893512958955407232,59049,2020-07-19,17.792347,0.015672,2,unclassified,2020
GaiaDR3_1893512958955407232,59051,2020-07-21,17.801651,0.021588,1,unclassified,2020
GaiaDR3_1893512958955407232,59052,2020-07-22,17.811966,0.034161,3,unclassified,2020
GaiaDR3_1893512958955407232,59053,2020-07-23,17.809927,0.015334,2,unclassified,2020
GaiaDR3_1893512958955407232,59054,2020-07-24,17.796101,0.021523,1,unclassified,2020
GaiaDR3_1893512958955407232,59055,2020-07-25,17.817894,0.012575,3,unclassified,2020
GaiaDR3_1893512958955407232,59056,2020-07-26,17.788084,0.02143,1,unclassified,2020
GaiaDR3_1893512958955407232,59057,2020-07-27,17.740118,0.020887,1,unclassified,2020
GaiaDR3_1893512958955407232,59059,2020-07-29,17.676842,0.020207,1,unclassified,2020
GaiaDR3_1893512958955407232,59060,2020-07-30,17.780359,0.015091,2,unclassified,2020
GaiaDR3_1893512958955407232,59061,2020-07-31,17.655787,0.019989,1,unclassified,2020
GaiaDR3_1893512958955407232,59062,2020-08-01,17.771324,0.012262,3,unclassified,2020
GaiaDR3_1893512958955407232,59063,2020-08-02,17.657555,0.020007,1,unclassified,2020
GaiaDR3_1893512958955407232,59064,2020-08-03,17.822559,0.021836,1,unclassified,2020
GaiaDR3_1893512958955407232,59065,2020-08-04,17.739368,0.041664,2,unclassified,2020
GaiaDR3_1893512958955407232,59066,2020-08-05,17.757364,0.015795,2,unclassified,2020
GaiaDR3_1893512958955407232,59067,2020-08-06,17.795033,0.015683,2,unclassified,2020
GaiaDR3_1893512958955407232,59068,2020-08-07,17.754314,0.021046,1,unclassified,2020
GaiaDR3_1893512958955407232,59069,2020-08-08,17.657082,0.020002,1,unclassified,2020
GaiaDR3_1893512958955407232,59070,2020-08-09,17.745213,0.020944,1,unclassified,2020
GaiaDR3_1893512958955407232,59071,2020-08-10,17.786988,0.015146,2,unclassified,2020
GaiaDR3_1893512958955407232,59072,2020-08-11,17.789652,0.021449,1,unclassified,2020
GaiaDR3_1893512958955407232,59073,2020-08-12,17.773744,0.015038,2,unclassified,2020
GaiaDR3_1893512958955407232,59075,2020-08-14,17.753751,0.049598,2,unclassified,2020
GaiaDR3_1893512958955407232,59077,2020-08-16,17.809475,0.014416,3,unclassified,2020
GaiaDR3_1893512958955407232,59079,2020-08-18,17.770735,0.018325,2,unclassified,2020
GaiaDR3_1893512958955407232,59080,2020-08-19,17.774042,0.01504,2,unclassified,2020
GaiaDR3_1893512958955407232,59081,2020-08-20,17.734322,0.037626,2,unclassified,2020
GaiaDR3_1893512958955407232,59082,2020-08-21,17.751526,0.021014,1,unclassified,2020
GaiaDR3_1893512958955407232,59084,2020-08-23,17.751677,0.014861,2,unclassified,2020
GaiaDR3_1893512958955407232,59085,2020-08-24,17.742766,0.014791,2,unclassified,2020
GaiaDR3_1893512958955407232,59086,2020-08-25,17.775932,0.021291,1,unclassified,2020
GaiaDR3_1893512958955407232,59087,2020-08-26,17.781815,0.015102,2,unclassified,2020
GaiaDR3_1893512958955407232,59088,2020-08-27,17.762951,0.021143,1,unclassified,2020
GaiaDR3_1893512958955407232,59089,2020-08-28,17.826639,0.015615,2,unclassified,2020
GaiaDR3_1893512958955407232,59090,2020-08-29,17.726608,0.014665,2,unclassified,2020
GaiaDR3_1893512958955407232,59091,2020-08-30,17.786136,0.015138,2,unclassified,2020
GaiaDR3_1893512958955407232,59092,2020-08-31,17.718361,0.020649,1,unclassified,2020
GaiaDR3_1893512958955407232,59093,2020-09-01,17.801479,0.021586,1,unclassified,2020
GaiaDR3_1893512958955407232,59094,2020-09-02,17.737274,0.020856,1,unclassified,2020
GaiaDR3_1893512958955407232,59095,2020-09-03,17.777302,0.015066,2,unclassified,2020
GaiaDR3_1893512958955407232,59097,2020-09-05,17.741699,0.014783,2,unclassified,2020
GaiaDR3_1893512958955407232,59099,2020-09-07,17.696476,0.020414,1,unclassified,2020
GaiaDR3_1893512958955407232,59107,2020-09-15,17.759163,0.0211,1,unclassified,2020
GaiaDR3_1893512958955407232,59109,2020-09-17,17.781212,0.015098,2,unclassified,2020
GaiaDR3_1893512958955407232,59110,2020-09-18,17.661091,0.020044,1,unclassified,2020
GaiaDR3_1893512958955407232,59111,2020-09-19,17.749195,0.020988,1,unclassified,2020
GaiaDR3_1893512958955407232,59112,2020-09-20,17.806927,0.022466,3,unclassified,2020
GaiaDR3_1893512958955407232,59113,2020-09-21,17.755283,0.021056,1,unclassified,2020
GaiaDR3_1893512958955407232,59114,2020-09-22,17.795105,0.021512,1,unclassified,2020
GaiaDR3_1893512958955407232,59115,2020-09-23,17.738569,0.040105,2,unclassified,2020
GaiaDR3_1893512958955407232,59116,2020-09-24,17.784174,0.021385,1,unclassified,2020
GaiaDR3_1893512958955407232,59117,2020-09-25,17.811885,0.015351,2,unclassified,2020
GaiaDR3_1893512958955407232,59119,2020-09-27,17.748943,0.020985,1,unclassified,2020
GaiaDR3_1893512958955407232,59120,2020-09-28,17.694282,0.02039,1,unclassified,2020
GaiaDR3_1893512958955407232,59121,2020-09-29,17.737715,0.083073,2,unclassified,2020
GaiaDR3_1893512958955407232,59122,2020-09-30,17.790314,0.021456,1,unclassified,2020
GaiaDR3_1893512958955407232,59123,2020-10-01,17.758108,0.014912,2,unclassified,2020
GaiaDR3_1893512958955407232,59124,2020-10-02,17.754124,0.021043,1,unclassified,2020
GaiaDR3_1893512958955407232,59125,2020-10-03,17.711159,0.030383,3,unclassified,2020
GaiaDR3_1893512958955407232,59127,2020-10-05,17.713846,0.014567,2,unclassified,2020
GaiaDR3_1893512958955407232,59128,2020-10-06,17.760141,0.021111,1,unclassified,2020
GaiaDR3_1893512958955407232,59129,2020-10-07,17.729861,0.023863,2,unclassified,2020
GaiaDR3_1893512958955407232,59130,2020-10-08,17.693321,0.02038,1,unclassified,2020
GaiaDR3_1893512958955407232,59131,2020-10-09,17.758966,0.014919,2,unclassified,2020
GaiaDR3_1893512958955407232,59134,2020-10-12,17.775719,0.015054,2,unclassified,2020
GaiaDR3_1893512958955407232,59135,2020-10-13,17.816116,0.021759,1,unclassified,2020
GaiaDR3_1893512958955407232,59136,2020-10-14,17.774046,0.015041,2,unclassified,2020
GaiaDR3_1893512958955407232,59137,2020-10-15,17.802097,0.021594,1,unclassified,2020
GaiaDR3_1893512958955407232,59138,2020-10-16,17.809166,0.015328,2,unclassified,2020
GaiaDR3_1893512958955407232,59139,2020-10-17,17.782429,0.021365,1,unclassified,2020
GaiaDR3_1893512958955407232,59140,2020-10-18,17.739612,0.014766,2,unclassified,2020
GaiaDR3_1893512958955407232,59143,2020-10-21,17.758843,0.021097,1,unclassified,2020
GaiaDR3_1893512958955407232,59145,2020-10-23,17.773041,0.021257,1,unclassified,2020
GaiaDR3_1893512958955407232,59149,2020-10-27,17.732563,0.014711,2,unclassified,2020
GaiaDR3_1893512958955407232,59150,2020-10-28,17.754141,0.021044,1,unclassified,2020
GaiaDR3_1893512958955407232,59151,2020-10-29,17.748903,0.016461,2,unclassified,2020
GaiaDR3_1893512958955407232,59153,2020-10-31,17.783337,0.021376,1,unclassified,2020
GaiaDR3_1893512958955407232,59154,2020-11-01,17.768879,0.02121,1,unclassified,2020
GaiaDR3_1893512958955407232,59155,2020-11-02,17.78097,0.015096,2,unclassified,2020
GaiaDR3_1893512958955407232,59156,2020-11-03,17.73914,0.020877,1,unclassified,2020
GaiaDR3_1893512958955407232,59157,2020-11-04,17.808819,0.015326,2,unclassified,2020
GaiaDR3_1893512958955407232,59158,2020-11-05,17.764401,0.021159,1,unclassified,2020
GaiaDR3_1893512958955407232,59164,2020-11-11,17.798155,0.025295,2,unclassified,2020
GaiaDR3_1893512958955407232,59165,2020-11-12,17.745439,0.020946,1,unclassified,2020
GaiaDR3_1893512958955407232,59167,2020-11-14,17.613921,0.018896,2,unclassified,2020
GaiaDR3_1893512958955407232,59168,2020-11-15,17.746838,0.020962,1,unclassified,2020
GaiaDR3_1893512958955407232,59169,2020-11-16,17.792778,0.015192,2,unclassified,2020
GaiaDR3_1893512958955407232,59170,2020-11-17,17.820196,0.021808,1,unclassified,2020
GaiaDR3_1893512958955407232,59171,2020-11-18,17.777015,0.015063,2,unclassified,2020
GaiaDR3_1893512958955407232,59172,2020-11-19,17.766447,0.021182,1,unclassified,2020
GaiaDR3_1893512958955407232,59173,2020-11-20,17.74568,0.014813,2,unclassified,2020
GaiaDR3_1893512958955407232,59174,2020-11-21,17.778946,0.021325,1,unclassified,2020
GaiaDR3_1893512958955407232,59175,2020-11-22,17.802927,0.018252,2,unclassified,2020
GaiaDR3_1893512958955407232,59178,2020-11-25,17.792641,0.021483,1,unclassified,2020
GaiaDR3_1893512958955407232,59179,2020-11-26,17.752884,0.016751,2,unclassified,2020
GaiaDR3_1893512958955407232,59180,2020-11-27,17.760975,0.021121,1,unclassified,2020
GaiaDR3_1893512958955407232,59181,2020-11-28,17.721206,0.021229,2,unclassified,2020
GaiaDR3_1893512958955407232,59183,2020-11-30,17.782787,0.021369,1,unclassified,2020
GaiaDR3_1893512958955407232,59185,2020-12-02,17.781773,0.029818,3,unclassified,2020
GaiaDR3_1893512958955407232,59186,2020-12-03,17.833004,0.021961,1,unclassified,2020
GaiaDR3_1893512958955407232,59187,2020-12-04,17.781339,0.015099,2,unclassified,2020
GaiaDR3_1893512958955407232,59188,2020-12-05,17.755873,0.014895,2,unclassified,2020
GaiaDR3_1893512958955407232,59189,2020-12-06,17.774574,0.034585,3,unclassified,2020
GaiaDR3_1893512958955407232,59194,2020-12-11,17.753525,0.021037,1,unclassified,2020
GaiaDR3_1893512958955407232,59198,2020-12-15,17.775917,0.02129,1,unclassified,2020
GaiaDR3_1893512958955407232,59199,2020-12-16,17.803543,0.015281,2,unclassified,2020
GaiaDR3_1893512958955407232,59202,2020-12-19,17.754629,0.018147,2,unclassified,2020
GaiaDR3_1893512958955407232,59203,2020-12-20,17.788252,0.021432,1,unclassified,2020
GaiaDR3_1893512958955407232,59204,2020-12-21,17.806847,0.015309,2,unclassified,2020
GaiaDR3_1893512958955407232,59205,2020-12-22,17.746891,0.020963,1,unclassified,2020
GaiaDR3_1893512958955407232,59215,2021-01-01,17.750933,0.014855,2,unclassified,2021
GaiaDR3_1893512958955407232,59223,2021-01-09,17.684555,0.020288,1,unclassified,2021
GaiaDR3_1893512958955407232,59325,2021-04-21,17.787786,0.021427,1,unclassified,2021
GaiaDR3_1893512958955407232,59335,2021-05-01,17.772123,0.021247,1,unclassified,2021
GaiaDR3_1893512958955407232,59336,2021-05-02,17.780754,0.021346,1,unclassified,2021
GaiaDR3_1893512958955407232,59337,2021-05-03,17.934403,0.023242,1,unclassified,2021
GaiaDR3_1893512958955407232,59338,2021-05-04,17.738493,0.020869,1,unclassified,2021
GaiaDR3_1893512958955407232,59340,2021-05-06,17.718296,0.020648,1,unclassified,2021
GaiaDR3_1893512958955407232,59344,2021-05-10,17.783016,0.021372,1,unclassified,2021
GaiaDR3_1893512958955407232,59346,2021-05-12,17.779287,0.021329,1,unclassified,2021
GaiaDR3_1893512958955407232,59348,2021-05-14,17.774078,0.021269,1,unclassified,2021
GaiaDR3_1893512958955407232,59349,2021-05-15,17.741121,0.014778,2,unclassified,2021
GaiaDR3_1893512958955407232,59353,2021-05-19,17.760502,0.014931,2,unclassified,2021
GaiaDR3_1893512958955407232,59354,2021-05-20,17.697269,0.020422,1,unclassified,2021
GaiaDR3_1893512958955407232,59356,2021-05-22,17.75527,0.021056,1,unclassified,2021
GaiaDR3_1893512958955407232,59358,2021-05-24,17.736761,0.02085,1,unclassified,2021
GaiaDR3_1893512958955407232,59359,2021-05-25,17.746826,0.020962,1,unclassified,2021
GaiaDR3_1893512958955407232,59362,2021-05-28,17.77742,0.021308,1,unclassified,2021
GaiaDR3_1893512958955407232,59363,2021-05-29,17.794262,0.021502,1,unclassified,2021
GaiaDR3_1893512958955407232,59365,2021-05-31,17.76482,0.021164,1,unclassified,2021
GaiaDR3_1893512958955407232,59366,2021-06-01,17.752071,0.02102,1,unclassified,2021
GaiaDR3_1893512958955407232,59367,2021-06-02,17.756632,0.0149,2,unclassified,2021
GaiaDR3_1893512958955407232,59369,2021-06-04,17.762779,0.021141,1,unclassified,2021
GaiaDR3_1893512958955407232,59371,2021-06-06,17.808548,0.021669,1,unclassified,2021
GaiaDR3_1893512958955407232,59374,2021-06-09,17.71418,0.020604,1,unclassified,2021
GaiaDR3_1893512958955407232,59376,2021-06-11,17.787837,0.015152,2,unclassified,2021
GaiaDR3_1893512958955407232,59377,2021-06-12,17.713207,0.020593,1,unclassified,2021
GaiaDR3_1893512958955407232,59379,2021-06-14,17.789043,0.015163,2,unclassified,2021
GaiaDR3_1893512958955407232,59385,2021-06-20,17.830776,0.021934,1,unclassified,2021
GaiaDR3_1893512958955407232,59386,2021-06-21,17.734814,0.020829,1,unclassified,2021
GaiaDR3_1893512958955407232,59387,2021-06-22,17.853638,0.022212,1,unclassified,2021
GaiaDR3_1893512958955407232,59390,2021-06-25,17.73954,0.020881,1,unclassified,2021
GaiaDR3_1893512958955407232,59391,2021-06-26,17.765228,0.028236,2,unclassified,2021
GaiaDR3_1893512958955407232,59392,2021-06-27,17.84675,0.022128,1,unclassified,2021
GaiaDR3_1893512958955407232,59393,2021-06-28,17.759382,0.014922,2,unclassified,2021
GaiaDR3_1893512958955407232,59395,2021-06-30,17.730281,0.014694,2,unclassified,2021
GaiaDR3_1893512958955407232,59396,2021-07-01,17.78746,0.021423,1,unclassified,2021
GaiaDR3_1893512958955407232,59397,2021-07-02,17.777245,0.021306,1,unclassified,2021
GaiaDR3_1893512958955407232,59400,2021-07-05,17.781525,0.021355,1,unclassified,2021
GaiaDR3_1893512958955407232,59402,2021-07-07,17.804924,0.021627,1,unclassified,2021
GaiaDR3_1893512958955407232,59403,2021-07-08,17.723021,0.0207,1,unclassified,2021
GaiaDR3_1893512958955407232,59404,2021-07-09,17.771,0.01226,3,unclassified,2021
GaiaDR3_1893512958955407232,59405,2021-07-10,17.728893,0.020764,1,unclassified,2021
GaiaDR3_1893512958955407232,59406,2021-07-11,17.762482,0.017328,2,unclassified,2021
GaiaDR3_1893512958955407232,59407,2021-07-12,17.819668,0.021801,1,unclassified,2021
GaiaDR3_1893512958955407232,59408,2021-07-13,17.799511,0.01245,3,unclassified,2021
GaiaDR3_1893512958955407232,59409,2021-07-14,17.711046,0.02057,1,unclassified,2021
GaiaDR3_1893512958955407232,59410,2021-07-15,17.785706,0.021403,1,unclassified,2021
GaiaDR3_1893512958955407232,59411,2021-07-16,17.779331,0.02133,1,unclassified,2021
GaiaDR3_1893512958955407232,59412,2021-07-17,17.763332,0.014955,2,unclassified,2021
GaiaDR3_1893512958955407232,59414,2021-07-19,17.787205,0.020762,2,unclassified,2021
GaiaDR3_1893512958955407232,59415,2021-07-20,17.786822,0.015144,2,unclassified,2021
GaiaDR3_1893512958955407232,59418,2021-07-23,17.748859,0.018195,3,unclassified,2021
GaiaDR3_1893512958955407232,59419,2021-07-24,17.763519,0.021149,1,unclassified,2021
GaiaDR3_1893512958955407232,59422,2021-07-27,17.731939,0.020797,1,unclassified,2021
GaiaDR3_1893512958955407232,59423,2021-07-28,17.751003,0.021009,1,unclassified,2021
GaiaDR3_1893512958955407232,59424,2021-07-29,17.80637,0.012496,3,unclassified,2021
GaiaDR3_1893512958955407232,59425,2021-07-30,17.741007,0.014777,2,unclassified,2021
GaiaDR3_1893512958955407232,59426,2021-07-31,17.749874,0.020057,3,unclassified,2021
GaiaDR3_1893512958955407232,59427,2021-08-01,17.749773,0.016067,2,unclassified,2021
GaiaDR3_1893512958955407232,59428,2021-08-02,17.78389,0.012345,3,unclassified,2021
GaiaDR3_1893512958955407232,59429,2021-08-03,17.808384,0.021667,1,unclassified,2021
GaiaDR3_1893512958955407232,59430,2021-08-04,17.770882,0.012259,3,unclassified,2021
GaiaDR3_1893512958955407232,59434,2021-08-08,17.768457,0.014995,2,unclassified,2021
GaiaDR3_1893512958955407232,59435,2021-08-09,17.770142,0.014224,3,unclassified,2021
GaiaDR3_1893512958955407232,59436,2021-08-10,17.782607,0.015109,2,unclassified,2021
GaiaDR3_1893512958955407232,59438,2021-08-12,17.754253,0.012503,3,unclassified,2021
GaiaDR3_1893512958955407232,59439,2021-08-13,17.82321,0.021843,1,unclassified,2021
GaiaDR3_1893512958955407232,59440,2021-08-14,17.817947,0.019485,3,unclassified,2021
GaiaDR3_1893512958955407232,59442,2021-08-16,17.771999,0.033975,2,unclassified,2021
GaiaDR3_1893512958955407232,59443,2021-08-17,17.771423,0.060718,3,unclassified,2021
GaiaDR3_1893512958955407232,59444,2021-08-18,17.786871,0.015145,2,unclassified,2021
GaiaDR3_1893512958955407232,59446,2021-08-20,17.764018,0.014959,2,unclassified,2021
GaiaDR3_1893512958955407232,59449,2021-08-23,17.815329,0.029568,2,unclassified,2021
GaiaDR3_1893512958955407232,59450,2021-08-24,17.695107,0.020399,1,unclassified,2021
GaiaDR3_1893512958955407232,59451,2021-08-25,17.795639,0.021518,1,unclassified,2021
GaiaDR3_1893512958955407232,59453,2021-08-27,17.777832,0.015263,3,unclassified,2021
GaiaDR3_1893512958955407232,59454,2021-08-28,17.731815,0.020796,1,unclassified,2021
GaiaDR3_1893512958955407232,59455,2021-08-29,17.788944,0.016034,3,unclassified,2021
GaiaDR3_1893512958955407232,59456,2021-08-30,17.730278,0.020779,1,unclassified,2021
GaiaDR3_1893512958955407232,59458,2021-09-01,17.747684,0.020971,1,unclassified,2021
GaiaDR3_1893512958955407232,59459,2021-09-02,17.761143,0.014936,2,unclassified,2021
GaiaDR3_1893512958955407232,59460,2021-09-03,17.762585,0.02268,2,unclassified,2021
GaiaDR3_1893512958955407232,59461,2021-09-04,17.771248,0.012261,3,unclassified,2021
GaiaDR3_1893512958955407232,59462,2021-09-05,17.762646,0.021139,1,unclassified,2021
GaiaDR3_1893512958955407232,59463,2021-09-06,17.771397,0.02008,3,unclassified,2021
GaiaDR3_1893512958955407232,59464,2021-09-07,17.77306,0.021258,1,unclassified,2021
GaiaDR3_1893512958955407232,59465,2021-09-08,17.752667,0.01214,3,unclassified,2021
GaiaDR3_1893512958955407232,59466,2021-09-09,17.764442,0.014963,2,unclassified,2021
GaiaDR3_1893512958955407232,59467,2021-09-10,17.774578,0.012283,3,unclassified,2021
GaiaDR3_1893512958955407232,59468,2021-09-11,17.754087,0.023005,2,unclassified,2021
GaiaDR3_1893512958955407232,59469,2021-09-12,17.767046,0.012234,3,unclassified,2021
GaiaDR3_1893512958955407232,59470,2021-09-13,17.766271,0.014977,2,unclassified,2021
GaiaDR3_1893512958955407232,59471,2021-09-14,17.786129,0.01236,3,unclassified,2021
GaiaDR3_1893512958955407232,59472,2021-09-15,17.754257,0.021045,1,unclassified,2021
GaiaDR3_1893512958955407232,59473,2021-09-16,17.787552,0.012369,3,unclassified,2021
GaiaDR3_1893512958955407232,59474,2021-09-17,17.716802,0.014589,2,unclassified,2021
GaiaDR3_1893512958955407232,59476,2021-09-19,17.746625,0.014821,2,unclassified,2021
GaiaDR3_1893512958955407232,59478,2021-09-21,17.752682,0.032197,3,unclassified,2021
GaiaDR3_1893512958955407232,59479,2021-09-22,17.74279,0.020917,1,unclassified,2021
GaiaDR3_1893512958955407232,59480,2021-09-23,17.73394,0.02011,3,unclassified,2021
GaiaDR3_1893512958955407232,59483,2021-09-26,17.715866,0.020622,1,unclassified,2021
GaiaDR3_1893512958955407232,59484,2021-09-27,17.773603,0.017619,2,unclassified,2021
GaiaDR3_1893512958955407232,59485,2021-09-28,17.770023,0.021223,1,unclassified,2021
GaiaDR3_1893512958955407232,59487,2021-09-30,17.756267,0.021068,1,unclassified,2021
GaiaDR3_1893512958955407232,59488,2021-10-01,17.777525,0.021309,1,unclassified,2021
GaiaDR3_1893512958955407232,59489,2021-10-02,17.767908,0.012239,3,unclassified,2021
GaiaDR3_1893512958955407232,59490,2021-10-03,17.738438,0.020869,1,unclassified,2021
GaiaDR3_1893512958955407232,59491,2021-10-04,17.750713,0.019684,3,unclassified,2021
GaiaDR3_1893512958955407232,59494,2021-10-07,17.808518,0.021669,1,unclassified,2021
GaiaDR3_1893512958955407232,59497,2021-10-10,17.775179,0.015049,2,unclassified,2021
GaiaDR3_1893512958955407232,59498,2021-10-11,17.778721,0.021322,1,unclassified,2021
GaiaDR3_1893512958955407232,59502,2021-10-15,17.690834,0.032739,3,unclassified,2021
GaiaDR3_1893512958955407232,59503,2021-10-16,17.787205,0.040291,2,unclassified,2021
GaiaDR3_1893512958955407232,59504,2021-10-17,17.825802,0.021875,1,unclassified,2021
GaiaDR3_1893512958955407232,59505,2021-10-18,17.743675,0.020927,1,unclassified,2021
GaiaDR3_1893512958955407232,59509,2021-10-22,17.793236,0.02149,1,unclassified,2021
GaiaDR3_1893512958955407232,59510,2021-10-23,17.751104,0.029554,2,unclassified,2021
GaiaDR3_1893512958955407232,59511,2021-10-24,17.755777,0.021062,1,unclassified,2021
GaiaDR3_1893512958955407232,59512,2021-10-25,17.672619,0.020163,1,unclassified,2021
GaiaDR3_1893512958955407232,59517,2021-10-30,17.74987,0.016971,3,unclassified,2021
GaiaDR3_1893512958955407232,59520,2021-11-02,17.761022,0.015582,2,unclassified,2021
GaiaDR3_1893512958955407232,59521,2021-11-03,17.747662,0.030966,2,unclassified,2021
GaiaDR3_1893512958955407232,59522,2021-11-04,17.749203,0.032116,3,unclassified,2021
GaiaDR3_1893512958955407232,59523,2021-11-05,17.724997,0.017022,2,unclassified,2021
GaiaDR3_1893512958955407232,59524,2021-11-06,17.766672,0.014981,2,unclassified,2021
GaiaDR3_1893512958955407232,59525,2021-11-07,17.78344,0.021377,1,unclassified,2021
GaiaDR3_1893512958955407232,59526,2021-11-08,17.733931,0.016335,3,unclassified,2021
GaiaDR3_1893512958955407232,59527,2021-11-09,17.704699,0.022703,2,unclassified,2021
GaiaDR3_1893512958955407232,59529,2021-11-11,17.738794,0.014759,2,unclassified,2021
GaiaDR3_1893512958955407232,59530,2021-11-12,17.809204,0.021677,1,unclassified,2021
GaiaDR3_1893512958955407232,59531,2021-11-13,17.814292,0.021709,2,unclassified,2021
GaiaDR3_1893512958955407232,59532,2021-11-14,17.73395,0.032265,2,unclassified,2021
GaiaDR3_1893512958955407232,59537,2021-11-19,17.761699,0.015229,2,unclassified,2021
GaiaDR3_1893512958955407232,59538,2021-11-20,17.803268,0.021607,1,unclassified,2021
GaiaDR3_1893512958955407232,59540,2021-11-22,17.699959,0.029599,3,unclassified,2021
GaiaDR3_1893512958955407232,59542,2021-11-24,17.734337,0.020824,1,unclassified,2021
GaiaDR3_1893512958955407232,59550,2021-12-02,17.731506,0.020792,1,unclassified,2021
GaiaDR3_1893512958955407232,59701,2022-05-02,17.770971,0.021234,1,unclassified,2022
GaiaDR3_1893512958955407232,59714,2022-05-15,17.632767,0.019756,1,unclassified,2022
GaiaDR3_1893512958955407232,59724,2022-05-25,17.714653,0.020609,1,unclassified,2022
GaiaDR3_1893512958955407232,59727,2022-05-28,17.776937,0.021302,1,unclassified,2022
GaiaDR3_1893512958955407232,59731,2022-06-01,17.799421,0.021562,1,unclassified,2022
GaiaDR3_1893512958955407232,59734,2022-06-04,17.703251,0.020486,1,unclassified,2022
GaiaDR3_1893512958955407232,59736,2022-06-06,17.777481,0.021308,1,unclassified,2022
GaiaDR3_1893512958955407232,59739,2022-06-09,17.724821,0.020719,1,unclassified,2022
GaiaDR3_1893512958955407232,59741,2022-06-11,17.702444,0.020477,1,unclassified,2022
GaiaDR3_1893512958955407232,59748,2022-06-18,17.812656,0.021718,1,unclassified,2022
GaiaDR3_1893512958955407232,59750,2022-06-20,17.667152,0.020106,1,unclassified,2022
GaiaDR3_1893512958955407232,59752,2022-06-22,17.78149,0.021354,1,unclassified,2022
GaiaDR3_1893512958955407232,59755,2022-06-25,17.683098,0.020272,1,unclassified,2022
GaiaDR3_1893512958955407232,59757,2022-06-27,17.759625,0.014924,2,unclassified,2022
GaiaDR3_1893512958955407232,59759,2022-06-29,17.745741,0.02095,1,unclassified,2022
GaiaDR3_1893512958955407232,59761,2022-07-01,17.807529,0.021657,1,unclassified,2022
GaiaDR3_1893512958955407232,59764,2022-07-04,17.807898,0.021662,1,unclassified,2022
GaiaDR3_1893512958955407232,59766,2022-07-06,17.78714,0.021419,1,unclassified,2022
GaiaDR3_1893512958955407232,59768,2022-07-08,17.731035,0.02599,3,unclassified,2022
GaiaDR3_1893512958955407232,59769,2022-07-09,17.753048,0.012396,7,unclassified,2022
GaiaDR3_1893512958955407232,59770,2022-07-10,17.731918,0.018904,5,unclassified,2022
GaiaDR3_1893512958955407232,59771,2022-07-11,17.743477,0.016311,6,unclassified,2022
GaiaDR3_1893512958955407232,59780,2022-07-20,17.789586,0.015167,2,unclassified,2022
GaiaDR3_1893512958955407232,59781,2022-07-21,17.741751,0.030414,3,unclassified,2022
GaiaDR3_1893512958955407232,59782,2022-07-22,17.737583,0.020859,1,unclassified,2022
GaiaDR3_1893512958955407232,59783,2022-07-23,17.762419,0.014947,2,unclassified,2022
GaiaDR3_1893512958955407232,59784,2022-07-24,17.716259,0.020626,1,unclassified,2022
GaiaDR3_1893512958955407232,59785,2022-07-25,17.776549,0.01506,2,unclassified,2022
GaiaDR3_1893512958955407232,59786,2022-07-26,17.787902,0.017004,2,unclassified,2022
GaiaDR3_1893512958955407232,59787,2022-07-27,17.783173,0.014617,3,unclassified,2022
GaiaDR3_1893512958955407232,59788,2022-07-28,17.76729,0.021192,1,unclassified,2022
GaiaDR3_1893512958955407232,59789,2022-07-29,17.772629,0.01227,3,unclassified,2022
GaiaDR3_1893512958955407232,59790,2022-07-30,17.795469,0.021516,1,unclassified,2022
GaiaDR3_1893512958955407232,59793,2022-08-02,17.750465,0.012126,3,unclassified,2022
GaiaDR3_1893512958955407232,59794,2022-08-03,17.761997,0.021132,1,unclassified,2022
GaiaDR3_1893512958955407232,59795,2022-08-04,17.768417,0.021205,1,unclassified,2022
GaiaDR3_1893512958955407232,59796,2022-08-05,17.738045,0.020864,1,unclassified,2022
GaiaDR3_1893512958955407232,59797,2022-08-06,17.758517,0.014915,2,unclassified,2022
GaiaDR3_1893512958955407232,59798,2022-08-07,17.786257,0.01514,2,unclassified,2022
GaiaDR3_1893512958955407232,59800,2022-08-09,17.754091,0.035062,2,unclassified,2022
GaiaDR3_1893512958955407232,59801,2022-08-10,17.770222,0.021225,1,unclassified,2022
GaiaDR3_1893512958955407232,59802,2022-08-11,17.778165,0.027869,2,unclassified,2022
GaiaDR3_1893512958955407232,59805,2022-08-14,17.754292,0.012151,3,unclassified,2022
GaiaDR3_1893512958955407232,59806,2022-08-15,17.80633,0.021643,1,unclassified,2022
GaiaDR3_1893512958955407232,59807,2022-08-16,17.689699,0.015123,3,unclassified,2022
GaiaDR3_1893512958955407232,59808,2022-08-17,17.778015,0.021314,1,unclassified,2022
GaiaDR3_1893512958955407232,59809,2022-08-18,17.754585,0.015034,3,unclassified,2022
GaiaDR3_1893512958955407232,59810,2022-08-19,17.751353,0.031593,2,unclassified,2022
GaiaDR3_1893512958955407232,59811,2022-08-20,17.802244,0.015271,2,unclassified,2022
GaiaDR3_1893512958955407232,59812,2022-08-21,17.736453,0.017106,2,unclassified,2022
GaiaDR3_1893512958955407232,59813,2022-08-22,17.762316,0.014947,2,unclassified,2022
GaiaDR3_1893512958955407232,59814,2022-08-23,17.758145,0.014913,2,unclassified,2022
GaiaDR3_1893512958955407232,59815,2022-08-24,17.790028,0.012386,3,unclassified,2022
GaiaDR3_1893512958955407232,59816,2022-08-25,17.773503,0.015036,2,unclassified,2022
GaiaDR3_1893512958955407232,59817,2022-08-26,17.72965,0.033015,2,unclassified,2022
GaiaDR3_1893512958955407232,59818,2022-08-27,17.755938,0.014895,2,unclassified,2022
GaiaDR3_1893512958955407232,59819,2022-08-28,17.773861,0.01281,3,unclassified,2022
GaiaDR3_1893512958955407232,59822,2022-08-31,17.777569,0.021309,1,unclassified,2022
GaiaDR3_1893512958955407232,59823,2022-09-01,17.769531,0.015003,2,unclassified,2022
GaiaDR3_1893512958955407232,59824,2022-09-02,17.757996,0.017322,3,unclassified,2022
GaiaDR3_1893512958955407232,59825,2022-09-03,17.761902,0.021131,1,unclassified,2022
GaiaDR3_1893512958955407232,59826,2022-09-04,17.748003,0.020223,3,unclassified,2022
GaiaDR3_1893512958955407232,59827,2022-09-05,17.805123,0.030573,2,unclassified,2022
GaiaDR3_1893512958955407232,59828,2022-09-06,17.727283,0.020746,1,unclassified,2022
GaiaDR3_1893512958955407232,59829,2022-09-07,17.753717,0.014877,2,unclassified,2022
GaiaDR3_1893512958955407232,59830,2022-09-08,17.787907,0.021428,1,unclassified,2022
GaiaDR3_1893512958955407232,59837,2022-09-15,17.747192,0.020966,1,unclassified,2022
GaiaDR3_1893512958955407232,59838,2022-09-16,17.82243,0.021834,1,unclassified,2022
GaiaDR3_1893512958955407232,59839,2022-09-17,17.745815,0.011002,7,unclassified,2022
GaiaDR3_1893512958955407232,59841,2022-09-19,17.760918,0.009439,7,unclassified,2022
GaiaDR3_1893512958955407232,59842,2022-09-20,17.780864,0.015095,2,unclassified,2022
GaiaDR3_1893512958955407232,59843,2022-09-21,17.748354,0.016172,3,unclassified,2022
GaiaDR3_1893512958955407232,59844,2022-09-22,17.737183,0.047631,2,unclassified,2022
GaiaDR3_1893512958955407232,59845,2022-09-23,17.746147,0.019672,2,unclassified,2022
GaiaDR3_1893512958955407232,59846,2022-09-24,17.768398,0.017449,2,unclassified,2022
GaiaDR3_1893512958955407232,59847,2022-09-25,17.769272,0.012248,3,unclassified,2022
GaiaDR3_1893512958955407232,59848,2022-09-26,17.76539,0.014971,2,unclassified,2022
GaiaDR3_1893512958955407232,59849,2022-09-27,17.733944,0.045676,2,unclassified,2022
GaiaDR3_1893512958955407232,59853,2022-10-01,17.770074,0.015008,2,unclassified,2022
GaiaDR3_1893512958955407232,59854,2022-10-02,17.765615,0.014972,2,unclassified,2022
GaiaDR3_1893512958955407232,59855,2022-10-03,17.757725,0.014909,2,unclassified,2022
GaiaDR3_1893512958955407232,59856,2022-10-04,17.773563,0.015036,2,unclassified,2022
GaiaDR3_1893512958955407232,59860,2022-10-08,17.761845,0.026506,1,unclassified,2022
GaiaDR3_1893512958955407232,59861,2022-10-09,17.836322,0.028309,2,unclassified,2022
GaiaDR3_1893512958955407232,59862,2022-10-10,17.833609,0.021968,1,unclassified,2022
GaiaDR3_1893512958955407232,59863,2022-10-11,17.767777,0.021198,1,unclassified,2022
GaiaDR3_1893512958955407232,59864,2022-10-12,17.812039,0.018199,2,unclassified,2022
GaiaDR3_1893512958955407232,59865,2022-10-13,17.770412,0.012377,3,unclassified,2022
GaiaDR3_1893512958955407232,59867,2022-10-15,17.758825,0.01218,3,unclassified,2022
GaiaDR3_1893512958955407232,59869,2022-10-17,17.755993,0.021064,1,unclassified,2022
GaiaDR3_1893512958955407232,59870,2022-10-18,17.772121,0.037695,3,unclassified,2022
GaiaDR3_1893512958955407232,59871,2022-10-19,17.763149,0.021145,1,unclassified,2022
GaiaDR3_1893512958955407232,59872,2022-10-20,17.758631,0.012179,3,unclassified,2022
GaiaDR3_1893512958955407232,59873,2022-10-21,17.747149,0.014826,2,unclassified,2022
GaiaDR3_1893512958955407232,59874,2022-10-22,17.677233,0.033479,3,unclassified,2022
GaiaDR3_1893512958955407232,59877,2022-10-25,17.799469,0.012449,3,unclassified,2022
GaiaDR3_1893512958955407232,59878,2022-10-26,17.772694,0.02536,3,unclassified,2022
GaiaDR3_1893512958955407232,59879,2022-10-27,17.744585,0.018897,3,unclassified,2022
GaiaDR3_1893512958955407232,59880,2022-10-28,17.7852,0.015131,2,unclassified,2022
GaiaDR3_1893512958955407232,59881,2022-10-29,17.802198,0.021595,1,unclassified,2022
GaiaDR3_1893512958955407232,59882,2022-10-30,17.737259,0.026129,1,unclassified,2022
GaiaDR3_1893512958955407232,59883,2022-10-31,17.741114,0.020898,1,unclassified,2022
GaiaDR3_1893512958955407232,59885,2022-11-02,17.754986,0.014887,2,unclassified,2022
GaiaDR3_1893512958955407232,59888,2022-11-05,17.820257,0.021808,1,unclassified,2022
GaiaDR3_1893512958955407232,59889,2022-11-06,17.823385,0.021846,1,unclassified,2022
GaiaDR3_1893512958955407232,59894,2022-11-11,17.743034,0.02092,1,unclassified,2022
GaiaDR3_1893512958955407232,59895,2022-11-12,17.781249,0.045127,2,unclassified,2022
GaiaDR3_1893512958955407232,59896,2022-11-13,17.782089,0.017586,3,unclassified,2022
GaiaDR3_1893512958955407232,59897,2022-11-14,17.818546,0.021788,1,unclassified,2022
GaiaDR3_1893512958955407232,59898,2022-11-15,17.704296,0.020471,3,unclassified,2022
GaiaDR3_1893512958955407232,59899,2022-11-16,17.729945,0.014843,2,unclassified,2022
GaiaDR3_1893512958955407232,59900,2022-11-17,17.80381,0.021614,1,unclassified,2022
GaiaDR3_1893512958955407232,59902,2022-11-19,17.768959,0.023677,3,unclassified,2022
GaiaDR3_1893512958955407232,59903,2022-11-20,17.773315,0.021261,1,unclassified,2022
GaiaDR3_1893512958955407232,59904,2022-11-21,17.772347,0.016244,2,unclassified,2022
GaiaDR3_1893512958955407232,59906,2022-11-23,17.752762,0.021028,1,unclassified,2022
GaiaDR3_1893512958955407232,59908,2022-11-25,17.707592,0.038707,3,unclassified,2022
GaiaDR3_1893512958955407232,59909,2022-11-26,17.793537,0.015198,2,unclassified,2022
GaiaDR3_1893512958955407232,59910,2022-11-27,17.791423,0.015182,2,unclassified,2022
GaiaDR3_1893512958955407232,59913,2022-11-30,17.822018,0.021829,1,unclassified,2022
GaiaDR3_1893512958955407232,59914,2022-12-01,17.739393,0.020879,1,unclassified,2022
GaiaDR3_1893512958955407232,59922,2022-12-09,17.732841,0.020807,1,unclassified,2022
GaiaDR3_1893512958955407232,59924,2022-12-11,17.746998,0.020964,1,unclassified,2022
GaiaDR3_1893512958955407232,59932,2022-12-19,17.778019,0.021314,1,unclassified,2022
GaiaDR3_1893512958955407232,59934,2022-12-21,17.730299,0.020779,1,unclassified,2022
GaiaDR3_1893512958955407232,59951,2023-01-07,17.754353,0.021046,1,unclassified,2023
GaiaDR3_1893512958955407232,60073,2023-05-09,17.67363,0.020173,1,unclassified,2023
GaiaDR3_1893512958955407232,60099,2023-06-04,17.781158,0.02135,1,unclassified,2023
GaiaDR3_1893512958955407232,60103,2023-06-08,17.725588,0.020728,1,unclassified,2023
GaiaDR3_1893512958955407232,60108,2023-06-13,17.779621,0.021333,1,unclassified,2023
GaiaDR3_1893512958955407232,60110,2023-06-15,17.758518,0.021093,1,unclassified,2023
GaiaDR3_1893512958955407232,60113,2023-06-18,17.779533,0.021332,1,unclassified,2023
GaiaDR3_1893512958955407232,60116,2023-06-21,17.75798,0.021087,1,unclassified,2023
GaiaDR3_1893512958955407232,60119,2023-06-24,17.795511,0.021517,1,unclassified,2023
GaiaDR3_1893512958955407232,60121,2023-06-26,17.786985,0.021418,1,unclassified,2023
GaiaDR3_1893512958955407232,60123,2023-06-28,17.739922,0.031705,2,unclassified,2023
GaiaDR3_1893512958955407232,60125,2023-06-30,17.782995,0.021372,1,unclassified,2023
GaiaDR3_1893512958955407232,60133,2023-07-08,17.771236,0.021237,1,unclassified,2023
GaiaDR3_1893512958955407232,60134,2023-07-09,17.775707,0.021288,1,unclassified,2023
GaiaDR3_1893512958955407232,60135,2023-07-10,17.791168,0.020026,3,unclassified,2023
GaiaDR3_1893512958955407232,60136,2023-07-11,17.738957,0.020875,1,unclassified,2023
GaiaDR3_1893512958955407232,60137,2023-07-12,17.794674,0.016308,3,unclassified,2023
GaiaDR3_1893512958955407232,60138,2023-07-13,17.814196,0.015371,2,unclassified,2023
GaiaDR3_1893512958955407232,60139,2023-07-14,17.782038,0.021361,1,unclassified,2023
GaiaDR3_1893512958955407232,60140,2023-07-15,17.804998,0.015294,2,unclassified,2023
GaiaDR3_1893512958955407232,60141,2023-07-16,17.679157,0.042793,3,unclassified,2023
GaiaDR3_1893512958955407232,60143,2023-07-18,17.773153,0.021259,1,unclassified,2023
GaiaDR3_1893512958955407232,60144,2023-07-19,17.767866,0.013125,3,unclassified,2023
GaiaDR3_1893512958955407232,60145,2023-07-20,17.740158,0.059772,2,unclassified,2023
GaiaDR3_1893512958955407232,60147,2023-07-22,17.727039,0.019545,3,unclassified,2023
GaiaDR3_1893512958955407232,60148,2023-07-23,17.766363,0.051317,2,unclassified,2023
GaiaDR3_1893512958955407232,60149,2023-07-24,17.787938,0.015154,2,unclassified,2023
GaiaDR3_1893512958955407232,60150,2023-07-25,17.712782,0.020588,1,unclassified,2023
GaiaDR3_1893512958955407232,60151,2023-07-26,17.806858,0.015309,2,unclassified,2023
GaiaDR3_1893512958955407232,60152,2023-07-27,17.680224,0.047064,3,unclassified,2023
GaiaDR3_1893512958955407232,60153,2023-07-28,17.761967,0.021132,1,unclassified,2023
GaiaDR3_1893512958955407232,60154,2023-07-29,17.818369,0.021786,1,unclassified,2023
GaiaDR3_1893512958955407232,60155,2023-07-30,17.712509,0.020586,1,unclassified,2023
GaiaDR3_1893512958955407232,60156,2023-07-31,17.75457,0.021048,1,unclassified,2023
GaiaDR3_1893512958955407232,60157,2023-08-01,17.730072,0.020777,1,unclassified,2023
GaiaDR3_1893512958955407232,60159,2023-08-03,17.80278,0.021602,1,unclassified,2023
GaiaDR3_1893512958955407232,60160,2023-08-04,17.77912,0.015081,2,unclassified,2023
GaiaDR3_1893512958955407232,60161,2023-08-05,17.711543,0.028994,2,unclassified,2023
GaiaDR3_1893512958955407232,60162,2023-08-06,17.776363,0.017735,2,unclassified,2023
GaiaDR3_1893512958955407232,60163,2023-08-07,17.728546,0.014754,3,unclassified,2023
GaiaDR3_1893512958955407232,60168,2023-08-12,17.727369,0.022356,3,unclassified,2023
GaiaDR3_1893512958955407232,60169,2023-08-13,17.743004,0.020919,1,unclassified,2023
GaiaDR3_1893512958955407232,60170,2023-08-14,17.75034,0.01485,2,unclassified,2023
GaiaDR3_1893512958955407232,60171,2023-08-15,17.75418,0.034522,2,unclassified,2023
GaiaDR3_1893512958955407232,60173,2023-08-17,17.756298,0.016226,3,unclassified,2023
GaiaDR3_1893512958955407232,60174,2023-08-18,17.764696,0.012234,3,unclassified,2023
GaiaDR3_1893512958955407232,60181,2023-08-25,17.768118,0.014993,2,unclassified,2023
GaiaDR3_1893512958955407232,60182,2023-08-26,17.7559,0.022945,2,unclassified,2023
GaiaDR3_1893512958955407232,60183,2023-08-27,17.754562,0.03979,3,unclassified,2023
GaiaDR3_1893512958955407232,60184,2023-08-28,17.712912,0.050189,2,unclassified,2023
GaiaDR3_1893512958955407232,60185,2023-08-29,17.789629,0.014022,3,unclassified,2023
GaiaDR3_1893512958955407232,60186,2023-08-30,17.733609,0.014719,2,unclassified,2023
GaiaDR3_1893512958955407232,60187,2023-08-31,17.705507,0.02051,1,unclassified,2023
GaiaDR3_1893512958955407232,60191,2023-09-04,17.694828,0.014422,2,unclassified,2023
GaiaDR3_1893512958955407232,60192,2023-09-05,17.761935,0.014943,2,unclassified,2023
GaiaDR3_1893512958955407232,60193,2023-09-06,17.783638,0.015118,2,unclassified,2023
GaiaDR3_1893512958955407232,60194,2023-09-07,17.757397,0.012171,3,unclassified,2023
GaiaDR3_1893512958955407232,60195,2023-09-08,17.768173,0.014993,2,unclassified,2023
GaiaDR3_1893512958955407232,60196,2023-09-09,17.79833,0.02155,1,unclassified,2023
GaiaDR3_1893512958955407232,60198,2023-09-11,17.75679,0.014903,2,unclassified,2023
GaiaDR3_1893512958955407232,60200,2023-09-13,17.735123,0.032265,3,unclassified,2023
GaiaDR3_1893512958955407232,60201,2023-09-14,17.766326,0.014977,2,unclassified,2023
GaiaDR3_1893512958955407232,60202,2023-09-15,17.814659,0.028769,3,unclassified,2023
GaiaDR3_1893512958955407232,60203,2023-09-16,17.762257,0.021135,1,unclassified,2023
GaiaDR3_1893512958955407232,60204,2023-09-17,17.779537,0.012357,3,unclassified,2023
GaiaDR3_1893512958955407232,60205,2023-09-18,17.742167,0.037308,2,unclassified,2023
GaiaDR3_1893512958955407232,60206,2023-09-19,17.809435,0.012947,3,unclassified,2023
GaiaDR3_1893512958955407232,60207,2023-09-20,17.738474,0.043251,2,unclassified,2023
GaiaDR3_1893512958955407232,60209,2023-09-22,17.769905,0.021222,1,unclassified,2023
GaiaDR3_1893512958955407232,60211,2023-09-24,17.764099,0.03645,2,unclassified,2023
GaiaDR3_1893512958955407232,60212,2023-09-25,17.782207,0.012334,3,unclassified,2023
GaiaDR3_1893512958955407232,60213,2023-09-26,17.716197,0.014584,2,unclassified,2023
GaiaDR3_1893512958955407232,60214,2023-09-27,17.758003,0.012175,3,unclassified,2023
GaiaDR3_1893512958955407232,60215,2023-09-28,17.6921,0.020367,1,unclassified,2023
GaiaDR3_1893512958955407232,60216,2023-09-29,17.70833,0.020541,1,unclassified,2023
GaiaDR3_1893512958955407232,60220,2023-10-03,17.763285,0.018275,3,unclassified,2023
GaiaDR3_1893512958955407232,60221,2023-10-04,17.744616,0.016523,2,unclassified,2023
GaiaDR3_1893512958955407232,60222,2023-10-05,17.790752,0.025605,3,unclassified,2023
GaiaDR3_1893512958955407232,60223,2023-10-06,17.791256,0.039832,2,unclassified,2023
GaiaDR3_1893512958955407232,60224,2023-10-07,17.779705,0.02472,3,unclassified,2023
GaiaDR3_1893512958955407232,60226,2023-10-09,17.781328,0.015099,2,unclassified,2023
GaiaDR3_1893512958955407232,60227,2023-10-10,17.790512,0.036797,3,unclassified,2023
GaiaDR3_1893512958955407232,60228,2023-10-11,17.781067,0.030335,2,unclassified,2023
GaiaDR3_1893512958955407232,60230,2023-10-13,17.788867,0.01516,2,unclassified,2023
GaiaDR3_1893512958955407232,60231,2023-10-14,17.75793,0.027863,2,unclassified,2023
GaiaDR3_1893512958955407232,60232,2023-10-15,17.76138,0.046295,2,unclassified,2023
GaiaDR3_1893512958955407232,60233,2023-10-16,17.697639,0.015267,2,unclassified,2023
GaiaDR3_1893512958955407232,60234,2023-10-17,17.800257,0.017312,3,unclassified,2023
GaiaDR3_1893512958955407232,60235,2023-10-18,17.758216,0.016381,2,unclassified,2023
GaiaDR3_1893512958955407232,60236,2023-10-19,17.794579,0.012416,3,unclassified,2023
GaiaDR3_1893512958955407232,60237,2023-10-20,17.768545,0.023347,2,unclassified,2023
GaiaDR3_1893512958955407232,60238,2023-10-21,17.771563,0.012263,3,unclassified,2023
GaiaDR3_1893512958955407232,60239,2023-10-22,17.738869,0.037693,2,unclassified,2023
GaiaDR3_1893512958955407232,60242,2023-10-25,17.756149,0.012163,3,unclassified,2023
GaiaDR3_1893512958955407232,60244,2023-10-27,17.624767,0.019676,1,unclassified,2023
GaiaDR3_1893512958955407232,60245,2023-10-28,17.800116,0.015253,2,unclassified,2023
GaiaDR3_1893512958955407232,60249,2023-11-01,17.755467,0.021059,1,unclassified,2023
GaiaDR3_1893512958955407232,60250,2023-11-02,17.777294,0.012301,3,unclassified,2023
GaiaDR3_1893512958955407232,60251,2023-11-03,17.755676,0.017718,2,unclassified,2023
GaiaDR3_1893512958955407232,60252,2023-11-04,17.761398,0.025151,3,unclassified,2023
GaiaDR3_1893512958955407232,60253,2023-11-05,17.748636,0.014837,2,unclassified,2023
GaiaDR3_1893512958955407232,60254,2023-11-06,17.741924,0.012071,3,unclassified,2023
GaiaDR3_1893512958955407232,60255,2023-11-07,17.73947,0.028179,2,unclassified,2023
GaiaDR3_1893512958955407232,60257,2023-11-09,17.718292,0.071243,3,unclassified,2023
GaiaDR3_1893512958955407232,60258,2023-11-10,17.772752,0.021429,2,unclassified,2023
GaiaDR3_1893512958955407232,60259,2023-11-11,17.756744,0.015328,3,unclassified,2023
GaiaDR3_1893512958955407232,60260,2023-11-12,17.739641,0.021009,2,unclassified,2023
GaiaDR3_1893512958955407232,60261,2023-11-13,17.7155,0.011904,3,unclassified,2023
GaiaDR3_1893512958955407232,60262,2023-11-14,17.782051,0.015105,2,unclassified,2023
GaiaDR3_1893512958955407232,60284,2023-12-06,17.691593,0.020362,1,unclassified,2023
GaiaDR3_1893512958955407232,60289,2023-12-11,17.732904,0.020808,1,unclassified,2023
GaiaDR3_1893512958955407232,60290,2023-12-12,17.734997,0.020831,1,unclassified,2023
GaiaDR3_1893512958955407232,60291,2023-12-13,17.752626,0.021027,1,unclassified,2023
GaiaDR3_1893512958955407232,60311,2024-01-02,17.774353,0.021272,1,unclassified,2024
GaiaDR3_1893512958955407232,60428,2024-04-28,17.790783,0.021462,1,unclassified,2024
GaiaDR3_1893512958955407232,60432,2024-05-02,17.736736,0.02085,1,unclassified,2024
GaiaDR3_1893512958955407232,60434,2024-05-04,17.757759,0.021084,1,unclassified,2024
GaiaDR3_1893512958955407232,60449,2024-05-19,17.736691,0.020849,1,unclassified,2024
GaiaDR3_1893512958955407232,60451,2024-05-21,17.801758,0.02159,1,unclassified,2024
GaiaDR3_1893512958955407232,60456,2024-05-26,17.812462,0.021716,1,unclassified,2024
GaiaDR3_1893512958955407232,60462,2024-06-01,17.792551,0.021482,1,unclassified,2024
GaiaDR3_1893512958955407232,60464,2024-06-03,17.815983,0.021757,1,unclassified,2024
GaiaDR3_1893512958955407232,60473,2024-06-12,17.726681,0.02074,1,unclassified,2024
GaiaDR3_1893512958955407232,60476,2024-06-15,17.744785,0.020939,1,unclassified,2024
GaiaDR3_1893512958955407232,60479,2024-06-18,17.793242,0.02149,1,unclassified,2024
GaiaDR3_1893512958955407232,60485,2024-06-24,17.714828,0.020611,1,unclassified,2024
GaiaDR3_1893512958955407232,60488,2024-06-27,17.78762,0.021425,1,unclassified,2024
GaiaDR3_1893512958955407232,60490,2024-06-29,17.671738,0.020154,1,unclassified,2024
GaiaDR3_1893512958955407232,60499,2024-07-08,17.772568,0.015325,3,unclassified,2024
GaiaDR3_1893512958955407232,60500,2024-07-09,17.769359,0.015002,2,unclassified,2024
GaiaDR3_1893512958955407232,60501,2024-07-10,17.786907,0.020954,3,unclassified,2024
GaiaDR3_1893512958955407232,60502,2024-07-11,17.767311,0.021192,1,unclassified,2024
GaiaDR3_1893512958955407232,60503,2024-07-12,17.743492,0.034268,2,unclassified,2024
GaiaDR3_1893512958955407232,60504,2024-07-13,17.759024,0.01492,2,unclassified,2024
GaiaDR3_1893512958955407232,60505,2024-07-14,17.817116,0.012569,3,unclassified,2024
GaiaDR3_1893512958955407232,60507,2024-07-16,17.731695,0.034542,2,unclassified,2024
GaiaDR3_1893512958955407232,60509,2024-07-18,17.796906,0.020832,3,unclassified,2024
GaiaDR3_1893512958955407232,60510,2024-07-19,17.810854,0.015342,2,unclassified,2024
GaiaDR3_1893512958955407232,60511,2024-07-20,17.789345,0.014238,3,unclassified,2024
GaiaDR3_1893512958955407232,60512,2024-07-21,17.662273,0.020056,1,unclassified,2024
GaiaDR3_1893512958955407232,60514,2024-07-23,17.720417,0.020671,1,unclassified,2024
GaiaDR3_1893512958955407232,60516,2024-07-25,17.675875,0.020197,1,unclassified,2024
GaiaDR3_1893512958955407232,60519,2024-07-28,17.705881,0.020514,1,unclassified,2024
GaiaDR3_1893512958955407232,60521,2024-07-30,17.789589,0.021448,1,unclassified,2024
GaiaDR3_1893512958955407232,60525,2024-08-03,17.741039,0.020898,1,unclassified,2024
GaiaDR3_1893512958955407232,60527,2024-08-05,17.821194,0.021819,1,unclassified,2024
GaiaDR3_1893512958955407232,60529,2024-08-07,17.767845,0.021198,1,unclassified,2024
GaiaDR3_1893512958955407232,60531,2024-08-09,17.752621,0.021027,1,unclassified,2024
GaiaDR3_1893512958955407232,60536,2024-08-14,17.721226,0.02068,1,unclassified,2024
GaiaDR3_1893512958955407232,60538,2024-08-16,17.803032,0.021605,1,unclassified,2024
GaiaDR3_1893512958955407232,60540,2024-08-18,17.77306,0.021258,1,unclassified,2024
GaiaDR3_1893512958955407232,60544,2024-08-22,17.717497,0.02064,1,unclassified,2024
GaiaDR3_1893512958955407232,60547,2024-08-25,17.770958,0.021234,1,unclassified,2024
GaiaDR3_1893512958955407232,60549,2024-08-27,17.774628,0.021276,1,unclassified,2024
GaiaDR3_1893512958955407232,60551,2024-08-29,17.764313,0.021158,1,unclassified,2024
GaiaDR3_1893512958955407232,60553,2024-08-31,17.808235,0.021666,1,unclassified,2024
GaiaDR3_1893512958955407232,60556,2024-09-03,17.767128,0.02119,1,unclassified,2024
GaiaDR3_1893512958955407232,60558,2024-09-05,17.748201,0.020977,1,unclassified,2024
GaiaDR3_1893512958955407232,60562,2024-09-09,17.748333,0.020979,1,unclassified,2024
GaiaDR3_1893512958955407232,60569,2024-09-16,17.733677,0.020816,1,unclassified,2024
GaiaDR3_1893512958955407232,60575,2024-09-22,17.762625,0.021139,1,unclassified,2024
GaiaDR3_1893512958955407232,60576,2024-09-23,17.745953,0.020952,1,unclassified,2024
GaiaDR3_1893512958955407232,60577,2024-09-24,17.685459,0.020297,1,unclassified,2024
GaiaDR3_1893512958955407232,60578,2024-09-25,17.710854,0.020568,1,unclassified,2024
GaiaDR3_1893512958955407232,60580,2024-09-27,17.734199,0.020822,1,unclassified,2024
GaiaDR3_1893512958955407232,60592,2024-10-09,17.743029,0.02092,1,unclassified,2024
GaiaDR3_1893512958955407232,60594,2024-10-11,17.720673,0.020674,1,unclassified,2024
GaiaDR3_1893512958955407232,60596,2024-10-13,17.793911,0.021498,1,unclassified,2024
GaiaDR3_1893512958955407232,60598,2024-10-15,17.772102,0.021247,1,unclassified,2024
GaiaDR3_1893512958955407232,60600,2024-10-17,17.681608,0.020257,1,unclassified,2024
GaiaDR3_1893512958955407232,60603,2024-10-20,17.802864,0.021603,1,unclassified,2024
GaiaDR3_1893512958955407232,60607,2024-10-24,17.655579,0.019987,1,unclassified,2024
GaiaDR3_1893512958955407232,60609,2024-10-26,17.759537,0.021104,1,unclassified,2024
GaiaDR3_1893512958955407232,60614,2024-10-31,17.796076,0.021523,1,unclassified,2024
GaiaDR3_1893512958955407232,60621,2024-11-07,17.617003,0.019599,1,unclassified,2024
GaiaDR3_1893512958955407232,60625,2024-11-11,17.836464,0.022003,1,unclassified,2024
GaiaDR3_1893512958955407232,60627,2024-11-13,17.80698,0.021651,1,unclassified,2024
GaiaDR3_1893512958955407232,60629,2024-11-15,17.758089,0.021088,1,unclassified,2024
GaiaDR3_1893512958955407232,60634,2024-11-20,17.792355,0.02148,1,unclassified,2024
GaiaDR3_1893512958955407232,60636,2024-11-22,17.791452,0.021469,1,unclassified,2024
GaiaDR3_1893512958955407232,60647,2024-12-03,17.77895,0.021325,1,unclassified,2024
GaiaDR3_1893512958955407232,60649,2024-12-05,17.719238,0.020658,1,unclassified,2024
GaiaDR3_1893512958955407232,60651,2024-12-07,17.765854,0.021176,1,unclassified,2024
GaiaDR3_1893512958955407232,60655,2024-12-11,17.767231,0.021191,1,unclassified,2024
GaiaDR3_1893512958955407232,60663,2024-12-19,17.741249,0.0209,1,unclassified,2024
GaiaDR3_1893512958955407232,60673,2024-12-29,17.784088,0.021384,1,unclassified,2024
GaiaDR3_1893512958955407232,60675,2024-12-31,17.770771,0.021232,1,unclassified,2024
GaiaDR3_1893512958955407232,60681,2025-01-06,17.709148,0.020549,1,unclassified,2025
GaiaDR3_1893512958955407232,60686,2025-01-11,17.798874,0.021556,1,unclassified,2025
GaiaDR3_1893512958955407232,60804,2025-05-09,17.822189,0.021831,1,unclassified,2025
GaiaDR3_1893512958955407232,60810,2025-05-15,17.832123,0.02195,1,unclassified,2025
GaiaDR3_1893512958955407232,60815,2025-05-20,17.679638,0.020236,1,unclassified,2025
GaiaDR3_1893512958955407232,60817,2025-05-22,17.785471,0.0214,1,unclassified,2025
GaiaDR3_1893512958955407232,60819,2025-05-24,17.766369,0.021182,1,unclassified,2025
GaiaDR3_1893512958955407232,60821,2025-05-26,17.708069,0.020538,1,unclassified,2025
GaiaDR3_1893512958955407232,60823,2025-05-28,17.799095,0.021558,1,unclassified,2025
GaiaDR3_1893512958955407232,60831,2025-06-05,17.747917,0.020974,1,unclassified,2025
GaiaDR3_1893512958955407232,60833,2025-06-07,17.838844,0.022032,1,unclassified,2025
GaiaDR3_1893512958955407232,60835,2025-06-09,17.700502,0.020457,1,unclassified,2025
GaiaDR3_1893512958955407232,60838,2025-06-12,17.686737,0.020311,1,unclassified,2025
GaiaDR3_1893512958955407232,60841,2025-06-15,17.706848,0.020525,1,unclassified,2025
GaiaDR3_1893512958955407232,60843,2025-06-17,17.789936,0.021452,1,unclassified,2025
GaiaDR3_1893512958955407232,60846,2025-06-20,17.774452,0.021274,1,unclassified,2025
GaiaDR3_1893512958955407232,60848,2025-06-22,17.763355,0.021147,1,unclassified,2025
GaiaDR3_1893512958955407232,60853,2025-06-27,17.733181,0.020811,1,unclassified,2025
GaiaDR3_1893512958955407232,60856,2025-06-30,17.805925,0.021639,1,unclassified,2025
GaiaDR3_1893512958955407232,60858,2025-07-02,17.764976,0.021166,1,unclassified,2025
GaiaDR3_1893512958955407232,60860,2025-07-04,17.765995,0.021177,1,unclassified,2025
GaiaDR3_1893512958955407232,60866,2025-07-10,17.739429,0.02088,1,unclassified,2025
GaiaDR3_1893512958955407232,60869,2025-07-13,17.74535,0.020945,1,unclassified,2025
GaiaDR3_1893512958955407232,60875,2025-07-19,17.779011,0.021326,1,unclassified,2025
GaiaDR3_1893512958955407232,60877,2025-07-21,17.78623,0.021409,1,unclassified,2025
GaiaDR3_1893512958955407232,60879,2025-07-23,17.780081,0.021338,1,unclassified,2025
GaiaDR3_1893512958955407232,60881,2025-07-25,17.794048,0.0215,1,unclassified,2025
GaiaDR3_1893512958955407232,60884,2025-07-28,17.803684,0.021612,1,unclassified,2025
GaiaDR3_1893512958955407232,60888,2025-08-01,17.747414,0.020968,1,unclassified,2025
GaiaDR3_1893512958955407232,60891,2025-08-04,17.6945,0.020393,1,unclassified,2025
GaiaDR3_1893512958955407232,60894,2025-08-07,17.815067,0.021747,1,unclassified,2025
GaiaDR3_1893512958955407232,60897,2025-08-10,17.81887,0.021792,1,unclassified,2025
GaiaDR3_1893512958955407232,60899,2025-08-12,17.749426,0.020991,1,unclassified,2025
GaiaDR3_1893512958955407232,60901,2025-08-14,17.715979,0.020623,1,unclassified,2025
GaiaDR3_1893512958955407232,60903,2025-08-16,17.766659,0.021185,1,unclassified,2025
GaiaDR3_1893512958955407232,60905,2025-08-18,17.699203,0.020443,1,unclassified,2025
GaiaDR3_1893512958955407232,60909,2025-08-22,17.774067,0.021269,1,unclassified,2025
GaiaDR3_1893512958955407232,60911,2025-08-24,17.759611,0.021105,1,unclassified,2025
GaiaDR3_1893512958955407232,60913,2025-08-26,17.71047,0.020564,1,unclassified,2025
GaiaDR3_1893512958955407232,60916,2025-08-29,17.730057,0.020776,1,unclassified,2025
GaiaDR3_1893512958955407232,60918,2025-08-31,17.799755,0.021566,1,unclassified,2025
GaiaDR3_1893512958955407232,60920,2025-09-02,17.736362,0.020846,1,unclassified,2025
GaiaDR3_1893512958955407232,60922,2025-09-04,17.794187,0.021501,1,unclassified,2025
GaiaDR3_1893512958955407232,60924,2025-09-06,17.761112,0.021122,1,unclassified,2025
GaiaDR3_1893512958955407232,60926,2025-09-08,17.748879,0.020985,1,unclassified,2025
GaiaDR3_1893512958955407232,60928,2025-09-10,17.693603,0.020383,1,unclassified,2025
GaiaDR3_1893512958955407232,60930,2025-09-12,17.722382,0.020693,1,unclassified,2025
GaiaDR3_1893512958955407232,60933,2025-09-15,17.81271,0.021719,1,unclassified,2025
GaiaDR3_1893512958955407232,60935,2025-09-17,17.777483,0.021308,1,unclassified,2025
GaiaDR3_1893512958955407232,60939,2025-09-21,17.715824,0.020621,1,unclassified,2025
GaiaDR3_1893512958955407232,60942,2025-09-24,17.721916,0.020688,1,unclassified,2025
GaiaDR3_1893512958955407232,60944,2025-09-26,17.78141,0.021353,1,unclassified,2025
GaiaDR3_1893512958955407232,60949,2025-10-01,17.757837,0.021085,1,unclassified,2025
GaiaDR3_1893512958955407232,60951,2025-10-03,17.71278,0.020588,1,unclassified,2025
GaiaDR3_1893512958955407232,60953,2025-10-05,17.798918,0.021556,1,unclassified,2025
GaiaDR3_1893512958955407232,60955,2025-10-07,17.744518,0.020936,1,unclassified,2025
GaiaDR3_1893512958955407232,60957,2025-10-09,17.754833,0.021051,1,unclassified,2025
GaiaDR3_1893512958955407232,60960,2025-10-12,17.745033,0.020942,1,unclassified,2025
GaiaDR3_1893512958955407232,60965,2025-10-17,17.822918,0.02184,1,unclassified,2025
GaiaDR3_1893512958955407232,60967,2025-10-19,17.665897,0.020093,1,unclassified,2025
GaiaDR3_1893512958955407232,60969,2025-10-21,17.749687,0.020994,1,unclassified,2025
GaiaDR3_2833849800205759360,58262,2018-05-24,15.594638,0.011257,1,unclassified,2018
GaiaDR3_2833849800205759360,58269,2018-05-31,15.591214,0.011251,1,unclassified,2018
GaiaDR3_2833849800205759360,58272,2018-06-03,15.602823,0.01127,1,unclassified,2018
GaiaDR3_2833849800205759360,58273,2018-06-04,15.575909,0.011227,1,unclassified,2018
GaiaDR3_2833849800205759360,58274,2018-06-05,15.556903,0.011197,1,unclassified,2018
GaiaDR3_2833849800205759360,58275,2018-06-06,15.574614,0.007937,2,unclassified,2018
GaiaDR3_2833849800205759360,58276,2018-06-07,15.568799,0.011215,1,unclassified,2018
GaiaDR3_2833849800205759360,58277,2018-06-08,15.584535,0.01124,1,unclassified,2018
GaiaDR3_2833849800205759360,58278,2018-06-09,15.586675,0.007951,2,unclassified,2018
GaiaDR3_2833849800205759360,58280,2018-06-11,15.602791,0.01127,1,unclassified,2018
GaiaDR3_2833849800205759360,58281,2018-06-12,15.579466,0.007942,2,unclassified,2018
GaiaDR3_2833849800205759360,58282,2018-06-13,15.581195,0.011235,1,unclassified,2018
GaiaDR3_2833849800205759360,58283,2018-06-14,15.586456,0.011243,1,unclassified,2018
GaiaDR3_2833849800205759360,58287,2018-06-18,15.598296,0.011263,1,unclassified,2018
GaiaDR3_2833849800205759360,58290,2018-06-21,15.582254,0.011237,1,unclassified,2018
GaiaDR3_2833849800205759360,58293,2018-06-24,15.604598,0.011273,1,unclassified,2018
GaiaDR3_2833849800205759360,58296,2018-06-27,15.600117,0.011266,1,unclassified,2018
GaiaDR3_2833849800205759360,58299,2018-06-30,15.629759,0.011315,1,unclassified,2018
GaiaDR3_2833849800205759360,58300,2018-07-01,15.577668,0.008265,2,unclassified,2018
GaiaDR3_2833849800205759360,58302,2018-07-03,15.597457,0.011261,1,unclassified,2018
GaiaDR3_2833849800205759360,58305,2018-07-06,15.600521,0.011266,1,unclassified,2018
GaiaDR3_2833849800205759360,58316,2018-07-17,15.585735,0.011242,1,unclassified,2018
GaiaDR3_2833849800205759360,58319,2018-07-20,15.624021,0.011305,1,unclassified,2018
GaiaDR3_2833849800205759360,58322,2018-07-23,15.59511,0.011257,1,unclassified,2018
GaiaDR3_2833849800205759360,58325,2018-07-26,15.587046,0.011244,1,unclassified,2018
GaiaDR3_2833849800205759360,58326,2018-07-27,15.587795,0.008274,2,unclassified,2018
GaiaDR3_2833849800205759360,58331,2018-08-01,15.589395,0.011248,1,unclassified,2018
GaiaDR3_2833849800205759360,58333,2018-08-03,15.601557,0.008286,2,unclassified,2018
GaiaDR3_2833849800205759360,58334,2018-08-04,15.564864,0.011209,1,unclassified,2018
GaiaDR3_2833849800205759360,58336,2018-08-06,15.603025,0.01172,1,unclassified,2018
GaiaDR3_2833849800205759360,58337,2018-08-07,15.598105,0.008125,2,unclassified,2018
GaiaDR3_2833849800205759360,58338,2018-08-08,15.607529,0.011726,1,unclassified,2018
GaiaDR3_2833849800205759360,58343,2018-08-13,15.624785,0.011306,1,unclassified,2018
GaiaDR3_2833849800205759360,58344,2018-08-14,15.599009,0.011715,1,unclassified,2018
GaiaDR3_2833849800205759360,58346,2018-08-16,15.583313,0.011238,1,unclassified,2018
GaiaDR3_2833849800205759360,58348,2018-08-18,15.620612,0.011743,1,unclassified,2018
GaiaDR3_2833849800205759360,58349,2018-08-19,15.600832,0.011267,1,unclassified,2018
GaiaDR3_2833849800205759360,58350,2018-08-20,15.621754,0.011744,1,unclassified,2018
GaiaDR3_2833849800205759360,58352,2018-08-22,15.547379,0.011182,1,unclassified,2018
GaiaDR3_2833849800205759360,58360,2018-08-30,15.583902,0.011696,1,unclassified,2018
GaiaDR3_2833849800205759360,58361,2018-08-31,15.60379,0.011272,1,unclassified,2018
GaiaDR3_2833849800205759360,58363,2018-09-02,15.599856,0.011716,1,unclassified,2018
GaiaDR3_2833849800205759360,58364,2018-09-03,15.579521,0.011232,1,unclassified,2018
GaiaDR3_2833849800205759360,58367,2018-09-06,15.598095,0.011262,1,unclassified,2018
GaiaDR3_2833849800205759360,58369,2018-09-08,15.567355,0.011676,1,unclassified,2018
GaiaDR3_2833849800205759360,58370,2018-09-09,15.599226,0.011264,1,unclassified,2018
GaiaDR3_2833849800205759360,58373,2018-09-12,15.564822,0.011209,1,unclassified,2018
GaiaDR3_2833849800205759360,58376,2018-09-15,15.562314,0.011205,1,unclassified,2018
GaiaDR3_2833849800205759360,58379,2018-09-18,15.598106,0.011262,1,unclassified,2018
GaiaDR3_2833849800205759360,58382,2018-09-21,15.585389,0.008111,2,unclassified,2018
GaiaDR3_2833849800205759360,58383,2018-09-22,15.560317,0.011668,1,unclassified,2018
GaiaDR3_2833849800205759360,58384,2018-09-23,15.560715,0.011669,1,unclassified,2018
GaiaDR3_2833849800205759360,58385,2018-09-24,15.603453,0.011271,1,unclassified,2018
GaiaDR3_2833849800205759360,58388,2018-09-27,15.586412,0.011243,1,unclassified,2018
GaiaDR3_2833849800205759360,58390,2018-09-29,15.526578,0.011629,1,unclassified,2018
GaiaDR3_2833849800205759360,58400,2018-10-09,15.602386,0.011269,1,unclassified,2018
GaiaDR3_2833849800205759360,58423,2018-11-01,15.585484,0.011242,1,unclassified,2018
GaiaDR3_2833849800205759360,58426,2018-11-04,15.555748,0.011195,1,unclassified,2018
GaiaDR3_2833849800205759360,58428,2018-11-06,15.571372,0.011681,1,unclassified,2018
GaiaDR3_2833849800205759360,58429,2018-11-07,15.591792,0.011252,1,unclassified,2018
GaiaDR3_2833849800205759360,58435,2018-11-13,15.587912,0.011246,1,unclassified,2018
GaiaDR3_2833849800205759360,58441,2018-11-19,15.572385,0.011221,1,unclassified,2018
GaiaDR3_2833849800205759360,58469,2018-12-17,15.598386,0.011263,1,unclassified,2018
GaiaDR3_2833849800205759360,58472,2018-12-20,15.55506,0.011194,1,unclassified,2018
GaiaDR3_2833849800205759360,58482,2018-12-30,15.582627,0.011237,1,unclassified,2018
GaiaDR3_2833849800205759360,58487,2019-01-04,15.576141,0.011227,1,unclassified,2019
GaiaDR3_2833849800205759360,58634,2019-05-31,15.599458,0.011265,1,unclassified,2019
GaiaDR3_2833849800205759360,58637,2019-06-03,15.571462,0.011219,1,unclassified,2019
GaiaDR3_2833849800205759360,58640,2019-06-06,15.605938,0.011275,1,unclassified,2019
GaiaDR3_2833849800205759360,58643,2019-06-09,15.5737,0.011223,1,unclassified,2019
GaiaDR3_2833849800205759360,58646,2019-06-12,15.600081,0.011266,1,unclassified,2019
GaiaDR3_2833849800205759360,58649,2019-06-15,15.570707,0.011218,1,unclassified,2019
GaiaDR3_2833849800205759360,58652,2019-06-18,15.597337,0.011261,1,unclassified,2019
GaiaDR3_2833849800205759360,58655,2019-06-21,15.588604,0.011247,1,unclassified,2019
GaiaDR3_2833849800205759360,58661,2019-06-27,15.58768,0.011245,1,unclassified,2019
GaiaDR3_2833849800205759360,58665,2019-07-01,15.598517,0.011263,1,unclassified,2019
GaiaDR3_2833849800205759360,58668,2019-07-04,15.601702,0.011268,1,unclassified,2019
GaiaDR3_2833849800205759360,58669,2019-07-05,15.570519,0.007401,3,unclassified,2019
GaiaDR3_2833849800205759360,58677,2019-07-13,15.579931,0.011233,1,unclassified,2019
GaiaDR3_2833849800205759360,58680,2019-07-16,15.5988,0.011263,1,unclassified,2019
GaiaDR3_2833849800205759360,58683,2019-07-19,15.572002,0.01122,1,unclassified,2019
GaiaDR3_2833849800205759360,58686,2019-07-22,15.578584,0.011231,1,unclassified,2019
GaiaDR3_2833849800205759360,58690,2019-07-26,15.580646,0.011234,1,unclassified,2019
GaiaDR3_2833849800205759360,58693,2019-07-29,15.575491,0.011226,1,unclassified,2019
GaiaDR3_2833849800205759360,58695,2019-07-31,15.583991,0.009297,2,unclassified,2019
GaiaDR3_2833849800205759360,58696,2019-08-01,15.609041,0.01128,1,unclassified,2019
GaiaDR3_2833849800205759360,58704,2019-08-09,15.567868,0.008257,2,unclassified,2019
GaiaDR3_2833849800205759360,58705,2019-08-10,15.570879,0.011219,1,unclassified,2019
GaiaDR3_2833849800205759360,58708,2019-08-13,15.611949,0.011285,1,unclassified,2019
GaiaDR3_2833849800205759360,58714,2019-08-19,15.567199,0.011213,1,unclassified,2019
GaiaDR3_2833849800205759360,58717,2019-08-22,15.597244,0.005745,4,unclassified,2019
GaiaDR3_2833849800205759360,58720,2019-08-25,15.557659,0.011198,1,unclassified,2019
GaiaDR3_2833849800205759360,58722,2019-08-27,15.584287,0.01124,1,unclassified,2019
GaiaDR3_2833849800205759360,58723,2019-08-28,15.602737,0.007969,2,unclassified,2019
GaiaDR3_2833849800205759360,58725,2019-08-30,15.582593,0.00827,2,unclassified,2019
GaiaDR3_2833849800205759360,58726,2019-08-31,15.604598,0.011273,1,unclassified,2019
GaiaDR3_2833849800205759360,58727,2019-09-01,15.58445,0.01124,1,unclassified,2019
GaiaDR3_2833849800205759360,58728,2019-09-02,15.608905,0.01128,1,unclassified,2019
GaiaDR3_2833849800205759360,58730,2019-09-04,15.587028,0.007951,2,unclassified,2019
GaiaDR3_2833849800205759360,58734,2019-09-08,15.579005,0.007942,2,unclassified,2019
GaiaDR3_2833849800205759360,58736,2019-09-10,15.580931,0.011235,1,unclassified,2019
GaiaDR3_2833849800205759360,58737,2019-09-11,15.586961,0.007951,2,unclassified,2019
GaiaDR3_2833849800205759360,58738,2019-09-12,15.596951,0.01126,1,unclassified,2019
GaiaDR3_2833849800205759360,58739,2019-09-13,15.611921,0.011285,1,unclassified,2019
GaiaDR3_2833849800205759360,58740,2019-09-14,15.616295,0.011292,1,unclassified,2019
GaiaDR3_2833849800205759360,58741,2019-09-15,15.594406,0.011256,1,unclassified,2019
GaiaDR3_2833849800205759360,58743,2019-09-17,15.57205,0.01122,1,unclassified,2019
GaiaDR3_2833849800205759360,58744,2019-09-18,15.576666,0.011228,1,unclassified,2019
GaiaDR3_2833849800205759360,58745,2019-09-19,15.609209,0.01128,1,unclassified,2019
GaiaDR3_2833849800205759360,58747,2019-09-21,15.593732,0.011255,1,unclassified,2019
GaiaDR3_2833849800205759360,58748,2019-09-22,15.593578,0.011255,1,unclassified,2019
GaiaDR3_2833849800205759360,58749,2019-09-23,15.575839,0.011226,1,unclassified,2019
GaiaDR3_2833849800205759360,58750,2019-09-24,15.559546,0.011201,1,unclassified,2019
GaiaDR3_2833849800205759360,58751,2019-09-25,15.582395,0.011237,1,unclassified,2019
GaiaDR3_2833849800205759360,58754,2019-09-28,15.595786,0.011259,1,unclassified,2019
GaiaDR3_2833849800205759360,58757,2019-10-01,15.557833,0.011665,1,unclassified,2019
GaiaDR3_2833849800205759360,58758,2019-10-02,15.593803,0.011255,1,unclassified,2019
GaiaDR3_2833849800205759360,58760,2019-10-04,15.594091,0.011256,1,unclassified,2019
GaiaDR3_2833849800205759360,58761,2019-10-05,15.596195,0.011259,1,unclassified,2019
GaiaDR3_2833849800205759360,58762,2019-10-06,15.592478,0.006756,3,unclassified,2019
GaiaDR3_2833849800205759360,58763,2019-10-07,15.566256,0.011211,1,unclassified,2019
GaiaDR3_2833849800205759360,58764,2019-10-08,15.573883,0.011223,1,unclassified,2019
GaiaDR3_2833849800205759360,58765,2019-10-09,15.568017,0.008257,2,unclassified,2019
GaiaDR3_2833849800205759360,58766,2019-10-10,15.57598,0.008264,2,unclassified,2019
GaiaDR3_2833849800205759360,58772,2019-10-16,15.576362,0.008264,2,unclassified,2019
GaiaDR3_2833849800205759360,58777,2019-10-21,15.559717,0.011201,1,unclassified,2019
GaiaDR3_2833849800205759360,58778,2019-10-22,15.568599,0.008258,2,unclassified,2019
GaiaDR3_2833849800205759360,58781,2019-10-25,15.605057,0.011274,1,unclassified,2019
GaiaDR3_2833849800205759360,58785,2019-10-29,15.582955,0.011238,1,unclassified,2019
GaiaDR3_2833849800205759360,58791,2019-11-04,15.561756,0.008087,2,unclassified,2019
GaiaDR3_2833849800205759360,58792,2019-11-05,15.582357,0.008269,2,unclassified,2019
GaiaDR3_2833849800205759360,58794,2019-11-07,15.594356,0.006753,3,unclassified,2019
GaiaDR3_2833849800205759360,58797,2019-11-10,15.572696,0.005727,4,unclassified,2019
GaiaDR3_2833849800205759360,58798,2019-11-11,15.574941,0.008942,3,unclassified,2019
GaiaDR3_2833849800205759360,58800,2019-11-13,15.58699,0.011244,1,unclassified,2019
GaiaDR3_2833849800205759360,58803,2019-11-16,15.611472,0.011284,1,unclassified,2019
GaiaDR3_2833849800205759360,58806,2019-11-19,15.567629,0.011213,1,unclassified,2019
GaiaDR3_2833849800205759360,58811,2019-11-24,15.595145,0.011257,1,unclassified,2019
GaiaDR3_2833849800205759360,58831,2019-12-14,15.58702,0.011244,1,unclassified,2019
GaiaDR3_2833849800205759360,58863,2020-01-15,15.570409,0.011218,1,unclassified,2020
GaiaDR3_2833849800205759360,58873,2020-01-25,15.603287,0.011271,1,unclassified,2020
GaiaDR3_2833849800205759360,58979,2020-05-10,15.579016,0.011231,1,unclassified,2020
GaiaDR3_2833849800205759360,58996,2020-05-27,15.629744,0.011315,1,unclassified,2020
GaiaDR3_2833849800205759360,59002,2020-06-02,15.587357,0.011245,1,unclassified,2020
GaiaDR3_2833849800205759360,59014,2020-06-14,15.574493,0.011224,1,unclassified,2020
GaiaDR3_2833849800205759360,59022,2020-06-22,15.572514,0.011221,1,unclassified,2020
GaiaDR3_2833849800205759360,59025,2020-06-25,15.57487,0.011225,1,unclassified,2020
GaiaDR3_2833849800205759360,59028,2020-06-28,15.599698,0.011265,1,unclassified,2020
GaiaDR3_2833849800205759360,59031,2020-07-01,15.587331,0.011245,1,unclassified,2020
GaiaDR3_2833849800205759360,59034,2020-07-04,15.591433,0.011251,1,unclassified,2020
GaiaDR3_2833849800205759360,59043,2020-07-13,15.574348,0.011224,1,unclassified,2020
GaiaDR3_2833849800205759360,59047,2020-07-17,15.566833,0.008276,3,unclassified,2020
GaiaDR3_2833849800205759360,59048,2020-07-18,15.595397,0.0065,3,unclassified,2020
GaiaDR3_2833849800205759360,59049,2020-07-19,15.584087,0.01124,1,unclassified,2020
GaiaDR3_2833849800205759360,59051,2020-07-21,15.585565,0.011242,1,unclassified,2020
GaiaDR3_2833849800205759360,59052,2020-07-22,15.564911,0.006473,3,unclassified,2020
GaiaDR3_2833849800205759360,59053,2020-07-23,15.606673,0.00651,3,unclassified,2020
GaiaDR3_2833849800205759360,59054,2020-07-24,15.581533,0.011464,2,unclassified,2020
GaiaDR3_2833849800205759360,59055,2020-07-25,15.572345,0.007934,2,unclassified,2020
GaiaDR3_2833849800205759360,59056,2020-07-26,15.577869,0.006483,3,unclassified,2020
GaiaDR3_2833849800205759360,59057,2020-07-27,15.593206,0.011254,1,unclassified,2020
GaiaDR3_2833849800205759360,59059,2020-07-29,15.598011,0.006502,3,unclassified,2020
GaiaDR3_2833849800205759360,59060,2020-07-30,15.592902,0.007958,2,unclassified,2020
GaiaDR3_2833849800205759360,59061,2020-07-31,15.566413,0.011211,1,unclassified,2020
GaiaDR3_2833849800205759360,59062,2020-08-01,15.590744,0.006495,3,unclassified,2020
GaiaDR3_2833849800205759360,59063,2020-08-02,15.589579,0.011248,1,unclassified,2020
GaiaDR3_2833849800205759360,59064,2020-08-03,15.601376,0.011268,1,unclassified,2020
GaiaDR3_2833849800205759360,59065,2020-08-04,15.616927,0.027183,2,unclassified,2020
GaiaDR3_2833849800205759360,59066,2020-08-05,15.612687,0.007981,2,unclassified,2020
GaiaDR3_2833849800205759360,59067,2020-08-06,15.592065,0.007957,2,unclassified,2020
GaiaDR3_2833849800205759360,59069,2020-08-08,15.601627,0.011268,1,unclassified,2020
GaiaDR3_2833849800205759360,59070,2020-08-09,15.574266,0.011224,1,unclassified,2020
GaiaDR3_2833849800205759360,59071,2020-08-10,15.598988,0.006503,3,unclassified,2020
GaiaDR3_2833849800205759360,59072,2020-08-11,15.588042,0.007952,2,unclassified,2020
GaiaDR3_2833849800205759360,59073,2020-08-12,15.577578,0.00794,2,unclassified,2020
GaiaDR3_2833849800205759360,59075,2020-08-14,15.585282,0.00649,3,unclassified,2020
GaiaDR3_2833849800205759360,59077,2020-08-16,15.562083,0.007923,2,unclassified,2020
GaiaDR3_2833849800205759360,59078,2020-08-17,15.563298,0.007924,2,unclassified,2020
GaiaDR3_2833849800205759360,59079,2020-08-18,15.573741,0.007936,2,unclassified,2020
GaiaDR3_2833849800205759360,59080,2020-08-19,15.579048,0.011232,1,unclassified,2020
GaiaDR3_2833849800205759360,59081,2020-08-20,15.605211,0.010271,3,unclassified,2020
GaiaDR3_2833849800205759360,59082,2020-08-21,15.562948,0.011206,1,unclassified,2020
GaiaDR3_2833849800205759360,59084,2020-08-23,15.579433,0.011232,1,unclassified,2020
GaiaDR3_2833849800205759360,59085,2020-08-24,15.579143,0.007942,2,unclassified,2020
GaiaDR3_2833849800205759360,59086,2020-08-25,15.564373,0.011208,1,unclassified,2020
GaiaDR3_2833849800205759360,59087,2020-08-26,15.591881,0.006496,3,unclassified,2020
GaiaDR3_2833849800205759360,59088,2020-08-27,15.564945,0.011209,1,unclassified,2020
GaiaDR3_2833849800205759360,59089,2020-08-28,15.580551,0.011973,2,unclassified,2020
GaiaDR3_2833849800205759360,59090,2020-08-29,15.577485,0.012576,3,unclassified,2020
GaiaDR3_2833849800205759360,59091,2020-08-30,15.590671,0.007955,2,unclassified,2020
GaiaDR3_2833849800205759360,59092,2020-08-31,15.600268,0.011266,1,unclassified,2020
GaiaDR3_2833849800205759360,59093,2020-09-01,15.586492,0.011243,1,unclassified,2020
GaiaDR3_2833849800205759360,59094,2020-09-02,15.607172,0.007974,2,unclassified,2020
GaiaDR3_2833849800205759360,59095,2020-09-03,15.607475,0.011278,1,unclassified,2020
GaiaDR3_2833849800205759360,59096,2020-09-04,15.591126,0.011251,1,unclassified,2020
GaiaDR3_2833849800205759360,59097,2020-09-05,15.576163,0.006482,3,unclassified,2020
GaiaDR3_2833849800205759360,59099,2020-09-07,15.582007,0.006487,3,unclassified,2020
GaiaDR3_2833849800205759360,59107,2020-09-15,15.583677,0.014715,3,unclassified,2020
GaiaDR3_2833849800205759360,59108,2020-09-16,15.587151,0.007951,2,unclassified,2020
GaiaDR3_2833849800205759360,59109,2020-09-17,15.586326,0.00795,2,unclassified,2020
GaiaDR3_2833849800205759360,59110,2020-09-18,15.584434,0.007547,3,unclassified,2020
GaiaDR3_2833849800205759360,59111,2020-09-19,15.57408,0.006452,4,unclassified,2020
GaiaDR3_2833849800205759360,59112,2020-09-20,15.574835,0.006206,4,unclassified,2020
GaiaDR3_2833849800205759360,59113,2020-09-21,15.579468,0.006485,3,unclassified,2020
GaiaDR3_2833849800205759360,59114,2020-09-22,15.581663,0.011552,3,unclassified,2020
GaiaDR3_2833849800205759360,59115,2020-09-23,15.576148,0.005942,4,unclassified,2020
GaiaDR3_2833849800205759360,59116,2020-09-24,15.578788,0.009784,4,unclassified,2020
GaiaDR3_2833849800205759360,59117,2020-09-25,15.606687,0.010629,3,unclassified,2020
GaiaDR3_2833849800205759360,59118,2020-09-26,15.58123,0.009751,3,unclassified,2020
GaiaDR3_2833849800205759360,59119,2020-09-27,15.575326,0.006481,3,unclassified,2020
GaiaDR3_2833849800205759360,59120,2020-09-28,15.599222,0.007965,2,unclassified,2020
GaiaDR3_2833849800205759360,59121,2020-09-29,15.574519,0.007315,4,unclassified,2020
GaiaDR3_2833849800205759360,59122,2020-09-30,15.591207,0.011677,3,unclassified,2020
GaiaDR3_2833849800205759360,59123,2020-10-01,15.605626,0.007972,2,unclassified,2020
GaiaDR3_2833849800205759360,59124,2020-10-02,15.612846,0.007981,2,unclassified,2020
GaiaDR3_2833849800205759360,59125,2020-10-03,15.582554,0.009236,4,unclassified,2020
GaiaDR3_2833849800205759360,59128,2020-10-06,15.585289,0.010066,3,unclassified,2020
GaiaDR3_2833849800205759360,59129,2020-10-07,15.56276,0.007112,4,unclassified,2020
GaiaDR3_2833849800205759360,59130,2020-10-08,15.595554,0.007211,3,unclassified,2020
GaiaDR3_2833849800205759360,59131,2020-10-09,15.589063,0.006494,3,unclassified,2020
GaiaDR3_2833849800205759360,59134,2020-10-12,15.59767,0.006502,3,unclassified,2020
GaiaDR3_2833849800205759360,59135,2020-10-13,15.594718,0.009359,3,unclassified,2020
GaiaDR3_2833849800205759360,59136,2020-10-14,15.580502,0.007546,4,unclassified,2020
GaiaDR3_2833849800205759360,59137,2020-10-15,15.569976,0.010203,3,unclassified,2020
GaiaDR3_2833849800205759360,59138,2020-10-16,15.570849,0.006477,3,unclassified,2020
GaiaDR3_2833849800205759360,59139,2020-10-17,15.570394,0.007932,2,unclassified,2020
GaiaDR3_2833849800205759360,59140,2020-10-18,15.56695,0.005606,4,unclassified,2020
GaiaDR3_2833849800205759360,59141,2020-10-19,15.589372,0.010467,3,unclassified,2020
GaiaDR3_2833849800205759360,59143,2020-10-21,15.592432,0.006497,3,unclassified,2020
GaiaDR3_2833849800205759360,59144,2020-10-22,15.598014,0.007964,2,unclassified,2020
GaiaDR3_2833849800205759360,59145,2020-10-23,15.597588,0.01087,3,unclassified,2020
GaiaDR3_2833849800205759360,59149,2020-10-27,15.606418,0.006001,4,unclassified,2020
GaiaDR3_2833849800205759360,59150,2020-10-28,15.598588,0.012186,2,unclassified,2020
GaiaDR3_2833849800205759360,59151,2020-10-29,15.601114,0.007967,2,unclassified,2020
GaiaDR3_2833849800205759360,59152,2020-10-30,15.587562,0.007952,2,unclassified,2020
GaiaDR3_2833849800205759360,59153,2020-10-31,15.587202,0.006492,3,unclassified,2020
GaiaDR3_2833849800205759360,59154,2020-11-01,15.579857,0.007819,3,unclassified,2020
GaiaDR3_2833849800205759360,59155,2020-11-02,15.584892,0.00562,4,unclassified,2020
GaiaDR3_2833849800205759360,59156,2020-11-03,15.586514,0.013497,3,unclassified,2020
GaiaDR3_2833849800205759360,59157,2020-11-04,15.603861,0.005636,4,unclassified,2020
GaiaDR3_2833849800205759360,59158,2020-11-05,15.594392,0.01502,3,unclassified,2020
GaiaDR3_2833849800205759360,59164,2020-11-11,15.577088,0.00794,2,unclassified,2020
GaiaDR3_2833849800205759360,59165,2020-11-12,15.584964,0.00649,3,unclassified,2020
GaiaDR3_2833849800205759360,59167,2020-11-14,15.567884,0.006474,3,unclassified,2020
GaiaDR3_2833849800205759360,59168,2020-11-15,15.595331,0.0065,3,unclassified,2020
GaiaDR3_2833849800205759360,59169,2020-11-16,15.592035,0.005626,4,unclassified,2020
GaiaDR3_2833849800205759360,59170,2020-11-17,15.595289,0.0065,3,unclassified,2020
GaiaDR3_2833849800205759360,59171,2020-11-18,15.588511,0.009113,3,unclassified,2020
GaiaDR3_2833849800205759360,59172,2020-11-19,15.58909,0.010993,2,unclassified,2020
GaiaDR3_2833849800205759360,59173,2020-11-20,15.603336,0.013096,3,unclassified,2020
GaiaDR3_2833849800205759360,59174,2020-11-21,15.577407,0.006483,3,unclassified,2020
GaiaDR3_2833849800205759360,59176,2020-11-23,15.584257,0.01124,1,unclassified,2020
GaiaDR3_2833849800205759360,59178,2020-11-25,15.605655,0.007972,2,unclassified,2020
GaiaDR3_2833849800205759360,59179,2020-11-26,15.598963,0.006503,3,unclassified,2020
GaiaDR3_2833849800205759360,59180,2020-11-27,15.595594,0.005629,4,unclassified,2020
GaiaDR3_2833849800205759360,59181,2020-11-28,15.583879,0.013367,3,unclassified,2020
GaiaDR3_2833849800205759360,59182,2020-11-29,15.566473,0.007928,2,unclassified,2020
GaiaDR3_2833849800205759360,59183,2020-11-30,15.574843,0.011225,1,unclassified,2020
GaiaDR3_2833849800205759360,59184,2020-12-01,15.587711,0.010536,2,unclassified,2020
GaiaDR3_2833849800205759360,59185,2020-12-02,15.596914,0.01126,1,unclassified,2020
GaiaDR3_2833849800205759360,59186,2020-12-03,15.599164,0.007965,2,unclassified,2020
GaiaDR3_2833849800205759360,59187,2020-12-04,15.597945,0.011262,1,unclassified,2020
GaiaDR3_2833849800205759360,59188,2020-12-05,15.584017,0.006489,3,unclassified,2020
GaiaDR3_2833849800205759360,59189,2020-12-06,15.585141,0.011241,1,unclassified,2020
GaiaDR3_2833849800205759360,59192,2020-12-09,15.576546,0.007939,2,unclassified,2020
GaiaDR3_2833849800205759360,59193,2020-12-10,15.550918,0.011187,1,unclassified,2020
GaiaDR3_2833849800205759360,59194,2020-12-11,15.570189,0.007932,2,unclassified,2020
GaiaDR3_2833849800205759360,59198,2020-12-15,15.56645,0.007928,2,unclassified,2020
GaiaDR3_2833849800205759360,59199,2020-12-16,15.598743,0.007964,2,unclassified,2020
GaiaDR3_2833849800205759360,59202,2020-12-19,15.5719,0.01122,1,unclassified,2020
GaiaDR3_2833849800205759360,59203,2020-12-20,15.579094,0.011232,1,unclassified,2020
GaiaDR3_2833849800205759360,59204,2020-12-21,15.573939,0.007936,2,unclassified,2020
GaiaDR3_2833849800205759360,59205,2020-12-22,15.577144,0.011228,1,unclassified,2020
GaiaDR3_2833849800205759360,59210,2020-12-27,15.610143,0.011282,1,unclassified,2020
GaiaDR3_2833849800205759360,59215,2021-01-01,15.594983,0.00796,2,unclassified,2021
GaiaDR3_2833849800205759360,59219,2021-01-05,15.585593,0.007949,2,unclassified,2021
GaiaDR3_2833849800205759360,59223,2021-01-09,15.57422,0.011224,1,unclassified,2021
GaiaDR3_2833849800205759360,59227,2021-01-13,15.595481,0.007961,2,unclassified,2021
GaiaDR3_2833849800205759360,59233,2021-01-19,15.599241,0.011264,1,unclassified,2021
GaiaDR3_2833849800205759360,59349,2021-05-15,15.58292,0.011238,1,unclassified,2021
GaiaDR3_2833849800205759360,59354,2021-05-20,15.573915,0.011223,1,unclassified,2021
GaiaDR3_2833849800205759360,59357,2021-05-23,15.601326,0.007967,2,unclassified,2021
GaiaDR3_2833849800205759360,59358,2021-05-24,15.566461,0.011212,1,unclassified,2021
GaiaDR3_2833849800205759360,59359,2021-05-25,15.597681,0.011262,1,unclassified,2021
GaiaDR3_2833849800205759360,59361,2021-05-27,15.576296,0.011227,1,unclassified,2021
GaiaDR3_2833849800205759360,59362,2021-05-28,15.561706,0.011204,1,unclassified,2021
GaiaDR3_2833849800205759360,59363,2021-05-29,15.620498,0.011299,1,unclassified,2021
GaiaDR3_2833849800205759360,59364,2021-05-30,15.600451,0.011266,1,unclassified,2021
GaiaDR3_2833849800205759360,59365,2021-05-31,15.602427,0.007969,2,unclassified,2021
GaiaDR3_2833849800205759360,59366,2021-06-01,15.580573,0.011234,1,unclassified,2021
GaiaDR3_2833849800205759360,59367,2021-06-02,15.578283,0.007941,2,unclassified,2021
GaiaDR3_2833849800205759360,59369,2021-06-04,15.573051,0.011222,1,unclassified,2021
GaiaDR3_2833849800205759360,59371,2021-06-06,15.600787,0.011267,1,unclassified,2021
GaiaDR3_2833849800205759360,59374,2021-06-09,15.594497,0.011256,1,unclassified,2021
GaiaDR3_2833849800205759360,59376,2021-06-11,15.57439,0.011224,1,unclassified,2021
GaiaDR3_2833849800205759360,59384,2021-06-19,15.571441,0.011219,1,unclassified,2021
GaiaDR3_2833849800205759360,59385,2021-06-20,15.598478,0.011263,1,unclassified,2021
GaiaDR3_2833849800205759360,59386,2021-06-21,15.588264,0.007952,2,unclassified,2021
GaiaDR3_2833849800205759360,59390,2021-06-25,15.60203,0.011269,1,unclassified,2021
GaiaDR3_2833849800205759360,59391,2021-06-26,15.607277,0.011277,1,unclassified,2021
GaiaDR3_2833849800205759360,59392,2021-06-27,15.60243,0.011269,1,unclassified,2021
GaiaDR3_2833849800205759360,59393,2021-06-28,15.576642,0.008691,2,unclassified,2021
GaiaDR3_2833849800205759360,59394,2021-06-29,15.618655,0.011296,1,unclassified,2021
GaiaDR3_2833849800205759360,59395,2021-06-30,15.576837,0.007939,2,unclassified,2021
GaiaDR3_2833849800205759360,59396,2021-07-01,15.564344,0.011208,1,unclassified,2021
GaiaDR3_2833849800205759360,59397,2021-07-02,15.595851,0.007961,2,unclassified,2021
GaiaDR3_2833849800205759360,59400,2021-07-05,15.59505,0.00796,2,unclassified,2021
GaiaDR3_2833849800205759360,59401,2021-07-06,15.59352,0.011255,1,unclassified,2021
GaiaDR3_2833849800205759360,59402,2021-07-07,15.575823,0.007938,2,unclassified,2021
GaiaDR3_2833849800205759360,59404,2021-07-09,15.567871,0.011214,1,unclassified,2021
GaiaDR3_2833849800205759360,59409,2021-07-14,15.576365,0.007939,2,unclassified,2021
GaiaDR3_2833849800205759360,59410,2021-07-15,15.589442,0.007954,2,unclassified,2021
GaiaDR3_2833849800205759360,59412,2021-07-17,15.609044,0.01128,1,unclassified,2021
GaiaDR3_2833849800205759360,59414,2021-07-19,15.587508,0.007922,3,unclassified,2021
GaiaDR3_2833849800205759360,59415,2021-07-20,15.56467,0.011209,1,unclassified,2021
GaiaDR3_2833849800205759360,59418,2021-07-23,15.601655,0.011268,1,unclassified,2021
GaiaDR3_2833849800205759360,59419,2021-07-24,15.595429,0.015185,2,unclassified,2021
GaiaDR3_2833849800205759360,59423,2021-07-28,15.585846,0.011242,1,unclassified,2021
GaiaDR3_2833849800205759360,59424,2021-07-29,15.601663,0.011737,3,unclassified,2021
GaiaDR3_2833849800205759360,59425,2021-07-30,15.578872,0.007942,2,unclassified,2021
GaiaDR3_2833849800205759360,59426,2021-07-31,15.572654,0.013742,3,unclassified,2021
GaiaDR3_2833849800205759360,59427,2021-08-01,15.575822,0.011226,1,unclassified,2021
GaiaDR3_2833849800205759360,59428,2021-08-02,15.575788,0.006482,3,unclassified,2021
GaiaDR3_2833849800205759360,59429,2021-08-03,15.581521,0.007945,2,unclassified,2021
GaiaDR3_2833849800205759360,59430,2021-08-04,15.566608,0.013181,3,unclassified,2021
GaiaDR3_2833849800205759360,59434,2021-08-08,15.585628,0.007949,2,unclassified,2021
GaiaDR3_2833849800205759360,59435,2021-08-09,15.59662,0.008924,3,unclassified,2021
GaiaDR3_2833849800205759360,59436,2021-08-10,15.608028,0.011279,1,unclassified,2021
GaiaDR3_2833849800205759360,59438,2021-08-12,15.5645,0.006471,3,unclassified,2021
GaiaDR3_2833849800205759360,59439,2021-08-13,15.59184,0.011252,1,unclassified,2021
GaiaDR3_2833849800205759360,59440,2021-08-14,15.595427,0.007961,2,unclassified,2021
GaiaDR3_2833849800205759360,59442,2021-08-16,15.567282,0.007929,2,unclassified,2021
GaiaDR3_2833849800205759360,59443,2021-08-17,15.59026,0.013523,3,unclassified,2021
GaiaDR3_2833849800205759360,59444,2021-08-18,15.582188,0.011237,1,unclassified,2021
GaiaDR3_2833849800205759360,59446,2021-08-20,15.595432,0.007961,2,unclassified,2021
GaiaDR3_2833849800205759360,59449,2021-08-23,15.611622,0.025398,2,unclassified,2021
GaiaDR3_2833849800205759360,59450,2021-08-24,15.599668,0.011265,1,unclassified,2021
GaiaDR3_2833849800205759360,59451,2021-08-25,15.561918,0.011204,1,unclassified,2021
GaiaDR3_2833849800205759360,59452,2021-08-26,15.60595,0.011275,1,unclassified,2021
GaiaDR3_2833849800205759360,59453,2021-08-27,15.578573,0.006484,3,unclassified,2021
GaiaDR3_2833849800205759360,59454,2021-08-28,15.598441,0.011263,1,unclassified,2021
GaiaDR3_2833849800205759360,59455,2021-08-29,15.584329,0.006489,3,unclassified,2021
GaiaDR3_2833849800205759360,59456,2021-08-30,15.573957,0.011223,1,unclassified,2021
GaiaDR3_2833849800205759360,59459,2021-09-02,15.595221,0.016079,3,unclassified,2021
GaiaDR3_2833849800205759360,59460,2021-09-03,15.580174,0.011233,1,unclassified,2021
GaiaDR3_2833849800205759360,59461,2021-09-04,15.593041,0.006498,3,unclassified,2021
GaiaDR3_2833849800205759360,59462,2021-09-05,15.584529,0.007948,2,unclassified,2021
GaiaDR3_2833849800205759360,59463,2021-09-06,15.592519,0.006497,3,unclassified,2021
GaiaDR3_2833849800205759360,59464,2021-09-07,15.564617,0.011209,1,unclassified,2021
GaiaDR3_2833849800205759360,59465,2021-09-08,15.590077,0.007954,2,unclassified,2021
GaiaDR3_2833849800205759360,59466,2021-09-09,15.585617,0.007949,2,unclassified,2021
GaiaDR3_2833849800205759360,59467,2021-09-10,15.57035,0.008541,2,unclassified,2021
GaiaDR3_2833849800205759360,59468,2021-09-11,15.594738,0.01071,2,unclassified,2021
GaiaDR3_2833849800205759360,59469,2021-09-12,15.585908,0.006491,3,unclassified,2021
GaiaDR3_2833849800205759360,59470,2021-09-13,15.602201,0.011269,1,unclassified,2021
GaiaDR3_2833849800205759360,59471,2021-09-14,15.569123,0.007931,2,unclassified,2021
GaiaDR3_2833849800205759360,59472,2021-09-15,15.564842,0.011209,1,unclassified,2021
GaiaDR3_2833849800205759360,59473,2021-09-16,15.568094,0.00793,2,unclassified,2021
GaiaDR3_2833849800205759360,59474,2021-09-17,15.582994,0.007946,2,unclassified,2021
GaiaDR3_2833849800205759360,59476,2021-09-19,15.606938,0.008466,3,unclassified,2021
GaiaDR3_2833849800205759360,59477,2021-09-20,15.606424,0.007973,2,unclassified,2021
GaiaDR3_2833849800205759360,59478,2021-09-21,15.602716,0.006507,3,unclassified,2021
GaiaDR3_2833849800205759360,59479,2021-09-22,15.633036,0.016937,2,unclassified,2021
GaiaDR3_2833849800205759360,59480,2021-09-23,15.60899,0.014595,3,unclassified,2021
GaiaDR3_2833849800205759360,59484,2021-09-27,15.594266,0.007959,2,unclassified,2021
GaiaDR3_2833849800205759360,59486,2021-09-29,15.601811,0.011268,1,unclassified,2021
GaiaDR3_2833849800205759360,59487,2021-09-30,15.59405,0.011256,1,unclassified,2021
GaiaDR3_2833849800205759360,59488,2021-10-01,15.580776,0.007944,2,unclassified,2021
GaiaDR3_2833849800205759360,59489,2021-10-02,15.585971,0.00795,2,unclassified,2021
GaiaDR3_2833849800205759360,59490,2021-10-03,15.581517,0.00808,2,unclassified,2021
GaiaDR3_2833849800205759360,59491,2021-10-04,15.570134,0.007932,2,unclassified,2021
GaiaDR3_2833849800205759360,59497,2021-10-10,15.585947,0.00795,2,unclassified,2021
GaiaDR3_2833849800205759360,59498,2021-10-11,15.5845,0.008804,2,unclassified,2021
GaiaDR3_2833849800205759360,59502,2021-10-15,15.614914,0.008023,2,unclassified,2021
GaiaDR3_2833849800205759360,59503,2021-10-16,15.579022,0.007942,2,unclassified,2021
GaiaDR3_2833849800205759360,59504,2021-10-17,15.590373,0.007955,2,unclassified,2021
GaiaDR3_2833849800205759360,59505,2021-10-18,15.583844,0.007947,2,unclassified,2021
GaiaDR3_2833849800205759360,59509,2021-10-22,15.586709,0.011244,1,unclassified,2021
GaiaDR3_2833849800205759360,59510,2021-10-23,15.598647,0.011263,1,unclassified,2021
GaiaDR3_2833849800205759360,59511,2021-10-24,15.586195,0.011243,1,unclassified,2021
GaiaDR3_2833849800205759360,59517,2021-10-30,15.604522,0.011273,1,unclassified,2021
GaiaDR3_2833849800205759360,59518,2021-10-31,15.560523,0.011202,1,unclassified,2021
GaiaDR3_2833849800205759360,59520,2021-11-02,15.593609,0.006498,3,unclassified,2021
GaiaDR3_2833849800205759360,59521,2021-11-03,15.570807,0.007933,2,unclassified,2021
GaiaDR3_2833849800205759360,59522,2021-11-04,15.578379,0.006484,3,unclassified,2021
GaiaDR3_2833849800205759360,59523,2021-11-05,15.583784,0.007947,2,unclassified,2021
GaiaDR3_2833849800205759360,59524,2021-11-06,15.552699,0.006461,3,unclassified,2021
GaiaDR3_2833849800205759360,59525,2021-11-07,15.587245,0.007951,2,unclassified,2021
GaiaDR3_2833849800205759360,59526,2021-11-08,15.586154,0.014247,3,unclassified,2021
GaiaDR3_2833849800205759360,59527,2021-11-09,15.604077,0.011272,1,unclassified,2021
GaiaDR3_2833849800205759360,59529,2021-11-11,15.589828,0.007493,3,unclassified,2021
GaiaDR3_2833849800205759360,59531,2021-11-13,15.574985,0.009123,3,unclassified,2021
GaiaDR3_2833849800205759360,59532,2021-11-14,15.582966,0.007946,2,unclassified,2021
GaiaDR3_2833849800205759360,59536,2021-11-18,15.598252,0.011263,1,unclassified,2021
GaiaDR3_2833849800205759360,59537,2021-11-19,15.604369,0.007971,2,unclassified,2021
GaiaDR3_2833849800205759360,59538,2021-11-20,15.570722,0.011218,1,unclassified,2021
GaiaDR3_2833849800205759360,59540,2021-11-22,15.5898,0.023449,3,unclassified,2021
GaiaDR3_2833849800205759360,59542,2021-11-24,15.609673,0.011281,1,unclassified,2021
GaiaDR3_2833849800205759360,59543,2021-11-25,15.561965,0.011204,1,unclassified,2021
GaiaDR3_2833849800205759360,59731,2022-06-01,15.57428,0.011224,1,unclassified,2022
GaiaDR3_2833849800205759360,59733,2022-06-03,15.604655,0.011273,1,unclassified,2022
GaiaDR3_2833849800205759360,59736,2022-06-06,15.556292,0.011196,1,unclassified,2022
GaiaDR3_2833849800205759360,59741,2022-06-11,15.598766,0.011263,1,unclassified,2022
GaiaDR3_2833849800205759360,59744,2022-06-14,15.582263,0.011237,1,unclassified,2022
GaiaDR3_2833849800205759360,59748,2022-06-18,15.59253,0.011253,1,unclassified,2022
GaiaDR3_2833849800205759360,59750,2022-06-20,15.586362,0.011243,1,unclassified,2022
GaiaDR3_2833849800205759360,59755,2022-06-25,15.588523,0.011247,1,unclassified,2022
GaiaDR3_2833849800205759360,59757,2022-06-27,15.589078,0.007953,2,unclassified,2022
GaiaDR3_2833849800205759360,59759,2022-06-29,15.580998,0.011235,1,unclassified,2022
GaiaDR3_2833849800205759360,59761,2022-07-01,15.622646,0.011303,1,unclassified,2022
GaiaDR3_2833849800205759360,59764,2022-07-04,15.581906,0.011236,1,unclassified,2022
GaiaDR3_2833849800205759360,59766,2022-07-06,15.557786,0.011198,1,unclassified,2022
GaiaDR3_2833849800205759360,59769,2022-07-09,15.585975,0.006491,3,unclassified,2022
GaiaDR3_2833849800205759360,59770,2022-07-10,15.605097,0.011274,1,unclassified,2022
GaiaDR3_2833849800205759360,59771,2022-07-11,15.577476,0.00794,2,unclassified,2022
GaiaDR3_2833849800205759360,59780,2022-07-20,15.593622,0.012081,3,unclassified,2022
GaiaDR3_2833849800205759360,59781,2022-07-21,15.587327,0.00634,5,unclassified,2022
GaiaDR3_2833849800205759360,59782,2022-07-22,15.592291,0.007957,2,unclassified,2022
GaiaDR3_2833849800205759360,59783,2022-07-23,15.577391,0.006483,3,unclassified,2022
GaiaDR3_2833849800205759360,59784,2022-07-24,15.569892,0.007932,2,unclassified,2022
GaiaDR3_2833849800205759360,59785,2022-07-25,15.591389,0.010982,3,unclassified,2022
GaiaDR3_2833849800205759360,59786,2022-07-26,15.591454,0.007956,2,unclassified,2022
GaiaDR3_2833849800205759360,59787,2022-07-27,15.573577,0.006479,3,unclassified,2022
GaiaDR3_2833849800205759360,59788,2022-07-28,15.602284,0.011269,1,unclassified,2022
GaiaDR3_2833849800205759360,59789,2022-07-29,15.597916,0.006502,3,unclassified,2022
GaiaDR3_2833849800205759360,59790,2022-07-30,15.582153,0.007945,2,unclassified,2022
GaiaDR3_2833849800205759360,59793,2022-08-02,15.592369,0.007957,2,unclassified,2022
GaiaDR3_2833849800205759360,59795,2022-08-04,15.57756,0.00794,2,unclassified,2022
GaiaDR3_2833849800205759360,59796,2022-08-05,15.596239,0.011259,1,unclassified,2022
GaiaDR3_2833849800205759360,59797,2022-08-06,15.6051,0.007972,2,unclassified,2022
GaiaDR3_2833849800205759360,59798,2022-08-07,15.584558,0.00649,3,unclassified,2022
GaiaDR3_2833849800205759360,59800,2022-08-09,15.588408,0.011247,1,unclassified,2022
GaiaDR3_2833849800205759360,59801,2022-08-10,15.599468,0.011265,1,unclassified,2022
GaiaDR3_2833849800205759360,59802,2022-08-11,15.591602,0.011252,1,unclassified,2022
GaiaDR3_2833849800205759360,59803,2022-08-12,15.610175,0.011282,1,unclassified,2022
GaiaDR3_2833849800205759360,59805,2022-08-14,15.585452,0.011242,1,unclassified,2022
GaiaDR3_2833849800205759360,59807,2022-08-16,15.586203,0.00795,2,unclassified,2022
GaiaDR3_2833849800205759360,59808,2022-08-17,15.610763,0.006514,3,unclassified,2022
GaiaDR3_2833849800205759360,59809,2022-08-18,15.591718,0.013701,2,unclassified,2022
GaiaDR3_2833849800205759360,59810,2022-08-19,15.613201,0.007981,2,unclassified,2022
GaiaDR3_2833849800205759360,59811,2022-08-20,15.581819,0.007945,2,unclassified,2022
GaiaDR3_2833849800205759360,59812,2022-08-21,15.577245,0.006483,3,unclassified,2022
GaiaDR3_2833849800205759360,59813,2022-08-22,15.59744,0.007963,2,unclassified,2022
GaiaDR3_2833849800205759360,59814,2022-08-23,15.595053,0.006499,3,unclassified,2022
GaiaDR3_2833849800205759360,59815,2022-08-24,15.601232,0.007967,2,unclassified,2022
GaiaDR3_2833849800205759360,59816,2022-08-25,15.583473,0.006489,3,unclassified,2022
GaiaDR3_2833849800205759360,59817,2022-08-26,15.595647,0.011258,1,unclassified,2022
GaiaDR3_2833849800205759360,59818,2022-08-27,15.594189,0.006499,3,unclassified,2022
GaiaDR3_2833849800205759360,59819,2022-08-28,15.568364,0.00793,2,unclassified,2022
GaiaDR3_2833849800205759360,59820,2022-08-29,15.588482,0.011247,1,unclassified,2022
GaiaDR3_2833849800205759360,59822,2022-08-31,15.595188,0.011258,1,unclassified,2022
GaiaDR3_2833849800205759360,59823,2022-09-01,15.585121,0.011241,1,unclassified,2022
GaiaDR3_2833849800205759360,59824,2022-09-02,15.604374,0.011645,2,unclassified,2022
GaiaDR3_2833849800205759360,59825,2022-09-03,15.586782,0.011244,1,unclassified,2022
GaiaDR3_2833849800205759360,59826,2022-09-04,15.605075,0.011274,1,unclassified,2022
GaiaDR3_2833849800205759360,59827,2022-09-05,15.592888,0.007958,2,unclassified,2022
GaiaDR3_2833849800205759360,59828,2022-09-06,15.57753,0.011229,1,unclassified,2022
GaiaDR3_2833849800205759360,59829,2022-09-07,15.588864,0.007953,2,unclassified,2022
GaiaDR3_2833849800205759360,59838,2022-09-16,15.566773,0.011212,1,unclassified,2022
GaiaDR3_2833849800205759360,59839,2022-09-17,15.5968,0.005542,7,unclassified,2022
GaiaDR3_2833849800205759360,59841,2022-09-19,15.588975,0.005986,6,unclassified,2022
GaiaDR3_2833849800205759360,59842,2022-09-20,15.600112,0.011266,1,unclassified,2022
GaiaDR3_2833849800205759360,59843,2022-09-21,15.576988,0.006483,3,unclassified,2022
GaiaDR3_2833849800205759360,59844,2022-09-22,15.607137,0.011277,1,unclassified,2022
GaiaDR3_2833849800205759360,59845,2022-09-23,15.589606,0.007954,2,unclassified,2022
GaiaDR3_2833849800205759360,59846,2022-09-24,15.586472,0.00795,2,unclassified,2022
GaiaDR3_2833849800205759360,59847,2022-09-25,15.601629,0.007968,2,unclassified,2022
GaiaDR3_2833849800205759360,59848,2022-09-26,15.591104,0.007956,2,unclassified,2022
GaiaDR3_2833849800205759360,59849,2022-09-27,15.595663,0.007961,2,unclassified,2022
GaiaDR3_2833849800205759360,59853,2022-10-01,15.580705,0.007944,2,unclassified,2022
GaiaDR3_2833849800205759360,59854,2022-10-02,15.574966,0.007937,2,unclassified,2022
GaiaDR3_2833849800205759360,59855,2022-10-03,15.567972,0.011214,1,unclassified,2022
GaiaDR3_2833849800205759360,59856,2022-10-04,15.590892,0.007955,2,unclassified,2022
GaiaDR3_2833849800205759360,59857,2022-10-05,15.601414,0.007967,2,unclassified,2022
GaiaDR3_2833849800205759360,59858,2022-10-06,15.596969,0.01126,1,unclassified,2022
GaiaDR3_2833849800205759360,59859,2022-10-07,15.588205,0.007952,2,unclassified,2022
GaiaDR3_2833849800205759360,59860,2022-10-08,15.599399,0.008723,3,unclassified,2022
GaiaDR3_2833849800205759360,59861,2022-10-09,15.611278,0.011284,1,unclassified,2022
GaiaDR3_2833849800205759360,59862,2022-10-10,15.601157,0.012729,2,unclassified,2022
GaiaDR3_2833849800205759360,59863,2022-10-11,15.570355,0.011218,1,unclassified,2022
GaiaDR3_2833849800205759360,59864,2022-10-12,15.607102,0.011277,1,unclassified,2022
GaiaDR3_2833849800205759360,59865,2022-10-13,15.601557,0.012561,3,unclassified,2022
GaiaDR3_2833849800205759360,59866,2022-10-14,15.578874,0.011231,1,unclassified,2022
GaiaDR3_2833849800205759360,59867,2022-10-15,15.579144,0.007952,4,unclassified,2022
GaiaDR3_2833849800205759360,59869,2022-10-17,15.600675,0.011266,1,unclassified,2022
GaiaDR3_2833849800205759360,59870,2022-10-18,15.579697,0.006485,3,unclassified,2022
GaiaDR3_2833849800205759360,59871,2022-10-19,15.59459,0.00796,2,unclassified,2022
GaiaDR3_2833849800205759360,59872,2022-10-20,15.589488,0.006494,3,unclassified,2022
GaiaDR3_2833849800205759360,59873,2022-10-21,15.588175,0.007952,2,unclassified,2022
GaiaDR3_2833849800205759360,59874,2022-10-22,15.589539,0.008879,2,unclassified,2022
GaiaDR3_2833849800205759360,59876,2022-10-24,15.594373,0.011256,1,unclassified,2022
GaiaDR3_2833849800205759360,59877,2022-10-25,15.596886,0.006501,3,unclassified,2022
GaiaDR3_2833849800205759360,59878,2022-10-26,15.569892,0.006478,3,unclassified,2022
GaiaDR3_2833849800205759360,59879,2022-10-27,15.599374,0.009967,3,unclassified,2022
GaiaDR3_2833849800205759360,59880,2022-10-28,15.567333,0.007929,2,unclassified,2022
GaiaDR3_2833849800205759360,59881,2022-10-29,15.599184,0.007965,2,unclassified,2022
GaiaDR3_2833849800205759360,59882,2022-10-30,15.579903,0.011692,1,unclassified,2022
GaiaDR3_2833849800205759360,59883,2022-10-31,15.577964,0.01123,1,unclassified,2022
GaiaDR3_2833849800205759360,59885,2022-11-02,15.583782,0.01031,2,unclassified,2022
GaiaDR3_2833849800205759360,59888,2022-11-05,15.584661,0.011241,1,unclassified,2022
GaiaDR3_2833849800205759360,59894,2022-11-11,15.596343,0.008968,3,unclassified,2022
GaiaDR3_2833849800205759360,59895,2022-11-12,15.581877,0.007945,2,unclassified,2022
GaiaDR3_2833849800205759360,59896,2022-11-13,15.587232,0.006492,3,unclassified,2022
GaiaDR3_2833849800205759360,59897,2022-11-14,15.568432,0.011215,1,unclassified,2022
GaiaDR3_2833849800205759360,59898,2022-11-15,15.575214,0.007938,2,unclassified,2022
GaiaDR3_2833849800205759360,59899,2022-11-16,15.575045,0.016267,2,unclassified,2022
GaiaDR3_2833849800205759360,59902,2022-11-19,15.58851,0.006493,3,unclassified,2022
GaiaDR3_2833849800205759360,59904,2022-11-21,15.583763,0.014939,2,unclassified,2022
GaiaDR3_2833849800205759360,59906,2022-11-23,15.57075,0.007933,2,unclassified,2022
GaiaDR3_2833849800205759360,59907,2022-11-24,15.555507,0.011194,1,unclassified,2022
GaiaDR3_2833849800205759360,59908,2022-11-25,15.562939,0.007275,3,unclassified,2022
GaiaDR3_2833849800205759360,59909,2022-11-26,15.583931,0.007947,2,unclassified,2022
GaiaDR3_2833849800205759360,59910,2022-11-27,15.598535,0.007964,2,unclassified,2022
GaiaDR3_2833849800205759360,59913,2022-11-30,15.562966,0.011206,1,unclassified,2022
GaiaDR3_2833849800205759360,59914,2022-12-01,15.599613,0.007965,2,unclassified,2022
GaiaDR3_2833849800205759360,59922,2022-12-09,15.580934,0.011235,1,unclassified,2022
GaiaDR3_2833849800205759360,59924,2022-12-11,15.594908,0.011257,1,unclassified,2022
GaiaDR3_2833849800205759360,59935,2022-12-22,15.597619,0.011262,1,unclassified,2022
GaiaDR3_2833849800205759360,59937,2022-12-24,15.600274,0.011266,1,unclassified,2022
GaiaDR3_2833849800205759360,59951,2023-01-07,15.612025,0.011285,1,unclassified,2023
GaiaDR3_2833849800205759360,60097,2023-06-02,15.615652,0.011291,1,unclassified,2023
GaiaDR3_2833849800205759360,60100,2023-06-05,15.594146,0.011256,1,unclassified,2023
GaiaDR3_2833849800205759360,60103,2023-06-08,15.614867,0.01129,1,unclassified,2023
GaiaDR3_2833849800205759360,60110,2023-06-15,15.597477,0.011261,1,unclassified,2023
GaiaDR3_2833849800205759360,60113,2023-06-18,15.575875,0.011226,1,unclassified,2023
GaiaDR3_2833849800205759360,60116,2023-06-21,15.593166,0.011254,1,unclassified,2023
GaiaDR3_2833849800205759360,60119,2023-06-24,15.576928,0.011228,1,unclassified,2023
GaiaDR3_2833849800205759360,60121,2023-06-26,15.585643,0.011242,1,unclassified,2023
GaiaDR3_2833849800205759360,60123,2023-06-28,15.581079,0.008107,2,unclassified,2023
GaiaDR3_2833849800205759360,60125,2023-06-30,15.607605,0.011278,1,unclassified,2023
GaiaDR3_2833849800205759360,60133,2023-07-08,15.579117,0.011232,1,unclassified,2023
GaiaDR3_2833849800205759360,60135,2023-07-10,15.582385,0.011237,1,unclassified,2023
GaiaDR3_2833849800205759360,60136,2023-07-11,15.600248,0.007966,2,unclassified,2023
GaiaDR3_2833849800205759360,60137,2023-07-12,15.590711,0.01125,1,unclassified,2023
GaiaDR3_2833849800205759360,60138,2023-07-13,15.607182,0.013164,2,unclassified,2023
GaiaDR3_2833849800205759360,60139,2023-07-14,15.553269,0.008911,3,unclassified,2023
GaiaDR3_2833849800205759360,60140,2023-07-15,15.576274,0.006482,3,unclassified,2023
GaiaDR3_2833849800205759360,60141,2023-07-16,15.605322,0.007972,2,unclassified,2023
GaiaDR3_2833849800205759360,60142,2023-07-17,15.572838,0.011222,1,unclassified,2023
GaiaDR3_2833849800205759360,60143,2023-07-18,15.602676,0.007969,2,unclassified,2023
GaiaDR3_2833849800205759360,60144,2023-07-19,15.590141,0.007955,2,unclassified,2023
GaiaDR3_2833849800205759360,60145,2023-07-20,15.598625,0.007964,2,unclassified,2023
GaiaDR3_2833849800205759360,60147,2023-07-22,15.582213,0.010914,2,unclassified,2023
GaiaDR3_2833849800205759360,60148,2023-07-23,15.595507,0.012156,2,unclassified,2023
GaiaDR3_2833849800205759360,60149,2023-07-24,15.573159,0.007935,2,unclassified,2023
GaiaDR3_2833849800205759360,60150,2023-07-25,15.585842,0.011242,1,unclassified,2023
GaiaDR3_2833849800205759360,60151,2023-07-26,15.585273,0.011242,1,unclassified,2023
GaiaDR3_2833849800205759360,60152,2023-07-27,15.573541,0.006479,3,unclassified,2023
GaiaDR3_2833849800205759360,60153,2023-07-28,15.56927,0.011216,1,unclassified,2023
GaiaDR3_2833849800205759360,60154,2023-07-29,15.594098,0.011256,1,unclassified,2023
GaiaDR3_2833849800205759360,60155,2023-07-30,15.589765,0.011249,1,unclassified,2023
GaiaDR3_2833849800205759360,60157,2023-08-01,15.593561,0.011255,1,unclassified,2023
GaiaDR3_2833849800205759360,60159,2023-08-03,15.588437,0.011247,1,unclassified,2023
GaiaDR3_2833849800205759360,60160,2023-08-04,15.593928,0.006498,3,unclassified,2023
GaiaDR3_2833849800205759360,60161,2023-08-05,15.569796,0.007931,2,unclassified,2023
GaiaDR3_2833849800205759360,60163,2023-08-07,15.597329,0.00756,3,unclassified,2023
GaiaDR3_2833849800205759360,60165,2023-08-09,15.620297,0.011299,1,unclassified,2023
GaiaDR3_2833849800205759360,60168,2023-08-12,15.566805,0.01459,3,unclassified,2023
GaiaDR3_2833849800205759360,60170,2023-08-14,15.580404,0.010722,3,unclassified,2023
GaiaDR3_2833849800205759360,60171,2023-08-15,15.572464,0.007934,2,unclassified,2023
GaiaDR3_2833849800205759360,60173,2023-08-17,15.591373,0.006496,3,unclassified,2023
GaiaDR3_2833849800205759360,60174,2023-08-18,15.603362,0.00797,2,unclassified,2023
GaiaDR3_2833849800205759360,60181,2023-08-25,15.594619,0.011412,3,unclassified,2023
GaiaDR3_2833849800205759360,60182,2023-08-26,15.580199,0.011233,1,unclassified,2023
GaiaDR3_2833849800205759360,60183,2023-08-27,15.582306,0.005618,4,unclassified,2023
GaiaDR3_2833849800205759360,60184,2023-08-28,15.606006,0.007973,2,unclassified,2023
GaiaDR3_2833849800205759360,60185,2023-08-29,15.56104,0.011567,3,unclassified,2023
GaiaDR3_2833849800205759360,60186,2023-08-30,15.573934,0.008651,2,unclassified,2023
GaiaDR3_2833849800205759360,60187,2023-08-31,15.592831,0.011254,1,unclassified,2023
GaiaDR3_2833849800205759360,60191,2023-09-04,15.602103,0.007968,2,unclassified,2023
GaiaDR3_2833849800205759360,60192,2023-09-05,15.57396,0.009696,3,unclassified,2023
GaiaDR3_2833849800205759360,60193,2023-09-06,15.598295,0.013089,3,unclassified,2023
GaiaDR3_2833849800205759360,60194,2023-09-07,15.568097,0.006474,3,unclassified,2023
GaiaDR3_2833849800205759360,60195,2023-09-08,15.598263,0.007964,2,unclassified,2023
GaiaDR3_2833849800205759360,60196,2023-09-09,15.588001,0.008687,3,unclassified,2023
GaiaDR3_2833849800205759360,60198,2023-09-11,15.58314,0.007947,2,unclassified,2023
GaiaDR3_2833849800205759360,60200,2023-09-13,15.587656,0.006702,3,unclassified,2023
GaiaDR3_2833849800205759360,60201,2023-09-14,15.583257,0.007947,2,unclassified,2023
GaiaDR3_2833849800205759360,60202,2023-09-15,15.576479,0.006482,3,unclassified,2023
GaiaDR3_2833849800205759360,60203,2023-09-16,15.562476,0.007923,2,unclassified,2023
GaiaDR3_2833849800205759360,60204,2023-09-17,15.578177,0.007941,2,unclassified,2023
GaiaDR3_2833849800205759360,60205,2023-09-18,15.590419,0.007955,2,unclassified,2023
GaiaDR3_2833849800205759360,60206,2023-09-19,15.581056,0.008868,3,unclassified,2023
GaiaDR3_2833849800205759360,60207,2023-09-20,15.596689,0.007962,2,unclassified,2023
GaiaDR3_2833849800205759360,60211,2023-09-24,15.579107,0.006485,3,unclassified,2023
GaiaDR3_2833849800205759360,60212,2023-09-25,15.586785,0.006492,3,unclassified,2023
GaiaDR3_2833849800205759360,60213,2023-09-26,15.582344,0.006495,3,unclassified,2023
GaiaDR3_2833849800205759360,60214,2023-09-27,15.587849,0.005627,4,unclassified,2023
GaiaDR3_2833849800205759360,60215,2023-09-28,15.592723,0.00999,3,unclassified,2023
GaiaDR3_2833849800205759360,60216,2023-09-29,15.570724,0.009923,2,unclassified,2023
GaiaDR3_2833849800205759360,60220,2023-10-03,15.587018,0.009651,4,unclassified,2023
GaiaDR3_2833849800205759360,60221,2023-10-04,15.586032,0.008761,2,unclassified,2023
GaiaDR3_2833849800205759360,60222,2023-10-05,15.604857,0.007722,3,unclassified,2023
GaiaDR3_2833849800205759360,60223,2023-10-06,15.583631,0.00983,2,unclassified,2023
GaiaDR3_2833849800205759360,60224,2023-10-07,15.574699,0.009118,4,unclassified,2023
GaiaDR3_2833849800205759360,60226,2023-10-09,15.575631,0.007938,2,unclassified,2023
GaiaDR3_2833849800205759360,60227,2023-10-10,15.594351,0.006499,3,unclassified,2023
GaiaDR3_2833849800205759360,60228,2023-10-11,15.583191,0.00823,2,unclassified,2023
GaiaDR3_2833849800205759360,60231,2023-10-14,15.571295,0.009333,2,unclassified,2023
GaiaDR3_2833849800205759360,60232,2023-10-15,15.581656,0.006579,3,unclassified,2023
GaiaDR3_2833849800205759360,60233,2023-10-16,15.594235,0.007959,2,unclassified,2023
GaiaDR3_2833849800205759360,60234,2023-10-17,15.594114,0.010453,3,unclassified,2023
GaiaDR3_2833849800205759360,60235,2023-10-18,15.596287,0.007962,2,unclassified,2023
GaiaDR3_2833849800205759360,60236,2023-10-19,15.569045,0.013794,3,unclassified,2023
GaiaDR3_2833849800205759360,60237,2023-10-20,15.56511,0.006473,3,unclassified,2023
GaiaDR3_2833849800205759360,60238,2023-10-21,15.576156,0.010589,3,unclassified,2023
GaiaDR3_2833849800205759360,60239,2023-10-22,15.569161,0.009303,3,unclassified,2023
GaiaDR3_2833849800205759360,60242,2023-10-25,15.595235,0.00796,2,unclassified,2023
GaiaDR3_2833849800205759360,60244,2023-10-27,15.574741,0.01711,2,unclassified,2023
GaiaDR3_2833849800205759360,60245,2023-10-28,15.610204,0.018769,3,unclassified,2023
GaiaDR3_2833849800205759360,60246,2023-10-29,15.572945,0.011222,1,unclassified,2023
GaiaDR3_2833849800205759360,60248,2023-10-31,15.576525,0.011688,1,unclassified,2023
GaiaDR3_2833849800205759360,60249,2023-11-01,15.58028,0.008104,2,unclassified,2023
GaiaDR3_2833849800205759360,60250,2023-11-02,15.586589,0.006492,3,unclassified,2023
GaiaDR3_2833849800205759360,60251,2023-11-03,15.582729,0.013627,2,unclassified,2023
GaiaDR3_2833849800205759360,60252,2023-11-04,15.566913,0.012709,3,unclassified,2023
GaiaDR3_2833849800205759360,60253,2023-11-05,15.576619,0.007939,2,unclassified,2023
GaiaDR3_2833849800205759360,60254,2023-11-06,15.559597,0.00685,3,unclassified,2023
GaiaDR3_2833849800205759360,60255,2023-11-07,15.585958,0.00795,2,unclassified,2023
GaiaDR3_2833849800205759360,60257,2023-11-09,15.576092,0.019018,3,unclassified,2023
GaiaDR3_2833849800205759360,60258,2023-11-10,15.599522,0.007965,2,unclassified,2023
GaiaDR3_2833849800205759360,60259,2023-11-11,15.573807,0.008558,3,unclassified,2023
GaiaDR3_2833849800205759360,60260,2023-11-12,15.57618,0.01127,2,unclassified,2023
GaiaDR3_2833849800205759360,60261,2023-11-13,15.574025,0.00648,3,unclassified,2023
GaiaDR3_2833849800205759360,60262,2023-11-14,15.571918,0.010028,2,unclassified,2023
GaiaDR3_2833849800205759360,60268,2023-11-20,15.596423,0.01126,1,unclassified,2023
GaiaDR3_2833849800205759360,60284,2023-12-06,15.570168,0.006476,3,unclassified,2023
GaiaDR3_2833849800205759360,60285,2023-12-07,15.564245,0.011208,1,unclassified,2023
GaiaDR3_2833849800205759360,60289,2023-12-11,15.583479,0.011239,1,unclassified,2023
GaiaDR3_2833849800205759360,60290,2023-12-12,15.565146,0.006472,3,unclassified,2023
GaiaDR3_2833849800205759360,60291,2023-12-13,15.609933,0.011282,1,unclassified,2023
GaiaDR3_2833849800205759360,60295,2023-12-17,15.58625,0.00795,2,unclassified,2023
GaiaDR3_2833849800205759360,60462,2024-06-01,15.571041,0.011219,1,unclassified,2024
GaiaDR3_2833849800205759360,60464,2024-06-03,15.597284,0.011261,1,unclassified,2024
GaiaDR3_2833849800205759360,60475,2024-06-14,15.571898,0.01122,1,unclassified,2024
GaiaDR3_2833849800205759360,60477,2024-06-16,15.599653,0.011265,1,unclassified,2024
GaiaDR3_2833849800205759360,60480,2024-06-19,15.577506,0.011229,1,unclassified,2024
GaiaDR3_2833849800205759360,60482,2024-06-21,15.600312,0.011266,1,unclassified,2024
GaiaDR3_2833849800205759360,60484,2024-06-23,15.579053,0.011232,1,unclassified,2024
GaiaDR3_2833849800205759360,60487,2024-06-26,15.561375,0.011204,1,unclassified,2024
GaiaDR3_2833849800205759360,60489,2024-06-28,15.594806,0.011257,1,unclassified,2024
GaiaDR3_2833849800205759360,60491,2024-06-30,15.596186,0.011259,1,unclassified,2024
GaiaDR3_2833849800205759360,60499,2024-07-08,15.599675,0.012529,3,unclassified,2024
GaiaDR3_2833849800205759360,60500,2024-07-09,15.581352,0.011235,1,unclassified,2024
GaiaDR3_2833849800205759360,60501,2024-07-10,15.584286,0.007948,2,unclassified,2024
GaiaDR3_2833849800205759360,60502,2024-07-11,15.58609,0.006491,3,unclassified,2024
GaiaDR3_2833849800205759360,60503,2024-07-12,15.591014,0.007956,2,unclassified,2024
GaiaDR3_2833849800205759360,60504,2024-07-13,15.598167,0.006502,3,unclassified,2024
GaiaDR3_2833849800205759360,60505,2024-07-14,15.587124,0.014723,2,unclassified,2024
GaiaDR3_2833849800205759360,60507,2024-07-16,15.591389,0.010449,3,unclassified,2024
GaiaDR3_2833849800205759360,60509,2024-07-18,15.589726,0.01374,3,unclassified,2024
GaiaDR3_2833849800205759360,60510,2024-07-19,15.587922,0.00917,2,unclassified,2024
GaiaDR3_2833849800205759360,60511,2024-07-20,15.582273,0.011237,1,unclassified,2024
GaiaDR3_2833849800205759360,60512,2024-07-21,15.634005,0.011322,1,unclassified,2024
GaiaDR3_2833849800205759360,60513,2024-07-22,15.593531,0.011255,1,unclassified,2024
GaiaDR3_2833849800205759360,60515,2024-07-24,15.626141,0.011309,1,unclassified,2024
GaiaDR3_2833849800205759360,60518,2024-07-27,15.576597,0.011228,1,unclassified,2024
GaiaDR3_2833849800205759360,60520,2024-07-29,15.571917,0.01122,1,unclassified,2024
GaiaDR3_2833849800205759360,60522,2024-07-31,15.599265,0.011264,1,unclassified,2024
GaiaDR3_2833849800205759360,60525,2024-08-03,15.572257,0.011221,1,unclassified,2024
GaiaDR3_2833849800205759360,60527,2024-08-05,15.567178,0.011213,1,unclassified,2024
GaiaDR3_2833849800205759360,60531,2024-08-09,15.600973,0.011267,1,unclassified,2024
GaiaDR3_2833849800205759360,60536,2024-08-14,15.596357,0.011259,1,unclassified,2024
GaiaDR3_2833849800205759360,60538,2024-08-16,15.561597,0.011204,1,unclassified,2024
GaiaDR3_2833849800205759360,60540,2024-08-18,15.574942,0.011225,1,unclassified,2024
GaiaDR3_2833849800205759360,60544,2024-08-22,15.560491,0.011202,1,unclassified,2024
GaiaDR3_2833849800205759360,60546,2024-08-24,15.579926,0.011233,1,unclassified,2024
GaiaDR3_2833849800205759360,60549,2024-08-27,15.565638,0.01121,1,unclassified,2024
GaiaDR3_2833849800205759360,60551,2024-08-29,15.604219,0.011272,1,unclassified,2024
GaiaDR3_2833849800205759360,60553,2024-08-31,15.577096,0.011228,1,unclassified,2024
GaiaDR3_2833849800205759360,60555,2024-09-02,15.576212,0.011227,1,unclassified,2024
GaiaDR3_2833849800205759360,60557,2024-09-04,15.582715,0.011237,1,unclassified,2024
GaiaDR3_2833849800205759360,60559,2024-09-06,15.604889,0.011273,1,unclassified,2024
GaiaDR3_2833849800205759360,60561,2024-09-08,15.566952,0.011212,1,unclassified,2024
GaiaDR3_2833849800205759360,60571,2024-09-18,15.608614,0.01128,1,unclassified,2024
GaiaDR3_2833849800205759360,60575,2024-09-22,15.585211,0.011241,1,unclassified,2024
GaiaDR3_2833849800205759360,60576,2024-09-23,15.581392,0.011235,1,unclassified,2024
GaiaDR3_2833849800205759360,60577,2024-09-24,15.613069,0.011287,1,unclassified,2024
GaiaDR3_2833849800205759360,60578,2024-09-25,15.550857,0.011187,1,unclassified,2024
GaiaDR3_2833849800205759360,60580,2024-09-27,15.614406,0.011289,1,unclassified,2024
GaiaDR3_2833849800205759360,60583,2024-09-30,15.601461,0.011268,1,unclassified,2024
GaiaDR3_2833849800205759360,60592,2024-10-09,15.595715,0.011258,1,unclassified,2024
GaiaDR3_2833849800205759360,60594,2024-10-11,15.59791,0.011262,1,unclassified,2024
GaiaDR3_2833849800205759360,60596,2024-10-13,15.593801,0.011255,1,unclassified,2024
GaiaDR3_2833849800205759360,60598,2024-10-15,15.602344,0.011269,1,unclassified,2024
GaiaDR3_2833849800205759360,60600,2024-10-17,15.619421,0.011297,1,unclassified,2024
GaiaDR3_2833849800205759360,60603,2024-10-20,15.606275,0.011276,1,unclassified,2024
GaiaDR3_2833849800205759360,60607,2024-10-24,15.55753,0.011197,1,unclassified,2024
GaiaDR3_2833849800205759360,60609,2024-10-26,15.603427,0.011271,1,unclassified,2024
GaiaDR3_2833849800205759360,60615,2024-11-01,15.571342,0.011219,1,unclassified,2024
GaiaDR3_2833849800205759360,60625,2024-11-11,15.602367,0.011269,1,unclassified,2024
GaiaDR3_2833849800205759360,60627,2024-11-13,15.593285,0.011254,1,unclassified,2024
GaiaDR3_2833849800205759360,60629,2024-11-15,15.566939,0.011212,1,unclassified,2024
GaiaDR3_2833849800205759360,60632,2024-11-18,15.566409,0.011211,1,unclassified,2024
GaiaDR3_2833849800205759360,60634,2024-11-20,15.603099,0.01127,1,unclassified,2024
GaiaDR3_2833849800205759360,60639,2024-11-25,15.592603,0.011253,1,unclassified,2024
GaiaDR3_2833849800205759360,60643,2024-11-29,15.567543,0.011213,1,unclassified,2024
GaiaDR3_2833849800205759360,60649,2024-12-05,15.559248,0.0112,1,unclassified,2024
GaiaDR3_2833849800205759360,60651,2024-12-07,15.584626,0.01124,1,unclassified,2024
GaiaDR3_2833849800205759360,60653,2024-12-09,15.5917,0.011252,1,unclassified,2024
GaiaDR3_2833849800205759360,60655,2024-12-11,15.601886,0.011268,1,unclassified,2024
GaiaDR3_2833849800205759360,60658,2024-12-14,15.610904,0.011283,1,unclassified,2024
GaiaDR3_2833849800205759360,60660,2024-12-16,15.570751,0.011218,1,unclassified,2024
GaiaDR3_2833849800205759360,60663,2024-12-19,15.602366,0.011269,1,unclassified,2024
GaiaDR3_2833849800205759360,60665,2024-12-21,15.593791,0.011255,1,unclassified,2024
GaiaDR3_2833849800205759360,60667,2024-12-23,15.568047,0.011214,1,unclassified,2024
GaiaDR3_2833849800205759360,60675,2024-12-31,15.581037,0.011235,1,unclassified,2024
GaiaDR3_2833849800205759360,60686,2025-01-11,15.575187,0.011225,1,unclassified,2025
GaiaDR3_2833849800205759360,60817,2025-05-22,15.601969,0.011269,1,unclassified,2025
GaiaDR3_2833849800205759360,60819,2025-05-24,15.591332,0.011251,1,unclassified,2025
GaiaDR3_2833849800205759360,60822,2025-05-27,15.561745,0.011204,1,unclassified,2025
GaiaDR3_2833849800205759360,60833,2025-06-07,15.616561,0.011293,1,unclassified,2025
GaiaDR3_2833849800205759360,60836,2025-06-10,15.574367,0.011224,1,unclassified,2025
GaiaDR3_2833849800205759360,60839,2025-06-13,15.607582,0.011278,1,unclassified,2025
GaiaDR3_2833849800205759360,60841,2025-06-15,15.602951,0.01127,1,unclassified,2025
GaiaDR3_2833849800205759360,60843,2025-06-17,15.562631,0.011205,1,unclassified,2025
GaiaDR3_2833849800205759360,60845,2025-06-19,15.577618,0.011229,1,unclassified,2025
GaiaDR3_2833849800205759360,60849,2025-06-23,15.563002,0.011206,1,unclassified,2025
GaiaDR3_2833849800205759360,60854,2025-06-28,15.598176,0.011262,1,unclassified,2025
GaiaDR3_2833849800205759360,60856,2025-06-30,15.56935,0.011216,1,unclassified,2025
GaiaDR3_2833849800205759360,60858,2025-07-02,15.566635,0.011212,1,unclassified,2025
GaiaDR3_2833849800205759360,60860,2025-07-04,15.595233,0.011258,1,unclassified,2025
GaiaDR3_2833849800205759360,60879,2025-07-23,15.565628,0.01121,1,unclassified,2025
GaiaDR3_2833849800205759360,60883,2025-07-27,15.588257,0.011246,1,unclassified,2025
GaiaDR3_2833849800205759360,60885,2025-07-29,15.594803,0.011257,1,unclassified,2025
GaiaDR3_2833849800205759360,60888,2025-08-01,15.610986,0.011283,1,unclassified,2025
GaiaDR3_2833849800205759360,60892,2025-08-05,15.582986,0.011238,1,unclassified,2025
GaiaDR3_2833849800205759360,60895,2025-08-08,15.60537,0.011274,1,unclassified,2025
GaiaDR3_2833849800205759360,60897,2025-08-10,15.572639,0.011221,1,unclassified,2025
GaiaDR3_2833849800205759360,60899,2025-08-12,15.581296,0.011235,1,unclassified,2025
GaiaDR3_2833849800205759360,60902,2025-08-15,15.599358,0.011264,1,unclassified,2025
GaiaDR3_2833849800205759360,60904,2025-08-17,15.565741,0.01121,1,unclassified,2025
GaiaDR3_2833849800205759360,60909,2025-08-22,15.592506,0.011253,1,unclassified,2025
GaiaDR3_2833849800205759360,60911,2025-08-24,15.581322,0.011235,1,unclassified,2025
GaiaDR3_2833849800205759360,60913,2025-08-26,15.598568,0.011263,1,unclassified,2025
GaiaDR3_2833849800205759360,60916,2025-08-29,15.573427,0.011223,1,unclassified,2025
GaiaDR3_2833849800205759360,60918,2025-08-31,15.582041,0.011236,1,unclassified,2025
GaiaDR3_2833849800205759360,60922,2025-09-04,15.584693,0.011241,1,unclassified,2025
GaiaDR3_2833849800205759360,60924,2025-09-06,15.592138,0.011253,1,unclassified,2025
GaiaDR3_2833849800205759360,60926,2025-09-08,15.597928,0.011262,1,unclassified,2025
GaiaDR3_2833849800205759360,60928,2025-09-10,15.58878,0.011247,1,unclassified,2025
GaiaDR3_2833849800205759360,60932,2025-09-14,15.576954,0.011228,1,unclassified,2025
GaiaDR3_2833849800205759360,60934,2025-09-16,15.584022,0.01124,1,unclassified,2025
GaiaDR3_2833849800205759360,60938,2025-09-20,15.561939,0.011204,1,unclassified,2025
GaiaDR3_2833849800205759360,60941,2025-09-23,15.582521,0.011237,1,unclassified,2025
GaiaDR3_2833849800205759360,60943,2025-09-25,15.566392,0.011211,1,unclassified,2025
GaiaDR3_2833849800205759360,60949,2025-10-01,15.561511,0.011204,1,unclassified,2025
GaiaDR3_2833849800205759360,60951,2025-10-03,15.572424,0.011221,1,unclassified,2025
GaiaDR3_2833849800205759360,60953,2025-10-05,15.582641,0.011237,1,unclassified,2025
GaiaDR3_2833849800205759360,60955,2025-10-07,15.566484,0.011212,1,unclassified,2025
GaiaDR3_2833849800205759360,60957,2025-10-09,15.579515,0.011232,1,unclassified,2025
GaiaDR3_2833849800205759360,60960,2025-10-12,15.578346,0.01123,1,unclassified,2025
GaiaDR3_2833849800205759360,60965,2025-10-17,15.595704,0.011258,1,unclassified,2025
GaiaDR3_2833849800205759360,60967,2025-10-19,15.568962,0.011215,1,unclassified,2025
GaiaDR3_2833849800205759360,60969,2025-10-21,15.570467,0.011218,1,unclassified,2025
GaiaDR3_2935237657195591424,58206,2018-03-29,16.544389,0.01163,2,WD-MS binaries,2018
GaiaDR3_2935237657195591424,58386,2018-09-25,16.58482,0.016674,1,WD-MS binaries,2018
GaiaDR3_2935237657195591424,58390,2018-09-29,16.545872,0.016456,1,WD-MS binaries,2018
GaiaDR3_2935237657195591424,58425,2018-11-03,16.375637,0.015586,1,WD-MS binaries,2018
GaiaDR3_2935237657195591424,58427,2018-11-05,16.425552,0.015827,1,WD-MS binaries,2018
GaiaDR3_2935237657195591424,58429,2018-11-07,16.344574,0.015441,1,WD-MS binaries,2018
GaiaDR3_2935237657195591424,58430,2018-11-08,16.529818,0.016368,1,WD-MS binaries,2018
GaiaDR3_2935237657195591424,58431,2018-11-09,16.558121,0.016524,1,WD-MS binaries,2018
GaiaDR3_2935237657195591424,58432,2018-11-10,16.512203,0.016273,1,WD-MS binaries,2018
GaiaDR3_2935237657195591424,58434,2018-11-12,16.288313,0.015189,1,WD-MS binaries,2018
GaiaDR3_2935237657195591424,58437,2018-11-15,16.566277,0.016569,1,WD-MS binaries,2018
GaiaDR3_2935237657195591424,58438,2018-11-16,16.436436,0.015882,1,WD-MS binaries,2018
GaiaDR3_2935237657195591424,58439,2018-11-17,16.45233,0.055565,2,WD-MS binaries,2018
GaiaDR3_2935237657195591424,58441,2018-11-19,16.362808,0.015526,1,WD-MS binaries,2018
GaiaDR3_2935237657195591424,58443,2018-11-21,16.531973,0.01638,1,WD-MS binaries,2018
GaiaDR3_2935237657195591424,58450,2018-11-28,16.287907,0.015187,1,WD-MS binaries,2018
GaiaDR3_2935237657195591424,58468,2018-12-16,16.545305,0.016453,1,WD-MS binaries,2018
GaiaDR3_2935237657195591424,58472,2018-12-20,16.446373,0.015931,1,WD-MS binaries,2018
GaiaDR3_2935237657195591424,58476,2018-12-24,16.337706,0.015409,1,WD-MS binaries,2018
GaiaDR3_2935237657195591424,58481,2018-12-29,16.289623,0.015194,1,WD-MS binaries,2018
GaiaDR3_2935237657195591424,58487,2019-01-04,16.486153,0.016136,1,WD-MS binaries,2019
GaiaDR3_2935237657195591424,58491,2019-01-08,16.561211,0.016541,1,WD-MS binaries,2019
GaiaDR3_2935237657195591424,58493,2019-01-10,16.541115,0.01643,1,WD-MS binaries,2019
GaiaDR3_2935237657195591424,58495,2019-01-12,16.305302,0.015263,1,WD-MS binaries,2019
GaiaDR3_2935237657195591424,58507,2019-01-24,16.559942,0.016534,1,WD-MS binaries,2019
GaiaDR3_2935237657195591424,58508,2019-01-25,16.371403,0.015566,1,WD-MS binaries,2019
GaiaDR3_2935237657195591424,58509,2019-01-26,16.481131,0.016109,1,WD-MS binaries,2019
GaiaDR3_2935237657195591424,58510,2019-01-27,16.446711,0.015933,1,WD-MS binaries,2019
GaiaDR3_2935237657195591424,58511,2019-01-28,16.561092,0.01654,1,WD-MS binaries,2019
GaiaDR3_2935237657195591424,58523,2019-02-09,16.515793,0.016292,1,WD-MS binaries,2019
GaiaDR3_2935237657195591424,58524,2019-02-10,16.532312,0.016382,1,WD-MS binaries,2019
GaiaDR3_2935237657195591424,58539,2019-02-25,16.583866,0.016669,1,WD-MS binaries,2019
GaiaDR3_2935237657195591424,58540,2019-02-26,16.291912,0.015204,1,WD-MS binaries,2019
GaiaDR3_2935237657195591424,58557,2019-03-15,16.42461,0.015823,1,WD-MS binaries,2019
GaiaDR3_2935237657195591424,58558,2019-03-16,16.439196,0.015895,1,WD-MS binaries,2019
GaiaDR3_2935237657195591424,58560,2019-03-18,16.461886,0.01601,1,WD-MS binaries,2019
GaiaDR3_2935237657195591424,58562,2019-03-20,16.28558,0.015177,1,WD-MS binaries,2019
GaiaDR3_2935237657195591424,58582,2019-04-09,16.336197,0.015403,1,WD-MS binaries,2019
GaiaDR3_2935237657195591424,58585,2019-04-12,16.532688,0.016384,1,WD-MS binaries,2019
GaiaDR3_2935237657195591424,58588,2019-04-15,16.513903,0.016282,1,WD-MS binaries,2019
GaiaDR3_2935237657195591424,58749,2019-09-23,16.53558,0.016399,1,WD-MS binaries,2019
GaiaDR3_2935237657195591424,58760,2019-10-04,16.303614,0.015256,1,WD-MS binaries,2019
GaiaDR3_2935237657195591424,58767,2019-10-11,16.485903,0.016134,1,WD-MS binaries,2019
GaiaDR3_2935237657195591424,58770,2019-10-14,16.569656,0.016588,1,WD-MS binaries,2019
GaiaDR3_2935237657195591424,58775,2019-10-19,16.43948,0.015897,1,WD-MS binaries,2019
GaiaDR3_2935237657195591424,58781,2019-10-25,16.242996,0.014994,1,WD-MS binaries,2019
GaiaDR3_2935237657195591424,58784,2019-10-28,16.558506,0.016526,1,WD-MS binaries,2019
GaiaDR3_2935237657195591424,58787,2019-10-31,16.452021,0.01596,1,WD-MS binaries,2019
GaiaDR3_2935237657195591424,58790,2019-11-03,16.292587,0.015207,1,WD-MS binaries,2019
GaiaDR3_2935237657195591424,58799,2019-11-12,16.504684,0.016233,1,WD-MS binaries,2019
GaiaDR3_2935237657195591424,58803,2019-11-16,16.489517,0.016153,1,WD-MS binaries,2019
GaiaDR3_2935237657195591424,58831,2019-12-14,16.565083,0.016563,1,WD-MS binaries,2019
GaiaDR3_2935237657195591424,58855,2020-01-07,16.415375,0.082643,2,WD-MS binaries,2020
GaiaDR3_2935237657195591424,58856,2020-01-08,16.409317,0.015748,1,WD-MS binaries,2020
GaiaDR3_2935237657195591424,58861,2020-01-13,16.408005,0.015741,1,WD-MS binaries,2020
GaiaDR3_2935237657195591424,58872,2020-01-24,16.364327,0.015533,1,WD-MS binaries,2020
GaiaDR3_2935237657195591424,58875,2020-01-27,16.345379,0.015445,1,WD-MS binaries,2020
GaiaDR3_2935237657195591424,58878,2020-01-30,16.338656,0.015414,1,WD-MS binaries,2020
GaiaDR3_2935237657195591424,58881,2020-02-02,16.539564,0.016421,1,WD-MS binaries,2020
GaiaDR3_2935237657195591424,58885,2020-02-06,16.364073,0.015531,1,WD-MS binaries,2020
GaiaDR3_2935237657195591424,58891,2020-02-12,16.539883,0.016423,1,WD-MS binaries,2020
GaiaDR3_2935237657195591424,58894,2020-02-15,16.488712,0.016149,1,WD-MS binaries,2020
GaiaDR3_2935237657195591424,58899,2020-02-20,16.380882,0.015611,1,WD-MS binaries,2020
GaiaDR3_2935237657195591424,58904,2020-02-25,16.547951,0.016467,1,WD-MS binaries,2020
GaiaDR3_2935237657195591424,58941,2020-04-02,16.556461,0.016515,1,WD-MS binaries,2020
GaiaDR3_2935237657195591424,59124,2020-10-02,16.317947,0.01532,1,WD-MS binaries,2020
GaiaDR3_2935237657195591424,59126,2020-10-04,16.547611,0.016466,1,WD-MS binaries,2020
GaiaDR3_2935237657195591424,59128,2020-10-06,16.346569,0.01545,1,WD-MS binaries,2020
GaiaDR3_2935237657195591424,59130,2020-10-08,16.338953,0.015415,1,WD-MS binaries,2020
GaiaDR3_2935237657195591424,59135,2020-10-13,16.571198,0.016597,1,WD-MS binaries,2020
GaiaDR3_2935237657195591424,59140,2020-10-18,16.294483,0.015216,1,WD-MS binaries,2020
GaiaDR3_2935237657195591424,59142,2020-10-20,16.471409,0.016059,1,WD-MS binaries,2020
GaiaDR3_2935237657195591424,59144,2020-10-22,16.501013,0.016214,1,WD-MS binaries,2020
GaiaDR3_2935237657195591424,59150,2020-10-28,16.536762,0.016406,1,WD-MS binaries,2020
GaiaDR3_2935237657195591424,59152,2020-10-30,16.383625,0.015624,1,WD-MS binaries,2020
GaiaDR3_2935237657195591424,59153,2020-10-31,16.315056,0.015307,1,WD-MS binaries,2020
GaiaDR3_2935237657195591424,59156,2020-11-03,16.483501,0.016122,1,WD-MS binaries,2020
GaiaDR3_2935237657195591424,59158,2020-11-05,16.510876,0.016266,1,WD-MS binaries,2020
GaiaDR3_2935237657195591424,59163,2020-11-10,16.563216,0.013083,2,WD-MS binaries,2020
GaiaDR3_2935237657195591424,59165,2020-11-12,16.554249,0.016502,1,WD-MS binaries,2020
GaiaDR3_2935237657195591424,59167,2020-11-14,16.297157,0.015227,1,WD-MS binaries,2020
GaiaDR3_2935237657195591424,59171,2020-11-18,16.509956,0.016261,1,WD-MS binaries,2020
GaiaDR3_2935237657195591424,59174,2020-11-21,16.303148,0.015254,1,WD-MS binaries,2020
GaiaDR3_2935237657195591424,59176,2020-11-23,16.548468,0.01647,1,WD-MS binaries,2020
GaiaDR3_2935237657195591424,59180,2020-11-27,16.484749,0.016128,1,WD-MS binaries,2020
GaiaDR3_2935237657195591424,59187,2020-12-04,16.511604,0.01627,1,WD-MS binaries,2020
GaiaDR3_2935237657195591424,59189,2020-12-06,16.312637,0.015296,1,WD-MS binaries,2020
GaiaDR3_2935237657195591424,59194,2020-12-11,16.403067,0.015717,1,WD-MS binaries,2020
GaiaDR3_2935237657195591424,59198,2020-12-15,16.305759,0.015265,1,WD-MS binaries,2020
GaiaDR3_2935237657195591424,59203,2020-12-20,16.37624,0.014687,2,WD-MS binaries,2020
GaiaDR3_2935237657195591424,59210,2020-12-27,16.301418,0.015246,1,WD-MS binaries,2020
GaiaDR3_2935237657195591424,59215,2021-01-01,16.32745,0.088168,3,WD-MS binaries,2021
GaiaDR3_2935237657195591424,59218,2021-01-04,16.263001,0.010663,2,WD-MS binaries,2021
GaiaDR3_2935237657195591424,59220,2021-01-06,16.276784,0.010705,2,WD-MS binaries,2021
GaiaDR3_2935237657195591424,59221,2021-01-07,16.567696,0.016577,1,WD-MS binaries,2021
GaiaDR3_2935237657195591424,59222,2021-01-08,16.523982,0.011552,2,WD-MS binaries,2021
GaiaDR3_2935237657195591424,59223,2021-01-09,16.488682,0.016149,1,WD-MS binaries,2021
GaiaDR3_2935237657195591424,59224,2021-01-10,16.293278,0.01521,1,WD-MS binaries,2021
GaiaDR3_2935237657195591424,59225,2021-01-11,16.441193,0.015905,1,WD-MS binaries,2021
GaiaDR3_2935237657195591424,59226,2021-01-12,16.560747,0.011695,2,WD-MS binaries,2021
GaiaDR3_2935237657195591424,59228,2021-01-14,16.425501,0.012846,2,WD-MS binaries,2021
GaiaDR3_2935237657195591424,59229,2021-01-15,16.309242,0.015281,1,WD-MS binaries,2021
GaiaDR3_2935237657195591424,59230,2021-01-16,16.313656,0.010819,2,WD-MS binaries,2021
GaiaDR3_2935237657195591424,59231,2021-01-17,16.547329,0.016464,1,WD-MS binaries,2021
GaiaDR3_2935237657195591424,59232,2021-01-18,16.354579,0.011528,2,WD-MS binaries,2021
GaiaDR3_2935237657195591424,59233,2021-01-19,16.480223,0.016105,1,WD-MS binaries,2021
GaiaDR3_2935237657195591424,59248,2021-02-03,16.436201,0.01588,1,WD-MS binaries,2021
GaiaDR3_2935237657195591424,59249,2021-02-04,16.496921,0.016192,1,WD-MS binaries,2021
GaiaDR3_2935237657195591424,59250,2021-02-05,16.507174,0.011488,2,WD-MS binaries,2021
GaiaDR3_2935237657195591424,59251,2021-02-06,16.570198,0.016591,1,WD-MS binaries,2021
GaiaDR3_2935237657195591424,59252,2021-02-07,16.384335,0.015627,1,WD-MS binaries,2021
GaiaDR3_2935237657195591424,59256,2021-02-11,16.320736,0.015332,1,WD-MS binaries,2021
GaiaDR3_2935237657195591424,59260,2021-02-15,16.370167,0.01556,1,WD-MS binaries,2021
GaiaDR3_2935237657195591424,59263,2021-02-18,16.358343,0.015505,1,WD-MS binaries,2021
GaiaDR3_2935237657195591424,59265,2021-02-20,16.53554,0.016399,1,WD-MS binaries,2021
GaiaDR3_2935237657195591424,59267,2021-02-22,16.432838,0.015864,1,WD-MS binaries,2021
GaiaDR3_2935237657195591424,59269,2021-02-24,16.521454,0.016323,1,WD-MS binaries,2021
GaiaDR3_2935237657195591424,59271,2021-02-26,16.511154,0.016268,1,WD-MS binaries,2021
GaiaDR3_2935237657195591424,59273,2021-02-28,16.532722,0.016384,1,WD-MS binaries,2021
GaiaDR3_2935237657195591424,59278,2021-03-05,16.273889,0.015126,1,WD-MS binaries,2021
GaiaDR3_2935237657195591424,59293,2021-03-20,16.547749,0.016466,1,WD-MS binaries,2021
GaiaDR3_2935237657195591424,59296,2021-03-23,16.631481,0.016946,1,WD-MS binaries,2021
GaiaDR3_2935237657195591424,59301,2021-03-28,16.570217,0.016592,1,WD-MS binaries,2021
GaiaDR3_2935237657195591424,59303,2021-03-30,16.398834,0.015697,1,WD-MS binaries,2021
GaiaDR3_2935237657195591424,59306,2021-04-02,16.493443,0.016174,1,WD-MS binaries,2021
GaiaDR3_2935237657195591424,59310,2021-04-06,16.552519,0.016493,1,WD-MS binaries,2021
GaiaDR3_2935237657195591424,59312,2021-04-08,16.55625,0.016513,1,WD-MS binaries,2021
GaiaDR3_2935237657195591424,59314,2021-04-10,16.356276,0.015495,1,WD-MS binaries,2021
GaiaDR3_2935237657195591424,59489,2021-10-02,16.540668,0.016427,1,WD-MS binaries,2021
GaiaDR3_2935237657195591424,59501,2021-10-14,16.452374,0.015962,1,WD-MS binaries,2021
GaiaDR3_2935237657195591424,59503,2021-10-16,16.484509,0.016127,1,WD-MS binaries,2021
GaiaDR3_2935237657195591424,59509,2021-10-22,16.345619,0.015446,1,WD-MS binaries,2021
GaiaDR3_2935237657195591424,59517,2021-10-30,16.422268,0.017641,1,WD-MS binaries,2021
GaiaDR3_2935237657195591424,59518,2021-10-31,16.502329,0.016221,1,WD-MS binaries,2021
GaiaDR3_2935237657195591424,59521,2021-11-03,16.527359,0.016355,1,WD-MS binaries,2021
GaiaDR3_2935237657195591424,59529,2021-11-11,16.45496,0.015975,1,WD-MS binaries,2021
GaiaDR3_2935237657195591424,59536,2021-11-18,16.450752,0.125351,2,WD-MS binaries,2021
GaiaDR3_2935237657195591424,59622,2022-02-12,16.573546,0.01661,1,WD-MS binaries,2022
GaiaDR3_2935237657195591424,59624,2022-02-14,16.436111,0.01588,1,WD-MS binaries,2022
GaiaDR3_2935237657195591424,59625,2022-02-15,16.437881,0.017732,1,WD-MS binaries,2022
GaiaDR3_2935237657195591424,59629,2022-02-19,16.358902,0.015507,1,WD-MS binaries,2022
GaiaDR3_2935237657195591424,59674,2022-04-05,16.467535,0.016039,1,WD-MS binaries,2022
GaiaDR3_2935237657195591424,59678,2022-04-09,16.525948,0.016347,1,WD-MS binaries,2022
GaiaDR3_2935237657195591424,59851,2022-09-29,16.555473,0.018453,1,WD-MS binaries,2022
GaiaDR3_2935237657195591424,59853,2022-10-01,16.481014,0.017989,1,WD-MS binaries,2022
GaiaDR3_2935237657195591424,59855,2022-10-03,16.556007,0.016512,1,WD-MS binaries,2022
GaiaDR3_2935237657195591424,59858,2022-10-06,16.288487,0.015189,1,WD-MS binaries,2022
GaiaDR3_2935237657195591424,59860,2022-10-08,16.381643,0.015614,1,WD-MS binaries,2022
GaiaDR3_2935237657195591424,59865,2022-10-13,16.532001,0.01638,1,WD-MS binaries,2022
GaiaDR3_2935237657195591424,59871,2022-10-19,16.438347,0.015891,1,WD-MS binaries,2022
GaiaDR3_2935237657195591424,59876,2022-10-24,16.277252,0.01514,1,WD-MS binaries,2022
GaiaDR3_2935237657195591424,59878,2022-10-26,16.326992,0.015361,1,WD-MS binaries,2022
GaiaDR3_2935237657195591424,59881,2022-10-29,16.318985,0.017065,1,WD-MS binaries,2022
GaiaDR3_2935237657195591424,59887,2022-11-04,16.237755,0.014972,1,WD-MS binaries,2022
GaiaDR3_2935237657195591424,59898,2022-11-15,16.541279,0.016431,1,WD-MS binaries,2022
GaiaDR3_2935237657195591424,59900,2022-11-17,16.354992,0.015489,1,WD-MS binaries,2022
GaiaDR3_2935237657195591424,59901,2022-11-18,16.443325,0.015916,1,WD-MS binaries,2022
GaiaDR3_2935237657195591424,59902,2022-11-19,16.531937,0.01638,1,WD-MS binaries,2022
GaiaDR3_2935237657195591424,59906,2022-11-23,16.312843,0.015297,1,WD-MS binaries,2022
GaiaDR3_2935237657195591424,59922,2022-12-09,16.472633,0.017938,1,WD-MS binaries,2022
GaiaDR3_2935237657195591424,59932,2022-12-19,16.540728,0.016428,1,WD-MS binaries,2022
GaiaDR3_2935237657195591424,59934,2022-12-21,16.377897,0.015597,1,WD-MS binaries,2022
GaiaDR3_2935237657195591424,59936,2022-12-23,16.548319,0.016469,1,WD-MS binaries,2022
GaiaDR3_2935237657195591424,59951,2023-01-07,16.464077,0.016021,1,WD-MS binaries,2023
GaiaDR3_2935237657195591424,59966,2023-01-22,16.414679,0.015774,1,WD-MS binaries,2023
GaiaDR3_2935237657195591424,59968,2023-01-24,16.312264,0.015294,1,WD-MS binaries,2023
GaiaDR3_2935237657195591424,59970,2023-01-26,16.563648,0.016555,1,WD-MS binaries,2023
GaiaDR3_2935237657195591424,59972,2023-01-28,16.52488,0.016341,1,WD-MS binaries,2023
GaiaDR3_2935237657195591424,59979,2023-02-04,16.533415,0.016388,1,WD-MS binaries,2023
GaiaDR3_2935237657195591424,59982,2023-02-07,16.548616,0.016471,1,WD-MS binaries,2023
GaiaDR3_2935237657195591424,60013,2023-03-10,16.570431,0.016593,1,WD-MS binaries,2023
GaiaDR3_2935237657195591424,60020,2023-03-17,16.552919,0.016495,1,WD-MS binaries,2023
GaiaDR3_2935237657195591424,60030,2023-03-27,16.55381,0.0165,1,WD-MS binaries,2023
GaiaDR3_2935237657195591424,60036,2023-04-02,16.538313,0.016414,1,WD-MS binaries,2023
GaiaDR3_2935237657195591424,60220,2023-10-03,16.256893,0.015053,1,WD-MS binaries,2023
GaiaDR3_2935237657195591424,60222,2023-10-05,16.460106,0.016001,1,WD-MS binaries,2023
GaiaDR3_2935237657195591424,60224,2023-10-07,16.531532,0.016377,1,WD-MS binaries,2023
GaiaDR3_2935237657195591424,60229,2023-10-12,16.425854,0.015829,1,WD-MS binaries,2023
GaiaDR3_2935237657195591424,60232,2023-10-15,16.398395,0.015695,1,WD-MS binaries,2023
GaiaDR3_2935237657195591424,60236,2023-10-19,16.297398,0.015228,1,WD-MS binaries,2023
GaiaDR3_2935237657195591424,60238,2023-10-21,16.562519,0.016548,1,WD-MS binaries,2023
GaiaDR3_2935237657195591424,60242,2023-10-25,16.431303,0.015856,1,WD-MS binaries,2023
GaiaDR3_2935237657195591424,60245,2023-10-28,16.528192,0.016359,1,WD-MS binaries,2023
GaiaDR3_2935237657195591424,60253,2023-11-05,16.283882,0.015169,1,WD-MS binaries,2023
GaiaDR3_2935237657195591424,60256,2023-11-08,16.554073,0.016501,1,WD-MS binaries,2023
GaiaDR3_2935237657195591424,60258,2023-11-10,16.524262,0.016338,1,WD-MS binaries,2023
GaiaDR3_2935237657195591424,60260,2023-11-12,16.361469,0.015519,1,WD-MS binaries,2023
GaiaDR3_2935237657195591424,60287,2023-12-09,16.502823,0.016223,1,WD-MS binaries,2023
GaiaDR3_2935237657195591424,60290,2023-12-12,16.562239,0.016547,1,WD-MS binaries,2023
GaiaDR3_2935237657195591424,60314,2024-01-05,16.355717,0.015493,1,WD-MS binaries,2024
GaiaDR3_2935237657195591424,60322,2024-01-13,16.362366,0.015524,1,WD-MS binaries,2024
GaiaDR3_2935237657195591424,60324,2024-01-15,16.393593,0.015672,1,WD-MS binaries,2024
GaiaDR3_2935237657195591424,60326,2024-01-17,16.404442,0.015724,1,WD-MS binaries,2024
GaiaDR3_2935237657195591424,60334,2024-01-25,16.458538,0.015993,1,WD-MS binaries,2024
GaiaDR3_2935237657195591424,60339,2024-01-30,16.532946,0.016385,1,WD-MS binaries,2024
GaiaDR3_2935237657195591424,60341,2024-02-01,16.449686,0.015948,1,WD-MS binaries,2024
GaiaDR3_2935237657195591424,60352,2024-02-12,16.299614,0.015238,1,WD-MS binaries,2024
GaiaDR3_2935237657195591424,60354,2024-02-14,16.361382,0.015519,1,WD-MS binaries,2024
GaiaDR3_2935237657195591424,60357,2024-02-17,16.333965,0.015392,1,WD-MS binaries,2024
GaiaDR3_2935237657195591424,60374,2024-03-05,16.551626,0.016488,1,WD-MS binaries,2024
GaiaDR3_2935237657195591424,60388,2024-03-19,16.559704,0.016533,1,WD-MS binaries,2024
GaiaDR3_2935237657195591424,60397,2024-03-28,16.459435,0.015998,1,WD-MS binaries,2024
GaiaDR3_2935237657195591424,60403,2024-04-03,16.524818,0.016341,1,WD-MS binaries,2024
GaiaDR3_2935237657195591424,60592,2024-10-09,16.530773,0.016373,1,WD-MS binaries,2024
GaiaDR3_2935237657195591424,60595,2024-10-12,16.536144,0.016403,1,WD-MS binaries,2024
GaiaDR3_2935237657195591424,60596,2024-10-13,16.532047,0.01638,1,WD-MS binaries,2024
GaiaDR3_2935237657195591424,60598,2024-10-15,16.538547,0.016416,1,WD-MS binaries,2024
GaiaDR3_2935237657195591424,60600,2024-10-17,16.450005,0.01595,1,WD-MS binaries,2024
GaiaDR3_2935237657195591424,60603,2024-10-20,16.364952,0.015536,1,WD-MS binaries,2024
GaiaDR3_2935237657195591424,60607,2024-10-24,16.285971,0.015178,1,WD-MS binaries,2024
GaiaDR3_2935237657195591424,60609,2024-10-26,16.38509,0.015631,1,WD-MS binaries,2024
GaiaDR3_2935237657195591424,60615,2024-11-01,16.46579,0.01603,1,WD-MS binaries,2024
GaiaDR3_2935237657195591424,60619,2024-11-05,16.479235,0.016099,1,WD-MS binaries,2024
GaiaDR3_2935237657195591424,60628,2024-11-14,16.392201,0.015665,1,WD-MS binaries,2024
GaiaDR3_2935237657195591424,60631,2024-11-17,16.482937,0.016119,1,WD-MS binaries,2024
GaiaDR3_2935237657195591424,60632,2024-11-18,16.299765,0.015239,1,WD-MS binaries,2024
GaiaDR3_2935237657195591424,60636,2024-11-22,16.319019,0.015325,1,WD-MS binaries,2024
GaiaDR3_2935237657195591424,60640,2024-11-26,16.42701,0.015835,1,WD-MS binaries,2024
GaiaDR3_2935237657195591424,60644,2024-11-30,16.265137,0.015088,1,WD-MS binaries,2024
GaiaDR3_2935237657195591424,60648,2024-12-04,16.513508,0.01628,1,WD-MS binaries,2024
GaiaDR3_2935237657195591424,60653,2024-12-09,16.473761,0.016071,1,WD-MS binaries,2024
GaiaDR3_2935237657195591424,60664,2024-12-20,16.372376,0.015571,1,WD-MS binaries,2024
GaiaDR3_2935237657195591424,60666,2024-12-22,16.395409,0.01568,1,WD-MS binaries,2024
GaiaDR3_2935237657195591424,60691,2025-01-16,16.550213,0.01648,1,WD-MS binaries,2025
GaiaDR3_2935237657195591424,60693,2025-01-18,16.36791,0.015549,1,WD-MS binaries,2025
GaiaDR3_2935237657195591424,60695,2025-01-20,16.362705,0.015525,1,WD-MS binaries,2025
GaiaDR3_2935237657195591424,60698,2025-01-23,16.576452,0.016627,1,WD-MS binaries,2025
GaiaDR3_2935237657195591424,60706,2025-01-31,16.34951,0.015464,1,WD-MS binaries,2025
GaiaDR3_2935237657195591424,60722,2025-02-16,16.528305,0.01636,1,WD-MS binaries,2025
GaiaDR3_2935237657195591424,60725,2025-02-19,16.442669,0.015913,1,WD-MS binaries,2025
GaiaDR3_2935237657195591424,60727,2025-02-21,16.523407,0.016333,1,WD-MS binaries,2025
GaiaDR3_2935237657195591424,60728,2025-02-22,16.431663,0.015858,1,WD-MS binaries,2025
GaiaDR3_2935237657195591424,60729,2025-02-23,16.381119,0.015612,1,WD-MS binaries,2025
GaiaDR3_2935237657195591424,60730,2025-02-24,16.355831,0.015493,1,WD-MS binaries,2025
GaiaDR3_2935237657195591424,60732,2025-02-26,16.31147,0.015291,1,WD-MS binaries,2025
GaiaDR3_2935237657195591424,60739,2025-03-05,16.5417,0.016433,1,WD-MS binaries,2025
GaiaDR3_2935237657195591424,60744,2025-03-10,16.358135,0.015504,1,WD-MS binaries,2025
GaiaDR3_2935237657195591424,60757,2025-03-23,16.545551,0.016454,1,WD-MS binaries,2025
GaiaDR3_2935237657195591424,60759,2025-03-25,16.485004,0.01613,1,WD-MS binaries,2025
GaiaDR3_2935237657195591424,60761,2025-03-27,16.563976,0.016557,1,WD-MS binaries,2025
GaiaDR3_2935237657195591424,60771,2025-04-06,16.573998,0.016613,1,WD-MS binaries,2025
GaiaDR3_2935237657195591424,60773,2025-04-08,16.347645,0.015455,1,WD-MS binaries,2025
GaiaDR3_3345661467822106624,58206,2018-03-29,17.761585,0.020678,2,RRLyrae_contaminant(non-WD),2018
GaiaDR3_3345661467822106624,58207,2018-03-30,17.731258,0.025829,1,RRLyrae_contaminant(non-WD),2018
GaiaDR3_3345661467822106624,58216,2018-04-08,17.542763,0.023571,1,RRLyrae_contaminant(non-WD),2018
GaiaDR3_3345661467822106624,58234,2018-04-26,17.726192,0.025763,1,RRLyrae_contaminant(non-WD),2018
GaiaDR3_3345661467822106624,58236,2018-04-28,17.558552,0.023746,1,RRLyrae_contaminant(non-WD),2018
GaiaDR3_3345661467822106624,58360,2018-08-30,17.730715,0.025821,1,RRLyrae_contaminant(non-WD),2018
GaiaDR3_3345661467822106624,58361,2018-08-31,17.815081,0.026954,1,RRLyrae_contaminant(non-WD),2018
GaiaDR3_3345661467822106624,58367,2018-09-06,17.567127,0.023843,1,RRLyrae_contaminant(non-WD),2018
GaiaDR3_3345661467822106624,58368,2018-09-07,17.711676,0.025577,1,RRLyrae_contaminant(non-WD),2018
GaiaDR3_3345661467822106624,58369,2018-09-08,17.730455,0.025818,1,RRLyrae_contaminant(non-WD),2018
GaiaDR3_3345661467822106624,58370,2018-09-09,17.698254,0.025407,1,RRLyrae_contaminant(non-WD),2018
GaiaDR3_3345661467822106624,58371,2018-09-10,17.839214,0.027293,1,RRLyrae_contaminant(non-WD),2018
GaiaDR3_3345661467822106624,58372,2018-09-11,17.530865,0.02344,1,RRLyrae_contaminant(non-WD),2018
GaiaDR3_3345661467822106624,58373,2018-09-12,17.594442,0.024154,1,RRLyrae_contaminant(non-WD),2018
GaiaDR3_3345661467822106624,58374,2018-09-13,17.712921,0.025593,1,RRLyrae_contaminant(non-WD),2018
GaiaDR3_3345661467822106624,58375,2018-09-14,17.609745,0.024332,1,RRLyrae_contaminant(non-WD),2018
GaiaDR3_3345661467822106624,58376,2018-09-15,17.807217,0.026845,1,RRLyrae_contaminant(non-WD),2018
GaiaDR3_3345661467822106624,58377,2018-09-16,17.714035,0.025607,1,RRLyrae_contaminant(non-WD),2018
GaiaDR3_3345661467822106624,58378,2018-09-17,17.651371,0.024827,1,RRLyrae_contaminant(non-WD),2018
GaiaDR3_3345661467822106624,58379,2018-09-18,17.800878,0.026758,1,RRLyrae_contaminant(non-WD),2018
GaiaDR3_3345661467822106624,58382,2018-09-21,17.623127,0.024489,1,RRLyrae_contaminant(non-WD),2018
GaiaDR3_3345661467822106624,58383,2018-09-22,17.66983,0.025053,1,RRLyrae_contaminant(non-WD),2018
GaiaDR3_3345661467822106624,58384,2018-09-23,17.575798,0.070587,3,RRLyrae_contaminant(non-WD),2018
GaiaDR3_3345661467822106624,58385,2018-09-24,17.531681,0.023449,1,RRLyrae_contaminant(non-WD),2018
GaiaDR3_3345661467822106624,58386,2018-09-25,17.707718,0.025526,1,RRLyrae_contaminant(non-WD),2018
GaiaDR3_3345661467822106624,58387,2018-09-26,17.782078,0.026501,1,RRLyrae_contaminant(non-WD),2018
GaiaDR3_3345661467822106624,58388,2018-09-27,17.742203,0.025971,1,RRLyrae_contaminant(non-WD),2018
GaiaDR3_3345661467822106624,58389,2018-09-28,17.755291,0.026143,1,RRLyrae_contaminant(non-WD),2018
GaiaDR3_3345661467822106624,58397,2018-10-06,17.765007,0.026272,1,RRLyrae_contaminant(non-WD),2018
GaiaDR3_3345661467822106624,58422,2018-10-31,17.776579,0.026427,1,RRLyrae_contaminant(non-WD),2018
GaiaDR3_3345661467822106624,58423,2018-11-01,17.61991,0.04213,2,RRLyrae_contaminant(non-WD),2018
GaiaDR3_3345661467822106624,58424,2018-11-02,17.57868,0.023974,1,RRLyrae_contaminant(non-WD),2018
GaiaDR3_3345661467822106624,58425,2018-11-03,17.545349,0.023599,1,RRLyrae_contaminant(non-WD),2018
GaiaDR3_3345661467822106624,58426,2018-11-04,17.744505,0.026001,1,RRLyrae_contaminant(non-WD),2018
GaiaDR3_3345661467822106624,58428,2018-11-06,17.778381,0.026451,1,RRLyrae_contaminant(non-WD),2018
GaiaDR3_3345661467822106624,58429,2018-11-07,17.790525,0.026616,1,RRLyrae_contaminant(non-WD),2018
GaiaDR3_3345661467822106624,58430,2018-11-08,17.62807,0.078105,2,RRLyrae_contaminant(non-WD),2018
GaiaDR3_3345661467822106624,58431,2018-11-09,17.731075,0.025826,1,RRLyrae_contaminant(non-WD),2018
GaiaDR3_3345661467822106624,58432,2018-11-10,17.751429,0.026092,1,RRLyrae_contaminant(non-WD),2018
GaiaDR3_3345661467822106624,58434,2018-11-12,17.824104,0.02708,1,RRLyrae_contaminant(non-WD),2018
GaiaDR3_3345661467822106624,58437,2018-11-15,17.803831,0.020955,2,RRLyrae_contaminant(non-WD),2018
GaiaDR3_3345661467822106624,58438,2018-11-16,17.567211,0.023844,1,RRLyrae_contaminant(non-WD),2018
GaiaDR3_3345661467822106624,58439,2018-11-17,17.826748,0.02437,1,RRLyrae_contaminant(non-WD),2018
GaiaDR3_3345661467822106624,58441,2018-11-19,17.57151,0.023892,1,RRLyrae_contaminant(non-WD),2018
GaiaDR3_3345661467822106624,58443,2018-11-21,17.762826,0.02394,2,RRLyrae_contaminant(non-WD),2018
GaiaDR3_3345661467822106624,58457,2018-12-05,17.590736,0.024112,1,RRLyrae_contaminant(non-WD),2018
GaiaDR3_3345661467822106624,58465,2018-12-13,17.784107,0.026529,1,RRLyrae_contaminant(non-WD),2018
GaiaDR3_3345661467822106624,58469,2018-12-17,17.756905,0.026164,1,RRLyrae_contaminant(non-WD),2018
GaiaDR3_3345661467822106624,58472,2018-12-20,17.700642,0.025437,1,RRLyrae_contaminant(non-WD),2018
GaiaDR3_3345661467822106624,58480,2018-12-28,17.642536,0.024721,1,RRLyrae_contaminant(non-WD),2018
GaiaDR3_3345661467822106624,58481,2018-12-29,17.809986,0.015521,3,RRLyrae_contaminant(non-WD),2018
GaiaDR3_3345661467822106624,58487,2019-01-04,17.661718,0.024953,1,RRLyrae_contaminant(non-WD),2019
GaiaDR3_3345661467822106624,58488,2019-01-05,17.794577,0.017898,2,RRLyrae_contaminant(non-WD),2019
GaiaDR3_3345661467822106624,58491,2019-01-08,17.594788,0.024158,1,RRLyrae_contaminant(non-WD),2019
GaiaDR3_3345661467822106624,58493,2019-01-10,17.775909,0.026418,1,RRLyrae_contaminant(non-WD),2019
GaiaDR3_3345661467822106624,58495,2019-01-12,17.792511,0.047891,3,RRLyrae_contaminant(non-WD),2019
GaiaDR3_3345661467822106624,58505,2019-01-22,17.71907,0.042046,2,RRLyrae_contaminant(non-WD),2019
GaiaDR3_3345661467822106624,58507,2019-01-24,17.629971,0.024571,1,RRLyrae_contaminant(non-WD),2019
GaiaDR3_3345661467822106624,58508,2019-01-25,17.811256,0.026901,1,RRLyrae_contaminant(non-WD),2019
GaiaDR3_3345661467822106624,58509,2019-01-26,17.561958,0.023785,1,RRLyrae_contaminant(non-WD),2019
GaiaDR3_3345661467822106624,58510,2019-01-27,17.814878,0.026951,1,RRLyrae_contaminant(non-WD),2019
GaiaDR3_3345661467822106624,58511,2019-01-28,17.648502,0.024793,1,RRLyrae_contaminant(non-WD),2019
GaiaDR3_3345661467822106624,58514,2019-01-31,17.578772,0.023975,1,RRLyrae_contaminant(non-WD),2019
GaiaDR3_3345661467822106624,58522,2019-02-08,17.594742,0.024158,1,RRLyrae_contaminant(non-WD),2019
GaiaDR3_3345661467822106624,58523,2019-02-09,17.747225,0.026037,1,RRLyrae_contaminant(non-WD),2019
GaiaDR3_3345661467822106624,58524,2019-02-10,17.825603,0.027101,1,RRLyrae_contaminant(non-WD),2019
GaiaDR3_3345661467822106624,58534,2019-02-20,17.555073,0.023707,1,RRLyrae_contaminant(non-WD),2019
GaiaDR3_3345661467822106624,58540,2019-02-26,17.824501,0.027086,1,RRLyrae_contaminant(non-WD),2019
GaiaDR3_3345661467822106624,58559,2019-03-17,17.596085,0.024173,1,RRLyrae_contaminant(non-WD),2019
GaiaDR3_3345661467822106624,58560,2019-03-18,17.602112,0.024243,1,RRLyrae_contaminant(non-WD),2019
GaiaDR3_3345661467822106624,58562,2019-03-20,17.619572,0.024447,1,RRLyrae_contaminant(non-WD),2019
GaiaDR3_3345661467822106624,58567,2019-03-25,17.56208,0.023786,1,RRLyrae_contaminant(non-WD),2019
GaiaDR3_3345661467822106624,58568,2019-03-26,17.733448,0.025857,1,RRLyrae_contaminant(non-WD),2019
GaiaDR3_3345661467822106624,58573,2019-03-31,17.726311,0.025765,1,RRLyrae_contaminant(non-WD),2019
GaiaDR3_3345661467822106624,58581,2019-04-08,17.742483,0.025975,1,RRLyrae_contaminant(non-WD),2019
GaiaDR3_3345661467822106624,58586,2019-04-13,17.838036,0.027277,1,RRLyrae_contaminant(non-WD),2019
GaiaDR3_3345661467822106624,58587,2019-04-14,17.684059,0.025229,1,RRLyrae_contaminant(non-WD),2019
GaiaDR3_3345661467822106624,58713,2019-08-18,17.661869,0.024955,1,RRLyrae_contaminant(non-WD),2019
GaiaDR3_3345661467822106624,58716,2019-08-21,17.673572,0.025099,1,RRLyrae_contaminant(non-WD),2019
GaiaDR3_3345661467822106624,58719,2019-08-24,17.616947,0.024417,1,RRLyrae_contaminant(non-WD),2019
GaiaDR3_3345661467822106624,58722,2019-08-27,17.743645,0.02599,1,RRLyrae_contaminant(non-WD),2019
GaiaDR3_3345661467822106624,58725,2019-08-30,17.730118,0.025814,1,RRLyrae_contaminant(non-WD),2019
GaiaDR3_3345661467822106624,58730,2019-09-04,17.749821,0.026071,1,RRLyrae_contaminant(non-WD),2019
GaiaDR3_3345661467822106624,58732,2019-09-06,17.767412,0.026304,1,RRLyrae_contaminant(non-WD),2019
GaiaDR3_3345661467822106624,58735,2019-09-09,17.866345,0.027683,1,RRLyrae_contaminant(non-WD),2019
GaiaDR3_3345661467822106624,58738,2019-09-12,17.671249,0.02507,1,RRLyrae_contaminant(non-WD),2019
GaiaDR3_3345661467822106624,58741,2019-09-15,17.752274,0.026103,1,RRLyrae_contaminant(non-WD),2019
GaiaDR3_3345661467822106624,58744,2019-09-18,17.637787,0.024664,1,RRLyrae_contaminant(non-WD),2019
GaiaDR3_3345661467822106624,58746,2019-09-20,17.847477,0.017429,2,RRLyrae_contaminant(non-WD),2019
GaiaDR3_3345661467822106624,58750,2019-09-24,17.864328,0.027654,1,RRLyrae_contaminant(non-WD),2019
GaiaDR3_3345661467822106624,58756,2019-09-30,17.744022,0.025995,1,RRLyrae_contaminant(non-WD),2019
GaiaDR3_3345661467822106624,58758,2019-10-02,17.813015,0.017104,2,RRLyrae_contaminant(non-WD),2019
GaiaDR3_3345661467822106624,58759,2019-10-03,17.582563,0.024018,1,RRLyrae_contaminant(non-WD),2019
GaiaDR3_3345661467822106624,58760,2019-10-04,17.583816,0.01518,2,RRLyrae_contaminant(non-WD),2019
GaiaDR3_3345661467822106624,58763,2019-10-07,17.815716,0.026963,1,RRLyrae_contaminant(non-WD),2019
GaiaDR3_3345661467822106624,58766,2019-10-10,17.756329,0.026157,1,RRLyrae_contaminant(non-WD),2019
GaiaDR3_3345661467822106624,58767,2019-10-11,17.754114,0.016574,2,RRLyrae_contaminant(non-WD),2019
GaiaDR3_3345661467822106624,58768,2019-10-12,17.832169,0.024442,1,RRLyrae_contaminant(non-WD),2019
GaiaDR3_3345661467822106624,58777,2019-10-21,17.69672,0.014911,3,RRLyrae_contaminant(non-WD),2019
GaiaDR3_3345661467822106624,58779,2019-10-23,17.781835,0.016819,2,RRLyrae_contaminant(non-WD),2019
GaiaDR3_3345661467822106624,58784,2019-10-28,17.848286,0.034895,3,RRLyrae_contaminant(non-WD),2019
GaiaDR3_3345661467822106624,58785,2019-10-29,17.589109,0.021525,1,RRLyrae_contaminant(non-WD),2019
GaiaDR3_3345661467822106624,58786,2019-10-30,17.807478,0.024116,1,RRLyrae_contaminant(non-WD),2019
GaiaDR3_3345661467822106624,58787,2019-10-31,17.58947,0.01278,3,RRLyrae_contaminant(non-WD),2019
GaiaDR3_3345661467822106624,58788,2019-11-01,17.8286,0.017252,2,RRLyrae_contaminant(non-WD),2019
GaiaDR3_3345661467822106624,58790,2019-11-03,17.71747,0.025651,1,RRLyrae_contaminant(non-WD),2019
GaiaDR3_3345661467822106624,58793,2019-11-06,17.596161,0.024174,1,RRLyrae_contaminant(non-WD),2019
GaiaDR3_3345661467822106624,58796,2019-11-09,17.680237,0.025181,1,RRLyrae_contaminant(non-WD),2019
GaiaDR3_3345661467822106624,58799,2019-11-12,17.735558,0.025884,1,RRLyrae_contaminant(non-WD),2019
GaiaDR3_3345661467822106624,58804,2019-11-17,17.615787,0.024403,1,RRLyrae_contaminant(non-WD),2019
GaiaDR3_3345661467822106624,58811,2019-11-24,17.835922,0.027247,1,RRLyrae_contaminant(non-WD),2019
GaiaDR3_3345661467822106624,58833,2019-12-16,17.812723,0.026921,1,RRLyrae_contaminant(non-WD),2019
GaiaDR3_3345661467822106624,58846,2019-12-29,17.574139,0.023922,1,RRLyrae_contaminant(non-WD),2019
GaiaDR3_3345661467822106624,58853,2020-01-05,17.648373,0.024791,1,RRLyrae_contaminant(non-WD),2020
GaiaDR3_3345661467822106624,58856,2020-01-08,17.785755,0.026551,1,RRLyrae_contaminant(non-WD),2020
GaiaDR3_3345661467822106624,58860,2020-01-12,17.612724,0.024367,1,RRLyrae_contaminant(non-WD),2020
GaiaDR3_3345661467822106624,58867,2020-01-19,17.780968,0.026486,1,RRLyrae_contaminant(non-WD),2020
GaiaDR3_3345661467822106624,58871,2020-01-23,17.559876,0.023761,1,RRLyrae_contaminant(non-WD),2020
GaiaDR3_3345661467822106624,58876,2020-01-28,17.623913,0.012761,3,RRLyrae_contaminant(non-WD),2020
GaiaDR3_3345661467822106624,58877,2020-01-29,17.826759,0.027117,1,RRLyrae_contaminant(non-WD),2020
GaiaDR3_3345661467822106624,58878,2020-01-30,17.66251,0.020421,3,RRLyrae_contaminant(non-WD),2020
GaiaDR3_3345661467822106624,58880,2020-02-01,17.830952,0.027176,1,RRLyrae_contaminant(non-WD),2020
GaiaDR3_3345661467822106624,58881,2020-02-02,17.618218,0.015445,2,RRLyrae_contaminant(non-WD),2020
GaiaDR3_3345661467822106624,58886,2020-02-07,17.61943,0.024446,1,RRLyrae_contaminant(non-WD),2020
GaiaDR3_3345661467822106624,58890,2020-02-11,17.743639,0.02599,1,RRLyrae_contaminant(non-WD),2020
GaiaDR3_3345661467822106624,58893,2020-02-14,17.749267,0.012362,4,RRLyrae_contaminant(non-WD),2020
GaiaDR3_3345661467822106624,58895,2020-02-16,17.769169,0.013721,3,RRLyrae_contaminant(non-WD),2020
GaiaDR3_3345661467822106624,58896,2020-02-17,17.590094,0.024104,1,RRLyrae_contaminant(non-WD),2020
GaiaDR3_3345661467822106624,58898,2020-02-19,17.763651,0.026254,1,RRLyrae_contaminant(non-WD),2020
GaiaDR3_3345661467822106624,58899,2020-02-20,17.665008,0.024994,1,RRLyrae_contaminant(non-WD),2020
GaiaDR3_3345661467822106624,58903,2020-02-24,17.568127,0.016867,2,RRLyrae_contaminant(non-WD),2020
GaiaDR3_3345661467822106624,58906,2020-02-27,17.536215,0.016616,2,RRLyrae_contaminant(non-WD),2020
GaiaDR3_3345661467822106624,58909,2020-03-01,17.640705,0.024699,1,RRLyrae_contaminant(non-WD),2020
GaiaDR3_3345661467822106624,58917,2020-03-09,17.610226,0.024338,1,RRLyrae_contaminant(non-WD),2020
GaiaDR3_3345661467822106624,58941,2020-04-02,17.630138,0.024573,1,RRLyrae_contaminant(non-WD),2020
GaiaDR3_3345661467822106624,59092,2020-08-31,17.805225,0.026818,1,RRLyrae_contaminant(non-WD),2020
GaiaDR3_3345661467822106624,59095,2020-09-03,17.749889,0.026072,1,RRLyrae_contaminant(non-WD),2020
GaiaDR3_3345661467822106624,59115,2020-09-23,17.835102,0.027235,1,RRLyrae_contaminant(non-WD),2020
GaiaDR3_3345661467822106624,59116,2020-09-24,17.734161,0.025866,1,RRLyrae_contaminant(non-WD),2020
GaiaDR3_3345661467822106624,59117,2020-09-25,17.698118,0.025405,1,RRLyrae_contaminant(non-WD),2020
GaiaDR3_3345661467822106624,59118,2020-09-26,17.790636,0.026618,1,RRLyrae_contaminant(non-WD),2020
GaiaDR3_3345661467822106624,59119,2020-09-27,17.600462,0.024224,1,RRLyrae_contaminant(non-WD),2020
GaiaDR3_3345661467822106624,59120,2020-09-28,17.826273,0.027111,1,RRLyrae_contaminant(non-WD),2020
GaiaDR3_3345661467822106624,59121,2020-09-29,17.651084,0.045159,2,RRLyrae_contaminant(non-WD),2020
GaiaDR3_3345661467822106624,59123,2020-10-01,17.564732,0.023816,1,RRLyrae_contaminant(non-WD),2020
GaiaDR3_3345661467822106624,59125,2020-10-03,17.764564,0.026266,1,RRLyrae_contaminant(non-WD),2020
GaiaDR3_3345661467822106624,59129,2020-10-07,17.663792,0.024979,1,RRLyrae_contaminant(non-WD),2020
GaiaDR3_3345661467822106624,59135,2020-10-13,17.774731,0.026402,1,RRLyrae_contaminant(non-WD),2020
GaiaDR3_3345661467822106624,59137,2020-10-15,17.695469,0.025372,1,RRLyrae_contaminant(non-WD),2020
GaiaDR3_3345661467822106624,59139,2020-10-17,17.693359,0.025345,1,RRLyrae_contaminant(non-WD),2020
GaiaDR3_3345661467822106624,59141,2020-10-19,17.665674,0.025002,1,RRLyrae_contaminant(non-WD),2020
GaiaDR3_3345661467822106624,59143,2020-10-21,17.627325,0.024539,1,RRLyrae_contaminant(non-WD),2020
GaiaDR3_3345661467822106624,59145,2020-10-23,17.785458,0.026547,1,RRLyrae_contaminant(non-WD),2020
GaiaDR3_3345661467822106624,59151,2020-10-29,17.807402,0.026848,1,RRLyrae_contaminant(non-WD),2020
GaiaDR3_3345661467822106624,59153,2020-10-31,17.753157,0.026115,1,RRLyrae_contaminant(non-WD),2020
GaiaDR3_3345661467822106624,59165,2020-11-12,17.795601,0.026685,1,RRLyrae_contaminant(non-WD),2020
GaiaDR3_3345661467822106624,59167,2020-11-14,17.730963,0.025825,1,RRLyrae_contaminant(non-WD),2020
GaiaDR3_3345661467822106624,59169,2020-11-16,17.676094,0.02513,1,RRLyrae_contaminant(non-WD),2020
GaiaDR3_3345661467822106624,59171,2020-11-18,17.63073,0.02458,1,RRLyrae_contaminant(non-WD),2020
GaiaDR3_3345661467822106624,59176,2020-11-23,17.591072,0.024116,1,RRLyrae_contaminant(non-WD),2020
GaiaDR3_3345661467822106624,59178,2020-11-25,17.840103,0.027306,1,RRLyrae_contaminant(non-WD),2020
GaiaDR3_3345661467822106624,59180,2020-11-27,17.632919,0.024606,1,RRLyrae_contaminant(non-WD),2020
GaiaDR3_3345661467822106624,59182,2020-11-29,17.767155,0.026301,1,RRLyrae_contaminant(non-WD),2020
GaiaDR3_3345661467822106624,59187,2020-12-04,17.780201,0.026476,1,RRLyrae_contaminant(non-WD),2020
GaiaDR3_3345661467822106624,59192,2020-12-09,17.829937,0.027162,1,RRLyrae_contaminant(non-WD),2020
GaiaDR3_3345661467822106624,59194,2020-12-11,17.659485,0.024926,1,RRLyrae_contaminant(non-WD),2020
GaiaDR3_3345661467822106624,59196,2020-12-13,17.559641,0.023759,1,RRLyrae_contaminant(non-WD),2020
GaiaDR3_3345661467822106624,59198,2020-12-15,17.747044,0.026034,1,RRLyrae_contaminant(non-WD),2020
GaiaDR3_3345661467822106624,59200,2020-12-17,17.805752,0.026825,1,RRLyrae_contaminant(non-WD),2020
GaiaDR3_3345661467822106624,59202,2020-12-19,17.700451,0.025434,1,RRLyrae_contaminant(non-WD),2020
GaiaDR3_3345661467822106624,59203,2020-12-20,17.772616,0.018649,2,RRLyrae_contaminant(non-WD),2020
GaiaDR3_3345661467822106624,59204,2020-12-21,17.584724,0.024043,1,RRLyrae_contaminant(non-WD),2020
GaiaDR3_3345661467822106624,59205,2020-12-22,17.757315,0.018505,2,RRLyrae_contaminant(non-WD),2020
GaiaDR3_3345661467822106624,59210,2020-12-27,17.564751,0.023816,1,RRLyrae_contaminant(non-WD),2020
GaiaDR3_3345661467822106624,59215,2021-01-01,17.555224,0.016765,2,RRLyrae_contaminant(non-WD),2021
GaiaDR3_3345661467822106624,59216,2021-01-02,17.628769,0.024556,1,RRLyrae_contaminant(non-WD),2021
GaiaDR3_3345661467822106624,59218,2021-01-04,17.551992,0.023673,1,RRLyrae_contaminant(non-WD),2021
GaiaDR3_3345661467822106624,59220,2021-01-06,17.810829,0.026895,1,RRLyrae_contaminant(non-WD),2021
GaiaDR3_3345661467822106624,59221,2021-01-07,17.649404,0.017539,2,RRLyrae_contaminant(non-WD),2021
GaiaDR3_3345661467822106624,59222,2021-01-08,17.81086,0.026896,1,RRLyrae_contaminant(non-WD),2021
GaiaDR3_3345661467822106624,59223,2021-01-09,17.816155,0.01907,2,RRLyrae_contaminant(non-WD),2021
GaiaDR3_3345661467822106624,59224,2021-01-10,17.557278,0.023732,1,RRLyrae_contaminant(non-WD),2021
GaiaDR3_3345661467822106624,59225,2021-01-11,17.679785,0.017804,2,RRLyrae_contaminant(non-WD),2021
GaiaDR3_3345661467822106624,59226,2021-01-12,17.599253,0.02421,1,RRLyrae_contaminant(non-WD),2021
GaiaDR3_3345661467822106624,59227,2021-01-13,17.792999,0.018844,2,RRLyrae_contaminant(non-WD),2021
GaiaDR3_3345661467822106624,59228,2021-01-14,17.657957,0.024907,1,RRLyrae_contaminant(non-WD),2021
GaiaDR3_3345661467822106624,59229,2021-01-15,17.759026,0.018521,2,RRLyrae_contaminant(non-WD),2021
GaiaDR3_3345661467822106624,59230,2021-01-16,17.787144,0.02657,1,RRLyrae_contaminant(non-WD),2021
GaiaDR3_3345661467822106624,59231,2021-01-17,17.624967,0.017332,2,RRLyrae_contaminant(non-WD),2021
GaiaDR3_3345661467822106624,59232,2021-01-18,17.758553,0.026186,1,RRLyrae_contaminant(non-WD),2021
GaiaDR3_3345661467822106624,59233,2021-01-19,17.816005,0.019069,2,RRLyrae_contaminant(non-WD),2021
GaiaDR3_3345661467822106624,59249,2021-02-04,17.809418,0.026876,1,RRLyrae_contaminant(non-WD),2021
GaiaDR3_3345661467822106624,59251,2021-02-06,17.828432,0.027141,1,RRLyrae_contaminant(non-WD),2021
GaiaDR3_3345661467822106624,59253,2021-02-08,17.5592,0.023754,1,RRLyrae_contaminant(non-WD),2021
GaiaDR3_3345661467822106624,59255,2021-02-10,17.699203,0.025419,1,RRLyrae_contaminant(non-WD),2021
GaiaDR3_3345661467822106624,59257,2021-02-12,17.825851,0.027105,1,RRLyrae_contaminant(non-WD),2021
GaiaDR3_3345661467822106624,59260,2021-02-15,17.692543,0.025335,1,RRLyrae_contaminant(non-WD),2021
GaiaDR3_3345661467822106624,59263,2021-02-18,17.835575,0.027242,1,RRLyrae_contaminant(non-WD),2021
GaiaDR3_3345661467822106624,59265,2021-02-20,17.661701,0.024953,1,RRLyrae_contaminant(non-WD),2021
GaiaDR3_3345661467822106624,59269,2021-02-24,17.751627,0.026095,1,RRLyrae_contaminant(non-WD),2021
GaiaDR3_3345661467822106624,59271,2021-02-26,17.530994,0.023441,1,RRLyrae_contaminant(non-WD),2021
GaiaDR3_3345661467822106624,59273,2021-02-28,17.587913,0.024079,1,RRLyrae_contaminant(non-WD),2021
GaiaDR3_3345661467822106624,59278,2021-03-05,17.724808,0.025745,1,RRLyrae_contaminant(non-WD),2021
GaiaDR3_3345661467822106624,59296,2021-03-23,17.627491,0.024541,1,RRLyrae_contaminant(non-WD),2021
GaiaDR3_3345661467822106624,59301,2021-03-28,17.670916,0.025066,1,RRLyrae_contaminant(non-WD),2021
GaiaDR3_3345661467822106624,59303,2021-03-30,17.845455,0.027382,1,RRLyrae_contaminant(non-WD),2021
GaiaDR3_3345661467822106624,59306,2021-04-02,17.554356,0.023699,1,RRLyrae_contaminant(non-WD),2021
GaiaDR3_3345661467822106624,59308,2021-04-04,17.735222,0.02588,1,RRLyrae_contaminant(non-WD),2021
GaiaDR3_3345661467822106624,59310,2021-04-06,17.806786,0.026839,1,RRLyrae_contaminant(non-WD),2021
GaiaDR3_3345661467822106624,59312,2021-04-08,17.625296,0.024515,1,RRLyrae_contaminant(non-WD),2021
GaiaDR3_3345661467822106624,59314,2021-04-10,17.52351,0.02336,1,RRLyrae_contaminant(non-WD),2021
GaiaDR3_3345661467822106624,59316,2021-04-12,17.724512,0.025741,1,RRLyrae_contaminant(non-WD),2021
GaiaDR3_3345661467822106624,59319,2021-04-15,17.526728,0.023395,1,RRLyrae_contaminant(non-WD),2021
GaiaDR3_3345661467822106624,59460,2021-09-03,17.599888,0.024217,1,RRLyrae_contaminant(non-WD),2021
GaiaDR3_3345661467822106624,59463,2021-09-06,17.685604,0.025248,1,RRLyrae_contaminant(non-WD),2021
GaiaDR3_3345661467822106624,59466,2021-09-09,17.820114,0.027024,1,RRLyrae_contaminant(non-WD),2021
GaiaDR3_3345661467822106624,59469,2021-09-12,17.80825,0.026859,1,RRLyrae_contaminant(non-WD),2021
GaiaDR3_3345661467822106624,59472,2021-09-15,17.678467,0.025159,1,RRLyrae_contaminant(non-WD),2021
GaiaDR3_3345661467822106624,59475,2021-09-18,17.624266,0.024503,1,RRLyrae_contaminant(non-WD),2021
GaiaDR3_3345661467822106624,59477,2021-09-20,17.80353,0.026794,1,RRLyrae_contaminant(non-WD),2021
GaiaDR3_3345661467822106624,59479,2021-09-22,17.779396,0.026465,1,RRLyrae_contaminant(non-WD),2021
GaiaDR3_3345661467822106624,59484,2021-09-27,17.718956,0.02567,1,RRLyrae_contaminant(non-WD),2021
GaiaDR3_3345661467822106624,59487,2021-09-30,17.723671,0.02573,1,RRLyrae_contaminant(non-WD),2021
GaiaDR3_3345661467822106624,59489,2021-10-02,17.679182,0.025168,1,RRLyrae_contaminant(non-WD),2021
GaiaDR3_3345661467822106624,59496,2021-10-09,17.574234,0.023923,1,RRLyrae_contaminant(non-WD),2021
GaiaDR3_3345661467822106624,59500,2021-10-13,17.673538,0.025099,1,RRLyrae_contaminant(non-WD),2021
GaiaDR3_3345661467822106624,59503,2021-10-16,17.62562,0.024519,1,RRLyrae_contaminant(non-WD),2021
GaiaDR3_3345661467822106624,59509,2021-10-22,17.804602,0.026809,1,RRLyrae_contaminant(non-WD),2021
GaiaDR3_3345661467822106624,59517,2021-10-30,17.836159,0.02725,1,RRLyrae_contaminant(non-WD),2021
GaiaDR3_3345661467822106624,59521,2021-11-03,17.825575,0.027101,1,RRLyrae_contaminant(non-WD),2021
GaiaDR3_3345661467822106624,59523,2021-11-05,17.640657,0.024698,1,RRLyrae_contaminant(non-WD),2021
GaiaDR3_3345661467822106624,59525,2021-11-07,17.857029,0.027548,1,RRLyrae_contaminant(non-WD),2021
GaiaDR3_3345661467822106624,59530,2021-11-12,17.696068,0.025379,1,RRLyrae_contaminant(non-WD),2021
GaiaDR3_3345661467822106624,59532,2021-11-14,17.821621,0.027045,1,RRLyrae_contaminant(non-WD),2021
GaiaDR3_3345661467822106624,59537,2021-11-19,17.830761,0.027174,1,RRLyrae_contaminant(non-WD),2021
GaiaDR3_3345661467822106624,59550,2021-12-02,17.597233,0.024187,1,RRLyrae_contaminant(non-WD),2021
GaiaDR3_3345661467822106624,59624,2022-02-14,17.793924,0.026662,1,RRLyrae_contaminant(non-WD),2022
GaiaDR3_3345661467822106624,59627,2022-02-17,17.743679,0.02599,1,RRLyrae_contaminant(non-WD),2022
GaiaDR3_3345661467822106624,59629,2022-02-19,17.780884,0.026485,1,RRLyrae_contaminant(non-WD),2022
GaiaDR3_3345661467822106624,59640,2022-03-02,17.579201,0.02398,1,RRLyrae_contaminant(non-WD),2022
GaiaDR3_3345661467822106624,59674,2022-04-05,17.759735,0.026202,1,RRLyrae_contaminant(non-WD),2022
GaiaDR3_3345661467822106624,59678,2022-04-09,17.55748,0.023734,1,RRLyrae_contaminant(non-WD),2022
GaiaDR3_3345661467822106624,59682,2022-04-13,17.784353,0.026532,1,RRLyrae_contaminant(non-WD),2022
GaiaDR3_3345661467822106624,59685,2022-04-16,17.75153,0.026093,1,RRLyrae_contaminant(non-WD),2022
GaiaDR3_3345661467822106624,59687,2022-04-18,17.800505,0.026753,1,RRLyrae_contaminant(non-WD),2022
GaiaDR3_3345661467822106624,59823,2022-09-01,17.766947,0.026298,1,RRLyrae_contaminant(non-WD),2022
GaiaDR3_3345661467822106624,59827,2022-09-05,17.580071,0.023989,1,RRLyrae_contaminant(non-WD),2022
GaiaDR3_3345661467822106624,59842,2022-09-20,17.544373,0.023589,1,RRLyrae_contaminant(non-WD),2022
GaiaDR3_3345661467822106624,59844,2022-09-22,17.794823,0.026675,1,RRLyrae_contaminant(non-WD),2022
GaiaDR3_3345661467822106624,59849,2022-09-27,17.780317,0.026478,1,RRLyrae_contaminant(non-WD),2022
GaiaDR3_3345661467822106624,59851,2022-09-29,17.733755,0.025861,1,RRLyrae_contaminant(non-WD),2022
GaiaDR3_3345661467822106624,59855,2022-10-03,17.644539,0.024745,1,RRLyrae_contaminant(non-WD),2022
GaiaDR3_3345661467822106624,59862,2022-10-10,17.591061,0.024115,1,RRLyrae_contaminant(non-WD),2022
GaiaDR3_3345661467822106624,59864,2022-10-12,17.801962,0.026773,1,RRLyrae_contaminant(non-WD),2022
GaiaDR3_3345661467822106624,59866,2022-10-14,17.717455,0.025651,1,RRLyrae_contaminant(non-WD),2022
GaiaDR3_3345661467822106624,59876,2022-10-24,17.496384,0.023068,1,RRLyrae_contaminant(non-WD),2022
GaiaDR3_3345661467822106624,59878,2022-10-26,17.646824,0.024773,1,RRLyrae_contaminant(non-WD),2022
GaiaDR3_3345661467822106624,59879,2022-10-27,17.84202,0.024574,1,RRLyrae_contaminant(non-WD),2022
GaiaDR3_3345661467822106624,59880,2022-10-28,17.608225,0.024314,1,RRLyrae_contaminant(non-WD),2022
GaiaDR3_3345661467822106624,59881,2022-10-29,17.769047,0.023623,1,RRLyrae_contaminant(non-WD),2022
GaiaDR3_3345661467822106624,59887,2022-11-04,17.563477,0.023802,1,RRLyrae_contaminant(non-WD),2022
GaiaDR3_3345661467822106624,59889,2022-11-06,17.863432,0.027641,1,RRLyrae_contaminant(non-WD),2022
GaiaDR3_3345661467822106624,59896,2022-11-13,17.820335,0.027027,1,RRLyrae_contaminant(non-WD),2022
GaiaDR3_3345661467822106624,59900,2022-11-17,17.831139,0.018254,2,RRLyrae_contaminant(non-WD),2022
GaiaDR3_3345661467822106624,59901,2022-11-18,17.701952,0.022801,1,RRLyrae_contaminant(non-WD),2022
GaiaDR3_3345661467822106624,59902,2022-11-19,17.773809,0.02639,1,RRLyrae_contaminant(non-WD),2022
GaiaDR3_3345661467822106624,59904,2022-11-21,17.762083,0.026233,1,RRLyrae_contaminant(non-WD),2022
GaiaDR3_3345661467822106624,59906,2022-11-23,17.858084,0.027563,1,RRLyrae_contaminant(non-WD),2022
GaiaDR3_3345661467822106624,59908,2022-11-25,17.660377,0.022316,1,RRLyrae_contaminant(non-WD),2022
GaiaDR3_3345661467822106624,59909,2022-11-26,17.788309,0.017835,2,RRLyrae_contaminant(non-WD),2022
GaiaDR3_3345661467822106624,59910,2022-11-27,17.77211,0.023662,1,RRLyrae_contaminant(non-WD),2022
GaiaDR3_3345661467822106624,59913,2022-11-30,17.806786,0.026839,1,RRLyrae_contaminant(non-WD),2022
GaiaDR3_3345661467822106624,59932,2022-12-19,17.630201,0.024573,1,RRLyrae_contaminant(non-WD),2022
GaiaDR3_3345661467822106624,59934,2022-12-21,17.7934,0.026655,1,RRLyrae_contaminant(non-WD),2022
GaiaDR3_3345661467822106624,59935,2022-12-22,17.725368,0.023082,1,RRLyrae_contaminant(non-WD),2022
GaiaDR3_3345661467822106624,59936,2022-12-23,17.82267,0.02706,1,RRLyrae_contaminant(non-WD),2022
GaiaDR3_3345661467822106624,59940,2022-12-27,17.685425,0.025246,1,RRLyrae_contaminant(non-WD),2022
GaiaDR3_3345661467822106624,59967,2023-01-23,17.577066,0.023955,1,RRLyrae_contaminant(non-WD),2023
GaiaDR3_3345661467822106624,60013,2023-03-10,17.558674,0.023748,1,RRLyrae_contaminant(non-WD),2023
GaiaDR3_3345661467822106624,60030,2023-03-27,17.587061,0.024069,1,RRLyrae_contaminant(non-WD),2023
GaiaDR3_3345661467822106624,60036,2023-04-02,17.790432,0.026615,1,RRLyrae_contaminant(non-WD),2023
GaiaDR3_3345661467822106624,60049,2023-04-15,17.827028,0.027121,1,RRLyrae_contaminant(non-WD),2023
GaiaDR3_3345661467822106624,60051,2023-04-17,17.63615,0.024644,1,RRLyrae_contaminant(non-WD),2023
GaiaDR3_3345661467822106624,60191,2023-09-04,17.590786,0.024112,1,RRLyrae_contaminant(non-WD),2023
GaiaDR3_3345661467822106624,60196,2023-09-09,17.732555,0.025845,1,RRLyrae_contaminant(non-WD),2023
GaiaDR3_3345661467822106624,60200,2023-09-13,17.831085,0.027178,1,RRLyrae_contaminant(non-WD),2023
GaiaDR3_3345661467822106624,60203,2023-09-16,17.630337,0.024575,1,RRLyrae_contaminant(non-WD),2023
GaiaDR3_3345661467822106624,60206,2023-09-19,17.832897,0.027204,1,RRLyrae_contaminant(non-WD),2023
GaiaDR3_3345661467822106624,60212,2023-09-25,17.739672,0.025938,1,RRLyrae_contaminant(non-WD),2023
GaiaDR3_3345661467822106624,60216,2023-09-29,17.641844,0.022105,1,RRLyrae_contaminant(non-WD),2023
GaiaDR3_3345661467822106624,60220,2023-10-03,17.762569,0.023541,1,RRLyrae_contaminant(non-WD),2023
GaiaDR3_3345661467822106624,60221,2023-10-04,17.462193,0.02271,1,RRLyrae_contaminant(non-WD),2023
GaiaDR3_3345661467822106624,60224,2023-10-07,17.595306,0.024164,1,RRLyrae_contaminant(non-WD),2023
GaiaDR3_3345661467822106624,60232,2023-10-15,17.55093,0.023661,1,RRLyrae_contaminant(non-WD),2023
GaiaDR3_3345661467822106624,60234,2023-10-17,17.728367,0.025791,1,RRLyrae_contaminant(non-WD),2023
GaiaDR3_3345661467822106624,60236,2023-10-19,17.729858,0.02581,1,RRLyrae_contaminant(non-WD),2023
GaiaDR3_3345661467822106624,60238,2023-10-21,17.815041,0.026954,1,RRLyrae_contaminant(non-WD),2023
GaiaDR3_3345661467822106624,60241,2023-10-24,17.858475,0.027569,1,RRLyrae_contaminant(non-WD),2023
GaiaDR3_3345661467822106624,60244,2023-10-27,17.558888,0.02375,1,RRLyrae_contaminant(non-WD),2023
GaiaDR3_3345661467822106624,60245,2023-10-28,17.875341,0.02503,1,RRLyrae_contaminant(non-WD),2023
GaiaDR3_3345661467822106624,60246,2023-10-29,17.849579,0.067473,2,RRLyrae_contaminant(non-WD),2023
GaiaDR3_3345661467822106624,60248,2023-10-31,17.783905,0.023812,1,RRLyrae_contaminant(non-WD),2023
GaiaDR3_3345661467822106624,60251,2023-11-03,17.611092,0.024348,1,RRLyrae_contaminant(non-WD),2023
GaiaDR3_3345661467822106624,60253,2023-11-05,17.77548,0.026412,1,RRLyrae_contaminant(non-WD),2023
GaiaDR3_3345661467822106624,60254,2023-11-06,17.600372,0.021646,1,RRLyrae_contaminant(non-WD),2023
GaiaDR3_3345661467822106624,60257,2023-11-09,17.690739,0.025312,1,RRLyrae_contaminant(non-WD),2023
GaiaDR3_3345661467822106624,60258,2023-11-10,17.817486,0.024248,1,RRLyrae_contaminant(non-WD),2023
GaiaDR3_3345661467822106624,60259,2023-11-11,17.766846,0.026297,1,RRLyrae_contaminant(non-WD),2023
GaiaDR3_3345661467822106624,60261,2023-11-13,17.791634,0.026631,1,RRLyrae_contaminant(non-WD),2023
GaiaDR3_3345661467822106624,60290,2023-12-12,17.697117,0.025392,1,RRLyrae_contaminant(non-WD),2023
GaiaDR3_3345661467822106624,60295,2023-12-17,17.632889,0.024605,1,RRLyrae_contaminant(non-WD),2023
GaiaDR3_3345661467822106624,60314,2024-01-05,17.578606,0.023973,1,RRLyrae_contaminant(non-WD),2024
GaiaDR3_3345661467822106624,60323,2024-01-14,17.739658,0.025938,1,RRLyrae_contaminant(non-WD),2024
GaiaDR3_3345661467822106624,60324,2024-01-15,17.653822,0.022241,1,RRLyrae_contaminant(non-WD),2024
GaiaDR3_3345661467822106624,60325,2024-01-16,17.793781,0.026661,1,RRLyrae_contaminant(non-WD),2024
GaiaDR3_3345661467822106624,60327,2024-01-18,17.736192,0.018262,2,RRLyrae_contaminant(non-WD),2024
GaiaDR3_3345661467822106624,60335,2024-01-26,17.663403,0.02235,1,RRLyrae_contaminant(non-WD),2024
GaiaDR3_3345661467822106624,60336,2024-01-27,17.596996,0.024184,1,RRLyrae_contaminant(non-WD),2024
GaiaDR3_3345661467822106624,60340,2024-01-31,17.813294,0.026929,1,RRLyrae_contaminant(non-WD),2024
GaiaDR3_3345661467822106624,60352,2024-02-12,17.804842,0.026812,1,RRLyrae_contaminant(non-WD),2024
GaiaDR3_3345661467822106624,60354,2024-02-14,17.59161,0.024122,1,RRLyrae_contaminant(non-WD),2024
GaiaDR3_3345661467822106624,60357,2024-02-17,17.538818,0.023527,1,RRLyrae_contaminant(non-WD),2024
GaiaDR3_3345661467822106624,60374,2024-03-05,17.601349,0.024234,1,RRLyrae_contaminant(non-WD),2024
GaiaDR3_3345661467822106624,60390,2024-03-21,17.844769,0.027372,1,RRLyrae_contaminant(non-WD),2024
GaiaDR3_3345661467822106624,60392,2024-03-23,17.626995,0.024535,1,RRLyrae_contaminant(non-WD),2024
GaiaDR3_3345661467822106624,60397,2024-03-28,17.636978,0.024654,1,RRLyrae_contaminant(non-WD),2024
GaiaDR3_3345661467822106624,60403,2024-04-03,17.856293,0.027538,1,RRLyrae_contaminant(non-WD),2024
GaiaDR3_3345661467822106624,60554,2024-09-01,17.584076,0.024035,1,RRLyrae_contaminant(non-WD),2024
GaiaDR3_3345661467822106624,60557,2024-09-04,17.835844,0.027246,1,RRLyrae_contaminant(non-WD),2024
GaiaDR3_3345661467822106624,60564,2024-09-11,17.635609,0.024638,1,RRLyrae_contaminant(non-WD),2024
GaiaDR3_3345661467822106624,60571,2024-09-18,17.54365,0.023581,1,RRLyrae_contaminant(non-WD),2024
GaiaDR3_3345661467822106624,60591,2024-10-08,17.606653,0.024296,1,RRLyrae_contaminant(non-WD),2024
GaiaDR3_3345661467822106624,60593,2024-10-10,17.775946,0.026419,1,RRLyrae_contaminant(non-WD),2024
GaiaDR3_3345661467822106624,60595,2024-10-12,17.820887,0.027035,1,RRLyrae_contaminant(non-WD),2024
GaiaDR3_3345661467822106624,60597,2024-10-14,17.74341,0.025987,1,RRLyrae_contaminant(non-WD),2024
GaiaDR3_3345661467822106624,60599,2024-10-16,17.555824,0.023716,1,RRLyrae_contaminant(non-WD),2024
GaiaDR3_3345661467822106624,60602,2024-10-19,17.813576,0.026933,1,RRLyrae_contaminant(non-WD),2024
GaiaDR3_3345661467822106624,60606,2024-10-23,17.568167,0.023854,1,RRLyrae_contaminant(non-WD),2024
GaiaDR3_3345661467822106624,60608,2024-10-25,17.845184,0.027378,1,RRLyrae_contaminant(non-WD),2024
GaiaDR3_3345661467822106624,60614,2024-10-31,17.694572,0.02536,1,RRLyrae_contaminant(non-WD),2024
GaiaDR3_3345661467822106624,60618,2024-11-04,17.639866,0.024689,1,RRLyrae_contaminant(non-WD),2024
GaiaDR3_3345661467822106624,60625,2024-11-11,17.828869,0.027147,1,RRLyrae_contaminant(non-WD),2024
GaiaDR3_3345661467822106624,60628,2024-11-14,17.725727,0.025757,1,RRLyrae_contaminant(non-WD),2024
GaiaDR3_3345661467822106624,60635,2024-11-21,17.761131,0.026221,1,RRLyrae_contaminant(non-WD),2024
GaiaDR3_3345661467822106624,60637,2024-11-23,17.758516,0.026186,1,RRLyrae_contaminant(non-WD),2024
GaiaDR3_3345661467822106624,60640,2024-11-26,17.713581,0.025601,1,RRLyrae_contaminant(non-WD),2024
GaiaDR3_3345661467822106624,60644,2024-11-30,17.605957,0.024288,1,RRLyrae_contaminant(non-WD),2024
GaiaDR3_3345661467822106624,60646,2024-12-02,17.78232,0.026505,1,RRLyrae_contaminant(non-WD),2024
GaiaDR3_3345661467822106624,60648,2024-12-04,17.738892,0.025928,1,RRLyrae_contaminant(non-WD),2024
GaiaDR3_3345661467822106624,60650,2024-12-06,17.801495,0.026766,1,RRLyrae_contaminant(non-WD),2024
GaiaDR3_3345661467822106624,60652,2024-12-08,17.804218,0.026804,1,RRLyrae_contaminant(non-WD),2024
GaiaDR3_3345661467822106624,60661,2024-12-17,17.967749,0.029221,1,RRLyrae_contaminant(non-WD),2024
GaiaDR3_3345661467822106624,60664,2024-12-20,17.526583,0.023393,1,RRLyrae_contaminant(non-WD),2024
GaiaDR3_3345661467822106624,60666,2024-12-22,17.784462,0.026534,1,RRLyrae_contaminant(non-WD),2024
GaiaDR3_3345661467822106624,60672,2024-12-28,17.570194,0.023877,1,RRLyrae_contaminant(non-WD),2024
GaiaDR3_3345661467822106624,60681,2025-01-06,17.78722,0.026571,1,RRLyrae_contaminant(non-WD),2025
GaiaDR3_3345661467822106624,60683,2025-01-08,17.537476,0.023512,1,RRLyrae_contaminant(non-WD),2025
GaiaDR3_3345661467822106624,60692,2025-01-17,17.716932,0.025644,1,RRLyrae_contaminant(non-WD),2025
GaiaDR3_3345661467822106624,60694,2025-01-19,17.66914,0.025044,1,RRLyrae_contaminant(non-WD),2025
GaiaDR3_3345661467822106624,60699,2025-01-24,17.62019,0.024455,1,RRLyrae_contaminant(non-WD),2025
GaiaDR3_3345661467822106624,60706,2025-01-31,17.729717,0.025809,1,RRLyrae_contaminant(non-WD),2025
GaiaDR3_3345661467822106624,60717,2025-02-11,17.785633,0.02655,1,RRLyrae_contaminant(non-WD),2025
GaiaDR3_3345661467822106624,60728,2025-02-22,17.834763,0.02723,1,RRLyrae_contaminant(non-WD),2025
GaiaDR3_3345661467822106624,60730,2025-02-24,17.795692,0.026687,1,RRLyrae_contaminant(non-WD),2025
GaiaDR3_3345661467822106624,60732,2025-02-26,17.868912,0.02772,1,RRLyrae_contaminant(non-WD),2025
GaiaDR3_3345661467822106624,60743,2025-03-09,17.762295,0.026236,1,RRLyrae_contaminant(non-WD),2025
GaiaDR3_3345661467822106624,60756,2025-03-22,17.633762,0.024616,1,RRLyrae_contaminant(non-WD),2025
GaiaDR3_3345661467822106624,60758,2025-03-24,17.840296,0.027309,1,RRLyrae_contaminant(non-WD),2025
GaiaDR3_3345661467822106624,60771,2025-04-06,17.55592,0.023717,1,RRLyrae_contaminant(non-WD),2025
GaiaDR3_3345661467822106624,60773,2025-04-08,17.774246,0.026396,1,RRLyrae_contaminant(non-WD),2025
GaiaDR3_3345661467822106624,60775,2025-04-10,17.801905,0.026772,1,RRLyrae_contaminant(non-WD),2025
GaiaDR3_3345661467822106624,60781,2025-04-16,17.59823,0.024198,1,RRLyrae_contaminant(non-WD),2025
GaiaDR3_3345661467822106624,60923,2025-09-05,17.551014,0.023662,1,RRLyrae_contaminant(non-WD),2025
GaiaDR3_3345661467822106624,60929,2025-09-11,17.719967,0.025683,1,RRLyrae_contaminant(non-WD),2025
GaiaDR3_3345661467822106624,60934,2025-09-16,17.813621,0.026934,1,RRLyrae_contaminant(non-WD),2025
GaiaDR3_3345661467822106624,60938,2025-09-20,17.578964,0.023977,1,RRLyrae_contaminant(non-WD),2025
GaiaDR3_3345661467822106624,60941,2025-09-23,17.618382,0.024433,1,RRLyrae_contaminant(non-WD),2025
GaiaDR3_3345661467822106624,60943,2025-09-25,17.58242,0.024016,1,RRLyrae_contaminant(non-WD),2025
GaiaDR3_3345661467822106624,60949,2025-10-01,17.863205,0.027637,1,RRLyrae_contaminant(non-WD),2025
GaiaDR3_3345661467822106624,60951,2025-10-03,17.581812,0.024009,1,RRLyrae_contaminant(non-WD),2025
GaiaDR3_3345661467822106624,60954,2025-10-06,17.677761,0.025151,1,RRLyrae_contaminant(non-WD),2025
GaiaDR3_3345661467822106624,60956,2025-10-08,17.753313,0.026117,1,RRLyrae_contaminant(non-WD),2025
GaiaDR3_3345661467822106624,60959,2025-10-11,17.823244,0.027068,1,RRLyrae_contaminant(non-WD),2025
GaiaDR3_3345661467822106624,60961,2025-10-13,17.556442,0.023723,1,RRLyrae_contaminant(non-WD),2025
GaiaDR3_3345661467822106624,60966,2025-10-18,17.825266,0.027096,1,RRLyrae_contaminant(non-WD),2025
GaiaDR3_3345661467822106624,60968,2025-10-20,17.647253,0.024778,1,RRLyrae_contaminant(non-WD),2025
GaiaDR3_3446909137068558464,58204,2018-03-27,15.511836,0.009664,2,ZZ Ceti,2018
GaiaDR3_3446909137068558464,58205,2018-03-28,15.474697,0.013602,1,ZZ Ceti,2018
GaiaDR3_3446909137068558464,58206,2018-03-29,15.512355,0.015234,3,ZZ Ceti,2018
GaiaDR3_3446909137068558464,58207,2018-03-30,15.5254,0.015822,3,ZZ Ceti,2018
GaiaDR3_3446909137068558464,58234,2018-04-26,15.490415,0.01363,1,ZZ Ceti,2018
GaiaDR3_3446909137068558464,58236,2018-04-28,15.509304,0.013662,1,ZZ Ceti,2018
GaiaDR3_3446909137068558464,58336,2018-08-06,15.547833,0.013731,1,ZZ Ceti,2018
GaiaDR3_3446909137068558464,58340,2018-08-10,15.543498,0.013723,1,ZZ Ceti,2018
GaiaDR3_3446909137068558464,58342,2018-08-12,15.525886,0.013692,1,ZZ Ceti,2018
GaiaDR3_3446909137068558464,58343,2018-08-13,15.534881,0.013708,1,ZZ Ceti,2018
GaiaDR3_3446909137068558464,58344,2018-08-14,15.549846,0.013735,1,ZZ Ceti,2018
GaiaDR3_3446909137068558464,58345,2018-08-15,15.616241,0.013857,1,ZZ Ceti,2018
GaiaDR3_3446909137068558464,58346,2018-08-16,15.565735,0.013763,1,ZZ Ceti,2018
GaiaDR3_3446909137068558464,58348,2018-08-18,15.522233,0.013685,1,ZZ Ceti,2018
GaiaDR3_3446909137068558464,58349,2018-08-19,15.508838,0.013662,1,ZZ Ceti,2018
GaiaDR3_3446909137068558464,58350,2018-08-20,15.521997,0.013685,1,ZZ Ceti,2018
GaiaDR3_3446909137068558464,58351,2018-08-21,15.557594,0.013749,1,ZZ Ceti,2018
GaiaDR3_3446909137068558464,58352,2018-08-22,15.557297,0.013748,1,ZZ Ceti,2018
GaiaDR3_3446909137068558464,58361,2018-08-31,15.513024,0.013669,1,ZZ Ceti,2018
GaiaDR3_3446909137068558464,58366,2018-09-05,15.548824,0.013733,1,ZZ Ceti,2018
GaiaDR3_3446909137068558464,58367,2018-09-06,15.535859,0.013709,1,ZZ Ceti,2018
GaiaDR3_3446909137068558464,58368,2018-09-07,15.524863,0.01369,1,ZZ Ceti,2018
GaiaDR3_3446909137068558464,58369,2018-09-08,15.511268,0.013666,1,ZZ Ceti,2018
GaiaDR3_3446909137068558464,58370,2018-09-09,15.567657,0.013767,1,ZZ Ceti,2018
GaiaDR3_3446909137068558464,58371,2018-09-10,15.496884,0.008714,2,ZZ Ceti,2018
GaiaDR3_3446909137068558464,58372,2018-09-11,15.508069,0.01366,1,ZZ Ceti,2018
GaiaDR3_3446909137068558464,58373,2018-09-12,15.52747,0.013695,1,ZZ Ceti,2018
GaiaDR3_3446909137068558464,58374,2018-09-13,15.531486,0.013702,1,ZZ Ceti,2018
GaiaDR3_3446909137068558464,58375,2018-09-14,15.485326,0.013621,1,ZZ Ceti,2018
GaiaDR3_3446909137068558464,58377,2018-09-16,15.560042,0.013753,1,ZZ Ceti,2018
GaiaDR3_3446909137068558464,58378,2018-09-17,15.503599,0.013652,1,ZZ Ceti,2018
GaiaDR3_3446909137068558464,58379,2018-09-18,15.541868,0.008769,2,ZZ Ceti,2018
GaiaDR3_3446909137068558464,58380,2018-09-19,15.527762,0.013695,1,ZZ Ceti,2018
GaiaDR3_3446909137068558464,58382,2018-09-21,15.527008,0.013694,1,ZZ Ceti,2018
GaiaDR3_3446909137068558464,58383,2018-09-22,15.54331,0.013723,1,ZZ Ceti,2018
GaiaDR3_3446909137068558464,58384,2018-09-23,15.514594,0.013672,1,ZZ Ceti,2018
GaiaDR3_3446909137068558464,58385,2018-09-24,15.546274,0.013927,2,ZZ Ceti,2018
GaiaDR3_3446909137068558464,58386,2018-09-25,15.554811,0.013744,1,ZZ Ceti,2018
GaiaDR3_3446909137068558464,58388,2018-09-27,15.538719,0.008765,2,ZZ Ceti,2018
GaiaDR3_3446909137068558464,58389,2018-09-28,15.544397,0.013725,1,ZZ Ceti,2018
GaiaDR3_3446909137068558464,58390,2018-09-29,15.514948,0.011037,1,ZZ Ceti,2018
GaiaDR3_3446909137068558464,58397,2018-10-06,15.537087,0.013712,1,ZZ Ceti,2018
GaiaDR3_3446909137068558464,58422,2018-10-31,15.503641,0.009337,2,ZZ Ceti,2018
GaiaDR3_3446909137068558464,58423,2018-11-01,15.527491,0.008751,2,ZZ Ceti,2018
GaiaDR3_3446909137068558464,58424,2018-11-02,15.531726,0.013702,1,ZZ Ceti,2018
GaiaDR3_3446909137068558464,58425,2018-11-03,15.509633,0.013663,1,ZZ Ceti,2018
GaiaDR3_3446909137068558464,58426,2018-11-04,15.528778,0.008753,2,ZZ Ceti,2018
GaiaDR3_3446909137068558464,58427,2018-11-05,15.529025,0.027319,2,ZZ Ceti,2018
GaiaDR3_3446909137068558464,58428,2018-11-06,15.522255,0.013685,1,ZZ Ceti,2018
GaiaDR3_3446909137068558464,58429,2018-11-07,15.541985,0.01372,1,ZZ Ceti,2018
GaiaDR3_3446909137068558464,58430,2018-11-08,15.557113,0.011107,1,ZZ Ceti,2018
GaiaDR3_3446909137068558464,58431,2018-11-09,15.549545,0.013734,1,ZZ Ceti,2018
GaiaDR3_3446909137068558464,58432,2018-11-10,15.544785,0.013725,1,ZZ Ceti,2018
GaiaDR3_3446909137068558464,58434,2018-11-12,15.531375,0.013701,1,ZZ Ceti,2018
GaiaDR3_3446909137068558464,58435,2018-11-13,15.521385,0.013684,1,ZZ Ceti,2018
GaiaDR3_3446909137068558464,58437,2018-11-15,15.557076,0.008787,2,ZZ Ceti,2018
GaiaDR3_3446909137068558464,58438,2018-11-16,15.520525,0.011046,1,ZZ Ceti,2018
GaiaDR3_3446909137068558464,58439,2018-11-17,15.52074,0.011046,1,ZZ Ceti,2018
GaiaDR3_3446909137068558464,58440,2018-11-18,15.510635,0.013665,1,ZZ Ceti,2018
GaiaDR3_3446909137068558464,58441,2018-11-19,15.490947,0.01363,1,ZZ Ceti,2018
GaiaDR3_3446909137068558464,58443,2018-11-21,15.523255,0.012848,2,ZZ Ceti,2018
GaiaDR3_3446909137068558464,58450,2018-11-28,15.523524,0.013688,1,ZZ Ceti,2018
GaiaDR3_3446909137068558464,58457,2018-12-05,15.529878,0.013699,1,ZZ Ceti,2018
GaiaDR3_3446909137068558464,58464,2018-12-12,15.540057,0.013717,1,ZZ Ceti,2018
GaiaDR3_3446909137068558464,58465,2018-12-13,15.534141,0.013706,1,ZZ Ceti,2018
GaiaDR3_3446909137068558464,58466,2018-12-14,15.522758,0.013686,1,ZZ Ceti,2018
GaiaDR3_3446909137068558464,58469,2018-12-17,15.539398,0.013716,1,ZZ Ceti,2018
GaiaDR3_3446909137068558464,58472,2018-12-20,15.562758,0.013758,1,ZZ Ceti,2018
GaiaDR3_3446909137068558464,58475,2018-12-23,15.518374,0.013678,1,ZZ Ceti,2018
GaiaDR3_3446909137068558464,58483,2018-12-31,15.548525,0.011092,1,ZZ Ceti,2018
GaiaDR3_3446909137068558464,58487,2019-01-04,15.539752,0.012638,2,ZZ Ceti,2019
GaiaDR3_3446909137068558464,58488,2019-01-05,15.535481,0.011984,2,ZZ Ceti,2019
GaiaDR3_3446909137068558464,58491,2019-01-08,15.531917,0.013702,1,ZZ Ceti,2019
GaiaDR3_3446909137068558464,58493,2019-01-10,15.557647,0.013749,1,ZZ Ceti,2019
GaiaDR3_3446909137068558464,58495,2019-01-12,15.550686,0.013736,1,ZZ Ceti,2019
GaiaDR3_3446909137068558464,58503,2019-01-20,15.558676,0.013751,1,ZZ Ceti,2019
GaiaDR3_3446909137068558464,58505,2019-01-22,15.561904,0.013756,1,ZZ Ceti,2019
GaiaDR3_3446909137068558464,58507,2019-01-24,15.49981,0.013646,1,ZZ Ceti,2019
GaiaDR3_3446909137068558464,58509,2019-01-26,15.507459,0.013659,1,ZZ Ceti,2019
GaiaDR3_3446909137068558464,58510,2019-01-27,15.522827,0.013686,1,ZZ Ceti,2019
GaiaDR3_3446909137068558464,58511,2019-01-28,15.494195,0.013636,1,ZZ Ceti,2019
GaiaDR3_3446909137068558464,58514,2019-01-31,15.486407,0.013623,1,ZZ Ceti,2019
GaiaDR3_3446909137068558464,58522,2019-02-08,15.560263,0.013753,1,ZZ Ceti,2019
GaiaDR3_3446909137068558464,58523,2019-02-09,15.521706,0.013684,1,ZZ Ceti,2019
GaiaDR3_3446909137068558464,58524,2019-02-10,15.552063,0.013739,1,ZZ Ceti,2019
GaiaDR3_3446909137068558464,58534,2019-02-20,15.512393,0.013668,1,ZZ Ceti,2019
GaiaDR3_3446909137068558464,58540,2019-02-26,15.513531,0.01367,1,ZZ Ceti,2019
GaiaDR3_3446909137068558464,58542,2019-02-28,15.5326,0.013704,1,ZZ Ceti,2019
GaiaDR3_3446909137068558464,58547,2019-03-05,15.512279,0.013668,1,ZZ Ceti,2019
GaiaDR3_3446909137068558464,58561,2019-03-19,15.499871,0.013646,1,ZZ Ceti,2019
GaiaDR3_3446909137068558464,58562,2019-03-20,15.56682,0.013765,1,ZZ Ceti,2019
GaiaDR3_3446909137068558464,58567,2019-03-25,15.525939,0.013692,1,ZZ Ceti,2019
GaiaDR3_3446909137068558464,58568,2019-03-26,15.512654,0.013668,1,ZZ Ceti,2019
GaiaDR3_3446909137068558464,58573,2019-03-31,15.527011,0.013694,1,ZZ Ceti,2019
GaiaDR3_3446909137068558464,58582,2019-04-09,15.505498,0.013656,1,ZZ Ceti,2019
GaiaDR3_3446909137068558464,58585,2019-04-12,15.546618,0.013729,1,ZZ Ceti,2019
GaiaDR3_3446909137068558464,58586,2019-04-13,15.556427,0.013746,1,ZZ Ceti,2019
GaiaDR3_3446909137068558464,58587,2019-04-14,15.532481,0.013703,1,ZZ Ceti,2019
GaiaDR3_3446909137068558464,58694,2019-07-30,15.517262,0.013676,1,ZZ Ceti,2019
GaiaDR3_3446909137068558464,58698,2019-08-03,15.541367,0.013719,1,ZZ Ceti,2019
GaiaDR3_3446909137068558464,58701,2019-08-06,15.487941,0.013625,1,ZZ Ceti,2019
GaiaDR3_3446909137068558464,58705,2019-08-10,15.507326,0.013659,1,ZZ Ceti,2019
GaiaDR3_3446909137068558464,58708,2019-08-13,15.493367,0.013635,1,ZZ Ceti,2019
GaiaDR3_3446909137068558464,58712,2019-08-17,15.531018,0.013701,1,ZZ Ceti,2019
GaiaDR3_3446909137068558464,58718,2019-08-23,15.542641,0.013722,1,ZZ Ceti,2019
GaiaDR3_3446909137068558464,58724,2019-08-29,15.505093,0.013655,1,ZZ Ceti,2019
GaiaDR3_3446909137068558464,58727,2019-09-01,15.491664,0.013632,1,ZZ Ceti,2019
GaiaDR3_3446909137068558464,58730,2019-09-04,15.518881,0.00874,2,ZZ Ceti,2019
GaiaDR3_3446909137068558464,58732,2019-09-06,15.518697,0.013679,1,ZZ Ceti,2019
GaiaDR3_3446909137068558464,58734,2019-09-08,15.56149,0.011114,1,ZZ Ceti,2019
GaiaDR3_3446909137068558464,58735,2019-09-09,15.515492,0.013673,1,ZZ Ceti,2019
GaiaDR3_3446909137068558464,58737,2019-09-11,15.562133,0.00786,2,ZZ Ceti,2019
GaiaDR3_3446909137068558464,58738,2019-09-12,15.52567,0.013691,1,ZZ Ceti,2019
GaiaDR3_3446909137068558464,58741,2019-09-15,15.513802,0.01367,1,ZZ Ceti,2019
GaiaDR3_3446909137068558464,58744,2019-09-18,15.526757,0.013693,1,ZZ Ceti,2019
GaiaDR3_3446909137068558464,58749,2019-09-23,15.539162,0.006404,3,ZZ Ceti,2019
GaiaDR3_3446909137068558464,58751,2019-09-25,15.55774,0.007854,2,ZZ Ceti,2019
GaiaDR3_3446909137068558464,58756,2019-09-30,15.517452,0.013677,1,ZZ Ceti,2019
GaiaDR3_3446909137068558464,58758,2019-10-02,15.502143,0.007789,2,ZZ Ceti,2019
GaiaDR3_3446909137068558464,58759,2019-10-03,15.516814,0.013676,1,ZZ Ceti,2019
GaiaDR3_3446909137068558464,58760,2019-10-04,15.514018,0.009461,2,ZZ Ceti,2019
GaiaDR3_3446909137068558464,58763,2019-10-07,15.533028,0.013704,1,ZZ Ceti,2019
GaiaDR3_3446909137068558464,58766,2019-10-10,15.545926,0.00975,3,ZZ Ceti,2019
GaiaDR3_3446909137068558464,58767,2019-10-11,15.554939,0.008524,2,ZZ Ceti,2019
GaiaDR3_3446909137068558464,58768,2019-10-12,15.5465,0.021948,2,ZZ Ceti,2019
GaiaDR3_3446909137068558464,58772,2019-10-16,15.551758,0.013738,1,ZZ Ceti,2019
GaiaDR3_3446909137068558464,58776,2019-10-20,15.564114,0.01376,1,ZZ Ceti,2019
GaiaDR3_3446909137068558464,58777,2019-10-21,15.526989,0.018387,2,ZZ Ceti,2019
GaiaDR3_3446909137068558464,58779,2019-10-23,15.518937,0.008569,2,ZZ Ceti,2019
GaiaDR3_3446909137068558464,58786,2019-10-30,15.527006,0.007818,2,ZZ Ceti,2019
GaiaDR3_3446909137068558464,58788,2019-11-01,15.530598,0.009674,2,ZZ Ceti,2019
GaiaDR3_3446909137068558464,58790,2019-11-03,15.505033,0.013655,1,ZZ Ceti,2019
GaiaDR3_3446909137068558464,58791,2019-11-04,15.519713,0.009674,2,ZZ Ceti,2019
GaiaDR3_3446909137068558464,58794,2019-11-07,15.546626,0.009708,2,ZZ Ceti,2019
GaiaDR3_3446909137068558464,58795,2019-11-08,15.516329,0.013675,1,ZZ Ceti,2019
GaiaDR3_3446909137068558464,58796,2019-11-09,15.544072,0.013724,1,ZZ Ceti,2019
GaiaDR3_3446909137068558464,58797,2019-11-10,15.540513,0.009137,5,ZZ Ceti,2019
GaiaDR3_3446909137068558464,58799,2019-11-12,15.541976,0.01372,1,ZZ Ceti,2019
GaiaDR3_3446909137068558464,58800,2019-11-13,15.535939,0.01371,1,ZZ Ceti,2019
GaiaDR3_3446909137068558464,58803,2019-11-16,15.550073,0.013735,1,ZZ Ceti,2019
GaiaDR3_3446909137068558464,58804,2019-11-17,15.491811,0.013632,1,ZZ Ceti,2019
GaiaDR3_3446909137068558464,58805,2019-11-18,15.511402,0.013666,1,ZZ Ceti,2019
GaiaDR3_3446909137068558464,58806,2019-11-19,15.511211,0.010748,5,ZZ Ceti,2019
GaiaDR3_3446909137068558464,58811,2019-11-24,15.516427,0.013675,1,ZZ Ceti,2019
GaiaDR3_3446909137068558464,58812,2019-11-25,15.491275,0.013631,1,ZZ Ceti,2019
GaiaDR3_3446909137068558464,58819,2019-12-02,15.504409,0.012012,2,ZZ Ceti,2019
GaiaDR3_3446909137068558464,58831,2019-12-14,15.530216,0.007239,5,ZZ Ceti,2019
GaiaDR3_3446909137068558464,58833,2019-12-16,15.472803,0.013599,1,ZZ Ceti,2019
GaiaDR3_3446909137068558464,58834,2019-12-17,15.547543,0.01373,1,ZZ Ceti,2019
GaiaDR3_3446909137068558464,58836,2019-12-19,15.531463,0.013702,1,ZZ Ceti,2019
GaiaDR3_3446909137068558464,58846,2019-12-29,15.481652,0.013614,1,ZZ Ceti,2019
GaiaDR3_3446909137068558464,58849,2020-01-01,15.496641,0.01364,1,ZZ Ceti,2020
GaiaDR3_3446909137068558464,58855,2020-01-07,15.501123,0.013648,1,ZZ Ceti,2020
GaiaDR3_3446909137068558464,58860,2020-01-12,15.548326,0.013732,1,ZZ Ceti,2020
GaiaDR3_3446909137068558464,58863,2020-01-15,15.50691,0.013658,1,ZZ Ceti,2020
GaiaDR3_3446909137068558464,58864,2020-01-16,15.515842,0.013674,1,ZZ Ceti,2020
GaiaDR3_3446909137068558464,58867,2020-01-19,15.543555,0.009704,2,ZZ Ceti,2020
GaiaDR3_3446909137068558464,58871,2020-01-23,15.521776,0.013684,1,ZZ Ceti,2020
GaiaDR3_3446909137068558464,58872,2020-01-24,15.497802,0.013642,1,ZZ Ceti,2020
GaiaDR3_3446909137068558464,58873,2020-01-25,15.547228,0.01373,1,ZZ Ceti,2020
GaiaDR3_3446909137068558464,58874,2020-01-26,15.523188,0.013687,1,ZZ Ceti,2020
GaiaDR3_3446909137068558464,58876,2020-01-28,15.525783,0.013692,1,ZZ Ceti,2020
GaiaDR3_3446909137068558464,58877,2020-01-29,15.50997,0.013664,1,ZZ Ceti,2020
GaiaDR3_3446909137068558464,58878,2020-01-30,15.568915,0.013769,1,ZZ Ceti,2020
GaiaDR3_3446909137068558464,58880,2020-02-01,15.521556,0.013684,1,ZZ Ceti,2020
GaiaDR3_3446909137068558464,58886,2020-02-07,15.517176,0.009671,2,ZZ Ceti,2020
GaiaDR3_3446909137068558464,58887,2020-02-08,15.542262,0.013721,1,ZZ Ceti,2020
GaiaDR3_3446909137068558464,58890,2020-02-11,15.556734,0.013747,1,ZZ Ceti,2020
GaiaDR3_3446909137068558464,58893,2020-02-14,15.54744,0.01373,1,ZZ Ceti,2020
GaiaDR3_3446909137068558464,58896,2020-02-17,15.515926,0.013674,1,ZZ Ceti,2020
GaiaDR3_3446909137068558464,58899,2020-02-20,15.529664,0.009686,2,ZZ Ceti,2020
GaiaDR3_3446909137068558464,58903,2020-02-24,15.490078,0.013629,1,ZZ Ceti,2020
GaiaDR3_3446909137068558464,58906,2020-02-27,15.509502,0.013663,1,ZZ Ceti,2020
GaiaDR3_3446909137068558464,58909,2020-03-01,15.526168,0.013692,1,ZZ Ceti,2020
GaiaDR3_3446909137068558464,58913,2020-03-05,15.50668,0.013658,1,ZZ Ceti,2020
GaiaDR3_3446909137068558464,58917,2020-03-09,15.556632,0.013747,1,ZZ Ceti,2020
GaiaDR3_3446909137068558464,58941,2020-04-02,15.503723,0.013653,1,ZZ Ceti,2020
GaiaDR3_3446909137068558464,59064,2020-08-03,15.573882,0.013778,1,ZZ Ceti,2020
GaiaDR3_3446909137068558464,59081,2020-08-20,15.56201,0.013757,1,ZZ Ceti,2020
GaiaDR3_3446909137068558464,59084,2020-08-23,15.535127,0.013708,1,ZZ Ceti,2020
GaiaDR3_3446909137068558464,59088,2020-08-27,15.53392,0.013706,1,ZZ Ceti,2020
GaiaDR3_3446909137068558464,59092,2020-08-31,15.522153,0.013685,1,ZZ Ceti,2020
GaiaDR3_3446909137068558464,59093,2020-09-01,15.540167,0.013717,1,ZZ Ceti,2020
GaiaDR3_3446909137068558464,59096,2020-09-04,15.569736,0.013771,1,ZZ Ceti,2020
GaiaDR3_3446909137068558464,59097,2020-09-05,15.539956,0.013717,1,ZZ Ceti,2020
GaiaDR3_3446909137068558464,59099,2020-09-07,15.54959,0.013734,1,ZZ Ceti,2020
GaiaDR3_3446909137068558464,59107,2020-09-15,15.534071,0.013706,1,ZZ Ceti,2020
GaiaDR3_3446909137068558464,59108,2020-09-16,15.536994,0.010557,2,ZZ Ceti,2020
GaiaDR3_3446909137068558464,59110,2020-09-18,15.538083,0.013713,1,ZZ Ceti,2020
GaiaDR3_3446909137068558464,59111,2020-09-19,15.528889,0.013697,1,ZZ Ceti,2020
GaiaDR3_3446909137068558464,59112,2020-09-20,15.501577,0.013649,1,ZZ Ceti,2020
GaiaDR3_3446909137068558464,59113,2020-09-21,15.549085,0.013733,1,ZZ Ceti,2020
GaiaDR3_3446909137068558464,59114,2020-09-22,15.531868,0.013702,1,ZZ Ceti,2020
GaiaDR3_3446909137068558464,59120,2020-09-28,15.562403,0.028588,2,ZZ Ceti,2020
GaiaDR3_3446909137068558464,59121,2020-09-29,15.563254,0.013759,1,ZZ Ceti,2020
GaiaDR3_3446909137068558464,59122,2020-09-30,15.554309,0.013743,1,ZZ Ceti,2020
GaiaDR3_3446909137068558464,59123,2020-10-01,15.529088,0.013697,1,ZZ Ceti,2020
GaiaDR3_3446909137068558464,59125,2020-10-03,15.54997,0.013735,1,ZZ Ceti,2020
GaiaDR3_3446909137068558464,59131,2020-10-09,15.519196,0.01368,1,ZZ Ceti,2020
GaiaDR3_3446909137068558464,59134,2020-10-12,15.531399,0.013702,1,ZZ Ceti,2020
GaiaDR3_3446909137068558464,59136,2020-10-14,15.546602,0.013729,1,ZZ Ceti,2020
GaiaDR3_3446909137068558464,59139,2020-10-17,15.492839,0.013634,1,ZZ Ceti,2020
GaiaDR3_3446909137068558464,59141,2020-10-19,15.518503,0.013679,1,ZZ Ceti,2020
GaiaDR3_3446909137068558464,59143,2020-10-21,15.522296,0.013685,1,ZZ Ceti,2020
GaiaDR3_3446909137068558464,59145,2020-10-23,15.514241,0.013671,1,ZZ Ceti,2020
GaiaDR3_3446909137068558464,59149,2020-10-27,15.546585,0.013729,1,ZZ Ceti,2020
GaiaDR3_3446909137068558464,59151,2020-10-29,15.502833,0.013651,1,ZZ Ceti,2020
GaiaDR3_3446909137068558464,59153,2020-10-31,15.511013,0.013665,1,ZZ Ceti,2020
GaiaDR3_3446909137068558464,59155,2020-11-02,15.527194,0.013694,1,ZZ Ceti,2020
GaiaDR3_3446909137068558464,59164,2020-11-11,15.514251,0.013671,1,ZZ Ceti,2020
GaiaDR3_3446909137068558464,59166,2020-11-13,15.545154,0.013726,1,ZZ Ceti,2020
GaiaDR3_3446909137068558464,59168,2020-11-15,15.511545,0.013666,1,ZZ Ceti,2020
GaiaDR3_3446909137068558464,59170,2020-11-17,15.559651,0.013752,1,ZZ Ceti,2020
GaiaDR3_3446909137068558464,59172,2020-11-19,15.526291,0.013692,1,ZZ Ceti,2020
GaiaDR3_3446909137068558464,59177,2020-11-24,15.538564,0.013714,1,ZZ Ceti,2020
GaiaDR3_3446909137068558464,59179,2020-11-26,15.486237,0.013622,1,ZZ Ceti,2020
GaiaDR3_3446909137068558464,59181,2020-11-28,15.532098,0.013703,1,ZZ Ceti,2020
GaiaDR3_3446909137068558464,59188,2020-12-05,15.540452,0.013718,1,ZZ Ceti,2020
GaiaDR3_3446909137068558464,59193,2020-12-10,15.52515,0.01369,1,ZZ Ceti,2020
GaiaDR3_3446909137068558464,59198,2020-12-15,15.541933,0.01372,1,ZZ Ceti,2020
GaiaDR3_3446909137068558464,59200,2020-12-17,15.540608,0.013718,1,ZZ Ceti,2020
GaiaDR3_3446909137068558464,59203,2020-12-20,15.535882,0.01371,1,ZZ Ceti,2020
GaiaDR3_3446909137068558464,59205,2020-12-22,15.555949,0.013746,1,ZZ Ceti,2020
GaiaDR3_3446909137068558464,59215,2021-01-01,15.529979,0.013699,1,ZZ Ceti,2021
GaiaDR3_3446909137068558464,59219,2021-01-05,15.525004,0.01369,1,ZZ Ceti,2021
GaiaDR3_3446909137068558464,59221,2021-01-07,15.533052,0.013704,1,ZZ Ceti,2021
GaiaDR3_3446909137068558464,59223,2021-01-09,15.549132,0.013733,1,ZZ Ceti,2021
GaiaDR3_3446909137068558464,59225,2021-01-11,15.482797,0.013616,1,ZZ Ceti,2021
GaiaDR3_3446909137068558464,59227,2021-01-13,15.501942,0.01365,1,ZZ Ceti,2021
GaiaDR3_3446909137068558464,59229,2021-01-15,15.551025,0.013737,1,ZZ Ceti,2021
GaiaDR3_3446909137068558464,59231,2021-01-17,15.501759,0.013649,1,ZZ Ceti,2021
GaiaDR3_3446909137068558464,59233,2021-01-19,15.539367,0.013716,1,ZZ Ceti,2021
GaiaDR3_3446909137068558464,59251,2021-02-06,15.52477,0.01369,1,ZZ Ceti,2021
GaiaDR3_3446909137068558464,59253,2021-02-08,15.494423,0.013636,1,ZZ Ceti,2021
GaiaDR3_3446909137068558464,59255,2021-02-10,15.521882,0.013685,1,ZZ Ceti,2021
GaiaDR3_3446909137068558464,59257,2021-02-12,15.520229,0.013682,1,ZZ Ceti,2021
GaiaDR3_3446909137068558464,59260,2021-02-15,15.548241,0.013732,1,ZZ Ceti,2021
GaiaDR3_3446909137068558464,59263,2021-02-18,15.528072,0.013696,1,ZZ Ceti,2021
GaiaDR3_3446909137068558464,59268,2021-02-23,15.521319,0.013684,1,ZZ Ceti,2021
GaiaDR3_3446909137068558464,59270,2021-02-25,15.529845,0.013699,1,ZZ Ceti,2021
GaiaDR3_3446909137068558464,59272,2021-02-27,15.522013,0.013685,1,ZZ Ceti,2021
GaiaDR3_3446909137068558464,59276,2021-03-03,15.50166,0.013649,1,ZZ Ceti,2021
GaiaDR3_3446909137068558464,59280,2021-03-07,15.516459,0.023809,2,ZZ Ceti,2021
GaiaDR3_3446909137068558464,59290,2021-03-17,15.532954,0.013704,1,ZZ Ceti,2021
GaiaDR3_3446909137068558464,59292,2021-03-19,15.495097,0.013638,1,ZZ Ceti,2021
GaiaDR3_3446909137068558464,59301,2021-03-28,15.520475,0.013682,1,ZZ Ceti,2021
GaiaDR3_3446909137068558464,59303,2021-03-30,15.536381,0.01371,1,ZZ Ceti,2021
GaiaDR3_3446909137068558464,59306,2021-04-02,15.561568,0.013756,1,ZZ Ceti,2021
GaiaDR3_3446909137068558464,59308,2021-04-04,15.498061,0.013643,1,ZZ Ceti,2021
GaiaDR3_3446909137068558464,59310,2021-04-06,15.521541,0.013684,1,ZZ Ceti,2021
GaiaDR3_3446909137068558464,59313,2021-04-09,15.511776,0.013667,1,ZZ Ceti,2021
GaiaDR3_3446909137068558464,59317,2021-04-13,15.499692,0.013646,1,ZZ Ceti,2021
GaiaDR3_3446909137068558464,59446,2021-08-20,15.494962,0.013637,1,ZZ Ceti,2021
GaiaDR3_3446909137068558464,59449,2021-08-23,15.548626,0.013732,1,ZZ Ceti,2021
GaiaDR3_3446909137068558464,59454,2021-08-28,15.52623,0.013692,1,ZZ Ceti,2021
GaiaDR3_3446909137068558464,59459,2021-09-02,15.5064,0.013657,1,ZZ Ceti,2021
GaiaDR3_3446909137068558464,59461,2021-09-04,15.525862,0.013692,1,ZZ Ceti,2021
GaiaDR3_3446909137068558464,59463,2021-09-06,15.528315,0.013696,1,ZZ Ceti,2021
GaiaDR3_3446909137068558464,59465,2021-09-08,15.508287,0.013661,1,ZZ Ceti,2021
GaiaDR3_3446909137068558464,59466,2021-09-09,15.511804,0.013667,1,ZZ Ceti,2021
GaiaDR3_3446909137068558464,59467,2021-09-10,15.522074,0.013685,1,ZZ Ceti,2021
GaiaDR3_3446909137068558464,59468,2021-09-11,15.552181,0.013739,1,ZZ Ceti,2021
GaiaDR3_3446909137068558464,59469,2021-09-12,15.526948,0.013694,1,ZZ Ceti,2021
GaiaDR3_3446909137068558464,59470,2021-09-13,15.540793,0.013718,1,ZZ Ceti,2021
GaiaDR3_3446909137068558464,59471,2021-09-14,15.515827,0.013674,1,ZZ Ceti,2021
GaiaDR3_3446909137068558464,59472,2021-09-15,15.542656,0.013722,1,ZZ Ceti,2021
GaiaDR3_3446909137068558464,59473,2021-09-16,15.514054,0.013671,1,ZZ Ceti,2021
GaiaDR3_3446909137068558464,59474,2021-09-17,15.545091,0.013726,1,ZZ Ceti,2021
GaiaDR3_3446909137068558464,59475,2021-09-18,15.543825,0.013724,1,ZZ Ceti,2021
GaiaDR3_3446909137068558464,59476,2021-09-19,15.552348,0.013739,1,ZZ Ceti,2021
GaiaDR3_3446909137068558464,59477,2021-09-20,15.543078,0.013722,1,ZZ Ceti,2021
GaiaDR3_3446909137068558464,59478,2021-09-21,15.542979,0.013722,1,ZZ Ceti,2021
GaiaDR3_3446909137068558464,59479,2021-09-22,15.553277,0.013741,1,ZZ Ceti,2021
GaiaDR3_3446909137068558464,59480,2021-09-23,15.558595,0.01375,1,ZZ Ceti,2021
GaiaDR3_3446909137068558464,59487,2021-09-30,15.516402,0.013675,1,ZZ Ceti,2021
GaiaDR3_3446909137068558464,59489,2021-10-02,15.527316,0.013694,1,ZZ Ceti,2021
GaiaDR3_3446909137068558464,59496,2021-10-09,15.519336,0.01368,1,ZZ Ceti,2021
GaiaDR3_3446909137068558464,59502,2021-10-15,15.513877,0.01367,1,ZZ Ceti,2021
GaiaDR3_3446909137068558464,59504,2021-10-17,15.540973,0.013719,1,ZZ Ceti,2021
GaiaDR3_3446909137068558464,59517,2021-10-30,15.548658,0.013732,1,ZZ Ceti,2021
GaiaDR3_3446909137068558464,59521,2021-11-03,15.533233,0.013705,1,ZZ Ceti,2021
GaiaDR3_3446909137068558464,59523,2021-11-05,15.511402,0.013666,1,ZZ Ceti,2021
GaiaDR3_3446909137068558464,59525,2021-11-07,15.513263,0.013669,1,ZZ Ceti,2021
GaiaDR3_3446909137068558464,59530,2021-11-12,15.518381,0.013678,1,ZZ Ceti,2021
GaiaDR3_3446909137068558464,59532,2021-11-14,15.534737,0.013707,1,ZZ Ceti,2021
GaiaDR3_3446909137068558464,59537,2021-11-19,15.546789,0.013729,1,ZZ Ceti,2021
GaiaDR3_3446909137068558464,59542,2021-11-24,15.539588,0.013716,1,ZZ Ceti,2021
GaiaDR3_3446909137068558464,59623,2022-02-13,15.562752,0.013758,1,ZZ Ceti,2022
GaiaDR3_3446909137068558464,59625,2022-02-15,15.518006,0.013678,1,ZZ Ceti,2022
GaiaDR3_3446909137068558464,59628,2022-02-18,15.54166,0.01372,1,ZZ Ceti,2022
GaiaDR3_3446909137068558464,59630,2022-02-20,15.510206,0.013664,1,ZZ Ceti,2022
GaiaDR3_3446909137068558464,59636,2022-02-26,15.524678,0.01369,1,ZZ Ceti,2022
GaiaDR3_3446909137068558464,59640,2022-03-02,15.491858,0.013632,1,ZZ Ceti,2022
GaiaDR3_3446909137068558464,59674,2022-04-05,15.533846,0.013706,1,ZZ Ceti,2022
GaiaDR3_3446909137068558464,59678,2022-04-09,15.527396,0.013694,1,ZZ Ceti,2022
GaiaDR3_3446909137068558464,59682,2022-04-13,15.522077,0.013685,1,ZZ Ceti,2022
GaiaDR3_3446909137068558464,59685,2022-04-16,15.529575,0.013698,1,ZZ Ceti,2022
GaiaDR3_3446909137068558464,59687,2022-04-18,15.526713,0.013693,1,ZZ Ceti,2022
GaiaDR3_3446909137068558464,59823,2022-09-01,15.530089,0.013699,1,ZZ Ceti,2022
GaiaDR3_3446909137068558464,59825,2022-09-03,15.52585,0.013692,1,ZZ Ceti,2022
GaiaDR3_3446909137068558464,59827,2022-09-05,15.557116,0.013748,1,ZZ Ceti,2022
GaiaDR3_3446909137068558464,59841,2022-09-19,15.515444,0.009668,2,ZZ Ceti,2022
GaiaDR3_3446909137068558464,59844,2022-09-22,15.534284,0.013707,1,ZZ Ceti,2022
GaiaDR3_3446909137068558464,59847,2022-09-25,15.504221,0.013654,1,ZZ Ceti,2022
GaiaDR3_3446909137068558464,59849,2022-09-27,15.534942,0.013708,1,ZZ Ceti,2022
GaiaDR3_3446909137068558464,59851,2022-09-29,15.512986,0.013669,1,ZZ Ceti,2022
GaiaDR3_3446909137068558464,59854,2022-10-02,15.550591,0.013736,1,ZZ Ceti,2022
GaiaDR3_3446909137068558464,59857,2022-10-05,15.517929,0.013678,1,ZZ Ceti,2022
GaiaDR3_3446909137068558464,59859,2022-10-07,15.530313,0.0137,1,ZZ Ceti,2022
GaiaDR3_3446909137068558464,59861,2022-10-09,15.501311,0.011015,1,ZZ Ceti,2022
GaiaDR3_3446909137068558464,59862,2022-10-10,15.508004,0.008727,2,ZZ Ceti,2022
GaiaDR3_3446909137068558464,59864,2022-10-12,15.542145,0.013721,1,ZZ Ceti,2022
GaiaDR3_3446909137068558464,59871,2022-10-19,15.5403,0.013717,1,ZZ Ceti,2022
GaiaDR3_3446909137068558464,59878,2022-10-26,15.483872,0.013618,1,ZZ Ceti,2022
GaiaDR3_3446909137068558464,59880,2022-10-28,15.540278,0.013717,1,ZZ Ceti,2022
GaiaDR3_3446909137068558464,59881,2022-10-29,15.542311,0.011082,1,ZZ Ceti,2022
GaiaDR3_3446909137068558464,59887,2022-11-04,15.51341,0.01367,1,ZZ Ceti,2022
GaiaDR3_3446909137068558464,59889,2022-11-06,15.518963,0.013679,1,ZZ Ceti,2022
GaiaDR3_3446909137068558464,59896,2022-11-13,15.537667,0.013713,1,ZZ Ceti,2022
GaiaDR3_3446909137068558464,59898,2022-11-15,15.548019,0.013731,1,ZZ Ceti,2022
GaiaDR3_3446909137068558464,59900,2022-11-17,15.537199,0.013712,1,ZZ Ceti,2022
GaiaDR3_3446909137068558464,59902,2022-11-19,15.550157,0.013735,1,ZZ Ceti,2022
GaiaDR3_3446909137068558464,59904,2022-11-21,15.478138,0.013608,1,ZZ Ceti,2022
GaiaDR3_3446909137068558464,59906,2022-11-23,15.537631,0.013713,1,ZZ Ceti,2022
GaiaDR3_3446909137068558464,59909,2022-11-26,15.484823,0.01362,1,ZZ Ceti,2022
GaiaDR3_3446909137068558464,59913,2022-11-30,15.496802,0.013641,1,ZZ Ceti,2022
GaiaDR3_3446909137068558464,59923,2022-12-10,15.506252,0.013657,1,ZZ Ceti,2022
GaiaDR3_3446909137068558464,59928,2022-12-15,15.490831,0.01363,1,ZZ Ceti,2022
GaiaDR3_3446909137068558464,59934,2022-12-21,15.523891,0.013688,1,ZZ Ceti,2022
GaiaDR3_3446909137068558464,59935,2022-12-22,15.547328,0.01109,1,ZZ Ceti,2022
GaiaDR3_3446909137068558464,59936,2022-12-23,15.494329,0.013636,1,ZZ Ceti,2022
GaiaDR3_3446909137068558464,59940,2022-12-27,15.515865,0.013674,1,ZZ Ceti,2022
GaiaDR3_3446909137068558464,59956,2023-01-12,15.518818,0.013679,1,ZZ Ceti,2023
GaiaDR3_3446909137068558464,59967,2023-01-23,15.517178,0.013676,1,ZZ Ceti,2023
GaiaDR3_3446909137068558464,59969,2023-01-25,15.537945,0.013713,1,ZZ Ceti,2023
GaiaDR3_3446909137068558464,59978,2023-02-03,15.548652,0.013732,1,ZZ Ceti,2023
GaiaDR3_3446909137068558464,59980,2023-02-05,15.548118,0.013731,1,ZZ Ceti,2023
GaiaDR3_3446909137068558464,59983,2023-02-08,15.53974,0.013716,1,ZZ Ceti,2023
GaiaDR3_3446909137068558464,59985,2023-02-10,15.521771,0.013684,1,ZZ Ceti,2023
GaiaDR3_3446909137068558464,59994,2023-02-19,15.528589,0.013697,1,ZZ Ceti,2023
GaiaDR3_3446909137068558464,60043,2023-04-09,15.497965,0.013643,1,ZZ Ceti,2023
GaiaDR3_3446909137068558464,60162,2023-08-06,15.531764,0.013702,1,ZZ Ceti,2023
GaiaDR3_3446909137068558464,60171,2023-08-15,15.499891,0.013646,1,ZZ Ceti,2023
GaiaDR3_3446909137068558464,60174,2023-08-18,15.51199,0.013667,1,ZZ Ceti,2023
GaiaDR3_3446909137068558464,60182,2023-08-26,15.542635,0.013722,1,ZZ Ceti,2023
GaiaDR3_3446909137068558464,60184,2023-08-28,15.53711,0.013712,1,ZZ Ceti,2023
GaiaDR3_3446909137068558464,60186,2023-08-30,15.52203,0.013685,1,ZZ Ceti,2023
GaiaDR3_3446909137068558464,60191,2023-09-04,15.491324,0.013631,1,ZZ Ceti,2023
GaiaDR3_3446909137068558464,60196,2023-09-09,15.540986,0.013719,1,ZZ Ceti,2023
GaiaDR3_3446909137068558464,60200,2023-09-13,15.528128,0.013696,1,ZZ Ceti,2023
GaiaDR3_3446909137068558464,60202,2023-09-15,15.539907,0.013717,1,ZZ Ceti,2023
GaiaDR3_3446909137068558464,60204,2023-09-17,15.536337,0.01371,1,ZZ Ceti,2023
GaiaDR3_3446909137068558464,60206,2023-09-19,15.519247,0.01368,1,ZZ Ceti,2023
GaiaDR3_3446909137068558464,60212,2023-09-25,15.494184,0.013636,1,ZZ Ceti,2023
GaiaDR3_3446909137068558464,60214,2023-09-27,15.510241,0.013664,1,ZZ Ceti,2023
GaiaDR3_3446909137068558464,60216,2023-09-29,15.530825,0.008755,2,ZZ Ceti,2023
GaiaDR3_3446909137068558464,60223,2023-10-06,15.527406,0.013694,1,ZZ Ceti,2023
GaiaDR3_3446909137068558464,60225,2023-10-08,15.531469,0.013702,1,ZZ Ceti,2023
GaiaDR3_3446909137068558464,60228,2023-10-11,15.512986,0.013669,1,ZZ Ceti,2023
GaiaDR3_3446909137068558464,60230,2023-10-13,15.564001,0.011118,1,ZZ Ceti,2023
GaiaDR3_3446909137068558464,60231,2023-10-14,15.523171,0.013687,1,ZZ Ceti,2023
GaiaDR3_3446909137068558464,60233,2023-10-16,15.571994,0.013775,1,ZZ Ceti,2023
GaiaDR3_3446909137068558464,60235,2023-10-18,15.499815,0.013646,1,ZZ Ceti,2023
GaiaDR3_3446909137068558464,60236,2023-10-19,15.531481,0.011064,1,ZZ Ceti,2023
GaiaDR3_3446909137068558464,60237,2023-10-20,15.529426,0.013698,1,ZZ Ceti,2023
GaiaDR3_3446909137068558464,60239,2023-10-22,15.557058,0.013748,1,ZZ Ceti,2023
GaiaDR3_3446909137068558464,60244,2023-10-27,15.546886,0.013729,1,ZZ Ceti,2023
GaiaDR3_3446909137068558464,60245,2023-10-28,15.534329,0.011068,1,ZZ Ceti,2023
GaiaDR3_3446909137068558464,60246,2023-10-29,15.494475,0.013637,1,ZZ Ceti,2023
GaiaDR3_3446909137068558464,60251,2023-11-03,15.519802,0.013681,1,ZZ Ceti,2023
GaiaDR3_3446909137068558464,60253,2023-11-05,15.54393,0.013724,1,ZZ Ceti,2023
GaiaDR3_3446909137068558464,60254,2023-11-06,15.506241,0.011023,1,ZZ Ceti,2023
GaiaDR3_3446909137068558464,60257,2023-11-09,15.522795,0.013686,1,ZZ Ceti,2023
GaiaDR3_3446909137068558464,60258,2023-11-10,15.495352,0.011005,1,ZZ Ceti,2023
GaiaDR3_3446909137068558464,60259,2023-11-11,15.525809,0.008749,2,ZZ Ceti,2023
GaiaDR3_3446909137068558464,60260,2023-11-12,15.537964,0.011074,1,ZZ Ceti,2023
GaiaDR3_3446909137068558464,60261,2023-11-13,15.468226,0.013591,1,ZZ Ceti,2023
GaiaDR3_3446909137068558464,60268,2023-11-20,15.533984,0.013706,1,ZZ Ceti,2023
GaiaDR3_3446909137068558464,60289,2023-12-11,15.533924,0.011068,1,ZZ Ceti,2023
GaiaDR3_3446909137068558464,60290,2023-12-12,15.546611,0.013729,1,ZZ Ceti,2023
GaiaDR3_3446909137068558464,60295,2023-12-17,15.511798,0.013667,1,ZZ Ceti,2023
GaiaDR3_3446909137068558464,60306,2023-12-28,15.506511,0.011023,1,ZZ Ceti,2023
GaiaDR3_3446909137068558464,60314,2024-01-05,15.546839,0.013729,1,ZZ Ceti,2024
GaiaDR3_3446909137068558464,60323,2024-01-14,15.504489,0.013654,1,ZZ Ceti,2024
GaiaDR3_3446909137068558464,60325,2024-01-16,15.555761,0.013745,1,ZZ Ceti,2024
GaiaDR3_3446909137068558464,60327,2024-01-18,15.516227,0.013371,2,ZZ Ceti,2024
GaiaDR3_3446909137068558464,60336,2024-01-27,15.534186,0.013706,1,ZZ Ceti,2024
GaiaDR3_3446909137068558464,60340,2024-01-31,15.544545,0.013725,1,ZZ Ceti,2024
GaiaDR3_3446909137068558464,60352,2024-02-12,15.498685,0.013644,1,ZZ Ceti,2024
GaiaDR3_3446909137068558464,60354,2024-02-14,15.522569,0.013686,1,ZZ Ceti,2024
GaiaDR3_3446909137068558464,60378,2024-03-09,15.504898,0.013655,1,ZZ Ceti,2024
GaiaDR3_3446909137068558464,60388,2024-03-19,15.524728,0.01369,1,ZZ Ceti,2024
GaiaDR3_3446909137068558464,60390,2024-03-21,15.526147,0.013692,1,ZZ Ceti,2024
GaiaDR3_3446909137068558464,60392,2024-03-23,15.521304,0.013684,1,ZZ Ceti,2024
GaiaDR3_3446909137068558464,60403,2024-04-03,15.53167,0.013702,1,ZZ Ceti,2024
GaiaDR3_3446909137068558464,60527,2024-08-05,15.540237,0.013717,1,ZZ Ceti,2024
GaiaDR3_3446909137068558464,60547,2024-08-25,15.493673,0.013635,1,ZZ Ceti,2024
GaiaDR3_3446909137068558464,60554,2024-09-01,15.541943,0.01372,1,ZZ Ceti,2024
GaiaDR3_3446909137068558464,60557,2024-09-04,15.521954,0.013685,1,ZZ Ceti,2024
GaiaDR3_3446909137068558464,60562,2024-09-09,15.544607,0.013725,1,ZZ Ceti,2024
GaiaDR3_3446909137068558464,60571,2024-09-18,15.541225,0.013719,1,ZZ Ceti,2024
GaiaDR3_3446909137068558464,60591,2024-10-08,15.512269,0.013668,1,ZZ Ceti,2024
GaiaDR3_3446909137068558464,60597,2024-10-14,15.504832,0.013655,1,ZZ Ceti,2024
GaiaDR3_3446909137068558464,60599,2024-10-16,15.527247,0.013694,1,ZZ Ceti,2024
GaiaDR3_3446909137068558464,60602,2024-10-19,15.512075,0.013667,1,ZZ Ceti,2024
GaiaDR3_3446909137068558464,60606,2024-10-23,15.525432,0.013691,1,ZZ Ceti,2024
GaiaDR3_3446909137068558464,60608,2024-10-25,15.507554,0.013659,1,ZZ Ceti,2024
GaiaDR3_3446909137068558464,60616,2024-11-02,15.544297,0.013725,1,ZZ Ceti,2024
GaiaDR3_3446909137068558464,60619,2024-11-05,15.477263,0.013607,1,ZZ Ceti,2024
GaiaDR3_3446909137068558464,60621,2024-11-07,15.507202,0.013659,1,ZZ Ceti,2024
GaiaDR3_3446909137068558464,60623,2024-11-09,15.537448,0.013712,1,ZZ Ceti,2024
GaiaDR3_3446909137068558464,60625,2024-11-11,15.519306,0.01368,1,ZZ Ceti,2024
GaiaDR3_3446909137068558464,60627,2024-11-13,15.496104,0.013639,1,ZZ Ceti,2024
GaiaDR3_3446909137068558464,60634,2024-11-20,15.527799,0.013695,1,ZZ Ceti,2024
GaiaDR3_3446909137068558464,60636,2024-11-22,15.528551,0.013696,1,ZZ Ceti,2024
GaiaDR3_3446909137068558464,60648,2024-12-04,15.522048,0.013685,1,ZZ Ceti,2024
GaiaDR3_3446909137068558464,60652,2024-12-08,15.504081,0.013653,1,ZZ Ceti,2024
GaiaDR3_3446909137068558464,60654,2024-12-10,15.545215,0.013726,1,ZZ Ceti,2024
GaiaDR3_3446909137068558464,60661,2024-12-17,15.520567,0.013682,1,ZZ Ceti,2024
GaiaDR3_3446909137068558464,60664,2024-12-20,15.503721,0.013653,1,ZZ Ceti,2024
GaiaDR3_3446909137068558464,60666,2024-12-22,15.515788,0.013674,1,ZZ Ceti,2024
GaiaDR3_3446909137068558464,60672,2024-12-28,15.523649,0.013688,1,ZZ Ceti,2024
GaiaDR3_3446909137068558464,60674,2024-12-30,15.545272,0.013726,1,ZZ Ceti,2024
GaiaDR3_3446909137068558464,60679,2025-01-04,15.513522,0.01367,1,ZZ Ceti,2025
GaiaDR3_3446909137068558464,60683,2025-01-08,15.518086,0.013678,1,ZZ Ceti,2025
GaiaDR3_3446909137068558464,60692,2025-01-17,15.51725,0.013676,1,ZZ Ceti,2025
GaiaDR3_3446909137068558464,60694,2025-01-19,15.514935,0.013672,1,ZZ Ceti,2025
GaiaDR3_3446909137068558464,60699,2025-01-24,15.511647,0.013667,1,ZZ Ceti,2025
GaiaDR3_3446909137068558464,60725,2025-02-19,15.517226,0.013676,1,ZZ Ceti,2025
GaiaDR3_3446909137068558464,60729,2025-02-23,15.52782,0.013695,1,ZZ Ceti,2025
GaiaDR3_3446909137068558464,60731,2025-02-25,15.508191,0.013661,1,ZZ Ceti,2025
GaiaDR3_3446909137068558464,60733,2025-02-27,15.501514,0.013649,1,ZZ Ceti,2025
GaiaDR3_3446909137068558464,60735,2025-03-01,15.540231,0.013717,1,ZZ Ceti,2025
GaiaDR3_3446909137068558464,60743,2025-03-09,15.558522,0.01375,1,ZZ Ceti,2025
GaiaDR3_3446909137068558464,60753,2025-03-19,15.508381,0.013661,1,ZZ Ceti,2025
GaiaDR3_3446909137068558464,60757,2025-03-23,15.502729,0.013651,1,ZZ Ceti,2025
GaiaDR3_3446909137068558464,60759,2025-03-25,15.527289,0.013694,1,ZZ Ceti,2025
GaiaDR3_3446909137068558464,60761,2025-03-27,15.541914,0.01372,1,ZZ Ceti,2025
GaiaDR3_3446909137068558464,60771,2025-04-06,15.50229,0.01365,1,ZZ Ceti,2025
GaiaDR3_3446909137068558464,60773,2025-04-08,15.54464,0.013725,1,ZZ Ceti,2025
GaiaDR3_3446909137068558464,60775,2025-04-10,15.499693,0.013646,1,ZZ Ceti,2025
GaiaDR3_3446909137068558464,60781,2025-04-16,15.540608,0.013718,1,ZZ Ceti,2025
GaiaDR3_3446909137068558464,60910,2025-08-23,15.518139,0.013678,1,ZZ Ceti,2025
GaiaDR3_3446909137068558464,60914,2025-08-27,15.538418,0.013714,1,ZZ Ceti,2025
GaiaDR3_3446909137068558464,60917,2025-08-30,15.571063,0.013773,1,ZZ Ceti,2025
GaiaDR3_3446909137068558464,60920,2025-09-02,15.523522,0.013688,1,ZZ Ceti,2025
GaiaDR3_3446909137068558464,60922,2025-09-04,15.527041,0.013694,1,ZZ Ceti,2025
GaiaDR3_3446909137068558464,60928,2025-09-10,15.516925,0.013676,1,ZZ Ceti,2025
GaiaDR3_3446909137068558464,60934,2025-09-16,15.51224,0.013668,1,ZZ Ceti,2025
GaiaDR3_3446909137068558464,60938,2025-09-20,15.528534,0.013696,1,ZZ Ceti,2025
GaiaDR3_3446909137068558464,60941,2025-09-23,15.491988,0.013632,1,ZZ Ceti,2025
GaiaDR3_3446909137068558464,60943,2025-09-25,15.551182,0.013737,1,ZZ Ceti,2025
GaiaDR3_3446909137068558464,60949,2025-10-01,15.539546,0.013716,1,ZZ Ceti,2025
GaiaDR3_3446909137068558464,60951,2025-10-03,15.53604,0.01371,1,ZZ Ceti,2025
GaiaDR3_3446909137068558464,60954,2025-10-06,15.533449,0.013705,1,ZZ Ceti,2025
GaiaDR3_3446909137068558464,60956,2025-10-08,15.548594,0.013732,1,ZZ Ceti,2025
GaiaDR3_3446909137068558464,60961,2025-10-13,15.534646,0.013707,1,ZZ Ceti,2025
GaiaDR3_3446909137068558464,60966,2025-10-18,15.510676,0.013665,1,ZZ Ceti,2025
GaiaDR3_3446909137068558464,60968,2025-10-20,15.495634,0.013639,1,ZZ Ceti,2025
GaiaDR3_3750072904055666176,58204,2018-03-27,17.247985,0.017429,2,CV(SIMBAD),2018
GaiaDR3_3750072904055666176,58207,2018-03-30,17.096328,0.015995,2,CV(SIMBAD),2018
GaiaDR3_3750072904055666176,58210,2018-04-02,17.161182,0.016583,2,CV(SIMBAD),2018
GaiaDR3_3750072904055666176,58229,2018-04-21,17.181736,0.023724,1,CV(SIMBAD),2018
GaiaDR3_3750072904055666176,58235,2018-04-27,17.190149,0.023838,1,CV(SIMBAD),2018
GaiaDR3_3750072904055666176,58244,2018-05-06,17.170074,0.023568,1,CV(SIMBAD),2018
GaiaDR3_3750072904055666176,58442,2018-11-20,17.237972,0.024504,1,CV(SIMBAD),2018
GaiaDR3_3750072904055666176,58468,2018-12-16,16.998283,0.021465,1,CV(SIMBAD),2018
GaiaDR3_3750072904055666176,58472,2018-12-20,17.220304,0.017151,2,CV(SIMBAD),2018
GaiaDR3_3750072904055666176,58476,2018-12-24,17.221497,0.024271,1,CV(SIMBAD),2018
GaiaDR3_3750072904055666176,58487,2019-01-04,17.007602,0.015253,2,CV(SIMBAD),2019
GaiaDR3_3750072904055666176,58492,2019-01-09,17.068665,0.015758,2,CV(SIMBAD),2019
GaiaDR3_3750072904055666176,58493,2019-01-10,17.194557,0.023898,1,CV(SIMBAD),2019
GaiaDR3_3750072904055666176,58494,2019-01-11,17.208309,0.024087,1,CV(SIMBAD),2019
GaiaDR3_3750072904055666176,58506,2019-01-23,17.212285,0.017071,2,CV(SIMBAD),2019
GaiaDR3_3750072904055666176,58507,2019-01-24,17.067791,0.022272,1,CV(SIMBAD),2019
GaiaDR3_3750072904055666176,58508,2019-01-25,17.225262,0.024324,1,CV(SIMBAD),2019
GaiaDR3_3750072904055666176,58509,2019-01-26,17.219762,0.017146,2,CV(SIMBAD),2019
GaiaDR3_3750072904055666176,58547,2019-03-05,17.031815,0.021847,1,CV(SIMBAD),2019
GaiaDR3_3750072904055666176,58557,2019-03-15,17.057335,0.022147,1,CV(SIMBAD),2019
GaiaDR3_3750072904055666176,58560,2019-03-18,17.219395,0.024242,1,CV(SIMBAD),2019
GaiaDR3_3750072904055666176,58568,2019-03-26,17.085693,0.022489,1,CV(SIMBAD),2019
GaiaDR3_3750072904055666176,58573,2019-03-31,17.203251,0.024017,1,CV(SIMBAD),2019
GaiaDR3_3750072904055666176,58581,2019-04-08,17.250656,0.024686,1,CV(SIMBAD),2019
GaiaDR3_3750072904055666176,58585,2019-04-12,17.152027,0.023329,1,CV(SIMBAD),2019
GaiaDR3_3750072904055666176,58598,2019-04-25,17.106914,0.022752,1,CV(SIMBAD),2019
GaiaDR3_3750072904055666176,58601,2019-04-28,17.160685,0.023443,1,CV(SIMBAD),2019
GaiaDR3_3750072904055666176,58617,2019-05-14,17.225292,0.024325,1,CV(SIMBAD),2019
GaiaDR3_3750072904055666176,58804,2019-11-17,17.198387,0.023951,1,CV(SIMBAD),2019
GaiaDR3_3750072904055666176,58835,2019-12-18,17.23782,0.024502,1,CV(SIMBAD),2019
GaiaDR3_3750072904055666176,58850,2020-01-02,17.220961,0.024264,1,CV(SIMBAD),2020
GaiaDR3_3750072904055666176,58853,2020-01-05,17.11249,0.022822,1,CV(SIMBAD),2020
GaiaDR3_3750072904055666176,58864,2020-01-16,17.168755,0.02355,1,CV(SIMBAD),2020
GaiaDR3_3750072904055666176,58876,2020-01-28,17.162781,0.023471,1,CV(SIMBAD),2020
GaiaDR3_3750072904055666176,58879,2020-01-31,17.182499,0.023734,1,CV(SIMBAD),2020
GaiaDR3_3750072904055666176,58886,2020-02-07,17.115402,0.022858,1,CV(SIMBAD),2020
GaiaDR3_3750072904055666176,58892,2020-02-13,17.131424,0.023062,1,CV(SIMBAD),2020
GaiaDR3_3750072904055666176,58900,2020-02-21,17.180826,0.023712,1,CV(SIMBAD),2020
GaiaDR3_3750072904055666176,58913,2020-03-05,17.123001,0.022955,1,CV(SIMBAD),2020
GaiaDR3_3750072904055666176,58941,2020-04-02,17.228582,0.024371,1,CV(SIMBAD),2020
GaiaDR3_3750072904055666176,58956,2020-04-17,17.22644,0.024341,1,CV(SIMBAD),2020
GaiaDR3_3750072904055666176,58967,2020-04-28,17.170158,0.023569,1,CV(SIMBAD),2020
GaiaDR3_3750072904055666176,58976,2020-05-07,17.183186,0.023744,1,CV(SIMBAD),2020
GaiaDR3_3750072904055666176,58979,2020-05-10,17.15797,0.023407,1,CV(SIMBAD),2020
GaiaDR3_3750072904055666176,58987,2020-05-18,17.178951,0.023687,1,CV(SIMBAD),2020
GaiaDR3_3750072904055666176,58993,2020-05-24,17.287018,0.025221,1,CV(SIMBAD),2020
GaiaDR3_3750072904055666176,59173,2020-11-20,17.233881,0.024446,1,CV(SIMBAD),2020
GaiaDR3_3750072904055666176,59176,2020-11-23,17.171024,0.02358,1,CV(SIMBAD),2020
GaiaDR3_3750072904055666176,59177,2020-11-24,17.167263,0.02353,1,CV(SIMBAD),2020
GaiaDR3_3750072904055666176,59182,2020-11-29,17.108254,0.022768,1,CV(SIMBAD),2020
GaiaDR3_3750072904055666176,59185,2020-12-02,17.168171,0.023542,1,CV(SIMBAD),2020
GaiaDR3_3750072904055666176,59189,2020-12-06,17.177387,0.023666,1,CV(SIMBAD),2020
GaiaDR3_3750072904055666176,59194,2020-12-11,17.1432,0.023214,1,CV(SIMBAD),2020
GaiaDR3_3750072904055666176,59198,2020-12-15,17.149971,0.023302,1,CV(SIMBAD),2020
GaiaDR3_3750072904055666176,59200,2020-12-17,17.0916,0.022562,1,CV(SIMBAD),2020
GaiaDR3_3750072904055666176,59202,2020-12-19,17.172396,0.023599,1,CV(SIMBAD),2020
GaiaDR3_3750072904055666176,59216,2021-01-02,17.175568,0.023641,1,CV(SIMBAD),2021
GaiaDR3_3750072904055666176,59218,2021-01-04,17.166733,0.023523,1,CV(SIMBAD),2021
GaiaDR3_3750072904055666176,59228,2021-01-14,17.145267,0.023241,1,CV(SIMBAD),2021
GaiaDR3_3750072904055666176,59230,2021-01-16,17.141006,0.023186,1,CV(SIMBAD),2021
GaiaDR3_3750072904055666176,59232,2021-01-18,17.164475,0.023493,1,CV(SIMBAD),2021
GaiaDR3_3750072904055666176,59249,2021-02-04,17.103619,0.02271,1,CV(SIMBAD),2021
GaiaDR3_3750072904055666176,59251,2021-02-06,17.224598,0.024315,1,CV(SIMBAD),2021
GaiaDR3_3750072904055666176,59253,2021-02-08,17.195259,0.023908,1,CV(SIMBAD),2021
GaiaDR3_3750072904055666176,59255,2021-02-10,17.172922,0.023606,1,CV(SIMBAD),2021
GaiaDR3_3750072904055666176,59262,2021-02-17,17.165352,0.023505,1,CV(SIMBAD),2021
GaiaDR3_3750072904055666176,59264,2021-02-19,17.166763,0.023524,1,CV(SIMBAD),2021
GaiaDR3_3750072904055666176,59266,2021-02-21,17.103159,0.022705,1,CV(SIMBAD),2021
GaiaDR3_3750072904055666176,59268,2021-02-23,17.094748,0.0226,1,CV(SIMBAD),2021
GaiaDR3_3750072904055666176,59270,2021-02-25,17.117733,0.022888,1,CV(SIMBAD),2021
GaiaDR3_3750072904055666176,59272,2021-02-27,17.234959,0.024461,1,CV(SIMBAD),2021
GaiaDR3_3750072904055666176,59280,2021-03-07,17.044754,0.021998,1,CV(SIMBAD),2021
GaiaDR3_3750072904055666176,59290,2021-03-17,17.119659,0.022912,1,CV(SIMBAD),2021
GaiaDR3_3750072904055666176,59292,2021-03-19,17.118248,0.022894,1,CV(SIMBAD),2021
GaiaDR3_3750072904055666176,59294,2021-03-21,17.161097,0.023448,1,CV(SIMBAD),2021
GaiaDR3_3750072904055666176,59297,2021-03-24,17.182266,0.023731,1,CV(SIMBAD),2021
GaiaDR3_3750072904055666176,59301,2021-03-28,17.04797,0.022036,1,CV(SIMBAD),2021
GaiaDR3_3750072904055666176,59303,2021-03-30,17.00079,0.021493,1,CV(SIMBAD),2021
GaiaDR3_3750072904055666176,59307,2021-04-03,17.035191,0.021886,1,CV(SIMBAD),2021
GaiaDR3_3750072904055666176,59309,2021-04-05,17.198761,0.023956,1,CV(SIMBAD),2021
GaiaDR3_3750072904055666176,59313,2021-04-09,17.169849,0.023565,1,CV(SIMBAD),2021
GaiaDR3_3750072904055666176,59315,2021-04-11,17.149544,0.023297,1,CV(SIMBAD),2021
GaiaDR3_3750072904055666176,59317,2021-04-13,17.196592,0.023926,1,CV(SIMBAD),2021
GaiaDR3_3750072904055666176,59322,2021-04-18,17.224201,0.024309,1,CV(SIMBAD),2021
GaiaDR3_3750072904055666176,59324,2021-04-20,17.195862,0.023916,1,CV(SIMBAD),2021
GaiaDR3_3750072904055666176,59328,2021-04-24,17.213738,0.024163,1,CV(SIMBAD),2021
GaiaDR3_3750072904055666176,59335,2021-05-01,17.14711,0.023265,1,CV(SIMBAD),2021
GaiaDR3_3750072904055666176,59338,2021-05-04,17.175606,0.023642,1,CV(SIMBAD),2021
GaiaDR3_3750072904055666176,59340,2021-05-06,17.113762,0.022838,1,CV(SIMBAD),2021
GaiaDR3_3750072904055666176,59343,2021-05-09,17.052967,0.022095,1,CV(SIMBAD),2021
GaiaDR3_3750072904055666176,59346,2021-05-12,17.13089,0.023055,1,CV(SIMBAD),2021
GaiaDR3_3750072904055666176,59348,2021-05-14,17.086458,0.022498,1,CV(SIMBAD),2021
GaiaDR3_3750072904055666176,59350,2021-05-16,17.210056,0.024112,1,CV(SIMBAD),2021
GaiaDR3_3750072904055666176,59353,2021-05-19,17.082888,0.022455,1,CV(SIMBAD),2021
GaiaDR3_3750072904055666176,59356,2021-05-22,17.150455,0.023309,1,CV(SIMBAD),2021
GaiaDR3_3750072904055666176,59359,2021-05-25,17.083565,0.022463,1,CV(SIMBAD),2021
GaiaDR3_3750072904055666176,59363,2021-05-29,17.088581,0.022524,1,CV(SIMBAD),2021
GaiaDR3_3750072904055666176,59622,2022-02-12,17.163839,0.023485,1,CV(SIMBAD),2022
GaiaDR3_3750072904055666176,59624,2022-02-14,17.102177,0.022693,1,CV(SIMBAD),2022
GaiaDR3_3750072904055666176,59627,2022-02-17,17.117962,0.022891,1,CV(SIMBAD),2022
GaiaDR3_3750072904055666176,59629,2022-02-19,17.133568,0.02309,1,CV(SIMBAD),2022
GaiaDR3_3750072904055666176,59636,2022-02-26,17.051323,0.022075,1,CV(SIMBAD),2022
GaiaDR3_3750072904055666176,59671,2022-04-02,17.195988,0.023918,1,CV(SIMBAD),2022
GaiaDR3_3750072904055666176,59674,2022-04-05,17.166843,0.023525,1,CV(SIMBAD),2022
GaiaDR3_3750072904055666176,59683,2022-04-14,17.06702,0.022262,1,CV(SIMBAD),2022
GaiaDR3_3750072904055666176,59685,2022-04-16,17.070976,0.02231,1,CV(SIMBAD),2022
GaiaDR3_3750072904055666176,59688,2022-04-19,17.133053,0.023083,1,CV(SIMBAD),2022
GaiaDR3_3750072904055666176,59690,2022-04-21,17.077084,0.022384,1,CV(SIMBAD),2022
GaiaDR3_3750072904055666176,59694,2022-04-25,17.146702,0.02326,1,CV(SIMBAD),2022
GaiaDR3_3750072904055666176,59696,2022-04-27,17.161087,0.023448,1,CV(SIMBAD),2022
GaiaDR3_3750072904055666176,59699,2022-04-30,17.180103,0.023702,1,CV(SIMBAD),2022
GaiaDR3_3750072904055666176,59701,2022-05-02,17.149735,0.023299,1,CV(SIMBAD),2022
GaiaDR3_3750072904055666176,59703,2022-05-04,17.153204,0.023345,1,CV(SIMBAD),2022
GaiaDR3_3750072904055666176,59710,2022-05-11,17.114941,0.022853,1,CV(SIMBAD),2022
GaiaDR3_3750072904055666176,59712,2022-05-13,17.070221,0.022301,1,CV(SIMBAD),2022
GaiaDR3_3750072904055666176,59714,2022-05-15,17.120533,0.022923,1,CV(SIMBAD),2022
GaiaDR3_3750072904055666176,59722,2022-05-23,16.996551,0.021445,1,CV(SIMBAD),2022
GaiaDR3_3750072904055666176,59724,2022-05-25,17.055517,0.022125,1,CV(SIMBAD),2022
GaiaDR3_3750072904055666176,59726,2022-05-27,17.060339,0.022182,1,CV(SIMBAD),2022
GaiaDR3_3750072904055666176,59909,2022-11-26,16.917582,0.020598,1,CV(SIMBAD),2022
GaiaDR3_3750072904055666176,59923,2022-12-10,16.886702,0.020285,1,CV(SIMBAD),2022
GaiaDR3_3750072904055666176,59930,2022-12-17,16.911436,0.020535,1,CV(SIMBAD),2022
GaiaDR3_3750072904055666176,59934,2022-12-21,16.897293,0.020391,1,CV(SIMBAD),2022
GaiaDR3_3750072904055666176,59951,2023-01-07,17.02076,0.02172,1,CV(SIMBAD),2023
GaiaDR3_3750072904055666176,59957,2023-01-13,17.024471,0.021762,1,CV(SIMBAD),2023
GaiaDR3_3750072904055666176,59969,2023-01-25,16.969871,0.021151,1,CV(SIMBAD),2023
GaiaDR3_3750072904055666176,59972,2023-01-28,16.996388,0.021444,1,CV(SIMBAD),2023
GaiaDR3_3750072904055666176,59979,2023-02-04,17.016569,0.021672,1,CV(SIMBAD),2023
GaiaDR3_3750072904055666176,59983,2023-02-08,17.006693,0.021559,1,CV(SIMBAD),2023
GaiaDR3_3750072904055666176,59984,2023-02-09,16.949099,0.020928,1,CV(SIMBAD),2023
GaiaDR3_3750072904055666176,59985,2023-02-10,16.968178,0.021133,1,CV(SIMBAD),2023
GaiaDR3_3750072904055666176,60031,2023-03-28,16.761744,0.019117,1,CV(SIMBAD),2023
GaiaDR3_3750072904055666176,60036,2023-04-02,16.923759,0.020662,1,CV(SIMBAD),2023
GaiaDR3_3750072904055666176,60046,2023-04-12,16.720419,0.018763,1,CV(SIMBAD),2023
GaiaDR3_3750072904055666176,60052,2023-04-18,16.935551,0.020785,1,CV(SIMBAD),2023
GaiaDR3_3750072904055666176,60054,2023-04-20,16.980751,0.02127,1,CV(SIMBAD),2023
GaiaDR3_3750072904055666176,60056,2023-04-22,16.979418,0.021256,1,CV(SIMBAD),2023
GaiaDR3_3750072904055666176,60058,2023-04-24,16.970123,0.021154,1,CV(SIMBAD),2023
GaiaDR3_3750072904055666176,60062,2023-04-28,16.890472,0.020322,1,CV(SIMBAD),2023
GaiaDR3_3750072904055666176,60080,2023-05-16,16.917681,0.020599,1,CV(SIMBAD),2023
GaiaDR3_3750072904055666176,60290,2023-12-12,17.058521,0.022161,1,CV(SIMBAD),2023
GaiaDR3_3750072904055666176,60314,2024-01-05,17.053249,0.022098,1,CV(SIMBAD),2024
GaiaDR3_3750072904055666176,60324,2024-01-15,17.010794,0.021606,1,CV(SIMBAD),2024
GaiaDR3_3750072904055666176,60335,2024-01-26,16.97168,0.021171,1,CV(SIMBAD),2024
GaiaDR3_3750072904055666176,60352,2024-02-12,16.960161,0.021046,1,CV(SIMBAD),2024
GaiaDR3_3750072904055666176,60354,2024-02-14,16.877773,0.020196,1,CV(SIMBAD),2024
GaiaDR3_3750072904055666176,60357,2024-02-17,16.998686,0.021469,1,CV(SIMBAD),2024
GaiaDR3_3750072904055666176,60388,2024-03-19,16.946033,0.020895,1,CV(SIMBAD),2024
GaiaDR3_3750072904055666176,60403,2024-04-03,16.960493,0.02105,1,CV(SIMBAD),2024
GaiaDR3_3750072904055666176,60407,2024-04-07,16.9853,0.02132,1,CV(SIMBAD),2024
GaiaDR3_3750072904055666176,60412,2024-04-12,17.029247,0.021817,1,CV(SIMBAD),2024
GaiaDR3_3750072904055666176,60416,2024-04-16,17.087799,0.022515,1,CV(SIMBAD),2024
GaiaDR3_3750072904055666176,60420,2024-04-20,16.959446,0.021038,1,CV(SIMBAD),2024
GaiaDR3_3750072904055666176,60424,2024-04-24,16.98526,0.02132,1,CV(SIMBAD),2024
GaiaDR3_3750072904055666176,60432,2024-05-02,16.964407,0.021092,1,CV(SIMBAD),2024
GaiaDR3_3750072904055666176,60434,2024-05-04,17.002203,0.021509,1,CV(SIMBAD),2024
GaiaDR3_3750072904055666176,60443,2024-05-13,17.066906,0.022261,1,CV(SIMBAD),2024
GaiaDR3_3750072904055666176,60445,2024-05-15,16.975567,0.021213,1,CV(SIMBAD),2024
GaiaDR3_3750072904055666176,60447,2024-05-17,16.962727,0.021074,1,CV(SIMBAD),2024
GaiaDR3_3750072904055666176,60449,2024-05-19,16.939831,0.02083,1,CV(SIMBAD),2024
GaiaDR3_3750072904055666176,60457,2024-05-27,16.980282,0.021265,1,CV(SIMBAD),2024
GaiaDR3_3750072904055666176,60634,2024-11-20,17.017525,0.021683,1,CV(SIMBAD),2024
GaiaDR3_3750072904055666176,60637,2024-11-23,16.922687,0.02065,1,CV(SIMBAD),2024
GaiaDR3_3750072904055666176,60648,2024-12-04,17.036022,0.021896,1,CV(SIMBAD),2024
GaiaDR3_3750072904055666176,60649,2024-12-05,17.084135,0.02247,1,CV(SIMBAD),2024
GaiaDR3_3750072904055666176,60650,2024-12-06,17.083828,0.022466,1,CV(SIMBAD),2024
GaiaDR3_3750072904055666176,60651,2024-12-07,17.039719,0.021939,1,CV(SIMBAD),2024
GaiaDR3_3750072904055666176,60652,2024-12-08,17.059643,0.022174,1,CV(SIMBAD),2024
GaiaDR3_3750072904055666176,60664,2024-12-20,17.045881,0.022011,1,CV(SIMBAD),2024
GaiaDR3_3750072904055666176,60665,2024-12-21,17.087484,0.022511,1,CV(SIMBAD),2024
GaiaDR3_3750072904055666176,60681,2025-01-06,17.036135,0.021897,1,CV(SIMBAD),2025
GaiaDR3_3750072904055666176,60684,2025-01-09,17.015364,0.021658,1,CV(SIMBAD),2025
GaiaDR3_3750072904055666176,60692,2025-01-17,17.072744,0.022331,1,CV(SIMBAD),2025
GaiaDR3_3750072904055666176,60694,2025-01-19,17.037807,0.021917,1,CV(SIMBAD),2025
GaiaDR3_3750072904055666176,60695,2025-01-20,16.960095,0.021045,1,CV(SIMBAD),2025
GaiaDR3_3750072904055666176,60696,2025-01-21,16.970226,0.021155,1,CV(SIMBAD),2025
GaiaDR3_3750072904055666176,60716,2025-02-10,17.086254,0.022496,1,CV(SIMBAD),2025
GaiaDR3_3750072904055666176,60723,2025-02-17,17.026688,0.021788,1,CV(SIMBAD),2025
GaiaDR3_3750072904055666176,60725,2025-02-19,17.054958,0.022118,1,CV(SIMBAD),2025
GaiaDR3_3750072904055666176,60726,2025-02-20,17.028616,0.02181,1,CV(SIMBAD),2025
GaiaDR3_3750072904055666176,60728,2025-02-22,17.008171,0.021576,1,CV(SIMBAD),2025
GaiaDR3_3750072904055666176,60730,2025-02-24,17.026194,0.021782,1,CV(SIMBAD),2025
GaiaDR3_3750072904055666176,60732,2025-02-26,17.057407,0.022148,1,CV(SIMBAD),2025
GaiaDR3_3750072904055666176,60739,2025-03-05,17.098187,0.022643,1,CV(SIMBAD),2025
GaiaDR3_3750072904055666176,60750,2025-03-16,16.991089,0.021385,1,CV(SIMBAD),2025
GaiaDR3_3750072904055666176,60753,2025-03-19,17.087511,0.022511,1,CV(SIMBAD),2025
GaiaDR3_3750072904055666176,60755,2025-03-21,17.104612,0.022723,1,CV(SIMBAD),2025
GaiaDR3_3750072904055666176,60757,2025-03-23,17.021359,0.021726,1,CV(SIMBAD),2025
GaiaDR3_3750072904055666176,60759,2025-03-25,17.046356,0.022017,1,CV(SIMBAD),2025
GaiaDR3_3750072904055666176,60761,2025-03-27,17.053799,0.022105,1,CV(SIMBAD),2025
GaiaDR3_3750072904055666176,60770,2025-04-05,17.028692,0.021811,1,CV(SIMBAD),2025
GaiaDR3_3750072904055666176,60773,2025-04-08,17.043831,0.021987,1,CV(SIMBAD),2025
GaiaDR3_3750072904055666176,60775,2025-04-10,17.030397,0.021831,1,CV(SIMBAD),2025
GaiaDR3_3750072904055666176,60780,2025-04-15,17.017708,0.021685,1,CV(SIMBAD),2025
GaiaDR3_3750072904055666176,60785,2025-04-20,17.068314,0.022278,1,CV(SIMBAD),2025
GaiaDR3_3750072904055666176,60787,2025-04-22,17.013025,0.021631,1,CV(SIMBAD),2025
GaiaDR3_3750072904055666176,60789,2025-04-24,17.030456,0.021831,1,CV(SIMBAD),2025
GaiaDR3_3750072904055666176,60795,2025-04-30,17.0075,0.021569,1,CV(SIMBAD),2025
GaiaDR3_3750072904055666176,60803,2025-05-08,17.049694,0.022056,1,CV(SIMBAD),2025
GaiaDR3_3750072904055666176,60805,2025-05-10,17.094974,0.022603,1,CV(SIMBAD),2025
GaiaDR3_3750072904055666176,60807,2025-05-12,17.053585,0.022102,1,CV(SIMBAD),2025
GaiaDR3_3750072904055666176,60818,2025-05-23,17.084089,0.022469,1,CV(SIMBAD),2025
GaiaDR3_3750072904055666176,60821,2025-05-26,17.123043,0.022955,1,CV(SIMBAD),2025
GaiaDR3_3750072904055666176,60823,2025-05-28,17.082207,0.022446,1,CV(SIMBAD),2025
GaiaDR3_3984115430179696128,58202,2018-03-25,17.370358,0.02063,1,Old DAVs,2018
GaiaDR3_3984115430179696128,58204,2018-03-27,17.368404,0.014573,2,Old DAVs,2018
GaiaDR3_3984115430179696128,58235,2018-04-27,17.383654,0.020789,5,Old DAVs,2018
GaiaDR3_3984115430179696128,58238,2018-04-30,17.338978,0.020287,1,Old DAVs,2018
GaiaDR3_3984115430179696128,58248,2018-05-10,17.32123,0.020098,1,Old DAVs,2018
GaiaDR3_3984115430179696128,58269,2018-05-31,17.289238,0.019766,1,Old DAVs,2018
GaiaDR3_3984115430179696128,58272,2018-06-03,17.288719,0.01976,1,Old DAVs,2018
GaiaDR3_3984115430179696128,58277,2018-06-08,17.295507,0.01983,1,Old DAVs,2018
GaiaDR3_3984115430179696128,58280,2018-06-11,17.306397,0.019942,1,Old DAVs,2018
GaiaDR3_3984115430179696128,58284,2018-06-15,17.393761,0.020893,1,Old DAVs,2018
GaiaDR3_3984115430179696128,58290,2018-06-21,17.353746,0.020447,1,Old DAVs,2018
GaiaDR3_3984115430179696128,58293,2018-06-24,17.342619,0.020326,1,Old DAVs,2018
GaiaDR3_3984115430179696128,58423,2018-11-01,17.404964,0.021022,1,Old DAVs,2018
GaiaDR3_3984115430179696128,58427,2018-11-05,17.338825,0.020285,1,Old DAVs,2018
GaiaDR3_3984115430179696128,58430,2018-11-08,17.336388,0.020259,1,Old DAVs,2018
GaiaDR3_3984115430179696128,58434,2018-11-12,17.379946,0.020737,1,Old DAVs,2018
GaiaDR3_3984115430179696128,58437,2018-11-15,17.410568,0.021086,1,Old DAVs,2018
GaiaDR3_3984115430179696128,58439,2018-11-17,17.357727,0.015796,2,Old DAVs,2018
GaiaDR3_3984115430179696128,58450,2018-11-28,17.373667,0.020667,1,Old DAVs,2018
GaiaDR3_3984115430179696128,58464,2018-12-12,17.318495,0.020069,1,Old DAVs,2018
GaiaDR3_3984115430179696128,58472,2018-12-20,17.320148,0.020086,1,Old DAVs,2018
GaiaDR3_3984115430179696128,58476,2018-12-24,17.388708,0.020836,1,Old DAVs,2018
GaiaDR3_3984115430179696128,58482,2018-12-30,17.388142,0.016029,2,Old DAVs,2018
GaiaDR3_3984115430179696128,58486,2019-01-03,17.36467,0.020567,1,Old DAVs,2019
GaiaDR3_3984115430179696128,58491,2019-01-08,17.367344,0.020596,1,Old DAVs,2019
GaiaDR3_3984115430179696128,58493,2019-01-10,17.286196,0.015274,2,Old DAVs,2019
GaiaDR3_3984115430179696128,58494,2019-01-11,17.300474,0.019881,1,Old DAVs,2019
GaiaDR3_3984115430179696128,58505,2019-01-22,17.243542,0.019311,1,Old DAVs,2019
GaiaDR3_3984115430179696128,58508,2019-01-25,17.35997,0.020515,1,Old DAVs,2019
GaiaDR3_3984115430179696128,58511,2019-01-28,17.325497,0.018499,3,Old DAVs,2019
GaiaDR3_3984115430179696128,58522,2019-02-08,17.32053,0.01486,2,Old DAVs,2019
GaiaDR3_3984115430179696128,58526,2019-02-12,17.389084,0.02084,1,Old DAVs,2019
GaiaDR3_3984115430179696128,58540,2019-02-26,17.323341,0.023833,1,Old DAVs,2019
GaiaDR3_3984115430179696128,58541,2019-02-27,17.367477,0.020598,1,Old DAVs,2019
GaiaDR3_3984115430179696128,58546,2019-03-04,17.378979,0.020726,1,Old DAVs,2019
GaiaDR3_3984115430179696128,58556,2019-03-14,17.411262,0.021094,1,Old DAVs,2019
GaiaDR3_3984115430179696128,58559,2019-03-17,17.370907,0.020636,1,Old DAVs,2019
GaiaDR3_3984115430179696128,58567,2019-03-25,17.319424,0.019877,2,Old DAVs,2019
GaiaDR3_3984115430179696128,58572,2019-03-30,17.325748,0.020145,1,Old DAVs,2019
GaiaDR3_3984115430179696128,58575,2019-04-02,17.349766,0.020403,1,Old DAVs,2019
GaiaDR3_3984115430179696128,58580,2019-04-07,17.337318,0.026958,2,Old DAVs,2019
GaiaDR3_3984115430179696128,58585,2019-04-12,17.396385,0.024589,1,Old DAVs,2019
GaiaDR3_3984115430179696128,58586,2019-04-13,17.327759,0.020167,1,Old DAVs,2019
GaiaDR3_3984115430179696128,58591,2019-04-18,17.352259,0.020431,1,Old DAVs,2019
GaiaDR3_3984115430179696128,58592,2019-04-19,17.293724,0.023541,1,Old DAVs,2019
GaiaDR3_3984115430179696128,58597,2019-04-24,17.406158,0.021035,1,Old DAVs,2019
GaiaDR3_3984115430179696128,58601,2019-04-28,17.344976,0.020247,2,Old DAVs,2019
GaiaDR3_3984115430179696128,58605,2019-05-02,17.350239,0.020409,1,Old DAVs,2019
GaiaDR3_3984115430179696128,58608,2019-05-05,17.328136,0.020171,1,Old DAVs,2019
GaiaDR3_3984115430179696128,58612,2019-05-09,17.41119,0.021094,1,Old DAVs,2019
GaiaDR3_3984115430179696128,58634,2019-05-31,17.290609,0.01978,1,Old DAVs,2019
GaiaDR3_3984115430179696128,58637,2019-06-03,17.34342,0.020335,1,Old DAVs,2019
GaiaDR3_3984115430179696128,58640,2019-06-06,17.310591,0.019986,1,Old DAVs,2019
GaiaDR3_3984115430179696128,58645,2019-06-11,17.314249,0.020024,1,Old DAVs,2019
GaiaDR3_3984115430179696128,58648,2019-06-14,17.2211,0.019095,1,Old DAVs,2019
GaiaDR3_3984115430179696128,58651,2019-06-17,17.313719,0.020019,1,Old DAVs,2019
GaiaDR3_3984115430179696128,58654,2019-06-20,17.410137,0.021081,1,Old DAVs,2019
GaiaDR3_3984115430179696128,58662,2019-06-28,17.385113,0.020795,1,Old DAVs,2019
GaiaDR3_3984115430179696128,58669,2019-07-05,17.286253,0.019735,1,Old DAVs,2019
GaiaDR3_3984115430179696128,58789,2019-11-02,17.363724,0.020556,1,Old DAVs,2019
GaiaDR3_3984115430179696128,58792,2019-11-05,17.261082,0.019483,1,Old DAVs,2019
GaiaDR3_3984115430179696128,58804,2019-11-17,17.402622,0.020995,1,Old DAVs,2019
GaiaDR3_3984115430179696128,58828,2019-12-11,17.379656,0.020734,1,Old DAVs,2019
GaiaDR3_3984115430179696128,58836,2019-12-19,17.381453,0.020754,1,Old DAVs,2019
GaiaDR3_3984115430179696128,58837,2019-12-20,17.331783,0.022607,2,Old DAVs,2019
GaiaDR3_3984115430179696128,58849,2020-01-01,17.357973,0.020493,1,Old DAVs,2020
GaiaDR3_3984115430179696128,58852,2020-01-04,17.367413,0.020597,1,Old DAVs,2020
GaiaDR3_3984115430179696128,58855,2020-01-07,17.396805,0.020928,1,Old DAVs,2020
GaiaDR3_3984115430179696128,58864,2020-01-16,17.376373,0.020697,1,Old DAVs,2020
GaiaDR3_3984115430179696128,58867,2020-01-19,17.394783,0.020905,1,Old DAVs,2020
GaiaDR3_3984115430179696128,58871,2020-01-23,17.322743,0.020114,1,Old DAVs,2020
GaiaDR3_3984115430179696128,58880,2020-02-01,17.381867,0.020759,1,Old DAVs,2020
GaiaDR3_3984115430179696128,58883,2020-02-04,17.412102,0.021104,1,Old DAVs,2020
GaiaDR3_3984115430179696128,58886,2020-02-07,17.374882,0.02068,1,Old DAVs,2020
GaiaDR3_3984115430179696128,58891,2020-02-12,17.411593,0.021098,1,Old DAVs,2020
GaiaDR3_3984115430179696128,58898,2020-02-19,17.276936,0.019641,1,Old DAVs,2020
GaiaDR3_3984115430179696128,58899,2020-02-20,17.398233,0.020944,1,Old DAVs,2020
GaiaDR3_3984115430179696128,58900,2020-02-21,17.386971,0.020816,1,Old DAVs,2020
GaiaDR3_3984115430179696128,58903,2020-02-24,17.390606,0.020857,1,Old DAVs,2020
GaiaDR3_3984115430179696128,58904,2020-02-25,17.379143,0.024687,3,Old DAVs,2020
GaiaDR3_3984115430179696128,58905,2020-02-26,17.348682,0.020392,1,Old DAVs,2020
GaiaDR3_3984115430179696128,58906,2020-02-27,17.394245,0.020899,1,Old DAVs,2020
GaiaDR3_3984115430179696128,58909,2020-03-01,17.361443,0.020531,1,Old DAVs,2020
GaiaDR3_3984115430179696128,58911,2020-03-03,17.315746,0.02004,1,Old DAVs,2020
GaiaDR3_3984115430179696128,58912,2020-03-04,17.382685,0.020768,1,Old DAVs,2020
GaiaDR3_3984115430179696128,58913,2020-03-05,17.30249,0.019902,1,Old DAVs,2020
GaiaDR3_3984115430179696128,58915,2020-03-07,17.363964,0.020559,1,Old DAVs,2020
GaiaDR3_3984115430179696128,58939,2020-03-31,17.28396,0.019712,1,Old DAVs,2020
GaiaDR3_3984115430179696128,58941,2020-04-02,17.39658,0.020925,1,Old DAVs,2020
GaiaDR3_3984115430179696128,58954,2020-04-15,17.377514,0.02071,1,Old DAVs,2020
GaiaDR3_3984115430179696128,58964,2020-04-25,17.32119,0.01527,3,Old DAVs,2020
GaiaDR3_3984115430179696128,58965,2020-04-26,17.345541,0.020358,1,Old DAVs,2020
GaiaDR3_3984115430179696128,58967,2020-04-28,17.300384,0.013601,3,Old DAVs,2020
GaiaDR3_3984115430179696128,58968,2020-04-29,17.379665,0.011971,3,Old DAVs,2020
GaiaDR3_3984115430179696128,58973,2020-05-04,17.366798,0.015767,3,Old DAVs,2020
GaiaDR3_3984115430179696128,58976,2020-05-07,17.300774,0.019884,1,Old DAVs,2020
GaiaDR3_3984115430179696128,58980,2020-05-11,17.386017,0.020805,1,Old DAVs,2020
GaiaDR3_3984115430179696128,58985,2020-05-16,17.398323,0.020945,1,Old DAVs,2020
GaiaDR3_3984115430179696128,58986,2020-05-17,17.289677,0.023502,1,Old DAVs,2020
GaiaDR3_3984115430179696128,58992,2020-05-23,17.289692,0.01977,1,Old DAVs,2020
GaiaDR3_3984115430179696128,58995,2020-05-26,17.369007,0.020615,1,Old DAVs,2020
GaiaDR3_3984115430179696128,59005,2020-06-05,17.266067,0.019532,1,Old DAVs,2020
GaiaDR3_3984115430179696128,59014,2020-06-14,17.366016,0.020582,1,Old DAVs,2020
GaiaDR3_3984115430179696128,59149,2020-10-27,17.310043,0.01998,1,Old DAVs,2020
GaiaDR3_3984115430179696128,59150,2020-10-28,17.357513,0.020488,1,Old DAVs,2020
GaiaDR3_3984115430179696128,59152,2020-10-30,17.322948,0.020116,1,Old DAVs,2020
GaiaDR3_3984115430179696128,59156,2020-11-03,17.369011,0.020615,1,Old DAVs,2020
GaiaDR3_3984115430179696128,59158,2020-11-05,17.300629,0.019883,1,Old DAVs,2020
GaiaDR3_3984115430179696128,59165,2020-11-12,17.316761,0.020051,1,Old DAVs,2020
GaiaDR3_3984115430179696128,59168,2020-11-15,17.289198,0.019765,1,Old DAVs,2020
GaiaDR3_3984115430179696128,59170,2020-11-17,17.407391,0.02105,1,Old DAVs,2020
GaiaDR3_3984115430179696128,59173,2020-11-20,17.353313,0.020442,1,Old DAVs,2020
GaiaDR3_3984115430179696128,59177,2020-11-24,17.386063,0.020806,1,Old DAVs,2020
GaiaDR3_3984115430179696128,59180,2020-11-27,17.471012,0.02181,1,Old DAVs,2020
GaiaDR3_3984115430179696128,59182,2020-11-29,17.398024,0.020942,1,Old DAVs,2020
GaiaDR3_3984115430179696128,59183,2020-11-30,17.383186,0.020773,1,Old DAVs,2020
GaiaDR3_3984115430179696128,59184,2020-12-01,17.359783,0.020513,1,Old DAVs,2020
GaiaDR3_3984115430179696128,59185,2020-12-02,17.354498,0.014464,2,Old DAVs,2020
GaiaDR3_3984115430179696128,59186,2020-12-03,17.424183,0.021245,1,Old DAVs,2020
GaiaDR3_3984115430179696128,59187,2020-12-04,17.32735,0.014258,2,Old DAVs,2020
GaiaDR3_3984115430179696128,59188,2020-12-05,17.38932,0.020843,1,Old DAVs,2020
GaiaDR3_3984115430179696128,59194,2020-12-11,17.31741,0.020057,1,Old DAVs,2020
GaiaDR3_3984115430179696128,59198,2020-12-15,17.32502,0.020138,1,Old DAVs,2020
GaiaDR3_3984115430179696128,59205,2020-12-22,17.379841,0.020736,1,Old DAVs,2020
GaiaDR3_3984115430179696128,59215,2021-01-01,17.427088,0.02128,1,Old DAVs,2021
GaiaDR3_3984115430179696128,59219,2021-01-05,17.387566,0.020823,1,Old DAVs,2021
GaiaDR3_3984115430179696128,59221,2021-01-07,17.386635,0.020812,1,Old DAVs,2021
GaiaDR3_3984115430179696128,59223,2021-01-09,17.280838,0.01968,1,Old DAVs,2021
GaiaDR3_3984115430179696128,59225,2021-01-11,17.232239,0.019202,1,Old DAVs,2021
GaiaDR3_3984115430179696128,59227,2021-01-13,17.353893,0.020448,1,Old DAVs,2021
GaiaDR3_3984115430179696128,59248,2021-02-03,17.376884,0.020703,1,Old DAVs,2021
GaiaDR3_3984115430179696128,59250,2021-02-05,17.261694,0.019489,1,Old DAVs,2021
GaiaDR3_3984115430179696128,59252,2021-02-07,17.337009,0.020266,1,Old DAVs,2021
GaiaDR3_3984115430179696128,59256,2021-02-11,17.305679,0.019935,1,Old DAVs,2021
GaiaDR3_3984115430179696128,59258,2021-02-13,17.297729,0.019853,1,Old DAVs,2021
GaiaDR3_3984115430179696128,59262,2021-02-17,17.355644,0.020468,1,Old DAVs,2021
GaiaDR3_3984115430179696128,59264,2021-02-19,17.301174,0.019888,1,Old DAVs,2021
GaiaDR3_3984115430179696128,59266,2021-02-21,17.353357,0.020443,1,Old DAVs,2021
GaiaDR3_3984115430179696128,59267,2021-02-22,17.359562,0.020511,1,Old DAVs,2021
GaiaDR3_3984115430179696128,59268,2021-02-23,17.324921,0.021434,5,Old DAVs,2021
GaiaDR3_3984115430179696128,59269,2021-02-24,17.386402,0.014715,2,Old DAVs,2021
GaiaDR3_3984115430179696128,59270,2021-02-25,17.380626,0.014669,2,Old DAVs,2021
GaiaDR3_3984115430179696128,59274,2021-03-01,17.348801,0.020393,1,Old DAVs,2021
GaiaDR3_3984115430179696128,59275,2021-03-02,17.364492,0.020565,1,Old DAVs,2021
GaiaDR3_3984115430179696128,59276,2021-03-03,17.334972,0.045082,2,Old DAVs,2021
GaiaDR3_3984115430179696128,59280,2021-03-07,17.343559,0.020336,1,Old DAVs,2021
GaiaDR3_3984115430179696128,59290,2021-03-17,17.38278,0.020769,1,Old DAVs,2021
GaiaDR3_3984115430179696128,59292,2021-03-19,17.388962,0.020839,1,Old DAVs,2021
GaiaDR3_3984115430179696128,59295,2021-03-22,17.362236,0.02054,1,Old DAVs,2021
GaiaDR3_3984115430179696128,59297,2021-03-24,17.291372,0.019787,1,Old DAVs,2021
GaiaDR3_3984115430179696128,59301,2021-03-28,17.32616,0.035225,4,Old DAVs,2021
GaiaDR3_3984115430179696128,59302,2021-03-29,17.351574,0.020423,1,Old DAVs,2021
GaiaDR3_3984115430179696128,59303,2021-03-30,17.394331,0.014779,2,Old DAVs,2021
GaiaDR3_3984115430179696128,59304,2021-03-31,17.31535,0.027086,3,Old DAVs,2021
GaiaDR3_3984115430179696128,59305,2021-04-01,17.328053,0.014262,2,Old DAVs,2021
GaiaDR3_3984115430179696128,59307,2021-04-03,17.293789,0.019812,1,Old DAVs,2021
GaiaDR3_3984115430179696128,59309,2021-04-05,17.32828,0.020172,1,Old DAVs,2021
GaiaDR3_3984115430179696128,59311,2021-04-07,17.291063,0.019784,1,Old DAVs,2021
GaiaDR3_3984115430179696128,59313,2021-04-09,17.288811,0.019761,1,Old DAVs,2021
GaiaDR3_3984115430179696128,59315,2021-04-11,17.378037,0.020716,1,Old DAVs,2021
GaiaDR3_3984115430179696128,59317,2021-04-13,17.372347,0.020652,1,Old DAVs,2021
GaiaDR3_3984115430179696128,59320,2021-04-16,17.330128,0.020192,1,Old DAVs,2021
GaiaDR3_3984115430179696128,59324,2021-04-20,17.35903,0.020505,1,Old DAVs,2021
GaiaDR3_3984115430179696128,59329,2021-04-25,17.362064,0.020538,1,Old DAVs,2021
GaiaDR3_3984115430179696128,59335,2021-05-01,17.321438,0.0201,1,Old DAVs,2021
GaiaDR3_3984115430179696128,59338,2021-05-04,17.275753,0.019629,1,Old DAVs,2021
GaiaDR3_3984115430179696128,59340,2021-05-06,17.306435,0.019943,1,Old DAVs,2021
GaiaDR3_3984115430179696128,59342,2021-05-08,17.329821,0.020189,1,Old DAVs,2021
GaiaDR3_3984115430179696128,59344,2021-05-10,17.368519,0.020609,1,Old DAVs,2021
GaiaDR3_3984115430179696128,59346,2021-05-12,17.315971,0.020042,1,Old DAVs,2021
GaiaDR3_3984115430179696128,59348,2021-05-14,17.288311,0.019756,1,Old DAVs,2021
GaiaDR3_3984115430179696128,59350,2021-05-16,17.394112,0.020897,1,Old DAVs,2021
GaiaDR3_3984115430179696128,59356,2021-05-22,17.398422,0.020946,1,Old DAVs,2021
GaiaDR3_3984115430179696128,59358,2021-05-24,17.354408,0.020454,1,Old DAVs,2021
GaiaDR3_3984115430179696128,59361,2021-05-27,17.312405,0.020005,1,Old DAVs,2021
GaiaDR3_3984115430179696128,59363,2021-05-29,17.381437,0.020754,1,Old DAVs,2021
GaiaDR3_3984115430179696128,59365,2021-05-31,17.355595,0.020467,1,Old DAVs,2021
GaiaDR3_3984115430179696128,59367,2021-06-02,17.360283,0.020518,1,Old DAVs,2021
GaiaDR3_3984115430179696128,59369,2021-06-04,17.295391,0.019829,1,Old DAVs,2021
GaiaDR3_3984115430179696128,59385,2021-06-20,17.343681,0.020337,1,Old DAVs,2021
GaiaDR3_3984115430179696128,59522,2021-11-04,17.343426,0.020335,1,Old DAVs,2021
GaiaDR3_3984115430179696128,59524,2021-11-06,17.403238,0.021002,1,Old DAVs,2021
GaiaDR3_3984115430179696128,59526,2021-11-08,17.316647,0.020049,1,Old DAVs,2021
GaiaDR3_3984115430179696128,59528,2021-11-10,17.299347,0.019869,1,Old DAVs,2021
GaiaDR3_3984115430179696128,59530,2021-11-12,17.360203,0.020518,1,Old DAVs,2021
GaiaDR3_3984115430179696128,59532,2021-11-14,17.411598,0.021098,1,Old DAVs,2021
GaiaDR3_3984115430179696128,59550,2021-12-02,17.308369,0.019963,1,Old DAVs,2021
GaiaDR3_3984115430179696128,59622,2022-02-12,17.365586,0.015854,2,Old DAVs,2022
GaiaDR3_3984115430179696128,59624,2022-02-14,17.314888,0.020031,1,Old DAVs,2022
GaiaDR3_3984115430179696128,59629,2022-02-19,17.358543,0.020499,1,Old DAVs,2022
GaiaDR3_3984115430179696128,59636,2022-02-26,17.30164,0.019893,1,Old DAVs,2022
GaiaDR3_3984115430179696128,59639,2022-03-01,17.395382,0.020912,1,Old DAVs,2022
GaiaDR3_3984115430179696128,59641,2022-03-03,17.272144,0.019593,1,Old DAVs,2022
GaiaDR3_3984115430179696128,59671,2022-04-02,17.308439,0.019964,1,Old DAVs,2022
GaiaDR3_3984115430179696128,59678,2022-04-09,17.324026,0.020127,1,Old DAVs,2022
GaiaDR3_3984115430179696128,59684,2022-04-15,17.402916,0.020998,1,Old DAVs,2022
GaiaDR3_3984115430179696128,59687,2022-04-18,17.415417,0.021143,1,Old DAVs,2022
GaiaDR3_3984115430179696128,59689,2022-04-20,17.324848,0.020136,1,Old DAVs,2022
GaiaDR3_3984115430179696128,59693,2022-04-24,17.392464,0.020878,1,Old DAVs,2022
GaiaDR3_3984115430179696128,59697,2022-04-28,17.305698,0.019935,1,Old DAVs,2022
GaiaDR3_3984115430179696128,59699,2022-04-30,17.366886,0.020591,1,Old DAVs,2022
GaiaDR3_3984115430179696128,59701,2022-05-02,17.379421,0.020731,1,Old DAVs,2022
GaiaDR3_3984115430179696128,59703,2022-05-04,17.379858,0.020736,1,Old DAVs,2022
GaiaDR3_3984115430179696128,59711,2022-05-12,17.314388,0.015474,2,Old DAVs,2022
GaiaDR3_3984115430179696128,59713,2022-05-14,17.331558,0.020207,1,Old DAVs,2022
GaiaDR3_3984115430179696128,59715,2022-05-16,17.34156,0.020315,1,Old DAVs,2022
GaiaDR3_3984115430179696128,59723,2022-05-24,17.347202,0.020376,1,Old DAVs,2022
GaiaDR3_3984115430179696128,59726,2022-05-27,17.310936,0.01999,1,Old DAVs,2022
GaiaDR3_3984115430179696128,59731,2022-06-01,17.409756,0.021077,1,Old DAVs,2022
GaiaDR3_3984115430179696128,59741,2022-06-11,17.383003,0.020771,1,Old DAVs,2022
GaiaDR3_3984115430179696128,59743,2022-06-13,17.344845,0.02035,1,Old DAVs,2022
GaiaDR3_3984115430179696128,59893,2022-11-10,17.382086,0.020761,1,Old DAVs,2022
GaiaDR3_3984115430179696128,59897,2022-11-14,17.376987,0.020704,1,Old DAVs,2022
GaiaDR3_3984115430179696128,59902,2022-11-19,17.264803,0.01952,1,Old DAVs,2022
GaiaDR3_3984115430179696128,59906,2022-11-23,17.380024,0.020738,1,Old DAVs,2022
GaiaDR3_3984115430179696128,59909,2022-11-26,17.252514,0.019398,1,Old DAVs,2022
GaiaDR3_3984115430179696128,59930,2022-12-17,17.340168,0.0203,1,Old DAVs,2022
GaiaDR3_3984115430179696128,59937,2022-12-24,17.359579,0.020511,1,Old DAVs,2022
GaiaDR3_3984115430179696128,59951,2023-01-07,17.305979,0.023661,1,Old DAVs,2023
GaiaDR3_3984115430179696128,59957,2023-01-13,17.387001,0.020816,1,Old DAVs,2023
GaiaDR3_3984115430179696128,59966,2023-01-22,17.289883,0.019772,1,Old DAVs,2023
GaiaDR3_3984115430179696128,59993,2023-02-18,17.283607,0.023443,1,Old DAVs,2023
GaiaDR3_3984115430179696128,60020,2023-03-17,17.28829,0.019756,1,Old DAVs,2023
GaiaDR3_3984115430179696128,60031,2023-03-28,17.365713,0.020578,1,Old DAVs,2023
GaiaDR3_3984115430179696128,60046,2023-04-12,17.304616,0.015404,2,Old DAVs,2023
GaiaDR3_3984115430179696128,60050,2023-04-16,17.337444,0.02027,1,Old DAVs,2023
GaiaDR3_3984115430179696128,60052,2023-04-18,17.284595,0.019718,1,Old DAVs,2023
GaiaDR3_3984115430179696128,60054,2023-04-20,17.30479,0.019926,1,Old DAVs,2023
GaiaDR3_3984115430179696128,60056,2023-04-22,17.358017,0.020494,1,Old DAVs,2023
GaiaDR3_3984115430179696128,60058,2023-04-24,17.30578,0.019936,1,Old DAVs,2023
GaiaDR3_3984115430179696128,60060,2023-04-26,17.341598,0.020315,1,Old DAVs,2023
GaiaDR3_3984115430179696128,60062,2023-04-28,17.302399,0.019901,1,Old DAVs,2023
GaiaDR3_3984115430179696128,60067,2023-05-03,17.296509,0.01984,1,Old DAVs,2023
GaiaDR3_3984115430179696128,60077,2023-05-13,17.379271,0.020729,1,Old DAVs,2023
GaiaDR3_3984115430179696128,60084,2023-05-20,17.275024,0.019622,1,Old DAVs,2023
GaiaDR3_3984115430179696128,60086,2023-05-22,17.330071,0.014278,2,Old DAVs,2023
GaiaDR3_3984115430179696128,60088,2023-05-24,17.300905,0.019885,1,Old DAVs,2023
GaiaDR3_3984115430179696128,60099,2023-06-04,17.341614,0.020315,1,Old DAVs,2023
GaiaDR3_3984115430179696128,60101,2023-06-06,17.408743,0.021065,1,Old DAVs,2023
GaiaDR3_3984115430179696128,60103,2023-06-08,17.376476,0.020698,1,Old DAVs,2023
GaiaDR3_3984115430179696128,60105,2023-06-10,17.262501,0.019497,1,Old DAVs,2023
GaiaDR3_3984115430179696128,60111,2023-06-16,17.33857,0.020282,1,Old DAVs,2023
GaiaDR3_3984115430179696128,60115,2023-06-20,17.314905,0.020031,1,Old DAVs,2023
GaiaDR3_3984115430179696128,60260,2023-11-12,17.369802,0.020624,1,Old DAVs,2023
GaiaDR3_3984115430179696128,60287,2023-12-09,17.459263,0.021665,1,Old DAVs,2023
GaiaDR3_3984115430179696128,60322,2024-01-13,17.387646,0.020824,1,Old DAVs,2024
GaiaDR3_3984115430179696128,60323,2024-01-14,17.310749,0.023708,1,Old DAVs,2024
GaiaDR3_3984115430179696128,60363,2024-02-23,17.407658,0.021053,1,Old DAVs,2024
GaiaDR3_3984115430179696128,60368,2024-02-28,17.407064,0.021046,1,Old DAVs,2024
GaiaDR3_4318508939464901760,58203,2018-03-26,15.905998,0.022537,1,periodic/double-band,2018
GaiaDR3_4318508939464901760,58205,2018-03-28,16.253235,0.436757,4,periodic/double-band,2018
GaiaDR3_4318508939464901760,58206,2018-03-29,15.94602,0.191668,6,periodic/double-band,2018
GaiaDR3_4318508939464901760,58207,2018-03-30,15.82225,0.056738,2,periodic/double-band,2018
GaiaDR3_4318508939464901760,58209,2018-04-01,16.805328,0.195479,2,periodic/double-band,2018
GaiaDR3_4318508939464901760,58210,2018-04-02,15.693564,0.048771,2,periodic/double-band,2018
GaiaDR3_4318508939464901760,58211,2018-04-03,16.028466,0.078723,2,periodic/double-band,2018
GaiaDR3_4318508939464901760,58229,2018-04-21,15.780052,0.022397,1,periodic/double-band,2018
GaiaDR3_4318508939464901760,58230,2018-04-22,17.021496,0.053777,3,periodic/double-band,2018
GaiaDR3_4318508939464901760,58231,2018-04-23,16.33682,0.323308,4,periodic/double-band,2018
GaiaDR3_4318508939464901760,58232,2018-04-24,16.623468,0.024018,1,periodic/double-band,2018
GaiaDR3_4318508939464901760,58234,2018-04-26,15.762479,0.16296,3,periodic/double-band,2018
GaiaDR3_4318508939464901760,58235,2018-04-27,16.892862,0.017418,2,periodic/double-band,2018
GaiaDR3_4318508939464901760,58236,2018-04-28,15.865392,0.243752,2,periodic/double-band,2018
GaiaDR3_4318508939464901760,58237,2018-04-29,16.495157,0.236826,4,periodic/double-band,2018
GaiaDR3_4318508939464901760,58244,2018-05-06,16.96007,0.025286,1,periodic/double-band,2018
GaiaDR3_4318508939464901760,58246,2018-05-08,16.665716,0.013582,3,periodic/double-band,2018
GaiaDR3_4318508939464901760,58247,2018-05-09,15.799219,0.026884,2,periodic/double-band,2018
GaiaDR3_4318508939464901760,58252,2018-05-14,16.650507,0.024104,1,periodic/double-band,2018
GaiaDR3_4318508939464901760,58254,2018-05-16,16.971374,0.025338,1,periodic/double-band,2018
GaiaDR3_4318508939464901760,58255,2018-05-17,16.857994,0.024056,1,periodic/double-band,2018
GaiaDR3_4318508939464901760,58262,2018-05-24,15.751966,0.017308,1,periodic/double-band,2018
GaiaDR3_4318508939464901760,58263,2018-05-25,17.058373,0.025264,1,periodic/double-band,2018
GaiaDR3_4318508939464901760,58266,2018-05-28,16.958571,0.062495,2,periodic/double-band,2018
GaiaDR3_4318508939464901760,58267,2018-05-29,15.531124,0.020963,1,periodic/double-band,2018
GaiaDR3_4318508939464901760,58269,2018-05-31,15.830146,0.023275,2,periodic/double-band,2018
GaiaDR3_4318508939464901760,58270,2018-06-01,17.113591,0.01828,2,periodic/double-band,2018
GaiaDR3_4318508939464901760,58272,2018-06-03,17.124332,0.026093,1,periodic/double-band,2018
GaiaDR3_4318508939464901760,58273,2018-06-04,16.545311,0.168562,3,periodic/double-band,2018
GaiaDR3_4318508939464901760,58274,2018-06-05,17.157888,0.018471,2,periodic/double-band,2018
GaiaDR3_4318508939464901760,58276,2018-06-07,16.463415,0.364504,3,periodic/double-band,2018
GaiaDR3_4318508939464901760,58277,2018-06-08,16.781277,0.165422,4,periodic/double-band,2018
GaiaDR3_4318508939464901760,58278,2018-06-09,16.849922,0.024013,1,periodic/double-band,2018
GaiaDR3_4318508939464901760,58279,2018-06-10,16.391447,0.201611,3,periodic/double-band,2018
GaiaDR3_4318508939464901760,58280,2018-06-11,16.050785,0.022735,1,periodic/double-band,2018
GaiaDR3_4318508939464901760,58281,2018-06-12,16.943291,0.01783,2,periodic/double-band,2018
GaiaDR3_4318508939464901760,58282,2018-06-13,16.689962,0.025635,3,periodic/double-band,2018
GaiaDR3_4318508939464901760,58284,2018-06-15,17.1329,0.025789,1,periodic/double-band,2018
GaiaDR3_4318508939464901760,58285,2018-06-16,17.120406,0.031319,2,periodic/double-band,2018
GaiaDR3_4318508939464901760,58286,2018-06-17,17.231036,0.01882,2,periodic/double-band,2018
GaiaDR3_4318508939464901760,58288,2018-06-19,17.095253,0.205835,3,periodic/double-band,2018
GaiaDR3_4318508939464901760,58289,2018-06-20,16.709229,0.166864,2,periodic/double-band,2018
GaiaDR3_4318508939464901760,58290,2018-06-21,16.026928,0.021393,1,periodic/double-band,2018
GaiaDR3_4318508939464901760,58291,2018-06-22,15.639669,0.017144,1,periodic/double-band,2018
GaiaDR3_4318508939464901760,58292,2018-06-23,16.396448,0.023399,1,periodic/double-band,2018
GaiaDR3_4318508939464901760,58293,2018-06-24,16.831776,0.023918,1,periodic/double-band,2018
GaiaDR3_4318508939464901760,58294,2018-06-25,17.097235,0.354456,3,periodic/double-band,2018
GaiaDR3_4318508939464901760,58295,2018-06-26,17.074675,0.025375,1,periodic/double-band,2018
GaiaDR3_4318508939464901760,58296,2018-06-27,17.111771,0.026027,1,periodic/double-band,2018
GaiaDR3_4318508939464901760,58300,2018-07-01,16.011942,0.017787,1,periodic/double-band,2018
GaiaDR3_4318508939464901760,58301,2018-07-02,17.039871,0.017967,2,periodic/double-band,2018
GaiaDR3_4318508939464901760,58302,2018-07-03,16.888733,0.024977,1,periodic/double-band,2018
GaiaDR3_4318508939464901760,58303,2018-07-04,17.126764,0.030275,3,periodic/double-band,2018
GaiaDR3_4318508939464901760,58304,2018-07-05,17.005403,0.019574,2,periodic/double-band,2018
GaiaDR3_4318508939464901760,58305,2018-07-06,16.885822,0.017386,2,periodic/double-band,2018
GaiaDR3_4318508939464901760,58306,2018-07-07,16.225185,0.018304,1,periodic/double-band,2018
GaiaDR3_4318508939464901760,58307,2018-07-08,17.11282,0.026032,1,periodic/double-band,2018
GaiaDR3_4318508939464901760,58308,2018-07-09,16.73539,0.023448,1,periodic/double-band,2018
GaiaDR3_4318508939464901760,58310,2018-07-11,17.042155,0.044091,2,periodic/double-band,2018
GaiaDR3_4318508939464901760,58311,2018-07-12,15.833593,0.021151,1,periodic/double-band,2018
GaiaDR3_4318508939464901760,58312,2018-07-13,16.913955,0.01749,2,periodic/double-band,2018
GaiaDR3_4318508939464901760,58313,2018-07-14,15.668378,0.022295,1,periodic/double-band,2018
GaiaDR3_4318508939464901760,58314,2018-07-15,16.633852,0.29576,2,periodic/double-band,2018
GaiaDR3_4318508939464901760,58315,2018-07-16,17.051495,0.025718,1,periodic/double-band,2018
GaiaDR3_4318508939464901760,58316,2018-07-17,16.807022,0.075012,2,periodic/double-band,2018
GaiaDR3_4318508939464901760,58317,2018-07-18,16.723225,0.023392,1,periodic/double-band,2018
GaiaDR3_4318508939464901760,58318,2018-07-19,16.944719,0.025218,1,periodic/double-band,2018
GaiaDR3_4318508939464901760,58319,2018-07-20,15.994312,0.05637,2,periodic/double-band,2018
GaiaDR3_4318508939464901760,58320,2018-07-21,15.913167,0.022546,1,periodic/double-band,2018
GaiaDR3_4318508939464901760,58321,2018-07-22,16.538464,0.023767,1,periodic/double-band,2018
GaiaDR3_4318508939464901760,58322,2018-07-23,16.348941,0.370774,2,periodic/double-band,2018
GaiaDR3_4318508939464901760,58323,2018-07-24,15.913383,0.332846,3,periodic/double-band,2018
GaiaDR3_4318508939464901760,58324,2018-07-25,17.194672,0.026259,1,periodic/double-band,2018
GaiaDR3_4318508939464901760,58325,2018-07-26,16.187954,0.022963,1,periodic/double-band,2018
GaiaDR3_4318508939464901760,58326,2018-07-27,16.70194,0.024022,2,periodic/double-band,2018
GaiaDR3_4318508939464901760,58328,2018-07-29,16.285095,0.0219,1,periodic/double-band,2018
GaiaDR3_4318508939464901760,58329,2018-07-30,16.515135,0.023702,1,periodic/double-band,2018
GaiaDR3_4318508939464901760,58330,2018-07-31,16.062896,0.015629,2,periodic/double-band,2018
GaiaDR3_4318508939464901760,58331,2018-08-01,15.875962,0.01545,2,periodic/double-band,2018
GaiaDR3_4318508939464901760,58332,2018-08-02,16.298746,0.014737,2,periodic/double-band,2018
GaiaDR3_4318508939464901760,58336,2018-08-06,15.901411,0.022532,1,periodic/double-band,2018
GaiaDR3_4318508939464901760,58337,2018-08-07,16.920963,0.025114,1,periodic/double-band,2018
GaiaDR3_4318508939464901760,58338,2018-08-08,16.774063,0.021541,2,periodic/double-band,2018
GaiaDR3_4318508939464901760,58344,2018-08-14,16.494717,0.159021,3,periodic/double-band,2018
GaiaDR3_4318508939464901760,58348,2018-08-18,16.782558,0.041649,3,periodic/double-band,2018
GaiaDR3_4318508939464901760,58350,2018-08-20,16.535405,0.370526,2,periodic/double-band,2018
GaiaDR3_4318508939464901760,58351,2018-08-21,16.937218,0.101859,2,periodic/double-band,2018
GaiaDR3_4318508939464901760,58352,2018-08-22,16.280819,0.023143,1,periodic/double-band,2018
GaiaDR3_4318508939464901760,58360,2018-08-30,16.601159,0.159607,2,periodic/double-band,2018
GaiaDR3_4318508939464901760,58363,2018-09-02,16.844219,0.013819,3,periodic/double-band,2018
GaiaDR3_4318508939464901760,58364,2018-09-03,16.724007,0.180205,2,periodic/double-band,2018
GaiaDR3_4318508939464901760,58365,2018-09-04,16.90612,0.017449,2,periodic/double-band,2018
GaiaDR3_4318508939464901760,58366,2018-09-05,17.016483,0.300015,3,periodic/double-band,2018
GaiaDR3_4318508939464901760,58367,2018-09-06,16.483488,0.353818,2,periodic/double-band,2018
GaiaDR3_4318508939464901760,58368,2018-09-07,16.527899,0.174434,2,periodic/double-band,2018
GaiaDR3_4318508939464901760,58369,2018-09-08,16.64434,0.015493,2,periodic/double-band,2018
GaiaDR3_4318508939464901760,58370,2018-09-09,16.746883,0.016938,2,periodic/double-band,2018
GaiaDR3_4318508939464901760,58371,2018-09-10,16.548231,0.023794,1,periodic/double-band,2018
GaiaDR3_4318508939464901760,58372,2018-09-11,16.07645,0.061172,2,periodic/double-band,2018
GaiaDR3_4318508939464901760,58373,2018-09-12,16.947086,0.025228,1,periodic/double-band,2018
GaiaDR3_4318508939464901760,58374,2018-09-13,15.785743,0.031133,2,periodic/double-band,2018
GaiaDR3_4318508939464901760,58375,2018-09-14,15.626719,0.02782,2,periodic/double-band,2018
GaiaDR3_4318508939464901760,58377,2018-09-16,16.578421,0.136832,2,periodic/double-band,2018
GaiaDR3_4318508939464901760,58378,2018-09-17,16.331892,0.049159,3,periodic/double-band,2018
GaiaDR3_4318508939464901760,58379,2018-09-18,16.306717,0.021953,1,periodic/double-band,2018
GaiaDR3_4318508939464901760,58381,2018-09-20,16.326237,0.282382,2,periodic/double-band,2018
GaiaDR3_4318508939464901760,58382,2018-09-21,16.014885,0.022682,1,periodic/double-band,2018
GaiaDR3_4318508939464901760,58383,2018-09-22,16.414144,0.238492,2,periodic/double-band,2018
GaiaDR3_4318508939464901760,58384,2018-09-23,16.618883,0.024004,1,periodic/double-band,2018
GaiaDR3_4318508939464901760,58385,2018-09-24,16.794286,0.017094,2,periodic/double-band,2018
GaiaDR3_4318508939464901760,58386,2018-09-25,16.752386,0.023527,1,periodic/double-band,2018
GaiaDR3_4318508939464901760,58387,2018-09-26,16.376949,0.02214,1,periodic/double-band,2018
GaiaDR3_4318508939464901760,58389,2018-09-28,15.621261,0.020998,1,periodic/double-band,2018
GaiaDR3_4318508939464901760,58390,2018-09-29,15.858799,0.021275,2,periodic/double-band,2018
GaiaDR3_4318508939464901760,58399,2018-10-08,16.494625,0.019156,1,periodic/double-band,2018
GaiaDR3_4318508939464901760,58423,2018-11-01,15.838751,0.017452,1,periodic/double-band,2018
GaiaDR3_4318508939464901760,58425,2018-11-03,16.821777,0.024708,1,periodic/double-band,2018
GaiaDR3_4318508939464901760,58426,2018-11-04,17.017393,0.017011,2,periodic/double-band,2018
GaiaDR3_4318508939464901760,58428,2018-11-06,15.644444,0.058466,2,periodic/double-band,2018
GaiaDR3_4318508939464901760,58429,2018-11-07,16.94083,0.16533,3,periodic/double-band,2018
GaiaDR3_4318508939464901760,58430,2018-11-08,17.053862,0.018015,2,periodic/double-band,2018
GaiaDR3_4318508939464901760,58431,2018-11-09,16.884541,0.022591,2,periodic/double-band,2018
GaiaDR3_4318508939464901760,58432,2018-11-10,15.806332,0.089661,3,periodic/double-band,2018
GaiaDR3_4318508939464901760,58435,2018-11-13,16.487271,0.259779,2,periodic/double-band,2018
GaiaDR3_4318508939464901760,58558,2019-03-16,16.123848,0.021556,1,periodic/double-band,2019
GaiaDR3_4318508939464901760,58568,2019-03-26,16.289379,0.023161,1,periodic/double-band,2019
GaiaDR3_4318508939464901760,58581,2019-04-08,16.338486,0.016017,2,periodic/double-band,2019
GaiaDR3_4318508939464901760,58582,2019-04-09,15.360173,0.022106,1,periodic/double-band,2019
GaiaDR3_4318508939464901760,58584,2019-04-11,16.267708,0.025142,2,periodic/double-band,2019
GaiaDR3_4318508939464901760,58586,2019-04-13,15.147961,0.015652,2,periodic/double-band,2019
GaiaDR3_4318508939464901760,58600,2019-04-27,16.251492,0.040693,2,periodic/double-band,2019
GaiaDR3_4318508939464901760,58605,2019-05-02,16.299259,0.023182,1,periodic/double-band,2019
GaiaDR3_4318508939464901760,58606,2019-05-03,15.970047,0.154081,2,periodic/double-band,2019
GaiaDR3_4318508939464901760,58607,2019-05-04,16.548054,0.019356,1,periodic/double-band,2019
GaiaDR3_4318508939464901760,58608,2019-05-05,15.196427,0.022052,1,periodic/double-band,2019
GaiaDR3_4318508939464901760,58617,2019-05-14,15.319699,0.069276,2,periodic/double-band,2019
GaiaDR3_4318508939464901760,58628,2019-05-25,16.361519,0.018603,3,periodic/double-band,2019
GaiaDR3_4318508939464901760,58632,2019-05-29,16.277327,0.01845,1,periodic/double-band,2019
GaiaDR3_4318508939464901760,58633,2019-05-30,16.173988,0.012501,3,periodic/double-band,2019
GaiaDR3_4318508939464901760,58634,2019-05-31,15.072354,0.031599,2,periodic/double-band,2019
GaiaDR3_4318508939464901760,58637,2019-06-03,16.380474,0.023362,1,periodic/double-band,2019
GaiaDR3_4318508939464901760,58639,2019-06-05,15.188315,0.020966,1,periodic/double-band,2019
GaiaDR3_4318508939464901760,58640,2019-06-06,16.315002,0.031417,2,periodic/double-band,2019
GaiaDR3_4318508939464901760,58642,2019-06-08,16.035484,0.012359,3,periodic/double-band,2019
GaiaDR3_4318508939464901760,58643,2019-06-09,16.434441,0.022308,1,periodic/double-band,2019
GaiaDR3_4318508939464901760,58646,2019-06-12,16.447637,0.016222,2,periodic/double-band,2019
GaiaDR3_4318508939464901760,58647,2019-06-13,16.493927,0.023645,1,periodic/double-band,2019
GaiaDR3_4318508939464901760,58648,2019-06-14,15.134397,0.016652,1,periodic/double-band,2019
GaiaDR3_4318508939464901760,58649,2019-06-15,16.311386,0.027728,2,periodic/double-band,2019
GaiaDR3_4318508939464901760,58651,2019-06-17,15.305085,0.020431,2,periodic/double-band,2019
GaiaDR3_4318508939464901760,58653,2019-06-19,16.109262,0.044951,2,periodic/double-band,2019
GaiaDR3_4318508939464901760,58654,2019-06-20,16.472546,0.025931,3,periodic/double-band,2019
GaiaDR3_4318508939464901760,58655,2019-06-21,16.28656,0.022185,3,periodic/double-band,2019
GaiaDR3_4318508939464901760,58658,2019-06-24,16.367189,0.022622,2,periodic/double-band,2019
GaiaDR3_4318508939464901760,58660,2019-06-26,16.481399,0.022457,1,periodic/double-band,2019
GaiaDR3_4318508939464901760,58661,2019-06-27,16.699396,0.078035,3,periodic/double-band,2019
GaiaDR3_4318508939464901760,58662,2019-06-28,16.549027,0.051147,3,periodic/double-band,2019
GaiaDR3_4318508939464901760,58663,2019-06-29,15.527187,0.022193,1,periodic/double-band,2019
GaiaDR3_4318508939464901760,58665,2019-07-01,15.581478,0.257264,3,periodic/double-band,2019
GaiaDR3_4318508939464901760,58666,2019-07-02,16.10962,0.015682,2,periodic/double-band,2019
GaiaDR3_4318508939464901760,58667,2019-07-03,16.535496,0.023758,1,periodic/double-band,2019
GaiaDR3_4318508939464901760,58668,2019-07-04,15.393232,0.027255,3,periodic/double-band,2019
GaiaDR3_4318508939464901760,58669,2019-07-05,16.123968,0.025985,2,periodic/double-band,2019
GaiaDR3_4318508939464901760,58670,2019-07-06,16.177325,0.01577,2,periodic/double-band,2019
GaiaDR3_4318508939464901760,58672,2019-07-08,16.547865,0.016429,2,periodic/double-band,2019
GaiaDR3_4318508939464901760,58673,2019-07-09,16.3074,0.021955,1,periodic/double-band,2019
GaiaDR3_4318508939464901760,58674,2019-07-10,15.281918,0.020946,1,periodic/double-band,2019
GaiaDR3_4318508939464901760,58675,2019-07-11,16.432409,0.022302,1,periodic/double-band,2019
GaiaDR3_4318508939464901760,58676,2019-07-12,16.481628,0.022457,1,periodic/double-band,2019
GaiaDR3_4318508939464901760,58677,2019-07-13,16.610409,0.015035,2,periodic/double-band,2019
GaiaDR3_4318508939464901760,58678,2019-07-14,16.49671,0.019163,1,periodic/double-band,2019
GaiaDR3_4318508939464901760,58680,2019-07-16,16.668056,0.019847,1,periodic/double-band,2019
GaiaDR3_4318508939464901760,58684,2019-07-20,16.661009,0.016716,2,periodic/double-band,2019
GaiaDR3_4318508939464901760,58685,2019-07-21,16.635088,0.016638,2,periodic/double-band,2019
GaiaDR3_4318508939464901760,58688,2019-07-24,16.343914,0.031615,3,periodic/double-band,2019
GaiaDR3_4318508939464901760,58691,2019-07-27,15.739712,0.028619,2,periodic/double-band,2019
GaiaDR3_4318508939464901760,58693,2019-07-29,16.607952,0.390314,3,periodic/double-band,2019
GaiaDR3_4318508939464901760,58694,2019-07-30,15.469089,0.016006,2,periodic/double-band,2019
GaiaDR3_4318508939464901760,58695,2019-07-31,16.322414,0.021993,1,periodic/double-band,2019
GaiaDR3_4318508939464901760,58696,2019-08-01,15.259283,0.020111,2,periodic/double-band,2019
GaiaDR3_4318508939464901760,58697,2019-08-02,15.582892,0.251608,3,periodic/double-band,2019
GaiaDR3_4318508939464901760,58699,2019-08-04,16.624249,0.275703,3,periodic/double-band,2019
GaiaDR3_4318508939464901760,58700,2019-08-05,16.549008,0.185398,6,periodic/double-band,2019
GaiaDR3_4318508939464901760,58701,2019-08-06,15.585836,0.213876,2,periodic/double-band,2019
GaiaDR3_4318508939464901760,58702,2019-08-07,16.333843,0.397992,3,periodic/double-band,2019
GaiaDR3_4318508939464901760,58703,2019-08-08,16.05767,0.23861,6,periodic/double-band,2019
GaiaDR3_4318508939464901760,58704,2019-08-09,15.410144,0.28406,6,periodic/double-band,2019
GaiaDR3_4318508939464901760,58705,2019-08-10,16.112396,0.099427,5,periodic/double-band,2019
GaiaDR3_4318508939464901760,58706,2019-08-11,15.548412,0.260306,4,periodic/double-band,2019
GaiaDR3_4318508939464901760,58707,2019-08-12,16.508739,0.064989,6,periodic/double-band,2019
GaiaDR3_4318508939464901760,58708,2019-08-13,15.50064,0.139369,5,periodic/double-band,2019
GaiaDR3_4318508939464901760,58709,2019-08-14,16.56741,0.116523,5,periodic/double-band,2019
GaiaDR3_4318508939464901760,58716,2019-08-21,16.166996,0.22312,3,periodic/double-band,2019
GaiaDR3_4318508939464901760,58722,2019-08-27,15.613886,0.020994,1,periodic/double-band,2019
GaiaDR3_4318508939464901760,58725,2019-08-30,16.154434,0.281972,3,periodic/double-band,2019
GaiaDR3_4318508939464901760,58733,2019-09-07,16.511353,0.013438,3,periodic/double-band,2019
GaiaDR3_4318508939464901760,58737,2019-09-11,15.311318,0.301443,3,periodic/double-band,2019
GaiaDR3_4318508939464901760,58740,2019-09-14,16.435223,0.023493,1,periodic/double-band,2019
GaiaDR3_4318508939464901760,58741,2019-09-15,16.227249,0.01831,1,periodic/double-band,2019
GaiaDR3_4318508939464901760,58743,2019-09-17,15.606789,0.022247,1,periodic/double-band,2019
GaiaDR3_4318508939464901760,58744,2019-09-18,16.541985,0.019332,1,periodic/double-band,2019
GaiaDR3_4318508939464901760,58746,2019-09-20,15.993206,0.022651,1,periodic/double-band,2019
GaiaDR3_4318508939464901760,58754,2019-09-28,16.403358,0.01613,2,periodic/double-band,2019
GaiaDR3_4318508939464901760,58757,2019-10-01,15.51761,0.199177,3,periodic/double-band,2019
GaiaDR3_4318508939464901760,58760,2019-10-04,15.420653,0.020942,1,periodic/double-band,2019
GaiaDR3_4318508939464901760,58765,2019-10-09,16.116627,0.027238,3,periodic/double-band,2019
GaiaDR3_4318508939464901760,58768,2019-10-12,15.255008,0.037694,3,periodic/double-band,2019
GaiaDR3_4318508939464901760,58775,2019-10-19,15.506179,0.01525,2,periodic/double-band,2019
GaiaDR3_4318508939464901760,58778,2019-10-22,15.623978,0.051917,3,periodic/double-band,2019
GaiaDR3_4318508939464901760,58781,2019-10-25,16.661251,0.015918,3,periodic/double-band,2019
GaiaDR3_4318508939464901760,58785,2019-10-29,16.463059,0.144343,2,periodic/double-band,2019
GaiaDR3_4318508939464901760,58789,2019-11-02,16.143867,0.047489,3,periodic/double-band,2019
GaiaDR3_4318508939464901760,58792,2019-11-05,15.730555,0.162692,3,periodic/double-band,2019
GaiaDR3_4318508939464901760,58795,2019-11-08,16.77405,0.017031,2,periodic/double-band,2019
GaiaDR3_4318508939464901760,58796,2019-11-09,16.36241,0.018707,1,periodic/double-band,2019
GaiaDR3_4318508939464901760,58798,2019-11-11,16.540592,0.022658,1,periodic/double-band,2019
GaiaDR3_4318508939464901760,58804,2019-11-17,16.267386,0.022953,2,periodic/double-band,2019
GaiaDR3_4318508939464901760,58812,2019-11-25,16.654018,0.145278,3,periodic/double-band,2019
GaiaDR3_4318508939464901760,58830,2019-12-13,16.379213,0.016582,2,periodic/double-band,2019
GaiaDR3_4318508939464901760,58944,2020-04-05,16.804924,0.022739,3,periodic/double-band,2020
GaiaDR3_4318508939464901760,58954,2020-04-15,16.157373,0.022909,1,periodic/double-band,2020
GaiaDR3_4318508939464901760,58955,2020-04-16,15.599896,0.020988,1,periodic/double-band,2020
GaiaDR3_4318508939464901760,58956,2020-04-17,17.108206,0.022257,1,periodic/double-band,2020
GaiaDR3_4318508939464901760,58962,2020-04-23,15.98704,0.022643,1,periodic/double-band,2020
GaiaDR3_4318508939464901760,58963,2020-04-24,16.730795,0.163621,6,periodic/double-band,2020
GaiaDR3_4318508939464901760,58966,2020-04-27,16.718281,0.035944,3,periodic/double-band,2020
GaiaDR3_4318508939464901760,58974,2020-05-05,15.743168,0.021073,1,periodic/double-band,2020
GaiaDR3_4318508939464901760,58975,2020-05-06,16.763824,0.103134,5,periodic/double-band,2020
GaiaDR3_4318508939464901760,58976,2020-05-07,16.123623,0.022851,1,periodic/double-band,2020
GaiaDR3_4318508939464901760,58979,2020-05-10,16.777909,0.04037,2,periodic/double-band,2020
GaiaDR3_4318508939464901760,58980,2020-05-11,15.887596,0.030779,2,periodic/double-band,2020
GaiaDR3_4318508939464901760,58981,2020-05-12,16.098953,0.016084,3,periodic/double-band,2020
GaiaDR3_4318508939464901760,58984,2020-05-15,17.086635,0.037817,2,periodic/double-band,2020
GaiaDR3_4318508939464901760,58985,2020-05-16,15.888406,0.01546,2,periodic/double-band,2020
GaiaDR3_4318508939464901760,58986,2020-05-17,16.173018,0.087781,3,periodic/double-band,2020
GaiaDR3_4318508939464901760,58987,2020-05-18,16.248729,0.01587,2,periodic/double-band,2020
GaiaDR3_4318508939464901760,58991,2020-05-22,17.020067,0.017882,2,periodic/double-band,2020
GaiaDR3_4318508939464901760,58992,2020-05-23,16.925453,0.021127,1,periodic/double-band,2020
GaiaDR3_4318508939464901760,58994,2020-05-25,15.976604,0.235183,4,periodic/double-band,2020
GaiaDR3_4318508939464901760,58995,2020-05-26,16.803898,0.020481,1,periodic/double-band,2020
GaiaDR3_4318508939464901760,58996,2020-05-27,16.60501,0.067962,2,periodic/double-band,2020
GaiaDR3_4318508939464901760,58997,2020-05-28,16.83065,0.050215,2,periodic/double-band,2020
GaiaDR3_4318508939464901760,58998,2020-05-29,16.541096,0.04472,3,periodic/double-band,2020
GaiaDR3_4318508939464901760,59001,2020-06-01,16.056429,0.012367,3,periodic/double-band,2020
GaiaDR3_4318508939464901760,59002,2020-06-02,16.947945,0.017618,2,periodic/double-band,2020
GaiaDR3_4318508939464901760,59004,2020-06-04,17.119705,0.011566,5,periodic/double-band,2020
GaiaDR3_4318508939464901760,59010,2020-06-10,16.192276,0.018216,1,periodic/double-band,2020
GaiaDR3_4318508939464901760,59011,2020-06-11,16.441701,0.031846,2,periodic/double-band,2020
GaiaDR3_4318508939464901760,59012,2020-06-12,16.750519,0.023518,1,periodic/double-band,2020
GaiaDR3_4318508939464901760,59013,2020-06-13,16.725285,0.020104,1,periodic/double-band,2020
GaiaDR3_4318508939464901760,59014,2020-06-14,15.755561,0.015026,3,periodic/double-band,2020
GaiaDR3_4318508939464901760,59017,2020-06-17,16.605186,0.016569,2,periodic/double-band,2020
GaiaDR3_4318508939464901760,59018,2020-06-18,15.909668,0.015477,2,periodic/double-band,2020
GaiaDR3_4318508939464901760,59022,2020-06-22,16.622414,0.04214,3,periodic/double-band,2020
GaiaDR3_4318508939464901760,59023,2020-06-23,16.680583,0.016765,2,periodic/double-band,2020
GaiaDR3_4318508939464901760,59024,2020-06-24,16.230099,0.023042,1,periodic/double-band,2020
GaiaDR3_4318508939464901760,59026,2020-06-26,17.098686,0.018176,4,periodic/double-band,2020
GaiaDR3_4318508939464901760,59029,2020-06-29,15.724586,0.050656,3,periodic/double-band,2020
GaiaDR3_4318508939464901760,59030,2020-06-30,16.888607,0.017393,2,periodic/double-band,2020
GaiaDR3_4318508939464901760,59032,2020-07-02,16.614065,0.057847,2,periodic/double-band,2020
GaiaDR3_4318508939464901760,59034,2020-07-04,16.882687,0.03977,2,periodic/double-band,2020
GaiaDR3_4318508939464901760,59035,2020-07-05,15.639757,0.012125,3,periodic/double-band,2020
GaiaDR3_4318508939464901760,59036,2020-07-06,17.006439,0.026329,2,periodic/double-band,2020
GaiaDR3_4318508939464901760,59038,2020-07-08,16.081978,0.204692,5,periodic/double-band,2020
GaiaDR3_4318508939464901760,59040,2020-07-10,17.070187,0.039196,2,periodic/double-band,2020
GaiaDR3_4318508939464901760,59041,2020-07-11,17.166489,0.018531,3,periodic/double-band,2020
GaiaDR3_4318508939464901760,59042,2020-07-12,17.027624,0.02506,1,periodic/double-band,2020
GaiaDR3_4318508939464901760,59043,2020-07-13,15.751442,0.017307,1,periodic/double-band,2020
GaiaDR3_4318508939464901760,59044,2020-07-14,16.459812,0.053928,5,periodic/double-band,2020
GaiaDR3_4318508939464901760,59046,2020-07-16,15.880243,0.022485,2,periodic/double-band,2020
GaiaDR3_4318508939464901760,59047,2020-07-17,16.89163,0.045099,3,periodic/double-band,2020
GaiaDR3_4318508939464901760,59048,2020-07-18,16.577335,0.310554,2,periodic/double-band,2020
GaiaDR3_4318508939464901760,59050,2020-07-20,15.682739,0.268271,5,periodic/double-band,2020
GaiaDR3_4318508939464901760,59052,2020-07-22,16.506739,0.022778,2,periodic/double-band,2020
GaiaDR3_4318508939464901760,59054,2020-07-24,16.658483,0.023112,1,periodic/double-band,2020
GaiaDR3_4318508939464901760,59056,2020-07-26,16.662676,0.089295,4,periodic/double-band,2020
GaiaDR3_4318508939464901760,59059,2020-07-29,16.736473,0.024393,1,periodic/double-band,2020
GaiaDR3_4318508939464901760,59060,2020-07-30,16.603069,0.163348,5,periodic/double-band,2020
GaiaDR3_4318508939464901760,59062,2020-08-01,16.573235,0.155056,5,periodic/double-band,2020
GaiaDR3_4318508939464901760,59064,2020-08-03,16.57708,0.086163,2,periodic/double-band,2020
GaiaDR3_4318508939464901760,59065,2020-08-04,16.534878,0.023757,1,periodic/double-band,2020
GaiaDR3_4318508939464901760,59066,2020-08-05,16.187069,0.018202,1,periodic/double-band,2020
GaiaDR3_4318508939464901760,59068,2020-08-07,16.886579,0.18099,4,periodic/double-band,2020
GaiaDR3_4318508939464901760,59069,2020-08-08,15.991433,0.022649,1,periodic/double-band,2020
GaiaDR3_4318508939464901760,59071,2020-08-10,15.509095,0.020957,1,periodic/double-band,2020
GaiaDR3_4318508939464901760,59072,2020-08-11,16.798283,0.275593,3,periodic/double-band,2020
GaiaDR3_4318508939464901760,59075,2020-08-14,16.296633,0.018506,1,periodic/double-band,2020
GaiaDR3_4318508939464901760,59077,2020-08-16,16.6565,0.01669,2,periodic/double-band,2020
GaiaDR3_4318508939464901760,59078,2020-08-17,16.868299,0.017323,2,periodic/double-band,2020
GaiaDR3_4318508939464901760,59080,2020-08-19,16.834675,0.023933,1,periodic/double-band,2020
GaiaDR3_4318508939464901760,59081,2020-08-20,15.811648,0.017405,1,periodic/double-band,2020
GaiaDR3_4318508939464901760,59082,2020-08-21,16.520674,0.022912,2,periodic/double-band,2020
GaiaDR3_4318508939464901760,59084,2020-08-23,16.283663,0.245462,2,periodic/double-band,2020
GaiaDR3_4318508939464901760,59085,2020-08-24,15.731123,0.021064,1,periodic/double-band,2020
GaiaDR3_4318508939464901760,59086,2020-08-25,16.263913,0.015896,2,periodic/double-band,2020
GaiaDR3_4318508939464901760,59087,2020-08-26,15.817854,0.023226,2,periodic/double-band,2020
GaiaDR3_4318508939464901760,59088,2020-08-27,16.638773,0.195654,2,periodic/double-band,2020
GaiaDR3_4318508939464901760,59089,2020-08-28,16.336199,0.209418,3,periodic/double-band,2020
GaiaDR3_4318508939464901760,59090,2020-08-29,16.081875,0.243832,3,periodic/double-band,2020
GaiaDR3_4318508939464901760,59091,2020-08-30,16.824522,0.027639,4,periodic/double-band,2020
GaiaDR3_4318508939464901760,59092,2020-08-31,15.879042,0.188084,3,periodic/double-band,2020
GaiaDR3_4318508939464901760,59093,2020-09-01,16.560401,0.016456,2,periodic/double-band,2020
GaiaDR3_4318508939464901760,59094,2020-09-02,16.432144,0.087096,5,periodic/double-band,2020
GaiaDR3_4318508939464901760,59095,2020-09-03,16.762595,0.061279,2,periodic/double-band,2020
GaiaDR3_4318508939464901760,59096,2020-09-04,16.632036,0.01663,2,periodic/double-band,2020
GaiaDR3_4318508939464901760,59097,2020-09-05,16.739582,0.023972,2,periodic/double-band,2020
GaiaDR3_4318508939464901760,59098,2020-09-06,15.95147,0.100634,5,periodic/double-band,2020
GaiaDR3_4318508939464901760,59099,2020-09-07,16.573273,0.016887,2,periodic/double-band,2020
GaiaDR3_4318508939464901760,59109,2020-09-17,16.455933,0.023546,1,periodic/double-band,2020
GaiaDR3_4318508939464901760,59111,2020-09-19,16.992546,0.275418,3,periodic/double-band,2020
GaiaDR3_4318508939464901760,59113,2020-09-21,16.2485,0.285512,4,periodic/double-band,2020
GaiaDR3_4318508939464901760,59114,2020-09-22,16.343507,0.212212,2,periodic/double-band,2020
GaiaDR3_4318508939464901760,59115,2020-09-23,16.322208,0.384975,2,periodic/double-band,2020
GaiaDR3_4318508939464901760,59116,2020-09-24,16.783609,0.126559,2,periodic/double-band,2020
GaiaDR3_4318508939464901760,59117,2020-09-25,16.425201,0.074707,2,periodic/double-band,2020
GaiaDR3_4318508939464901760,59118,2020-09-26,16.473076,0.02359,1,periodic/double-band,2020
GaiaDR3_4318508939464901760,59120,2020-09-28,15.987269,0.048482,2,periodic/double-band,2020
GaiaDR3_4318508939464901760,59121,2020-09-29,15.985654,0.015547,2,periodic/double-band,2020
GaiaDR3_4318508939464901760,59122,2020-09-30,16.795839,0.018678,2,periodic/double-band,2020
GaiaDR3_4318508939464901760,59123,2020-10-01,16.3162,0.037303,3,periodic/double-band,2020
GaiaDR3_4318508939464901760,59125,2020-10-03,16.305674,0.232537,3,periodic/double-band,2020
GaiaDR3_4318508939464901760,59129,2020-10-07,16.022556,0.01781,1,periodic/double-band,2020
GaiaDR3_4318508939464901760,59135,2020-10-13,16.651615,0.318002,3,periodic/double-band,2020
GaiaDR3_4318508939464901760,59137,2020-10-15,15.932216,0.290454,3,periodic/double-band,2020
GaiaDR3_4318508939464901760,59139,2020-10-17,16.88743,0.050896,3,periodic/double-band,2020
GaiaDR3_4318508939464901760,59143,2020-10-21,15.75857,0.151796,3,periodic/double-band,2020
GaiaDR3_4318508939464901760,59145,2020-10-23,16.536194,0.014732,3,periodic/double-band,2020
GaiaDR3_4318508939464901760,59150,2020-10-28,16.782612,0.018646,3,periodic/double-band,2020
GaiaDR3_4318508939464901760,59152,2020-10-30,15.955864,0.021838,2,periodic/double-band,2020
GaiaDR3_4318508939464901760,59154,2020-11-01,16.332391,0.030043,2,periodic/double-band,2020
GaiaDR3_4318508939464901760,59157,2020-11-04,15.851675,0.02117,1,periodic/double-band,2020
GaiaDR3_4318508939464901760,59158,2020-11-05,16.316952,0.023219,1,periodic/double-band,2020
GaiaDR3_4318508939464901760,59164,2020-11-11,16.335533,0.01437,2,periodic/double-band,2020
GaiaDR3_4318508939464901760,59167,2020-11-14,16.617248,0.279732,3,periodic/double-band,2020
GaiaDR3_4318508939464901760,59169,2020-11-16,16.611527,0.013217,3,periodic/double-band,2020
GaiaDR3_4318508939464901760,59171,2020-11-18,16.684347,0.013407,3,periodic/double-band,2020
GaiaDR3_4318508939464901760,59175,2020-11-22,15.660108,0.022289,1,periodic/double-band,2020
GaiaDR3_4318508939464901760,59177,2020-11-24,16.724528,0.016792,2,periodic/double-band,2020
GaiaDR3_4318508939464901760,59178,2020-11-25,16.358532,0.022089,1,periodic/double-band,2020
GaiaDR3_4318508939464901760,59179,2020-11-26,15.678926,0.022304,1,periodic/double-band,2020
GaiaDR3_4318508939464901760,59182,2020-11-29,16.340454,0.018638,1,periodic/double-band,2020
GaiaDR3_4318508939464901760,59184,2020-12-01,16.723292,0.01571,2,periodic/double-band,2020
GaiaDR3_4318508939464901760,59188,2020-12-05,16.847347,0.024809,1,periodic/double-band,2020
GaiaDR3_4318508939464901760,59278,2021-03-05,15.933804,0.015498,2,periodic/double-band,2021
GaiaDR3_4318508939464901760,59300,2021-03-27,15.849115,0.016643,3,periodic/double-band,2021
GaiaDR3_4318508939464901760,59306,2021-04-02,16.42458,0.016174,2,periodic/double-band,2021
GaiaDR3_4318508939464901760,59309,2021-04-05,15.89111,0.117268,3,periodic/double-band,2021
GaiaDR3_4318508939464901760,59312,2021-04-08,15.800917,0.025995,3,periodic/double-band,2021
GaiaDR3_4318508939464901760,59315,2021-04-11,15.999182,0.021352,1,periodic/double-band,2021
GaiaDR3_4318508939464901760,59317,2021-04-13,16.014935,0.014311,2,periodic/double-band,2021
GaiaDR3_4318508939464901760,59319,2021-04-15,16.776161,0.02364,1,periodic/double-band,2021
GaiaDR3_4318508939464901760,59320,2021-04-16,16.710901,0.0267,2,periodic/double-band,2021
GaiaDR3_4318508939464901760,59322,2021-04-18,16.877974,0.026449,3,periodic/double-band,2021
GaiaDR3_4318508939464901760,59324,2021-04-20,15.790109,0.017369,1,periodic/double-band,2021
GaiaDR3_4318508939464901760,59328,2021-04-24,16.662546,0.023129,1,periodic/double-band,2021
GaiaDR3_4318508939464901760,59329,2021-04-25,16.269976,0.145248,2,periodic/double-band,2021
GaiaDR3_4318508939464901760,59335,2021-05-01,16.138676,0.03773,3,periodic/double-band,2021
GaiaDR3_4318508939464901760,59337,2021-05-03,16.762863,0.023576,1,periodic/double-band,2021
GaiaDR3_4318508939464901760,59338,2021-05-04,15.732576,0.01382,2,periodic/double-band,2021
GaiaDR3_4318508939464901760,59340,2021-05-06,16.050198,0.017871,1,periodic/double-band,2021
GaiaDR3_4318508939464901760,59341,2021-05-07,16.632047,0.188797,2,periodic/double-band,2021
GaiaDR3_4318508939464901760,59342,2021-05-08,15.843184,0.01746,1,periodic/double-band,2021
GaiaDR3_4318508939464901760,59344,2021-05-10,16.008399,0.021909,2,periodic/double-band,2021
GaiaDR3_4318508939464901760,59345,2021-05-11,16.652668,0.019781,1,periodic/double-band,2021
GaiaDR3_4318508939464901760,59349,2021-05-15,17.075493,0.402857,3,periodic/double-band,2021
GaiaDR3_4318508939464901760,59353,2021-05-19,16.948925,0.084592,3,periodic/double-band,2021
GaiaDR3_4318508939464901760,59356,2021-05-22,16.874565,0.035949,3,periodic/double-band,2021
GaiaDR3_4318508939464901760,59359,2021-05-25,16.051861,0.024264,3,periodic/double-band,2021
GaiaDR3_4318508939464901760,59362,2021-05-28,16.447726,0.01503,2,periodic/double-band,2021
GaiaDR3_4318508939464901760,59364,2021-05-30,15.889512,0.02709,2,periodic/double-band,2021
GaiaDR3_4318508939464901760,59368,2021-06-03,16.6605,0.0229,3,periodic/double-band,2021
GaiaDR3_4318508939464901760,59370,2021-06-05,16.303558,0.161348,3,periodic/double-band,2021
GaiaDR3_4318508939464901760,59373,2021-06-08,15.933356,0.054394,3,periodic/double-band,2021
GaiaDR3_4318508939464901760,59376,2021-06-11,15.86575,0.083796,3,periodic/double-band,2021
GaiaDR3_4318508939464901760,59378,2021-06-13,16.35323,0.023299,1,periodic/double-band,2021
GaiaDR3_4318508939464901760,59382,2021-06-17,15.619327,0.085403,3,periodic/double-band,2021
GaiaDR3_4318508939464901760,59385,2021-06-20,15.922722,0.016508,3,periodic/double-band,2021
GaiaDR3_4318508939464901760,59387,2021-06-22,16.296569,0.42162,2,periodic/double-band,2021
GaiaDR3_4318508939464901760,59391,2021-06-26,15.647015,0.052304,3,periodic/double-band,2021
GaiaDR3_4318508939464901760,59393,2021-06-28,16.946457,0.014506,3,periodic/double-band,2021
GaiaDR3_4318508939464901760,59395,2021-06-30,15.714341,0.027221,3,periodic/double-band,2021
GaiaDR3_4318508939464901760,59397,2021-07-02,16.890877,0.021419,3,periodic/double-band,2021
GaiaDR3_4318508939464901760,59400,2021-07-05,16.458857,0.039647,3,periodic/double-band,2021
GaiaDR3_4318508939464901760,59402,2021-07-07,15.809534,0.362663,3,periodic/double-band,2021
GaiaDR3_4318508939464901760,59404,2021-07-09,16.197826,0.29349,3,periodic/double-band,2021
GaiaDR3_4318508939464901760,59408,2021-07-13,16.310041,0.053989,3,periodic/double-band,2021
GaiaDR3_4318508939464901760,59410,2021-07-15,16.632927,0.013948,3,periodic/double-band,2021
GaiaDR3_4318508939464901760,59412,2021-07-17,16.467022,0.138236,2,periodic/double-band,2021
GaiaDR3_4318508939464901760,59415,2021-07-20,15.846006,0.012211,3,periodic/double-band,2021
GaiaDR3_4318508939464901760,59418,2021-07-23,15.921915,0.061746,2,periodic/double-band,2021
GaiaDR3_4318508939464901760,59424,2021-07-29,16.95123,0.017175,2,periodic/double-band,2021
GaiaDR3_4318508939464901760,59425,2021-07-30,16.184448,0.021674,1,periodic/double-band,2021
GaiaDR3_4318508939464901760,59427,2021-08-01,16.250627,0.014209,2,periodic/double-band,2021
GaiaDR3_4318508939464901760,59428,2021-08-02,16.209743,0.023004,1,periodic/double-band,2021
GaiaDR3_4318508939464901760,59430,2021-08-04,16.87516,0.037346,3,periodic/double-band,2021
GaiaDR3_4318508939464901760,59435,2021-08-09,16.932985,0.030577,3,periodic/double-band,2021
GaiaDR3_4318508939464901760,59438,2021-08-12,16.859669,0.037235,3,periodic/double-band,2021
GaiaDR3_4318508939464901760,59440,2021-08-14,15.518954,0.373318,3,periodic/double-band,2021
GaiaDR3_4318508939464901760,59442,2021-08-16,16.919266,0.335653,3,periodic/double-band,2021
GaiaDR3_4318508939464901760,59444,2021-08-18,16.518549,0.162877,3,periodic/double-band,2021
GaiaDR3_4318508939464901760,59447,2021-08-21,16.752972,0.024451,1,periodic/double-band,2021
GaiaDR3_4318508939464901760,59450,2021-08-24,16.618623,0.072781,2,periodic/double-band,2021
GaiaDR3_4318508939464901760,59452,2021-08-26,16.265734,0.269981,3,periodic/double-band,2021
GaiaDR3_4318508939464901760,59454,2021-08-28,16.745377,0.013564,3,periodic/double-band,2021
GaiaDR3_4318508939464901760,59458,2021-09-01,16.297451,0.053985,3,periodic/double-band,2021
GaiaDR3_4318508939464901760,59460,2021-09-03,16.07024,0.017916,1,periodic/double-band,2021
GaiaDR3_4318508939464901760,59462,2021-09-05,16.154423,0.129176,3,periodic/double-band,2021
GaiaDR3_4318508939464901760,59464,2021-09-07,15.968898,0.138031,3,periodic/double-band,2021
GaiaDR3_4318508939464901760,59466,2021-09-09,16.67977,0.022664,2,periodic/double-band,2021
GaiaDR3_4318508939464901760,59468,2021-09-11,16.424965,0.04224,3,periodic/double-band,2021
GaiaDR3_4318508939464901760,59470,2021-09-13,17.075527,0.038569,3,periodic/double-band,2021
GaiaDR3_4318508939464901760,59473,2021-09-16,15.969308,0.024894,3,periodic/double-band,2021
GaiaDR3_4318508939464901760,59475,2021-09-18,17.090658,0.02214,1,periodic/double-band,2021
GaiaDR3_4318508939464901760,59476,2021-09-19,16.794514,0.01709,2,periodic/double-band,2021
GaiaDR3_4318508939464901760,59477,2021-09-20,16.35026,0.018669,1,periodic/double-band,2021
GaiaDR3_4318508939464901760,59478,2021-09-21,17.032066,0.017924,2,periodic/double-band,2021
GaiaDR3_4318508939464901760,59479,2021-09-22,15.948298,0.017656,1,periodic/double-band,2021
GaiaDR3_4318508939464901760,59480,2021-09-23,16.35903,0.016056,2,periodic/double-band,2021
GaiaDR3_4318508939464901760,59487,2021-09-30,16.891739,0.072602,3,periodic/double-band,2021
GaiaDR3_4318508939464901760,59489,2021-10-02,16.156488,0.324876,2,periodic/double-band,2021
GaiaDR3_4318508939464901760,59491,2021-10-04,17.120441,0.026073,1,periodic/double-band,2021
GaiaDR3_4318508939464901760,59498,2021-10-11,17.074013,0.014654,3,periodic/double-band,2021
GaiaDR3_4318508939464901760,59502,2021-10-15,16.244642,0.062565,2,periodic/double-band,2021
GaiaDR3_4318508939464901760,59503,2021-10-16,16.839821,0.02396,1,periodic/double-band,2021
GaiaDR3_4318508939464901760,59504,2021-10-17,16.709152,0.015674,2,periodic/double-band,2021
GaiaDR3_4318508939464901760,59505,2021-10-18,16.033222,0.021403,1,periodic/double-band,2021
GaiaDR3_4318508939464901760,59510,2021-10-23,17.141632,0.094403,3,periodic/double-band,2021
GaiaDR3_4318508939464901760,59512,2021-10-25,15.534329,0.333628,3,periodic/double-band,2021
GaiaDR3_4318508939464901760,59517,2021-10-30,16.647402,0.015509,2,periodic/double-band,2021
GaiaDR3_4318508939464901760,59521,2021-11-03,16.62014,0.022956,1,periodic/double-band,2021
GaiaDR3_4318508939464901760,59522,2021-11-04,16.927953,0.016358,2,periodic/double-band,2021
GaiaDR3_4318508939464901760,59523,2021-11-05,16.56337,0.02274,1,periodic/double-band,2021
GaiaDR3_4318508939464901760,59524,2021-11-06,15.610325,0.186827,2,periodic/double-band,2021
GaiaDR3_4318508939464901760,59525,2021-11-07,16.704967,0.023311,1,periodic/double-band,2021
GaiaDR3_4318508939464901760,59526,2021-11-08,15.838967,0.016282,2,periodic/double-band,2021
GaiaDR3_4318508939464901760,59527,2021-11-09,16.530487,0.022623,1,periodic/double-band,2021
GaiaDR3_4318508939464901760,59529,2021-11-11,15.862315,0.222666,2,periodic/double-band,2021
GaiaDR3_4318508939464901760,59531,2021-11-13,16.21003,0.023004,1,periodic/double-band,2021
GaiaDR3_4318508939464901760,59540,2021-11-22,16.952072,0.024588,1,periodic/double-band,2021
GaiaDR3_4318508939464901760,59670,2022-04-01,15.538768,0.023483,2,periodic/double-band,2022
GaiaDR3_4318508939464901760,59673,2022-04-04,15.506797,0.060188,3,periodic/double-band,2022
GaiaDR3_4318508939464901760,59675,2022-04-06,15.234184,0.020955,1,periodic/double-band,2022
GaiaDR3_4318508939464901760,59676,2022-04-07,16.702049,0.024273,1,periodic/double-band,2022
GaiaDR3_4318508939464901760,59678,2022-04-09,17.354963,0.024138,1,periodic/double-band,2022
GaiaDR3_4318508939464901760,59679,2022-04-10,16.583466,0.022815,1,periodic/double-band,2022
GaiaDR3_4318508939464901760,59682,2022-04-13,16.250679,0.023082,1,periodic/double-band,2022
GaiaDR3_4318508939464901760,59683,2022-04-14,17.428005,0.028349,1,periodic/double-band,2022
GaiaDR3_4318508939464901760,59689,2022-04-20,16.894707,0.021852,3,periodic/double-band,2022
GaiaDR3_4318508939464901760,59694,2022-04-25,17.246662,0.050623,3,periodic/double-band,2022
GaiaDR3_4318508939464901760,59696,2022-04-27,16.169941,0.021645,1,periodic/double-band,2022
GaiaDR3_4318508939464901760,59697,2022-04-28,16.031895,0.017831,1,periodic/double-band,2022
GaiaDR3_4318508939464901760,59698,2022-04-29,16.214119,0.021737,1,periodic/double-band,2022
GaiaDR3_4318508939464901760,59700,2022-05-01,17.168354,0.040721,3,periodic/double-band,2022
GaiaDR3_4318508939464901760,59702,2022-05-03,16.221087,0.014608,2,periodic/double-band,2022
GaiaDR3_4318508939464901760,59710,2022-05-11,17.254479,0.026838,1,periodic/double-band,2022
GaiaDR3_4318508939464901760,59711,2022-05-12,17.335213,0.018187,2,periodic/double-band,2022
GaiaDR3_4318508939464901760,59712,2022-05-13,15.904312,0.022535,1,periodic/double-band,2022
GaiaDR3_4318508939464901760,59713,2022-05-14,17.390739,0.073501,2,periodic/double-band,2022
GaiaDR3_4318508939464901760,59714,2022-05-15,15.938132,0.022578,1,periodic/double-band,2022
GaiaDR3_4318508939464901760,59723,2022-05-24,16.380863,0.057628,3,periodic/double-band,2022
GaiaDR3_4318508939464901760,59725,2022-05-26,17.37236,0.015878,3,periodic/double-band,2022
GaiaDR3_4318508939464901760,59727,2022-05-28,15.996062,0.160115,3,periodic/double-band,2022
GaiaDR3_4318508939464901760,59731,2022-06-01,16.003319,0.035473,2,periodic/double-band,2022
GaiaDR3_4318508939464901760,59733,2022-06-03,17.051901,0.050954,2,periodic/double-band,2022
GaiaDR3_4318508939464901760,59735,2022-06-05,17.417858,0.072381,3,periodic/double-band,2022
GaiaDR3_4318508939464901760,59737,2022-06-07,15.918359,0.035409,3,periodic/double-band,2022
GaiaDR3_4318508939464901760,59739,2022-06-09,17.511067,0.03035,2,periodic/double-band,2022
GaiaDR3_4318508939464901760,59741,2022-06-11,16.739357,0.358776,3,periodic/double-band,2022
GaiaDR3_4318508939464901760,59743,2022-06-13,16.548874,0.18331,3,periodic/double-band,2022
GaiaDR3_4318508939464901760,59748,2022-06-18,17.115511,0.022307,1,periodic/double-band,2022
GaiaDR3_4318508939464901760,59750,2022-06-20,15.923081,0.051591,3,periodic/double-band,2022
GaiaDR3_4318508939464901760,59752,2022-06-22,16.989454,0.107505,3,periodic/double-band,2022
GaiaDR3_4318508939464901760,59755,2022-06-25,17.342476,0.024032,1,periodic/double-band,2022
GaiaDR3_4318508939464901760,59757,2022-06-27,16.855712,0.305011,6,periodic/double-band,2022
GaiaDR3_4318508939464901760,59759,2022-06-29,17.231192,0.047206,3,periodic/double-band,2022
GaiaDR3_4318508939464901760,59763,2022-07-03,17.340424,0.103647,3,periodic/double-band,2022
GaiaDR3_4318508939464901760,59765,2022-07-05,16.742481,0.234528,3,periodic/double-band,2022
GaiaDR3_4318508939464901760,59768,2022-07-08,16.475956,0.230416,6,periodic/double-band,2022
GaiaDR3_4318508939464901760,59770,2022-07-10,17.252466,0.395225,5,periodic/double-band,2022
GaiaDR3_4318508939464901760,59781,2022-07-21,17.339062,0.073608,6,periodic/double-band,2022
GaiaDR3_4318508939464901760,59783,2022-07-23,16.925899,0.02911,3,periodic/double-band,2022
GaiaDR3_4318508939464901760,59785,2022-07-25,16.045452,0.176274,3,periodic/double-band,2022
GaiaDR3_4318508939464901760,59787,2022-07-27,17.022846,0.021698,3,periodic/double-band,2022
GaiaDR3_4318508939464901760,59794,2022-08-03,16.574202,0.477025,2,periodic/double-band,2022
GaiaDR3_4318508939464901760,59797,2022-08-06,17.388889,0.047933,3,periodic/double-band,2022
GaiaDR3_4318508939464901760,59802,2022-08-11,17.050724,0.02188,1,periodic/double-band,2022
GaiaDR3_4318508939464901760,59805,2022-08-14,17.489582,0.026872,3,periodic/double-band,2022
GaiaDR3_4318508939464901760,59807,2022-08-16,16.747204,0.023245,2,periodic/double-band,2022
GaiaDR3_4318508939464901760,59809,2022-08-18,15.946765,0.210748,3,periodic/double-band,2022
GaiaDR3_4318508939464901760,59811,2022-08-20,16.492855,0.019149,1,periodic/double-band,2022
GaiaDR3_4318508939464901760,59813,2022-08-22,16.185954,0.210202,2,periodic/double-band,2022
GaiaDR3_4318508939464901760,59815,2022-08-24,16.627985,0.015448,2,periodic/double-band,2022
GaiaDR3_4318508939464901760,59817,2022-08-26,18.257481,0.027391,2,periodic/double-band,2022
GaiaDR3_4318508939464901760,59819,2022-08-28,18.281242,0.023578,3,periodic/double-band,2022
GaiaDR3_4318508939464901760,59821,2022-08-30,18.342905,0.021894,3,periodic/double-band,2022
GaiaDR3_4318508939464901760,59823,2022-09-01,18.120985,0.020294,3,periodic/double-band,2022
GaiaDR3_4318508939464901760,59825,2022-09-03,18.351305,0.02739,3,periodic/double-band,2022
GaiaDR3_4318508939464901760,59827,2022-09-05,18.357161,0.024011,3,periodic/double-band,2022
GaiaDR3_4318508939464901760,59830,2022-09-08,18.380281,0.02757,2,periodic/double-band,2022
GaiaDR3_4318508939464901760,59837,2022-09-15,18.213265,0.040365,1,periodic/double-band,2022
GaiaDR3_4318508939464901760,59840,2022-09-18,18.27023,0.021549,6,periodic/double-band,2022
GaiaDR3_4318508939464901760,59842,2022-09-20,17.253105,0.066427,3,periodic/double-band,2022
GaiaDR3_4318508939464901760,59844,2022-09-22,17.969254,0.062314,3,periodic/double-band,2022
GaiaDR3_4318508939464901760,59846,2022-09-24,18.277554,0.036589,1,periodic/double-band,2022
GaiaDR3_4318508939464901760,59848,2022-09-26,18.341787,0.022277,3,periodic/double-band,2022
GaiaDR3_4318508939464901760,59850,2022-09-28,18.254433,0.033544,3,periodic/double-band,2022
GaiaDR3_4318508939464901760,59852,2022-09-30,17.451652,0.047337,2,periodic/double-band,2022
GaiaDR3_4318508939464901760,59853,2022-10-01,18.342808,0.043346,1,periodic/double-band,2022
GaiaDR3_4318508939464901760,59854,2022-10-02,17.706009,0.029965,2,periodic/double-band,2022
GaiaDR3_4318508939464901760,59855,2022-10-03,18.10881,0.038204,1,periodic/double-band,2022
GaiaDR3_4318508939464901760,59856,2022-10-04,17.68936,0.020371,2,periodic/double-band,2022
GaiaDR3_4318508939464901760,59857,2022-10-05,18.373158,0.044096,1,periodic/double-band,2022
GaiaDR3_4318508939464901760,59858,2022-10-06,18.303223,0.02653,2,periodic/double-band,2022
GaiaDR3_4318508939464901760,59859,2022-10-07,18.36969,0.044009,1,periodic/double-band,2022
GaiaDR3_4318508939464901760,59860,2022-10-08,18.161944,0.061059,2,periodic/double-band,2022
GaiaDR3_4318508939464901760,59861,2022-10-09,17.627556,0.030588,1,periodic/double-band,2022
GaiaDR3_4318508939464901760,59862,2022-10-10,17.349537,0.018238,2,periodic/double-band,2022
GaiaDR3_4318508939464901760,59863,2022-10-11,15.732349,0.021065,1,periodic/double-band,2022
GaiaDR3_4318508939464901760,59865,2022-10-13,15.657372,0.034683,3,periodic/double-band,2022
GaiaDR3_4318508939464901760,59870,2022-10-18,15.968738,0.370481,3,periodic/double-band,2022
GaiaDR3_4318508939464901760,59877,2022-10-25,17.057495,0.014583,3,periodic/double-band,2022
GaiaDR3_4318508939464901760,59881,2022-10-29,16.576298,0.019466,1,periodic/double-band,2022
GaiaDR3_4318508939464901760,59882,2022-10-30,16.833984,0.023929,1,periodic/double-band,2022
GaiaDR3_4318508939464901760,59883,2022-10-31,16.473984,0.070086,2,periodic/double-band,2022
GaiaDR3_4318508939464901760,59887,2022-11-04,16.264618,0.021851,1,periodic/double-band,2022
GaiaDR3_4318508939464901760,59888,2022-11-05,15.636364,0.02227,1,periodic/double-band,2022
GaiaDR3_4318508939464901760,59889,2022-11-06,16.21001,0.021728,1,periodic/double-band,2022
GaiaDR3_4318508939464901760,59890,2022-11-07,16.901082,0.016273,2,periodic/double-band,2022
GaiaDR3_4318508939464901760,59895,2022-11-12,16.600698,0.044598,2,periodic/double-band,2022
GaiaDR3_4318508939464901760,59896,2022-11-13,16.065554,0.021454,1,periodic/double-band,2022
GaiaDR3_4318508939464901760,59897,2022-11-14,16.94691,0.027675,2,periodic/double-band,2022
GaiaDR3_4318508939464901760,59899,2022-11-16,16.73378,0.031329,3,periodic/double-band,2022
GaiaDR3_4318508939464901760,59903,2022-11-20,16.282732,0.053766,2,periodic/double-band,2022
GaiaDR3_4318508939464901760,59905,2022-11-22,16.928642,0.02445,1,periodic/double-band,2022
GaiaDR3_4318508939464901760,59907,2022-11-24,16.960945,0.014221,3,periodic/double-band,2022
GaiaDR3_4318508939464901760,59909,2022-11-26,16.326559,0.029276,2,periodic/double-band,2022
GaiaDR3_4318508939464901760,59913,2022-11-30,16.565277,0.064474,3,periodic/double-band,2022
GaiaDR3_4318508939464901760,60016,2023-03-13,16.092442,0.025772,3,periodic/double-band,2023
GaiaDR3_4318508939464901760,60044,2023-04-10,17.006768,0.016453,2,periodic/double-band,2023
GaiaDR3_4318508939464901760,60051,2023-04-17,16.881654,0.047135,2,periodic/double-band,2023
GaiaDR3_4318508939464901760,60054,2023-04-20,17.18581,0.020604,3,periodic/double-band,2023
GaiaDR3_4318508939464901760,60056,2023-04-22,17.124752,0.370506,3,periodic/double-band,2023
GaiaDR3_4318508939464901760,60059,2023-04-25,16.846458,0.024805,1,periodic/double-band,2023
GaiaDR3_4318508939464901760,60060,2023-04-26,17.23197,0.017574,2,periodic/double-band,2023
GaiaDR3_4318508939464901760,60061,2023-04-27,16.158142,0.02291,1,periodic/double-band,2023
GaiaDR3_4318508939464901760,60063,2023-04-29,15.724618,0.022344,1,periodic/double-band,2023
GaiaDR3_4318508939464901760,60065,2023-05-01,16.055006,0.017882,1,periodic/double-band,2023
GaiaDR3_4318508939464901760,60072,2023-05-08,17.144089,0.025872,1,periodic/double-band,2023
GaiaDR3_4318508939464901760,60073,2023-05-09,16.287945,0.018481,1,periodic/double-band,2023
GaiaDR3_4318508939464901760,60075,2023-05-11,17.170223,0.026345,1,periodic/double-band,2023
GaiaDR3_4318508939464901760,60076,2023-05-12,16.477552,0.022444,1,periodic/double-band,2023
GaiaDR3_4318508939464901760,60077,2023-05-13,17.247643,0.023265,1,periodic/double-band,2023
GaiaDR3_4318508939464901760,60078,2023-05-14,17.032131,0.092302,2,periodic/double-band,2023
GaiaDR3_4318508939464901760,60079,2023-05-15,16.593662,0.019535,1,periodic/double-band,2023
GaiaDR3_4318508939464901760,60081,2023-05-17,17.075675,0.043899,2,periodic/double-band,2023
GaiaDR3_4318508939464901760,60082,2023-05-18,16.807316,0.020499,1,periodic/double-band,2023
GaiaDR3_4318508939464901760,60083,2023-05-19,16.520341,0.388876,2,periodic/double-band,2023
GaiaDR3_4318508939464901760,60084,2023-05-20,17.15057,0.022549,1,periodic/double-band,2023
GaiaDR3_4318508939464901760,60085,2023-05-21,17.119858,0.065703,2,periodic/double-band,2023
GaiaDR3_4318508939464901760,60086,2023-05-22,17.163654,0.022642,1,periodic/double-band,2023
GaiaDR3_4318508939464901760,60087,2023-05-23,15.938859,0.02127,1,periodic/double-band,2023
GaiaDR3_4318508939464901760,60088,2023-05-24,17.160072,0.022616,1,periodic/double-band,2023
GaiaDR3_4318508939464901760,60093,2023-05-29,17.010721,0.028745,2,periodic/double-band,2023
GaiaDR3_4318508939464901760,60098,2023-06-03,16.723327,0.015719,2,periodic/double-band,2023
GaiaDR3_4318508939464901760,60099,2023-06-04,15.99138,0.02134,1,periodic/double-band,2023
GaiaDR3_4318508939464901760,60101,2023-06-06,16.135479,0.021578,1,periodic/double-band,2023
GaiaDR3_4318508939464901760,60109,2023-06-14,16.330398,0.014799,2,periodic/double-band,2023
GaiaDR3_4318508939464901760,60112,2023-06-17,17.153862,0.026254,1,periodic/double-band,2023
GaiaDR3_4318508939464901760,60117,2023-06-22,16.973539,0.021405,1,periodic/double-band,2023
GaiaDR3_4318508939464901760,60118,2023-06-23,15.675808,0.015319,2,periodic/double-band,2023
GaiaDR3_4318508939464901760,60119,2023-06-24,16.072544,0.017922,1,periodic/double-band,2023
GaiaDR3_4318508939464901760,60120,2023-06-25,16.658762,0.02413,1,periodic/double-band,2023
GaiaDR3_4318508939464901760,60121,2023-06-26,16.882515,0.02089,1,periodic/double-band,2023
GaiaDR3_4318508939464901760,60123,2023-06-28,16.393101,0.025327,3,periodic/double-band,2023
GaiaDR3_4318508939464901760,60125,2023-06-30,16.701628,0.121177,3,periodic/double-band,2023
GaiaDR3_4318508939464901760,60127,2023-07-02,17.205319,0.026545,1,periodic/double-band,2023
GaiaDR3_4318508939464901760,60133,2023-07-08,16.033334,0.015596,2,periodic/double-band,2023
GaiaDR3_4318508939464901760,60135,2023-07-10,17.244312,0.066885,3,periodic/double-band,2023
GaiaDR3_4318508939464901760,60137,2023-07-12,16.867374,0.026185,3,periodic/double-band,2023
GaiaDR3_4318508939464901760,60139,2023-07-14,17.110474,0.014764,3,periodic/double-band,2023
GaiaDR3_4318508939464901760,60141,2023-07-16,15.99433,0.382738,3,periodic/double-band,2023
GaiaDR3_4318508939464901760,60143,2023-07-18,17.160616,0.026291,1,periodic/double-band,2023
GaiaDR3_4318508939464901760,60144,2023-07-19,17.091681,0.025934,2,periodic/double-band,2023
GaiaDR3_4318508939464901760,60145,2023-07-20,16.739403,0.024403,1,periodic/double-band,2023
GaiaDR3_4318508939464901760,60147,2023-07-22,17.309086,0.027181,1,periodic/double-band,2023
GaiaDR3_4318508939464901760,60148,2023-07-23,16.968721,0.10155,2,periodic/double-band,2023
GaiaDR3_4318508939464901760,60149,2023-07-24,16.335674,0.02326,1,periodic/double-band,2023
GaiaDR3_4318508939464901760,60150,2023-07-25,17.087938,0.022122,1,periodic/double-band,2023
GaiaDR3_4318508939464901760,60151,2023-07-26,17.164078,0.02631,1,periodic/double-band,2023
GaiaDR3_4318508939464901760,60152,2023-07-27,15.75212,0.024083,2,periodic/double-band,2023
GaiaDR3_4318508939464901760,60153,2023-07-28,15.947416,0.02259,1,periodic/double-band,2023
GaiaDR3_4318508939464901760,60154,2023-07-29,16.938133,0.024505,1,periodic/double-band,2023
GaiaDR3_4318508939464901760,60156,2023-07-31,17.246792,0.163876,3,periodic/double-band,2023
GaiaDR3_4318508939464901760,60160,2023-08-04,17.172566,0.453753,3,periodic/double-band,2023
GaiaDR3_4318508939464901760,60162,2023-08-06,15.665665,0.412648,3,periodic/double-band,2023
GaiaDR3_4318508939464901760,60168,2023-08-12,16.708714,0.048035,2,periodic/double-band,2023
GaiaDR3_4318508939464901760,60170,2023-08-14,16.123588,0.032866,2,periodic/double-band,2023
GaiaDR3_4318508939464901760,60171,2023-08-15,16.909624,0.021039,1,periodic/double-band,2023
GaiaDR3_4318508939464901760,60172,2023-08-16,16.829779,0.214752,2,periodic/double-band,2023
GaiaDR3_4318508939464901760,60173,2023-08-17,17.050921,0.021881,1,periodic/double-band,2023
GaiaDR3_4318508939464901760,60174,2023-08-18,16.32961,0.482982,2,periodic/double-band,2023
GaiaDR3_4318508939464901760,60179,2023-08-23,17.304956,0.027154,1,periodic/double-band,2023
GaiaDR3_4318508939464901760,60181,2023-08-25,16.946969,0.020266,2,periodic/double-band,2023
GaiaDR3_4318508939464901760,60182,2023-08-26,15.982567,0.017725,1,periodic/double-band,2023
GaiaDR3_4318508939464901760,60183,2023-08-27,16.39248,0.440266,2,periodic/double-band,2023
GaiaDR3_4318508939464901760,60184,2023-08-28,16.157822,0.018127,1,periodic/double-band,2023
GaiaDR3_4318508939464901760,60185,2023-08-29,16.733198,0.352837,2,periodic/double-band,2023
GaiaDR3_4318508939464901760,60186,2023-08-30,17.055738,0.021912,1,periodic/double-band,2023
GaiaDR3_4318508939464901760,60187,2023-08-31,17.012457,0.022036,2,periodic/double-band,2023
GaiaDR3_4318508939464901760,60193,2023-09-06,17.151372,0.036139,2,periodic/double-band,2023
GaiaDR3_4318508939464901760,60195,2023-09-08,17.225614,0.015162,3,periodic/double-band,2023
GaiaDR3_4318508939464901760,60198,2023-09-11,17.05044,0.183149,2,periodic/double-band,2023
GaiaDR3_4318508939464901760,60201,2023-09-14,17.337694,0.018159,2,periodic/double-band,2023
GaiaDR3_4318508939464901760,60203,2023-09-16,16.32086,0.227471,3,periodic/double-band,2023
GaiaDR3_4318508939464901760,60205,2023-09-18,16.158295,0.084862,3,periodic/double-band,2023
GaiaDR3_4318508939464901760,60207,2023-09-20,16.332116,0.469136,2,periodic/double-band,2023
GaiaDR3_4318508939464901760,60209,2023-09-22,17.044766,0.021842,1,periodic/double-band,2023
GaiaDR3_4318508939464901760,60211,2023-09-24,17.001461,0.024892,1,periodic/double-band,2023
GaiaDR3_4318508939464901760,60212,2023-09-25,16.485279,0.548823,2,periodic/double-band,2023
GaiaDR3_4318508939464901760,60213,2023-09-26,15.519721,0.020959,1,periodic/double-band,2023
GaiaDR3_4318508939464901760,60214,2023-09-27,16.687412,0.019932,1,periodic/double-band,2023
GaiaDR3_4318508939464901760,60215,2023-09-28,17.072506,0.02536,1,periodic/double-band,2023
GaiaDR3_4318508939464901760,60216,2023-09-29,17.294403,0.034794,2,periodic/double-band,2023
GaiaDR3_4318508939464901760,60220,2023-10-03,16.022419,0.01781,1,periodic/double-band,2023
GaiaDR3_4318508939464901760,60221,2023-10-04,15.949203,0.021283,1,periodic/double-band,2023
GaiaDR3_4318508939464901760,60222,2023-10-05,15.824219,0.017427,1,periodic/double-band,2023
GaiaDR3_4318508939464901760,60223,2023-10-06,17.034279,0.025103,1,periodic/double-band,2023
GaiaDR3_4318508939464901760,60224,2023-10-07,16.937506,0.0164,2,periodic/double-band,2023
GaiaDR3_4318508939464901760,60227,2023-10-10,15.940764,0.020616,2,periodic/double-band,2023
GaiaDR3_4318508939464901760,60228,2023-10-11,17.07736,0.025848,1,periodic/double-band,2023
GaiaDR3_4318508939464901760,60231,2023-10-14,17.039951,0.079746,3,periodic/double-band,2023
GaiaDR3_4318508939464901760,60233,2023-10-16,16.902889,0.023694,3,periodic/double-band,2023
GaiaDR3_4318508939464901760,60235,2023-10-18,16.03875,0.388037,3,periodic/double-band,2023
GaiaDR3_4318508939464901760,60237,2023-10-20,17.225428,0.028903,3,periodic/double-band,2023
GaiaDR3_4318508939464901760,60239,2023-10-22,17.095093,0.062989,3,periodic/double-band,2023
GaiaDR3_4318508939464901760,60242,2023-10-25,17.100693,0.085688,3,periodic/double-band,2023
GaiaDR3_4318508939464901760,60245,2023-10-28,16.682946,0.015601,2,periodic/double-band,2023
GaiaDR3_4318508939464901760,60247,2023-10-30,16.275761,0.023133,1,periodic/double-band,2023
GaiaDR3_4318508939464901760,60249,2023-11-01,15.701292,0.021043,1,periodic/double-band,2023
GaiaDR3_4318508939464901760,60251,2023-11-03,16.793793,0.29472,3,periodic/double-band,2023
GaiaDR3_4318508939464901760,60253,2023-11-05,16.782125,0.025449,2,periodic/double-band,2023
GaiaDR3_4318508939464901760,60255,2023-11-07,17.254517,0.114551,3,periodic/double-band,2023
GaiaDR3_4318508939464901760,60258,2023-11-10,15.759461,0.277162,3,periodic/double-band,2023
GaiaDR3_4318508939464901760,60260,2023-11-12,15.550514,0.092032,3,periodic/double-band,2023
GaiaDR3_4318508939464901760,60262,2023-11-14,15.491824,0.031894,2,periodic/double-band,2023
GaiaDR3_4318508939464901760,60268,2023-11-20,16.01725,0.022685,1,periodic/double-band,2023
GaiaDR3_4318508939464901760,60374,2024-03-05,16.942465,0.034819,2,periodic/double-band,2024
GaiaDR3_4318508939464901760,60387,2024-03-18,17.454519,0.036206,2,periodic/double-band,2024
GaiaDR3_4318508939464901760,60390,2024-03-21,16.302792,0.018525,1,periodic/double-band,2024
GaiaDR3_4318508939464901760,60391,2024-03-22,17.046919,0.017999,2,periodic/double-band,2024
GaiaDR3_4318508939464901760,60407,2024-04-07,17.785568,0.03271,1,periodic/double-band,2024
GaiaDR3_4318508939464901760,60420,2024-04-20,16.079415,0.023011,2,periodic/double-band,2024
GaiaDR3_4318508939464901760,60421,2024-04-21,17.164501,0.026026,1,periodic/double-band,2024
GaiaDR3_4318508939464901760,60423,2024-04-23,17.46134,0.018864,2,periodic/double-band,2024
GaiaDR3_4318508939464901760,60424,2024-04-24,17.303192,0.027166,1,periodic/double-band,2024
GaiaDR3_4318508939464901760,60430,2024-04-30,16.86005,0.028161,3,periodic/double-band,2024
GaiaDR3_4318508939464901760,60433,2024-05-03,17.171249,0.056963,3,periodic/double-band,2024
GaiaDR3_4318508939464901760,60441,2024-05-11,16.234879,0.024652,2,periodic/double-band,2024
GaiaDR3_4318508939464901760,60444,2024-05-14,16.085032,0.014407,2,periodic/double-band,2024
GaiaDR3_4318508939464901760,60447,2024-05-17,16.802778,0.015949,2,periodic/double-band,2024
GaiaDR3_4318508939464901760,60450,2024-05-20,16.835454,0.296066,2,periodic/double-band,2024
GaiaDR3_4318508939464901760,60452,2024-05-22,16.608698,0.335072,2,periodic/double-band,2024
GaiaDR3_4318508939464901760,60456,2024-05-26,17.188454,0.026448,1,periodic/double-band,2024
GaiaDR3_4318508939464901760,60457,2024-05-27,16.50646,0.290066,2,periodic/double-band,2024
GaiaDR3_4318508939464901760,60459,2024-05-29,16.139206,0.0421,2,periodic/double-band,2024
GaiaDR3_4318508939464901760,60460,2024-05-30,15.974692,0.022626,1,periodic/double-band,2024
GaiaDR3_4318508939464901760,60461,2024-05-31,16.157001,0.038818,2,periodic/double-band,2024
GaiaDR3_4318508939464901760,60463,2024-06-02,16.156342,0.303233,3,periodic/double-band,2024
GaiaDR3_4318508939464901760,60469,2024-06-08,17.162485,0.033501,3,periodic/double-band,2024
GaiaDR3_4318508939464901760,60471,2024-06-10,16.766432,0.023593,1,periodic/double-band,2024
GaiaDR3_4318508939464901760,60472,2024-06-11,17.180141,0.017383,2,periodic/double-band,2024
GaiaDR3_4318508939464901760,60473,2024-06-12,16.997532,0.024867,1,periodic/double-band,2024
GaiaDR3_4318508939464901760,60474,2024-06-13,16.124224,0.019852,2,periodic/double-band,2024
GaiaDR3_4318508939464901760,60476,2024-06-15,16.91065,0.031163,3,periodic/double-band,2024
GaiaDR3_4318508939464901760,60479,2024-06-18,16.236507,0.012578,3,periodic/double-band,2024
GaiaDR3_4318508939464901760,60482,2024-06-21,17.379837,0.027874,1,periodic/double-band,2024
GaiaDR3_4318508939464901760,60483,2024-06-22,16.902885,0.331713,2,periodic/double-band,2024
GaiaDR3_4318508939464901760,60484,2024-06-23,17.41449,0.028213,1,periodic/double-band,2024
GaiaDR3_4318508939464901760,60485,2024-06-24,17.199439,0.078494,2,periodic/double-band,2024
GaiaDR3_4318508939464901760,60487,2024-06-26,16.747505,0.023504,1,periodic/double-band,2024
GaiaDR3_4318508939464901760,60489,2024-06-28,17.567404,0.029864,1,periodic/double-band,2024
GaiaDR3_4318508939464901760,60490,2024-06-29,16.478394,0.019097,1,periodic/double-band,2024
GaiaDR3_4318508939464901760,60491,2024-06-30,17.255127,0.026751,1,periodic/double-band,2024
GaiaDR3_4318508939464901760,60494,2024-07-03,17.6186,0.020504,2,periodic/double-band,2024
GaiaDR3_4318508939464901760,60500,2024-07-09,17.177498,0.149693,3,periodic/double-band,2024
GaiaDR3_4318508939464901760,60502,2024-07-11,16.927345,0.348229,3,periodic/double-band,2024
GaiaDR3_4318508939464901760,60504,2024-07-13,16.830796,0.114807,2,periodic/double-band,2024
GaiaDR3_4318508939464901760,60507,2024-07-16,16.590906,0.032236,3,periodic/double-band,2024
GaiaDR3_4318508939464901760,60509,2024-07-18,16.707081,0.284818,2,periodic/double-band,2024
GaiaDR3_4318508939464901760,60511,2024-07-20,15.643913,0.022276,1,periodic/double-band,2024
GaiaDR3_4318508939464901760,60513,2024-07-22,16.633526,0.02301,1,periodic/double-band,2024
GaiaDR3_4318508939464901760,60514,2024-07-23,17.274267,0.02696,1,periodic/double-band,2024
GaiaDR3_4318508939464901760,60515,2024-07-24,17.185895,0.056855,2,periodic/double-band,2024
GaiaDR3_4318508939464901760,60516,2024-07-25,15.625395,0.022261,1,periodic/double-band,2024
GaiaDR3_4318508939464901760,60518,2024-07-27,17.018099,0.021675,1,periodic/double-band,2024
GaiaDR3_4318508939464901760,60519,2024-07-28,17.246601,0.02668,1,periodic/double-band,2024
GaiaDR3_4318508939464901760,60521,2024-07-30,17.321621,0.027262,1,periodic/double-band,2024
GaiaDR3_4318508939464901760,60522,2024-07-31,15.463741,0.016931,1,periodic/double-band,2024
GaiaDR3_4318508939464901760,60524,2024-08-02,17.027905,0.219458,2,periodic/double-band,2024
GaiaDR3_4318508939464901760,60525,2024-08-03,17.412979,0.024649,1,periodic/double-band,2024
GaiaDR3_4318508939464901760,60526,2024-08-04,17.117499,0.018283,2,periodic/double-band,2024
GaiaDR3_4318508939464901760,60527,2024-08-05,17.178265,0.022747,1,periodic/double-band,2024
GaiaDR3_4318508939464901760,60528,2024-08-06,16.803812,0.023776,1,periodic/double-band,2024
GaiaDR3_4318508939464901760,60529,2024-08-07,15.724518,0.017266,1,periodic/double-band,2024
GaiaDR3_4318508939464901760,60530,2024-08-08,17.320196,0.028176,2,periodic/double-band,2024
GaiaDR3_4318508939464901760,60531,2024-08-09,15.466788,0.016934,1,periodic/double-band,2024
GaiaDR3_4318508939464901760,60535,2024-08-13,15.947298,0.078534,2,periodic/double-band,2024
GaiaDR3_4318508939464901760,60537,2024-08-15,15.902507,0.012254,3,periodic/double-band,2024
GaiaDR3_4318508939464901760,60540,2024-08-18,17.194271,0.026256,1,periodic/double-band,2024
GaiaDR3_4318508939464901760,60543,2024-08-21,16.98923,0.060866,2,periodic/double-band,2024
GaiaDR3_4318508939464901760,60544,2024-08-22,16.966677,0.024676,1,periodic/double-band,2024
GaiaDR3_4318508939464901760,60545,2024-08-23,17.378563,0.024343,1,periodic/double-band,2024
GaiaDR3_4318508939464901760,60546,2024-08-24,16.680551,0.023205,1,periodic/double-band,2024
GaiaDR3_4318508939464901760,60547,2024-08-25,16.420711,0.586611,2,periodic/double-band,2024
GaiaDR3_4318508939464901760,60548,2024-08-26,17.51951,0.029319,1,periodic/double-band,2024
GaiaDR3_4318508939464901760,60549,2024-08-27,17.16048,0.048861,2,periodic/double-band,2024
GaiaDR3_4318508939464901760,60550,2024-08-28,16.574604,0.022782,1,periodic/double-band,2024
GaiaDR3_4318508939464901760,60551,2024-08-29,15.641276,0.019767,2,periodic/double-band,2024
GaiaDR3_4318508939464901760,60552,2024-08-30,16.686886,0.023232,1,periodic/double-band,2024
GaiaDR3_4318508939464901760,60553,2024-08-31,15.907728,0.018258,2,periodic/double-band,2024
GaiaDR3_4318508939464901760,60554,2024-09-01,16.81868,0.023851,1,periodic/double-band,2024
GaiaDR3_4318508939464901760,60556,2024-09-03,16.950081,0.301435,3,periodic/double-band,2024
GaiaDR3_4318508939464901760,60558,2024-09-05,16.655167,0.080514,3,periodic/double-band,2024
GaiaDR3_4318508939464901760,60561,2024-09-08,16.371162,0.022124,1,periodic/double-band,2024
GaiaDR3_4318508939464901760,60562,2024-09-09,15.621273,0.013919,2,periodic/double-band,2024
GaiaDR3_4318508939464901760,60564,2024-09-11,16.51755,0.319575,2,periodic/double-band,2024
GaiaDR3_4318508939464901760,60568,2024-09-15,16.359135,0.038302,3,periodic/double-band,2024
GaiaDR3_4318508939464901760,60571,2024-09-18,16.714399,0.238937,3,periodic/double-band,2024
GaiaDR3_4318508939464901760,60579,2024-09-26,16.420456,0.031626,3,periodic/double-band,2024
GaiaDR3_4318508939464901760,60591,2024-10-08,16.148003,0.230032,3,periodic/double-band,2024
GaiaDR3_4318508939464901760,60593,2024-10-10,16.450504,0.263829,3,periodic/double-band,2024
GaiaDR3_4318508939464901760,60595,2024-10-12,17.360954,0.470701,3,periodic/double-band,2024
GaiaDR3_4318508939464901760,60597,2024-10-14,16.177042,0.276473,3,periodic/double-band,2024
GaiaDR3_4318508939464901760,60602,2024-10-19,15.98346,0.017727,1,periodic/double-band,2024
GaiaDR3_4318508939464901760,60604,2024-10-21,16.377291,0.289265,3,periodic/double-band,2024
GaiaDR3_4318508939464901760,60606,2024-10-23,16.841682,0.015086,3,periodic/double-band,2024
GaiaDR3_4318508939464901760,60608,2024-10-25,16.842228,0.03103,3,periodic/double-band,2024
GaiaDR3_4318508939464901760,60610,2024-10-27,16.869818,0.157506,3,periodic/double-band,2024
GaiaDR3_4318508939464901760,60618,2024-11-04,17.231698,0.017635,2,periodic/double-band,2024
GaiaDR3_4318508939464901760,60619,2024-11-05,16.202534,0.021712,1,periodic/double-band,2024
GaiaDR3_4318508939464901760,60621,2024-11-07,17.304384,0.027177,1,periodic/double-band,2024
GaiaDR3_4318508939464901760,60623,2024-11-09,16.994314,0.024846,1,periodic/double-band,2024
GaiaDR3_4318508939464901760,60625,2024-11-11,16.784354,0.029061,2,periodic/double-band,2024
GaiaDR3_4318508939464901760,60629,2024-11-15,16.477653,0.208616,2,periodic/double-band,2024
GaiaDR3_4318508939464901760,60632,2024-11-18,16.729241,0.036727,2,periodic/double-band,2024
GaiaDR3_4318508939464901760,60634,2024-11-20,15.676584,0.443918,3,periodic/double-band,2024
GaiaDR3_4318508939464901760,60643,2024-11-29,16.617546,0.024,1,periodic/double-band,2024
GaiaDR3_4318508939464901760,60651,2024-12-07,16.522485,0.015314,2,periodic/double-band,2024
GaiaDR3_4318508939464901760,60750,2025-03-16,17.312397,0.015663,3,periodic/double-band,2025
GaiaDR3_4318508939464901760,60756,2025-03-22,17.691503,0.031407,1,periodic/double-band,2025
GaiaDR3_4318508939464901760,60758,2025-03-24,16.895439,0.024698,3,periodic/double-band,2025
GaiaDR3_4318508939464901760,60771,2025-04-06,16.968117,0.055952,3,periodic/double-band,2025
GaiaDR3_4318508939464901760,60773,2025-04-08,16.53046,0.022622,1,periodic/double-band,2025
GaiaDR3_4318508939464901760,60775,2025-04-10,16.031223,0.025342,3,periodic/double-band,2025
GaiaDR3_4318508939464901760,60785,2025-04-20,16.466517,0.019055,1,periodic/double-band,2025
GaiaDR3_4318508939464901760,60786,2025-04-21,15.843197,0.021161,1,periodic/double-band,2025
GaiaDR3_4318508939464901760,60787,2025-04-22,16.250408,0.018374,1,periodic/double-band,2025
GaiaDR3_4318508939464901760,60789,2025-04-24,17.169385,0.09652,2,periodic/double-band,2025
GaiaDR3_4318508939464901760,60795,2025-04-30,16.987774,0.021511,3,periodic/double-band,2025
GaiaDR3_4318508939464901760,60797,2025-05-02,17.165848,0.04158,3,periodic/double-band,2025
GaiaDR3_4318508939464901760,60802,2025-05-07,15.911138,0.017584,1,periodic/double-band,2025
GaiaDR3_4318508939464901760,60805,2025-05-10,15.844936,0.148533,3,periodic/double-band,2025
GaiaDR3_4318508939464901760,60807,2025-05-12,16.546116,0.022678,1,periodic/double-band,2025
GaiaDR3_4318508939464901760,60810,2025-05-15,16.863546,0.020789,1,periodic/double-band,2025
GaiaDR3_4318508939464901760,60811,2025-05-16,16.843172,0.023977,1,periodic/double-band,2025
GaiaDR3_4318508939464901760,60815,2025-05-20,16.908527,0.046155,3,periodic/double-band,2025
GaiaDR3_4318508939464901760,60817,2025-05-22,16.115723,0.066214,2,periodic/double-band,2025
GaiaDR3_4318508939464901760,60819,2025-05-24,16.19107,0.159106,2,periodic/double-band,2025
GaiaDR3_4318508939464901760,60821,2025-05-26,15.866103,0.167083,3,periodic/double-band,2025
GaiaDR3_4318508939464901760,60823,2025-05-28,16.191917,0.253425,3,periodic/double-band,2025
GaiaDR3_4318508939464901760,60830,2025-06-04,15.717105,0.01534,2,periodic/double-band,2025
GaiaDR3_4318508939464901760,60832,2025-06-06,15.577549,0.037435,2,periodic/double-band,2025
GaiaDR3_4318508939464901760,60834,2025-06-08,16.207146,0.018292,3,periodic/double-band,2025
GaiaDR3_4318508939464901760,60836,2025-06-10,15.747314,0.027532,2,periodic/double-band,2025
GaiaDR3_4318508939464901760,60841,2025-06-15,15.961052,0.112658,3,periodic/double-band,2025
GaiaDR3_4318508939464901760,60843,2025-06-17,16.641396,0.041146,3,periodic/double-band,2025
GaiaDR3_4318508939464901760,60845,2025-06-19,17.094229,0.138796,2,periodic/double-band,2025
GaiaDR3_4318508939464901760,60848,2025-06-22,17.194481,0.026258,1,periodic/double-band,2025
GaiaDR3_4318508939464901760,60849,2025-06-23,16.054596,0.017881,1,periodic/double-band,2025
GaiaDR3_4318508939464901760,60852,2025-06-26,16.427843,0.022288,1,periodic/double-band,2025
GaiaDR3_4318508939464901760,60853,2025-06-27,17.103809,0.022228,1,periodic/double-band,2025
GaiaDR3_4318508939464901760,60854,2025-06-28,16.625851,0.022979,1,periodic/double-band,2025
GaiaDR3_4318508939464901760,60855,2025-06-29,16.124271,0.022852,1,periodic/double-band,2025
GaiaDR3_4318508939464901760,60856,2025-06-30,16.314055,0.021972,1,periodic/double-band,2025
GaiaDR3_4318508939464901760,60857,2025-07-01,16.265786,0.02701,2,periodic/double-band,2025
GaiaDR3_4318508939464901760,60858,2025-07-02,17.168457,0.026056,1,periodic/double-band,2025
GaiaDR3_4318508939464901760,60859,2025-07-03,16.308455,0.307074,2,periodic/double-band,2025
GaiaDR3_4318508939464901760,60860,2025-07-04,17.111002,0.02563,1,periodic/double-band,2025
GaiaDR3_4318508939464901760,60861,2025-07-05,15.941769,0.017643,1,periodic/double-band,2025
GaiaDR3_4318508939464901760,60862,2025-07-06,16.374615,0.022133,1,periodic/double-band,2025
GaiaDR3_4318508939464901760,60863,2025-07-07,16.265764,0.014684,2,periodic/double-band,2025
GaiaDR3_4318508939464901760,60865,2025-07-09,16.051647,0.030063,3,periodic/double-band,2025
GaiaDR3_4318508939464901760,60867,2025-07-11,16.983173,0.03468,3,periodic/double-band,2025
GaiaDR3_4318508939464901760,60869,2025-07-13,16.990432,0.131992,2,periodic/double-band,2025
GaiaDR3_4318508939464901760,60871,2025-07-15,16.830397,0.024742,1,periodic/double-band,2025
GaiaDR3_4318508939464901760,60873,2025-07-17,17.170742,0.090346,3,periodic/double-band,2025
GaiaDR3_4318508939464901760,60876,2025-07-20,16.141431,0.148969,2,periodic/double-band,2025
GaiaDR3_4318508939464901760,60878,2025-07-22,17.402364,0.044175,2,periodic/double-band,2025
GaiaDR3_4318508939464901760,60880,2025-07-24,16.787162,0.017507,2,periodic/double-band,2025
GaiaDR3_4318508939464901760,60882,2025-07-26,16.034012,0.171506,3,periodic/double-band,2025
GaiaDR3_4318508939464901760,60884,2025-07-28,16.501732,0.458392,2,periodic/double-band,2025
GaiaDR3_4318508939464901760,60886,2025-07-30,17.341171,0.03978,3,periodic/double-band,2025
GaiaDR3_4318508939464901760,60888,2025-08-01,16.308266,0.42918,2,periodic/double-band,2025
GaiaDR3_4318508939464901760,60890,2025-08-03,16.058442,0.042943,2,periodic/double-band,2025
GaiaDR3_4318508939464901760,60895,2025-08-08,16.658737,0.133964,2,periodic/double-band,2025
GaiaDR3_4318508939464901760,60897,2025-08-10,15.553417,0.013434,2,periodic/double-band,2025
GaiaDR3_4318508939464901760,60899,2025-08-12,17.184756,0.017317,2,periodic/double-band,2025
GaiaDR3_4318508939464901760,60901,2025-08-14,16.037775,0.013876,2,periodic/double-band,2025
GaiaDR3_4318508939464901760,60903,2025-08-16,16.102894,0.348255,2,periodic/double-band,2025
GaiaDR3_4318508939464901760,60908,2025-08-21,17.009048,0.021619,1,periodic/double-band,2025
GaiaDR3_4318508939464901760,60910,2025-08-23,16.413925,0.244428,3,periodic/double-band,2025
GaiaDR3_4318508939464901760,60913,2025-08-26,17.238079,0.017666,2,periodic/double-band,2025
GaiaDR3_4318508939464901760,60914,2025-08-27,16.978302,0.024747,1,periodic/double-band,2025
GaiaDR3_4318508939464901760,60916,2025-08-29,16.060432,0.014373,2,periodic/double-band,2025
GaiaDR3_4318508939464901760,60917,2025-08-30,17.272247,0.026897,1,periodic/double-band,2025
GaiaDR3_4318508939464901760,60918,2025-08-31,16.950168,0.026312,2,periodic/double-band,2025
GaiaDR3_4318508939464901760,60920,2025-09-02,16.947054,0.06366,2,periodic/double-band,2025
GaiaDR3_4318508939464901760,60921,2025-09-03,16.527388,0.022612,1,periodic/double-band,2025
GaiaDR3_4318508939464901760,60922,2025-09-04,16.871866,0.040349,2,periodic/double-band,2025
GaiaDR3_4318508939464901760,60923,2025-09-05,17.00338,0.024904,1,periodic/double-band,2025
GaiaDR3_4318508939464901760,60924,2025-09-06,16.387768,0.215306,2,periodic/double-band,2025
GaiaDR3_4318508939464901760,60926,2025-09-08,17.373492,0.019089,2,periodic/double-band,2025
GaiaDR3_4318508939464901760,60927,2025-09-09,17.36375,0.02772,1,periodic/double-band,2025
GaiaDR3_4318508939464901760,60928,2025-09-10,15.84211,0.036714,2,periodic/double-band,2025
GaiaDR3_4318508939464901760,60929,2025-09-11,17.281654,0.026978,1,periodic/double-band,2025
GaiaDR3_4318508939464901760,60932,2025-09-14,16.707691,0.055992,3,periodic/double-band,2025
GaiaDR3_4318508939464901760,60938,2025-09-20,16.527005,0.239766,2,periodic/double-band,2025
GaiaDR3_4318508939464901760,60941,2025-09-23,16.148434,0.021603,1,periodic/double-band,2025
GaiaDR3_4318508939464901760,60948,2025-09-30,15.922083,0.42609,3,periodic/double-band,2025
GaiaDR3_4318508939464901760,60950,2025-10-02,17.034428,0.025161,2,periodic/double-band,2025
GaiaDR3_4318508939464901760,60953,2025-10-05,16.380051,0.018763,1,periodic/double-band,2025
GaiaDR3_4318508939464901760,60954,2025-10-06,17.181004,0.026153,1,periodic/double-band,2025
GaiaDR3_4318508939464901760,60956,2025-10-08,17.423926,0.018759,2,periodic/double-band,2025
GaiaDR3_4318508939464901760,60960,2025-10-12,16.319658,0.018575,1,periodic/double-band,2025
GaiaDR3_4318508939464901760,60965,2025-10-17,16.650203,0.297197,2,periodic/double-band,2025
GaiaDR3_4318508939464901760,60969,2025-10-21,16.270864,0.01461,2,periodic/double-band,2025
GaiaDR3_5146019876066016000,58384,2018-09-23,17.735626,0.026786,1,unclassified,2018
GaiaDR3_5146019876066016000,58390,2018-09-29,17.663052,0.025665,1,unclassified,2018
GaiaDR3_5146019876066016000,58443,2018-11-21,17.668152,0.025741,1,unclassified,2018
GaiaDR3_5146019876066016000,58746,2019-09-20,17.68828,0.018418,2,unclassified,2019
GaiaDR3_5146019876066016000,58749,2019-09-23,17.693608,0.018476,2,unclassified,2019
GaiaDR3_5146019876066016000,58767,2019-10-11,17.632969,0.017835,2,unclassified,2019
GaiaDR3_5146019876066016000,58768,2019-10-12,17.686005,0.026011,1,unclassified,2019
GaiaDR3_5146019876066016000,59084,2020-08-23,17.730985,0.018888,2,unclassified,2020
GaiaDR3_5146019876066016000,59091,2020-08-30,17.70323,0.01858,2,unclassified,2020
GaiaDR3_5146019876066016000,59092,2020-08-31,17.733093,0.018914,2,unclassified,2020
GaiaDR3_5146019876066016000,59121,2020-09-29,17.707782,0.01863,2,unclassified,2020
GaiaDR3_5146019876066016000,59122,2020-09-30,17.702311,0.01857,2,unclassified,2020
GaiaDR3_5146019876066016000,59128,2020-10-06,17.742088,0.026889,1,unclassified,2020
GaiaDR3_5146019876066016000,59129,2020-10-07,17.710697,0.018662,2,unclassified,2020
GaiaDR3_5146019876066016000,59130,2020-10-08,17.66913,0.018213,2,unclassified,2020
GaiaDR3_5146019876066016000,59135,2020-10-13,17.701082,0.018556,2,unclassified,2020
GaiaDR3_5146019876066016000,59136,2020-10-14,17.694051,0.01848,2,unclassified,2020
GaiaDR3_5146019876066016000,59140,2020-10-18,17.679905,0.018327,2,unclassified,2020
GaiaDR3_5146019876066016000,59141,2020-10-19,17.728022,0.026665,1,unclassified,2020
GaiaDR3_5146019876066016000,59143,2020-10-21,17.743046,0.026905,1,unclassified,2020
GaiaDR3_5146019876066016000,59144,2020-10-22,17.751205,0.019118,2,unclassified,2020
GaiaDR3_5146019876066016000,59145,2020-10-23,17.740303,0.018995,2,unclassified,2020
GaiaDR3_5146019876066016000,59149,2020-10-27,17.830353,0.02006,2,unclassified,2020
GaiaDR3_5146019876066016000,59151,2020-10-29,17.814287,0.035499,2,unclassified,2020
GaiaDR3_5146019876066016000,59158,2020-11-05,17.761122,0.019235,2,unclassified,2020
GaiaDR3_5146019876066016000,59168,2020-11-15,17.723817,0.018808,2,unclassified,2020
GaiaDR3_5146019876066016000,59169,2020-11-16,17.70126,0.018558,2,unclassified,2020
GaiaDR3_5146019876066016000,59172,2020-11-19,17.634684,0.017853,2,unclassified,2020
GaiaDR3_5146019876066016000,60193,2023-09-06,17.699635,0.02622,1,unclassified,2023
GaiaDR3_5146019876066016000,60213,2023-09-26,17.719349,0.026527,1,unclassified,2023
GaiaDR3_5146019876066016000,60216,2023-09-29,17.633915,0.025236,1,unclassified,2023
GaiaDR3_5146019876066016000,60220,2023-10-03,17.717735,0.026502,1,unclassified,2023
GaiaDR3_5146019876066016000,60235,2023-10-18,17.72913,0.026682,1,unclassified,2023
GaiaDR3_5146019876066016000,60238,2023-10-21,17.64291,0.025367,1,unclassified,2023
GaiaDR3_5146019876066016000,60248,2023-10-31,17.856823,0.028836,1,unclassified,2023
GaiaDR3_5146019876066016000,60251,2023-11-03,17.684841,0.025993,1,unclassified,2023
GaiaDR3_5146019876066016000,60254,2023-11-06,17.725945,0.026632,1,unclassified,2023
GaiaDR3_5146019876066016000,60257,2023-11-09,17.691128,0.026089,1,unclassified,2023
GaiaDR3_5146019876066016000,60259,2023-11-11,17.716305,0.02648,1,unclassified,2023
GaiaDR3_5146019876066016000,60260,2023-11-12,17.706575,0.026328,1,unclassified,2023
GaiaDR3_5146019876066016000,60287,2023-12-09,17.724833,0.026614,1,unclassified,2023
GaiaDR3_5146019876066016000,60291,2023-12-13,17.725361,0.026622,1,unclassified,2023
GaiaDR3_5146019876066016000,60295,2023-12-17,17.675251,0.025848,1,unclassified,2023
GaiaDR3_6770227729752288256,58232,2018-04-24,16.930386,0.018781,1,periodic/double-band,2018
GaiaDR3_6770227729752288256,58258,2018-05-20,16.92701,0.018757,1,periodic/double-band,2018
GaiaDR3_6770227729752288256,58268,2018-05-30,16.951803,0.01894,1,periodic/double-band,2018
GaiaDR3_6770227729752288256,58272,2018-06-03,17.00769,0.01937,1,periodic/double-band,2018
GaiaDR3_6770227729752288256,58275,2018-06-06,16.919886,0.018705,1,periodic/double-band,2018
GaiaDR3_6770227729752288256,58278,2018-06-09,16.969286,0.019072,1,periodic/double-band,2018
GaiaDR3_6770227729752288256,58286,2018-06-17,16.906071,0.018605,1,periodic/double-band,2018
GaiaDR3_6770227729752288256,58301,2018-07-02,16.981636,0.019167,1,periodic/double-band,2018
GaiaDR3_6770227729752288256,58304,2018-07-05,16.916271,0.018678,1,periodic/double-band,2018
GaiaDR3_6770227729752288256,58331,2018-08-01,17.105923,0.020184,1,periodic/double-band,2018
GaiaDR3_6770227729752288256,58334,2018-08-04,16.905521,0.018601,1,periodic/double-band,2018
GaiaDR3_6770227729752288256,58345,2018-08-15,16.898453,0.01855,1,periodic/double-band,2018
GaiaDR3_6770227729752288256,58362,2018-09-01,16.92263,0.018725,1,periodic/double-band,2018
GaiaDR3_6770227729752288256,58365,2018-09-04,16.9077,0.018617,1,periodic/double-band,2018
GaiaDR3_6770227729752288256,58635,2019-06-01,16.885229,0.018457,1,periodic/double-band,2019
GaiaDR3_6770227729752288256,58642,2019-06-08,16.916103,0.018677,1,periodic/double-band,2019
GaiaDR3_6770227729752288256,58645,2019-06-11,17.080021,0.019962,1,periodic/double-band,2019
GaiaDR3_6770227729752288256,58655,2019-06-21,16.914501,0.018666,1,periodic/double-band,2019
GaiaDR3_6770227729752288256,58658,2019-06-24,16.991356,0.019242,1,periodic/double-band,2019
GaiaDR3_6770227729752288256,58662,2019-06-28,16.989254,0.019226,1,periodic/double-band,2019
GaiaDR3_6770227729752288256,58668,2019-07-04,16.895746,0.018531,1,periodic/double-band,2019
GaiaDR3_6770227729752288256,58674,2019-07-10,17.046555,0.019683,1,periodic/double-band,2019
GaiaDR3_6770227729752288256,58677,2019-07-13,16.940424,0.018855,1,periodic/double-band,2019
GaiaDR3_6770227729752288256,58709,2019-08-14,16.944962,0.018889,1,periodic/double-band,2019
GaiaDR3_6770227729752288256,58724,2019-08-29,16.947041,0.018905,1,periodic/double-band,2019
GaiaDR3_6770227729752288256,58749,2019-09-23,16.928524,0.018768,1,periodic/double-band,2019
GaiaDR3_6770227729752288256,58760,2019-10-04,16.94701,0.018904,1,periodic/double-band,2019
GaiaDR3_6770227729752288256,58772,2019-10-16,16.95145,0.018938,1,periodic/double-band,2019
GaiaDR3_6770227729752288256,58775,2019-10-19,16.895302,0.018528,1,periodic/double-band,2019
GaiaDR3_6770227729752288256,58778,2019-10-22,16.906315,0.018607,1,periodic/double-band,2019
GaiaDR3_6770227729752288256,58783,2019-10-27,16.984863,0.019192,1,periodic/double-band,2019
GaiaDR3_6770227729752288256,59032,2020-07-02,17.01944,0.019464,1,periodic/double-band,2020
GaiaDR3_6770227729752288256,59037,2020-07-07,17.022406,0.019488,1,periodic/double-band,2020
GaiaDR3_6770227729752288256,59041,2020-07-11,16.906828,0.01861,1,periodic/double-band,2020
GaiaDR3_6770227729752288256,59045,2020-07-15,16.922432,0.018723,1,periodic/double-band,2020
GaiaDR3_6770227729752288256,59049,2020-07-19,17.025043,0.019509,1,periodic/double-band,2020
GaiaDR3_6770227729752288256,59128,2020-10-06,16.914726,0.018667,1,periodic/double-band,2020
GaiaDR3_6770227729752288256,59356,2021-05-22,16.981348,0.019165,1,periodic/double-band,2021
GaiaDR3_6770227729752288256,59365,2021-05-31,16.938883,0.018844,1,periodic/double-band,2021
GaiaDR3_6770227729752288256,59367,2021-06-02,16.937698,0.018835,1,periodic/double-band,2021
GaiaDR3_6770227729752288256,59369,2021-06-04,17.028603,0.019537,1,periodic/double-band,2021
GaiaDR3_6770227729752288256,59371,2021-06-06,16.97661,0.019128,1,periodic/double-band,2021
GaiaDR3_6770227729752288256,59374,2021-06-09,16.894344,0.018521,1,periodic/double-band,2021
GaiaDR3_6770227729752288256,59376,2021-06-11,16.986536,0.019205,1,periodic/double-band,2021
GaiaDR3_6770227729752288256,59378,2021-06-13,16.996075,0.019279,1,periodic/double-band,2021
GaiaDR3_6770227729752288256,59382,2021-06-17,16.936899,0.018829,1,periodic/double-band,2021
GaiaDR3_6770227729752288256,59386,2021-06-21,17.008373,0.019376,1,periodic/double-band,2021
GaiaDR3_6770227729752288256,59392,2021-06-27,16.857639,0.018266,1,periodic/double-band,2021
GaiaDR3_6770227729752288256,59397,2021-07-02,16.926468,0.018753,1,periodic/double-band,2021
GaiaDR3_6770227729752288256,59402,2021-07-07,16.873257,0.018373,1,periodic/double-band,2021
GaiaDR3_6770227729752288256,59404,2021-07-09,16.933813,0.018807,1,periodic/double-band,2021
GaiaDR3_6770227729752288256,59406,2021-07-11,16.984448,0.019189,1,periodic/double-band,2021
GaiaDR3_6770227729752288256,59408,2021-07-13,17.088764,0.020037,1,periodic/double-band,2021
GaiaDR3_6770227729752288256,59410,2021-07-15,17.014055,0.019421,1,periodic/double-band,2021
GaiaDR3_6770227729752288256,59412,2021-07-17,17.050842,0.019719,1,periodic/double-band,2021
GaiaDR3_6770227729752288256,59429,2021-08-03,16.92067,0.01871,1,periodic/double-band,2021
GaiaDR3_6770227729752288256,59434,2021-08-08,17.037334,0.019608,1,periodic/double-band,2021
GaiaDR3_6770227729752288256,59436,2021-08-10,16.99752,0.01929,1,periodic/double-band,2021
GaiaDR3_6770227729752288256,59439,2021-08-13,16.902254,0.018578,1,periodic/double-band,2021
GaiaDR3_6770227729752288256,59441,2021-08-15,16.927055,0.018757,1,periodic/double-band,2021
GaiaDR3_6770227729752288256,59447,2021-08-21,17.165018,0.020712,1,periodic/double-band,2021
GaiaDR3_6770227729752288256,59450,2021-08-24,16.91518,0.018671,1,periodic/double-band,2021
GaiaDR3_6770227729752288256,59454,2021-08-28,16.941437,0.018863,1,periodic/double-band,2021
GaiaDR3_6770227729752288256,59457,2021-08-31,16.935459,0.018819,1,periodic/double-band,2021
GaiaDR3_6770227729752288256,59464,2021-09-07,17.021572,0.019481,1,periodic/double-band,2021
GaiaDR3_6770227729752288256,59468,2021-09-11,16.988224,0.019218,1,periodic/double-band,2021
GaiaDR3_6770227729752288256,59470,2021-09-13,17.02636,0.019519,1,periodic/double-band,2021
GaiaDR3_6770227729752288256,59474,2021-09-17,16.975891,0.019123,1,periodic/double-band,2021
GaiaDR3_6770227729752288256,59476,2021-09-19,16.914726,0.018667,1,periodic/double-band,2021
GaiaDR3_6770227729752288256,59488,2021-10-01,16.931637,0.018791,1,periodic/double-band,2021
GaiaDR3_6770227729752288256,59497,2021-10-10,16.959425,0.018998,1,periodic/double-band,2021
GaiaDR3_6770227729752288256,59726,2022-05-27,17.045092,0.019671,1,periodic/double-band,2022
GaiaDR3_6770227729752288256,59729,2022-05-30,17.001087,0.019318,1,periodic/double-band,2022
GaiaDR3_6770227729752288256,59732,2022-06-02,17.034592,0.019586,1,periodic/double-band,2022
GaiaDR3_6770227729752288256,59739,2022-06-09,16.941727,0.018865,1,periodic/double-band,2022
GaiaDR3_6770227729752288256,59743,2022-06-13,16.982246,0.019172,1,periodic/double-band,2022
GaiaDR3_6770227729752288256,59748,2022-06-18,16.944332,0.018884,1,periodic/double-band,2022
GaiaDR3_6770227729752288256,59750,2022-06-20,16.892929,0.018511,1,periodic/double-band,2022
GaiaDR3_6770227729752288256,59755,2022-06-25,16.902746,0.018581,1,periodic/double-band,2022
GaiaDR3_6770227729752288256,59757,2022-06-27,16.953032,0.018949,1,periodic/double-band,2022
GaiaDR3_6770227729752288256,59759,2022-06-29,16.938625,0.018842,1,periodic/double-band,2022
GaiaDR3_6770227729752288256,59761,2022-07-01,16.999889,0.019309,1,periodic/double-band,2022
GaiaDR3_6770227729752288256,59763,2022-07-03,16.939251,0.018847,1,periodic/double-band,2022
GaiaDR3_6770227729752288256,59768,2022-07-08,16.937818,0.013319,2,periodic/double-band,2022
GaiaDR3_6770227729752288256,59770,2022-07-10,16.961814,0.013447,2,periodic/double-band,2022
GaiaDR3_6770227729752288256,59781,2022-07-21,16.935001,0.018815,1,periodic/double-band,2022
GaiaDR3_6770227729752288256,59783,2022-07-23,16.991169,0.019241,1,periodic/double-band,2022
GaiaDR3_6770227729752288256,59789,2022-07-29,16.908312,0.018621,1,periodic/double-band,2022
GaiaDR3_6770227729752288256,59797,2022-08-06,17.021957,0.019484,1,periodic/double-band,2022
GaiaDR3_6770227729752288256,59802,2022-08-11,16.995775,0.019277,1,periodic/double-band,2022
GaiaDR3_6770227729752288256,59805,2022-08-14,16.959282,0.018996,1,periodic/double-band,2022
GaiaDR3_6770227729752288256,59807,2022-08-16,17.01417,0.019422,1,periodic/double-band,2022
GaiaDR3_6770227729752288256,59809,2022-08-18,17.034748,0.019587,1,periodic/double-band,2022
GaiaDR3_6770227729752288256,59812,2022-08-21,17.05537,0.019756,1,periodic/double-band,2022
GaiaDR3_6770227729752288256,59814,2022-08-23,16.938038,0.018838,1,periodic/double-band,2022
GaiaDR3_6770227729752288256,59816,2022-08-25,16.984774,0.019191,1,periodic/double-band,2022
GaiaDR3_6770227729752288256,59818,2022-08-27,16.930767,0.018784,1,periodic/double-band,2022
GaiaDR3_6770227729752288256,59820,2022-08-29,16.905008,0.018597,1,periodic/double-band,2022
GaiaDR3_6770227729752288256,59822,2022-08-31,16.896715,0.018538,1,periodic/double-band,2022
GaiaDR3_6770227729752288256,59824,2022-09-02,16.997875,0.019293,1,periodic/double-band,2022
GaiaDR3_6770227729752288256,59826,2022-09-04,16.954494,0.01896,1,periodic/double-band,2022
GaiaDR3_6770227729752288256,59837,2022-09-15,17.023025,0.019493,1,periodic/double-band,2022
GaiaDR3_6770227729752288256,59840,2022-09-18,16.970606,0.019082,1,periodic/double-band,2022
GaiaDR3_6770227729752288256,59842,2022-09-20,16.968933,0.01907,1,periodic/double-band,2022
GaiaDR3_6770227729752288256,59859,2022-10-07,16.945343,0.018892,1,periodic/double-band,2022
GaiaDR3_6770227729752288256,59862,2022-10-10,17.010387,0.019392,1,periodic/double-band,2022
GaiaDR3_6770227729752288256,59864,2022-10-12,16.966804,0.019053,1,periodic/double-band,2022
GaiaDR3_6770227729752288256,59866,2022-10-14,16.981792,0.019168,1,periodic/double-band,2022
GaiaDR3_6770227729752288256,60087,2023-05-23,16.952297,0.018944,1,periodic/double-band,2023
GaiaDR3_6770227729752288256,60089,2023-05-25,16.927864,0.018763,1,periodic/double-band,2023
GaiaDR3_6770227729752288256,60094,2023-05-30,16.924583,0.018739,1,periodic/double-band,2023
GaiaDR3_6770227729752288256,60103,2023-06-08,17.037739,0.019611,1,periodic/double-band,2023
GaiaDR3_6770227729752288256,60108,2023-06-13,16.8521,0.018228,1,periodic/double-band,2023
GaiaDR3_6770227729752288256,60110,2023-06-15,17.028137,0.019534,1,periodic/double-band,2023
GaiaDR3_6770227729752288256,60112,2023-06-17,17.016274,0.019439,1,periodic/double-band,2023
GaiaDR3_6770227729752288256,60115,2023-06-20,16.945385,0.018892,1,periodic/double-band,2023
GaiaDR3_6770227729752288256,60118,2023-06-23,16.825542,0.018049,1,periodic/double-band,2023
GaiaDR3_6770227729752288256,60120,2023-06-25,16.918592,0.018695,1,periodic/double-band,2023
GaiaDR3_6770227729752288256,60122,2023-06-27,16.940266,0.018854,1,periodic/double-band,2023
GaiaDR3_6770227729752288256,60124,2023-06-29,16.912657,0.018652,1,periodic/double-band,2023
GaiaDR3_6770227729752288256,60127,2023-07-02,17.01297,0.019412,1,periodic/double-band,2023
GaiaDR3_6770227729752288256,60133,2023-07-08,16.956299,0.018974,1,periodic/double-band,2023
GaiaDR3_6770227729752288256,60135,2023-07-10,17.033821,0.01958,1,periodic/double-band,2023
GaiaDR3_6770227729752288256,60141,2023-07-16,16.919834,0.018704,1,periodic/double-band,2023
GaiaDR3_6770227729752288256,60145,2023-07-20,17.006195,0.019359,1,periodic/double-band,2023
GaiaDR3_6770227729752288256,60147,2023-07-22,16.885715,0.01846,1,periodic/double-band,2023
GaiaDR3_6770227729752288256,60149,2023-07-24,16.990837,0.019238,1,periodic/double-band,2023
GaiaDR3_6770227729752288256,60151,2023-07-26,17.023035,0.019493,1,periodic/double-band,2023
GaiaDR3_6770227729752288256,60153,2023-07-28,16.92635,0.018752,1,periodic/double-band,2023
GaiaDR3_6770227729752288256,60159,2023-08-03,16.950882,0.018933,1,periodic/double-band,2023
GaiaDR3_6770227729752288256,60165,2023-08-09,16.923292,0.018729,1,periodic/double-band,2023
GaiaDR3_6770227729752288256,60172,2023-08-16,16.929386,0.018774,1,periodic/double-band,2023
GaiaDR3_6770227729752288256,60174,2023-08-18,16.849922,0.018213,1,periodic/double-band,2023
GaiaDR3_6770227729752288256,60179,2023-08-23,16.907944,0.018618,1,periodic/double-band,2023
GaiaDR3_6770227729752288256,60185,2023-08-29,16.952828,0.018948,1,periodic/double-band,2023
GaiaDR3_6770227729752288256,60187,2023-08-31,16.941948,0.018867,1,periodic/double-band,2023
GaiaDR3_6770227729752288256,60195,2023-09-08,16.947372,0.018907,1,periodic/double-band,2023
GaiaDR3_6770227729752288256,60198,2023-09-11,16.938564,0.018842,1,periodic/double-band,2023
GaiaDR3_6770227729752288256,60201,2023-09-14,16.9436,0.018879,1,periodic/double-band,2023
GaiaDR3_6770227729752288256,60207,2023-09-20,16.921997,0.01872,1,periodic/double-band,2023
GaiaDR3_6770227729752288256,60213,2023-09-26,16.884499,0.018452,1,periodic/double-band,2023
GaiaDR3_6770227729752288256,60215,2023-09-28,16.919619,0.018703,1,periodic/double-band,2023
GaiaDR3_6770227729752288256,60223,2023-10-06,16.9013,0.018571,1,periodic/double-band,2023
GaiaDR3_6770227729752288256,60227,2023-10-10,16.91721,0.018685,1,periodic/double-band,2023
GaiaDR3_6770227729752288256,60449,2024-05-19,16.959831,0.019001,1,periodic/double-band,2024
GaiaDR3_6770227729752288256,60451,2024-05-21,16.910219,0.018635,1,periodic/double-band,2024
GaiaDR3_6770227729752288256,60458,2024-05-28,17.029476,0.019544,1,periodic/double-band,2024
GaiaDR3_6770227729752288256,60461,2024-05-31,16.955654,0.018969,1,periodic/double-band,2024
GaiaDR3_6770227729752288256,60469,2024-06-08,16.915796,0.018675,1,periodic/double-band,2024
GaiaDR3_6770227729752288256,60474,2024-06-13,17.016773,0.019443,1,periodic/double-band,2024
GaiaDR3_6770227729752288256,60476,2024-06-15,16.914209,0.018664,1,periodic/double-band,2024
GaiaDR3_6770227729752288256,60487,2024-06-26,16.718535,0.017375,1,periodic/double-band,2024
GaiaDR3_6770227729752288256,60489,2024-06-28,16.871502,0.018361,1,periodic/double-band,2024
GaiaDR3_6770227729752288256,60491,2024-06-30,16.927696,0.018762,1,periodic/double-band,2024
GaiaDR3_6770227729752288256,60501,2024-07-10,16.882816,0.01844,1,periodic/double-band,2024
GaiaDR3_6770227729752288256,60508,2024-07-17,16.874496,0.018382,1,periodic/double-band,2024
GaiaDR3_6770227729752288256,60515,2024-07-24,16.954166,0.018958,1,periodic/double-band,2024
GaiaDR3_6770227729752288256,60520,2024-07-29,16.929316,0.018774,1,periodic/double-band,2024
GaiaDR3_6770227729752288256,60525,2024-08-03,16.890865,0.018497,1,periodic/double-band,2024
GaiaDR3_6770227729752288256,60527,2024-08-05,16.963783,0.019031,1,periodic/double-band,2024
GaiaDR3_6770227729752288256,60529,2024-08-07,16.942345,0.01887,1,periodic/double-band,2024
GaiaDR3_6770227729752288256,60531,2024-08-09,16.986084,0.019201,1,periodic/double-band,2024
GaiaDR3_6770227729752288256,60535,2024-08-13,16.941355,0.018862,1,periodic/double-band,2024
GaiaDR3_6770227729752288256,60537,2024-08-15,16.921257,0.018715,1,periodic/double-band,2024
GaiaDR3_6770227729752288256,60545,2024-08-23,16.920143,0.018707,1,periodic/double-band,2024
GaiaDR3_6770227729752288256,60549,2024-08-27,17.003876,0.01934,1,periodic/double-band,2024
GaiaDR3_6770227729752288256,60551,2024-08-29,16.903072,0.018583,1,periodic/double-band,2024
GaiaDR3_6770227729752288256,60553,2024-08-31,16.929653,0.018776,1,periodic/double-band,2024
GaiaDR3_6770227729752288256,60555,2024-09-02,17.018219,0.019454,1,periodic/double-band,2024
GaiaDR3_6770227729752288256,60557,2024-09-04,16.950462,0.01893,1,periodic/double-band,2024
GaiaDR3_6770227729752288256,60559,2024-09-06,16.947218,0.018906,1,periodic/double-band,2024
GaiaDR3_6770227729752288256,60568,2024-09-15,16.916077,0.018677,1,periodic/double-band,2024
GaiaDR3_6770227729752288256,60571,2024-09-18,16.898621,0.018552,1,periodic/double-band,2024
GaiaDR3_6770227729752288256,60825,2025-05-30,16.946442,0.0189,1,periodic/double-band,2025
GaiaDR3_6770227729752288256,60845,2025-06-19,16.93021,0.01878,1,periodic/double-band,2025
GaiaDR3_6770227729752288256,60854,2025-06-28,16.933304,0.018803,1,periodic/double-band,2025
GaiaDR3_6770227729752288256,60856,2025-06-30,16.946583,0.018901,1,periodic/double-band,2025
GaiaDR3_6770227729752288256,60858,2025-07-02,16.929339,0.018774,1,periodic/double-band,2025
GaiaDR3_6770227729752288256,60860,2025-07-04,16.934788,0.018814,1,periodic/double-band,2025
GaiaDR3_6770227729752288256,60862,2025-07-06,16.937784,0.018836,1,periodic/double-band,2025
GaiaDR3_6770227729752288256,60864,2025-07-08,16.935158,0.018816,1,periodic/double-band,2025
GaiaDR3_6770227729752288256,60869,2025-07-13,16.961472,0.013445,2,periodic/double-band,2025
GaiaDR3_6770227729752288256,60875,2025-07-19,16.929714,0.010841,3,periodic/double-band,2025
GaiaDR3_6770227729752288256,60876,2025-07-20,16.920828,0.013231,2,periodic/double-band,2025
GaiaDR3_6770227729752288256,60877,2025-07-21,17.013886,0.032353,3,periodic/double-band,2025
GaiaDR3_6770227729752288256,60879,2025-07-23,16.895577,0.01853,1,periodic/double-band,2025
GaiaDR3_6770227729752288256,60883,2025-07-27,17.046169,0.01968,1,periodic/double-band,2025
GaiaDR3_6770227729752288256,60885,2025-07-29,16.957611,0.011123,3,periodic/double-band,2025
GaiaDR3_6770227729752288256,60887,2025-07-31,17.025482,0.011265,3,periodic/double-band,2025
GaiaDR3_6770227729752288256,60889,2025-08-02,16.926958,0.018756,1,periodic/double-band,2025
GaiaDR3_6770227729752288256,60898,2025-08-11,17.030664,0.050717,3,periodic/double-band,2025
GaiaDR3_6770227729752288256,60899,2025-08-12,16.942297,0.014262,2,periodic/double-band,2025
GaiaDR3_6770227729752288256,60900,2025-08-13,16.943451,0.018878,1,periodic/double-band,2025
GaiaDR3_6770227729752288256,60901,2025-08-14,17.03487,0.028797,2,periodic/double-band,2025
GaiaDR3_6770227729752288256,60902,2025-08-15,16.963063,0.020679,2,periodic/double-band,2025
GaiaDR3_6770227729752288256,60903,2025-08-16,17.000568,0.019314,1,periodic/double-band,2025
GaiaDR3_6770227729752288256,60904,2025-08-17,16.930206,0.01328,2,periodic/double-band,2025
GaiaDR3_6770227729752288256,60908,2025-08-21,16.931713,0.013287,2,periodic/double-band,2025
GaiaDR3_6770227729752288256,60911,2025-08-24,17.034336,0.019584,1,periodic/double-band,2025
GaiaDR3_6770227729752288256,60914,2025-08-27,16.902508,0.013138,2,periodic/double-band,2025
GaiaDR3_6770227729752288256,60916,2025-08-29,17.089811,0.020046,1,periodic/double-band,2025
GaiaDR3_6770227729752288256,60917,2025-08-30,17.008015,0.019373,1,periodic/double-band,2025
GaiaDR3_6770227729752288256,60918,2025-08-31,16.98752,0.035739,2,periodic/double-band,2025
GaiaDR3_6770227729752288256,60919,2025-09-01,17.013491,0.019416,1,periodic/double-band,2025
GaiaDR3_6770227729752288256,60923,2025-09-05,16.953825,0.013404,2,periodic/double-band,2025
GaiaDR3_6770227729752288256,60925,2025-09-07,17.032887,0.019572,1,periodic/double-band,2025
GaiaDR3_6770227729752288256,60926,2025-09-08,16.94038,0.018855,1,periodic/double-band,2025
GaiaDR3_6770227729752288256,60927,2025-09-09,16.973999,0.013512,2,periodic/double-band,2025
GaiaDR3_6770227729752288256,60928,2025-09-10,17.000198,0.019311,1,periodic/double-band,2025
GaiaDR3_6770227729752288256,60933,2025-09-15,16.919807,0.018704,1,periodic/double-band,2025
GaiaDR3_6770227729752288256,60934,2025-09-16,16.974794,0.021803,2,periodic/double-band,2025
GaiaDR3_6770227729752288256,60935,2025-09-17,16.934729,0.018813,1,periodic/double-band,2025
GaiaDR3_6770227729752288256,60938,2025-09-20,16.970577,0.018729,2,periodic/double-band,2025
GaiaDR3_6770227729752288256,60939,2025-09-21,17.018959,0.01946,1,periodic/double-band,2025
GaiaDR3_6770227729752288256,60942,2025-09-24,16.887295,0.018471,1,periodic/double-band,2025
GaiaDR3_6770227729752288256,60951,2025-10-03,16.964317,0.019035,1,periodic/double-band,2025
GaiaDR3_6770227729752288256,60953,2025-10-05,16.972191,0.019095,1,periodic/double-band,2025
GaiaDR3_6770227729752288256,60954,2025-10-06,16.838324,0.018135,1,periodic/double-band,2025
GaiaDR3_6770227729752288256,60960,2025-10-12,16.992027,0.019248,1,periodic/double-band,2025
GaiaDR3_6770227729752288256,60961,2025-10-13,16.976765,0.01913,1,periodic/double-band,2025
GaiaDR3_6844375121726139520,58263,2018-05-25,16.507614,0.014499,1,periodic/double-band,2018
GaiaDR3_6844375121726139520,58267,2018-05-29,16.519867,0.014548,1,periodic/double-band,2018
GaiaDR3_6844375121726139520,58270,2018-06-01,16.579655,0.014799,1,periodic/double-band,2018
GaiaDR3_6844375121726139520,58275,2018-06-06,16.538235,0.014624,1,periodic/double-band,2018
GaiaDR3_6844375121726139520,58278,2018-06-09,16.571125,0.014762,1,periodic/double-band,2018
GaiaDR3_6844375121726139520,58287,2018-06-18,16.510124,0.014509,1,periodic/double-band,2018
GaiaDR3_6844375121726139520,58290,2018-06-21,16.615379,0.014957,1,periodic/double-band,2018
GaiaDR3_6844375121726139520,58293,2018-06-24,16.50193,0.014476,1,periodic/double-band,2018
GaiaDR3_6844375121726139520,58304,2018-07-05,16.588337,0.014837,1,periodic/double-band,2018
GaiaDR3_6844375121726139520,58307,2018-07-08,16.619957,0.014977,1,periodic/double-band,2018
GaiaDR3_6844375121726139520,58311,2018-07-12,16.604021,0.014906,1,periodic/double-band,2018
GaiaDR3_6844375121726139520,58314,2018-07-15,16.532577,0.0146,1,periodic/double-band,2018
GaiaDR3_6844375121726139520,58317,2018-07-18,16.500982,0.014472,1,periodic/double-band,2018
GaiaDR3_6844375121726139520,58320,2018-07-21,16.593908,0.014861,1,periodic/double-band,2018
GaiaDR3_6844375121726139520,58323,2018-07-24,16.551519,0.014679,1,periodic/double-band,2018
GaiaDR3_6844375121726139520,58330,2018-07-31,16.595272,0.014867,1,periodic/double-band,2018
GaiaDR3_6844375121726139520,58333,2018-08-03,16.530026,0.01459,1,periodic/double-band,2018
GaiaDR3_6844375121726139520,58336,2018-08-06,16.577814,0.014791,1,periodic/double-band,2018
GaiaDR3_6844375121726139520,58343,2018-08-13,16.581484,0.014807,1,periodic/double-band,2018
GaiaDR3_6844375121726139520,58347,2018-08-17,16.606781,0.014918,1,periodic/double-band,2018
GaiaDR3_6844375121726139520,58350,2018-08-20,16.511187,0.014513,1,periodic/double-band,2018
GaiaDR3_6844375121726139520,58362,2018-09-01,16.522667,0.01456,1,periodic/double-band,2018
GaiaDR3_6844375121726139520,58365,2018-09-04,16.525705,0.014572,1,periodic/double-band,2018
GaiaDR3_6844375121726139520,58369,2018-09-08,16.541965,0.014639,1,periodic/double-band,2018
GaiaDR3_6844375121726139520,58372,2018-09-11,16.578289,0.014793,1,periodic/double-band,2018
GaiaDR3_6844375121726139520,58375,2018-09-14,16.558502,0.014709,1,periodic/double-band,2018
GaiaDR3_6844375121726139520,58378,2018-09-17,16.53767,0.014621,1,periodic/double-band,2018
GaiaDR3_6844375121726139520,58386,2018-09-25,16.550003,0.014673,1,periodic/double-band,2018
GaiaDR3_6844375121726139520,58389,2018-09-28,16.578194,0.014793,1,periodic/double-band,2018
GaiaDR3_6844375121726139520,58429,2018-11-07,16.517868,0.01454,1,periodic/double-band,2018
GaiaDR3_6844375121726139520,58432,2018-11-10,16.493431,0.014442,1,periodic/double-band,2018
GaiaDR3_6844375121726139520,58457,2018-12-05,16.639076,0.015064,1,periodic/double-band,2018
GaiaDR3_6844375121726139520,58469,2018-12-17,16.606941,0.014919,1,periodic/double-band,2018
GaiaDR3_6844375121726139520,58635,2019-06-01,16.585815,0.014826,1,periodic/double-band,2019
GaiaDR3_6844375121726139520,58638,2019-06-04,16.610321,0.014934,1,periodic/double-band,2019
GaiaDR3_6844375121726139520,58641,2019-06-07,16.600063,0.014888,1,periodic/double-band,2019
GaiaDR3_6844375121726139520,58644,2019-06-10,16.564556,0.014734,1,periodic/double-band,2019
GaiaDR3_6844375121726139520,58647,2019-06-13,16.570053,0.014758,1,periodic/double-band,2019
GaiaDR3_6844375121726139520,58653,2019-06-19,16.546944,0.01466,1,periodic/double-band,2019
GaiaDR3_6844375121726139520,58668,2019-07-04,16.533371,0.014604,1,periodic/double-band,2019
GaiaDR3_6844375121726139520,58674,2019-07-10,16.581215,0.014806,1,periodic/double-band,2019
GaiaDR3_6844375121726139520,58677,2019-07-13,16.51014,0.014509,1,periodic/double-band,2019
GaiaDR3_6844375121726139520,58680,2019-07-16,16.508869,0.014504,1,periodic/double-band,2019
GaiaDR3_6844375121726139520,58691,2019-07-27,16.5879,0.014835,1,periodic/double-band,2019
GaiaDR3_6844375121726139520,58708,2019-08-13,16.536186,0.014615,1,periodic/double-band,2019
GaiaDR3_6844375121726139520,58712,2019-08-17,16.60058,0.014891,1,periodic/double-band,2019
GaiaDR3_6844375121726139520,58727,2019-09-01,16.610716,0.014936,1,periodic/double-band,2019
GaiaDR3_6844375121726139520,58732,2019-09-06,16.534554,0.014608,1,periodic/double-band,2019
GaiaDR3_6844375121726139520,58747,2019-09-21,16.522287,0.014558,1,periodic/double-band,2019
GaiaDR3_6844375121726139520,58754,2019-09-28,16.526051,0.014574,1,periodic/double-band,2019
GaiaDR3_6844375121726139520,58770,2019-10-14,16.562359,0.014725,1,periodic/double-band,2019
GaiaDR3_6844375121726139520,58773,2019-10-17,16.530586,0.014592,1,periodic/double-band,2019
GaiaDR3_6844375121726139520,58776,2019-10-20,16.505493,0.01449,1,periodic/double-band,2019
GaiaDR3_6844375121726139520,58782,2019-10-26,16.569084,0.014754,1,periodic/double-band,2019
GaiaDR3_6844375121726139520,58789,2019-11-02,16.516693,0.014535,1,periodic/double-band,2019
GaiaDR3_6844375121726139520,58794,2019-11-07,16.569336,0.014755,1,periodic/double-band,2019
GaiaDR3_6844375121726139520,58797,2019-11-10,16.520134,0.014549,1,periodic/double-band,2019
GaiaDR3_6844375121726139520,58804,2019-11-17,16.663519,0.015179,1,periodic/double-band,2019
GaiaDR3_6844375121726139520,58830,2019-12-13,16.606735,0.014918,1,periodic/double-band,2019
GaiaDR3_6844375121726139520,58837,2019-12-20,16.606491,0.014917,1,periodic/double-band,2019
GaiaDR3_6844375121726139520,58998,2020-05-29,16.627701,0.015012,1,periodic/double-band,2020
GaiaDR3_6844375121726139520,59014,2020-06-14,16.55957,0.014713,1,periodic/double-band,2020
GaiaDR3_6844375121726139520,59018,2020-06-18,16.484642,0.014408,1,periodic/double-band,2020
GaiaDR3_6844375121726139520,59023,2020-06-23,16.588898,0.014839,1,periodic/double-band,2020
GaiaDR3_6844375121726139520,59026,2020-06-26,16.53783,0.014622,1,periodic/double-band,2020
GaiaDR3_6844375121726139520,59030,2020-06-30,16.497017,0.014457,1,periodic/double-band,2020
GaiaDR3_6844375121726139520,59033,2020-07-03,16.574696,0.014778,1,periodic/double-band,2020
GaiaDR3_6844375121726139520,59040,2020-07-10,16.498676,0.014463,1,periodic/double-band,2020
GaiaDR3_6844375121726139520,59043,2020-07-13,16.631752,0.015031,1,periodic/double-band,2020
GaiaDR3_6844375121726139520,59046,2020-07-16,16.60792,0.014923,1,periodic/double-band,2020
GaiaDR3_6844375121726139520,59050,2020-07-20,16.601719,0.014896,1,periodic/double-band,2020
GaiaDR3_6844375121726139520,59053,2020-07-23,16.522034,0.014557,1,periodic/double-band,2020
GaiaDR3_6844375121726139520,59067,2020-08-06,16.524933,0.014569,1,periodic/double-band,2020
GaiaDR3_6844375121726139520,59072,2020-08-11,16.615179,0.014956,1,periodic/double-band,2020
GaiaDR3_6844375121726139520,59076,2020-08-15,16.554987,0.014694,1,periodic/double-band,2020
GaiaDR3_6844375121726139520,59079,2020-08-18,16.51627,0.014534,1,periodic/double-band,2020
GaiaDR3_6844375121726139520,59095,2020-09-03,16.606163,0.014915,1,periodic/double-band,2020
GaiaDR3_6844375121726139520,59099,2020-09-07,16.56702,0.014745,1,periodic/double-band,2020
GaiaDR3_6844375121726139520,59114,2020-09-22,16.563271,0.014729,1,periodic/double-band,2020
GaiaDR3_6844375121726139520,59131,2020-10-09,16.507175,0.014497,1,periodic/double-band,2020
GaiaDR3_6844375121726139520,59134,2020-10-12,16.609413,0.01493,1,periodic/double-band,2020
GaiaDR3_6844375121726139520,59136,2020-10-14,16.543917,0.014647,1,periodic/double-band,2020
GaiaDR3_6844375121726139520,59138,2020-10-16,16.558352,0.014708,1,periodic/double-band,2020
GaiaDR3_6844375121726139520,59140,2020-10-18,16.627399,0.015011,1,periodic/double-band,2020
GaiaDR3_6844375121726139520,59142,2020-10-20,16.51557,0.014531,1,periodic/double-band,2020
GaiaDR3_6844375121726139520,59150,2020-10-28,16.54953,0.014671,1,periodic/double-band,2020
GaiaDR3_6844375121726139520,59151,2020-10-29,16.500588,0.014471,1,periodic/double-band,2020
GaiaDR3_6844375121726139520,59152,2020-10-30,16.603249,0.014902,1,periodic/double-band,2020
GaiaDR3_6844375121726139520,59158,2020-11-05,16.509876,0.014508,1,periodic/double-band,2020
GaiaDR3_6844375121726139520,59165,2020-11-12,16.633438,0.015039,1,periodic/double-band,2020
GaiaDR3_6844375121726139520,59167,2020-11-14,16.630768,0.015026,1,periodic/double-band,2020
GaiaDR3_6844375121726139520,59168,2020-11-15,16.56427,0.014733,1,periodic/double-band,2020
GaiaDR3_6844375121726139520,59170,2020-11-17,16.584374,0.01482,1,periodic/double-band,2020
GaiaDR3_6844375121726139520,59172,2020-11-19,16.615707,0.014958,1,periodic/double-band,2020
GaiaDR3_6844375121726139520,59178,2020-11-25,16.544548,0.01465,1,periodic/double-band,2020
GaiaDR3_6844375121726139520,59180,2020-11-27,16.558758,0.01471,1,periodic/double-band,2020
GaiaDR3_6844375121726139520,59182,2020-11-29,16.538704,0.014626,1,periodic/double-band,2020
GaiaDR3_6844375121726139520,59184,2020-12-01,16.511887,0.014516,1,periodic/double-band,2020
GaiaDR3_6844375121726139520,59186,2020-12-03,16.589348,0.014841,1,periodic/double-band,2020
GaiaDR3_6844375121726139520,59349,2021-05-15,16.548389,0.014666,1,periodic/double-band,2021
GaiaDR3_6844375121726139520,59354,2021-05-20,16.588911,0.014839,1,periodic/double-band,2021
GaiaDR3_6844375121726139520,59357,2021-05-23,16.549961,0.014673,1,periodic/double-band,2021
GaiaDR3_6844375121726139520,59359,2021-05-25,16.49469,0.014447,1,periodic/double-band,2021
GaiaDR3_6844375121726139520,59362,2021-05-28,16.527115,0.014578,1,periodic/double-band,2021
GaiaDR3_6844375121726139520,59364,2021-05-30,16.518867,0.014544,1,periodic/double-band,2021
GaiaDR3_6844375121726139520,59367,2021-06-02,16.52718,0.014578,1,periodic/double-band,2021
GaiaDR3_6844375121726139520,59369,2021-06-04,16.546036,0.014656,1,periodic/double-band,2021
GaiaDR3_6844375121726139520,59376,2021-06-11,16.595489,0.014868,1,periodic/double-band,2021
GaiaDR3_6844375121726139520,59386,2021-06-21,16.620048,0.014978,1,periodic/double-band,2021
GaiaDR3_6844375121726139520,59390,2021-06-25,16.533653,0.014605,1,periodic/double-band,2021
GaiaDR3_6844375121726139520,59396,2021-07-01,16.53882,0.014626,1,periodic/double-band,2021
GaiaDR3_6844375121726139520,59399,2021-07-04,16.542767,0.013377,1,periodic/double-band,2021
GaiaDR3_6844375121726139520,59401,2021-07-06,16.537178,0.014619,1,periodic/double-band,2021
GaiaDR3_6844375121726139520,59404,2021-07-09,16.606648,0.014918,1,periodic/double-band,2021
GaiaDR3_6844375121726139520,59408,2021-07-13,16.536335,0.014616,1,periodic/double-band,2021
GaiaDR3_6844375121726139520,59410,2021-07-15,16.525332,0.014571,1,periodic/double-band,2021
GaiaDR3_6844375121726139520,59414,2021-07-19,16.574053,0.014775,1,periodic/double-band,2021
GaiaDR3_6844375121726139520,59416,2021-07-21,16.490109,0.014429,1,periodic/double-band,2021
GaiaDR3_6844375121726139520,59422,2021-07-27,16.583656,0.014816,1,periodic/double-band,2021
GaiaDR3_6844375121726139520,59424,2021-07-29,16.619625,0.014976,1,periodic/double-band,2021
GaiaDR3_6844375121726139520,59425,2021-07-30,16.553576,0.009491,2,periodic/double-band,2021
GaiaDR3_6844375121726139520,59426,2021-07-31,16.504814,0.014488,1,periodic/double-band,2021
GaiaDR3_6844375121726139520,59428,2021-08-02,16.521034,0.014553,1,periodic/double-band,2021
GaiaDR3_6844375121726139520,59430,2021-08-04,16.527708,0.01458,1,periodic/double-band,2021
GaiaDR3_6844375121726139520,59436,2021-08-10,16.615204,0.014956,1,periodic/double-band,2021
GaiaDR3_6844375121726139520,59439,2021-08-13,16.529709,0.014589,1,periodic/double-band,2021
GaiaDR3_6844375121726139520,59444,2021-08-18,16.529123,0.014586,1,periodic/double-band,2021
GaiaDR3_6844375121726139520,59449,2021-08-23,16.497614,0.014459,1,periodic/double-band,2021
GaiaDR3_6844375121726139520,59451,2021-08-25,16.519102,0.014545,1,periodic/double-band,2021
GaiaDR3_6844375121726139520,59453,2021-08-27,16.548756,0.014667,1,periodic/double-band,2021
GaiaDR3_6844375121726139520,59455,2021-08-29,16.522694,0.01456,1,periodic/double-band,2021
GaiaDR3_6844375121726139520,59459,2021-09-02,16.523651,0.014564,1,periodic/double-band,2021
GaiaDR3_6844375121726139520,59461,2021-09-04,16.511883,0.014516,1,periodic/double-band,2021
GaiaDR3_6844375121726139520,59463,2021-09-06,16.553715,0.014688,1,periodic/double-band,2021
GaiaDR3_6844375121726139520,59465,2021-09-08,16.497803,0.01446,1,periodic/double-band,2021
GaiaDR3_6844375121726139520,59467,2021-09-10,16.544588,0.01465,1,periodic/double-band,2021
GaiaDR3_6844375121726139520,59469,2021-09-12,16.580982,0.014805,1,periodic/double-band,2021
GaiaDR3_6844375121726139520,59471,2021-09-14,16.49992,0.014468,1,periodic/double-band,2021
GaiaDR3_6844375121726139520,59473,2021-09-16,16.54755,0.014662,1,periodic/double-band,2021
GaiaDR3_6844375121726139520,59477,2021-09-20,16.525673,0.013307,1,periodic/double-band,2021
GaiaDR3_6844375121726139520,59479,2021-09-22,16.652668,0.015128,1,periodic/double-band,2021
GaiaDR3_6844375121726139520,59484,2021-09-27,16.560999,0.014719,1,periodic/double-band,2021
GaiaDR3_6844375121726139520,59486,2021-09-29,16.496191,0.014453,1,periodic/double-band,2021
GaiaDR3_6844375121726139520,59488,2021-10-01,16.524029,0.014565,1,periodic/double-band,2021
GaiaDR3_6844375121726139520,59497,2021-10-10,16.508141,0.014501,1,periodic/double-band,2021
GaiaDR3_6844375121726139520,59504,2021-10-17,16.610939,0.014937,1,periodic/double-band,2021
GaiaDR3_6844375121726139520,59510,2021-10-23,16.537472,0.014621,1,periodic/double-band,2021
GaiaDR3_6844375121726139520,59517,2021-10-30,16.527107,0.014578,1,periodic/double-band,2021
GaiaDR3_6844375121726139520,59521,2021-11-03,16.570997,0.013495,1,periodic/double-band,2021
GaiaDR3_6844375121726139520,59524,2021-11-06,16.537012,0.014619,1,periodic/double-band,2021
GaiaDR3_6844375121726139520,59527,2021-11-09,16.523907,0.014565,1,periodic/double-band,2021
GaiaDR3_6844375121726139520,59531,2021-11-13,16.560391,0.014717,1,periodic/double-band,2021
GaiaDR3_6844375121726139520,59532,2021-11-14,16.559959,0.014715,1,periodic/double-band,2021
GaiaDR3_6844375121726139520,59538,2021-11-20,16.62093,0.014982,1,periodic/double-band,2021
GaiaDR3_6844375121726139520,59540,2021-11-22,16.610558,0.014935,1,periodic/double-band,2021
GaiaDR3_6844375121726139520,59714,2022-05-15,16.642616,0.015081,1,periodic/double-band,2022
GaiaDR3_6844375121726139520,59722,2022-05-23,16.547373,0.021497,2,periodic/double-band,2022
GaiaDR3_6844375121726139520,59724,2022-05-25,16.571638,0.014765,1,periodic/double-band,2022
GaiaDR3_6844375121726139520,59731,2022-06-01,16.580795,0.014804,1,periodic/double-band,2022
GaiaDR3_6844375121726139520,59733,2022-06-03,16.553957,0.014689,1,periodic/double-band,2022
GaiaDR3_6844375121726139520,59737,2022-06-07,16.523464,0.014563,1,periodic/double-band,2022
GaiaDR3_6844375121726139520,59739,2022-06-09,16.60121,0.014893,1,periodic/double-band,2022
GaiaDR3_6844375121726139520,59743,2022-06-13,16.530624,0.014592,1,periodic/double-band,2022
GaiaDR3_6844375121726139520,59750,2022-06-20,16.565115,0.014737,1,periodic/double-band,2022
GaiaDR3_6844375121726139520,59752,2022-06-22,16.562056,0.014724,1,periodic/double-band,2022
GaiaDR3_6844375121726139520,59755,2022-06-25,16.543387,0.014645,1,periodic/double-band,2022
GaiaDR3_6844375121726139520,59757,2022-06-27,16.600105,0.010528,2,periodic/double-band,2022
GaiaDR3_6844375121726139520,59759,2022-06-29,16.619072,0.014973,1,periodic/double-band,2022
GaiaDR3_6844375121726139520,59764,2022-07-04,16.546551,0.014658,1,periodic/double-band,2022
GaiaDR3_6844375121726139520,59766,2022-07-06,16.596037,0.014871,1,periodic/double-band,2022
GaiaDR3_6844375121726139520,59769,2022-07-09,16.520634,0.014551,1,periodic/double-band,2022
GaiaDR3_6844375121726139520,59771,2022-07-11,16.556137,0.014699,1,periodic/double-band,2022
GaiaDR3_6844375121726139520,59780,2022-07-20,16.557106,0.03304,2,periodic/double-band,2022
GaiaDR3_6844375121726139520,59781,2022-07-21,16.616808,0.014963,1,periodic/double-band,2022
GaiaDR3_6844375121726139520,59782,2022-07-22,16.576407,0.014785,1,periodic/double-band,2022
GaiaDR3_6844375121726139520,59784,2022-07-24,16.585546,0.015414,2,periodic/double-band,2022
GaiaDR3_6844375121726139520,59786,2022-07-26,16.547096,0.014661,1,periodic/double-band,2022
GaiaDR3_6844375121726139520,59798,2022-08-07,16.516897,0.013271,1,periodic/double-band,2022
GaiaDR3_6844375121726139520,59805,2022-08-14,16.569092,0.014754,1,periodic/double-band,2022
GaiaDR3_6844375121726139520,59806,2022-08-15,16.535633,0.013347,1,periodic/double-band,2022
GaiaDR3_6844375121726139520,59807,2022-08-16,16.585022,0.013555,1,periodic/double-band,2022
GaiaDR3_6844375121726139520,59809,2022-08-18,16.591368,0.022101,2,periodic/double-band,2022
GaiaDR3_6844375121726139520,59810,2022-08-19,16.493506,0.013179,1,periodic/double-band,2022
GaiaDR3_6844375121726139520,59811,2022-08-20,16.539034,0.019967,2,periodic/double-band,2022
GaiaDR3_6844375121726139520,59812,2022-08-21,16.547077,0.013395,1,periodic/double-band,2022
GaiaDR3_6844375121726139520,59813,2022-08-22,16.539346,0.009896,2,periodic/double-band,2022
GaiaDR3_6844375121726139520,59814,2022-08-23,16.51754,0.013274,1,periodic/double-band,2022
GaiaDR3_6844375121726139520,59815,2022-08-24,16.529451,0.009868,2,periodic/double-band,2022
GaiaDR3_6844375121726139520,59816,2022-08-25,16.539312,0.013362,1,periodic/double-band,2022
GaiaDR3_6844375121726139520,59817,2022-08-26,16.531758,0.009875,2,periodic/double-band,2022
GaiaDR3_6844375121726139520,59818,2022-08-27,16.512501,0.013254,1,periodic/double-band,2022
GaiaDR3_6844375121726139520,59820,2022-08-29,16.551598,0.013413,1,periodic/double-band,2022
GaiaDR3_6844375121726139520,59821,2022-08-30,16.550487,0.013409,1,periodic/double-band,2022
GaiaDR3_6844375121726139520,59822,2022-08-31,16.493549,0.013179,1,periodic/double-band,2022
GaiaDR3_6844375121726139520,59824,2022-09-02,16.541046,0.023203,2,periodic/double-band,2022
GaiaDR3_6844375121726139520,59825,2022-09-03,16.555508,0.01343,1,periodic/double-band,2022
GaiaDR3_6844375121726139520,59826,2022-09-04,16.538954,0.014627,1,periodic/double-band,2022
GaiaDR3_6844375121726139520,59829,2022-09-07,16.642927,0.015082,1,periodic/double-band,2022
GaiaDR3_6844375121726139520,59838,2022-09-16,16.575995,0.014783,1,periodic/double-band,2022
GaiaDR3_6844375121726139520,59839,2022-09-17,16.539013,0.014627,1,periodic/double-band,2022
GaiaDR3_6844375121726139520,59841,2022-09-19,16.518793,0.037888,3,periodic/double-band,2022
GaiaDR3_6844375121726139520,59846,2022-09-24,16.538494,0.014625,1,periodic/double-band,2022
GaiaDR3_6844375121726139520,59848,2022-09-26,16.528107,0.014582,1,periodic/double-band,2022
GaiaDR3_6844375121726139520,59850,2022-09-28,16.521645,0.014556,1,periodic/double-band,2022
GaiaDR3_6844375121726139520,59852,2022-09-30,16.53232,0.014599,1,periodic/double-band,2022
GaiaDR3_6844375121726139520,59854,2022-10-02,16.629849,0.015022,1,periodic/double-band,2022
GaiaDR3_6844375121726139520,59856,2022-10-04,16.554386,0.014691,1,periodic/double-band,2022
GaiaDR3_6844375121726139520,59861,2022-10-09,16.587771,0.014834,1,periodic/double-band,2022
GaiaDR3_6844375121726139520,59866,2022-10-14,16.502907,0.01448,1,periodic/double-band,2022
GaiaDR3_6844375121726139520,59869,2022-10-17,16.499828,0.014468,1,periodic/double-band,2022
GaiaDR3_6844375121726139520,59871,2022-10-19,16.512024,0.014517,1,periodic/double-band,2022
GaiaDR3_6844375121726139520,59873,2022-10-21,16.650059,0.015115,1,periodic/double-band,2022
GaiaDR3_6844375121726139520,59877,2022-10-25,16.596041,0.014871,1,periodic/double-band,2022
GaiaDR3_6844375121726139520,59879,2022-10-27,16.586231,0.014828,1,periodic/double-band,2022
GaiaDR3_6844375121726139520,59881,2022-10-29,16.619713,0.014976,1,periodic/double-band,2022
GaiaDR3_6844375121726139520,59883,2022-10-31,16.616211,0.01496,1,periodic/double-band,2022
GaiaDR3_6844375121726139520,59887,2022-11-04,16.637638,0.015058,1,periodic/double-band,2022
GaiaDR3_6844375121726139520,59889,2022-11-06,16.513458,0.014522,1,periodic/double-band,2022
GaiaDR3_6844375121726139520,59894,2022-11-11,16.626406,0.015006,1,periodic/double-band,2022
GaiaDR3_6844375121726139520,59897,2022-11-14,16.507423,0.014498,1,periodic/double-band,2022
GaiaDR3_6844375121726139520,59903,2022-11-20,16.515625,0.014531,1,periodic/double-band,2022
GaiaDR3_6844375121726139520,59907,2022-11-24,16.554283,0.014691,1,periodic/double-band,2022
GaiaDR3_6844375121726139520,59909,2022-11-26,16.565636,0.014739,1,periodic/double-band,2022
GaiaDR3_6844375121726139520,60097,2023-06-02,16.579197,0.014797,1,periodic/double-band,2023
GaiaDR3_6844375121726139520,60099,2023-06-04,16.537079,0.014619,1,periodic/double-band,2023
GaiaDR3_6844375121726139520,60101,2023-06-06,16.525814,0.014573,1,periodic/double-band,2023
GaiaDR3_6844375121726139520,60108,2023-06-13,16.531364,0.014595,1,periodic/double-band,2023
GaiaDR3_6844375121726139520,60111,2023-06-16,16.56683,0.02135,2,periodic/double-band,2023
GaiaDR3_6844375121726139520,60114,2023-06-19,16.567822,0.014748,1,periodic/double-band,2023
GaiaDR3_6844375121726139520,60119,2023-06-24,16.558067,0.014707,1,periodic/double-band,2023
GaiaDR3_6844375121726139520,60121,2023-06-26,16.52702,0.014577,1,periodic/double-band,2023
GaiaDR3_6844375121726139520,60123,2023-06-28,16.520851,0.014552,1,periodic/double-band,2023
GaiaDR3_6844375121726139520,60125,2023-06-30,16.616844,0.014963,1,periodic/double-band,2023
GaiaDR3_6844375121726139520,60127,2023-07-02,16.600105,0.014889,1,periodic/double-band,2023
GaiaDR3_6844375121726139520,60133,2023-07-08,16.53236,0.014599,1,periodic/double-band,2023
GaiaDR3_6844375121726139520,60137,2023-07-12,16.616615,0.014962,1,periodic/double-band,2023
GaiaDR3_6844375121726139520,60140,2023-07-15,16.551528,0.023834,2,periodic/double-band,2023
GaiaDR3_6844375121726139520,60144,2023-07-19,16.566154,0.014741,1,periodic/double-band,2023
GaiaDR3_6844375121726139520,60148,2023-07-23,16.517002,0.014537,1,periodic/double-band,2023
GaiaDR3_6844375121726139520,60152,2023-07-27,16.601398,0.014894,1,periodic/double-band,2023
GaiaDR3_6844375121726139520,60160,2023-08-04,16.569935,0.014757,1,periodic/double-band,2023
GaiaDR3_6844375121726139520,60163,2023-08-07,16.506191,0.014493,1,periodic/double-band,2023
GaiaDR3_6844375121726139520,60168,2023-08-12,16.593144,0.014858,1,periodic/double-band,2023
GaiaDR3_6844375121726139520,60170,2023-08-14,16.639813,0.015068,1,periodic/double-band,2023
GaiaDR3_6844375121726139520,60172,2023-08-16,16.545536,0.014654,1,periodic/double-band,2023
GaiaDR3_6844375121726139520,60174,2023-08-18,16.549461,0.01467,1,periodic/double-band,2023
GaiaDR3_6844375121726139520,60179,2023-08-23,16.619703,0.014976,1,periodic/double-band,2023
GaiaDR3_6844375121726139520,60181,2023-08-25,16.533009,0.014602,1,periodic/double-band,2023
GaiaDR3_6844375121726139520,60183,2023-08-27,16.599157,0.014884,1,periodic/double-band,2023
GaiaDR3_6844375121726139520,60193,2023-09-06,16.514486,0.014527,1,periodic/double-band,2023
GaiaDR3_6844375121726139520,60195,2023-09-08,16.516682,0.014535,1,periodic/double-band,2023
GaiaDR3_6844375121726139520,60203,2023-09-16,16.521069,0.014553,1,periodic/double-band,2023
GaiaDR3_6844375121726139520,60205,2023-09-18,16.549999,0.014673,1,periodic/double-band,2023
GaiaDR3_6844375121726139520,60207,2023-09-20,16.558613,0.014709,1,periodic/double-band,2023
GaiaDR3_6844375121726139520,60211,2023-09-24,16.562172,0.014724,1,periodic/double-band,2023
GaiaDR3_6844375121726139520,60215,2023-09-28,16.531157,0.014594,1,periodic/double-band,2023
GaiaDR3_6844375121726139520,60217,2023-09-30,16.547184,0.014661,1,periodic/double-band,2023
GaiaDR3_6844375121726139520,60221,2023-10-04,16.566299,0.014742,1,periodic/double-band,2023
GaiaDR3_6844375121726139520,60223,2023-10-06,16.512094,0.014517,1,periodic/double-band,2023
GaiaDR3_6844375121726139520,60226,2023-10-09,16.626263,0.015006,1,periodic/double-band,2023
GaiaDR3_6844375121726139520,60228,2023-10-11,16.616207,0.01496,1,periodic/double-band,2023
GaiaDR3_6844375121726139520,60231,2023-10-14,16.522465,0.014559,1,periodic/double-band,2023
GaiaDR3_6844375121726139520,60233,2023-10-16,16.527073,0.014578,1,periodic/double-band,2023
GaiaDR3_6844375121726139520,60235,2023-10-18,16.535622,0.014613,1,periodic/double-band,2023
GaiaDR3_6844375121726139520,60237,2023-10-20,16.612309,0.014943,1,periodic/double-band,2023
GaiaDR3_6844375121726139520,60239,2023-10-22,16.601248,0.014894,1,periodic/double-band,2023
GaiaDR3_6844375121726139520,60242,2023-10-25,16.534382,0.014608,1,periodic/double-band,2023
GaiaDR3_6844375121726139520,60245,2023-10-28,16.619263,0.014974,1,periodic/double-band,2023
GaiaDR3_6844375121726139520,60250,2023-11-02,16.583372,0.014815,1,periodic/double-band,2023
GaiaDR3_6844375121726139520,60252,2023-11-04,16.515019,0.014529,1,periodic/double-band,2023
GaiaDR3_6844375121726139520,60254,2023-11-06,16.534056,0.014606,1,periodic/double-band,2023
GaiaDR3_6844375121726139520,60257,2023-11-09,16.489935,0.014429,1,periodic/double-band,2023
GaiaDR3_6844375121726139520,60261,2023-11-13,16.564817,0.014735,1,periodic/double-band,2023
GaiaDR3_6844375121726139520,60284,2023-12-06,16.505451,0.01449,1,periodic/double-band,2023
GaiaDR3_6844375121726139520,60288,2023-12-10,16.499821,0.014468,1,periodic/double-band,2023
GaiaDR3_6844375121726139520,60290,2023-12-12,16.512794,0.01452,1,periodic/double-band,2023
GaiaDR3_6844375121726139520,60449,2024-05-19,16.567837,0.014748,1,periodic/double-band,2024
GaiaDR3_6844375121726139520,60456,2024-05-26,16.617405,0.014966,1,periodic/double-band,2024
GaiaDR3_6844375121726139520,60462,2024-06-01,16.548794,0.014668,1,periodic/double-band,2024
GaiaDR3_6844375121726139520,60472,2024-06-11,16.60573,0.014913,1,periodic/double-band,2024
GaiaDR3_6844375121726139520,60474,2024-06-13,16.577501,0.01479,1,periodic/double-band,2024
GaiaDR3_6844375121726139520,60477,2024-06-16,16.532393,0.0146,1,periodic/double-band,2024
GaiaDR3_6844375121726139520,60480,2024-06-19,16.547192,0.014661,1,periodic/double-band,2024
GaiaDR3_6844375121726139520,60482,2024-06-21,16.550812,0.014676,1,periodic/double-band,2024
GaiaDR3_6844375121726139520,60488,2024-06-27,16.635284,0.015047,1,periodic/double-band,2024
GaiaDR3_6844375121726139520,60499,2024-07-08,16.52912,0.014586,1,periodic/double-band,2024
GaiaDR3_6844375121726139520,60501,2024-07-10,16.521965,0.014557,1,periodic/double-band,2024
GaiaDR3_6844375121726139520,60505,2024-07-14,16.513243,0.014522,1,periodic/double-band,2024
GaiaDR3_6844375121726139520,60510,2024-07-19,16.58572,0.014825,1,periodic/double-band,2024
GaiaDR3_6844375121726139520,60515,2024-07-24,16.690281,0.015307,1,periodic/double-band,2024
GaiaDR3_6844375121726139520,60518,2024-07-27,16.521187,0.014554,1,periodic/double-band,2024
GaiaDR3_6844375121726139520,60526,2024-08-04,16.56052,0.014717,1,periodic/double-band,2024
GaiaDR3_6844375121726139520,60531,2024-08-09,16.598141,0.01488,1,periodic/double-band,2024
GaiaDR3_6844375121726139520,60536,2024-08-14,16.592297,0.014854,1,periodic/double-band,2024
GaiaDR3_6844375121726139520,60543,2024-08-21,16.580547,0.014803,1,periodic/double-band,2024
GaiaDR3_6844375121726139520,60545,2024-08-23,16.58231,0.014811,1,periodic/double-band,2024
GaiaDR3_6844375121726139520,60547,2024-08-25,16.539604,0.014629,1,periodic/double-band,2024
GaiaDR3_6844375121726139520,60549,2024-08-27,16.54138,0.014637,1,periodic/double-band,2024
GaiaDR3_6844375121726139520,60551,2024-08-29,16.585579,0.014825,1,periodic/double-band,2024
GaiaDR3_6844375121726139520,60553,2024-08-31,16.571789,0.014765,1,periodic/double-band,2024
GaiaDR3_6844375121726139520,60557,2024-09-04,16.639362,0.015066,1,periodic/double-band,2024
GaiaDR3_6844375121726139520,60559,2024-09-06,16.610992,0.014937,1,periodic/double-band,2024
GaiaDR3_6844375121726139520,60571,2024-09-18,16.60947,0.01493,1,periodic/double-band,2024
GaiaDR3_6844375121726139520,60575,2024-09-22,16.576454,0.014785,1,periodic/double-band,2024
GaiaDR3_6844375121726139520,60594,2024-10-11,16.555084,0.014694,1,periodic/double-band,2024
GaiaDR3_6844375121726139520,60598,2024-10-15,16.638142,0.01506,1,periodic/double-band,2024
GaiaDR3_6844375121726139520,60600,2024-10-17,16.568337,0.01475,1,periodic/double-band,2024
GaiaDR3_6844375121726139520,60609,2024-10-26,16.563744,0.014731,1,periodic/double-band,2024
GaiaDR3_6844375121726139520,60622,2024-11-08,16.560642,0.014718,1,periodic/double-band,2024
GaiaDR3_6844375121726139520,60626,2024-11-12,16.583324,0.014815,1,periodic/double-band,2024
GaiaDR3_6844375121726139520,60628,2024-11-14,16.535767,0.014613,1,periodic/double-band,2024
GaiaDR3_6844375121726139520,60629,2024-11-15,16.617947,0.014968,1,periodic/double-band,2024
GaiaDR3_6844375121726139520,60632,2024-11-18,16.602047,0.014897,1,periodic/double-band,2024
GaiaDR3_6844375121726139520,60634,2024-11-20,16.528736,0.014585,1,periodic/double-band,2024
GaiaDR3_6844375121726139520,60635,2024-11-21,16.562382,0.014725,1,periodic/double-band,2024
GaiaDR3_6844375121726139520,60637,2024-11-23,16.555819,0.014697,1,periodic/double-band,2024
GaiaDR3_6844375121726139520,60640,2024-11-26,16.577362,0.014789,1,periodic/double-band,2024
GaiaDR3_6844375121726139520,60646,2024-12-02,16.519791,0.014548,1,periodic/double-band,2024
GaiaDR3_6844375121726139520,60658,2024-12-14,16.601522,0.014895,1,periodic/double-band,2024
GaiaDR3_6844375121726139520,60810,2025-05-15,16.561119,0.01472,1,periodic/double-band,2025
GaiaDR3_930093722208184448,58202,2018-03-25,17.290365,0.019,1,WD-MS binaries,2018
GaiaDR3_930093722208184448,58205,2018-03-28,17.285931,0.018963,1,WD-MS binaries,2018
GaiaDR3_930093722208184448,58227,2018-04-19,17.320009,0.019256,1,WD-MS binaries,2018
GaiaDR3_930093722208184448,58234,2018-04-26,17.387744,0.018762,2,WD-MS binaries,2018
GaiaDR3_930093722208184448,58237,2018-04-29,17.393214,0.014086,2,WD-MS binaries,2018
GaiaDR3_930093722208184448,58249,2018-05-11,17.270641,0.018834,1,WD-MS binaries,2018
GaiaDR3_930093722208184448,58363,2018-09-02,17.427132,0.020245,1,WD-MS binaries,2018
GaiaDR3_930093722208184448,58369,2018-09-08,17.419704,0.020173,1,WD-MS binaries,2018
GaiaDR3_930093722208184448,58375,2018-09-14,17.303036,0.019109,1,WD-MS binaries,2018
GaiaDR3_930093722208184448,58378,2018-09-17,17.297745,0.019063,1,WD-MS binaries,2018
GaiaDR3_930093722208184448,58383,2018-09-22,17.301331,0.019094,1,WD-MS binaries,2018
GaiaDR3_930093722208184448,58384,2018-09-23,17.337967,0.019415,1,WD-MS binaries,2018
GaiaDR3_930093722208184448,58388,2018-09-27,17.40963,0.020076,1,WD-MS binaries,2018
GaiaDR3_930093722208184448,58389,2018-09-28,17.392809,0.014083,2,WD-MS binaries,2018
GaiaDR3_930093722208184448,58390,2018-09-29,17.36517,0.01966,1,WD-MS binaries,2018
GaiaDR3_930093722208184448,58397,2018-10-06,17.40023,0.019987,1,WD-MS binaries,2018
GaiaDR3_930093722208184448,58423,2018-11-01,17.365835,0.019667,1,WD-MS binaries,2018
GaiaDR3_930093722208184448,58425,2018-11-03,17.34962,0.013802,2,WD-MS binaries,2018
GaiaDR3_930093722208184448,58427,2018-11-05,17.359688,0.01961,1,WD-MS binaries,2018
GaiaDR3_930093722208184448,58428,2018-11-06,17.390054,0.014065,2,WD-MS binaries,2018
GaiaDR3_930093722208184448,58429,2018-11-07,17.321478,0.019269,1,WD-MS binaries,2018
GaiaDR3_930093722208184448,58430,2018-11-08,17.274315,0.013339,2,WD-MS binaries,2018
GaiaDR3_930093722208184448,58431,2018-11-09,17.269239,0.013309,2,WD-MS binaries,2018
GaiaDR3_930093722208184448,58432,2018-11-10,17.280003,0.018913,1,WD-MS binaries,2018
GaiaDR3_930093722208184448,58434,2018-11-12,17.294117,0.024406,3,WD-MS binaries,2018
GaiaDR3_930093722208184448,58437,2018-11-15,17.276363,0.013352,2,WD-MS binaries,2018
GaiaDR3_930093722208184448,58438,2018-11-16,17.282175,0.018931,1,WD-MS binaries,2018
GaiaDR3_930093722208184448,58441,2018-11-19,17.327765,0.019324,1,WD-MS binaries,2018
GaiaDR3_930093722208184448,58443,2018-11-21,17.306095,0.013531,2,WD-MS binaries,2018
GaiaDR3_930093722208184448,58450,2018-11-28,17.380565,0.014003,2,WD-MS binaries,2018
GaiaDR3_930093722208184448,58457,2018-12-05,17.314928,0.019212,1,WD-MS binaries,2018
GaiaDR3_930093722208184448,58464,2018-12-12,17.261437,0.013264,2,WD-MS binaries,2018
GaiaDR3_930093722208184448,58465,2018-12-13,17.241215,0.018592,1,WD-MS binaries,2018
GaiaDR3_930093722208184448,58468,2018-12-16,17.328228,0.019328,1,WD-MS binaries,2018
GaiaDR3_930093722208184448,58472,2018-12-20,17.343546,0.025896,2,WD-MS binaries,2018
GaiaDR3_930093722208184448,58475,2018-12-23,17.408759,0.021228,2,WD-MS binaries,2018
GaiaDR3_930093722208184448,58480,2018-12-28,17.370762,0.019712,1,WD-MS binaries,2018
GaiaDR3_930093722208184448,58482,2018-12-30,17.420383,0.02018,1,WD-MS binaries,2018
GaiaDR3_930093722208184448,58487,2019-01-04,17.288412,0.018984,1,WD-MS binaries,2019
GaiaDR3_930093722208184448,58495,2019-01-12,17.381267,0.019809,1,WD-MS binaries,2019
GaiaDR3_930093722208184448,58506,2019-01-23,17.456234,0.020532,1,WD-MS binaries,2019
GaiaDR3_930093722208184448,58509,2019-01-26,17.277153,0.018889,1,WD-MS binaries,2019
GaiaDR3_930093722208184448,58522,2019-02-08,17.324562,0.019296,1,WD-MS binaries,2019
GaiaDR3_930093722208184448,58526,2019-02-12,17.418331,0.02016,1,WD-MS binaries,2019
GaiaDR3_930093722208184448,58541,2019-02-27,17.342934,0.019459,1,WD-MS binaries,2019
GaiaDR3_930093722208184448,58562,2019-03-20,17.234367,0.018537,1,WD-MS binaries,2019
GaiaDR3_930093722208184448,58567,2019-03-25,17.368889,0.019695,1,WD-MS binaries,2019
GaiaDR3_930093722208184448,58575,2019-04-02,17.401493,0.019999,1,WD-MS binaries,2019
GaiaDR3_930093722208184448,58584,2019-04-11,17.320602,0.019261,1,WD-MS binaries,2019
GaiaDR3_930093722208184448,58587,2019-04-14,17.238392,0.018569,1,WD-MS binaries,2019
GaiaDR3_930093722208184448,58591,2019-04-18,17.312004,0.019186,1,WD-MS binaries,2019
GaiaDR3_930093722208184448,58594,2019-04-21,17.353134,0.019551,1,WD-MS binaries,2019
GaiaDR3_930093722208184448,58598,2019-04-25,17.380951,0.019806,1,WD-MS binaries,2019
GaiaDR3_930093722208184448,58605,2019-05-02,17.363205,0.01389,2,WD-MS binaries,2019
GaiaDR3_930093722208184448,58606,2019-05-03,17.347416,0.019499,1,WD-MS binaries,2019
GaiaDR3_930093722208184448,58608,2019-05-05,17.321993,0.013629,2,WD-MS binaries,2019
GaiaDR3_930093722208184448,58609,2019-05-06,17.302269,0.019102,1,WD-MS binaries,2019
GaiaDR3_930093722208184448,58645,2019-06-11,17.239693,0.01858,1,WD-MS binaries,2019
GaiaDR3_930093722208184448,58733,2019-09-07,17.394081,0.019929,1,WD-MS binaries,2019
GaiaDR3_930093722208184448,58736,2019-09-10,17.363531,0.019646,1,WD-MS binaries,2019
GaiaDR3_930093722208184448,58745,2019-09-19,17.284637,0.018952,1,WD-MS binaries,2019
GaiaDR3_930093722208184448,58748,2019-09-22,17.263973,0.018779,1,WD-MS binaries,2019
GaiaDR3_930093722208184448,58751,2019-09-25,17.364586,0.019655,1,WD-MS binaries,2019
GaiaDR3_930093722208184448,58756,2019-09-30,17.407461,0.020056,1,WD-MS binaries,2019
GaiaDR3_930093722208184448,58757,2019-10-01,17.412125,0.0201,1,WD-MS binaries,2019
GaiaDR3_930093722208184448,58759,2019-10-03,17.408852,0.020069,1,WD-MS binaries,2019
GaiaDR3_930093722208184448,58763,2019-10-07,17.342007,0.019451,1,WD-MS binaries,2019
GaiaDR3_930093722208184448,58766,2019-10-10,17.297934,0.019065,1,WD-MS binaries,2019
GaiaDR3_930093722208184448,58769,2019-10-13,17.253693,0.018694,1,WD-MS binaries,2019
GaiaDR3_930093722208184448,58775,2019-10-19,17.308884,0.019159,1,WD-MS binaries,2019
GaiaDR3_930093722208184448,58778,2019-10-22,17.269577,0.018825,1,WD-MS binaries,2019
GaiaDR3_930093722208184448,58781,2019-10-25,17.368061,0.019687,1,WD-MS binaries,2019
GaiaDR3_930093722208184448,58784,2019-10-28,17.338318,0.019418,1,WD-MS binaries,2019
GaiaDR3_930093722208184448,58788,2019-11-01,17.412147,0.0201,1,WD-MS binaries,2019
GaiaDR3_930093722208184448,58798,2019-11-11,17.283703,0.018944,1,WD-MS binaries,2019
GaiaDR3_930093722208184448,58804,2019-11-17,17.27335,0.022879,2,WD-MS binaries,2019
GaiaDR3_930093722208184448,58805,2019-11-18,17.283253,0.01894,1,WD-MS binaries,2019
GaiaDR3_930093722208184448,58812,2019-11-25,17.414677,0.020125,1,WD-MS binaries,2019
GaiaDR3_930093722208184448,58830,2019-12-13,17.373783,0.01974,1,WD-MS binaries,2019
GaiaDR3_930093722208184448,58833,2019-12-16,17.275617,0.015801,2,WD-MS binaries,2019
GaiaDR3_930093722208184448,58835,2019-12-18,17.278513,0.0189,1,WD-MS binaries,2019
GaiaDR3_930093722208184448,58837,2019-12-20,17.383583,0.019831,1,WD-MS binaries,2019
GaiaDR3_930093722208184448,58849,2020-01-01,17.323219,0.019284,1,WD-MS binaries,2020
GaiaDR3_930093722208184448,58850,2020-01-02,17.242678,0.018604,1,WD-MS binaries,2020
GaiaDR3_930093722208184448,58852,2020-01-04,17.266779,0.018802,1,WD-MS binaries,2020
GaiaDR3_930093722208184448,58853,2020-01-05,17.282373,0.018933,1,WD-MS binaries,2020
GaiaDR3_930093722208184448,58854,2020-01-06,17.259069,0.018738,1,WD-MS binaries,2020
GaiaDR3_930093722208184448,58855,2020-01-07,17.24765,0.018644,1,WD-MS binaries,2020
GaiaDR3_930093722208184448,58859,2020-01-11,17.285749,0.018961,1,WD-MS binaries,2020
GaiaDR3_930093722208184448,58861,2020-01-13,17.350788,0.01953,1,WD-MS binaries,2020
GaiaDR3_930093722208184448,58862,2020-01-14,17.335339,0.019391,1,WD-MS binaries,2020
GaiaDR3_930093722208184448,58864,2020-01-16,17.283493,0.018942,1,WD-MS binaries,2020
GaiaDR3_930093722208184448,58867,2020-01-19,17.374159,0.019743,1,WD-MS binaries,2020
GaiaDR3_930093722208184448,58872,2020-01-24,17.30051,0.019087,1,WD-MS binaries,2020
GaiaDR3_930093722208184448,58873,2020-01-25,17.270458,0.018833,1,WD-MS binaries,2020
GaiaDR3_930093722208184448,58874,2020-01-26,17.269314,0.018823,1,WD-MS binaries,2020
GaiaDR3_930093722208184448,58875,2020-01-27,17.238564,0.018571,1,WD-MS binaries,2020
GaiaDR3_930093722208184448,58876,2020-01-28,17.328325,0.013668,2,WD-MS binaries,2020
GaiaDR3_930093722208184448,58877,2020-01-29,17.352161,0.019542,1,WD-MS binaries,2020
GaiaDR3_930093722208184448,58878,2020-01-30,17.324642,0.019297,1,WD-MS binaries,2020
GaiaDR3_930093722208184448,58879,2020-01-31,17.398586,0.014122,2,WD-MS binaries,2020
GaiaDR3_930093722208184448,58880,2020-02-01,17.367329,0.01968,1,WD-MS binaries,2020
GaiaDR3_930093722208184448,58881,2020-02-02,17.395915,0.016528,2,WD-MS binaries,2020
GaiaDR3_930093722208184448,58883,2020-02-04,17.284103,0.018947,1,WD-MS binaries,2020
GaiaDR3_930093722208184448,58884,2020-02-05,17.352562,0.019546,1,WD-MS binaries,2020
GaiaDR3_930093722208184448,58885,2020-02-06,17.342689,0.019457,1,WD-MS binaries,2020
GaiaDR3_930093722208184448,58886,2020-02-07,17.37922,0.013994,2,WD-MS binaries,2020
GaiaDR3_930093722208184448,58887,2020-02-08,17.359016,0.019604,1,WD-MS binaries,2020
GaiaDR3_930093722208184448,58888,2020-02-09,17.332867,0.019369,1,WD-MS binaries,2020
GaiaDR3_930093722208184448,58890,2020-02-11,17.324606,0.019296,1,WD-MS binaries,2020
GaiaDR3_930093722208184448,58891,2020-02-12,17.274509,0.018866,1,WD-MS binaries,2020
GaiaDR3_930093722208184448,58892,2020-02-13,17.283831,0.018945,1,WD-MS binaries,2020
GaiaDR3_930093722208184448,58893,2020-02-14,17.314239,0.019206,1,WD-MS binaries,2020
GaiaDR3_930093722208184448,58894,2020-02-15,17.261133,0.018755,1,WD-MS binaries,2020
GaiaDR3_930093722208184448,58895,2020-02-16,17.252819,0.018687,1,WD-MS binaries,2020
GaiaDR3_930093722208184448,58896,2020-02-17,17.267406,0.018807,1,WD-MS binaries,2020
GaiaDR3_930093722208184448,58898,2020-02-19,17.256764,0.011617,3,WD-MS binaries,2020
GaiaDR3_930093722208184448,58899,2020-02-20,17.267471,0.018808,1,WD-MS binaries,2020
GaiaDR3_930093722208184448,58900,2020-02-21,17.268433,0.013305,2,WD-MS binaries,2020
GaiaDR3_930093722208184448,58903,2020-02-24,17.277169,0.013356,2,WD-MS binaries,2020
GaiaDR3_930093722208184448,58904,2020-02-25,17.304329,0.01912,1,WD-MS binaries,2020
GaiaDR3_930093722208184448,58905,2020-02-26,17.334406,0.019383,1,WD-MS binaries,2020
GaiaDR3_930093722208184448,58906,2020-02-27,17.336422,0.013719,2,WD-MS binaries,2020
GaiaDR3_930093722208184448,58909,2020-03-01,17.410299,0.014201,2,WD-MS binaries,2020
GaiaDR3_930093722208184448,58912,2020-03-04,17.379397,0.013995,2,WD-MS binaries,2020
GaiaDR3_930093722208184448,58914,2020-03-06,17.334652,0.019385,1,WD-MS binaries,2020
GaiaDR3_930093722208184448,58915,2020-03-07,17.337234,0.024744,2,WD-MS binaries,2020
GaiaDR3_930093722208184448,58939,2020-03-31,17.391743,0.019907,1,WD-MS binaries,2020
GaiaDR3_930093722208184448,58940,2020-04-01,17.371149,0.013942,2,WD-MS binaries,2020
GaiaDR3_930093722208184448,58941,2020-04-02,17.380159,0.019799,1,WD-MS binaries,2020
GaiaDR3_930093722208184448,58954,2020-04-15,17.272045,0.018846,1,WD-MS binaries,2020
GaiaDR3_930093722208184448,58956,2020-04-17,17.28228,0.018932,1,WD-MS binaries,2020
GaiaDR3_930093722208184448,58962,2020-04-23,17.411787,0.014211,2,WD-MS binaries,2020
GaiaDR3_930093722208184448,58963,2020-04-24,17.383018,0.014019,2,WD-MS binaries,2020
GaiaDR3_930093722208184448,58964,2020-04-25,17.383503,0.01983,1,WD-MS binaries,2020
GaiaDR3_930093722208184448,58965,2020-04-26,17.392307,0.01408,2,WD-MS binaries,2020
GaiaDR3_930093722208184448,58967,2020-04-28,17.536491,0.021366,1,WD-MS binaries,2020
GaiaDR3_930093722208184448,58968,2020-04-29,17.394291,0.019931,1,WD-MS binaries,2020
GaiaDR3_930093722208184448,58971,2020-05-02,17.408524,0.020066,1,WD-MS binaries,2020
GaiaDR3_930093722208184448,58972,2020-05-03,17.366822,0.013913,2,WD-MS binaries,2020
GaiaDR3_930093722208184448,58973,2020-05-04,17.288057,0.018981,1,WD-MS binaries,2020
GaiaDR3_930093722208184448,58974,2020-05-05,17.287468,0.018976,1,WD-MS binaries,2020
GaiaDR3_930093722208184448,58975,2020-05-06,17.319526,0.013614,2,WD-MS binaries,2020
GaiaDR3_930093722208184448,58976,2020-05-07,17.232941,0.018525,1,WD-MS binaries,2020
GaiaDR3_930093722208184448,58978,2020-05-09,17.240212,0.014994,2,WD-MS binaries,2020
GaiaDR3_930093722208184448,58979,2020-05-10,17.300568,0.019088,1,WD-MS binaries,2020
GaiaDR3_930093722208184448,58981,2020-05-12,17.279617,0.013372,2,WD-MS binaries,2020
GaiaDR3_930093722208184448,58985,2020-05-16,17.323944,0.019291,1,WD-MS binaries,2020
GaiaDR3_930093722208184448,58986,2020-05-17,17.371882,0.019722,1,WD-MS binaries,2020
GaiaDR3_930093722208184448,58987,2020-05-18,17.329868,0.013678,2,WD-MS binaries,2020
GaiaDR3_930093722208184448,58992,2020-05-23,17.388933,0.019881,1,WD-MS binaries,2020
GaiaDR3_930093722208184448,58994,2020-05-25,17.397898,0.019965,1,WD-MS binaries,2020
GaiaDR3_930093722208184448,58995,2020-05-26,17.377079,0.01977,1,WD-MS binaries,2020
GaiaDR3_930093722208184448,58996,2020-05-27,17.365906,0.019667,1,WD-MS binaries,2020
GaiaDR3_930093722208184448,58998,2020-05-29,17.38229,0.019819,1,WD-MS binaries,2020
GaiaDR3_930093722208184448,58999,2020-05-30,17.37274,0.013951,2,WD-MS binaries,2020
GaiaDR3_930093722208184448,59092,2020-08-31,17.407314,0.020054,1,WD-MS binaries,2020
GaiaDR3_930093722208184448,59121,2020-09-29,17.397686,0.019963,1,WD-MS binaries,2020
GaiaDR3_930093722208184448,59124,2020-10-02,17.385883,0.029809,2,WD-MS binaries,2020
GaiaDR3_930093722208184448,59125,2020-10-03,17.339176,0.019426,1,WD-MS binaries,2020
GaiaDR3_930093722208184448,59126,2020-10-04,17.336229,0.013718,2,WD-MS binaries,2020
GaiaDR3_930093722208184448,59128,2020-10-06,17.308761,0.013547,2,WD-MS binaries,2020
GaiaDR3_930093722208184448,59129,2020-10-07,17.299866,0.019081,1,WD-MS binaries,2020
GaiaDR3_930093722208184448,59130,2020-10-08,17.34606,0.013781,2,WD-MS binaries,2020
GaiaDR3_930093722208184448,59135,2020-10-13,17.274502,0.013341,2,WD-MS binaries,2020
GaiaDR3_930093722208184448,59136,2020-10-14,17.275314,0.018873,1,WD-MS binaries,2020
GaiaDR3_930093722208184448,59137,2020-10-15,17.29303,0.019023,1,WD-MS binaries,2020
GaiaDR3_930093722208184448,59140,2020-10-18,17.283596,0.018943,1,WD-MS binaries,2020
GaiaDR3_930093722208184448,59141,2020-10-19,17.347355,0.019499,1,WD-MS binaries,2020
GaiaDR3_930093722208184448,59142,2020-10-20,17.331242,0.019355,1,WD-MS binaries,2020
GaiaDR3_930093722208184448,59143,2020-10-21,17.396362,0.01995,1,WD-MS binaries,2020
GaiaDR3_930093722208184448,59144,2020-10-22,17.343399,0.019463,1,WD-MS binaries,2020
GaiaDR3_930093722208184448,59145,2020-10-23,17.394237,0.014093,2,WD-MS binaries,2020
GaiaDR3_930093722208184448,59149,2020-10-27,17.364943,0.019658,1,WD-MS binaries,2020
GaiaDR3_930093722208184448,59150,2020-10-28,17.377251,0.019772,1,WD-MS binaries,2020
GaiaDR3_930093722208184448,59151,2020-10-29,17.421768,0.020193,1,WD-MS binaries,2020
GaiaDR3_930093722208184448,59153,2020-10-31,17.414059,0.020119,1,WD-MS binaries,2020
GaiaDR3_930093722208184448,59155,2020-11-02,17.35424,0.019561,1,WD-MS binaries,2020
GaiaDR3_930093722208184448,59156,2020-11-03,17.321405,0.013625,2,WD-MS binaries,2020
GaiaDR3_930093722208184448,59157,2020-11-04,17.331665,0.019359,1,WD-MS binaries,2020
GaiaDR3_930093722208184448,59158,2020-11-05,17.307089,0.013538,2,WD-MS binaries,2020
GaiaDR3_930093722208184448,59163,2020-11-10,17.239757,0.01858,1,WD-MS binaries,2020
GaiaDR3_930093722208184448,59165,2020-11-12,17.339298,0.013737,2,WD-MS binaries,2020
GaiaDR3_930093722208184448,59166,2020-11-13,17.26754,0.018808,1,WD-MS binaries,2020
GaiaDR3_930093722208184448,59167,2020-11-14,17.267349,0.018807,1,WD-MS binaries,2020
GaiaDR3_930093722208184448,59168,2020-11-15,17.291591,0.013443,2,WD-MS binaries,2020
GaiaDR3_930093722208184448,59169,2020-11-16,17.297413,0.01906,1,WD-MS binaries,2020
GaiaDR3_930093722208184448,59170,2020-11-17,17.356986,0.013849,2,WD-MS binaries,2020
GaiaDR3_930093722208184448,59173,2020-11-20,17.383736,0.019832,1,WD-MS binaries,2020
GaiaDR3_930093722208184448,59175,2020-11-22,17.405026,0.020032,1,WD-MS binaries,2020
GaiaDR3_930093722208184448,59176,2020-11-23,17.376018,0.013973,2,WD-MS binaries,2020
GaiaDR3_930093722208184448,59177,2020-11-24,17.362001,0.019632,1,WD-MS binaries,2020
GaiaDR3_930093722208184448,59179,2020-11-26,17.378715,0.019785,1,WD-MS binaries,2020
GaiaDR3_930093722208184448,59180,2020-11-27,17.393423,0.014089,2,WD-MS binaries,2020
GaiaDR3_930093722208184448,59181,2020-11-28,17.359112,0.019605,1,WD-MS binaries,2020
GaiaDR3_930093722208184448,59182,2020-11-29,17.385795,0.014037,2,WD-MS binaries,2020
GaiaDR3_930093722208184448,59184,2020-12-01,17.288687,0.018986,1,WD-MS binaries,2020
GaiaDR3_930093722208184448,59185,2020-12-02,17.289249,0.013429,2,WD-MS binaries,2020
GaiaDR3_930093722208184448,59186,2020-12-03,17.413654,0.020115,1,WD-MS binaries,2020
GaiaDR3_930093722208184448,59187,2020-12-04,17.310645,0.034676,2,WD-MS binaries,2020
GaiaDR3_930093722208184448,59188,2020-12-05,17.258377,0.018732,1,WD-MS binaries,2020
GaiaDR3_930093722208184448,59193,2020-12-10,17.295624,0.019045,1,WD-MS binaries,2020
GaiaDR3_930093722208184448,59194,2020-12-11,17.306459,0.013533,2,WD-MS binaries,2020
GaiaDR3_930093722208184448,59196,2020-12-13,17.373352,0.019736,1,WD-MS binaries,2020
GaiaDR3_930093722208184448,59198,2020-12-15,17.404992,0.01629,2,WD-MS binaries,2020
GaiaDR3_930093722208184448,59199,2020-12-16,17.376617,0.013977,2,WD-MS binaries,2020
GaiaDR3_930093722208184448,59202,2020-12-19,17.368685,0.019693,1,WD-MS binaries,2020
GaiaDR3_930093722208184448,59203,2020-12-20,17.381364,0.014008,2,WD-MS binaries,2020
GaiaDR3_930093722208184448,59204,2020-12-21,17.379807,0.019795,1,WD-MS binaries,2020
GaiaDR3_930093722208184448,59205,2020-12-22,17.34075,0.013746,2,WD-MS binaries,2020
GaiaDR3_930093722208184448,59210,2020-12-27,17.267546,0.0133,2,WD-MS binaries,2020
GaiaDR3_930093722208184448,59215,2021-01-01,17.349024,0.013799,2,WD-MS binaries,2021
GaiaDR3_930093722208184448,59216,2021-01-02,17.251602,0.016931,4,WD-MS binaries,2021
GaiaDR3_930093722208184448,59217,2021-01-03,17.249043,0.013192,2,WD-MS binaries,2021
GaiaDR3_930093722208184448,59218,2021-01-04,17.349838,0.032394,3,WD-MS binaries,2021
GaiaDR3_930093722208184448,59219,2021-01-05,17.324181,0.044162,2,WD-MS binaries,2021
GaiaDR3_930093722208184448,59220,2021-01-06,17.356589,0.009791,4,WD-MS binaries,2021
GaiaDR3_930093722208184448,59221,2021-01-07,17.374733,0.021494,3,WD-MS binaries,2021
GaiaDR3_930093722208184448,59222,2021-01-08,17.365549,0.015812,4,WD-MS binaries,2021
GaiaDR3_930093722208184448,59223,2021-01-09,17.393158,0.011501,3,WD-MS binaries,2021
GaiaDR3_930093722208184448,59224,2021-01-10,17.322241,0.011129,3,WD-MS binaries,2021
GaiaDR3_930093722208184448,59225,2021-01-11,17.347164,0.022679,3,WD-MS binaries,2021
GaiaDR3_930093722208184448,59226,2021-01-12,17.388937,0.00994,4,WD-MS binaries,2021
GaiaDR3_930093722208184448,59227,2021-01-13,17.372765,0.023315,3,WD-MS binaries,2021
GaiaDR3_930093722208184448,59228,2021-01-14,17.379916,0.009898,4,WD-MS binaries,2021
GaiaDR3_930093722208184448,59229,2021-01-15,17.385825,0.018932,2,WD-MS binaries,2021
GaiaDR3_930093722208184448,59230,2021-01-16,17.379112,0.009895,4,WD-MS binaries,2021
GaiaDR3_930093722208184448,59231,2021-01-17,17.328144,0.019328,1,WD-MS binaries,2021
GaiaDR3_930093722208184448,59232,2021-01-18,17.369196,0.021352,4,WD-MS binaries,2021
GaiaDR3_930093722208184448,59233,2021-01-19,17.367763,0.019684,1,WD-MS binaries,2021
GaiaDR3_930093722208184448,59248,2021-02-03,17.3965,0.011519,3,WD-MS binaries,2021
GaiaDR3_930093722208184448,59250,2021-02-05,17.377005,0.011414,3,WD-MS binaries,2021
GaiaDR3_930093722208184448,59251,2021-02-06,17.392685,0.014083,2,WD-MS binaries,2021
GaiaDR3_930093722208184448,59252,2021-02-07,17.375794,0.019758,1,WD-MS binaries,2021
GaiaDR3_930093722208184448,59253,2021-02-08,17.383602,0.014023,2,WD-MS binaries,2021
GaiaDR3_930093722208184448,59254,2021-02-09,17.362514,0.019636,1,WD-MS binaries,2021
GaiaDR3_930093722208184448,59256,2021-02-11,17.358944,0.019604,1,WD-MS binaries,2021
GaiaDR3_930093722208184448,59260,2021-02-15,17.304144,0.019118,1,WD-MS binaries,2021
GaiaDR3_930093722208184448,59262,2021-02-17,17.268604,0.013306,2,WD-MS binaries,2021
GaiaDR3_930093722208184448,59263,2021-02-18,17.298298,0.019068,1,WD-MS binaries,2021
GaiaDR3_930093722208184448,59264,2021-02-19,17.271019,0.01332,2,WD-MS binaries,2021
GaiaDR3_930093722208184448,59265,2021-02-20,17.319639,0.019253,1,WD-MS binaries,2021
GaiaDR3_930093722208184448,59266,2021-02-21,17.246015,0.013175,2,WD-MS binaries,2021
GaiaDR3_930093722208184448,59267,2021-02-22,17.301277,0.019094,1,WD-MS binaries,2021
GaiaDR3_930093722208184448,59268,2021-02-23,17.360975,0.02352,2,WD-MS binaries,2021
GaiaDR3_930093722208184448,59269,2021-02-24,17.373833,0.01974,1,WD-MS binaries,2021
GaiaDR3_930093722208184448,59270,2021-02-25,17.349606,0.013802,2,WD-MS binaries,2021
GaiaDR3_930093722208184448,59272,2021-02-27,17.395897,0.014104,2,WD-MS binaries,2021
GaiaDR3_930093722208184448,59274,2021-03-01,17.399546,0.015277,2,WD-MS binaries,2021
GaiaDR3_930093722208184448,59275,2021-03-02,17.381615,0.019812,1,WD-MS binaries,2021
GaiaDR3_930093722208184448,59276,2021-03-03,17.387848,0.014051,2,WD-MS binaries,2021
GaiaDR3_930093722208184448,59278,2021-03-05,17.418804,0.020164,1,WD-MS binaries,2021
GaiaDR3_930093722208184448,59290,2021-03-17,17.263556,0.013276,2,WD-MS binaries,2021
GaiaDR3_930093722208184448,59292,2021-03-19,17.312881,0.013572,2,WD-MS binaries,2021
GaiaDR3_930093722208184448,59294,2021-03-21,17.279823,0.018911,1,WD-MS binaries,2021
GaiaDR3_930093722208184448,59296,2021-03-23,17.27408,0.018863,1,WD-MS binaries,2021
GaiaDR3_930093722208184448,59298,2021-03-25,17.398695,0.019972,1,WD-MS binaries,2021
GaiaDR3_930093722208184448,59300,2021-03-27,17.344212,0.019471,1,WD-MS binaries,2021
GaiaDR3_930093722208184448,59301,2021-03-28,17.331165,0.019354,1,WD-MS binaries,2021
GaiaDR3_930093722208184448,59302,2021-03-29,17.359495,0.013867,2,WD-MS binaries,2021
GaiaDR3_930093722208184448,59303,2021-03-30,17.388851,0.01988,1,WD-MS binaries,2021
GaiaDR3_930093722208184448,59304,2021-03-31,17.39777,0.014116,2,WD-MS binaries,2021
GaiaDR3_930093722208184448,59305,2021-04-01,17.362478,0.019636,1,WD-MS binaries,2021
GaiaDR3_930093722208184448,59306,2021-04-02,17.384192,0.019836,1,WD-MS binaries,2021
GaiaDR3_930093722208184448,59308,2021-04-04,17.379097,0.019789,1,WD-MS binaries,2021
GaiaDR3_930093722208184448,59309,2021-04-05,17.298298,0.019068,1,WD-MS binaries,2021
GaiaDR3_930093722208184448,59312,2021-04-08,17.29533,0.019043,1,WD-MS binaries,2021
GaiaDR3_930093722208184448,59314,2021-04-10,17.259287,0.01874,1,WD-MS binaries,2021
GaiaDR3_930093722208184448,59316,2021-04-12,17.265465,0.018791,1,WD-MS binaries,2021
GaiaDR3_930093722208184448,59319,2021-04-15,17.286503,0.018967,1,WD-MS binaries,2021
GaiaDR3_930093722208184448,59321,2021-04-17,17.320744,0.019263,1,WD-MS binaries,2021
GaiaDR3_930093722208184448,59323,2021-04-19,17.38364,0.019831,1,WD-MS binaries,2021
GaiaDR3_930093722208184448,59325,2021-04-21,17.363833,0.019648,1,WD-MS binaries,2021
GaiaDR3_930093722208184448,59329,2021-04-25,17.378721,0.01399,2,WD-MS binaries,2021
GaiaDR3_930093722208184448,59335,2021-05-01,17.374167,0.013961,2,WD-MS binaries,2021
GaiaDR3_930093722208184448,59336,2021-05-02,17.363398,0.019644,1,WD-MS binaries,2021
GaiaDR3_930093722208184448,59338,2021-05-04,17.284624,0.018952,1,WD-MS binaries,2021
GaiaDR3_930093722208184448,59340,2021-05-06,17.251566,0.013206,2,WD-MS binaries,2021
GaiaDR3_930093722208184448,59342,2021-05-08,17.29434,0.019034,1,WD-MS binaries,2021
GaiaDR3_930093722208184448,59344,2021-05-10,17.234554,0.018538,1,WD-MS binaries,2021
GaiaDR3_930093722208184448,59346,2021-05-12,17.284813,0.018953,1,WD-MS binaries,2021
GaiaDR3_930093722208184448,59348,2021-05-14,17.280746,0.018919,1,WD-MS binaries,2021
GaiaDR3_930093722208184448,59473,2021-09-16,17.279747,0.01891,1,WD-MS binaries,2021
GaiaDR3_930093722208184448,59478,2021-09-21,17.405182,0.020034,1,WD-MS binaries,2021
GaiaDR3_930093722208184448,59487,2021-09-30,17.371395,0.019718,1,WD-MS binaries,2021
GaiaDR3_930093722208184448,59497,2021-10-10,17.283861,0.014562,2,WD-MS binaries,2021
GaiaDR3_930093722208184448,59498,2021-10-11,17.259655,0.013253,2,WD-MS binaries,2021
GaiaDR3_930093722208184448,59500,2021-10-13,17.282553,0.013388,2,WD-MS binaries,2021
GaiaDR3_930093722208184448,59501,2021-10-14,17.298903,0.013487,2,WD-MS binaries,2021
GaiaDR3_930093722208184448,59502,2021-10-15,17.285624,0.013408,2,WD-MS binaries,2021
GaiaDR3_930093722208184448,59503,2021-10-16,17.293148,0.010984,3,WD-MS binaries,2021
GaiaDR3_930093722208184448,59504,2021-10-17,17.319398,0.027904,2,WD-MS binaries,2021
GaiaDR3_930093722208184448,59509,2021-10-22,17.311226,0.01918,1,WD-MS binaries,2021
GaiaDR3_930093722208184448,59511,2021-10-24,17.378975,0.019788,1,WD-MS binaries,2021
GaiaDR3_930093722208184448,59512,2021-10-25,19.306366,0.068528,1,WD-MS binaries,2021
GaiaDR3_930093722208184448,59517,2021-10-30,17.363113,0.01134,3,WD-MS binaries,2021
GaiaDR3_930093722208184448,59518,2021-10-31,17.273048,0.018854,1,WD-MS binaries,2021
GaiaDR3_930093722208184448,59521,2021-11-03,17.307217,0.036312,2,WD-MS binaries,2021
GaiaDR3_930093722208184448,59522,2021-11-04,17.288132,0.022731,3,WD-MS binaries,2021
GaiaDR3_930093722208184448,59523,2021-11-05,17.302618,0.016418,2,WD-MS binaries,2021
GaiaDR3_930093722208184448,59524,2021-11-06,17.310944,0.011072,3,WD-MS binaries,2021
GaiaDR3_930093722208184448,59525,2021-11-07,17.281563,0.013383,2,WD-MS binaries,2021
GaiaDR3_930093722208184448,59526,2021-11-08,17.256496,0.0194,3,WD-MS binaries,2021
GaiaDR3_930093722208184448,59528,2021-11-10,17.246635,0.018636,1,WD-MS binaries,2021
GaiaDR3_930093722208184448,59529,2021-11-11,17.269485,0.032905,3,WD-MS binaries,2021
GaiaDR3_930093722208184448,59530,2021-11-12,17.396761,0.034857,2,WD-MS binaries,2021
GaiaDR3_930093722208184448,59531,2021-11-13,17.343208,0.032572,3,WD-MS binaries,2021
GaiaDR3_930093722208184448,59532,2021-11-14,17.351044,0.048658,2,WD-MS binaries,2021
GaiaDR3_930093722208184448,59536,2021-11-18,17.3412,0.017742,3,WD-MS binaries,2021
GaiaDR3_930093722208184448,59537,2021-11-19,17.378576,0.013989,2,WD-MS binaries,2021
GaiaDR3_930093722208184448,59538,2021-11-20,17.337307,0.019522,3,WD-MS binaries,2021
GaiaDR3_930093722208184448,59540,2021-11-22,17.367359,0.013917,2,WD-MS binaries,2021
GaiaDR3_930093722208184448,59542,2021-11-24,17.257637,0.018726,1,WD-MS binaries,2021
GaiaDR3_930093722208184448,59550,2021-12-02,17.315697,0.011096,3,WD-MS binaries,2021
GaiaDR3_930093722208184448,59600,2022-01-21,17.342833,0.019458,1,WD-MS binaries,2022
GaiaDR3_930093722208184448,59622,2022-02-12,17.334349,0.013706,2,WD-MS binaries,2022
GaiaDR3_930093722208184448,59623,2022-02-13,17.354153,0.01956,1,WD-MS binaries,2022
GaiaDR3_930093722208184448,59624,2022-02-14,17.26223,0.013576,3,WD-MS binaries,2022
GaiaDR3_930093722208184448,59625,2022-02-15,17.319674,0.017081,2,WD-MS binaries,2022
GaiaDR3_930093722208184448,59627,2022-02-17,17.326802,0.061917,2,WD-MS binaries,2022
GaiaDR3_930093722208184448,59628,2022-02-18,17.275581,0.018875,1,WD-MS binaries,2022
GaiaDR3_930093722208184448,59629,2022-02-19,17.297932,0.015743,3,WD-MS binaries,2022
GaiaDR3_930093722208184448,59636,2022-02-26,17.370255,0.019707,1,WD-MS binaries,2022
GaiaDR3_930093722208184448,59640,2022-03-02,17.384335,0.019838,1,WD-MS binaries,2022
GaiaDR3_930093722208184448,59671,2022-04-02,17.401623,0.02,1,WD-MS binaries,2022
GaiaDR3_930093722208184448,59674,2022-04-05,17.391823,0.019908,1,WD-MS binaries,2022
GaiaDR3_930093722208184448,59676,2022-04-07,17.290287,0.019,1,WD-MS binaries,2022
GaiaDR3_930093722208184448,59678,2022-04-09,17.2546,0.018701,1,WD-MS binaries,2022
GaiaDR3_930093722208184448,59683,2022-04-14,17.259312,0.01874,1,WD-MS binaries,2022
GaiaDR3_930093722208184448,59685,2022-04-16,17.295441,0.019044,1,WD-MS binaries,2022
GaiaDR3_930093722208184448,59688,2022-04-19,17.36071,0.01962,1,WD-MS binaries,2022
GaiaDR3_930093722208184448,59690,2022-04-21,17.35931,0.019607,1,WD-MS binaries,2022
GaiaDR3_930093722208184448,59694,2022-04-25,17.357136,0.019587,1,WD-MS binaries,2022
GaiaDR3_930093722208184448,59696,2022-04-27,17.361622,0.019628,1,WD-MS binaries,2022
GaiaDR3_930093722208184448,59700,2022-05-01,17.339806,0.019431,1,WD-MS binaries,2022
GaiaDR3_930093722208184448,59702,2022-05-03,17.288496,0.018984,1,WD-MS binaries,2022
GaiaDR3_930093722208184448,59711,2022-05-12,17.303152,0.01911,1,WD-MS binaries,2022
GaiaDR3_930093722208184448,59713,2022-05-14,17.324451,0.019295,1,WD-MS binaries,2022
GaiaDR3_930093722208184448,59856,2022-10-04,17.307519,0.013539,2,WD-MS binaries,2022
GaiaDR3_930093722208184448,59857,2022-10-05,17.309321,0.01355,2,WD-MS binaries,2022
GaiaDR3_930093722208184448,59858,2022-10-06,17.287489,0.010956,3,WD-MS binaries,2022
GaiaDR3_930093722208184448,59859,2022-10-07,17.27649,0.013352,2,WD-MS binaries,2022
GaiaDR3_930093722208184448,59861,2022-10-09,17.258388,0.018733,1,WD-MS binaries,2022
GaiaDR3_930093722208184448,59863,2022-10-11,17.273744,0.013336,2,WD-MS binaries,2022
GaiaDR3_930093722208184448,59864,2022-10-12,17.301947,0.018523,2,WD-MS binaries,2022
GaiaDR3_930093722208184448,59865,2022-10-13,17.263348,0.010839,3,WD-MS binaries,2022
GaiaDR3_930093722208184448,59866,2022-10-14,17.272511,0.013329,2,WD-MS binaries,2022
GaiaDR3_930093722208184448,59867,2022-10-15,17.294464,0.01346,2,WD-MS binaries,2022
GaiaDR3_930093722208184448,59869,2022-10-17,17.345001,0.013829,3,WD-MS binaries,2022
GaiaDR3_930093722208184448,59870,2022-10-18,17.296753,0.019055,1,WD-MS binaries,2022
GaiaDR3_930093722208184448,59871,2022-10-19,17.353041,0.013824,2,WD-MS binaries,2022
GaiaDR3_930093722208184448,59872,2022-10-20,17.357483,0.013853,2,WD-MS binaries,2022
GaiaDR3_930093722208184448,59874,2022-10-22,17.386213,0.011463,3,WD-MS binaries,2022
GaiaDR3_930093722208184448,59876,2022-10-24,17.380243,0.014001,2,WD-MS binaries,2022
GaiaDR3_930093722208184448,59877,2022-10-25,17.391586,0.014075,2,WD-MS binaries,2022
GaiaDR3_930093722208184448,59878,2022-10-26,17.38126,0.011437,3,WD-MS binaries,2022
GaiaDR3_930093722208184448,59879,2022-10-27,17.374551,0.013964,2,WD-MS binaries,2022
GaiaDR3_930093722208184448,59881,2022-10-29,17.361569,0.019628,1,WD-MS binaries,2022
GaiaDR3_930093722208184448,59888,2022-11-05,17.273602,0.013336,2,WD-MS binaries,2022
GaiaDR3_930093722208184448,59889,2022-11-06,17.272041,0.018846,1,WD-MS binaries,2022
GaiaDR3_930093722208184448,59893,2022-11-10,17.308445,0.011136,3,WD-MS binaries,2022
GaiaDR3_930093722208184448,59895,2022-11-12,17.358369,0.013859,2,WD-MS binaries,2022
GaiaDR3_930093722208184448,59897,2022-11-14,17.311848,0.011076,3,WD-MS binaries,2022
GaiaDR3_930093722208184448,59898,2022-11-15,17.348511,0.019509,1,WD-MS binaries,2022
GaiaDR3_930093722208184448,59899,2022-11-16,17.346716,0.016124,3,WD-MS binaries,2022
GaiaDR3_930093722208184448,59900,2022-11-17,17.411045,0.02009,1,WD-MS binaries,2022
GaiaDR3_930093722208184448,59901,2022-11-18,17.382158,0.019817,1,WD-MS binaries,2022
GaiaDR3_930093722208184448,59902,2022-11-19,17.381187,0.014007,2,WD-MS binaries,2022
GaiaDR3_930093722208184448,59903,2022-11-20,17.370026,0.011377,3,WD-MS binaries,2022
GaiaDR3_930093722208184448,59904,2022-11-21,17.358111,0.013857,2,WD-MS binaries,2022
GaiaDR3_930093722208184448,59905,2022-11-22,17.290085,0.018998,1,WD-MS binaries,2022
GaiaDR3_930093722208184448,59906,2022-11-23,17.313157,0.037849,2,WD-MS binaries,2022
GaiaDR3_930093722208184448,59908,2022-11-25,17.356358,0.042013,3,WD-MS binaries,2022
GaiaDR3_930093722208184448,59909,2022-11-26,17.30811,0.046213,2,WD-MS binaries,2022
GaiaDR3_930093722208184448,59910,2022-11-27,17.322338,0.018179,3,WD-MS binaries,2022
GaiaDR3_930093722208184448,59914,2022-12-01,17.296017,0.019048,1,WD-MS binaries,2022
GaiaDR3_930093722208184448,59923,2022-12-10,17.34338,0.038672,3,WD-MS binaries,2022
GaiaDR3_930093722208184448,59928,2022-12-15,17.342808,0.019458,1,WD-MS binaries,2022
GaiaDR3_930093722208184448,59930,2022-12-17,17.36452,0.014739,2,WD-MS binaries,2022
GaiaDR3_930093722208184448,59932,2022-12-19,17.338596,0.036709,2,WD-MS binaries,2022
GaiaDR3_930093722208184448,59934,2022-12-21,17.323889,0.034361,2,WD-MS binaries,2022
GaiaDR3_930093722208184448,59935,2022-12-22,17.332929,0.031456,2,WD-MS binaries,2022
GaiaDR3_930093722208184448,59936,2022-12-23,17.29786,0.047379,2,WD-MS binaries,2022
GaiaDR3_930093722208184448,59937,2022-12-24,17.287219,0.039507,2,WD-MS binaries,2022
GaiaDR3_930093722208184448,59940,2022-12-27,17.275679,0.018876,1,WD-MS binaries,2022
GaiaDR3_930093722208184448,59951,2023-01-07,17.292305,0.033132,2,WD-MS binaries,2023
GaiaDR3_930093722208184448,59957,2023-01-13,17.387762,0.01987,1,WD-MS binaries,2023
GaiaDR3_930093722208184448,59965,2023-01-21,17.281445,0.021984,2,WD-MS binaries,2023
GaiaDR3_930093722208184448,59966,2023-01-22,17.254452,0.0187,1,WD-MS binaries,2023
GaiaDR3_930093722208184448,59967,2023-01-23,17.280612,0.013378,2,WD-MS binaries,2023
GaiaDR3_930093722208184448,59968,2023-01-24,17.283629,0.013395,2,WD-MS binaries,2023
GaiaDR3_930093722208184448,59969,2023-01-25,17.291832,0.018992,3,WD-MS binaries,2023
GaiaDR3_930093722208184448,59970,2023-01-26,17.314591,0.019209,1,WD-MS binaries,2023
GaiaDR3_930093722208184448,59972,2023-01-28,17.325571,0.019305,1,WD-MS binaries,2023
GaiaDR3_930093722208184448,59977,2023-02-02,17.265471,0.013287,2,WD-MS binaries,2023
GaiaDR3_930093722208184448,59979,2023-02-04,17.3766,0.013977,2,WD-MS binaries,2023
GaiaDR3_930093722208184448,59980,2023-02-05,17.346245,0.011252,3,WD-MS binaries,2023
GaiaDR3_930093722208184448,59981,2023-02-06,17.221333,0.018433,1,WD-MS binaries,2023
GaiaDR3_930093722208184448,59982,2023-02-07,17.218395,0.018409,1,WD-MS binaries,2023
GaiaDR3_930093722208184448,59983,2023-02-08,17.236647,0.013121,2,WD-MS binaries,2023
GaiaDR3_930093722208184448,59984,2023-02-09,17.261661,0.020514,2,WD-MS binaries,2023
GaiaDR3_930093722208184448,59985,2023-02-10,17.338091,0.028052,2,WD-MS binaries,2023
GaiaDR3_930093722208184448,59987,2023-02-12,17.360737,0.01962,1,WD-MS binaries,2023
GaiaDR3_930093722208184448,59993,2023-02-18,17.333481,0.019375,1,WD-MS binaries,2023
GaiaDR3_930093722208184448,59994,2023-02-19,17.265547,0.018792,1,WD-MS binaries,2023
GaiaDR3_930093722208184448,60017,2023-03-14,17.248533,0.018652,1,WD-MS binaries,2023
GaiaDR3_930093722208184448,60031,2023-03-28,17.400539,0.01999,1,WD-MS binaries,2023
GaiaDR3_930093722208184448,60036,2023-04-02,17.407164,0.020053,1,WD-MS binaries,2023
GaiaDR3_930093722208184448,60045,2023-04-11,17.252539,0.018684,1,WD-MS binaries,2023
GaiaDR3_930093722208184448,60055,2023-04-21,17.318558,0.019243,1,WD-MS binaries,2023
GaiaDR3_930093722208184448,60057,2023-04-23,17.36311,0.019642,1,WD-MS binaries,2023
GaiaDR3_930093722208184448,60059,2023-04-25,17.37151,0.019719,1,WD-MS binaries,2023
GaiaDR3_930093722208184448,60061,2023-04-27,17.33469,0.019386,1,WD-MS binaries,2023
GaiaDR3_930093722208184448,60065,2023-05-01,17.292959,0.019022,1,WD-MS binaries,2023
GaiaDR3_930093722208184448,60220,2023-10-03,17.340138,0.025544,3,WD-MS binaries,2023
GaiaDR3_930093722208184448,60222,2023-10-05,17.247669,0.010764,3,WD-MS binaries,2023
GaiaDR3_930093722208184448,60223,2023-10-06,17.265911,0.01329,2,WD-MS binaries,2023
GaiaDR3_930093722208184448,60224,2023-10-07,17.255453,0.010801,3,WD-MS binaries,2023
GaiaDR3_930093722208184448,60225,2023-10-08,17.252802,0.013214,2,WD-MS binaries,2023
GaiaDR3_930093722208184448,60228,2023-10-11,17.27709,0.018888,1,WD-MS binaries,2023
GaiaDR3_930093722208184448,60229,2023-10-12,17.288569,0.013425,2,WD-MS binaries,2023
GaiaDR3_930093722208184448,60230,2023-10-13,17.297813,0.01348,2,WD-MS binaries,2023
GaiaDR3_930093722208184448,60232,2023-10-15,17.333755,0.019377,1,WD-MS binaries,2023
GaiaDR3_930093722208184448,60233,2023-10-16,17.332461,0.041236,2,WD-MS binaries,2023
GaiaDR3_930093722208184448,60234,2023-10-17,17.348503,0.014502,3,WD-MS binaries,2023
GaiaDR3_930093722208184448,60235,2023-10-18,17.371029,0.030721,2,WD-MS binaries,2023
GaiaDR3_930093722208184448,60236,2023-10-19,17.388298,0.011475,3,WD-MS binaries,2023
GaiaDR3_930093722208184448,60237,2023-10-20,17.373297,0.019735,1,WD-MS binaries,2023
GaiaDR3_930093722208184448,60238,2023-10-21,17.389298,0.01148,3,WD-MS binaries,2023
GaiaDR3_930093722208184448,60239,2023-10-22,17.380083,0.014,2,WD-MS binaries,2023
GaiaDR3_930093722208184448,60241,2023-10-24,17.388678,0.011477,3,WD-MS binaries,2023
GaiaDR3_930093722208184448,60242,2023-10-25,17.377827,0.019777,1,WD-MS binaries,2023
GaiaDR3_930093722208184448,60244,2023-10-27,17.345668,0.013777,2,WD-MS binaries,2023
GaiaDR3_930093722208184448,60245,2023-10-28,17.373489,0.019737,1,WD-MS binaries,2023
GaiaDR3_930093722208184448,60249,2023-11-01,17.381517,0.019811,1,WD-MS binaries,2023
GaiaDR3_930093722208184448,60250,2023-11-02,17.266098,0.019024,3,WD-MS binaries,2023
GaiaDR3_930093722208184448,60251,2023-11-03,17.298173,0.014933,2,WD-MS binaries,2023
GaiaDR3_930093722208184448,60252,2023-11-04,17.26059,0.010826,3,WD-MS binaries,2023
GaiaDR3_930093722208184448,60253,2023-11-05,17.245516,0.013171,2,WD-MS binaries,2023
GaiaDR3_930093722208184448,60254,2023-11-06,17.267384,0.010858,3,WD-MS binaries,2023
GaiaDR3_930093722208184448,60255,2023-11-07,17.25885,0.018736,1,WD-MS binaries,2023
GaiaDR3_930093722208184448,60257,2023-11-09,17.277328,0.013357,2,WD-MS binaries,2023
GaiaDR3_930093722208184448,60258,2023-11-10,17.264847,0.022633,3,WD-MS binaries,2023
GaiaDR3_930093722208184448,60259,2023-11-11,17.349066,0.0138,2,WD-MS binaries,2023
GaiaDR3_930093722208184448,60260,2023-11-12,17.305967,0.027185,3,WD-MS binaries,2023
GaiaDR3_930093722208184448,60261,2023-11-13,17.353277,0.013826,2,WD-MS binaries,2023
GaiaDR3_930093722208184448,60262,2023-11-14,17.352411,0.011284,3,WD-MS binaries,2023
GaiaDR3_930093722208184448,60268,2023-11-20,17.369129,0.019697,1,WD-MS binaries,2023
GaiaDR3_930093722208184448,60287,2023-12-09,17.344484,0.022953,3,WD-MS binaries,2023
GaiaDR3_930093722208184448,60289,2023-12-11,17.363859,0.012654,4,WD-MS binaries,2023
GaiaDR3_930093722208184448,60290,2023-12-12,17.375895,0.022233,2,WD-MS binaries,2023
GaiaDR3_930093722208184448,60291,2023-12-13,17.348511,0.012275,3,WD-MS binaries,2023
GaiaDR3_930093722208184448,60294,2023-12-16,17.378668,0.019785,1,WD-MS binaries,2023
GaiaDR3_930093722208184448,60295,2023-12-17,17.665497,0.022849,1,WD-MS binaries,2023
GaiaDR3_930093722208184448,60296,2023-12-18,17.370189,0.013935,2,WD-MS binaries,2023
GaiaDR3_930093722208184448,60311,2024-01-02,17.263838,0.013278,2,WD-MS binaries,2024
GaiaDR3_930093722208184448,60314,2024-01-05,17.360594,0.013873,2,WD-MS binaries,2024
GaiaDR3_930093722208184448,60315,2024-01-06,17.310539,0.019174,1,WD-MS binaries,2024
GaiaDR3_930093722208184448,60321,2024-01-12,17.36154,0.014184,2,WD-MS binaries,2024
GaiaDR3_930093722208184448,60322,2024-01-13,17.339058,0.013789,3,WD-MS binaries,2024
GaiaDR3_930093722208184448,60323,2024-01-14,17.313696,0.052415,2,WD-MS binaries,2024
GaiaDR3_930093722208184448,60324,2024-01-15,17.333036,0.016756,3,WD-MS binaries,2024
GaiaDR3_930093722208184448,60325,2024-01-16,17.306999,0.028099,2,WD-MS binaries,2024
GaiaDR3_930093722208184448,60326,2024-01-17,17.371963,0.019723,1,WD-MS binaries,2024
GaiaDR3_930093722208184448,60327,2024-01-18,17.335398,0.024505,2,WD-MS binaries,2024
GaiaDR3_930093722208184448,60334,2024-01-25,17.353149,0.019551,1,WD-MS binaries,2024
GaiaDR3_930093722208184448,60336,2024-01-27,17.359427,0.019608,1,WD-MS binaries,2024
GaiaDR3_930093722208184448,60340,2024-01-31,17.332299,0.025894,2,WD-MS binaries,2024
GaiaDR3_930093722208184448,60341,2024-02-01,17.376259,0.013974,2,WD-MS binaries,2024
GaiaDR3_930093722208184448,60351,2024-02-11,17.313137,0.030255,2,WD-MS binaries,2024
GaiaDR3_930093722208184448,60352,2024-02-12,17.294338,0.029148,4,WD-MS binaries,2024
GaiaDR3_930093722208184448,60353,2024-02-13,17.307082,0.028839,2,WD-MS binaries,2024
GaiaDR3_930093722208184448,60354,2024-02-14,17.270954,0.01332,2,WD-MS binaries,2024
GaiaDR3_930093722208184448,60355,2024-02-15,17.266118,0.013291,2,WD-MS binaries,2024
GaiaDR3_930093722208184448,60356,2024-02-16,17.370823,0.019712,1,WD-MS binaries,2024
GaiaDR3_930093722208184448,60357,2024-02-17,17.306301,0.015806,3,WD-MS binaries,2024
GaiaDR3_930093722208184448,60363,2024-02-23,17.332588,0.019367,1,WD-MS binaries,2024
GaiaDR3_930093722208184448,60364,2024-02-24,17.375866,0.019759,1,WD-MS binaries,2024
GaiaDR3_930093722208184448,60368,2024-02-28,17.33761,0.019412,1,WD-MS binaries,2024
GaiaDR3_930093722208184448,60374,2024-03-05,17.34996,0.019522,1,WD-MS binaries,2024
GaiaDR3_930093722208184448,60380,2024-03-11,17.256638,0.018718,1,WD-MS binaries,2024
GaiaDR3_930093722208184448,60388,2024-03-19,17.290436,0.019001,1,WD-MS binaries,2024
GaiaDR3_930093722208184448,60391,2024-03-22,17.322136,0.019275,1,WD-MS binaries,2024
GaiaDR3_930093722208184448,60397,2024-03-28,17.338474,0.019419,1,WD-MS binaries,2024
GaiaDR3_930093722208184448,60403,2024-04-03,17.375824,0.019759,1,WD-MS binaries,2024
GaiaDR3_930093722208184448,60407,2024-04-07,17.322697,0.01928,1,WD-MS binaries,2024
GaiaDR3_930093722208184448,60417,2024-04-17,17.325928,0.019308,1,WD-MS binaries,2024
GaiaDR3_930093722208184448,60419,2024-04-19,17.372108,0.019724,1,WD-MS binaries,2024
GaiaDR3_930093722208184448,60421,2024-04-21,17.359199,0.019606,1,WD-MS binaries,2024
GaiaDR3_930093722208184448,60429,2024-04-29,17.410761,0.020087,1,WD-MS binaries,2024
GaiaDR3_930093722208184448,60431,2024-05-01,17.393825,0.019926,1,WD-MS binaries,2024
GaiaDR3_930093722208184448,60433,2024-05-03,17.310125,0.01917,1,WD-MS binaries,2024
GaiaDR3_930093722208184448,60435,2024-05-05,17.251427,0.018675,1,WD-MS binaries,2024
GaiaDR3_930093722208184448,60568,2024-09-15,17.197918,0.018249,1,WD-MS binaries,2024
GaiaDR3_930093722208184448,60572,2024-09-19,17.347412,0.019499,1,WD-MS binaries,2024
GaiaDR3_930093722208184448,60595,2024-10-12,17.283676,0.018944,1,WD-MS binaries,2024
GaiaDR3_930093722208184448,60597,2024-10-14,17.311825,0.019185,1,WD-MS binaries,2024
GaiaDR3_930093722208184448,60599,2024-10-16,17.341213,0.019444,1,WD-MS binaries,2024
GaiaDR3_930093722208184448,60602,2024-10-19,17.353447,0.019554,1,WD-MS binaries,2024
GaiaDR3_930093722208184448,60604,2024-10-21,17.374668,0.019748,1,WD-MS binaries,2024
GaiaDR3_930093722208184448,60606,2024-10-23,17.366671,0.019674,1,WD-MS binaries,2024
GaiaDR3_930093722208184448,60608,2024-10-25,17.353493,0.019554,1,WD-MS binaries,2024
GaiaDR3_930093722208184448,60610,2024-10-27,17.344448,0.019473,1,WD-MS binaries,2024
GaiaDR3_930093722208184448,60614,2024-10-31,17.311056,0.019178,1,WD-MS binaries,2024
GaiaDR3_930093722208184448,60622,2024-11-08,17.278557,0.0189,1,WD-MS binaries,2024
GaiaDR3_930093722208184448,60624,2024-11-10,17.29533,0.019043,1,WD-MS binaries,2024
GaiaDR3_930093722208184448,60627,2024-11-13,17.340647,0.019439,1,WD-MS binaries,2024
GaiaDR3_930093722208184448,60628,2024-11-14,17.320843,0.019263,1,WD-MS binaries,2024
GaiaDR3_930093722208184448,60632,2024-11-18,17.396835,0.019955,1,WD-MS binaries,2024
GaiaDR3_930093722208184448,60637,2024-11-23,17.329832,0.019343,1,WD-MS binaries,2024
GaiaDR3_930093722208184448,60640,2024-11-26,17.256788,0.018719,1,WD-MS binaries,2024
GaiaDR3_930093722208184448,60644,2024-11-30,17.272106,0.018846,1,WD-MS binaries,2024
GaiaDR3_930093722208184448,60649,2024-12-05,17.303154,0.01911,1,WD-MS binaries,2024
GaiaDR3_930093722208184448,60651,2024-12-07,17.280209,0.018914,1,WD-MS binaries,2024
GaiaDR3_930093722208184448,60653,2024-12-09,17.384073,0.019835,1,WD-MS binaries,2024
GaiaDR3_930093722208184448,60664,2024-12-20,17.232647,0.018523,1,WD-MS binaries,2024
GaiaDR3_930093722208184448,60666,2024-12-22,17.319956,0.019256,1,WD-MS binaries,2024
GaiaDR3_930093722208184448,60668,2024-12-24,17.305431,0.019129,1,WD-MS binaries,2024
GaiaDR3_930093722208184448,60683,2025-01-08,17.392151,0.019911,1,WD-MS binaries,2025
GaiaDR3_930093722208184448,60686,2025-01-11,17.296459,0.019052,1,WD-MS binaries,2025
GaiaDR3_930093722208184448,60690,2025-01-15,17.28154,0.018926,1,WD-MS binaries,2025
GaiaDR3_930093722208184448,60692,2025-01-17,17.229557,0.018498,1,WD-MS binaries,2025
GaiaDR3_930093722208184448,60694,2025-01-19,17.279493,0.018908,1,WD-MS binaries,2025
GaiaDR3_930093722208184448,60698,2025-01-23,17.430435,0.020277,1,WD-MS binaries,2025
GaiaDR3_930093722208184448,60717,2025-02-11,17.340401,0.019437,1,WD-MS binaries,2025
GaiaDR3_930093722208184448,60725,2025-02-19,17.333456,0.019375,1,WD-MS binaries,2025
GaiaDR3_930093722208184448,60727,2025-02-21,17.364517,0.019655,1,WD-MS binaries,2025
GaiaDR3_930093722208184448,60729,2025-02-23,17.364845,0.019658,1,WD-MS binaries,2025
GaiaDR3_930093722208184448,60731,2025-02-25,17.379621,0.019794,1,WD-MS binaries,2025
GaiaDR3_930093722208184448,60733,2025-02-27,17.397581,0.019962,1,WD-MS binaries,2025
GaiaDR3_930093722208184448,60739,2025-03-05,17.37093,0.019713,1,WD-MS binaries,2025
GaiaDR3_930093722208184448,60744,2025-03-10,17.229896,0.018501,1,WD-MS binaries,2025
GaiaDR3_930093722208184448,60751,2025-03-17,17.38064,0.019803,1,WD-MS binaries,2025
GaiaDR3_930093722208184448,60754,2025-03-20,17.297844,0.019064,1,WD-MS binaries,2025
GaiaDR3_930093722208184448,60758,2025-03-24,17.367157,0.019679,1,WD-MS binaries,2025
GaiaDR3_930093722208184448,60760,2025-03-26,17.371162,0.019716,1,WD-MS binaries,2025
GaiaDR3_930093722208184448,60770,2025-04-05,17.322233,0.019276,1,WD-MS binaries,2025
GaiaDR3_930093722208184448,60772,2025-04-07,17.232307,0.01852,1,WD-MS binaries,2025
GaiaDR3_930093722208184448,60774,2025-04-09,17.369286,0.019698,1,WD-MS binaries,2025
GaiaDR3_930093722208184448,60776,2025-04-11,17.256002,0.018713,1,WD-MS binaries,2025
GaiaDR3_930093722208184448,60781,2025-04-16,17.36455,0.019655,1,WD-MS binaries,2025
GaiaDR3_930093722208184448,60788,2025-04-23,17.386719,0.01986,1,WD-MS binaries,2025
GaiaDR3_930093722208184448,60816,2025-05-21,17.375378,0.019754,1,WD-MS binaries,2025
GaiaDR3_930093722208184448,60818,2025-05-23,17.373268,0.019735,1,WD-MS binaries,2025
GaiaDR3_930093722208184448,60948,2025-09-30,17.317238,0.019232,1,WD-MS binaries,2025
