sid,best_status,best_frequency_per_day,baseline_days,tolerance_per_day,frozen_best_candidate_matches_dominant,frozen_best_candidate_matches_any_mode,matches_yearly_alias_dominant,matches_yearly_alias_any_mode,matches_kepler_nyquist_reflection_dominant,matches_kepler_nyquist_reflection_any_mode,analysis_status,prespecified,interval
9000000000001570023,confirmed,0.3320489904363654,2764.6522845728323,0.0005425637098633421,unmatched,unmatched,False,False,False,False,postlaunch_descriptive,False,none
9000000000001573149,not_detected,1.0025120155497935,2746.700246270746,0.0005461098283427841,unmatched,unmatched,False,False,False,False,postlaunch_descriptive,False,none
9000000000001573174,confirmed,7.397533176528616,2749.65985479299,0.0005455220206184116,direct,ambiguous,False,False,False,False,postlaunch_descriptive,False,none
9000000000001575977,not_detected,1.0002056124855134,2743.7358536515385,0.0005466998574238495,unmatched,unmatched,False,False,False,False,postlaunch_descriptive,False,none
9000000000002167444,not_detected,1.0025016977905483,2743.736001706682,0.0005466998279232977,unmatched,unscored,,,,,postlaunch_descriptive,False,none
9000000000002168420,confirmed,1.001444733721386,2743.736032031942,0.0005466998218808744,unmatched,unmatched,False,False,False,False,postlaunch_descriptive,False,none
9000000000002300603,confirmed,7.641394829779324,2764.6523273042403,0.0005425637014772926,direct,ambiguous,False,False,False,False,postlaunch_descriptive,False,none
9000000000002301163,not_detected,0.0031889966074352,2539.9838874442503,0.0005905549273028305,unmatched,unscored,,,,,postlaunch_descriptive,False,none
9000000000002310586,candidate,0.9971804796207768,2743.7360196225345,0.000546699824353496,unmatched,unmatched,False,False,False,False,postlaunch_descriptive,False,none
9000000000002438249,confirmed,0.6198971356351028,2764.652232574299,0.0005425637200680676,unmatched,unmatched,False,False,False,False,postlaunch_descriptive,False,none
9000000000002570760,confirmed,1.9322864285606525,2764.6522384257987,0.0005425637189197093,unmatched,unmatched,False,False,False,False,postlaunch_descriptive,False,none
9000000000002572386,confirmed,8.431150653729231,2764.6522944872268,0.0005425637079176397,unmatched,unscored,,,,,postlaunch_descriptive,False,none
9000000000002578404,confirmed,10.923646342081792,2743.735842539929,0.0005466998596378802,unmatched,ambiguous,False,False,False,False,postlaunch_descriptive,False,none
9000000000002579147,confirmed,10.01124063579272,2743.7358664413914,0.0005466998548754224,direct,ambiguous,False,False,False,False,postlaunch_descriptive,False,none
9000000000002581626,confirmed,18.13964641428976,2743.7359507069923,0.0005466998380851799,unmatched,unscored,,,,,postlaunch_descriptive,False,none
9000000000002581905,not_detected,1.0025017131317917,2743.735959719401,0.0005466998362894232,unmatched,unmatched,False,False,False,False,postlaunch_descriptive,False,none
9000000000002582800,not_detected,2.0030352873190127,2743.735986476764,0.0005466998309579168,unmatched,unmatched,False,False,False,False,postlaunch_descriptive,False,none
9000000000002583669,confirmed,6.88426287419679,2743.736017228104,0.0005466998248305954,unmatched,unmatched,False,False,False,False,postlaunch_descriptive,False,none
9000000000002714707,missing,,,,unscored,unscored,,,,,postlaunch_descriptive,False,none
9000000000002715483,missing,,,,unscored,unscored,,,,,postlaunch_descriptive,False,none
9000000000002718630,not_detected,2.002488622391841,2743.735938652884,0.0005466998404870069,unmatched,unmatched,False,False,False,False,postlaunch_descriptive,False,none
9000000000002851278,candidate,1.1770015028619092,2764.6523747742176,0.0005425636921612979,unmatched,unmatched,False,False,False,False,postlaunch_descriptive,False,none
9000000000002855026,confirmed,14.140428352587731,2743.7358354777098,0.0005466998610450544,unmatched,unscored,,,,,postlaunch_descriptive,False,none
9000000000002855603,not_detected,3.0073949905916963,2204.9980201288126,0.000680272719660933,unmatched,unmatched,False,False,False,False,postlaunch_descriptive,False,none
9000000000002857323,confirmed,13.127028704409716,2743.7359063518234,0.0005466998469231165,direct,direct,False,False,False,False,postlaunch_descriptive,False,none
9000000000002974815,confirmed,8.899457075620058,2764.651797400322,0.0005425638054710873,direct,direct,False,False,False,False,postlaunch_descriptive,False,none
9000000000002988145,confirmed,10.346002420454406,2764.652359200176,0.0005425636952177074,direct,ambiguous,False,False,False,False,postlaunch_descriptive,False,none
9000000000002994888,candidate,12.792047409760212,2743.735922462307,0.0005466998437130412,window_alias,window_alias,False,False,False,False,postlaunch_descriptive,False,none
9000000000002995931,not_detected,1.00253816172707,2743.735954411328,0.000546699837347077,unmatched,unmatched,False,False,False,False,postlaunch_descriptive,False,none
9000000000003117511,confirmed,1.004140684703995,2764.652445905376,0.0005425636782017914,unmatched,unmatched,False,False,False,False,postlaunch_descriptive,False,none
9000000000003223460,not_detected,2.005279574503897,2764.6519071394578,0.0005425637839347473,unmatched,unmatched,False,False,False,False,postlaunch_descriptive,False,none
9000000000003238073,not_detected,1.002428856162306,2743.7358602480963,0.0005466998561094601,unmatched,unmatched,False,False,False,False,postlaunch_descriptive,False,none
9000000000003239508,not_detected,1.0022101569950923,2743.7359128794633,0.0005466998456224593,unmatched,unmatched,False,False,False,False,postlaunch_descriptive,False,none
9000000000003241388,not_detected,1.0023923642713022,2743.7359840618446,0.0005466998314390987,unmatched,unmatched,False,False,False,False,postlaunch_descriptive,False,none
9000000000003247039,confirmed,13.076402959853716,2743.7361872489564,0.0005466997909532968,direct,direct,False,False,False,False,postlaunch_descriptive,False,none
9000000000003248951,not_detected,1.0030118605825031,2743.7362489430234,0.0005466997786605214,unmatched,unscored,,,,,postlaunch_descriptive,False,none
9000000000003340360,candidate,1112.5438768079125,2167.0142566207796,0.0006921966458767489,unmatched,unmatched,False,False,False,False,postlaunch_descriptive,False,none
9000000000003426991,missing,,,,unscored,unscored,,,,,postlaunch_descriptive,False,none
9000000000003444098,confirmed,16.03870391489014,2167.014254046604,0.0006921966466990027,unmatched,unscored,,,,,postlaunch_descriptive,False,none
9000000000003455863,missing,,,,unscored,unscored,,,,,postlaunch_descriptive,False,none
9000000000003456100,not_detected,1.003011877836416,2743.7362017449923,0.0005466997880649069,unmatched,unscored,,,,,postlaunch_descriptive,False,none
9000000000003456605,confirmed,14.227898337227074,2743.736219836399,0.000546699784460126,direct,direct,False,False,False,False,postlaunch_descriptive,False,none
9000000000003529242,not_detected,1070.625227587837,2142.137644787319,0.0007002351149797037,unmatched,unmatched,False,False,False,False,postlaunch_descriptive,False,none
9000000000003539869,not_detected,1106.9317255372891,2167.0142675298266,0.0006921966423921361,unmatched,unmatched,False,False,False,False,postlaunch_descriptive,False,none
9000000000003647114,confirmed,45.93168205191503,2743.735791290179,0.000546699869849589,unmatched,unscored,,,,,postlaunch_descriptive,False,none
9000000000003648131,candidate,4.002230059283239,2539.9839213192463,0.0005905549194267784,unmatched,unmatched,False,False,False,False,postlaunch_descriptive,False,none
9000000000003655115,not_detected,1.0026110032818352,2743.7360960487276,0.0005466998091252872,unmatched,unmatched,False,False,False,False,postlaunch_descriptive,False,none
9000000000003657237,missing,,,,unscored,unscored,,,,,postlaunch_descriptive,False,none
9000000000003748250,confirmed,11.08357451209505,2743.735783687327,0.0005466998713644864,unmatched,ambiguous,False,False,False,False,postlaunch_descriptive,False,none
9000000000003749833,confirmed,2.000046766604109,2743.7358423960395,0.0005466998596665507,unmatched,harmonic,False,True,False,False,postlaunch_descriptive,False,none
9000000000003757814,not_detected,26.419231361649892,2743.736144618597,0.000546699799447557,unmatched,unmatched,False,False,False,False,postlaunch_descriptive,False,none
9000000000003762741,confirmed,0.9661642718624156,2743.7363160718232,0.0005466997652848556,unmatched,unmatched,False,False,False,False,postlaunch_descriptive,False,none
9000000000003763579,confirmed,7.134942127129132,2743.7363402801566,0.0005466997604612543,unmatched,ambiguous,False,False,False,False,postlaunch_descriptive,False,none
9000000000003833853,confirmed,1.6003121776051623,2746.6515980511904,0.0005461195009459092,unmatched,unmatched,False,False,False,False,postlaunch_descriptive,False,none
9000000000003852644,not_detected,1.4334238343679375,2539.932651256211,0.0005905668401318135,unmatched,unmatched,False,False,False,False,postlaunch_descriptive,False,none
9000000000003865358,not_detected,1.0026473773167262,2743.7362947701477,0.0005466997695292944,unmatched,unmatched,False,False,False,False,postlaunch_descriptive,False,none
9000000000003868588,confirmed,0.99733600017096,2761.657053919509,0.0005431521621669535,unmatched,unmatched,False,False,False,False,postlaunch_descriptive,False,none
9000000000003869794,confirmed,0.9661590538431506,2761.6570888473652,0.0005431521552974761,unmatched,unmatched,False,False,False,False,postlaunch_descriptive,False,none
9000000000003941524,confirmed,0.0338559811520809,2764.651822658722,0.0005425638005141182,unmatched,unscored,,,,,postlaunch_descriptive,False,none
9000000000003953144,confirmed,9.847133121346848,2764.652377957944,0.000542563691536491,unmatched,unscored,,,,,postlaunch_descriptive,False,none
9000000000003964082,candidate,0.997326232783678,2743.73611166561,0.0005466998060135642,unmatched,unmatched,False,False,False,False,postlaunch_descriptive,False,none
9000000000003966434,not_detected,1.0026474123386795,2743.736198932864,0.000546699788625234,unmatched,unmatched,False,False,False,False,postlaunch_descriptive,False,none
9000000000003966950,confirmed,0.0605743361305083,2743.736219278071,0.0005466997845713749,unmatched,unmatched,False,False,False,False,postlaunch_descriptive,False,none
9000000000003973432,confirmed,0.9661228462551078,2761.657081542071,0.0005431521567342535,unmatched,unmatched,False,False,False,False,postlaunch_descriptive,False,none
9000000000004043227,confirmed,0.0338559815082817,2764.6517935716547,0.0005425638062224645,unmatched,unmatched,False,False,False,False,postlaunch_descriptive,False,none
9000000000004054968,candidate,1.0365136905510883,2764.6523399767466,0.0005425636989903101,unmatched,unmatched,False,False,False,False,postlaunch_descriptive,False,none
9000000000004071949,confirmed,2.0231900653933588,2743.736288029235,0.0005466997708724467,direct,ambiguous,False,False,False,False,postlaunch_descriptive,False,none
9000000000004072890,not_detected,1.0027202618720974,2743.736318705138,0.0005466997647601578,unmatched,unmatched,False,False,False,False,postlaunch_descriptive,False,none
9000000000004077275,confirmed,1.9689265434536989,2761.657116197981,0.0005431521499182617,unmatched,unmatched,False,False,False,False,postlaunch_descriptive,False,none
9000000000004079482,confirmed,0.9661590225583128,2761.657178271562,0.0005431521377098677,unmatched,unmatched,False,False,False,False,postlaunch_descriptive,False,none
9000000000004137903,candidate,3.9717088106297544,2746.6515094973147,0.000546119518553166,unmatched,unmatched,False,False,False,False,postlaunch_descriptive,False,none
9000000000004168579,not_detected,31.96167413845758,2743.73612659052,0.0005466998030397195,unmatched,unmatched,False,False,False,False,postlaunch_descriptive,False,none
9000000000004170639,confirmed,1.9688846216146176,2743.7361949477345,0.0005466997894192862,unmatched,unmatched,False,False,False,False,postlaunch_descriptive,False,none
9000000000004178654,confirmed,0.0338926943026575,2761.6571041583084,0.0005431521522861784,unmatched,unmatched,False,False,False,False,postlaunch_descriptive,False,none
9000000000004180375,confirmed,0.9661590321872986,2761.657150748186,0.0005431521431230597,unmatched,unmatched,False,False,False,False,postlaunch_descriptive,False,none
9000000000004243461,confirmed,0.0338594099264015,2746.651527659502,0.0005461195149419598,unmatched,unmatched,False,False,False,False,postlaunch_descriptive,False,none
9000000000004253413,confirmed,0.96616136062062,2764.6520642102696,0.0005425637531095541,unmatched,unmatched,False,False,False,False,postlaunch_descriptive,False,none
9000000000004274480,candidate,2.9685434384669622,2743.736168538686,0.0005466997946813888,unmatched,unmatched,False,False,False,False,postlaunch_descriptive,False,none
9000000000004377815,confirmed,31.502044448112574,2743.7362086884677,0.0005466997866813933,unmatched,unscored,,,,,postlaunch_descriptive,False,none
9000000000004380834,not_detected,2.0020145476754108,2743.736306201201,0.0005466997672516141,unmatched,unmatched,False,False,False,False,postlaunch_descriptive,False,none
9000000000004381016,not_detected,1.002610924074065,2743.7363128080033,0.000546699765935184,unmatched,unmatched,False,True,False,False,postlaunch_descriptive,False,none
9000000000004456107,confirmed,0.9661975265901837,2764.6520783663727,0.0005425637503314149,unmatched,unmatched,False,False,False,False,postlaunch_descriptive,False,none
9000000000004473083,not_detected,1.0030119215155078,2743.7360822609626,0.0005466998118725516,unmatched,unmatched,False,False,False,False,postlaunch_descriptive,False,none
9000000000004476011,candidate,2.90301233150058,2743.7361920825206,0.0005466997899901909,unmatched,unmatched,False,False,False,False,postlaunch_descriptive,False,none
9000000000004476186,candidate,17.030937621359723,2743.7361957919784,0.0005466997892510674,unmatched,unmatched,False,False,False,False,postlaunch_descriptive,False,none
9000000000004481700,confirmed,0.9661228537000004,2761.6570602608845,0.0005431521609197559,unmatched,unmatched,False,False,False,False,postlaunch_descriptive,False,none
9000000000004484271,confirmed,7.196874567139045,2761.6571352723986,0.0005431521461667783,unmatched,ambiguous,False,False,False,False,postlaunch_descriptive,False,none
9000000000004562615,confirmed,1.0014448240459357,2743.7357845627703,0.000546699871190051,unmatched,unmatched,False,False,False,False,postlaunch_descriptive,False,none
9000000000004575908,not_detected,22.835213492722342,2740.7407432361506,0.00054729729679899,unmatched,unmatched,False,False,False,False,postlaunch_descriptive,False,none
9000000000004580484,confirmed,0.9661590456251318,2761.657112337649,0.000543152150677497,unmatched,unmatched,False,False,False,False,postlaunch_descriptive,False,none
9000000000004585982,confirmed,0.9661227785010672,2761.657275216654,0.0005431521186430796,unmatched,harmonic,False,False,False,False,postlaunch_descriptive,False,none
9000000000004588073,confirmed,0.9661589689811364,2761.6573314159177,0.0005431521075900251,unmatched,unmatched,False,False,False,False,postlaunch_descriptive,False,none
9000000000004649462,confirmed,0.0677481233629529,2764.6522250743583,0.0005425637215399329,unmatched,unmatched,False,False,False,False,postlaunch_descriptive,False,none
9000000000004658336,confirmed,16.53828995328504,2743.735907894559,0.0005466998466157204,direct,direct,False,False,False,False,postlaunch_descriptive,False,none
9000000000004661660,confirmed,20.866985443573785,2743.7360396315344,0.0005466998203666268,direct,direct,False,False,False,False,postlaunch_descriptive,False,none
9000000000004668676,confirmed,15.342567556669112,2740.7407426876016,0.0005472972969085295,unmatched,unscored,,,,,postlaunch_descriptive,False,none
9000000000004679562,confirmed,0.9661589799468016,2761.657300071791,0.000543152113754667,unmatched,unmatched,False,False,False,False,postlaunch_descriptive,False,none
9000000000004680002,confirmed,0.966158975478331,2761.6573128444143,0.0005431521112425967,unmatched,unmatched,False,False,False,False,postlaunch_descriptive,False,none
9000000000004737731,confirmed,0.9661975315627188,2764.652064138092,0.000542563753123719,unmatched,unmatched,False,False,False,False,postlaunch_descriptive,False,none
9000000000004752731,confirmed,1.7422594526224884,2743.736010618042,0.0005466998261476753,direct,ambiguous,False,False,False,False,postlaunch_descriptive,False,none
9000000000004756040,confirmed,19.807626295350307,2743.736134236213,0.0005466998015162863,direct,direct,False,False,False,False,postlaunch_descriptive,False,none
9000000000004764008,confirmed,0.966195264133462,2761.65708842827,0.0005431521553799022,unmatched,unmatched,False,False,False,False,postlaunch_descriptive,False,none
9000000000004768611,not_detected,1.0024777767681283,2761.657229874283,0.0005431521275608426,unmatched,unmatched,False,False,False,False,postlaunch_descriptive,False,none
9000000000004768919,not_detected,1.0025501934954004,2761.6572396708652,0.0005431521256340885,unmatched,unmatched,False,False,False,False,postlaunch_descriptive,False,none
9000000000004769505,confirmed,0.9661589952584294,2761.6572563052177,0.0005431521223625081,unmatched,window_alias,False,False,False,False,postlaunch_descriptive,False,none
9000000000004774208,not_detected,1.002006985378579,2761.657393989619,0.0005431520952832713,unmatched,unmatched,False,False,False,False,postlaunch_descriptive,False,none
9000000000004851881,confirmed,0.9661590622255464,2761.65706488723,0.000543152160009864,unmatched,unmatched,False,False,False,False,postlaunch_descriptive,False,none
9000000000004852661,confirmed,0.966195263813168,2761.65708934376,0.0005431521551998471,unmatched,unmatched,False,False,False,False,postlaunch_descriptive,False,none
9000000000004902475,confirmed,12.881067335827248,2746.6512733455747,0.000546119565507461,unmatched,unscored,,,,,postlaunch_descriptive,False,none
9000000000004903473,not_detected,0.0340050440428171,2746.6513462648727,0.0005461195510088406,unmatched,unmatched,False,False,False,False,postlaunch_descriptive,False,none
9000000000004919344,confirmed,1.4237233550352588,2764.6522662420757,0.0005425637134607577,unmatched,direct,False,False,False,False,postlaunch_descriptive,False,none
9000000000004927495,confirmed,10.799691017079574,2743.735904401168,0.0005466998473117919,direct,ambiguous,False,False,False,False,postlaunch_descriptive,False,none
9000000000004927985,confirmed,20.016831616220795,2743.735924495384,0.0005466998433079428,unmatched,direct,False,False,False,False,postlaunch_descriptive,False,none
9000000000004930550,candidate,0.0079453707495286,2743.736030353699,0.0005466998222152708,unmatched,unmatched,False,False,False,False,postlaunch_descriptive,False,none
9000000000004937872,confirmed,17.983625516124324,2725.7851847531274,0.0005503001514537376,unmatched,direct,False,False,False,False,postlaunch_descriptive,False,none
9000000000004940217,confirmed,0.9661590615787916,2761.6570667359047,0.0005431521596462737,unmatched,unmatched,False,False,False,False,postlaunch_descriptive,False,none
9000000000004945346,confirmed,0.9661590061638184,2761.6572251333855,0.0005431521284932642,unmatched,unmatched,False,False,False,False,postlaunch_descriptive,False,none
9000000000004947130,confirmed,0.9661589842855958,2761.6572876698337,0.0005431521161938362,unmatched,unmatched,False,False,False,False,postlaunch_descriptive,False,none
9000000000004951447,not_detected,2.002565544786202,2761.657422099728,0.0005431520897546837,unmatched,unmatched,False,False,False,False,postlaunch_descriptive,False,none
9000000000004952341,not_detected,1.0027311680566773,2761.657449390739,0.0005431520843871934,unmatched,unmatched,False,False,False,False,postlaunch_descriptive,False,none
9000000000004995588,confirmed,23.74917085216838,2746.6516791698523,0.0005461194848170044,unmatched,unscored,,,,,postlaunch_descriptive,False,none
9000000000004999763,confirmed,0.966197575390195,2764.6519387313165,0.0005425637777348354,unmatched,unscored,,,,,postlaunch_descriptive,False,none
9000000000004999789,confirmed,0.9661975748529886,2764.6519402684644,0.0005425637774331697,unmatched,unscored,,,,,postlaunch_descriptive,False,none
9000000000005018191,confirmed,10.45005769644883,2743.736047480721,0.0005466998188026467,unmatched,unscored,,,,,postlaunch_descriptive,False,none
9000000000005019234,confirmed,33.62794276107771,2743.736084468197,0.0005466998114327517,unmatched,unmatched,False,False,False,True,postlaunch_descriptive,False,none
9000000000005020065,not_detected,0.9660914495066998,2743.736114581581,0.000546699805432546,unmatched,unmatched,False,False,False,False,postlaunch_descriptive,False,none
9000000000005023338,confirmed,20.807076053796997,2740.740690934006,0.0005472973072431822,unmatched,unmatched,False,False,False,False,postlaunch_descriptive,False,none
9000000000005027750,confirmed,0.0338202744598206,2761.657067891676,0.000543152159418961,unmatched,unscored,,,,,postlaunch_descriptive,False,none
9000000000005089352,confirmed,910.7360095604575,2764.6520199570805,0.0005425637617942552,unmatched,unscored,,,,,postlaunch_descriptive,False,none
9000000000005108514,confirmed,7.002750688335594,2743.7361195799895,0.0005466998044365942,unmatched,ambiguous,False,False,False,False,postlaunch_descriptive,False,none
9000000000005112836,not_detected,2.0001892000253467,2740.740725892596,0.0005472973002623167,unmatched,unscored,,,,,postlaunch_descriptive,False,none
9000000000005168634,confirmed,2.0164917156604445,2746.651502203662,0.0005461195200033704,unmatched,unscored,,,,,postlaunch_descriptive,False,none
9000000000005177020,confirmed,0.0338559786295928,2764.6520286430605,0.0005425637600896292,unmatched,unmatched,False,False,False,False,postlaunch_descriptive,False,none
9000000000005206767,confirmed,0.9661590226022984,2761.6571781458333,0.0005431521377345955,unmatched,unmatched,False,False,False,False,postlaunch_descriptive,False,none
9000000000005212696,confirmed,0.9661589594446848,2761.657358674798,0.0005431521022288537,unmatched,unmatched,False,False,False,False,postlaunch_descriptive,False,none
9000000000005220979,confirmed,1.0058423147376123,2763.653864298947,0.0005427597208815089,unmatched,unmatched,False,False,False,False,postlaunch_descriptive,False,none
9000000000005271224,not_detected,31.471780854552552,2167.0143267451786,0.0006921966234773244,unmatched,unmatched,False,False,False,False,postlaunch_descriptive,False,none
9000000000005272590,not_detected,29.026573230972307,2167.0143250972033,0.0006921966240037274,unmatched,unmatched,False,False,False,False,postlaunch_descriptive,False,none
9000000000005284701,not_detected,21.223679476366215,2740.7405989510007,0.0005472973256112288,unmatched,unscored,,,,,postlaunch_descriptive,False,none
9000000000005286485,confirmed,10.090666481577337,2740.7406686656177,0.0005472973116899468,unmatched,unscored,,,,,postlaunch_descriptive,False,none
9000000000005295005,candidate,4.67501904411709,2761.657199289184,0.0005431521335762024,unmatched,unmatched,False,False,False,False,postlaunch_descriptive,False,none
9000000000005295234,confirmed,1.9689264797178752,2761.657205595169,0.0005431521323359655,unmatched,unmatched,False,False,False,False,postlaunch_descriptive,False,none
9000000000005296692,missing,,,,unscored,unscored,,,,,postlaunch_descriptive,False,none
9000000000005299904,confirmed,208.4941048845208,2761.657345739659,0.000543152104772887,unmatched,unmatched,False,False,False,False,postlaunch_descriptive,False,none
9000000000005300719,not_detected,0.6957969692531787,2167.011451082304,0.0006921975420345987,unmatched,unmatched,False,False,False,False,postlaunch_descriptive,False,none
9000000000005302643,not_detected,20.912303669660908,2167.016160239931,0.0006921960378153897,unmatched,unmatched,False,False,False,False,postlaunch_descriptive,False,none
9000000000005305709,not_detected,28.21195643412275,2001.7115839472972,0.0007493587048350185,unmatched,unmatched,False,False,False,False,postlaunch_descriptive,False,none
9000000000005307209,missing,,,,unscored,unscored,,,,,postlaunch_descriptive,False,none
9000000000005309547,confirmed,14.94895599302269,2001.7116923728024,0.0007493586642449593,direct,direct,False,False,False,False,postlaunch_descriptive,False,none
9000000000005310172,not_detected,31.830058073679435,2001.711710751988,0.0007493586573645469,unmatched,unmatched,False,False,False,False,postlaunch_descriptive,False,none
9000000000005358323,not_detected,21.202351682306283,2167.014333525207,0.0006921966213116198,unmatched,unmatched,False,False,False,False,postlaunch_descriptive,False,none
9000000000005373377,not_detected,2.0076958813169568,2167.0114684631117,0.000692197536482735,unmatched,ambiguous,False,False,False,False,postlaunch_descriptive,False,none
9000000000005376614,not_detected,1.9725783958942311,2167.0114652463235,0.0006921975375102574,unmatched,unmatched,False,False,False,False,postlaunch_descriptive,False,none
9000000000005384653,not_detected,27.045068190979432,2167.016166723799,0.0006921960357442895,unmatched,unmatched,False,False,False,False,postlaunch_descriptive,False,none
9000000000005385754,missing,,,,unscored,unscored,,,,,postlaunch_descriptive,False,none
9000000000005390069,not_detected,348.41087052449467,2167.0161633715034,0.0006921960368150917,unmatched,unmatched,False,False,False,False,postlaunch_descriptive,False,none
9000000000005390357,not_detected,24.82621075138847,2167.0161644378677,0.0006921960364744699,unmatched,unscored,,,,,postlaunch_descriptive,False,none
9000000000005391338,not_detected,3.1838253455429513,2001.711560253054,0.0007493587137051713,unmatched,unmatched,False,False,False,False,postlaunch_descriptive,False,none
9000000000005397516,not_detected,36.024767701913056,2001.7117277947257,0.0007493586509844459,unmatched,unmatched,False,False,False,False,postlaunch_descriptive,False,none
9000000000005430471,candidate,0.0338198139375528,2764.6515197465196,0.0005425638599607409,unmatched,unmatched,False,False,False,False,postlaunch_descriptive,False,none
9000000000005435620,confirmed,9.139161597447211,2764.651848048903,0.000542563795531287,direct,ambiguous,False,False,False,False,postlaunch_descriptive,False,none
9000000000005443410,candidate,0.9661974686498596,2764.652244155295,0.000542563717795294,unmatched,unmatched,False,False,False,False,postlaunch_descriptive,False,none
9000000000005459805,confirmed,1.9688912342362688,2764.6524629439227,0.0005425636748579727,unmatched,unmatched,False,False,False,False,postlaunch_descriptive,False,none
9000000000005462692,not_detected,0.999254192276582,2167.016177401878,0.0006921960323334594,unmatched,unmatched,False,False,False,False,postlaunch_descriptive,False,none
9000000000005475187,not_detected,35.86992161203146,2167.0161658208817,0.0006921960360327026,unmatched,unmatched,False,False,False,False,postlaunch_descriptive,False,none
9000000000005476273,confirmed,13.582495494034202,2761.657459520269,0.0005431520823949567,direct,direct,False,False,False,False,postlaunch_descriptive,False,none
9000000000005481482,confirmed,0.9359167370835216,2763.7073871125467,0.0005427492096285791,unmatched,ambiguous,False,False,False,False,postlaunch_descriptive,False,none
9000000000005482510,confirmed,1.001408464257354,2763.7074168855324,0.000542749203781627,unmatched,unmatched,False,False,False,False,postlaunch_descriptive,False,none
9000000000005511363,confirmed,5.316894729852186,2771.7306339088827,0.0005411781295228527,unmatched,direct,False,False,False,False,postlaunch_descriptive,False,none
9000000000005529323,confirmed,0.9661974589355566,2764.6522719515488,0.0005425637123402722,unmatched,unscored,,,,,postlaunch_descriptive,False,none
9000000000005534340,confirmed,6.0199257713909935,2764.652029281482,0.0005425637599643387,unmatched,unscored,,,,,postlaunch_descriptive,False,none
9000000000005541836,not_detected,1.002657714980881,2764.652342053596,0.0005425636985827279,unmatched,unmatched,False,False,False,False,postlaunch_descriptive,False,none
9000000000005542211,confirmed,0.9661612585074104,2764.652356405277,0.000542563695766207,window_alias,window_alias,False,False,False,False,postlaunch_descriptive,False,none
9000000000005551220,confirmed,10.362618726736484,2761.6571404063143,0.0005431521451570594,direct,ambiguous,False,False,False,False,postlaunch_descriptive,False,none
9000000000005554685,confirmed,14.356741806229492,2761.657243344467,0.0005431521249115787,unmatched,unscored,,,,,postlaunch_descriptive,False,none
9000000000005561007,confirmed,0.5008948542196673,2761.657438375987,0.0005431520865535321,unmatched,unscored,,,,,postlaunch_descriptive,False,none
9000000000005567499,confirmed,0.966165954746431,2763.7074012826197,0.0005427492068457968,unmatched,unmatched,False,False,False,False,postlaunch_descriptive,False,none
9000000000005609486,confirmed,0.9661975575928956,2764.651989656035,0.0005425637677408443,unmatched,unscored,,,,,postlaunch_descriptive,False,none
9000000000005617102,confirmed,0.0336751145507776,2764.6528079248965,0.0005425636071553865,unmatched,window_alias,False,False,False,False,postlaunch_descriptive,False,none
9000000000005618126,confirmed,0.9661610842488996,2764.652855042834,0.0005425635979084832,unmatched,unmatched,False,False,False,False,postlaunch_descriptive,False,none
9000000000005631648,confirmed,0.7114094855733903,2764.6524819876067,0.0005425636711206454,unmatched,unmatched,False,False,False,False,postlaunch_descriptive,False,none
9000000000005648562,not_detected,1.0022966351972256,2761.657480228226,0.000543152078322196,unmatched,unmatched,False,False,False,False,postlaunch_descriptive,False,none
9000000000005649964,confirmed,1.9689262554352296,2761.6575201787055,0.0005431520704648908,unmatched,unmatched,False,False,False,False,postlaunch_descriptive,False,none
9000000000005651327,not_detected,3.00547762632008,2761.6575572923757,0.0005431520631655185,unmatched,unmatched,False,False,False,False,postlaunch_descriptive,False,none
9000000000005705575,confirmed,26.667723397026652,2764.652944023721,0.0005425635804459693,unmatched,unmatched,False,False,False,False,postlaunch_descriptive,False,none
9000000000005707205,confirmed,9.649026102173874,2764.6520713618957,0.0005425637517060455,unmatched,unscored,,,,,postlaunch_descriptive,False,none
9000000000005716472,confirmed,12.638116543619525,2764.6524606263265,0.0005425636753128015,unmatched,direct,False,False,False,False,postlaunch_descriptive,False,none
9000000000005717449,confirmed,2.96890838879313,2764.652500219643,0.0005425636675426042,unmatched,unscored,,,,,postlaunch_descriptive,False,none
9000000000005721610,candidate,0.9500455354922124,2761.657101667952,0.0005431521527759722,unmatched,unmatched,False,False,False,False,postlaunch_descriptive,False,none
9000000000005722737,not_detected,1.0025502309967034,2761.6571363685653,0.0005431521459511884,unmatched,unmatched,False,False,False,False,postlaunch_descriptive,False,none
9000000000005724523,confirmed,0.0338926932279931,2761.6571917245165,0.0005431521350639922,unmatched,unmatched,False,False,False,False,postlaunch_descriptive,False,none
9000000000005725312,confirmed,9.305209876945144,2761.657215671148,0.0005431521303542607,unmatched,direct,False,False,False,False,postlaunch_descriptive,False,none
9000000000005725443,confirmed,2.008250683809218,2761.6572197452188,0.0005431521295529881,unmatched,unmatched,False,False,False,False,postlaunch_descriptive,False,none
9000000000005727773,candidate,10.092164623839237,2761.6572894742712,0.0005431521158389464,unmatched,direct,False,False,False,False,postlaunch_descriptive,False,none
9000000000005728217,confirmed,18.47774521517545,2761.657302109059,0.000543152113353985,unmatched,direct,False,False,False,False,postlaunch_descriptive,False,none
9000000000005728843,confirmed,10.791237492489588,2761.657318796031,0.0005431521100720556,direct,ambiguous,False,False,False,False,postlaunch_descriptive,False,none
9000000000005734003,not_detected,1.0022966380937823,2761.657472247258,0.0005431520798918619,unmatched,unmatched,False,False,False,False,postlaunch_descriptive,False,none
9000000000005735248,confirmed,1.9688900522958277,2761.6575103621,0.0005431520723955827,unmatched,unmatched,False,False,False,False,postlaunch_descriptive,False,none
9000000000005737104,candidate,0.997299606471366,2761.6575622092932,0.0005431520621984783,unmatched,unmatched,False,False,False,False,postlaunch_descriptive,False,none
9000000000005771101,confirmed,0.0995423879964243,2764.651376556139,0.0005425638880619063,unmatched,unscored,,,,,postlaunch_descriptive,False,none
9000000000005788165,confirmed,0.0338559691245944,2764.6528048138134,0.0005425636077659372,unmatched,unscored,,,,,postlaunch_descriptive,False,none
9000000000005791884,candidate,2.420630121109115,2764.65203900449,0.0005425637580561956,unmatched,unscored,,,,,postlaunch_descriptive,False,none
9000000000005806877,confirmed,2.0687217135637095,2761.657096042298,0.0005431521538824043,unmatched,unmatched,False,False,False,False,postlaunch_descriptive,False,none
9000000000005808231,confirmed,1.968998947748624,2761.657138627488,0.0005431521455069122,unmatched,unmatched,False,False,False,False,postlaunch_descriptive,False,none
9000000000005809732,not_detected,0.0022450288283782,2761.6571874842048,0.0005431521358979604,unmatched,unscored,,,,,postlaunch_descriptive,False,none
9000000000005816288,confirmed,1.9931147203471344,2761.657391723711,0.0005431520957289212,unmatched,unmatched,False,False,False,False,postlaunch_descriptive,False,none
9000000000005819178,confirmed,1.9688900794799635,2761.6574722323567,0.0005431520798947926,unmatched,unmatched,False,False,False,False,postlaunch_descriptive,False,none
9000000000005880352,confirmed,0.0062281457222503,2761.656641807873,0.0005431522432195082,unmatched,unmatched,False,False,False,False,postlaunch_descriptive,False,none
9000000000005880445,not_detected,1265.8183751005515,2167.0115001979284,0.0006921975263458429,unmatched,unscored,,,,,postlaunch_descriptive,False,none
9000000000005891196,confirmed,19.90710601642098,2761.6570663084276,0.0005431521597303483,unmatched,unscored,,,,,postlaunch_descriptive,False,none
9000000000005891975,confirmed,2.6531534344749463,2761.65709257219,0.0005431521545648919,direct,direct,False,False,False,False,postlaunch_descriptive,False,none
9000000000005900260,not_detected,1110.4178318980107,2761.657358622644,0.0005431521022391111,unmatched,unmatched,False,False,False,False,postlaunch_descriptive,False,none
9000000000005904699,not_detected,2.0031086450058817,2761.6574936122634,0.0005431520756898756,unmatched,unmatched,False,False,False,False,postlaunch_descriptive,False,none
9000000000005904928,not_detected,2.0031086405430933,2761.657499765046,0.0005431520744797701,unmatched,unmatched,False,False,False,False,postlaunch_descriptive,False,none
9000000000005950759,confirmed,14.221428071976575,2764.652030795347,0.0005425637596672423,unmatched,unscored,,,,,postlaunch_descriptive,False,none
9000000000005966212,not_detected,40.32955667836802,2764.6522596119903,0.0005425637147619136,unmatched,unscored,,,,,postlaunch_descriptive,False,none
9000000000005976681,confirmed,2.1539603828183376,2761.657107275445,0.0005431521516731119,direct,direct,False,False,False,False,postlaunch_descriptive,False,none
9000000000005977984,confirmed,14.680352333527347,2761.6571509260684,0.0005431521430880745,unmatched,direct,False,False,False,False,postlaunch_descriptive,False,none
9000000000005978805,candidate,2.0002482728954782,2761.6571776880883,0.000543152137824623,unmatched,unscored,,,,,postlaunch_descriptive,False,none
9000000000005980555,confirmed,1.8593183604700845,2761.657233730424,0.0005431521268024317,unmatched,ambiguous,False,False,False,False,postlaunch_descriptive,False,none
9000000000005982378,confirmed,15.671893891692582,2761.657289100345,0.0005431521159124887,direct,direct,False,False,False,False,postlaunch_descriptive,False,none
9000000000005990706,confirmed,0.96608647420074,2761.657544380054,0.0005431520657050638,unmatched,unscored,,,,,postlaunch_descriptive,False,none
9000000000006041680,confirmed,0.0054618067786674,2764.6529091759585,0.0005425635872848483,unmatched,unmatched,False,False,False,False,postlaunch_descriptive,False,none
9000000000006058006,not_detected,0.0023536593385163,2761.6570901451632,0.0005431521550422302,unmatched,unmatched,False,False,False,False,postlaunch_descriptive,False,none
9000000000006061584,not_detected,1.0029847260733609,2761.6572097204626,0.0005431521315246186,unmatched,unmatched,False,False,False,False,postlaunch_descriptive,False,none
9000000000006065351,confirmed,2.0043036939319347,2761.6573360404,0.0005431521066804997,unmatched,unmatched,False,False,False,False,postlaunch_descriptive,False,none
9000000000006107117,confirmed,1.9030246033219895,2764.651592426002,0.0005425638456973665,unmatched,unscored,,,,,postlaunch_descriptive,False,none
9000000000006116172,not_detected,0.9644586017920564,2142.134453631472,0.000700236158125888,unmatched,unmatched,False,False,False,False,postlaunch_descriptive,False,none
9000000000006127239,not_detected,1.0026577795988658,2764.652163880877,0.0005425637335491698,unmatched,unmatched,False,False,False,False,postlaunch_descriptive,False,none
9000000000006130261,confirmed,0.9970874115230404,2764.652294415515,0.0005425637079317132,unmatched,unscored,,,,,postlaunch_descriptive,False,none
9000000000006130500,confirmed,16.96889693137815,2764.6523041371256,0.0005425637060238446,direct,ambiguous,False,False,False,False,postlaunch_descriptive,False,none
9000000000006139591,confirmed,29.95886052054418,2761.6571045238525,0.0005431521522142846,unmatched,unmatched,False,False,False,False,postlaunch_descriptive,False,none
9000000000006141503,not_detected,0.0338202732521112,2761.6571665094234,0.0005431521400231999,unmatched,unmatched,False,False,False,False,postlaunch_descriptive,False,none
9000000000006154326,not_detected,2.996192773301237,2763.7073534745723,0.0005427492162345548,unmatched,unscored,,,,,postlaunch_descriptive,False,none
9000000000006211901,not_detected,1.0025130446050003,2764.6523054391146,0.0005425637057683289,unmatched,unscored,,,,,postlaunch_descriptive,False,none
9000000000006220010,confirmed,1173.4464624979255,2167.011497505475,0.0006921975272058797,unmatched,unmatched,False,False,False,False,postlaunch_descriptive,False,none
9000000000006224312,candidate,20.57393842604743,2752.6280494891107,0.0005449337771147107,direct,direct,False,False,False,False,postlaunch_descriptive,False,none
9000000000006226293,not_detected,1.0025691403815278,2752.628111962229,0.0005449337647469985,unmatched,unmatched,False,False,False,False,postlaunch_descriptive,False,none
9000000000006230529,not_detected,4.2981073333289626,2761.657417895738,0.0005431520905815082,unmatched,unscored,,,,,postlaunch_descriptive,False,none
9000000000006230921,confirmed,2.0040139449141368,2761.6574296029285,0.0005431520882789834,unmatched,unmatched,False,False,False,False,postlaunch_descriptive,False,none
9000000000006231538,confirmed,12.27545437152583,2761.6574485939927,0.0005431520845438944,direct,direct,False,False,False,False,postlaunch_descriptive,False,none
9000000000006271512,confirmed,10.298873940355865,2764.65176337678,0.0005425638121482184,unmatched,unscored,,,,,postlaunch_descriptive,False,none
9000000000006290648,not_detected,1.00269391825621,2764.6522528240457,0.0005425637160940495,unmatched,unmatched,False,False,False,False,postlaunch_descriptive,False,none
9000000000006290877,not_detected,1.0025492312665738,2764.6522620124742,0.000542563714290818,unmatched,unscored,,,,,postlaunch_descriptive,False,none
9000000000006294556,confirmed,9.148491831956092,2764.652410974726,0.0005425636850569396,direct,ambiguous,False,False,False,False,postlaunch_descriptive,False,none
9000000000006310627,not_detected,1.002441496407207,2761.6574233230203,0.0005431520895140913,unmatched,unmatched,False,False,False,False,postlaunch_descriptive,False,none
9000000000006314475,confirmed,0.9661226858010088,2761.657540199347,0.0005431520665273089,unmatched,unmatched,False,False,False,False,postlaunch_descriptive,False,none
9000000000006357795,confirmed,0.0338921477240485,2764.6521773394197,0.0005425637309079272,unmatched,unmatched,False,False,False,False,postlaunch_descriptive,False,none
9000000000006366627,not_detected,1.002115233015754,2764.652116565965,0.0005425637428347342,unmatched,unscored,,,,,postlaunch_descriptive,False,none
9000000000006384854,candidate,1.969035061407633,2761.657273950521,0.0005431521188920978,unmatched,unscored,,,,,postlaunch_descriptive,False,none
9000000000006387257,confirmed,1271.8327892805569,2167.011496435385,0.000692197527547693,unmatched,unmatched,False,False,False,False,postlaunch_descriptive,False,none
9000000000006388443,not_detected,1.9932595574378136,2761.65739652887,0.0005431520947838612,unmatched,unmatched,False,False,False,False,postlaunch_descriptive,False,none
9000000000006389098,not_detected,811.1354310974039,2761.6574151278473,0.0005431520911258862,unmatched,unmatched,False,False,False,False,postlaunch_descriptive,False,none
9000000000006441436,confirmed,15.7975709879363,2764.652871846687,0.0005425635946107241,unmatched,direct,False,False,False,False,postlaunch_descriptive,False,none
9000000000006445601,confirmed,13.06790089288535,2764.652127081062,0.0005425637407711436,direct,direct,False,False,False,False,postlaunch_descriptive,False,none
9000000000006448173,candidate,0.0198216611720957,2764.652242020238,0.0005425637182142996,unmatched,unmatched,False,False,False,False,postlaunch_descriptive,False,none
9000000000006467349,candidate,18.76793259865001,2761.6574029964395,0.0005431520935118446,unmatched,unscored,,,,,postlaunch_descriptive,False,none
9000000000006470922,not_detected,2.0030724224919583,2761.6575106745586,0.0005431520723341296,unmatched,unmatched,False,False,False,False,postlaunch_descriptive,False,none
9000000000006520969,confirmed,0.0338559682196145,2764.652878713794,0.0005425635932630532,unmatched,unmatched,False,False,False,False,postlaunch_descriptive,False,none
9000000000006522144,confirmed,0.033892138487224,2764.652930806391,0.0005425635830398725,unmatched,unmatched,False,False,False,False,postlaunch_descriptive,False,none
9000000000006532022,confirmed,0.0748737883818812,2764.652416734025,0.0005425636839266758,unmatched,unscored,,,,,postlaunch_descriptive,False,none
9000000000006541245,confirmed,1.2812596706979622,2761.6572041735053,0.0005431521326155729,unmatched,unscored,,,,,postlaunch_descriptive,False,none
9000000000006547396,confirmed,0.4884747835075056,2761.657398798503,0.0005431520943374785,unmatched,unscored,,,,,postlaunch_descriptive,False,none
9000000000006586020,not_detected,1132.8217247009031,2142.1318207313307,0.0007002370187880853,unmatched,unscored,,,,,postlaunch_descriptive,False,none
9000000000006586333,not_detected,1.9861986356437675,2147.01587417908,0.0006986441125282927,unmatched,unscored,,,,,postlaunch_descriptive,False,none
9000000000006595315,confirmed,0.0338559791179603,2764.651988763362,0.0005425637679160316,unmatched,unmatched,False,False,False,False,postlaunch_descriptive,False,none
9000000000006604303,confirmed,0.0338921392956282,2764.6528648631647,0.0005425635959812415,unmatched,unmatched,False,False,False,False,postlaunch_descriptive,False,none
9000000000006627367,confirmed,1.9689626613077145,2761.6572456425056,0.0005431521244596093,unmatched,unmatched,False,False,False,False,postlaunch_descriptive,False,none
9000000000006631188,candidate,1251.5852669023425,2167.0115076508373,0.0006921975239651978,unmatched,unmatched,False,False,False,False,postlaunch_descriptive,False,none
9000000000006635493,confirmed,13.204859849381895,2761.6574818631634,0.0005431520780006429,unmatched,direct,False,False,False,False,postlaunch_descriptive,False,none
9000000000006696050,missing,,,,unscored,unscored,,,,,postlaunch_descriptive,False,none
9000000000006707493,not_detected,0.0042003767149536,2761.6570577356033,0.0005431521614164186,unmatched,unmatched,False,False,False,False,postlaunch_descriptive,False,none
9000000000006719266,not_detected,1.9689625361228769,2761.6574212261476,0.0005431520899264961,unmatched,unmatched,False,False,False,False,postlaunch_descriptive,False,none
9000000000006720889,confirmed,13.945465881683331,2761.657468223013,0.0005431520806833348,direct,direct,False,False,False,False,postlaunch_descriptive,False,none
9000000000006721089,confirmed,9.470435871537006,2761.657473295927,0.0005431520796856137,direct,ambiguous,False,False,False,False,postlaunch_descriptive,False,none
9000000000006757160,confirmed,3.876401926161594,2764.65139687201,0.0005425638840749088,unmatched,harmonic,False,False,False,False,postlaunch_descriptive,False,none
9000000000006780873,not_detected,1.000234333570679,2764.652149190195,0.0005425637364322201,unmatched,unmatched,False,False,False,False,postlaunch_descriptive,False,none
9000000000006806724,confirmed,0.9689108879450392,2761.6574788163416,0.00054315207859988,unmatched,unscored,,,,,postlaunch_descriptive,False,none
9000000000006862840,not_detected,1.002585502441681,2764.651985540986,0.0005425637685484238,unmatched,unscored,,,,,postlaunch_descriptive,False,none
9000000000006871866,not_detected,2.00292813623775,2764.652360619046,0.0005425636949392539,unmatched,unmatched,False,False,False,False,postlaunch_descriptive,False,none
9000000000006891998,confirmed,14.000939773285031,2761.657476291526,0.0005431520790964509,unmatched,unscored,,,,,postlaunch_descriptive,False,none
9000000000006922830,not_detected,1114.1563806087752,2142.131937709637,0.0007002369805492919,unmatched,unmatched,False,False,False,False,postlaunch_descriptive,False,none
9000000000006936178,not_detected,1207.5911096351654,2142.1317542521283,0.0007002370405193342,unmatched,unscored,,,,,postlaunch_descriptive,False,none
9000000000006951231,not_detected,10.985491660878278,2142.1344375330955,0.0007002361633882399,unmatched,unmatched,False,False,False,False,postlaunch_descriptive,False,none
9000000000006955650,missing,,,,unscored,unscored,,,,,postlaunch_descriptive,False,none
9000000000006960727,candidate,1032.4819420841325,2167.0115336757153,0.0006921975156522028,unmatched,unscored,,,,,postlaunch_descriptive,False,none
9000000000006963490,confirmed,7.139925085794084,2167.011532205622,0.0006921975161217872,direct,ambiguous,False,False,False,False,postlaunch_descriptive,False,none
9000000000006964804,not_detected,1236.2190230331516,2167.011530166492,0.0006921975167731363,unmatched,unmatched,False,False,False,False,postlaunch_descriptive,False,none
9000000000006974847,not_detected,22.202558465291187,2167.0115214521065,0.0006921975195567282,unmatched,unscored,,,,,postlaunch_descriptive,False,none
9000000000007020707,confirmed,3.974304777849349,2752.6072134608403,0.0005449379020241893,unmatched,unmatched,False,False,False,False,postlaunch_descriptive,False,none
9000000000007021890,candidate,1077.567503144517,2142.13175070798,0.0007002370416778736,unmatched,unmatched,False,False,False,False,postlaunch_descriptive,False,none
9000000000007031107,not_detected,1.0025851977158406,2764.652825829573,0.0005425636036415906,unmatched,unscored,,,,,postlaunch_descriptive,False,none
9000000000007035099,confirmed,0.9972321792330772,2764.652061388828,0.0005425637536632629,unmatched,unmatched,False,False,False,False,postlaunch_descriptive,False,none
9000000000007035179,not_detected,0.0027128187649647,2764.6520648044534,0.0005425637529929454,unmatched,unmatched,False,False,False,False,postlaunch_descriptive,False,none
9000000000007045605,missing,,,,unscored,unscored,,,,,postlaunch_descriptive,False,none
9000000000007047356,not_detected,1006.3389782428044,2167.011537919286,0.0006921975142967005,unmatched,unmatched,False,False,False,False,postlaunch_descriptive,False,none
9000000000007051690,not_detected,1034.1405866337564,2167.011531825178,0.0006921975162433107,unmatched,unmatched,False,False,False,False,postlaunch_descriptive,False,none
9000000000007101676,candidate,4.008244547753202,2764.6516743125394,0.0005425638296271053,unmatched,unmatched,False,False,False,False,postlaunch_descriptive,False,none
9000000000007106877,confirmed,0.9661613926143632,2764.651972660795,0.0005425637710761652,unmatched,window_alias,False,False,False,False,postlaunch_descriptive,False,none
9000000000007124161,confirmed,4.686484500368143,2764.6522673834115,0.0005425637132367702,unmatched,unscored,,,,,postlaunch_descriptive,False,none
9000000000007124680,confirmed,0.9661974537325818,2764.6522868392058,0.0005425637094185657,unmatched,unscored,,,,,postlaunch_descriptive,False,none
9000000000007174372,not_detected,2.0024770408227948,2762.7283046036027,0.0005429415543687422,unmatched,window_alias,False,False,False,False,postlaunch_descriptive,False,none
9000000000007204794,not_detected,999.0728808382892,2167.0115552628413,0.0006921975087567366,unmatched,unscored,,,,,postlaunch_descriptive,False,none
9000000000007214475,not_detected,1.0020427301861925,2764.6525607598014,0.000542563655661585,unmatched,unmatched,False,False,False,False,postlaunch_descriptive,False,none
9000000000007219251,confirmed,0.626588645538837,2764.6527148769237,0.0005425636254160685,unmatched,ambiguous,False,False,False,False,postlaunch_descriptive,False,none
9000000000007219502,not_detected,2.0066299115903528,2202.000465794932,0.0006811987659859523,unmatched,unmatched,False,False,False,False,postlaunch_descriptive,False,none
9000000000007282228,confirmed,0.0338559673301453,2764.652951347176,0.0005425635790087401,unmatched,unscored,,,,,postlaunch_descriptive,False,none
9000000000007297189,candidate,0.9902510003221618,2764.652597280219,0.0005425636484944452,unmatched,unmatched,False,False,False,False,postlaunch_descriptive,False,none
9000000000007300184,confirmed,11.65980088241096,2764.6527007701807,0.0005425636281845195,direct,ambiguous,False,False,False,False,postlaunch_descriptive,False,none
9000000000007301435,not_detected,1.00255020238421,2761.657215185463,0.0005431521304497833,unmatched,unmatched,False,False,False,False,postlaunch_descriptive,False,none
9000000000007301640,candidate,0.422427515991,2761.657221270725,0.0005431521292529574,unmatched,unmatched,False,False,False,False,postlaunch_descriptive,False,none
9000000000007302192,candidate,0.6387469004623461,2761.657236572355,0.0005431521262434917,unmatched,unscored,,,,,postlaunch_descriptive,False,none
9000000000007337049,confirmed,0.4105723987356239,2762.72833608184,0.000542941548182523,direct,ambiguous,False,False,False,False,postlaunch_descriptive,False,none
9000000000007347529,confirmed,11.65014736419271,2764.6517244060524,0.0005425638197962366,unmatched,unscored,,,,,postlaunch_descriptive,False,none
9000000000007354531,confirmed,2.9988583233127626,2764.6521129552275,0.0005425637435433425,unmatched,unscored,,,,,postlaunch_descriptive,False,none
9000000000007381616,not_detected,1.0293645273387744,2199.0266226213425,0.0006821199818908649,unmatched,unscored,,,,,postlaunch_descriptive,False,none
9000000000007455624,confirmed,1.0055513570598626,2764.6524272300303,0.0005425636818668323,unmatched,unmatched,False,False,False,False,postlaunch_descriptive,False,none
9000000000007457355,candidate,0.7974239097112398,2764.652493048925,0.0005425636689498593,unmatched,unmatched,False,False,False,False,postlaunch_descriptive,False,none
9000000000007467185,not_detected,0.0027519707399964,2761.6572696589865,0.0005431521197361403,unmatched,unmatched,False,False,False,False,postlaunch_descriptive,False,none
9000000000007538543,candidate,1.005551358598749,2764.652422999032,0.0005425636826971667,unmatched,unscored,,,,,postlaunch_descriptive,False,none
9000000000007547573,not_detected,0.5011842161346032,2199.98947393801,0.0006818214440430845,unmatched,window_alias,False,False,False,False,postlaunch_descriptive,False,none
9000000000007595579,confirmed,0.0338559806025199,2764.651867535431,0.0005425637917070499,unmatched,unmatched,False,False,False,False,postlaunch_descriptive,False,none
9000000000007613422,confirmed,0.7846556462046413,2764.6522528612986,0.0005425637160867387,unmatched,unscored,,,,,postlaunch_descriptive,False,none
9000000000007621759,not_detected,1.002947001441642,2764.652564905584,0.0005425636548479743,unmatched,unmatched,False,False,False,False,postlaunch_descriptive,False,none
9000000000007621793,not_detected,2.3485410351470795,2764.6525663509965,0.0005425636545643117,unmatched,unmatched,False,False,False,False,postlaunch_descriptive,False,none
9000000000007687374,confirmed,0.8351502513183475,2764.6522243814543,0.0005425637216759155,unmatched,unscored,,,,,postlaunch_descriptive,False,none
9000000000007699276,not_detected,2.002276027008734,2761.6571968155913,0.0005431521340626992,unmatched,unmatched,False,False,False,False,postlaunch_descriptive,False,none
9000000000007750215,confirmed,0.966197272478164,2764.652805475984,0.000542563607635986,unmatched,unscored,,,,,postlaunch_descriptive,False,none
9000000000007750216,confirmed,0.9661611015508094,2764.6528055337258,0.0005425636076246543,unmatched,unscored,,,,,postlaunch_descriptive,False,none
9000000000007765585,not_detected,1.002585292773924,2764.6525637046434,0.0005425636550836591,unmatched,unmatched,False,False,False,False,postlaunch_descriptive,False,none
9000000000007819024,candidate,0.9661611089946014,2764.652784233447,0.0005425636118048378,unmatched,unmatched,False,False,False,False,postlaunch_descriptive,False,none
9000000000007838383,confirmed,2.195393293596002,2764.6527015022,0.0005425636280408606,unmatched,unmatched,False,False,False,False,postlaunch_descriptive,False,none
9000000000007841434,not_detected,1.0002340954187283,2764.6528074434027,0.0005425636072498799,unmatched,unmatched,False,False,False,False,postlaunch_descriptive,False,none
9000000000007881851,candidate,3.3319348975251812,2204.99506321596,0.0006802736319111151,unmatched,unscored,,,,,postlaunch_descriptive,False,none
9000000000007899980,confirmed,43.17931585473377,2764.6524183386937,0.0005425636836117592,unmatched,unmatched,False,False,False,False,postlaunch_descriptive,False,none
9000000000007901718,not_detected,0.0592535363954514,2539.9327897592448,0.0005905668079280878,unmatched,unmatched,False,False,False,False,postlaunch_descriptive,False,none
9000000000007904642,confirmed,0.9661973400592064,2764.652612101286,0.0005425636455858078,unmatched,unmatched,False,False,False,False,postlaunch_descriptive,False,none
9000000000007909392,candidate,0.9661972787299988,2764.65278758714,0.000542563611146675,unmatched,unmatched,False,False,False,False,postlaunch_descriptive,False,none
9000000000007915386,not_detected,1.000270200315809,2764.6529898890294,0.0005425635714448953,unmatched,unmatched,False,False,False,False,postlaunch_descriptive,False,none
9000000000007917485,confirmed,15.38300678809624,2764.706574329175,0.0005425530556941501,direct,direct,False,False,False,False,postlaunch_descriptive,False,none
9000000000007918737,not_detected,1.0025656920217023,2764.706614297349,0.0005425530478506941,unmatched,unmatched,False,False,False,False,postlaunch_descriptive,False,none
9000000000007937494,confirmed,0.9661826030830466,2762.7282787770964,0.0005429415594442625,unmatched,unmatched,False,False,False,False,postlaunch_descriptive,False,none
9000000000007938180,missing,,,,unscored,unscored,,,,,postlaunch_descriptive,False,none
9000000000007956461,confirmed,0.033892146112908,2764.6523087634705,0.0005425637051159233,unmatched,unmatched,False,False,False,False,postlaunch_descriptive,False,none
9000000000007977198,confirmed,0.0338559696818364,2764.652759309858,0.0005425636166960968,unmatched,unmatched,False,False,False,False,postlaunch_descriptive,False,none
9000000000007977956,confirmed,0.0338921402988436,2764.6527830287814,0.0005425636120412536,unmatched,unmatched,False,False,False,False,postlaunch_descriptive,False,none
9000000000007989079,confirmed,1072.6876353863315,2764.7066697147675,0.0005425530369754393,unmatched,unmatched,False,False,False,False,postlaunch_descriptive,False,none
9000000000008004558,confirmed,25.52137398728151,2762.7195947654545,0.0005429432660636502,unmatched,unmatched,False,False,False,False,postlaunch_descriptive,False,none
9000000000008023217,confirmed,0.0338559762838311,2764.65222019609,0.0005425637224972943,unmatched,unscored,,,,,postlaunch_descriptive,False,none
9000000000008038679,not_detected,0.9997278273773262,2764.6524627115577,0.0005425636749035745,unmatched,unmatched,False,False,False,False,postlaunch_descriptive,False,none
9000000000008041675,confirmed,12.578433935903348,2764.65259325644,0.0005425636492841127,unmatched,direct,False,False,False,False,postlaunch_descriptive,False,none
9000000000008046010,confirmed,12.591237698720626,2764.652755585499,0.0005425636174270029,unmatched,ambiguous,False,False,False,False,postlaunch_descriptive,False,none
9000000000008052082,confirmed,28.2918331282262,2764.6529528680257,0.0005425635787102731,unmatched,unscored,,,,,postlaunch_descriptive,False,none
9000000000008058127,confirmed,13.061313280510246,2764.7066741660237,0.0005425530361019135,direct,direct,False,False,False,False,postlaunch_descriptive,False,none
9000000000008085273,confirmed,1.006383523778811,2764.6517796246335,0.0005425638089595719,unmatched,unmatched,False,False,False,False,postlaunch_descriptive,False,none
9000000000008090059,confirmed,1.9689077853791956,2764.781591308303,0.0005425383345706507,unmatched,unscored,,,,,postlaunch_descriptive,False,none
9000000000008098120,confirmed,1.968927042295754,2764.6529724397697,0.0005425635748693153,unmatched,unmatched,False,False,False,False,postlaunch_descriptive,False,none
9000000000008120184,candidate,1.0054426609614289,2764.65293141827,0.0005425635829197911,unmatched,unmatched,False,False,False,False,postlaunch_descriptive,False,none
9000000000008121586,confirmed,22.09781859441527,2764.652978708036,0.0005425635736391671,direct,direct,False,False,False,False,postlaunch_descriptive,False,none
9000000000008122433,confirmed,18.588553385272615,2764.653006334323,0.000542563568217504,direct,direct,False,False,False,False,postlaunch_descriptive,False,none
9000000000008123377,confirmed,844.521040961305,2764.7065544379875,0.0005425530595976474,unmatched,unmatched,False,False,False,False,postlaunch_descriptive,False,none
9000000000008123645,not_detected,2.002961208074011,2764.7065642997622,0.0005425530576623476,unmatched,unmatched,False,False,False,False,postlaunch_descriptive,False,none
9000000000008125219,candidate,1071.585367954435,2764.706618282944,0.0005425530470685508,unmatched,unmatched,False,False,False,False,postlaunch_descriptive,False,none
9000000000008127448,confirmed,0.9661971396729137,2764.6531854816712,0.0005425635330598122,unmatched,unmatched,False,False,False,False,postlaunch_descriptive,False,none
9000000000008129588,candidate,0.0020624469004058,2763.7075159987435,0.0005427491843173328,unmatched,unmatched,False,False,False,False,postlaunch_descriptive,False,none
9000000000008144212,confirmed,0.966182576780286,2762.7283539879136,0.0005429415446635555,unmatched,unscored,,,,,postlaunch_descriptive,False,none
9000000000008150307,confirmed,14.714014268818223,2770.7938333591446,0.0005413611009020796,unmatched,unscored,,,,,postlaunch_descriptive,False,none
9000000000008174267,confirmed,1.0054443032508638,2771.8094289153814,0.0005411627452999015,unmatched,unmatched,False,False,False,False,postlaunch_descriptive,False,none
9000000000008187917,confirmed,2.0081363418428073,2764.652919385582,0.000542563585281208,unmatched,unmatched,False,False,False,False,postlaunch_descriptive,False,none
9000000000008190872,not_detected,1.003236204443338,2764.6530176200904,0.0005425635660026704,unmatched,unmatched,False,False,False,False,postlaunch_descriptive,False,none
9000000000008196006,not_detected,1.002493311130187,2764.70672594849,0.0005425530259399915,unmatched,unmatched,False,False,False,False,postlaunch_descriptive,False,none
9000000000008196381,not_detected,1.0025294773855669,2764.70673683146,0.00054255302380429,unmatched,unmatched,False,False,False,False,postlaunch_descriptive,False,none
9000000000008197220,not_detected,3.032220828527326,2764.7062908909284,0.0005425531113167989,unmatched,unmatched,False,False,False,False,postlaunch_descriptive,False,none
9000000000008197355,not_detected,1359.285019499283,2764.7062957272865,0.0005425531103676994,unmatched,unmatched,False,False,False,False,postlaunch_descriptive,False,none
9000000000008228729,not_detected,0.0009765854575248,2764.7350052120164,0.0005425474764027054,unmatched,unscored,,,,,postlaunch_descriptive,False,none
9000000000008235853,confirmed,7.762531776441237,2764.652128720656,0.0005425637404493727,direct,ambiguous,False,False,False,False,postlaunch_descriptive,False,none
9000000000008244758,confirmed,1.6597099845057297,2771.809558867011,0.0005411627199283963,unmatched,unscored,,,,,postlaunch_descriptive,False,none
9000000000008247116,confirmed,2.008190150615214,2771.7992732385173,0.0005411647280819973,unmatched,unmatched,False,False,False,False,postlaunch_descriptive,False,none
9000000000008248296,confirmed,0.0037520613342282,2771.809699677862,0.0005411626924367604,unmatched,unscored,,,,,postlaunch_descriptive,False,none
9000000000008249829,confirmed,16.801189157067864,2771.8097549309023,0.0005411626816492653,unmatched,unscored,,,,,postlaunch_descriptive,False,none
9000000000008256621,not_detected,1.0024404632520223,2764.6529660318047,0.0005425635761268794,unmatched,unmatched,False,False,False,False,postlaunch_descriptive,False,none
9000000000008256643,not_detected,1.0024766339372533,2764.6529666380957,0.0005425635760078947,unmatched,ambiguous,False,False,False,False,postlaunch_descriptive,False,none
9000000000008257115,confirmed,1.96896320537868,2764.652983422857,0.0005425635727138827,unmatched,unmatched,False,False,False,False,postlaunch_descriptive,False,none
9000000000008259061,confirmed,1.001263579387274,2764.706573761534,0.0005425530558055455,unmatched,unmatched,False,False,False,False,postlaunch_descriptive,False,none
9000000000008261157,candidate,1.0017337653460767,2764.7066474226303,0.0005425530413501049,unmatched,unmatched,False,False,False,False,postlaunch_descriptive,False,none
9000000000008264546,confirmed,0.0339638246510287,2764.706300447695,0.0005425531094413543,unmatched,unmatched,False,False,False,False,postlaunch_descriptive,False,none
9000000000008264801,confirmed,0.6088169273876457,2764.706308713183,0.0005425531078193136,unmatched,unmatched,False,False,False,False,postlaunch_descriptive,False,none
9000000000008264824,confirmed,0.9688189992767534,2764.7063094340265,0.0005425531076778534,unmatched,unmatched,False,False,False,False,postlaunch_descriptive,False,none
9000000000008265244,confirmed,0.997283525362758,2763.7075414410792,0.0005427491793208537,unmatched,unmatched,False,False,False,False,postlaunch_descriptive,False,none
9000000000008265481,candidate,1.0053870708549435,2764.706331101246,0.0005425531034258222,unmatched,unmatched,False,False,False,False,postlaunch_descriptive,False,none
9000000000008282338,confirmed,7.482270171794125,2750.796152428258,0.0005452966766279206,unmatched,unscored,,,,,postlaunch_descriptive,False,none
9000000000008299332,candidate,1.0010360219916794,2764.7356730415486,0.0005425473453488651,unmatched,unmatched,False,False,False,False,postlaunch_descriptive,False,none
9000000000008308688,candidate,1.005516445963306,2771.809462877456,0.0005411627386692114,unmatched,unmatched,False,False,False,False,postlaunch_descriptive,False,none
9000000000008311110,confirmed,0.332454296735261,2771.8095661546104,0.0005411627185055796,unmatched,unmatched,False,False,False,False,postlaunch_descriptive,False,none
9000000000008314246,confirmed,14.135999345240982,2771.8096926193684,0.0005411626938148468,unmatched,unscored,,,,,postlaunch_descriptive,False,none
9000000000008314525,confirmed,14.143395170551411,2771.8097053263336,0.0005411626913339639,direct,direct,False,False,False,False,postlaunch_descriptive,False,none
9000000000008315263,confirmed,13.233592334446593,2771.8097303421237,0.0005411626864499301,unmatched,unscored,,,,,postlaunch_descriptive,False,none
9000000000008322016,not_detected,1.002476643559906,2764.6529401005246,0.0005425635812158973,unmatched,unscored,,,,,postlaunch_descriptive,False,none
9000000000008322243,candidate,1052.2989599674902,2743.7684076712467,0.0005466933709879377,unmatched,unmatched,False,False,False,False,postlaunch_descriptive,False,none
9000000000008323981,not_detected,1.0024766189949488,2764.6530078463256,0.0005425635679207733,unmatched,unscored,,,,,postlaunch_descriptive,False,none
9000000000008329014,candidate,1.9990466393571351,2764.617838920094,0.0005425704699156267,unmatched,unmatched,False,False,False,False,postlaunch_descriptive,False,none
9000000000008330102,confirmed,17.327772582784114,2743.7686969204806,0.0005466933133552958,direct,direct,False,False,False,False,postlaunch_descriptive,False,none
9000000000008330712,confirmed,0.0345063776432434,2764.706309840083,0.0005425531075981678,unmatched,unscored,,,,,postlaunch_descriptive,False,none
9000000000008330778,confirmed,0.9688551686919956,2764.7063116938807,0.0005425531072343737,unmatched,unmatched,False,False,False,False,postlaunch_descriptive,False,none
9000000000008330895,candidate,0.0701340315985493,2764.706314188428,0.0005425531067448373,unmatched,unmatched,False,False,False,False,postlaunch_descriptive,False,none
9000000000008330910,not_detected,1.0025255193646108,2764.61790394783,0.0005425704571535994,unmatched,unmatched,False,False,False,False,postlaunch_descriptive,False,none
9000000000008332193,not_detected,0.0010851061942379,2764.7063632393256,0.0005425530971189627,unmatched,unmatched,False,False,False,False,postlaunch_descriptive,False,none
9000000000008345453,candidate,0.001709199964234,2749.824536830187,0.0005454893502874548,unmatched,unmatched,False,False,False,False,postlaunch_descriptive,False,none
9000000000008346686,candidate,929.626263298893,2142.131559804082,0.0007002371040820617,unmatched,unmatched,False,False,False,False,postlaunch_descriptive,False,none
9000000000008357961,not_detected,1.0025550171405917,2746.781925099902,0.0005460935891171791,unmatched,unmatched,False,False,False,False,postlaunch_descriptive,False,none
9000000000008376471,confirmed,11.619629506539871,2771.809547100682,0.0005411627222256316,direct,ambiguous,False,False,False,False,postlaunch_descriptive,False,none
9000000000008391086,not_detected,2.00308443267016,2743.7685153759085,0.0005466933495278822,unmatched,unmatched,False,False,False,False,postlaunch_descriptive,False,none
9000000000008393922,confirmed,11.077173156018915,2743.7686106301844,0.0005466933305485561,unmatched,unscored,,,,,postlaunch_descriptive,False,none
9000000000008395203,not_detected,1.002526208646098,2743.7686678683385,0.0005466933191439077,unmatched,unmatched,False,False,False,False,postlaunch_descriptive,False,none
9000000000008396062,candidate,1.0055147848061703,2743.7687060283497,0.0005466933115405616,unmatched,harmonic,False,False,False,False,postlaunch_descriptive,False,none
9000000000008396791,candidate,27.653751962739666,2743.7687335242517,0.0005466933060620292,unmatched,unscored,,,,,postlaunch_descriptive,False,none
9000000000008396901,confirmed,1335.0023278009571,2743.768736119382,0.000546693305544952,unmatched,unmatched,False,False,False,False,postlaunch_descriptive,False,none
9000000000008420644,confirmed,8.593273515260023,2771.784228408709,0.0005411676654431197,direct,direct,False,False,False,False,postlaunch_descriptive,False,none
9000000000008429634,confirmed,2.6205157345121814,1070.094700470101,0.0014017450972713332,direct,ambiguous,False,False,False,False,postlaunch_descriptive,False,none
9000000000008432962,missing,,,,unscored,unscored,,,,,postlaunch_descriptive,False,none
9000000000008452639,candidate,5.4508973922124815,2743.7683969922364,0.0005466933731157208,unmatched,unmatched,False,False,False,False,postlaunch_descriptive,False,none
9000000000008460683,confirmed,797.2148922247817,2743.7686745733954,0.0005466933178079315,unmatched,unscored,,,,,postlaunch_descriptive,False,none
9000000000008461125,candidate,0.0053940406955658,2743.76869499078,0.0005466933137397868,unmatched,unscored,,,,,postlaunch_descriptive,False,none
9000000000008500899,not_detected,1.003953845097515,2769.7488421192393,0.0005415653496048737,unmatched,unmatched,False,False,False,False,postlaunch_descriptive,False,none
9000000000008504544,not_detected,1149.5358239781149,2167.0116117489524,0.0006921974907136651,unmatched,unmatched,False,False,False,False,postlaunch_descriptive,False,none
9000000000008508096,confirmed,22.12359722957792,2771.80963672651,0.0005411627047272593,unmatched,unscored,,,,,postlaunch_descriptive,False,none
9000000000008516900,confirmed,12.889790602923128,2743.768389222678,0.0005466933746637984,unmatched,unscored,,,,,postlaunch_descriptive,False,none
9000000000008520436,confirmed,18.847581266179898,2743.7685117078945,0.0005466933502587307,direct,direct,False,False,False,False,postlaunch_descriptive,False,none
9000000000008523595,confirmed,14.936973793290145,2743.768621888478,0.0005466933283053517,direct,direct,False,False,False,False,postlaunch_descriptive,False,none
9000000000008524953,confirmed,6.780382115491444,2743.7686671810225,0.0005466933192808548,unmatched,unscored,,,,,postlaunch_descriptive,False,none
9000000000008560867,confirmed,16.94262075081963,2746.7356251687743,0.0005461027942606715,direct,direct,False,False,False,False,postlaunch_descriptive,False,none
9000000000008571022,not_detected,45.00042189105836,2771.8095688517205,0.000541162717979001,unmatched,unmatched,False,False,False,False,postlaunch_descriptive,False,none
9000000000008585472,confirmed,12.537573687548242,2743.7685199142434,0.0005466933486236231,direct,direct,False,False,False,False,postlaunch_descriptive,False,none
9000000000008620684,candidate,0.999040544851666,2746.7353693912737,0.0005461028451140625,unmatched,unmatched,False,False,False,False,postlaunch_descriptive,False,none
9000000000008625580,confirmed,1.7084279879801942,2746.7356148548424,0.0005461027963112755,unmatched,unmatched,False,False,False,False,postlaunch_descriptive,False,none
9000000000008640132,confirmed,14.540933156852544,2771.809729488101,0.0005411626866166678,direct,direct,False,False,False,False,postlaunch_descriptive,False,none
9000000000008646235,confirmed,7.060800115724882,2743.7683665417135,0.0005466933791829601,unmatched,unmatched,False,False,False,False,postlaunch_descriptive,False,none
9000000000008648251,confirmed,19.5096274377114,2743.7684379625134,0.0005466933649524303,unmatched,unscored,,,,,postlaunch_descriptive,False,none
9000000000008648866,not_detected,1.0026581867833235,2727.749133305624,0.000549903941563066,unmatched,unmatched,False,False,False,False,postlaunch_descriptive,False,none
9000000000008649814,confirmed,7.597944229033232,2743.768494685646,0.0005466933536503979,unmatched,unscored,,,,,postlaunch_descriptive,False,none
9000000000008650819,not_detected,1131.315368818273,1945.8319288925268,0.0007708785007211426,unmatched,unscored,,,,,postlaunch_descriptive,False,none
9000000000008653563,confirmed,10.81326599389152,2743.7686279760674,0.0005466933270924051,direct,ambiguous,False,False,False,False,postlaunch_descriptive,False,none
9000000000008701099,missing,,,,unscored,unscored,,,,,postlaunch_descriptive,False,none
9000000000008716028,candidate,2.0001172549837936,2740.7893143966794,0.0005472875978174886,unmatched,unmatched,False,False,False,False,postlaunch_descriptive,False,none
9000000000008758366,confirmed,0.9963528234883604,2771.809277692344,0.0005411627748243983,unmatched,harmonic,False,False,False,False,postlaunch_descriptive,False,none
9000000000008777609,confirmed,1038.2613450664294,2743.768471051939,0.0005466933583593925,unmatched,unmatched,False,False,False,False,postlaunch_descriptive,False,none
9000000000008777843,confirmed,1356.244256681062,2743.76848064363,0.0005466933564482568,unmatched,unmatched,False,False,False,False,postlaunch_descriptive,False,none
9000000000008783270,confirmed,17.0105735207884,2740.7894238852896,0.0005472875759545326,direct,direct,False,False,False,False,postlaunch_descriptive,False,none
9000000000008848942,candidate,0.0017148343875499,2740.789451227989,0.0005472875704946751,unmatched,unmatched,False,False,False,False,postlaunch_descriptive,False,none
9000000000008907618,confirmed,824.0899883735977,2743.7683659340255,0.0005466933793040414,unmatched,unmatched,False,False,False,False,postlaunch_descriptive,False,none
9000000000008908544,confirmed,465.00387603264767,2743.7684015058912,0.0005466933722163793,unmatched,unmatched,False,False,False,False,postlaunch_descriptive,False,none
9000000000008908767,confirmed,17.037407323919503,2743.7684097844176,0.0005466933705668903,unmatched,unmatched,False,True,False,False,postlaunch_descriptive,False,none
9000000000008912730,not_detected,1.0005876733346288,2740.7893112059683,0.0005472875984546176,unmatched,unmatched,False,False,False,False,postlaunch_descriptive,False,none
9000000000008916266,confirmed,7.119846465813934,2740.7894388870336,0.0005472875729589475,direct,ambiguous,False,False,False,False,postlaunch_descriptive,False,none
9000000000008960514,confirmed,6.6950130742889735,2771.8093742439523,0.0005411627559738464,unmatched,unscored,,,,,postlaunch_descriptive,False,none
9000000000008963002,candidate,1095.06992775525,2167.0116393468343,0.0006921974818982143,unmatched,unmatched,False,False,False,False,postlaunch_descriptive,False,none
9000000000008974140,confirmed,10.481643131682029,2743.7682850575075,0.0005466933954186153,direct,direct,False,False,False,False,postlaunch_descriptive,False,none
9000000000008975644,confirmed,20.14069457767118,2743.7683336534537,0.0005466933857359163,unmatched,direct,False,False,False,False,postlaunch_descriptive,False,none
9000000000008976589,confirmed,467.0646247033903,2743.7683629421517,0.0005466933799001695,unmatched,unmatched,False,False,False,False,postlaunch_descriptive,False,none
9000000000008979487,confirmed,812.2986931617455,2743.76847096486,0.0005466933583767428,unmatched,unmatched,False,False,False,False,postlaunch_descriptive,False,none
9000000000009005210,candidate,14.601391144908131,2771.7838388374075,0.0005411677415036656,unmatched,unscored,,,,,postlaunch_descriptive,False,none
9000000000009028104,not_detected,5.319557845549364,2771.809317260515,0.000541162767099184,unmatched,unmatched,False,False,False,False,postlaunch_descriptive,False,none
9000000000009047103,missing,,,,unscored,unscored,,,,,postlaunch_descriptive,False,none
9000000000009051487,candidate,2.3133846753248206,2740.7893151664175,0.0005472875976637854,unmatched,unmatched,False,False,False,False,postlaunch_descriptive,False,none
9000000000009115188,not_detected,1008.8432182100764,1945.8319502701052,0.0007708784922520065,unmatched,unmatched,False,False,False,False,postlaunch_descriptive,False,none
9000000000009118716,candidate,18.677320048794307,2740.789356624242,0.0005472875893853844,unmatched,unmatched,False,False,False,False,postlaunch_descriptive,False,none
9000000000009119402,candidate,1.0398099225316746,2740.7893868344836,0.0005472875833529288,direct,ambiguous,False,False,False,False,postlaunch_descriptive,False,none
9000000000009137447,confirmed,0.9965376088079516,2770.793571256101,0.0005413611521120989,unmatched,harmonic,False,False,False,False,postlaunch_descriptive,False,none
9000000000009152634,confirmed,9.832545040523744,2746.735447301995,0.0005461028296239408,unmatched,unscored,,,,,postlaunch_descriptive,False,none
9000000000009171954,candidate,1.005516319323717,2771.8098119725473,0.000541162670512567,unmatched,unmatched,False,False,False,False,postlaunch_descriptive,False,none
9000000000009178501,not_detected,1237.2109680864196,2743.7684686039574,0.0005466933588471506,unmatched,unmatched,False,False,False,False,postlaunch_descriptive,False,none
9000000000009180906,not_detected,1.0002228171016927,2740.7893052706495,0.0005472875996397968,unmatched,unmatched,False,False,False,False,postlaunch_descriptive,False,none
9000000000009206046,confirmed,0.4717178572297852,2771.7839805311523,0.0005411677138391418,harmonic,ambiguous,False,False,False,False,postlaunch_descriptive,False,none
9000000000009210037,confirmed,9.28231731110444,2746.7817728552036,0.0005460936193852748,direct,ambiguous,False,False,False,False,postlaunch_descriptive,False,none
9000000000009214444,confirmed,2.7924787245819864,2746.73534035543,0.0005461028508869365,unmatched,unscored,,,,,postlaunch_descriptive,False,none
9000000000009227120,missing,,,,unscored,unscored,,,,,postlaunch_descriptive,False,none
9000000000009228115,confirmed,1.7941348365613394,2771.8095087721013,0.0005411627297088295,unmatched,unmatched,False,False,False,False,postlaunch_descriptive,False,none
9000000000009242059,not_detected,1.0024898376758928,2743.768461909611,0.000546693360180993,unmatched,unmatched,False,False,False,False,postlaunch_descriptive,False,none
9000000000009244177,not_detected,1.0025579146540278,2740.7892948989756,0.0005472876017108383,unmatched,unmatched,False,False,False,False,postlaunch_descriptive,False,none
9000000000009244992,confirmed,12.33936504059503,2740.7893265769817,0.0005472875953852956,direct,direct,False,False,False,False,postlaunch_descriptive,False,none
9000000000009265050,not_detected,1123.3222667855937,2142.131630687043,0.0007002370809112729,unmatched,unmatched,False,False,False,False,postlaunch_descriptive,False,none
9000000000009267042,missing,,,,unscored,unscored,,,,,postlaunch_descriptive,False,none
9000000000009279862,missing,,,,unscored,unscored,,,,,postlaunch_descriptive,False,none
9000000000009291275,not_detected,39.622444975205795,2167.011653463822,0.0006921974773888969,unmatched,unmatched,False,False,False,False,postlaunch_descriptive,False,none
9000000000009303033,missing,,,,unscored,unscored,,,,,postlaunch_descriptive,False,none
9000000000009303041,missing,,,,unscored,unscored,,,,,postlaunch_descriptive,False,none
9000000000009304409,not_detected,909.2383161233888,1945.831951268483,0.00077087849185648,unmatched,unmatched,False,False,False,False,postlaunch_descriptive,False,none
9000000000009324334,not_detected,982.7359746142404,2142.131675851997,0.0007002370661473927,unmatched,unmatched,False,False,False,False,postlaunch_descriptive,False,none
9000000000009343888,not_detected,1041.4117129958322,2142.1346659972332,0.0007002360887062632,unmatched,unmatched,False,False,False,False,postlaunch_descriptive,False,none
9000000000009364179,not_detected,32.38792009815463,2167.0116446902975,0.000692197480191379,unmatched,unscored,,,,,postlaunch_descriptive,False,none
9000000000009364192,missing,,,,unscored,unscored,,,,,postlaunch_descriptive,False,none
9000000000009366994,not_detected,1227.6304280265774,1945.8319974844344,0.0007708784735471487,unmatched,unmatched,False,False,False,False,postlaunch_descriptive,False,none
9000000000009369047,missing,,,,unscored,unscored,,,,,postlaunch_descriptive,False,none
9000000000009402020,missing,,,,unscored,unscored,,,,,postlaunch_descriptive,False,none
9000000000009415300,candidate,1.0054209714451126,2764.8120329184458,0.0005425323610215371,unmatched,unscored,,,,,postlaunch_descriptive,False,none
9000000000009466030,confirmed,0.0338812784478234,2753.7331610340625,0.0005447150875855852,unmatched,unmatched,False,False,False,False,postlaunch_descriptive,False,none
9000000000009469775,not_detected,1.0024860027038085,2771.809274648782,0.0005411627754186175,unmatched,unmatched,False,False,False,False,postlaunch_descriptive,False,none
9000000000009471399,confirmed,10.366441691342288,2771.8093493930064,0.0005411627608256976,unmatched,unscored,,,,,postlaunch_descriptive,False,none
9000000000009488445,candidate,1.044330112092937,2743.768437603954,0.0005466933650238729,unmatched,unmatched,False,False,False,False,postlaunch_descriptive,False,none
9000000000009488454,candidate,0.338986332517907,2743.7684377757832,0.0005466933649896362,unmatched,unmatched,False,False,False,False,postlaunch_descriptive,False,none
9000000000009529640,not_detected,1.0024860333025944,2771.809190045111,0.0005411627919364781,unmatched,unscored,,,,,postlaunch_descriptive,False,none
9000000000009536515,candidate,0.0131322154664881,2771.809531521052,0.0005411627252673683,unmatched,unmatched,False,False,False,False,postlaunch_descriptive,False,none
9000000000009594915,confirmed,15.070084022497928,2771.809363347944,0.0005411627581011623,unmatched,unscored,,,,,postlaunch_descriptive,False,none
9000000000009596355,not_detected,1.0024498674546265,2771.80943427654,0.0005411627442531992,unmatched,unmatched,False,False,False,False,postlaunch_descriptive,False,none
9000000000009612697,candidate,1.005441973471648,2743.768484693952,0.0005466933556412339,unmatched,unmatched,False,False,False,False,postlaunch_descriptive,False,none
9000000000009613175,candidate,0.989004719881827,2743.768503272906,0.0005466933519393943,unmatched,unscored,,,,,postlaunch_descriptive,False,none
9000000000009614124,confirmed,18.53173812857653,2743.768536292482,0.0005466933453602742,unmatched,window_alias,False,True,False,False,postlaunch_descriptive,False,none
9000000000009630640,confirmed,0.5461518314887631,2729.826971258037,0.0005494853761037928,direct,ambiguous,False,False,False,False,postlaunch_descriptive,False,none
9000000000009640891,confirmed,14.192374338236242,2771.784273898229,0.000541167656561672,direct,direct,False,False,False,False,postlaunch_descriptive,False,none
9000000000009649801,confirmed,0.0338449645914868,2753.7331217490137,0.0005447150953565485,unmatched,unmatched,False,False,False,False,postlaunch_descriptive,False,none
9000000000009656741,not_detected,1.0024859555191823,2771.809405111242,0.000541162749947376,unmatched,unmatched,False,False,False,False,postlaunch_descriptive,False,none
9000000000009666465,confirmed,20.941018116023784,2743.7682199431583,0.0005466934083925919,direct,direct,False,False,False,False,postlaunch_descriptive,False,none
9000000000009699950,confirmed,17.01084863420303,2771.784113415517,0.0005411676878945787,direct,direct,False,False,False,False,postlaunch_descriptive,False,none
9000000000009706609,candidate,2.968928664517387,2746.7820623186417,0.0005460935618364294,unmatched,unscored,,,,,postlaunch_descriptive,False,none
9000000000009716528,confirmed,1097.6419532217596,2771.8093458157964,0.0005411627615241053,unmatched,unmatched,False,False,False,False,postlaunch_descriptive,False,none
9000000000009716609,not_detected,1.0024859754009383,2771.8093501394615,0.0005411627606799612,unmatched,unscored,,,,,postlaunch_descriptive,False,none
9000000000009724292,confirmed,13.812167572824247,2771.809695918113,0.0005411626931708064,unmatched,unscored,,,,,postlaunch_descriptive,False,none
9000000000009725543,confirmed,10.005340403318096,2771.8097418057732,0.0005411626842117897,unmatched,direct,False,False,False,False,postlaunch_descriptive,False,none
9000000000009730397,not_detected,1308.9359331833568,2743.7683147871867,0.0005466933894950032,unmatched,unmatched,False,False,False,False,postlaunch_descriptive,False,none
9000000000009788612,confirmed,8.209694852115998,2743.7682405691594,0.0005466934042828793,direct,ambiguous,False,False,False,False,postlaunch_descriptive,False,none
9000000000009812716,confirmed,0.0338567068061316,2749.8244449202903,0.0005454893685198441,unmatched,unmatched,False,False,False,False,postlaunch_descriptive,False,none
9000000000009818160,confirmed,0.0338410220531255,2771.783897446934,0.0005411677300606432,unmatched,unscored,,,,,postlaunch_descriptive,False,none
9000000000009837573,confirmed,0.0338407112488375,2771.8093544272706,0.0005411627598428174,unmatched,unscored,,,,,postlaunch_descriptive,False,none
9000000000009839184,not_detected,1.0029910303828833,2771.8094337680377,0.0005411627443524782,unmatched,unmatched,False,False,False,False,postlaunch_descriptive,False,none
9000000000009845898,candidate,0.0010101703498294,2771.8097254317254,0.0005411626874086266,unmatched,unmatched,False,False,False,False,postlaunch_descriptive,False,none
9000000000009849107,confirmed,9.297942757304911,2743.768236253876,0.0005466934051426958,direct,ambiguous,False,False,False,False,postlaunch_descriptive,False,none
9000000000009851822,confirmed,14.653022830458262,2743.768331298139,0.0005466933862052107,direct,direct,False,False,False,False,postlaunch_descriptive,False,none
9000000000009895857,confirmed,0.0338407121486522,2771.8092807256617,0.0005411627742321791,unmatched,unmatched,False,False,False,False,postlaunch_descriptive,False,none
9000000000009896277,confirmed,1.646577923408795,2771.809299223125,0.0005411627706207695,unmatched,unscored,,,,,postlaunch_descriptive,False,none
9000000000009903360,candidate,4.008134716755834,2764.727431359701,0.000542548962688266,unmatched,unmatched,False,False,False,False,postlaunch_descriptive,False,none
9000000000009908621,confirmed,9.244264250889058,2685.7086000773124,0.0005585118206632023,unmatched,unscored,,,,,postlaunch_descriptive,False,none
9000000000009936518,confirmed,0.0338531158692381,2770.793694805354,0.0005413611279728907,unmatched,unmatched,False,False,False,False,postlaunch_descriptive,False,none
9000000000009942562,confirmed,0.0338770960011407,2771.784216593951,0.0005411676677498523,unmatched,unscored,,,,,postlaunch_descriptive,False,none
9000000000009945390,candidate,1.0013172141843172,2746.781899920199,0.0005460935941232097,unmatched,unmatched,False,False,False,False,postlaunch_descriptive,False,none
9000000000009953617,not_detected,1114.2687745360622,2167.0117086544633,0.0006921974597596324,unmatched,unmatched,False,False,False,False,postlaunch_descriptive,False,none
9000000000009959422,confirmed,791.7987060194021,2771.8094382230192,0.0005411627434826962,unmatched,unmatched,False,False,False,False,postlaunch_descriptive,False,none
9000000000009966976,confirmed,0.0339128612966121,2771.8097620205954,0.0005411626802650876,unmatched,unmatched,False,False,False,False,postlaunch_descriptive,False,none
9000000000009970841,confirmed,10.890751961981918,2743.7683003260754,0.0005466933923763668,unmatched,unscored,,,,,postlaunch_descriptive,False,none
9000000000010014604,confirmed,915.251435952838,2771.8091666903347,0.0005411627964962204,unmatched,unscored,,,,,postlaunch_descriptive,False,none
9000000000010019347,not_detected,1.0024859570938782,2771.809400757309,0.0005411627507974295,unmatched,unmatched,False,False,False,False,postlaunch_descriptive,False,none
9000000000010031634,confirmed,14.63162915317915,2743.768283060752,0.0005466933958164671,unmatched,direct,False,False,False,False,postlaunch_descriptive,False,none
9000000000010034489,confirmed,0.3284169325949846,2743.7683948874474,0.0005466933735350981,unmatched,unscored,,,,,postlaunch_descriptive,False,none
9000000000010035150,not_detected,10.160640673848423,1945.8320232587864,0.0007708784633361475,unmatched,unmatched,False,False,False,False,postlaunch_descriptive,False,none
9000000000010056297,confirmed,9.559991696263804,2749.8245642068796,0.0005454893448566741,direct,ambiguous,False,False,False,False,postlaunch_descriptive,False,none
9000000000010056931,not_detected,1.0025286684761916,2770.7935816161335,0.0005413611500879427,unmatched,unmatched,False,False,False,False,postlaunch_descriptive,False,none
9000000000010071056,confirmed,0.0784945061159572,2746.6890444727615,0.000546112055537736,unmatched,unmatched,False,False,False,False,postlaunch_descriptive,False,none
9000000000010095496,not_detected,1.0025627993513435,2743.768272451125,0.0005466933979304258,unmatched,unmatched,False,False,False,False,postlaunch_descriptive,False,none
9000000000010095685,not_detected,2.0025743588325073,2743.7682779496536,0.000546693396834849,unmatched,unmatched,False,False,False,False,postlaunch_descriptive,False,none
9000000000010134571,candidate,1.001317211861077,2746.781906293239,0.000546093592856172,unmatched,unscored,,,,,postlaunch_descriptive,False,none
9000000000010147217,not_detected,1.0025220706562632,2771.809301096946,0.0005411627702549283,unmatched,unmatched,False,False,False,False,postlaunch_descriptive,False,none
9000000000010159927,missing,,,,unscored,unscored,,,,,postlaunch_descriptive,False,none
9000000000010199055,confirmed,0.0338770952431753,2771.78427860979,0.0005411676556417791,unmatched,unscored,,,,,postlaunch_descriptive,False,none
9000000000010213964,confirmed,0.6311400970192018,2771.809315019287,0.0005411627675367569,unmatched,ambiguous,False,False,False,False,postlaunch_descriptive,False,none
9000000000010219475,confirmed,6.940303662499323,2771.809554089792,0.0005411627208610913,direct,ambiguous,False,False,False,False,postlaunch_descriptive,False,none
9000000000010224920,confirmed,6.761322608792354,2771.8097603609785,0.0005411626805891079,unmatched,ambiguous,False,False,False,False,postlaunch_descriptive,False,none
9000000000010276126,candidate,1168.9277658595386,2167.0117312050425,0.0006921974525564164,unmatched,unmatched,False,False,False,False,postlaunch_descriptive,False,none
9000000000010284901,confirmed,18.994198369150315,2771.8095271401107,0.0005411627261226948,unmatched,unscored,,,,,postlaunch_descriptive,False,none
9000000000010285770,confirmed,19.819832044178153,2771.809563145973,0.0005411627190929801,direct,direct,False,False,False,False,postlaunch_descriptive,False,none
9000000000010293818,confirmed,15.344481158371988,2743.7682359842584,0.0005466934051964168,direct,direct,False,False,False,False,postlaunch_descriptive,False,none
9000000000010322290,not_detected,1.0024925620630774,2770.793624925893,0.0005413611416260274,unmatched,unscored,,,,,postlaunch_descriptive,False,none
9000000000010324066,confirmed,0.0338771010402756,2771.783804297913,0.0005411677482472147,unmatched,unmatched,False,False,False,False,postlaunch_descriptive,False,none
9000000000010382922,confirmed,0.9965000541714638,2749.824235863518,0.000545489409990948,unmatched,unscored,,,,,postlaunch_descriptive,False,none
9000000000010415502,not_detected,2.005476910751709,2771.809523310046,0.0005411627268704692,unmatched,unscored,,,,,postlaunch_descriptive,False,none
9000000000010427093,not_detected,2.0030845807040825,2743.7683126032352,0.0005466933899301536,unmatched,unmatched,False,False,False,False,postlaunch_descriptive,False,none
9000000000010468883,missing,,,,unscored,unscored,,,,,postlaunch_descriptive,False,none
9000000000010489265,confirmed,13.918983354798096,2167.0117156654596,0.0006921974575201457,unmatched,unmatched,False,False,False,False,postlaunch_descriptive,False,none
9000000000010489783,not_detected,16.529536850327077,2167.0117151099257,0.000692197457697597,unmatched,unmatched,False,False,False,False,postlaunch_descriptive,False,none
9000000000010586045,candidate,4.008129249330956,2770.7938814233057,0.0005413610915112451,unmatched,unmatched,False,False,False,False,postlaunch_descriptive,False,none
9000000000010790706,confirmed,19.09450515074733,2764.8111110087484,0.0005425325419257018,direct,direct,False,False,False,False,postlaunch_descriptive,False,none
9000000000010862354,confirmed,0.0338550622208202,2764.726863873191,0.0005425490740516058,unmatched,unmatched,False,False,False,False,postlaunch_descriptive,False,none
9000000000010923648,not_detected,1.0024499521611243,2771.809200060088,0.0005411627899811728,unmatched,unmatched,False,False,False,False,postlaunch_descriptive,False,none
9000000000010989859,confirmed,1.9688447991015616,2771.8284358880483,0.0005411590344405369,unmatched,unmatched,False,False,False,False,postlaunch_descriptive,False,none
9000000000010990083,confirmed,0.7473406240281217,2771.8284452874213,0.0005411590326054466,direct,ambiguous,False,False,False,False,postlaunch_descriptive,False,none
9000000000011027729,confirmed,0.0338907636148779,2764.765086581465,0.0005425415733438306,unmatched,unmatched,False,False,False,False,postlaunch_descriptive,False,none
9000000000011045341,confirmed,8.801623014106568,2764.8309818538837,0.0005425286427433677,unmatched,unscored,,,,,postlaunch_descriptive,False,none
9000000000011143576,candidate,16.709320293571047,2141.122401834931,0.0007005671411940333,unmatched,unscored,,,,,postlaunch_descriptive,False,none
9000000000011146648,not_detected,1.0031007318760272,2764.7273218645714,0.0005425489841755456,unmatched,unscored,,,,,postlaunch_descriptive,False,none
9000000000011179734,not_detected,1125.7223228584944,2141.118910870049,0.0007005682834263844,unmatched,unmatched,False,False,False,False,postlaunch_descriptive,False,none
9000000000011206038,confirmed,22.04476703533301,2764.7468400239013,0.0005425451539668031,direct,direct,False,False,False,False,postlaunch_descriptive,False,none
9000000000011306611,confirmed,0.1716207397263603,2771.8095188173465,0.0005411627277476152,unmatched,unscored,,,,,postlaunch_descriptive,False,none
9000000000011355938,confirmed,31.942140857124222,2771.809313889593,0.0005411627677573163,unmatched,unmatched,False,False,False,False,postlaunch_descriptive,False,none
9000000000011463950,candidate,0.7010582841089877,2771.8094829586335,0.000541162734748601,unmatched,unmatched,False,False,False,False,postlaunch_descriptive,False,none
9000000000011464245,candidate,1.7077652725325747,2771.8094963836484,0.0005411627321275271,unmatched,unscored,,,,,postlaunch_descriptive,False,none
9000000000011495305,confirmed,11.61887122553012,2771.7838828642853,0.000541167732907784,unmatched,direct,False,False,False,False,postlaunch_descriptive,False,none
9000000000011548888,not_detected,1.09293320133421,2141.118960557971,0.0007005682671686318,unmatched,unscored,,,,,postlaunch_descriptive,False,none
9000000000011558455,candidate,6.36496712527578,2752.6143741458654,0.0005449364844160014,unmatched,unscored,,,,,postlaunch_descriptive,False,none
9000000000011564882,confirmed,7.417357251324539,2771.8093255287968,0.0005411627654849004,direct,ambiguous,False,False,False,False,postlaunch_descriptive,False,none
9000000000011565950,confirmed,6.010478246984265,2771.8093827823177,0.0005411627543068324,unmatched,unmatched,False,False,False,False,postlaunch_descriptive,False,none
9000000000011569628,not_detected,11.532689446404264,2141.122425497975,0.000700567133451575,unmatched,unmatched,False,False,False,False,postlaunch_descriptive,False,none
9000000000011617030,not_detected,0.0009807939701436,2141.1224619299173,0.000700567121531182,unmatched,unmatched,False,False,False,False,postlaunch_descriptive,False,none
9000000000011624521,not_detected,1.0023103896813146,2764.8122064075433,0.0005425323269781943,unmatched,unmatched,False,False,False,False,postlaunch_descriptive,False,none
9000000000011649497,not_detected,1.9955920145736812,2141.1190106975846,0.0007005682507630879,unmatched,unmatched,False,False,False,False,postlaunch_descriptive,False,none
9000000000011770258,confirmed,0.0035716741637055,2771.8093942054547,0.000541162752076601,unmatched,unmatched,False,False,False,False,postlaunch_descriptive,False,none
9000000000011823683,not_detected,1.0024498359219314,2771.8095214655623,0.0005411627272305827,unmatched,unmatched,False,False,False,False,postlaunch_descriptive,False,none
9000000000011852985,confirmed,19.720368522642566,2771.78390136268,0.0005411677292961265,unmatched,unscored,,,,,postlaunch_descriptive,False,none
9000000000011858293,confirmed,0.0338768043053999,2771.8080830024555,0.0005411630080734818,unmatched,unmatched,False,False,False,False,postlaunch_descriptive,False,none
9000000000011919968,not_detected,2.9692157920048436,2771.809318191372,0.0005411627669174452,unmatched,unmatched,False,True,False,False,postlaunch_descriptive,False,none
9000000000011923562,confirmed,2.2144018104342784,2771.809511299245,0.0005411627292154348,direct,ambiguous,False,False,False,False,postlaunch_descriptive,False,none
9000000000011972526,confirmed,12.928089084004384,2771.8094891794026,0.00054116273353407,direct,direct,False,False,False,False,postlaunch_descriptive,False,none
9000000000011975271,confirmed,2.6992292065450605,2771.828335977625,0.0005411590539465891,unmatched,unscored,,,,,postlaunch_descriptive,False,none
9000000000012013034,candidate,1.999084789259414,2764.765171390027,0.0005425415567014874,unmatched,unscored,,,,,postlaunch_descriptive,False,none
9000000000012016717,confirmed,0.0338767907751381,2771.809190052096,0.0005411627919351143,unmatched,unscored,,,,,postlaunch_descriptive,False,none
9000000000012055866,not_detected,0.9987494025599044,2764.8577239918523,0.000542523395321162,unmatched,unscored,,,,,postlaunch_descriptive,False,none
9000000000012111004,not_detected,1.0030170919763164,2764.8581686038524,0.0005425233080789249,unmatched,ambiguous,False,False,False,False,postlaunch_descriptive,False,none
9000000000012116239,candidate,2.0038253784033775,2764.8117743744515,0.0005425324117550029,unmatched,unscored,,,,,postlaunch_descriptive,False,none
9000000000012202245,confirmed,0.9661924688409164,2771.807984813582,0.000541163027243708,unmatched,unscored,,,,,postlaunch_descriptive,False,none
9000000000012357103,confirmed,0.3757154780462074,2764.858145855367,0.0005425233125426561,direct,ambiguous,False,False,False,False,postlaunch_descriptive,False,none
9000000000012470709,confirmed,10.994729314911858,2771.809939756058,0.000541162645564368,direct,direct,False,False,False,False,postlaunch_descriptive,False,none
9000000000012602250,confirmed,11.614152059061183,2743.7646621079184,0.0005466941172890584,direct,ambiguous,False,False,False,False,postlaunch_descriptive,False,none
9000000000012688835,confirmed,474.9992085745269,2743.764460055623,0.0005466941575479081,unmatched,unmatched,False,False,False,False,postlaunch_descriptive,False,none
9000000000001430741,candidate,0.9711804901927672,2770.648738491349,0.0005413894512000709,unmatched,unscored,,,,,postlaunch_descriptive,False,none
9000000000002449383,not_detected,0.0030250724250766,2743.735961888451,0.0005466998358572317,unmatched,unscored,,,,,postlaunch_descriptive,False,none
9000000000002575952,candidate,1.491905447147804,2764.652416736819,0.0005425636839261276,unmatched,unmatched,False,True,False,False,postlaunch_descriptive,False,none
9000000000002988783,not_detected,2.0024578999169487,2764.6523805717006,0.0005425636910235405,unmatched,unscored,,,,,postlaunch_descriptive,False,none
9000000000002993589,not_detected,1.002392402557878,2743.7358792643063,0.0005466998523204076,unmatched,unscored,,,,,postlaunch_descriptive,False,none
9000000000003110496,confirmed,0.0404390833770029,2764.652179618366,0.0005425637304606834,unmatched,unscored,,,,,postlaunch_descriptive,False,none
9000000000003232218,confirmed,3.0825937909224588,2764.6522954455577,0.0005425637077295669,unmatched,unscored,,,,,postlaunch_descriptive,False,none
9000000000003341457,confirmed,3.786624332416315,2764.652387188282,0.0005425636897250349,direct,ambiguous,False,False,False,False,postlaunch_descriptive,False,none
9000000000003345665,confirmed,1.59519728024959,2743.7358715375885,0.0005466998538599856,unmatched,unscored,,,,,postlaunch_descriptive,False,none
9000000000003446996,not_detected,22.27151944492538,2167.0142497168854,0.0006921966480820193,unmatched,unscored,,,,,postlaunch_descriptive,False,none
9000000000003645863,confirmed,0.9660888928944203,2764.6524244761094,0.00054256368240729,unmatched,unscored,,,,,postlaunch_descriptive,False,none
9000000000003858926,candidate,0.9661643598411366,2743.736066227779,0.0005466998150672242,unmatched,unscored,,,,,postlaunch_descriptive,False,none
9000000000003868832,confirmed,0.966159063585523,2761.657060999889,0.0005431521607744113,unmatched,unscored,,,,,postlaunch_descriptive,False,none
9000000000004466180,not_detected,0.000947613099021,2743.7358165332116,0.0005466998648198181,unmatched,unmatched,False,False,False,False,postlaunch_descriptive,False,none
9000000000004658442,candidate,22.10548025342132,2743.7359109451063,0.0005466998460078873,unmatched,unscored,,,,,postlaunch_descriptive,False,none
9000000000004824197,confirmed,1042.9876908299486,2764.6519436417148,0.0005425637767711684,unmatched,unscored,,,,,postlaunch_descriptive,False,none
9000000000004860458,confirmed,0.9661589698235464,2761.657329007983,0.0005431521080636083,unmatched,unscored,,,,,postlaunch_descriptive,False,none
9000000000004932417,confirmed,0.9660914558699424,2743.7360965097323,0.0005466998090334303,unmatched,unscored,,,,,postlaunch_descriptive,False,none
9000000000004951030,candidate,3.918299192668896,2761.657409992069,0.0005431520921359712,unmatched,unscored,,,,,postlaunch_descriptive,False,none
9000000000005019101,not_detected,2.0024885180077687,2743.736081676092,0.0005466998119890892,unmatched,unscored,,,,,postlaunch_descriptive,False,none
9000000000005036761,confirmed,0.9661589618428896,2761.6573518197984,0.0005431521035770686,unmatched,unscored,,,,,postlaunch_descriptive,False,none
9000000000005110038,not_detected,2.002998726166645,2740.7406346714124,0.0005472973184782351,unmatched,unscored,,,,,postlaunch_descriptive,False,none
9000000000005207238,confirmed,0.9973359502057286,2761.657192274928,0.0005431521349557394,unmatched,unscored,,,,,postlaunch_descriptive,False,none
9000000000005288937,confirmed,1063.9852681570069,1973.7878630124032,0.000759960088978708,unmatched,unscored,,,,,postlaunch_descriptive,False,none
9000000000005300451,not_detected,16.76775679300913,2167.016163733322,0.0006921960366995183,unmatched,unscored,,,,,postlaunch_descriptive,False,none
9000000000005476473,confirmed,35.60001130988142,2167.0161654860713,0.000692196036139649,unmatched,unscored,,,,,postlaunch_descriptive,False,none
9000000000005617535,confirmed,0.9661610934765846,2764.652828637976,0.000542563603090441,unmatched,unscored,,,,,postlaunch_descriptive,False,none
9000000000005707999,not_detected,0.8932407786829217,2764.6521060550585,0.0005425637448975025,unmatched,unscored,,,,,postlaunch_descriptive,False,none
9000000000005730867,candidate,1057.521434258625,2167.011467552744,0.0006921975367735292,unmatched,unscored,,,,,postlaunch_descriptive,False,none
9000000000006291473,not_detected,1.002513051464656,2764.6522865220904,0.0005425637094807997,unmatched,unscored,,,,,postlaunch_descriptive,False,none
9000000000006460258,confirmed,3.009026638853035,2761.6571726887487,0.0005431521388078739,unmatched,unscored,,,,,postlaunch_descriptive,False,none
9000000000006529902,candidate,0.9688379150930884,2764.652330666315,0.0005425637008174846,unmatched,unscored,,,,,postlaunch_descriptive,False,none
9000000000006595406,confirmed,0.0338559790499124,2764.6519943200983,0.0005425637668255205,unmatched,unscored,,,,,postlaunch_descriptive,False,none
9000000000006706038,missing,,,,unscored,unscored,,,,,postlaunch_descriptive,False,none
9000000000007059699,not_detected,639.5252913160991,2167.011524657253,0.0006921975185329245,unmatched,unscored,,,,,postlaunch_descriptive,False,none
9000000000007198734,confirmed,0.0338197973832234,2764.652873005718,0.0005425635943832641,unmatched,unscored,,,,,postlaunch_descriptive,False,none
9000000000007463623,confirmed,0.96612497069007,2764.652690937277,0.0005425636301142288,unmatched,unscored,,,,,postlaunch_descriptive,False,none
9000000000007499407,confirmed,0.0331556327816663,2762.728149488102,0.0005429415848526142,unmatched,unscored,,,,,postlaunch_descriptive,False,none
9000000000007511980,confirmed,0.99632803590463,2764.6517017851584,0.0005425638242355945,unmatched,unscored,,,,,postlaunch_descriptive,False,none
9000000000007778826,confirmed,0.966161024425826,2764.653026225511,0.0005425635643138554,unmatched,unscored,,,,,postlaunch_descriptive,False,none
9000000000007840896,confirmed,5.68888797121326,2764.652789716609,0.0005425636107287663,unmatched,unscored,,,,,postlaunch_descriptive,False,none
9000000000007908011,confirmed,0.9661611244411784,2764.652740033343,0.0005425636204791165,unmatched,unscored,,,,,postlaunch_descriptive,False,none
9000000000008106097,candidate,1.005587536214117,2764.6524045700207,0.0005425636863138645,unmatched,unscored,,,,,postlaunch_descriptive,False,none
9000000000008197019,not_detected,1.0025296413709155,2764.7062846040353,0.000542553112550555,unmatched,unscored,,,,,postlaunch_descriptive,False,none
9000000000008198031,confirmed,2.269246448926165,2764.7063204478472,0.0005425531055164727,unmatched,unscored,,,,,postlaunch_descriptive,False,none
9000000000008263970,confirmed,2.371571996671281,2764.706283091102,0.000542553112847457,unmatched,unscored,,,,,postlaunch_descriptive,False,none
9000000000008264075,confirmed,0.2445829430006511,2764.7062861542217,0.0005425531122463424,unmatched,unscored,,,,,postlaunch_descriptive,False,none
9000000000008264274,confirmed,1.4830146738493748,2764.7062920541503,0.0005425531110885252,unmatched,unscored,,,,,postlaunch_descriptive,False,none
9000000000008265126,confirmed,3.2392228915413783,2764.706319958903,0.0005425531056124245,unmatched,unscored,,,,,postlaunch_descriptive,False,none
9000000000008364412,missing,,,,unscored,unscored,,,,,postlaunch_descriptive,False,none
9000000000008379283,not_detected,1.0025940952294077,2771.8096617795527,0.0005411626998359521,unmatched,unscored,,,,,postlaunch_descriptive,False,none
9000000000008390631,not_detected,2.003084443860812,2743.76850004727,0.0005466933525820993,unmatched,unscored,,,,,postlaunch_descriptive,False,none
9000000000008390921,confirmed,1119.6066046840851,2743.7685088315047,0.0005466933508318486,unmatched,unscored,,,,,postlaunch_descriptive,False,none
9000000000008521059,candidate,1.00540550953722,2743.7685330267996,0.0005466933460109585,unmatched,unscored,,,,,postlaunch_descriptive,False,none
9000000000008566113,missing,,,,unscored,unscored,,,,,postlaunch_descriptive,False,none
9000000000008591404,not_detected,1.0025261798623828,2743.76874664519,0.0005466933034476948,unmatched,unscored,,,,,postlaunch_descriptive,False,none
9000000000008827572,not_detected,1.002558090402194,2771.8094608215615,0.0005411627390706003,unmatched,unscored,,,,,postlaunch_descriptive,False,none
9000000000009095152,confirmed,2.398036524628933,2771.8093247259967,0.0005411627656416375,unmatched,unscored,,,,,postlaunch_descriptive,False,none
9000000000009222516,candidate,0.1712960590522189,2771.8092443402857,0.0005411627813359908,unmatched,unscored,,,,,postlaunch_descriptive,False,none
9000000000009304367,candidate,1136.8461011273705,1945.8319508926943,0.000770878492005356,unmatched,unscored,,,,,postlaunch_descriptive,False,none
9000000000009597218,not_detected,1.0009636887500144,2167.0116752274334,0.0006921974704370576,unmatched,unscored,,,,,postlaunch_descriptive,False,none
9000000000009762390,confirmed,0.997227683882081,2771.78426218545,0.0005411676588484938,unmatched,unscored,,,,,postlaunch_descriptive,False,none
9000000000010091792,confirmed,0.033912861413339,2771.809752480127,0.0005411626821277499,unmatched,unscored,,,,,postlaunch_descriptive,False,none
9000000000010155321,confirmed,0.9660475829670778,2771.809636721853,0.0005411627047281684,unmatched,unscored,,,,,postlaunch_descriptive,False,none
9000000000010481462,candidate,10.682406438879276,2167.0117246005684,0.0006921974546660497,unmatched,unscored,,,,,postlaunch_descriptive,False,none
9000000000010679607,missing,,,,unscored,unscored,,,,,postlaunch_descriptive,False,none
9000000000010873947,confirmed,0.0339128633941629,2771.809590580873,0.0005411627137366434,unmatched,unscored,,,,,postlaunch_descriptive,False,none
9000000000010875239,confirmed,2.044715353336732,2771.8283577961847,0.0005411590496868337,unmatched,unscored,,,,,postlaunch_descriptive,False,none
9000000000011081053,confirmed,2.146330704786049,2764.7649948666804,0.0005425415913414122,unmatched,unscored,,,,,postlaunch_descriptive,False,none
9000000000011147994,not_detected,1.003027065126054,2771.8095519691706,0.0005411627212751173,unmatched,unscored,,,,,postlaunch_descriptive,False,none
9000000000011819079,confirmed,1.871809878912124,2771.8092838656157,0.0005411627736191404,unmatched,unscored,,,,,postlaunch_descriptive,False,none
9000000000011824578,not_detected,0.9997976955134784,2749.75628803391,0.0005455028893024216,unmatched,unscored,,,,,postlaunch_descriptive,False,none
9000000000011871236,not_detected,1.0037847482907358,2771.809399114456,0.000541162751118177,unmatched,unscored,,,,,postlaunch_descriptive,False,none
9000000000011924366,candidate,0.7326982477781214,2771.8095493726432,0.0005411627217820583,unmatched,unscored,,,,,postlaunch_descriptive,False,none
9000000000012268579,confirmed,0.033840709140689,2771.8095271005295,0.0005411627261304226,unmatched,unscored,,,,,postlaunch_descriptive,False,none
9000000000012691831,not_detected,1.0024912202484324,2743.764677877538,0.0005466941141469674,unmatched,unscored,,,,,postlaunch_descriptive,False,none
9000000000000892667,confirmed,0.0338913403388288,2770.6192514440045,0.0005413952130803332,unmatched,unscored,,,,,postlaunch_descriptive,False,none
9000000000001164418,confirmed,0.9661377727136382,2770.619341878686,0.0005413951954088678,unmatched,unscored,,,,,postlaunch_descriptive,False,none
9000000000001430305,not_detected,2.005306540005044,2770.6487208614126,0.0005413894546449903,unmatched,unscored,,,,,postlaunch_descriptive,False,none
9000000000001431091,not_detected,1.0025088880808402,2770.6487523689866,0.000541389448488357,unmatched,unscored,,,,,postlaunch_descriptive,False,none
9000000000001433714,not_detected,1.0025195309649295,2770.619338783901,0.0005413951960136069,unmatched,unscored,,,,,postlaunch_descriptive,False,none
9000000000001434800,not_detected,0.0025265108814592,2770.6193752693944,0.0005413951888841286,unmatched,unscored,,,,,postlaunch_descriptive,False,none
9000000000001575919,not_detected,1.0002056133105124,2743.7358513884246,0.0005466998578747836,unmatched,unscored,,,,,postlaunch_descriptive,False,none
9000000000001577077,not_detected,3.141555365785981,2539.983884066809,0.0005905549280880971,unmatched,unscored,,,,,postlaunch_descriptive,False,none
9000000000001724316,not_detected,1.0025746366629824,2743.7358770174906,0.0005466998527680942,unmatched,unscored,,,,,postlaunch_descriptive,False,none
9000000000001864178,candidate,1.603854512502344,2764.652258316055,0.0005425637150162413,unmatched,unscored,,,,,postlaunch_descriptive,False,none
9000000000001864603,confirmed,0.3320128208476753,2764.6522735371254,0.0005425637120291024,unmatched,unscored,,,,,postlaunch_descriptive,False,none
9000000000001873030,candidate,1.9561649300166055,2743.735928214621,0.0005466998425668706,unmatched,unscored,,,,,postlaunch_descriptive,False,none
9000000000001873157,not_detected,1.0026839567793957,2743.735931346193,0.000546699841942893,unmatched,unscored,,,,,postlaunch_descriptive,False,none
9000000000002141938,confirmed,2.006314392315561,2746.628355509136,0.0005461241223230394,unmatched,unscored,,,,,postlaunch_descriptive,False,none
9000000000002155343,confirmed,2.0310330273149817,2764.6522358246148,0.0005425637194301922,unmatched,unscored,,,,,postlaunch_descriptive,False,none
9000000000002156425,not_detected,3.801634012613172,2749.659742447082,0.0005455220429074118,unmatched,unscored,,,,,postlaunch_descriptive,False,none
9000000000002159852,confirmed,2.1104642322832605,2764.6523976800963,0.0005425636876660138,unmatched,unscored,,,,,postlaunch_descriptive,False,none
9000000000002163636,candidate,2.007700539353594,2743.7358769518323,0.0005466998527811769,unmatched,unscored,,,,,postlaunch_descriptive,False,none
9000000000002164726,candidate,1.0055268028765738,2743.7359124664217,0.0005466998457047594,unmatched,unscored,,,,,postlaunch_descriptive,False,none
9000000000002165892,not_detected,1.0024652687269433,2743.735953558702,0.0005466998375169659,unmatched,unscored,,,,,postlaunch_descriptive,False,none
9000000000002167334,not_detected,1.0025016982849826,2743.7360003534704,0.0005466998281929302,unmatched,unscored,,,,,postlaunch_descriptive,False,none
9000000000002306482,missing,,,,unscored,unscored,,,,,postlaunch_descriptive,False,none
9000000000002308806,not_detected,672.636649628675,2731.702565703541,0.0005491080979431888,unmatched,unscored,,,,,postlaunch_descriptive,False,none
9000000000002438566,confirmed,0.7118435990645123,2764.652239040006,0.0005425637187991709,unmatched,unscored,,,,,postlaunch_descriptive,False,none
9000000000002442154,not_detected,2.0024217378222886,2764.6523683969863,0.0005425636934128312,unmatched,unscored,,,,,postlaunch_descriptive,False,none
9000000000002452185,not_detected,1.0047510573731522,2539.932634330354,0.0005905668440672918,unmatched,unscored,,,,,postlaunch_descriptive,False,none
9000000000002452450,not_detected,1.002538121095893,2743.736065610312,0.0005466998151902569,unmatched,unscored,,,,,postlaunch_descriptive,False,none
9000000000002554543,candidate,2.5254750027163246,2746.6516170380637,0.0005461194971707301,unmatched,unscored,,,,,postlaunch_descriptive,False,none
9000000000002555530,confirmed,2.0063701819118056,2746.6516646239907,0.0005461194877091726,unmatched,unscored,,,,,postlaunch_descriptive,False,none
9000000000002556166,candidate,2.9943003004881423,2746.651696444489,0.0005461194813822713,unmatched,unscored,,,,,postlaunch_descriptive,False,none
9000000000002570469,confirmed,0.5643386109420446,2764.652231389191,0.0005425637203006453,unmatched,unscored,,,,,postlaunch_descriptive,False,none
9000000000002572232,candidate,0.7560082722252953,2764.652288589161,0.0005425637090751365,unmatched,unscored,,,,,postlaunch_descriptive,False,none
9000000000002578891,not_detected,1.002611090225993,2743.7358581181616,0.0005466998565338577,unmatched,unscored,,,,,postlaunch_descriptive,False,none
9000000000002581243,not_detected,1.0002420298470165,2743.735934011638,0.0005466998414117929,unmatched,unscored,,,,,postlaunch_descriptive,False,none
9000000000002581964,confirmed,0.6976254378119685,2743.7359595191665,0.0005466998363293207,unmatched,unscored,,,,,postlaunch_descriptive,False,none
9000000000002582367,not_detected,2.0030352977782875,2743.7359721497633,0.0005466998338126262,unmatched,unscored,,,,,postlaunch_descriptive,False,none
9000000000002583667,not_detected,2.0024521183001234,2743.736017350573,0.000546699824806193,unmatched,unscored,,,,,postlaunch_descriptive,False,none
9000000000002696217,confirmed,0.8580629063175562,2746.6517695239745,0.0005461194668518051,unmatched,unscored,,,,,postlaunch_descriptive,False,none
9000000000002706947,confirmed,0.9936150412434276,2764.6521902107634,0.0005425637283819226,unmatched,unscored,,,,,postlaunch_descriptive,False,none
9000000000002708203,confirmed,0.93226915409653,2764.6522344695404,0.000542563719696126,unmatched,unscored,,,,,postlaunch_descriptive,False,none
9000000000002709111,confirmed,8.362208970601596,2764.65226847073,0.0005425637130233837,unmatched,unscored,,,,,postlaunch_descriptive,False,none
9000000000002709528,confirmed,3.7441236492008994,2764.652284442913,0.0005425637098888388,unmatched,unscored,,,,,postlaunch_descriptive,False,none
9000000000002711067,not_detected,18.981446306308246,2764.652342775371,0.0005425636984410794,unmatched,unscored,,,,,postlaunch_descriptive,False,none
9000000000002714170,not_detected,2.0024887303974555,2743.7357906675898,0.0005466998699736423,unmatched,unscored,,,,,postlaunch_descriptive,False,none
9000000000002715487,missing,,,,unscored,unscored,,,,,postlaunch_descriptive,False,none
9000000000002854953,not_detected,0.0026241593350092,2743.7358333938755,0.0005466998614602663,unmatched,unscored,,,,,postlaunch_descriptive,False,none
9000000000002855680,not_detected,2.0114181126983985,2743.7358573828824,0.000546699856680365,unmatched,unscored,,,,,postlaunch_descriptive,False,none
9000000000002856626,not_detected,1.0024288472556504,2743.735884626396,0.0005466998512519908,unmatched,unscored,,,,,postlaunch_descriptive,False,none
9000000000002859173,not_detected,1.002465263553947,2743.7359677171335,0.0005466998346958446,unmatched,unscored,,,,,postlaunch_descriptive,False,none
9000000000002860793,not_detected,926.1288519270938,1973.78733226005,0.0007599602933323378,unmatched,unscored,,,,,postlaunch_descriptive,False,none
9000000000002860943,not_detected,1225.112375668894,1973.7873391569592,0.0007599602906768454,unmatched,unscored,,,,,postlaunch_descriptive,False,none
9000000000002861753,candidate,0.9969982346926022,2743.7360516926274,0.0005466998179634083,unmatched,unscored,,,,,postlaunch_descriptive,False,none
9000000000002975214,not_detected,0.0008319311625924,2764.6518166633323,0.0005425638016907153,unmatched,unscored,,,,,postlaunch_descriptive,False,none
9000000000002982949,confirmed,2.9801940767176047,2764.652162880171,0.0005425637337455587,unmatched,unscored,,,,,postlaunch_descriptive,False,none
9000000000002989122,candidate,0.1731501584987187,2764.652392758522,0.0005425636886318739,unmatched,unscored,,,,,postlaunch_descriptive,False,none
9000000000002992364,not_detected,1.9689577712132975,2743.735837803688,0.0005466998605815943,unmatched,unscored,,,,,postlaunch_descriptive,False,none
9000000000002992648,confirmed,2.000192551020018,2743.735845432151,0.0005466998590615939,unmatched,unscored,,,,,postlaunch_descriptive,False,none
9000000000002998225,missing,,,,unscored,unscored,,,,,postlaunch_descriptive,False,none
9000000000003003327,confirmed,2.000155855620656,2743.7361866468564,0.0005466997910732674,unmatched,unscored,,,,,postlaunch_descriptive,False,none
9000000000003113440,confirmed,1.012279194831064,2764.6522958194837,0.0005425637076561839,unmatched,unscored,,,,,postlaunch_descriptive,False,none
9000000000003115969,candidate,3.8691663475970106,2764.6523925350048,0.0005425636886757393,unmatched,unscored,,,,,postlaunch_descriptive,False,none
9000000000003118952,not_detected,1.0003878548148557,2743.73582884809,0.0005466998623660314,unmatched,unscored,,,,,postlaunch_descriptive,False,none
9000000000003120162,candidate,0.9972898739746764,2743.735869987868,0.0005466998541687734,unmatched,unscored,,,,,postlaunch_descriptive,False,none
9000000000003122248,not_detected,2.003035319128235,2743.7359429048374,0.000546699839639789,unmatched,unscored,,,,,postlaunch_descriptive,False,none
9000000000003123830,candidate,1.0054538776300836,2743.735999608878,0.0005466998283412931,unmatched,unscored,,,,,postlaunch_descriptive,False,none
9000000000003128325,not_detected,1.000205505410677,2743.736147376243,0.0005466997988980855,unmatched,unscored,,,,,postlaunch_descriptive,False,none
9000000000003128673,candidate,0.0126834352799315,2743.736159166787,0.0005466997965487751,unmatched,unscored,,,,,postlaunch_descriptive,False,none
9000000000003128830,candidate,0.8711479008082497,2743.736164412927,0.0005466997955034619,unmatched,unscored,,,,,postlaunch_descriptive,False,none
9000000000003221077,confirmed,1.191216928440347,2764.6517786746845,0.0005425638091459997,unmatched,unscored,,,,,postlaunch_descriptive,False,none
9000000000003231990,confirmed,0.6916963880535653,2764.6522853490897,0.0005425637097110014,unmatched,unscored,,,,,postlaunch_descriptive,False,none
9000000000003232582,confirmed,2.0151177691061544,2764.652312341612,0.0005425637044137121,unmatched,unscored,,,,,postlaunch_descriptive,False,none
9000000000003234781,confirmed,0.0062213969353489,2764.6524050366133,0.0005425636862222956,unmatched,unscored,,,,,postlaunch_descriptive,False,none
9000000000003235821,confirmed,0.9973043835986805,2764.6524424678646,0.0005425636788764038,unmatched,unscored,,,,,postlaunch_descriptive,False,none
9000000000003236044,not_detected,1.0029755844638677,2743.7357824328355,0.0005466998716144487,unmatched,unscored,,,,,postlaunch_descriptive,False,none
9000000000003236536,not_detected,0.0025877127081565,2743.7358009722084,0.0005466998679204075,unmatched,unscored,,,,,postlaunch_descriptive,False,none
9000000000003238245,candidate,1.9689213030827184,2743.735867727082,0.0005466998546192436,unmatched,unscored,,,,,postlaunch_descriptive,False,none
9000000000003239487,not_detected,1.0002055916233956,2743.7359108799137,0.0005466998460208772,unmatched,unscored,,,,,postlaunch_descriptive,False,none
9000000000003240693,not_detected,6.480506973876713,2743.735956411343,0.0005466998369485663,unmatched,unscored,,,,,postlaunch_descriptive,False,none
9000000000003245830,not_detected,1.002574539706499,2743.7361423573457,0.0005466997998981198,unmatched,unscored,,,,,postlaunch_descriptive,False,none
9000000000003246991,not_detected,1.0026109709636504,2743.736184490379,0.0005466997915029538,unmatched,unscored,,,,,postlaunch_descriptive,False,none
9000000000003248236,not_detected,1.002975422324966,2743.7362259794027,0.0005466997832361093,unmatched,unscored,,,,,postlaunch_descriptive,False,none
9000000000003248536,not_detected,1.0029754186595556,2743.736236006487,0.000546699781238175,unmatched,unscored,,,,,postlaunch_descriptive,False,none
9000000000003327055,confirmed,0.9772989969939266,2746.6517496248707,0.0005461194708083635,unmatched,unscored,,,,,postlaunch_descriptive,False,none
9000000000003339175,confirmed,0.4356063164797772,2764.652289094869,0.0005425637089758913,unmatched,unscored,,,,,postlaunch_descriptive,False,none
9000000000003340470,confirmed,1.985457595672155,2764.652346121613,0.0005425636977843786,unmatched,unscored,,,,,postlaunch_descriptive,False,none
9000000000003340670,not_detected,2.003000481986718,2764.6523552043363,0.0005425636960018919,unmatched,unscored,,,,,postlaunch_descriptive,False,none
9000000000003343037,not_detected,2.0030000373525754,2731.7023953888565,0.0005491081321786797,unmatched,unscored,,,,,postlaunch_descriptive,False,none
9000000000003343915,confirmed,1189.2513673858318,2743.73580626864,0.0005466998668650733,unmatched,unscored,,,,,postlaunch_descriptive,False,none
9000000000003345852,confirmed,1.0055268154187635,2743.735878243111,0.0005466998525238847,unmatched,unscored,,,,,postlaunch_descriptive,False,none
9000000000003346189,not_detected,0.966055081226531,2743.7358919894323,0.0005466998497848777,unmatched,unscored,,,,,postlaunch_descriptive,False,none
9000000000003346818,not_detected,1.0030848750490775,2743.735917526763,0.0005466998446964671,unmatched,unscored,,,,,postlaunch_descriptive,False,none
9000000000003347174,not_detected,1.0025017236663378,2743.7359308875166,0.000546699842034286,unmatched,unscored,,,,,postlaunch_descriptive,False,none
9000000000003347798,confirmed,1.0054903409347515,2743.7359541766346,0.0005466998373938406,unmatched,unscored,,,,,postlaunch_descriptive,False,none
9000000000003348090,confirmed,1.0054538902684595,2743.735965120606,0.0005466998352132125,unmatched,unscored,,,,,postlaunch_descriptive,False,none
9000000000003355029,not_detected,1.0029754256228651,2743.736216957681,0.0005466997850337214,unmatched,unscored,,,,,postlaunch_descriptive,False,none
9000000000003356825,not_detected,1.002574490788158,2743.736276231706,0.0005466997732231486,unmatched,unscored,,,,,postlaunch_descriptive,False,none
9000000000003432989,confirmed,1.7522639772801725,2764.6519376146607,0.0005425637779539795,unmatched,unscored,,,,,postlaunch_descriptive,False,none
9000000000003440581,not_detected,1240.6350950350443,2167.0142598706298,0.0006921966448386683,unmatched,unscored,,,,,postlaunch_descriptive,False,none
9000000000003440710,not_detected,969.767471858769,2167.014261943288,0.0006921966441766112,unmatched,unscored,,,,,postlaunch_descriptive,False,none
9000000000003443408,not_detected,1036.928361309805,2167.0142567255534,0.0006921966458432816,unmatched,unscored,,,,,postlaunch_descriptive,False,none
9000000000003444426,not_detected,975.5303819256812,2167.014253214933,0.0006921966469646585,unmatched,unscored,,,,,postlaunch_descriptive,False,none
9000000000003445468,candidate,1131.1275135379751,2167.014251441695,0.0006921966475310735,unmatched,unscored,,,,,postlaunch_descriptive,False,none
9000000000003445497,not_detected,1160.6660362087146,2167.014251798857,0.0006921966474169873,unmatched,unscored,,,,,postlaunch_descriptive,False,none
9000000000003445863,confirmed,1199.4715039202508,2167.01425045589,0.0006921966478459635,unmatched,unscored,,,,,postlaunch_descriptive,False,none
9000000000003447919,not_detected,30.796474959870725,2167.0142471487634,0.0006921966489023395,unmatched,unscored,,,,,postlaunch_descriptive,False,none
9000000000003448817,not_detected,29.24816952126145,2167.014245247934,0.0006921966495095103,unmatched,unscored,,,,,postlaunch_descriptive,False,none
9000000000003449705,not_detected,22.94848782060938,2167.014244630933,0.0006921966497065953,unmatched,unscored,,,,,postlaunch_descriptive,False,none
9000000000003455706,candidate,0.997326204941754,2743.736188261304,0.0005466997907515827,unmatched,unscored,,,,,postlaunch_descriptive,False,none
9000000000003456790,not_detected,2.002962218694707,2743.736226628069,0.0005466997831068601,unmatched,unscored,,,,,postlaunch_descriptive,False,none
9000000000003456968,not_detected,1.0025016136889244,2743.736231883522,0.0005466997820596912,unmatched,unscored,,,,,postlaunch_descriptive,False,none
9000000000003457689,not_detected,1039.9104745869097,1973.7876025103033,0.0007599601892788613,unmatched,unscored,,,,,postlaunch_descriptive,False,none
9000000000003459380,not_detected,1.0027202653480165,2743.736309194006,0.0005466997666552864,unmatched,unscored,,,,,postlaunch_descriptive,False,none
9000000000003459775,not_detected,1035.1545655735936,1973.7876561610028,0.0007599601686219302,unmatched,unscored,,,,,postlaunch_descriptive,False,none
9000000000003534170,not_detected,42.69736511953639,2167.0142815830186,0.0006921966379032074,unmatched,unscored,,,,,postlaunch_descriptive,False,none
9000000000003534192,not_detected,1083.6305795227754,2167.0142825003713,0.0006921966376101829,unmatched,unscored,,,,,postlaunch_descriptive,False,none
9000000000003539521,candidate,1081.5257551111156,2167.0142679023556,0.0006921966422731413,unmatched,unscored,,,,,postlaunch_descriptive,False,none
9000000000003540935,confirmed,1099.6842894718916,2167.014265072532,0.0006921966431770552,unmatched,unscored,,,,,postlaunch_descriptive,False,none
9000000000003544956,candidate,951.15878198515,2167.014258008916,0.0006921966454333446,unmatched,unscored,,,,,postlaunch_descriptive,False,none
9000000000003547930,candidate,944.826661242634,2167.014253591653,0.000692196646844325,unmatched,unscored,,,,,postlaunch_descriptive,False,none
9000000000003549573,not_detected,32.196973335854885,2167.0142492027953,0.000692196648246232,unmatched,unscored,,,,,postlaunch_descriptive,False,none
9000000000003549831,not_detected,44.85295841487134,2167.014249115251,0.0006921966482741959,unmatched,unscored,,,,,postlaunch_descriptive,False,none
9000000000003559541,candidate,1129.2492465567368,1973.7876382148825,0.0007599601755316586,unmatched,unscored,,,,,postlaunch_descriptive,False,none
9000000000003559933,not_detected,961.9596123861696,1973.787650931161,0.0007599601706355569,unmatched,unscored,,,,,postlaunch_descriptive,False,none
9000000000003560366,not_detected,10.29016465672322,1973.787658172194,0.0007599601678475687,unmatched,unscored,,,,,postlaunch_descriptive,False,none
9000000000003561257,not_detected,1095.8593078628307,1973.7876832159236,0.0007599601582050741,unmatched,unscored,,,,,postlaunch_descriptive,False,none
9000000000003647234,not_detected,0.0026970526863285,2743.7357963048853,0.0005466998688503896,unmatched,unscored,,,,,postlaunch_descriptive,False,none
9000000000003648418,confirmed,2.000046767951701,2743.735840547364,0.0005466998600349063,unmatched,unscored,,,,,postlaunch_descriptive,False,none
9000000000003655015,not_detected,1.0025381111675449,2743.7360927821137,0.0005466998097761723,unmatched,unscored,,,,,postlaunch_descriptive,False,none
9000000000003656648,not_detected,1.0056360545704692,2743.736153312959,0.0005466997977151724,unmatched,unscored,,,,,postlaunch_descriptive,False,none
9000000000003658426,candidate,1240.2809799672095,1973.787586536724,0.00075996019542911,unmatched,unscored,,,,,postlaunch_descriptive,False,none
9000000000003659087,candidate,906.9242791473994,1973.7876068861224,0.0007599601875940558,unmatched,unscored,,,,,postlaunch_descriptive,False,none
9000000000003659751,confirmed,1137.8620849118545,1973.7876257579776,0.0007599601803278948,unmatched,unscored,,,,,postlaunch_descriptive,False,none
9000000000003660476,not_detected,1.002647382229795,2743.736281325575,0.0005466997722081761,unmatched,unscored,,,,,postlaunch_descriptive,False,none
9000000000003660523,candidate,1028.2324479393028,1973.787646542769,0.0007599601723252032,unmatched,unscored,,,,,postlaunch_descriptive,False,none
9000000000003661489,candidate,0.0366288843018547,2743.7363139917143,0.0005466997656993251,unmatched,unscored,,,,,postlaunch_descriptive,False,none
9000000000003662358,not_detected,1.0026473605749917,2743.7363405837677,0.0005466997604007586,unmatched,unscored,,,,,postlaunch_descriptive,False,none
9000000000003662570,missing,,,,unscored,unscored,,,,,postlaunch_descriptive,False,none
9000000000003662704,missing,,,,unscored,unscored,,,,,postlaunch_descriptive,False,none
9000000000003663111,missing,,,,unscored,unscored,,,,,postlaunch_descriptive,False,none
9000000000003730390,confirmed,2.284073195452629,2746.6282658935525,0.0005461241401416982,unmatched,unscored,,,,,postlaunch_descriptive,False,none
9000000000003732609,confirmed,0.0338594072250721,2746.651746789459,0.0005461194713721312,unmatched,unscored,,,,,postlaunch_descriptive,False,none
9000000000003734682,confirmed,0.0338559809804358,2764.651836675126,0.0005425637977633944,unmatched,unscored,,,,,postlaunch_descriptive,False,none
9000000000003746949,confirmed,1.0365860035718557,2764.652416803874,0.000542563683912968,unmatched,unscored,,,,,postlaunch_descriptive,False,none
9000000000003748314,not_detected,1.792738218248708,2743.7357835797593,0.0005466998713859197,unmatched,unscored,,,,,postlaunch_descriptive,False,none
9000000000003748474,not_detected,1.0026840085745907,2743.735789614264,0.0005466998701835215,unmatched,unscored,,,,,postlaunch_descriptive,False,none
9000000000003748532,not_detected,1.1854275504963523,2743.7357927425765,0.0005466998695601933,unmatched,unscored,,,,,postlaunch_descriptive,False,none
9000000000003749234,not_detected,1.002538211185397,2743.735819054302,0.0005466998643174812,unmatched,unscored,,,,,postlaunch_descriptive,False,none
9000000000003755217,confirmed,1.9690305113693984,2743.736051221844,0.0005466998180572138,unmatched,unscored,,,,,postlaunch_descriptive,False,none
9000000000003755395,not_detected,43.33463478145891,2743.736057765782,0.0005466998167533092,unmatched,unscored,,,,,postlaunch_descriptive,False,none
9000000000003757876,not_detected,18.189358353364295,2743.736146732699,0.0005466997990263141,unmatched,unscored,,,,,postlaunch_descriptive,False,none
9000000000003759078,not_detected,1.0026474157307936,2743.7361896503717,0.0005466997904748057,unmatched,unscored,,,,,postlaunch_descriptive,False,none
9000000000003762165,confirmed,0.0366653311564853,2743.7362987571396,0.0005466997687348713,unmatched,unscored,,,,,postlaunch_descriptive,False,none
9000000000003762528,not_detected,43.078884658560035,2743.736309257336,0.0005466997666426677,unmatched,unscored,,,,,postlaunch_descriptive,False,none
9000000000003764428,missing,,,,unscored,unscored,,,,,postlaunch_descriptive,False,none
9000000000003839143,candidate,0.9661975916281158,2764.651892268565,0.0005425637868531647,unmatched,unscored,,,,,postlaunch_descriptive,False,none
9000000000003848351,not_detected,0.0337836330788679,2764.652332742233,0.0005425637004100852,unmatched,unscored,,,,,postlaunch_descriptive,False,none
9000000000003849544,confirmed,0.9661612484819984,2764.652385092806,0.0005425636901362725,unmatched,unscored,,,,,postlaunch_descriptive,False,none
9000000000003851286,not_detected,1.0025382288815483,2743.7357706236653,0.0005466998739674711,unmatched,unscored,,,,,postlaunch_descriptive,False,none
9000000000003854231,not_detected,1.003048440009284,2743.735885750968,0.0005466998510279156,unmatched,unscored,,,,,postlaunch_descriptive,False,none
9000000000003854825,not_detected,44.69828878253568,2743.735908921808,0.0005466998464110372,unmatched,unscored,,,,,postlaunch_descriptive,False,none
9000000000003855114,candidate,0.9972898552039632,2743.7359216297045,0.0005466998438789404,unmatched,unscored,,,,,postlaunch_descriptive,False,none
9000000000003859610,not_detected,1.002756791548915,2743.736091530416,0.0005466998100255779,unmatched,unscored,,,,,postlaunch_descriptive,False,none
9000000000003865579,not_detected,1.9987707983612215,2743.736302579753,0.0005466997679732012,unmatched,unscored,,,,,postlaunch_descriptive,False,none
9000000000003866374,not_detected,1.002610918324663,2743.736328541767,0.0005466997628001724,unmatched,unscored,,,,,postlaunch_descriptive,False,none
9000000000003866714,confirmed,0.5966316728552861,2743.736335963942,0.0005466997613212762,unmatched,unscored,,,,,postlaunch_descriptive,False,none
9000000000003867133,not_detected,999.6027132402496,1945.769393870607,0.0007709032759612569,unmatched,unscored,,,,,postlaunch_descriptive,False,none
9000000000003867404,missing,,,,unscored,unscored,,,,,postlaunch_descriptive,False,none
9000000000003867583,missing,,,,unscored,unscored,,,,,postlaunch_descriptive,False,none
9000000000003867668,missing,,,,unscored,unscored,,,,,postlaunch_descriptive,False,none
9000000000003869880,confirmed,0.9661952632141236,2761.6570910559967,0.000543152154863091,unmatched,unscored,,,,,postlaunch_descriptive,False,none
9000000000003936965,confirmed,0.03389581739851,2746.6515678153373,0.0005461195069577343,unmatched,unscored,,,,,postlaunch_descriptive,False,none
9000000000003938990,not_detected,2.0053143275332643,2746.6516966321506,0.0005461194813449583,unmatched,unscored,,,,,postlaunch_descriptive,False,none
9000000000003954136,not_detected,1.0025853451023254,2764.652419407852,0.0005425636834019366,unmatched,unscored,,,,,postlaunch_descriptive,False,none
9000000000003958230,not_detected,0.9996589000018166,2743.735888306517,0.0005466998505187125,unmatched,unscored,,,,,postlaunch_descriptive,False,none
9000000000003958424,confirmed,1.0365429136083206,2743.735896181781,0.0005466998489495362,unmatched,unscored,,,,,postlaunch_descriptive,False,none
9000000000003958491,not_detected,1.0030484351516185,2743.735899038613,0.0005466998483803015,unmatched,unscored,,,,,postlaunch_descriptive,False,none
9000000000003964039,not_detected,35.12484298785463,2743.736108181998,0.0005466998067076871,unmatched,unscored,,,,,postlaunch_descriptive,False,none
9000000000003964176,not_detected,0.0024783724527247,2743.736112997867,0.0005466998057481069,unmatched,unscored,,,,,postlaunch_descriptive,False,none
9000000000003964570,not_detected,2.747020720571747,2743.736129675526,0.0005466998024250203,unmatched,unscored,,,,,postlaunch_descriptive,False,none
9000000000003965728,candidate,0.4044120611931431,2743.736170297023,0.0005466997943310336,unmatched,unscored,,,,,postlaunch_descriptive,False,none
9000000000003966800,not_detected,1.002902533861493,2743.73621273553,0.0005466997858750008,unmatched,unscored,,,,,postlaunch_descriptive,False,none
9000000000003971446,not_detected,27.931154556200568,2001.711024422664,0.0007493589142981475,unmatched,unscored,,,,,postlaunch_descriptive,False,none
9000000000003971805,confirmed,2.0082508172624687,2761.657036226243,0.0005431521656467975,unmatched,unscored,,,,,postlaunch_descriptive,False,none
9000000000003972358,not_detected,1.0026588920839632,2761.657051926013,0.0005431521625590265,unmatched,unscored,,,,,postlaunch_descriptive,False,none
9000000000003973260,confirmed,0.9661590580178944,2761.657076914329,0.0005431521576444201,unmatched,unscored,,,,,postlaunch_descriptive,False,none
9000000000004042063,confirmed,0.5333402751461467,2746.651749858167,0.0005461194707619769,unmatched,unscored,,,,,postlaunch_descriptive,False,none
9000000000004056111,not_detected,1.0025853553354729,2764.6523911897093,0.0005425636889397538,unmatched,unscored,,,,,postlaunch_descriptive,False,none
9000000000004058770,not_detected,1.0025382160278309,2743.7358058015816,0.0005466998669581365,unmatched,unscored,,,,,postlaunch_descriptive,False,none
9000000000004058862,not_detected,1.0025382147576702,2743.735809277743,0.000546699866265498,unmatched,unscored,,,,,postlaunch_descriptive,False,none
9000000000004060352,not_detected,1.0029755540639154,2743.735865594819,0.0005466998550441052,unmatched,unscored,,,,,postlaunch_descriptive,False,none
9000000000004066898,not_detected,1.0030483587035277,2743.736108154524,0.0005466998067131614,unmatched,unscored,,,,,postlaunch_descriptive,False,none
9000000000004070713,confirmed,0.9972897383907312,2743.7362430053763,0.0005466997798436199,unmatched,unscored,,,,,postlaunch_descriptive,False,none
9000000000004070833,confirmed,0.9661278482680944,2743.7362505923957,0.0005466997783318777,unmatched,unscored,,,,,postlaunch_descriptive,False,none
9000000000004071157,not_detected,1.0026838366565,2743.7362600495107,0.000546699776447512,unmatched,unscored,,,,,postlaunch_descriptive,False,none
9000000000004073646,not_detected,968.35949343211,1973.787750283256,0.0007599601323823885,unmatched,unscored,,,,,postlaunch_descriptive,False,none
9000000000004075975,confirmed,0.9661590575954676,2761.657078121789,0.0005431521574069415,unmatched,unscored,,,,,postlaunch_descriptive,False,none
9000000000004079369,candidate,0.0338926934304195,2761.657175230328,0.0005431521383080059,unmatched,unscored,,,,,postlaunch_descriptive,False,none
9000000000004135516,not_detected,0.999362355746194,2746.6513864737935,0.0005461195430140591,unmatched,unscored,,,,,postlaunch_descriptive,False,none
9000000000004155654,confirmed,0.3093698180278716,2764.6523680048995,0.0005425636934897783,unmatched,unscored,,,,,postlaunch_descriptive,False,none
9000000000004156309,not_detected,1.0025853535326237,2764.652396161109,0.0005425636879641154,unmatched,unscored,,,,,postlaunch_descriptive,False,none
9000000000004159702,not_detected,1.0025746573245562,2743.735820473172,0.0005466998640347658,unmatched,unscored,,,,,postlaunch_descriptive,False,none
9000000000004165505,confirmed,1.005526762546304,2743.7360225138254,0.0005466998237773954,unmatched,unscored,,,,,postlaunch_descriptive,False,none
9000000000004166305,not_detected,1.1703749722315508,2743.736047155224,0.0005466998188675032,unmatched,unscored,,,,,postlaunch_descriptive,False,none
9000000000004172808,not_detected,1.0001690156300589,2743.7362656863406,0.0005466997753243523,unmatched,unscored,,,,,postlaunch_descriptive,False,none
9000000000004173618,not_detected,0.9988204796979364,2743.736292660702,0.0005466997699496094,unmatched,unscored,,,,,postlaunch_descriptive,False,none
9000000000004175669,not_detected,916.2420803334188,852.7928874590434,0.0017589264897240827,unmatched,unscored,,,,,postlaunch_descriptive,False,none
9000000000004176455,confirmed,0.9662314901766164,2761.6570429848507,0.0005431521643175402,unmatched,unscored,,,,,postlaunch_descriptive,False,none
9000000000004242640,candidate,1.022918277601317,2746.6514789317735,0.0005461195246305437,unmatched,unscored,,,,,postlaunch_descriptive,False,none
9000000000004254811,not_detected,2.944899359703299,2204.9989513577893,0.0006802724323638945,unmatched,unscored,,,,,postlaunch_descriptive,False,none
9000000000004261149,not_detected,1.000234245197785,2764.652393453289,0.0005425636884955258,unmatched,unscored,,,,,postlaunch_descriptive,False,none
9000000000004262931,confirmed,0.0338198024168258,2764.652461525984,0.0005425636751362435,unmatched,unscored,,,,,postlaunch_descriptive,False,none
9000000000004263932,not_detected,1.002574666100808,2743.735796455294,0.0005466998688204201,unmatched,unscored,,,,,postlaunch_descriptive,False,none
9000000000004269031,not_detected,1156.421313691866,1973.7874702420088,0.0007599602402056403,unmatched,unscored,,,,,postlaunch_descriptive,False,none
9000000000004269682,not_detected,1.002392355233465,2743.7360088001005,0.0005466998265099072,unmatched,unscored,,,,,postlaunch_descriptive,False,none
9000000000004270312,candidate,1.96892118751069,2743.736028779298,0.0005466998225289761,unmatched,unscored,,,,,postlaunch_descriptive,False,none
9000000000004270733,not_detected,2.955860137878585,2743.7360435533337,0.0005466998195851934,unmatched,unscored,,,,,postlaunch_descriptive,False,none
9000000000004277377,not_detected,2.002051024285995,2743.736265142914,0.0005466997754326322,unmatched,unscored,,,,,postlaunch_descriptive,False,none
9000000000004278922,candidate,0.9983831124452694,2743.7363130981103,0.000546699765877379,unmatched,unscored,,,,,postlaunch_descriptive,False,none
9000000000004280657,not_detected,1.002658896065612,2761.657040959224,0.0005431521647159328,unmatched,unscored,,,,,postlaunch_descriptive,False,none
9000000000004282737,confirmed,0.9661590495905356,2761.6571010029875,0.0005431521529067548,unmatched,unscored,,,,,postlaunch_descriptive,False,none
9000000000004285040,confirmed,1.9689265083131584,2761.657165486831,0.0005431521402243194,unmatched,unscored,,,,,postlaunch_descriptive,False,none
9000000000004355661,confirmed,1063.6687760462391,2764.652037479449,0.0005425637583554853,unmatched,unscored,,,,,postlaunch_descriptive,False,none
9000000000004364237,candidate,0.0338198031412316,2764.652402308304,0.000542563686757727,unmatched,unscored,,,,,postlaunch_descriptive,False,none
9000000000004365860,not_detected,3.0052456547041264,2743.7357698506676,0.0005466998741214938,unmatched,unscored,,,,,postlaunch_descriptive,False,none
9000000000004366310,not_detected,1.0025382223908836,2743.7357883872464,0.0005466998704280095,unmatched,unscored,,,,,postlaunch_descriptive,False,none
9000000000004370829,candidate,1.005417443280377,2743.7359660277143,0.0005466998350324678,unmatched,unscored,,,,,postlaunch_descriptive,False,none
9000000000004371336,not_detected,1022.9813968664234,820.8279979708605,0.0018274230456418353,unmatched,unscored,,,,,postlaunch_descriptive,False,none
9000000000004372107,confirmed,1.6358352173034525,2743.7360148038715,0.000546699825313633,unmatched,unscored,,,,,postlaunch_descriptive,False,none
9000000000004372282,candidate,1.0389118993484174,2743.736020145472,0.0005466998242492987,unmatched,unscored,,,,,postlaunch_descriptive,False,none
9000000000004374610,not_detected,1.7092751742294614,2743.736099785194,0.0005466998083807821,unmatched,unscored,,,,,postlaunch_descriptive,False,none
9000000000004375393,not_detected,1.0021007393386565,2743.7361255860887,0.0005466998032398561,unmatched,unscored,,,,,postlaunch_descriptive,False,none
9000000000004379925,not_detected,0.0008018263344219,2743.7362749953754,0.0005466997734694921,unmatched,unscored,,,,,postlaunch_descriptive,False,none
9000000000004381950,missing,,,,unscored,unscored,,,,,postlaunch_descriptive,False,none
9000000000004382014,not_detected,1097.7478221891347,852.7928821621463,0.0017589265006491888,unmatched,unscored,,,,,postlaunch_descriptive,False,none
9000000000004383052,confirmed,0.9661228568442178,2761.657051273156,0.0005431521626874281,unmatched,unscored,,,,,postlaunch_descriptive,False,none
9000000000004386722,confirmed,0.0338202734492807,2761.6571504091844,0.0005431521431897333,unmatched,unscored,,,,,postlaunch_descriptive,False,none
9000000000004390637,confirmed,0.0337840619651135,2761.6572600519285,0.0005431521216256195,unmatched,unscored,,,,,postlaunch_descriptive,False,none
9000000000004446871,candidate,1.1701520700885455,2746.6515525258146,0.0005461195099977656,unmatched,unscored,,,,,postlaunch_descriptive,False,none
9000000000004458117,confirmed,1026.2767715056252,2167.0143035813235,0.0006921966308764183,unmatched,unscored,,,,,postlaunch_descriptive,False,none
9000000000004470415,candidate,1208.4247610807154,824.8693645247258,0.0018184697656510394,unmatched,unscored,,,,,postlaunch_descriptive,False,none
9000000000004470499,not_detected,1093.3859419998626,1973.7874953290448,0.0007599602305464698,unmatched,unscored,,,,,postlaunch_descriptive,False,none
9000000000004470707,not_detected,2.8046065708573846,2743.7359949019738,0.0005466998292791617,unmatched,unscored,,,,,postlaunch_descriptive,False,none
9000000000004471058,candidate,1.005453873907323,2743.7360097677447,0.0005466998263171003,unmatched,unscored,,,,,postlaunch_descriptive,False,none
9000000000004472103,not_detected,25.705242318706823,2743.736049073282,0.0005466998184853228,unmatched,unscored,,,,,postlaunch_descriptive,False,none
9000000000004472809,not_detected,0.000838273047652,2743.736073159147,0.0005466998136861228,unmatched,unscored,,,,,postlaunch_descriptive,False,none
9000000000004473660,candidate,1.0054902852611185,2743.7361060963012,0.0005466998071232701,unmatched,unscored,,,,,postlaunch_descriptive,False,none
9000000000004476419,candidate,0.0338224934923396,2743.73620682396,0.0005466997870529034,unmatched,unscored,,,,,postlaunch_descriptive,False,none
9000000000004481457,confirmed,0.9661228563340012,2761.657052731607,0.0005431521624005855,unmatched,unscored,,,,,postlaunch_descriptive,False,none
9000000000004482014,confirmed,0.9661228505906448,2761.6570691489615,0.0005431521591716829,unmatched,unscored,,,,,postlaunch_descriptive,False,none
9000000000004483235,confirmed,0.9661952586545772,2761.657104088459,0.000543152152299916,unmatched,unscored,,,,,postlaunch_descriptive,False,none
9000000000004483691,confirmed,1.9689265423508155,2761.6571177449077,0.0005431521496140181,unmatched,unscored,,,,,postlaunch_descriptive,False,none
9000000000004485025,confirmed,1.9689265149656483,2761.6571561559103,0.0005431521420594893,unmatched,unscored,,,,,postlaunch_descriptive,False,none
9000000000004566780,not_detected,944.4188986819707,2167.0142832314596,0.0006921966373766556,unmatched,unscored,,,,,postlaunch_descriptive,False,none
9000000000004567873,not_detected,12.000316342003734,2743.736003421247,0.0005466998275816641,unmatched,unscored,,,,,postlaunch_descriptive,False,none
9000000000004568087,confirmed,0.8488425963752553,2743.7360117710195,0.0005466998259179403,unmatched,unscored,,,,,postlaunch_descriptive,False,none
9000000000004568117,not_detected,1.0006429151419318,2743.7360105733387,0.0005466998261565827,unmatched,unscored,,,,,postlaunch_descriptive,False,none
9000000000004569596,not_detected,1.0032670540261628,2743.7360660387203,0.0005466998151048948,unmatched,unscored,,,,,postlaunch_descriptive,False,none
9000000000004569616,not_detected,1047.460442338604,1973.7875705133192,0.0007599602015985427,unmatched,unscored,,,,,postlaunch_descriptive,False,none
9000000000004570545,candidate,2.004207815262536,2731.7027497384697,0.0005491080609497531,unmatched,unscored,,,,,postlaunch_descriptive,False,none
9000000000004585626,candidate,0.9661312494248352,2752.628073652741,0.000544933772331072,unmatched,unscored,,,,,postlaunch_descriptive,False,none
9000000000004641419,confirmed,0.966161442498478,2764.651829918381,0.0005425637990894078,unmatched,unscored,,,,,postlaunch_descriptive,False,none
9000000000004647802,confirmed,0.0788164252682289,2764.6521554160863,0.0005425637352103873,unmatched,unscored,,,,,postlaunch_descriptive,False,none
9000000000004647949,confirmed,0.969778418080669,2764.652161785867,0.0005425637339603162,unmatched,unscored,,,,,postlaunch_descriptive,False,none
9000000000004648115,not_detected,3.0081180160910588,2764.6521697333083,0.0005425637324006287,unmatched,unscored,,,,,postlaunch_descriptive,False,none
9000000000004648556,confirmed,1.9351439657430856,2764.6521885236725,0.0005425637287130147,unmatched,unscored,,,,,postlaunch_descriptive,False,none
9000000000004649339,not_detected,2.002168648584828,2764.652220437303,0.0005425637224499561,unmatched,unscored,,,,,postlaunch_descriptive,False,none
9000000000004650386,candidate,1.9373865110014008,2764.6522619957104,0.0005425637142941079,unmatched,unscored,,,,,postlaunch_descriptive,False,none
9000000000004650733,not_detected,0.033855975586279,2764.652277157642,0.000542563711318575,unmatched,unscored,,,,,postlaunch_descriptive,False,none
9000000000004651173,not_detected,41.34733330896472,2764.652296819724,0.0005425637074598865,unmatched,unscored,,,,,postlaunch_descriptive,False,none
9000000000004658724,not_detected,1.0020643661961162,2743.7359243067913,0.0005466998433455206,unmatched,unscored,,,,,postlaunch_descriptive,False,none
9000000000004659183,not_detected,1.0020279134865313,2743.735940882005,0.0005466998400428461,unmatched,unscored,,,,,postlaunch_descriptive,False,none
9000000000004661844,not_detected,31.098108063306466,2743.736044208985,0.0005466998194545525,unmatched,unscored,,,,,postlaunch_descriptive,False,none
9000000000004661957,not_detected,8.86998586678503,2743.736051613465,0.0005466998179791817,unmatched,unscored,,,,,postlaunch_descriptive,False,none
9000000000004661980,not_detected,6.63536858854137,2743.73604978621,0.0005466998183432692,unmatched,unscored,,,,,postlaunch_descriptive,False,none
9000000000004664396,confirmed,1.0014446938002703,2743.736141406931,0.0005466998000874935,unmatched,unscored,,,,,postlaunch_descriptive,False,none
9000000000004665271,confirmed,0.0016783784472753,2740.7406282341108,0.000547297319763697,unmatched,unscored,,,,,postlaunch_descriptive,False,none
9000000000004668475,not_detected,47.47610679647668,2740.7407384477556,0.0005472972977551825,unmatched,unscored,,,,,postlaunch_descriptive,False,none
9000000000004669145,not_detected,1.002685128480231,2740.7407589312643,0.0005472972936648398,unmatched,unscored,,,,,postlaunch_descriptive,False,none
9000000000004670884,confirmed,0.0337840645766704,2761.6570465718396,0.000543152163612065,unmatched,unscored,,,,,postlaunch_descriptive,False,none
9000000000004672176,confirmed,0.9662314750617896,2761.6570861856453,0.0005431521558209731,unmatched,unscored,,,,,postlaunch_descriptive,False,none
9000000000004673539,confirmed,0.9661952507884763,2761.657126571983,0.0005431521478779426,unmatched,unscored,,,,,postlaunch_descriptive,False,none
9000000000004677282,confirmed,0.9661590029829916,2761.657234225422,0.0005431521267050774,unmatched,unscored,,,,,postlaunch_descriptive,False,none
9000000000004679769,confirmed,0.9661589777589144,2761.657306325622,0.0005431521125246877,unmatched,unscored,,,,,postlaunch_descriptive,False,none
9000000000004680338,confirmed,1.5981707668241627,2761.6573219960555,0.0005431521094426872,unmatched,unscored,,,,,postlaunch_descriptive,False,none
9000000000004680543,confirmed,0.96615897061187,2761.657326754648,0.0005431521085067857,unmatched,unscored,,,,,postlaunch_descriptive,False,none
9000000000004731956,not_detected,1.0026025397889116,2746.6517295874655,0.0005461194747924205,unmatched,unscored,,,,,postlaunch_descriptive,False,none
9000000000004738015,confirmed,0.9661975273522974,2764.652076185681,0.0005425637507593762,unmatched,unscored,,,,,postlaunch_descriptive,False,none
9000000000004742092,not_detected,1.9688190384831403,2764.652257829439,0.0005425637151117398,unmatched,unscored,,,,,postlaunch_descriptive,False,none
9000000000004742632,not_detected,0.9660889430297696,2764.652281004004,0.0005425637105637255,unmatched,unscored,,,,,postlaunch_descriptive,False,none
9000000000004750560,not_detected,1.0020643659427144,2743.7359250006266,0.0005466998432072713,unmatched,unscored,,,,,postlaunch_descriptive,False,none
9000000000004751387,not_detected,0.0026303472147528,2167.01428922778,0.0006921966354612863,unmatched,unscored,,,,,postlaunch_descriptive,False,none
9000000000004751410,not_detected,1.0027160458689317,2167.014289790299,0.0006921966352816042,unmatched,unscored,,,,,postlaunch_descriptive,False,none
9000000000004751716,not_detected,36.58871924529553,784.9878485072404,0.0019108576048055407,unmatched,unscored,,,,,postlaunch_descriptive,False,none
9000000000004752271,candidate,0.5352191328315983,2743.735995069612,0.0005466998292457592,unmatched,unscored,,,,,postlaunch_descriptive,False,none
9000000000004752361,not_detected,1.002756825662837,2743.7359981881455,0.0005466998286243795,unmatched,unscored,,,,,postlaunch_descriptive,False,none
9000000000004754852,confirmed,0.8673574722262564,2743.736090601422,0.0005466998102106835,unmatched,unscored,,,,,postlaunch_descriptive,False,none
9000000000004754938,confirmed,0.9661279036444438,2743.736093327403,0.0005466998096675214,unmatched,unscored,,,,,postlaunch_descriptive,False,none
9000000000004756164,not_detected,0.9294625546631244,2743.736137841828,0.0005466998007978537,unmatched,unscored,,,,,postlaunch_descriptive,False,none
9000000000004757338,candidate,1.005421659380375,2740.740637811832,0.0005472973178511259,unmatched,unscored,,,,,postlaunch_descriptive,False,none
9000000000004758622,not_detected,4.072767651916236,2740.740683978889,0.0005472973086320464,unmatched,unscored,,,,,postlaunch_descriptive,False,none
9000000000004759130,confirmed,0.9972851496660132,2740.7407008069567,0.000547297305271657,unmatched,unscored,,,,,postlaunch_descriptive,False,none
9000000000004761183,candidate,934.125136151892,1973.787810756825,0.0007599601090984766,unmatched,unscored,,,,,postlaunch_descriptive,False,none
9000000000004772508,confirmed,0.9661589651144572,2761.6573424683884,0.0005431521054162678,unmatched,unscored,,,,,postlaunch_descriptive,False,none
9000000000004772989,confirmed,0.96615895988829,2761.6573574068025,0.0005431521024782382,unmatched,unscored,,,,,postlaunch_descriptive,False,none
9000000000004774278,not_detected,7.902174987579029,2761.6573961349204,0.0005431520948613416,unmatched,unscored,,,,,postlaunch_descriptive,False,none
9000000000004820642,not_detected,0.9997263105048356,2746.6517297253013,0.0005461194747650145,unmatched,unscored,,,,,postlaunch_descriptive,False,none
9000000000004827552,candidate,1084.6449068987315,2167.014318411704,0.0006921966261392371,unmatched,unscored,,,,,postlaunch_descriptive,False,none
9000000000004830306,not_detected,0.9993528726254742,2749.6793928062543,0.0005455181443786933,unmatched,unscored,,,,,postlaunch_descriptive,False,none
9000000000004830647,not_detected,1.9689275626536156,2764.6522417836823,0.0005425637182607237,unmatched,unscored,,,,,postlaunch_descriptive,False,none
9000000000004832210,confirmed,0.9661612727609866,2764.652315618936,0.0005425637037705365,unmatched,unscored,,,,,postlaunch_descriptive,False,none
9000000000004833050,candidate,1077.0364141892696,2764.6523527312092,0.0005425636964872437,unmatched,unscored,,,,,postlaunch_descriptive,False,none
9000000000004841314,not_detected,1.0030119545913705,2743.735991782043,0.0005466998299008197,unmatched,unscored,,,,,postlaunch_descriptive,False,none
9000000000004841423,not_detected,1.0029390597079142,2743.7359960847534,0.0005466998290434884,unmatched,unscored,,,,,postlaunch_descriptive,False,none
9000000000004843037,not_detected,6.406337786649712,2743.7360603478737,0.0005466998162388176,unmatched,unscored,,,,,postlaunch_descriptive,False,none
9000000000004860614,confirmed,0.9661589684699236,2761.657332877163,0.000543152107302633,unmatched,unscored,,,,,postlaunch_descriptive,False,none
9000000000004861821,missing,,,,unscored,unscored,,,,,postlaunch_descriptive,False,none
9000000000004863260,confirmed,1.1245420891340685,2761.657415945549,0.0005431520909650638,unmatched,unscored,,,,,postlaunch_descriptive,False,none
9000000000004863836,candidate,0.9973720717665344,2761.657437551301,0.0005431520867157282,unmatched,unscored,,,,,postlaunch_descriptive,False,none
9000000000004907679,confirmed,0.0441628628132546,2746.651649666019,0.0005461194906832811,unmatched,unscored,,,,,postlaunch_descriptive,False,none
9000000000004915339,confirmed,0.9661975200415072,2764.652097104583,0.0005425637466540359,unmatched,unscored,,,,,postlaunch_descriptive,False,none
9000000000004919980,not_detected,1.968891354110878,2764.65229461994,0.0005425637078915947,unmatched,unscored,,,,,postlaunch_descriptive,False,none
9000000000004920875,confirmed,0.5000267057819096,2764.6523355953395,0.0005425636998501623,unmatched,unscored,,,,,postlaunch_descriptive,False,none
9000000000004928277,confirmed,1.9690305914736463,2743.7359396009706,0.000546699840298097,unmatched,unscored,,,,,postlaunch_descriptive,False,none
9000000000004930873,not_detected,3.8023336950949904,2743.7360412259586,0.0005466998200489317,unmatched,unscored,,,,,postlaunch_descriptive,False,none
9000000000004931272,not_detected,3.750142065023054,2743.736056286376,0.0005466998170480865,unmatched,unscored,,,,,postlaunch_descriptive,False,none
9000000000004931864,not_detected,1.0026110099029732,2743.7360779293813,0.0005466998127356356,unmatched,unscored,,,,,postlaunch_descriptive,False,none
9000000000004936105,not_detected,1.0002040714034013,2740.7406932003796,0.000547297306790611,unmatched,unscored,,,,,postlaunch_descriptive,False,none
9000000000004938796,candidate,1066.0408937873617,2001.7110772100275,0.0007493588945367135,unmatched,unscored,,,,,postlaunch_descriptive,False,none
9000000000004940093,confirmed,1.9689265813537724,2761.657063038554,0.0005431521603734545,unmatched,unscored,,,,,postlaunch_descriptive,False,none
9000000000004945152,confirmed,0.9661952184927096,2761.6572188823484,0.0005431521297226942,unmatched,unscored,,,,,postlaunch_descriptive,False,none
9000000000004949350,confirmed,0.9661951695946084,2761.6573586468585,0.0005431521022343488,unmatched,unscored,,,,,postlaunch_descriptive,False,none
9000000000004949894,missing,,,,unscored,unscored,,,,,postlaunch_descriptive,False,none
9000000000004950793,candidate,0.9973358743637452,2761.6574022839777,0.0005431520936519689,unmatched,unscored,,,,,postlaunch_descriptive,False,none
9000000000005004690,confirmed,2.011139061213993,2764.652185037732,0.0005425637293971314,unmatched,unscored,,,,,postlaunch_descriptive,False,none
9000000000005007173,confirmed,2.537678977173712,2764.652291762177,0.0005425637084524314,unmatched,unscored,,,,,postlaunch_descriptive,False,none
9000000000005007809,confirmed,1.0365498679198264,2764.6523227589205,0.0005425637023693127,unmatched,unscored,,,,,postlaunch_descriptive,False,none
9000000000005009905,confirmed,0.0338198028895759,2764.652422880288,0.0005425636827204702,unmatched,unscored,,,,,postlaunch_descriptive,False,none
9000000000005016707,candidate,0.6237480602394548,2743.735987480264,0.0005466998307579656,unmatched,unscored,,,,,postlaunch_descriptive,False,none
9000000000005019263,confirmed,0.4662984922826247,2743.736085735727,0.0005466998111801916,unmatched,unscored,,,,,postlaunch_descriptive,False,none
9000000000005019348,not_detected,0.9998046134286306,2743.736089187209,0.0005466998104924708,unmatched,unscored,,,,,postlaunch_descriptive,False,none
9000000000005019857,not_detected,2.0025613911362155,2743.736109324731,0.0005466998064799932,unmatched,unscored,,,,,postlaunch_descriptive,False,none
9000000000005021129,not_detected,8.416338231297164,2740.7406126125716,0.0005472973228831555,unmatched,unscored,,,,,postlaunch_descriptive,False,none
9000000000005021561,not_detected,22.643003630548854,2740.740628432948,0.0005472973197239913,unmatched,unscored,,,,,postlaunch_descriptive,False,none
9000000000005022630,not_detected,24.33178038572191,2740.7406668495387,0.0005472973120525989,unmatched,unscored,,,,,postlaunch_descriptive,False,none
9000000000005023483,not_detected,1.002575691838172,2740.740696557332,0.0005472973061202627,unmatched,unscored,,,,,postlaunch_descriptive,False,none
9000000000005023552,not_detected,1.002685150343508,2740.7406991701573,0.0005472973055985087,unmatched,unscored,,,,,postlaunch_descriptive,False,none
9000000000005023572,not_detected,1.0025756907927887,2740.740699415095,0.0005472973055495972,unmatched,unscored,,,,,postlaunch_descriptive,False,none
9000000000005023712,not_detected,1.002575688823646,2740.7407047981396,0.0005472973044746594,unmatched,unscored,,,,,postlaunch_descriptive,False,none
9000000000005023754,not_detected,23.547794886117227,2740.740706810262,0.0005472973040728595,unmatched,unscored,,,,,postlaunch_descriptive,False,none
9000000000005023863,not_detected,0.0022256757017291,2740.740708658006,0.0005472973037038844,unmatched,unscored,,,,,postlaunch_descriptive,False,none
9000000000005023899,candidate,0.0016783783977554,2740.7407090985216,0.000547297303615918,unmatched,unscored,,,,,postlaunch_descriptive,False,none
9000000000005023959,not_detected,1.002612172787257,2740.7407116959803,0.0005472973030972326,unmatched,unscored,,,,,postlaunch_descriptive,False,none
9000000000005023963,candidate,3.0038594932518934,2740.7407099083066,0.0005472973034542124,unmatched,unscored,,,,,postlaunch_descriptive,False,none
9000000000005024084,confirmed,0.3703013549051412,2740.740714437794,0.000547297302549721,unmatched,unscored,,,,,postlaunch_descriptive,False,none
9000000000005025692,missing,,,,unscored,unscored,,,,,postlaunch_descriptive,False,none
9000000000005036662,not_detected,1.0022966828847055,2761.6573488335125,0.0005431521041643997,unmatched,unscored,,,,,postlaunch_descriptive,False,none
9000000000005037710,not_detected,934.2615042333932,852.7931768945418,0.0017589258927496005,unmatched,unscored,,,,,postlaunch_descriptive,False,none
9000000000005040942,candidate,0.3316486603482006,2761.657469197642,0.0005431520804916485,unmatched,unscored,,,,,postlaunch_descriptive,False,none
9000000000005041474,candidate,1.00538757724435,2746.70193117857,0.0005461094933429387,unmatched,unscored,,,,,postlaunch_descriptive,False,none
9000000000005088315,confirmed,0.0338559794233062,2764.651963829063,0.0005425637728093952,unmatched,unscored,,,,,postlaunch_descriptive,False,none
9000000000005089535,confirmed,0.03385597860193,2764.6520309019834,0.0005425637596463148,unmatched,unscored,,,,,postlaunch_descriptive,False,none
9000000000005093519,confirmed,0.96623364963302,2764.6522153462283,0.0005425637234490809,unmatched,unscored,,,,,postlaunch_descriptive,False,none
9000000000005096867,confirmed,0.9661250840014822,2764.6523666866124,0.0005425636937484925,unmatched,unscored,,,,,postlaunch_descriptive,False,none
9000000000005104321,not_detected,9.104492527066917,2167.0180892944336,0.0006921954216304627,unmatched,unscored,,,,,postlaunch_descriptive,False,none
9000000000005104492,not_detected,1.0020928386017895,2001.7107424885037,0.0007493590198428057,unmatched,unscored,,,,,postlaunch_descriptive,False,none
9000000000005106012,not_detected,3.6838456432820377,2743.7360244537704,0.000546699823390854,unmatched,unscored,,,,,postlaunch_descriptive,False,none
9000000000005107801,confirmed,0.543383164513636,2743.7360915192403,0.0005466998100278047,unmatched,unscored,,,,,postlaunch_descriptive,False,none
9000000000005111938,not_detected,1.000240554141889,2740.7407034719363,0.0005472973047394884,unmatched,unscored,,,,,postlaunch_descriptive,False,none
9000000000005111982,candidate,0.2189918947122613,2740.7407054430805,0.0005472973043458714,unmatched,unscored,,,,,postlaunch_descriptive,False,none
9000000000005112446,not_detected,1321.6859785383094,2740.7407175702974,0.0005472973019241929,unmatched,unscored,,,,,postlaunch_descriptive,False,none
9000000000005112468,not_detected,7.471921685438566,2740.7407173323445,0.0005472973019717095,unmatched,unscored,,,,,postlaunch_descriptive,False,none
9000000000005113809,missing,,,,unscored,unscored,,,,,postlaunch_descriptive,False,none
9000000000005121607,confirmed,0.0338202721476828,2761.6572566935793,0.0005431521222861266,unmatched,unscored,,,,,postlaunch_descriptive,False,none
9000000000005175633,confirmed,0.0338921504354797,2764.651956162415,0.0005425637743139771,unmatched,unscored,,,,,postlaunch_descriptive,False,none
9000000000005176344,confirmed,0.0338559790635072,2764.651993209962,0.0005425637670433851,unmatched,unscored,,,,,postlaunch_descriptive,False,none
9000000000005176912,confirmed,0.0338559787040617,2764.6520225619897,0.0005425637612830411,unmatched,unscored,,,,,postlaunch_descriptive,False,none
9000000000005179606,confirmed,3.9806092796357864,2764.6521491822787,0.0005425637364337738,unmatched,unscored,,,,,postlaunch_descriptive,False,none
9000000000005183327,candidate,2.5176402786200724,2764.6523052193224,0.0005425637058114632,unmatched,unscored,,,,,postlaunch_descriptive,False,none
9000000000005184272,not_detected,1134.5285978664276,2764.652351950761,0.0005425636966404068,unmatched,unscored,,,,,postlaunch_descriptive,False,none
9000000000005185321,confirmed,0.9974129111285436,2764.652401461266,0.0005425636869239584,unmatched,unscored,,,,,postlaunch_descriptive,False,none
9000000000005186016,not_detected,1.0030580543833676,2760.6577584408224,0.0005433487709273956,unmatched,unscored,,,,,postlaunch_descriptive,False,none
9000000000005192090,not_detected,1081.1597322797236,2001.710749459453,0.0007493590172331661,unmatched,unscored,,,,,postlaunch_descriptive,False,none
9000000000005193920,not_detected,0.03393183556795,2743.7360355458222,0.0005466998211807205,unmatched,unscored,,,,,postlaunch_descriptive,False,none
9000000000005194223,not_detected,1.0030848280224116,2743.7360461587086,0.0005466998190660626,unmatched,unscored,,,,,postlaunch_descriptive,False,none
9000000000005200689,not_detected,0.0022621621652347,2740.7407370181754,0.0005472972980406547,unmatched,unscored,,,,,postlaunch_descriptive,False,none
9000000000005200743,missing,,,,unscored,unscored,,,,,postlaunch_descriptive,False,none
9000000000005207309,missing,,,,unscored,unscored,,,,,postlaunch_descriptive,False,none
9000000000005207966,confirmed,0.9661590102356024,2761.6572134946473,0.0005431521307823265,unmatched,unscored,,,,,postlaunch_descriptive,False,none
9000000000005212290,confirmed,1423.5267759492028,2761.6573447682895,0.0005431521049639321,unmatched,unscored,,,,,postlaunch_descriptive,False,none
9000000000005214241,candidate,2.1812625968074335,2761.657403751742,0.0005431520933632946,unmatched,unscored,,,,,postlaunch_descriptive,False,none
9000000000005215054,not_detected,2.002927644340111,2761.6574246357195,0.0005431520892559147,unmatched,unscored,,,,,postlaunch_descriptive,False,none
9000000000005217791,not_detected,4.099929116193588,2761.6575016574934,0.0005431520741075709,unmatched,unscored,,,,,postlaunch_descriptive,False,none
9000000000005252306,not_detected,31.68223486016199,2163.016602284275,0.0006934759531738731,unmatched,unscored,,,,,postlaunch_descriptive,False,none
9000000000005255463,not_detected,11.268979398915052,2163.017531325575,0.0006934756553178494,unmatched,unscored,,,,,postlaunch_descriptive,False,none
9000000000005257286,not_detected,14.237832941539136,2142.137790577486,0.0007002350673229213,unmatched,unscored,,,,,postlaunch_descriptive,False,none
9000000000005263507,confirmed,9.368096715268557,2167.014348486904,0.0006921966165324932,unmatched,unscored,,,,,postlaunch_descriptive,False,none
9000000000005265726,not_detected,42.77115209615068,2167.0143416207284,0.0006921966187257152,unmatched,unscored,,,,,postlaunch_descriptive,False,none
9000000000005265752,confirmed,0.0338921492549949,2764.6520524569787,0.0005425637554161408,unmatched,unscored,,,,,postlaunch_descriptive,False,none
9000000000005267721,not_detected,6.384360161436855,2167.014336623251,0.0006921966203220299,unmatched,unscored,,,,,postlaunch_descriptive,False,none
9000000000005271575,not_detected,47.76355135075192,2167.014325210359,0.0006921966239675827,unmatched,unscored,,,,,postlaunch_descriptive,False,none
9000000000005271803,confirmed,1.9349202966701335,2167.014324680902,0.0006921966241367041,unmatched,unscored,,,,,postlaunch_descriptive,False,none
9000000000005273819,candidate,1034.1868630430097,2167.0143218906596,0.0006921966250279748,unmatched,unscored,,,,,postlaunch_descriptive,False,none
9000000000005273991,confirmed,37.478155636925024,2167.014321269933,0.0006921966252262499,unmatched,unscored,,,,,postlaunch_descriptive,False,none
9000000000005280983,not_detected,27.18125946363344,2743.735995742958,0.0005466998291115924,unmatched,unscored,,,,,postlaunch_descriptive,False,none
9000000000005281931,not_detected,1.3268404671682577,2743.736033141613,0.0005466998216597683,unmatched,unscored,,,,,postlaunch_descriptive,False,none
9000000000005286036,not_detected,16.48636163346196,2142.1342552816495,0.0007002362229638957,unmatched,unscored,,,,,postlaunch_descriptive,False,none
9000000000005286045,not_detected,24.46830765717104,2142.134255232755,0.0007002362229798787,unmatched,unscored,,,,,postlaunch_descriptive,False,none
9000000000005286347,candidate,0.8424729968398583,2740.7406630967744,0.0005472973128019868,unmatched,unscored,,,,,postlaunch_descriptive,False,none
9000000000005287182,not_detected,0.9997662333597378,2740.7406937438063,0.0005472973066820943,unmatched,unscored,,,,,postlaunch_descriptive,False,none
9000000000005288186,not_detected,45.51802316686493,2740.7407290660776,0.0005472972996286055,unmatched,unscored,,,,,postlaunch_descriptive,False,none
9000000000005288226,not_detected,1.0002040578022342,2740.7407304700464,0.0005472972993482477,unmatched,unscored,,,,,postlaunch_descriptive,False,none
9000000000005296455,not_detected,6.530131256394898,2167.0161661976017,0.0006921960359123693,unmatched,unscored,,,,,postlaunch_descriptive,False,none
9000000000005298232,not_detected,47.233796245497835,2167.016165035777,0.0006921960362834836,unmatched,unscored,,,,,postlaunch_descriptive,False,none
9000000000005299273,not_detected,32.8520853658189,2167.016163730994,0.000692196036700262,unmatched,unscored,,,,,postlaunch_descriptive,False,none
9000000000005301091,not_detected,1.0021614226788902,2167.0161621216685,0.0006921960372143185,unmatched,unscored,,,,,postlaunch_descriptive,False,none
9000000000005302556,not_detected,1.0055193588766378,2761.6574215958826,0.0005431520898537782,unmatched,unscored,,,,,postlaunch_descriptive,False,none
9000000000005303197,confirmed,0.288884489868957,2761.6574374134652,0.0005431520867428372,unmatched,unscored,,,,,postlaunch_descriptive,False,none
9000000000005304427,not_detected,456.98578824961754,2167.0161595675163,0.0006921960380301749,unmatched,unscored,,,,,postlaunch_descriptive,False,none
9000000000005306089,not_detected,22.334686024753065,2001.711595607456,0.0007493587004699333,unmatched,unscored,,,,,postlaunch_descriptive,False,none
9000000000005306631,not_detected,33.67987655704384,2001.7116121496072,0.0007493586942772306,unmatched,unscored,,,,,postlaunch_descriptive,False,none
9000000000005306779,not_detected,1090.487773970268,1944.890181233175,0.0007712517727087869,unmatched,unscored,,,,,postlaunch_descriptive,False,none
9000000000005307434,missing,,,,unscored,unscored,,,,,postlaunch_descriptive,False,none
9000000000005307951,missing,,,,unscored,unscored,,,,,postlaunch_descriptive,False,none
9000000000005308067,not_detected,1086.6396668519933,2001.7116491626948,0.0007493586804210496,unmatched,unscored,,,,,postlaunch_descriptive,False,none
9000000000005308288,not_detected,41.40006863956808,2001.7116570863873,0.0007493586774547444,unmatched,unscored,,,,,postlaunch_descriptive,False,none
9000000000005310857,not_detected,35.62381085736819,2001.7117283018304,0.0007493586507946068,unmatched,unscored,,,,,postlaunch_descriptive,False,none
9000000000005344954,not_detected,2.2237131574782376,2142.1377950571477,0.0007002350658585823,unmatched,unscored,,,,,postlaunch_descriptive,False,none
9000000000005350459,not_detected,3.0003493012403344,2167.014353066217,0.0006921966150697502,unmatched,unscored,,,,,postlaunch_descriptive,False,none
9000000000005353189,not_detected,8.167366337760948,2167.0143431881443,0.0006921966182250448,unmatched,unscored,,,,,postlaunch_descriptive,False,none
9000000000005357987,not_detected,10.7699795243818,2167.0143334222957,0.0006921966213444922,unmatched,unscored,,,,,postlaunch_descriptive,False,none
9000000000005359390,not_detected,1089.835339591589,2142.134357146453,0.0007002361896655991,unmatched,unscored,,,,,postlaunch_descriptive,False,none
9000000000005368801,not_detected,28.022679491676595,2167.016184802633,0.000692196029969484,unmatched,unscored,,,,,postlaunch_descriptive,False,none
9000000000005370776,not_detected,38.58176076210548,2167.016184552107,0.0006921960300495078,unmatched,unscored,,,,,postlaunch_descriptive,False,none
9000000000005372077,not_detected,45.24207706185235,2167.011471775826,0.0006921975354245714,unmatched,unscored,,,,,postlaunch_descriptive,False,none
9000000000005372348,not_detected,25.181961789186712,2167.0114686391316,0.0006921975364265098,unmatched,unscored,,,,,postlaunch_descriptive,False,none
9000000000005373357,not_detected,22.821060570888637,2167.0114693567157,0.0006921975361972956,unmatched,unscored,,,,,postlaunch_descriptive,False,none
9000000000005385838,missing,,,,unscored,unscored,,,,,postlaunch_descriptive,False,none
9000000000005389640,not_detected,595.9072248481781,2167.0161630306393,0.0006921960369239718,unmatched,unscored,,,,,postlaunch_descriptive,False,none
9000000000005390694,not_detected,553.8344419316794,2167.0161641701125,0.0006921960365599972,unmatched,unscored,,,,,postlaunch_descriptive,False,none
9000000000005392623,confirmed,4.182970230295583,2001.711592245381,0.0007493587017285563,unmatched,unscored,,,,,postlaunch_descriptive,False,none
9000000000005393984,not_detected,1096.3094836166788,1944.8901943550443,0.000771251767505272,unmatched,unscored,,,,,postlaunch_descriptive,False,none
9000000000005394679,not_detected,1168.8131661429802,1972.8144004573112,0.000760335082536041,unmatched,unscored,,,,,postlaunch_descriptive,False,none
9000000000005431598,not_detected,1.0021772387597132,2752.6069175289012,0.0005449379606102987,unmatched,unscored,,,,,postlaunch_descriptive,False,none
9000000000005437040,not_detected,2.03431970407394,2167.0143543179147,0.0006921966146699278,unmatched,unscored,,,,,postlaunch_descriptive,False,none
9000000000005443942,confirmed,0.9661974609231058,2764.6522662644275,0.0005425637134563712,unmatched,unscored,,,,,postlaunch_descriptive,False,none
9000000000005449347,confirmed,0.2866545191077054,2764.652036419604,0.0005425637585634803,unmatched,unscored,,,,,postlaunch_descriptive,False,none
9000000000005449427,confirmed,0.0062213977575815,2764.652039654553,0.0005425637579286206,unmatched,unscored,,,,,postlaunch_descriptive,False,none
9000000000005449646,not_detected,1.002678415202864,2752.6273211352527,0.0005449339213059043,unmatched,unscored,,,,,postlaunch_descriptive,False,none
9000000000005451209,not_detected,1.0125686277568489,2764.6521166684106,0.0005425637428146293,unmatched,unscored,,,,,postlaunch_descriptive,False,none
9000000000005455434,not_detected,1109.080793549299,2001.7108522355556,0.0007493589787579791,unmatched,unscored,,,,,postlaunch_descriptive,False,none
9000000000005456131,not_detected,20.855358757460323,2167.0161863714457,0.0006921960294683681,unmatched,unscored,,,,,postlaunch_descriptive,False,none
9000000000005456417,not_detected,657.1317271421123,2167.0161850727163,0.0006921960298832129,unmatched,unscored,,,,,postlaunch_descriptive,False,none
9000000000005458953,not_detected,44.83792601026931,2167.011470997706,0.0006921975356731224,unmatched,unscored,,,,,postlaunch_descriptive,False,none
9000000000005459846,not_detected,38.851386421129526,2167.0114700002596,0.0006921975359917317,unmatched,unscored,,,,,postlaunch_descriptive,False,none
9000000000005460668,not_detected,405.9119150959886,2167.0114685790613,0.0006921975364456978,unmatched,unscored,,,,,postlaunch_descriptive,False,none
9000000000005470013,not_detected,23.549155141998177,2167.016170741059,0.0006921960344610821,unmatched,unscored,,,,,postlaunch_descriptive,False,none
9000000000005475186,not_detected,0.0026795503021785,2761.6574296006,0.0005431520882794412,unmatched,unscored,,,,,postlaunch_descriptive,False,none
9000000000005475731,candidate,1.036406598962665,2761.6574449301697,0.0005431520852644809,unmatched,unscored,,,,,postlaunch_descriptive,False,none
9000000000005476145,not_detected,1.0025139048768097,2761.657455853652,0.0005431520831160927,unmatched,unscored,,,,,postlaunch_descriptive,False,none
9000000000005526004,not_detected,28.495924321963532,2142.1344087775797,0.0007002361727880479,unmatched,unscored,,,,,postlaunch_descriptive,False,none
9000000000005528773,confirmed,0.9661974663846752,2764.6522506368347,0.0005425637165232903,unmatched,unscored,,,,,postlaunch_descriptive,False,none
9000000000005534187,not_detected,1.0022237798315672,2764.6520225908607,0.0005425637612773752,unmatched,unscored,,,,,postlaunch_descriptive,False,none
9000000000005536476,confirmed,1.1237580214191096,2764.6521233073436,0.0005425637415117368,unmatched,unscored,,,,,postlaunch_descriptive,False,none
9000000000005543745,confirmed,0.9661974083226286,2764.652416774072,0.0005425636839188166,unmatched,unscored,,,,,postlaunch_descriptive,False,none
9000000000005544213,confirmed,0.9661974023949712,2764.6524337353185,0.000542563680590168,unmatched,unscored,,,,,postlaunch_descriptive,False,none
9000000000005546767,candidate,0.9661250272439864,2764.652529103216,0.0005425636618741968,unmatched,unscored,,,,,postlaunch_descriptive,False,none
9000000000005546978,candidate,1.9659613388323915,2764.652535450179,0.0005425636606286038,unmatched,unscored,,,,,postlaunch_descriptive,False,none
9000000000005551240,confirmed,1.9689265256777584,2761.6571411308832,0.000543152145014554,unmatched,unscored,,,,,postlaunch_descriptive,False,none
9000000000005552761,confirmed,0.966122809398647,2761.6571868960746,0.0005431521360136317,unmatched,unscored,,,,,postlaunch_descriptive,False,none
9000000000005552812,confirmed,0.9661952291622788,2761.657188385725,0.0005431521357206529,unmatched,unscored,,,,,postlaunch_descriptive,False,none
9000000000005560731,not_detected,1.0026225451110156,2761.65742881177,0.0005431520884345854,unmatched,unscored,,,,,postlaunch_descriptive,False,none
9000000000005565100,confirmed,1.6792451331294858,2761.657549876254,0.0005431520646240925,unmatched,unscored,,,,,postlaunch_descriptive,False,none
9000000000005566636,not_detected,1072.3355521754272,2763.707377840765,0.000542749211449413,unmatched,unscored,,,,,postlaunch_descriptive,False,none
9000000000005599732,not_detected,4.040437106166791,2764.651374711655,0.0005425638884238869,unmatched,unscored,,,,,postlaunch_descriptive,False,none
9000000000005600745,confirmed,0.0338921566302821,2764.651450839825,0.0005425638734837049,unmatched,unscored,,,,,postlaunch_descriptive,False,none
9000000000005601718,confirmed,0.8252396309426026,2764.651519939769,0.0005425638599228156,unmatched,unscored,,,,,postlaunch_descriptive,False,none
9000000000005601944,confirmed,0.0338559846534489,2764.651536739897,0.0005425638566257844,unmatched,unscored,,,,,postlaunch_descriptive,False,none
9000000000005607779,confirmed,0.9661614198147668,2764.6518948273733,0.0005425637863509977,unmatched,unscored,,,,,postlaunch_descriptive,False,none
9000000000005607987,confirmed,0.966161415475454,2764.6519072442316,0.0005425637839141854,unmatched,unscored,,,,,postlaunch_descriptive,False,none
9000000000005608294,confirmed,0.033855979891504,2764.6519255964085,0.0005425637803125651,unmatched,unscored,,,,,postlaunch_descriptive,False,none
9000000000005609745,confirmed,0.9661613818636412,2764.6520034237765,0.000542563765038921,unmatched,unscored,,,,,postlaunch_descriptive,False,none
9000000000005614247,confirmed,0.9661974780513756,2764.6522172540426,0.0005425637230746719,unmatched,unscored,,,,,postlaunch_descriptive,False,none
9000000000005621003,not_detected,0.3874628651151811,2764.6520388000645,0.0005425637580963142,unmatched,unscored,,,,,postlaunch_descriptive,False,none
9000000000005621299,not_detected,1.0026939912334318,2764.652051609475,0.0005425637555824637,unmatched,unscored,,,,,postlaunch_descriptive,False,none
9000000000005629390,confirmed,1.968927453232231,2764.652395426762,0.0005425636881082312,unmatched,unscored,,,,,postlaunch_descriptive,False,none
9000000000005629449,confirmed,1.9689274516092132,2764.6523977057077,0.0005425636876609875,unmatched,unscored,,,,,postlaunch_descriptive,False,none
9000000000005630056,candidate,1.96896360521408,2764.652422007639,0.0005425636828917279,unmatched,unscored,,,,,postlaunch_descriptive,False,none
9000000000005630359,confirmed,0.9661974024480248,2764.652433583513,0.0005425636806199599,unmatched,unscored,,,,,postlaunch_descriptive,False,none
9000000000005633212,confirmed,1.968963523495264,2764.6525367503054,0.0005425636603734538,unmatched,unscored,,,,,postlaunch_descriptive,False,none
9000000000005637890,confirmed,1.9688903055117188,2761.657155189663,0.000543152142249527,unmatched,unscored,,,,,postlaunch_descriptive,False,none
9000000000005642753,candidate,1.238278187272338,2761.657303786371,0.0005431521130240978,unmatched,unscored,,,,,postlaunch_descriptive,False,none
9000000000005645258,confirmed,1026.9463314140137,2167.01146604307,0.0006921975372557568,unmatched,unscored,,,,,postlaunch_descriptive,False,none
9000000000005650964,confirmed,1.9688900260933797,2761.6575471148826,0.0005431520651671882,unmatched,unscored,,,,,postlaunch_descriptive,False,none
9000000000005651153,candidate,1.9688900226865236,2761.6575518934987,0.0005431520642273486,unmatched,unscored,,,,,postlaunch_descriptive,False,none
9000000000005693587,confirmed,0.0338559803034068,2764.6518919607624,0.000542563786913571,unmatched,unscored,,,,,postlaunch_descriptive,False,none
9000000000005696889,confirmed,0.0338559780789027,2764.652073611971,0.0005425637512644675,unmatched,unscored,,,,,postlaunch_descriptive,False,none
9000000000005703294,confirmed,0.9661610911763356,2764.6528352200985,0.0005425636017986984,unmatched,unscored,,,,,postlaunch_descriptive,False,none
9000000000005703362,confirmed,0.0338559687216334,2764.6528377193026,0.0005425636013082292,unmatched,unscored,,,,,postlaunch_descriptive,False,none
9000000000005705995,not_detected,1.0029949934089326,2204.996051359456,0.0006802733270543493,unmatched,unscored,,,,,postlaunch_descriptive,False,none
9000000000005706961,candidate,0.0063299104600135,2764.6520611229353,0.0005425637537154444,unmatched,unscored,,,,,postlaunch_descriptive,False,none
9000000000005716288,confirmed,0.9661250535869218,2764.6524537205696,0.0005425636766680579,unmatched,unscored,,,,,postlaunch_descriptive,False,none
9000000000005722200,confirmed,0.9661228330881994,2761.65711917961,0.0005431521493318462,unmatched,unscored,,,,,postlaunch_descriptive,False,none
9000000000005722501,not_detected,1.3116038054381502,2761.657129219733,0.0005431521473571934,unmatched,unscored,,,,,postlaunch_descriptive,False,none
9000000000005722895,confirmed,1.9689265259068336,2761.657140809577,0.0005431521450777472,unmatched,unscored,,,,,postlaunch_descriptive,False,none
9000000000005723454,confirmed,1.968926513198778,2761.6571586341597,0.0005431521415720766,unmatched,unscored,,,,,postlaunch_descriptive,False,none
9000000000005723859,not_detected,25.091456216870668,2761.6571713127196,0.0005431521390785061,unmatched,unscored,,,,,postlaunch_descriptive,False,none
9000000000005728857,confirmed,2.038449868814109,2761.657319183927,0.0005431521099957658,unmatched,unscored,,,,,postlaunch_descriptive,False,none
9000000000005736270,not_detected,0.7577333433294746,2761.6575387921184,0.0005431520668040771,unmatched,unscored,,,,,postlaunch_descriptive,False,none
9000000000005737795,candidate,1073.134736152653,2763.7073676856235,0.0005427492134437251,unmatched,unscored,,,,,postlaunch_descriptive,False,none
9000000000005739204,confirmed,0.5521206753344582,2763.707407036796,0.0005427492057157659,unmatched,unscored,,,,,postlaunch_descriptive,False,none
9000000000005769810,confirmed,0.932269475053709,2764.6512826685794,0.0005425639064873763,unmatched,unscored,,,,,postlaunch_descriptive,False,none
9000000000005780412,confirmed,0.9661975621053636,2764.6519767441787,0.0005425637702747999,unmatched,unscored,,,,,postlaunch_descriptive,False,none
9000000000005781387,confirmed,0.0338559786072903,2764.6520304642618,0.0005425637597322179,unmatched,unscored,,,,,postlaunch_descriptive,False,none
9000000000005781841,confirmed,0.0338559783199986,2764.6520539242774,0.0005425637551281831,unmatched,unscored,,,,,postlaunch_descriptive,False,none
9000000000005781874,confirmed,0.9661613636544772,2764.652055528946,0.0005425637548132664,unmatched,unscored,,,,,postlaunch_descriptive,False,none
9000000000005787406,confirmed,0.0338559752358892,2764.6523057701997,0.0005425637057033534,unmatched,unscored,,,,,postlaunch_descriptive,False,none
9000000000005807588,confirmed,0.9660866231850226,2761.6571184932254,0.0005431521494668418,unmatched,unscored,,,,,postlaunch_descriptive,False,none
9000000000005807760,not_detected,1.0027312863577535,2761.65712357359,0.0005431521484676551,unmatched,unscored,,,,,postlaunch_descriptive,False,none
9000000000005809587,confirmed,1.9688902865641895,2761.65718176635,0.0005431521370225262,unmatched,unscored,,,,,postlaunch_descriptive,False,none
9000000000005809654,confirmed,0.0338202730393564,2761.6571838823147,0.0005431521366063664,unmatched,unscored,,,,,postlaunch_descriptive,False,none
9000000000005812648,confirmed,1.9688902180094128,2761.6572779244743,0.0005431521181105159,unmatched,unscored,,,,,postlaunch_descriptive,False,none
9000000000005817274,confirmed,1.0041071644018154,2761.6574189588428,0.0005431520903724209,unmatched,unscored,,,,,postlaunch_descriptive,False,none
9000000000005823587,not_detected,1.0024216095579377,2763.7073797937483,0.0005427492110658774,unmatched,unscored,,,,,postlaunch_descriptive,False,none
9000000000005857290,candidate,1.485612254592122,2764.6514003262855,0.000542563883397006,unmatched,unscored,,,,,postlaunch_descriptive,False,none
9000000000005857501,not_detected,1015.722937459981,2142.1317585343495,0.0007002370391195278,unmatched,unscored,,,,,postlaunch_descriptive,False,none
9000000000005865485,confirmed,1.9688916030210384,2764.651945108548,0.000542563776483302,unmatched,unscored,,,,,postlaunch_descriptive,False,none
9000000000005868626,confirmed,2.9689088039060705,2764.6521136658266,0.0005425637434038872,unmatched,unscored,,,,,postlaunch_descriptive,False,none
9000000000005869159,candidate,1227.565903908254,2108.0906261643395,0.0007115443621744301,unmatched,unscored,,,,,postlaunch_descriptive,False,none
9000000000005879641,confirmed,0.6394294489053964,2764.6521489215083,0.00054256373648495,unmatched,unscored,,,,,postlaunch_descriptive,False,none
9000000000005881189,not_detected,2.005062325337895,2764.6522155194543,0.0005425637234150852,unmatched,unscored,,,,,postlaunch_descriptive,False,none
9000000000005882306,confirmed,1.968891375704181,2764.652264299337,0.0005425637138420207,unmatched,unscored,,,,,postlaunch_descriptive,False,none
9000000000005893541,not_detected,16.601916031169846,2761.657143303193,0.0005431521445873124,unmatched,unscored,,,,,postlaunch_descriptive,False,none
9000000000005894754,not_detected,46.35289300002485,2761.657185020391,0.0005431521363825339,unmatched,unscored,,,,,postlaunch_descriptive,False,none
9000000000005895238,candidate,1.9819259240755929,2761.657200963702,0.0005431521332468647,unmatched,unscored,,,,,postlaunch_descriptive,False,none
9000000000005949982,confirmed,0.0338559791310076,2764.651987697929,0.0005425637681251231,unmatched,unscored,,,,,postlaunch_descriptive,False,none
9000000000005952417,confirmed,0.0338198067263028,2764.652109241113,0.0005425637442722385,unmatched,unscored,,,,,postlaunch_descriptive,False,none
9000000000005957075,not_detected,1.0029734247989552,2147.0160093540326,0.0006986440685420419,unmatched,unscored,,,,,postlaunch_descriptive,False,none
9000000000005957093,candidate,10.126662128796522,2764.652325111907,0.0005425637019075385,unmatched,unscored,,,,,postlaunch_descriptive,False,none
9000000000005960912,candidate,0.7734065559023199,2764.652023805771,0.0005425637610389486,unmatched,unscored,,,,,postlaunch_descriptive,False,none
9000000000005960954,not_detected,1.0025854877882037,2764.6520259482786,0.0005425637606184809,unmatched,unscored,,,,,postlaunch_descriptive,False,none
9000000000005963255,not_detected,1.002693961533852,2764.652133497875,0.0005425637395118422,unmatched,unscored,,,,,postlaunch_descriptive,False,none
9000000000005963660,not_detected,1.0025854417543951,2764.6521528875455,0.0005425637357066141,unmatched,unscored,,,,,postlaunch_descriptive,False,none
9000000000005964745,candidate,1126.0455123703427,2167.01150106173,0.0006921975260699231,unmatched,unscored,,,,,postlaunch_descriptive,False,none
9000000000005965533,not_detected,441.7189043604119,2764.6522289151326,0.0005425637207861799,unmatched,unscored,,,,,postlaunch_descriptive,False,none
9000000000005966660,not_detected,1.9689275362515508,2764.6522788559087,0.0005425637109852898,unmatched,unscored,,,,,postlaunch_descriptive,False,none
9000000000005977646,confirmed,0.5215709000269464,2761.6571398549713,0.0005431521452654955,unmatched,unscored,,,,,postlaunch_descriptive,False,none
9000000000005980866,confirmed,0.0338926925902706,2761.6572436876595,0.0005431521248440809,unmatched,unscored,,,,,postlaunch_descriptive,False,none
9000000000005985441,not_detected,4.775755138312043,1064.0411522011273,0.0014097199125212658,unmatched,unscored,,,,,postlaunch_descriptive,False,none
9000000000005989921,confirmed,0.0338202688931125,2761.657522451598,0.0005431520700178671,unmatched,unscored,,,,,postlaunch_descriptive,False,none
9000000000006020410,confirmed,0.0338055942685387,2771.7305974769406,0.0005411781366361595,unmatched,unscored,,,,,postlaunch_descriptive,False,none
9000000000006022110,confirmed,0.0063660831714076,2764.651281819213,0.0005425639066540648,unmatched,unscored,,,,,postlaunch_descriptive,False,none
9000000000006025450,confirmed,0.9661615488058816,2764.6515257218853,0.0005425638587880731,unmatched,unscored,,,,,postlaunch_descriptive,False,none
9000000000006025883,confirmed,0.0338921553559818,2764.651554787066,0.0005425638530840211,unmatched,unscored,,,,,postlaunch_descriptive,False,none
9000000000006037465,confirmed,0.0338921468972451,2764.6522447834723,0.0005425637176720142,unmatched,unscored,,,,,postlaunch_descriptive,False,none
9000000000006037851,confirmed,0.0338559757956861,2764.652260057628,0.0005425637146744571,unmatched,unscored,,,,,postlaunch_descriptive,False,none
9000000000006038135,confirmed,0.966125117051266,2764.652272111736,0.0005425637123088354,unmatched,unscored,,,,,postlaunch_descriptive,False,none
9000000000006043088,not_detected,2.90289697366154,2764.6520261713304,0.0005425637605747069,unmatched,unscored,,,,,postlaunch_descriptive,False,none
9000000000006044459,not_detected,1.002513123618874,2764.6520875408314,0.0005425637485309248,unmatched,unscored,,,,,postlaunch_descriptive,False,none
9000000000006045357,candidate,0.0377262654532614,2764.652126227971,0.0005425637409385629,unmatched,unscored,,,,,postlaunch_descriptive,False,none
9000000000006046900,not_detected,11.937638496782617,2167.0115079269744,0.0006921975238769928,unmatched,unscored,,,,,postlaunch_descriptive,False,none
9000000000006048208,not_detected,0.0026766476671703,2764.652251681313,0.0005425637163183111,unmatched,unscored,,,,,postlaunch_descriptive,False,none
9000000000006048250,not_detected,1.0446521785022584,2764.652254055254,0.0005425637158524246,unmatched,unscored,,,,,postlaunch_descriptive,False,none
9000000000006048255,confirmed,1.249162528416892,2764.652254160028,0.0005425637158318627,unmatched,unscored,,,,,postlaunch_descriptive,False,none
9000000000006048801,confirmed,1.0054067277068033,2764.6522779292427,0.0005425637111671482,unmatched,unscored,,,,,postlaunch_descriptive,False,none
9000000000006050146,confirmed,2.9688723983411975,2764.6523321736604,0.0005425637005216677,unmatched,unscored,,,,,postlaunch_descriptive,False,none
9000000000006057504,candidate,4.2299241677411965,2761.657073922921,0.0005431521582327588,unmatched,unscored,,,,,postlaunch_descriptive,False,none
9000000000006058758,not_detected,10.836247493753373,2761.657115828246,0.0005431521499909798,unmatched,unscored,,,,,postlaunch_descriptive,False,none
9000000000006063724,confirmed,0.9688747477547544,2761.657279437408,0.000543152117812958,unmatched,unscored,,,,,postlaunch_descriptive,False,none
9000000000006065823,not_detected,0.002715760513024,2761.6573567632586,0.0005431521026048079,unmatched,unscored,,,,,postlaunch_descriptive,False,none
9000000000006105241,not_detected,4.00806399531008,2764.6514658862725,0.000542563870530834,unmatched,unscored,,,,,postlaunch_descriptive,False,none
9000000000006107196,confirmed,0.0338921548369738,2764.651597123593,0.0005425638447754626,unmatched,unscored,,,,,postlaunch_descriptive,False,none
9000000000006114196,not_detected,0.033855978501395,2764.652039111592,0.0005425637580351769,unmatched,unscored,,,,,postlaunch_descriptive,False,none
9000000000006115335,confirmed,0.033855977793949,2764.6520968810655,0.0005425637466979012,unmatched,unscored,,,,,postlaunch_descriptive,False,none
9000000000006120015,confirmed,0.9688740927598212,2764.6523113958538,0.0005425637045993174,unmatched,unscored,,,,,postlaunch_descriptive,False,none
9000000000006124327,not_detected,2.003543280770745,2764.6520308107138,0.0005425637596642265,unmatched,unscored,,,,,postlaunch_descriptive,False,none
9000000000006124836,not_detected,2.003000700393757,2764.6520537468605,0.0005425637551630012,unmatched,unscored,,,,,postlaunch_descriptive,False,none
9000000000006125835,not_detected,1.0025131197682535,2764.6520981597714,0.0005425637464469548,unmatched,unscored,,,,,postlaunch_descriptive,False,none
9000000000006127806,not_detected,1135.0006509551392,2167.0115115866065,0.000692197522708015,unmatched,unscored,,,,,postlaunch_descriptive,False,none
9000000000006127942,not_detected,1009.9516613575928,2167.0115115563385,0.0006921975227176833,unmatched,unscored,,,,,postlaunch_descriptive,False,none
9000000000006128326,candidate,5.0097078927184295,2764.65221058717,0.0005425637243830474,unmatched,unscored,,,,,postlaunch_descriptive,False,none
9000000000006128330,confirmed,0.4466746288063186,2764.6522107156925,0.0005425637243578248,unmatched,unscored,,,,,postlaunch_descriptive,False,none
9000000000006128622,not_detected,4.053168028543899,2764.6522229244,0.0005425637219618627,unmatched,unscored,,,,,postlaunch_descriptive,False,none
9000000000006129694,confirmed,0.0338198047574777,2764.652270185761,0.0005425637126868085,unmatched,unscored,,,,,postlaunch_descriptive,False,none
9000000000006130071,confirmed,1.678149553591164,2764.6522862468846,0.0005425637095348089,unmatched,unscored,,,,,postlaunch_descriptive,False,none
9000000000006130247,confirmed,0.9688017570225482,2764.652294016909,0.0005425637080099397,unmatched,unscored,,,,,postlaunch_descriptive,False,none
9000000000006131451,confirmed,1.126579263137553,2764.6523435250856,0.0005425636982939477,unmatched,unscored,,,,,postlaunch_descriptive,False,none
9000000000006137779,not_detected,1.0062074884476568,2761.657045791857,0.000543152163765469,unmatched,unscored,,,,,postlaunch_descriptive,False,none
9000000000006139796,confirmed,1.001282885367816,2761.657110502012,0.000543152151038523,unmatched,unscored,,,,,postlaunch_descriptive,False,none
9000000000006139982,confirmed,1.5229262083252764,2761.657115760725,0.0005431521500042595,unmatched,unscored,,,,,postlaunch_descriptive,False,none
9000000000006145884,confirmed,0.0017742969004224,2761.6573070907034,0.0005431521123742144,unmatched,unscored,,,,,postlaunch_descriptive,False,none
9000000000006149358,candidate,1.0054239974634869,2746.7018958837725,0.0005461095003603816,unmatched,unscored,,,,,postlaunch_descriptive,False,none
9000000000006153673,not_detected,1160.4705179040243,1945.8317353259772,0.0007708785774062376,unmatched,unscored,,,,,postlaunch_descriptive,False,none
9000000000006181674,confirmed,0.9661833803538742,2771.73055804288,0.0005411781443356278,unmatched,unscored,,,,,postlaunch_descriptive,False,none
9000000000006185004,not_detected,0.001700033528108,2764.651356747374,0.000542563891949384,unmatched,unscored,,,,,postlaunch_descriptive,False,none
9000000000006188405,not_detected,1.002911181333475,2764.6515978747047,0.0005425638446280567,unmatched,unscored,,,,,postlaunch_descriptive,False,none
9000000000006190873,not_detected,1.0029472923856548,2764.6517629101872,0.0005425638122397874,unmatched,unscored,,,,,postlaunch_descriptive,False,none
9000000000006192580,not_detected,1.0029834267166864,2764.6518637673,0.0005425637924465468,unmatched,unscored,,,,,postlaunch_descriptive,False,none
9000000000006198172,candidate,0.9662336655099224,2764.652169918176,0.0005425637323643483,unmatched,unscored,,,,,postlaunch_descriptive,False,none
9000000000006198256,confirmed,0.9662336642024166,2764.6521736592986,0.000542563731630152,unmatched,unscored,,,,,postlaunch_descriptive,False,none
9000000000006199518,confirmed,0.9662336457061084,2764.6522265821695,0.0005425637212440245,unmatched,unscored,,,,,postlaunch_descriptive,False,none
9000000000006199559,confirmed,0.9662336451443074,2764.6522281896323,0.0005425637209285595,unmatched,unscored,,,,,postlaunch_descriptive,False,none
9000000000006199593,confirmed,0.9661974736778888,2764.652229768224,0.0005425637206187605,unmatched,unscored,,,,,postlaunch_descriptive,False,none
9000000000006205514,confirmed,0.997304535669732,2764.652020907961,0.0005425637616076447,unmatched,unscored,,,,,postlaunch_descriptive,False,none
9000000000006207183,not_detected,1.001898213657204,2764.65209962707,0.000542563746158997,unmatched,unscored,,,,,postlaunch_descriptive,False,none
9000000000006207265,not_detected,1.0006684011825582,2764.652103264816,0.0005425637454450884,unmatched,unscored,,,,,postlaunch_descriptive,False,none
9000000000006207355,confirmed,1.343460173833194,2764.652106807567,0.0005425637447498225,unmatched,unscored,,,,,postlaunch_descriptive,False,none
9000000000006208403,not_detected,1.0026420422432971,2752.627442018129,0.0005449338973748853,unmatched,unscored,,,,,postlaunch_descriptive,False,none
9000000000006209225,not_detected,1126.8159680949989,2167.011513378937,0.0006921975221355001,unmatched,unscored,,,,,postlaunch_descriptive,False,none
9000000000006210148,confirmed,1.001427944192678,2764.6522309021093,0.0005425637203962352,unmatched,unscored,,,,,postlaunch_descriptive,False,none
9000000000006210480,confirmed,0.9661612970308628,2764.652246171143,0.0005425637173996834,unmatched,unscored,,,,,postlaunch_descriptive,False,none
9000000000006212165,missing,,,,unscored,unscored,,,,,postlaunch_descriptive,False,none
9000000000006213736,candidate,1.9688912946436543,2764.6523781218566,0.000542563691504323,unmatched,unscored,,,,,postlaunch_descriptive,False,none
9000000000006213806,confirmed,1.0014640609310597,2764.652380461805,0.0005425636910451076,unmatched,unscored,,,,,postlaunch_descriptive,False,none
9000000000006214454,candidate,1.9689274455598735,2764.6524061998352,0.000542563685994013,unmatched,unscored,,,,,postlaunch_descriptive,False,none
9000000000006222079,not_detected,1.002586439543064,2761.657140766736,0.000543152145086173,unmatched,unscored,,,,,postlaunch_descriptive,False,none
9000000000006222818,not_detected,20.518900477928536,2752.628000742756,0.000544933786764956,unmatched,unscored,,,,,postlaunch_descriptive,False,none
9000000000006223081,confirmed,0.9661228133824732,2761.657175508328,0.00054315213825333,unmatched,unscored,,,,,postlaunch_descriptive,False,none
9000000000006227573,not_detected,1.00255016395721,2761.6573210377246,0.0005431521096311681,unmatched,unscored,,,,,postlaunch_descriptive,False,none
9000000000006230552,confirmed,1.5379532491225634,2761.657418665476,0.0005431520904301191,unmatched,unscored,,,,,postlaunch_descriptive,False,none
9000000000006264667,candidate,4.709418555740962,2764.65127189178,0.0005425639086023274,unmatched,unscored,,,,,postlaunch_descriptive,False,none
9000000000006271442,not_detected,0.999872765492732,2764.6517591043375,0.0005425638129866866,unmatched,unscored,,,,,postlaunch_descriptive,False,none
9000000000006277788,not_detected,46.50889186214278,2142.134460982401,0.000700236155722964,unmatched,unscored,,,,,postlaunch_descriptive,False,none
9000000000006280416,confirmed,0.0338559758592347,2764.6522548682988,0.0005425637156928644,unmatched,unscored,,,,,postlaunch_descriptive,False,none
9000000000006280651,candidate,3.155369704726805,2764.652264656034,0.0005425637137720188,unmatched,unscored,,,,,postlaunch_descriptive,False,none
9000000000006283792,confirmed,0.9661610751086028,2764.6528811976314,0.0005425635927755997,unmatched,unscored,,,,,postlaunch_descriptive,False,none
9000000000006284778,confirmed,981.08693582049,2764.652928557247,0.0005425635834812673,unmatched,unscored,,,,,postlaunch_descriptive,False,none
9000000000006286606,candidate,1.0085175031838771,2764.652067215182,0.0005425637525198392,unmatched,unscored,,,,,postlaunch_descriptive,False,none
9000000000006289567,not_detected,2.0080645175089877,2764.652206935454,0.0005425637250996975,unmatched,unscored,,,,,postlaunch_descriptive,False,none
9000000000006289782,confirmed,1.968963752553912,2764.652215125505,0.000542563723492398,unmatched,unscored,,,,,postlaunch_descriptive,False,none
9000000000006289991,confirmed,2.96894485643146,2764.652223910205,0.0005425637217683982,unmatched,unscored,,,,,postlaunch_descriptive,False,none
9000000000006292374,confirmed,0.966125099275319,2764.6523229791783,0.0005425637023260871,unmatched,unscored,,,,,postlaunch_descriptive,False,none
9000000000006293287,confirmed,0.9661250865439484,2764.6523594111204,0.0005425636951763095,unmatched,unscored,,,,,postlaunch_descriptive,False,none
9000000000006293407,confirmed,0.9661250849013696,2764.6523641115054,0.0005425636942538578,unmatched,unscored,,,,,postlaunch_descriptive,False,none
9000000000006293941,confirmed,0.0017723747205079,2764.652386034839,0.0005425636899513983,unmatched,unscored,,,,,postlaunch_descriptive,False,none
9000000000006294244,confirmed,1.968927450832526,2764.6523987962864,0.0005425636874469613,unmatched,unscored,,,,,postlaunch_descriptive,False,none
9000000000006294343,candidate,0.0017362037973363,2764.652402767446,0.0005425636866676203,unmatched,unscored,,,,,postlaunch_descriptive,False,none
9000000000006300837,not_detected,1.0025502432033917,2761.65710274363,0.0005431521525644119,unmatched,unscored,,,,,postlaunch_descriptive,False,none
9000000000006301965,not_detected,1.0025502293650654,2761.657140863128,0.0005431521450672151,unmatched,unscored,,,,,postlaunch_descriptive,False,none
9000000000006303119,confirmed,0.966122812628389,2761.657177663874,0.0005431521378293855,unmatched,unscored,,,,,postlaunch_descriptive,False,none
9000000000006305211,not_detected,1.0033830258791632,2761.6572420806624,0.000543152125160139,unmatched,unscored,,,,,postlaunch_descriptive,False,none
9000000000006306941,not_detected,1.0012828178160746,2761.6572968177497,0.0005431521143946593,unmatched,unscored,,,,,postlaunch_descriptive,False,none
9000000000006307405,not_detected,1.0030208980711257,2761.657314744778,0.0005431521108688405,unmatched,unscored,,,,,postlaunch_descriptive,False,none
9000000000006307569,not_detected,1.0024777438018564,2761.657320690807,0.0005431521096993984,unmatched,unscored,,,,,postlaunch_descriptive,False,none
9000000000006308793,not_detected,1001.3155822058424,2167.011494096834,0.0006921975282946846,unmatched,unscored,,,,,postlaunch_descriptive,False,none
9000000000006311076,not_detected,0.407943427206428,2761.6574379317462,0.0005431520866409037,unmatched,unscored,,,,,postlaunch_descriptive,False,none
9000000000006312787,confirmed,2.0040501114547427,2761.657489683479,0.0005431520764625736,unmatched,unscored,,,,,postlaunch_descriptive,False,none
9000000000006313843,confirmed,0.1992643893616553,2761.6575232679024,0.0005431520698573196,unmatched,unscored,,,,,postlaunch_descriptive,False,none
9000000000006313849,confirmed,1.0011016850868284,2761.6575230918825,0.0005431520698919386,unmatched,unscored,,,,,postlaunch_descriptive,False,none
9000000000006344785,confirmed,1.0014644322216832,2764.6513554733247,0.0005425638921994166,unmatched,unscored,,,,,postlaunch_descriptive,False,none
9000000000006356251,confirmed,0.966161346156463,2764.652105599176,0.0005425637449869696,unmatched,unscored,,,,,postlaunch_descriptive,False,none
9000000000006357774,confirmed,0.966197492309881,2764.652176455129,0.0005425637310814695,unmatched,unscored,,,,,postlaunch_descriptive,False,none
9000000000006357802,confirmed,0.9662336627429056,2764.652177835349,0.000542563730810601,unmatched,unscored,,,,,postlaunch_descriptive,False,none
9000000000006358109,confirmed,0.9661974867936304,2764.652192239184,0.0005425637279838445,unmatched,unscored,,,,,postlaunch_descriptive,False,none
9000000000006358667,confirmed,0.9661613064079424,2764.652219338808,0.0005425637226655361,unmatched,unscored,,,,,postlaunch_descriptive,False,none
9000000000006359228,confirmed,0.0338198050843202,2764.6522434675135,0.0005425637179302714,unmatched,unscored,,,,,postlaunch_descriptive,False,none
9000000000006362279,confirmed,1.0366220091770957,2764.652857674751,0.0005425635973919689,unmatched,unscored,,,,,postlaunch_descriptive,False,none
9000000000006363126,confirmed,0.0338559679506051,2764.6529006808996,0.000542563588952005,unmatched,unscored,,,,,postlaunch_descriptive,False,none
9000000000006363818,confirmed,0.0338559675506379,2764.6529333419167,0.0005425635825422751,unmatched,unscored,,,,,postlaunch_descriptive,False,none
9000000000006364294,confirmed,1.968854711777496,2764.652956584003,0.000542563577981012,unmatched,unscored,,,,,postlaunch_descriptive,False,none
9000000000006364385,not_detected,1.0027430974149134,2539.932717129588,0.0005905668248154109,unmatched,unscored,,,,,postlaunch_descriptive,False,none
9000000000006366940,not_detected,0.0008681019834876,2764.6521326419897,0.0005425637396798099,unmatched,unscored,,,,,postlaunch_descriptive,False,none
9000000000006369265,confirmed,0.966197471713286,2764.652235389687,0.0005425637195155469,unmatched,unscored,,,,,postlaunch_descriptive,False,none
9000000000006371677,confirmed,1.9689274948437017,2764.652336998377,0.0005425636995748159,unmatched,unscored,,,,,postlaunch_descriptive,False,none
9000000000006372541,not_detected,1.0018375540589044,2539.9327362910844,0.0005905668203601181,unmatched,unscored,,,,,postlaunch_descriptive,False,none
9000000000006373973,confirmed,1.968927429305487,2764.652429023292,0.0005425636815149043,unmatched,unscored,,,,,postlaunch_descriptive,False,none
9000000000006385065,confirmed,0.9661227763155424,2761.657281463966,0.0005431521174143823,unmatched,unscored,,,,,postlaunch_descriptive,False,none
9000000000006392244,confirmed,0.9661951165631568,2761.657510225661,0.000543152072422417,unmatched,unscored,,,,,postlaunch_descriptive,False,none
9000000000006392875,confirmed,0.9661226901914428,2761.6575276493095,0.0005431520689956015,unmatched,unscored,,,,,postlaunch_descriptive,False,none
9000000000006421651,confirmed,0.03387775075205,2771.730646678712,0.000541178127029554,unmatched,unscored,,,,,postlaunch_descriptive,False,none
9000000000006423173,confirmed,1.001464443564277,2764.6513241608627,0.0005425638983444994,unmatched,unscored,,,,,postlaunch_descriptive,False,none
9000000000006424108,confirmed,0.8980155712486454,2764.651393013075,0.0005425638848322263,unmatched,unscored,,,,,postlaunch_descriptive,False,none
9000000000006426152,confirmed,0.0338921554622929,2764.6515461150557,0.0005425638547859061,unmatched,unscored,,,,,postlaunch_descriptive,False,none
9000000000006435994,not_detected,24.014738859011416,2142.1344742500223,0.0007002361513859495,unmatched,unscored,,,,,postlaunch_descriptive,False,none
9000000000006436882,confirmed,0.9661974861013324,2764.652194220107,0.0005425637275950878,unmatched,unscored,,,,,postlaunch_descriptive,False,none
9000000000006437992,confirmed,1.9689637314824804,2764.652244712226,0.0005425637176859963,unmatched,unscored,,,,,postlaunch_descriptive,False,none
9000000000006441429,confirmed,0.9975935961894642,2764.6528712040745,0.0005425635947368368,unmatched,unscored,,,,,postlaunch_descriptive,False,none
9000000000006443180,candidate,0.9662335512709692,2764.6524967863224,0.0005425636682163941,unmatched,unscored,,,,,postlaunch_descriptive,False,none
9000000000006443347,confirmed,1.0014641921977636,2764.652018085588,0.0005425637621615362,unmatched,unscored,,,,,postlaunch_descriptive,False,none
9000000000006443468,not_detected,20.93464185391249,2764.6520252833143,0.0005425637607489803,unmatched,unscored,,,,,postlaunch_descriptive,False,none
9000000000006444857,not_detected,1.0026939764001923,2764.6520925080404,0.0005425637475561086,unmatched,unscored,,,,,postlaunch_descriptive,False,none
9000000000006445052,not_detected,1.0025131184106413,2764.652101903688,0.0005425637457122101,unmatched,unscored,,,,,postlaunch_descriptive,False,none
9000000000006448267,not_detected,4.008117108111366,2746.701182388235,0.0005461096422202586,unmatched,unscored,,,,,postlaunch_descriptive,False,none
9000000000006449640,not_detected,14.864473155045426,2764.6523069706745,0.0005425637054677599,unmatched,unscored,,,,,postlaunch_descriptive,False,none
9000000000006450799,confirmed,1.968891309673704,2764.6523570171557,0.0005425636956461257,unmatched,unscored,,,,,postlaunch_descriptive,False,none
9000000000006450804,confirmed,0.9661250873322044,2764.652357155457,0.000542563695618984,unmatched,unscored,,,,,postlaunch_descriptive,False,none
9000000000006451125,not_detected,1.0019065697962894,2204.9960211850703,0.000680273336363586,unmatched,unscored,,,,,postlaunch_descriptive,False,none
9000000000006452607,confirmed,0.9661250613796518,2764.652431420982,0.0005425636810443571,unmatched,unscored,,,,,postlaunch_descriptive,False,none
9000000000006455318,candidate,1.9688911856119635,2764.6525312205777,0.000542563661458664,unmatched,unscored,,,,,postlaunch_descriptive,False,none
9000000000006462423,confirmed,2.0040140803626736,2761.6572429463267,0.0005431521249898833,unmatched,unscored,,,,,postlaunch_descriptive,False,none
9000000000006467663,candidate,0.0356669873562916,2761.6574121061713,0.0005431520917201778,unmatched,unscored,,,,,postlaunch_descriptive,False,none
9000000000006468930,not_detected,1.0031294786911311,2761.6574518522248,0.0005431520839030779,unmatched,unscored,,,,,postlaunch_descriptive,False,none
9000000000006470068,not_detected,1.003201886363274,2761.6574865537696,0.0005431520770781126,unmatched,unscored,,,,,postlaunch_descriptive,False,none
9000000000006496934,confirmed,0.033843356802393,2762.728311672341,0.0005429415529795678,unmatched,unscored,,,,,postlaunch_descriptive,False,none
9000000000006509298,confirmed,3.0065992050928743,2764.6518318504095,0.0005425637987102465,unmatched,unscored,,,,,postlaunch_descriptive,False,none
9000000000006510468,confirmed,0.0677843021227161,2764.651905108243,0.0005425637843333739,unmatched,unscored,,,,,postlaunch_descriptive,False,none
9000000000006510676,not_detected,0.9661252412269424,2764.651916772127,0.0005425637820443331,unmatched,unscored,,,,,postlaunch_descriptive,False,none
9000000000006510963,candidate,0.9323415969054808,2764.65193503676,0.0005425637784598934,unmatched,unscored,,,,,postlaunch_descriptive,False,none
9000000000006511030,confirmed,4.247695644578303,2764.651938984636,0.0005425637776851214,unmatched,unscored,,,,,postlaunch_descriptive,False,none
9000000000006515494,confirmed,0.8636167780563949,2764.652170576621,0.0005425637322351284,unmatched,unscored,,,,,postlaunch_descriptive,False,none
9000000000006516390,confirmed,0.9661974801463336,2764.652211259585,0.0005425637242510858,unmatched,unscored,,,,,postlaunch_descriptive,False,none
9000000000006517172,confirmed,0.966197467689691,2764.652246902697,0.0005425637172561158,unmatched,unscored,,,,,postlaunch_descriptive,False,none
9000000000006520395,confirmed,1.0343432445564118,2764.6528510237113,0.0005425635986972367,unmatched,unscored,,,,,postlaunch_descriptive,False,none
9000000000006522546,confirmed,0.0339283091482861,2764.652950727381,0.000542563579130375,unmatched,unscored,,,,,postlaunch_descriptive,False,none
9000000000006522640,confirmed,0.0340368218035377,2764.652955647558,0.0005425635781647894,unmatched,unscored,,,,,postlaunch_descriptive,False,none
9000000000006522735,confirmed,2.968908392124063,2764.6524971178733,0.0005425636681513273,unmatched,unscored,,,,,postlaunch_descriptive,False,none
9000000000006523173,not_detected,0.1135766803306671,2764.6520314365625,0.0005425637595414035,unmatched,unscored,,,,,postlaunch_descriptive,False,none
9000000000006523265,confirmed,1.7926306585195897,2764.6520360712893,0.0005425637586318371,unmatched,unscored,,,,,postlaunch_descriptive,False,none
9000000000006524036,not_detected,1.0027301556884247,2764.6520694261417,0.0005425637520859378,unmatched,unscored,,,,,postlaunch_descriptive,False,none
9000000000006525382,not_detected,0.9997641168745413,2764.65213478636,0.0005425637392589768,unmatched,unscored,,,,,postlaunch_descriptive,False,none
9000000000006525422,not_detected,1.0030194985903995,2764.652136770077,0.0005425637388696717,unmatched,unscored,,,,,postlaunch_descriptive,False,none
9000000000006526074,not_detected,2.1668186968843206,2764.652164306026,0.0005425637334657343,unmatched,unscored,,,,,postlaunch_descriptive,False,none
9000000000006527470,confirmed,1.96896374508902,2764.652225607075,0.0005425637214353872,unmatched,unscored,,,,,postlaunch_descriptive,False,none
9000000000006528292,not_detected,2.9689432527997908,2746.7012016177177,0.0005461096383969792,unmatched,unscored,,,,,postlaunch_descriptive,False,none
9000000000006531801,confirmed,0.966125069830618,2764.6524072377943,0.0005425636857903133,unmatched,unscored,,,,,postlaunch_descriptive,False,none
9000000000006548685,candidate,0.966122722329045,2761.6574357841164,0.0005431520870632912,unmatched,unscored,,,,,postlaunch_descriptive,False,none
9000000000006549138,not_detected,36.765928389419784,2761.657448835671,0.000543152084496362,unmatched,unscored,,,,,postlaunch_descriptive,False,none
9000000000006580506,confirmed,0.0338795519514991,2762.7283895015717,0.0005429415376842808,unmatched,unscored,,,,,postlaunch_descriptive,False,none
9000000000006586144,not_detected,1087.6717500568648,2142.1318182777613,0.0007002370195901274,unmatched,unscored,,,,,postlaunch_descriptive,False,none
9000000000006586988,confirmed,0.0338559852442563,2764.6514884950593,0.0005425638660938513,unmatched,unscored,,,,,postlaunch_descriptive,False,none
9000000000006591477,candidate,2.8446620560576092,2764.6517741018906,0.0005425638100434119,unmatched,unscored,,,,,postlaunch_descriptive,False,none
9000000000006591704,candidate,1142.7396869703978,2142.1317469212227,0.0007002370429157189,unmatched,unscored,,,,,postlaunch_descriptive,False,none
9000000000006593353,confirmed,0.9323416149993984,2764.6518813832663,0.0005425637889894079,unmatched,unscored,,,,,postlaunch_descriptive,False,none
9000000000006593906,confirmed,2.975238929822427,2764.651913347654,0.000542563782716387,unmatched,unscored,,,,,postlaunch_descriptive,False,none
9000000000006599573,confirmed,0.9661613166792472,2764.6521899476647,0.0005425637284335558,unmatched,unscored,,,,,postlaunch_descriptive,False,none
9000000000006603775,confirmed,0.1013870515265343,2764.652840571478,0.0005425636007484892,unmatched,unscored,,,,,postlaunch_descriptive,False,none
9000000000006603811,confirmed,0.0338921395780262,2764.6528418273665,0.0005425636005020209,unmatched,unscored,,,,,postlaunch_descriptive,False,none
9000000000006605293,confirmed,0.0338559678889725,2764.652905713767,0.000542563587964304,unmatched,unscored,,,,,postlaunch_descriptive,False,none
9000000000006605754,confirmed,0.0338921385269957,2764.6529275621288,0.0005425635836765594,unmatched,unscored,,,,,postlaunch_descriptive,False,none
9000000000006605809,confirmed,0.0338921384926414,2764.6529303644784,0.0005425635831265978,unmatched,unscored,,,,,postlaunch_descriptive,False,none
9000000000006605826,confirmed,0.0338559675784148,2764.6529310736805,0.0005425635829874168,unmatched,unscored,,,,,postlaunch_descriptive,False,none
9000000000006607382,not_detected,1.0062749120695975,2764.6520514739677,0.000542563755609057,unmatched,unscored,,,,,postlaunch_descriptive,False,none
9000000000006607505,not_detected,1.002476963804607,2764.6520569226705,0.0005425637545397476,unmatched,unscored,,,,,postlaunch_descriptive,False,none
9000000000006608262,not_detected,1.002693977925755,2764.652088301722,0.0005425637483815999,unmatched,unscored,,,,,postlaunch_descriptive,False,none
9000000000006609698,not_detected,1.0025492729444072,2764.6521470807493,0.0005425637368461994,unmatched,unscored,,,,,postlaunch_descriptive,False,none
9000000000006611172,candidate,2.008209200449554,2764.6522079259157,0.0005425637249053193,unmatched,unscored,,,,,postlaunch_descriptive,False,none
9000000000006615364,candidate,1.0090237841732612,2764.6523736659437,0.000542563692378797,unmatched,unscored,,,,,postlaunch_descriptive,False,none
9000000000006619485,confirmed,1.9688550191210576,2764.652525014244,0.0005425636626766584,unmatched,unscored,,,,,postlaunch_descriptive,False,none
9000000000006621643,candidate,0.0338926948057376,2761.6570631661452,0.0005431521603483603,unmatched,unscored,,,,,postlaunch_descriptive,False,none
9000000000006631038,candidate,1.999958460798221,2761.65735852113,0.0005431521022590765,unmatched,unscored,,,,,postlaunch_descriptive,False,none
9000000000006634254,not_detected,2.526743499119138,2761.6574466037564,0.0005431520849353263,unmatched,unscored,,,,,postlaunch_descriptive,False,none
9000000000006669715,confirmed,0.0038186281979776,2749.67853784794,0.000545518313996802,unmatched,unscored,,,,,postlaunch_descriptive,False,none
9000000000006670373,confirmed,0.640153046412489,2764.6513750394806,0.000542563888359551,unmatched,unscored,,,,,postlaunch_descriptive,False,none
9000000000006670894,confirmed,5.01889676516534,2764.65140632214,0.0005425638822203173,unmatched,unscored,,,,,postlaunch_descriptive,False,none
9000000000006676437,not_detected,1.0034898580480072,2764.651757813059,0.0005425638132401005,unmatched,unscored,,,,,postlaunch_descriptive,False,none
9000000000006676843,missing,,,,unscored,unscored,,,,,postlaunch_descriptive,False,none
9000000000006679174,confirmed,0.0338921509221769,2764.651916461531,0.0005425637821052877,unmatched,unscored,,,,,postlaunch_descriptive,False,none
9000000000006680635,confirmed,0.0338559790731159,2764.6519924253225,0.0005425637671973708,unmatched,unscored,,,,,postlaunch_descriptive,False,none
9000000000006688997,confirmed,0.9660887493422594,2764.652835278772,0.0005425636017871837,unmatched,unscored,,,,,postlaunch_descriptive,False,none
9000000000006690728,confirmed,0.0338921387362096,2764.652910496108,0.0005425635870257688,unmatched,unscored,,,,,postlaunch_descriptive,False,none
9000000000006690879,confirmed,0.03389213865287,2764.652917294298,0.0005425635856916229,unmatched,unscored,,,,,postlaunch_descriptive,False,none
9000000000006691019,confirmed,0.0338559676687651,2764.652923695743,0.0005425635844353383,unmatched,unscored,,,,,postlaunch_descriptive,False,none
9000000000006691324,confirmed,0.0339283092950561,2764.652938767802,0.0005425635814774442,unmatched,unscored,,,,,postlaunch_descriptive,False,none
9000000000006691605,confirmed,0.9688738684128202,2764.652951563243,0.0005425635789663369,unmatched,unscored,,,,,postlaunch_descriptive,False,none
9000000000006691867,confirmed,0.0338559671831009,2764.652963354718,0.0005425635766522581,unmatched,unscored,,,,,postlaunch_descriptive,False,none
9000000000006692274,not_detected,0.9964726005468224,2764.6520320661366,0.0005425637594178495,unmatched,unscored,,,,,postlaunch_descriptive,False,none
9000000000006693081,not_detected,0.9997279705580762,2764.652066758834,0.0005425637526093977,unmatched,unscored,,,,,postlaunch_descriptive,False,none
9000000000006695768,missing,,,,unscored,unscored,,,,,postlaunch_descriptive,False,none
9000000000006696226,missing,,,,unscored,unscored,,,,,postlaunch_descriptive,False,none
9000000000006697518,not_detected,0.0338559759978281,2764.652243550867,0.0005425637179139132,unmatched,unscored,,,,,postlaunch_descriptive,False,none
9000000000006698448,not_detected,0.0025681348991213,2764.652278363239,0.0005425637110819763,unmatched,unscored,,,,,postlaunch_descriptive,False,none
9000000000006698937,not_detected,0.0339283171904908,2764.6522954073735,0.0005425637077370606,unmatched,unscored,,,,,postlaunch_descriptive,False,none
9000000000006699213,not_detected,45.4573979486721,2764.6523046018556,0.0005425637059326413,unmatched,unscored,,,,,postlaunch_descriptive,False,none
9000000000006699346,not_detected,2.0011919688544353,2764.652310276404,0.0005425637048190097,unmatched,unscored,,,,,postlaunch_descriptive,False,none
9000000000006705288,candidate,2.004447200122997,2764.6525184898637,0.0005425636639570694,unmatched,unscored,,,,,postlaunch_descriptive,False,none
9000000000006716021,confirmed,1.0008120745051523,2761.657328491565,0.0005431521081651755,unmatched,unscored,,,,,postlaunch_descriptive,False,none
9000000000006718549,confirmed,2.0184980208263297,2761.657401931938,0.0005431520937212067,unmatched,unscored,,,,,postlaunch_descriptive,False,none
9000000000006719052,not_detected,1.002767390371658,2761.6574158575386,0.0005431520909823734,unmatched,unscored,,,,,postlaunch_descriptive,False,none
9000000000006720188,not_detected,513.4151883079487,2761.65744809201,0.0005431520846426224,unmatched,unscored,,,,,postlaunch_descriptive,False,none
9000000000006721310,not_detected,1.0030208384247927,2761.657478971407,0.0005431520785693824,unmatched,unscored,,,,,postlaunch_descriptive,False,none
9000000000006762821,not_detected,1.9688917334713176,2764.651761934627,0.0005425638124312415,unmatched,unscored,,,,,postlaunch_descriptive,False,none
9000000000006764033,confirmed,0.0115746943851009,2764.6518288371153,0.0005425637993016065,unmatched,unscored,,,,,postlaunch_descriptive,False,none
9000000000006764620,confirmed,1.0636420578952708,2764.6518658907153,0.0005425637920298259,unmatched,unscored,,,,,postlaunch_descriptive,False,none
9000000000006765218,confirmed,1.975185375414066,2764.6518994984217,0.000542563785434303,unmatched,unscored,,,,,postlaunch_descriptive,False,none
9000000000006765410,confirmed,0.9661975853984096,2764.651910094078,0.0005425637833549022,unmatched,unscored,,,,,postlaunch_descriptive,False,none
9000000000006768125,confirmed,0.0338559782917028,2764.6520562348887,0.000542563754674725,unmatched,unscored,,,,,postlaunch_descriptive,False,none
9000000000006778005,confirmed,1.005479161839338,2764.652024130337,0.0005425637609752525,unmatched,unscored,,,,,postlaunch_descriptive,False,none
9000000000006778113,not_detected,42.94929444562204,2639.840804452542,0.0005682160823751167,unmatched,unscored,,,,,postlaunch_descriptive,False,none
9000000000006778212,confirmed,1.0055876712851617,2764.652033220511,0.0005425637591913032,unmatched,unscored,,,,,postlaunch_descriptive,False,none
9000000000006778479,not_detected,0.0339283202705894,2764.652044425253,0.0005425637569923693,unmatched,unscored,,,,,postlaunch_descriptive,False,none
9000000000006780532,not_detected,47.98419245120191,2764.6521327812225,0.0005425637396524856,unmatched,unscored,,,,,postlaunch_descriptive,False,none
9000000000006780715,not_detected,0.7941686286506127,2764.652141612023,0.0005425637379194385,unmatched,unscored,,,,,postlaunch_descriptive,False,none
9000000000006782340,not_detected,1.0022598834137373,2764.652208329644,0.0005425637248260874,unmatched,unscored,,,,,postlaunch_descriptive,False,none
9000000000006783365,not_detected,0.9689102862402312,2764.6522470046766,0.0005425637172361022,unmatched,unscored,,,,,postlaunch_descriptive,False,none
9000000000006783593,not_detected,9.785643002012469,2764.652255803346,0.0005425637155093611,unmatched,unscored,,,,,postlaunch_descriptive,False,none
9000000000006784170,not_detected,1.9986961977082085,2764.652279989328,0.000542563710762856,unmatched,unscored,,,,,postlaunch_descriptive,False,none
9000000000006785434,not_detected,22.841931826553793,2764.6523279869,0.0005425637013433204,unmatched,unscored,,,,,postlaunch_descriptive,False,none
9000000000006786210,not_detected,12.974398000259033,2764.652356069535,0.0005425636958320964,unmatched,unscored,,,,,postlaunch_descriptive,False,none
9000000000006787028,not_detected,1.0027300403368382,2764.6523874648847,0.0005425636896707515,unmatched,unscored,,,,,postlaunch_descriptive,False,none
9000000000006792908,confirmed,0.6834664694208069,2761.6570591963828,0.0005431521611291181,unmatched,unscored,,,,,postlaunch_descriptive,False,none
9000000000006801951,not_detected,1.0025139475717044,2761.6573382406496,0.0005431521062477632,unmatched,unscored,,,,,postlaunch_descriptive,False,none
9000000000006804340,confirmed,0.9972681452390272,2761.644411433488,0.0005431546486542032,unmatched,unscored,,,,,postlaunch_descriptive,False,none
9000000000006837566,not_detected,1101.709302520635,2142.131922402885,0.0007002369855528838,unmatched,unscored,,,,,postlaunch_descriptive,False,none
9000000000006846531,not_detected,1.00254945124065,2764.651655407157,0.0005425638333372931,unmatched,unscored,,,,,postlaunch_descriptive,False,none
9000000000006849323,not_detected,1.0025493900482745,2764.6518241525628,0.0005425638002209514,unmatched,unscored,,,,,postlaunch_descriptive,False,none
9000000000006849677,confirmed,0.0115385234029192,2764.651843747124,0.0005425637963755125,unmatched,unscored,,,,,postlaunch_descriptive,False,none
9000000000006851346,confirmed,0.0338921506627615,2764.651937622577,0.0005425637779524259,unmatched,unscored,,,,,postlaunch_descriptive,False,none
9000000000006851860,confirmed,1.9688554166231484,2764.6519668446854,0.0005425637722175784,unmatched,unscored,,,,,postlaunch_descriptive,False,none
9000000000006853138,confirmed,0.033855978539693,2764.6520359842107,0.0005425637586489263,unmatched,unscored,,,,,postlaunch_descriptive,False,none
9000000000006859403,not_detected,43.06517675556061,2142.1344796428457,0.000700236149623105,unmatched,unscored,,,,,postlaunch_descriptive,False,none
9000000000006859619,candidate,1011.30846355239,2142.1344778006896,0.0007002361502252821,unmatched,unscored,,,,,postlaunch_descriptive,False,none
9000000000006860836,candidate,1274.0277368608688,2142.134467131458,0.0007002361537129163,unmatched,unscored,,,,,postlaunch_descriptive,False,none
9000000000006863365,not_detected,37.46793814093647,2509.009159948677,0.0005978455654704279,unmatched,unscored,,,,,postlaunch_descriptive,False,none
9000000000006864276,confirmed,1.9100776178132768,2764.652049085591,0.0005425637560777767,unmatched,unscored,,,,,postlaunch_descriptive,False,none
9000000000006864608,not_detected,1.000306706954167,2764.652061986737,0.0005425637535459231,unmatched,unscored,,,,,postlaunch_descriptive,False,none
9000000000006865612,not_detected,1.000162008007625,2764.6521042208187,0.0005425637452574726,unmatched,unscored,,,,,postlaunch_descriptive,False,none
9000000000006866379,not_detected,41.38593008770873,2764.652135581244,0.0005425637391029806,unmatched,unscored,,,,,postlaunch_descriptive,False,none
9000000000006867373,not_detected,1170.3323098760522,2142.134421968367,0.0007002361684761493,unmatched,unscored,,,,,postlaunch_descriptive,False,none
9000000000006869925,confirmed,30.46559536792306,2142.134404788725,0.0007002361740919531,unmatched,unscored,,,,,postlaunch_descriptive,False,none
9000000000006870438,not_detected,1.9688190068473104,2764.65230225306,0.000542563706393593,unmatched,unscored,,,,,postlaunch_descriptive,False,none
9000000000006870808,not_detected,10.35276653656561,2764.652317707427,0.0005425637033606695,unmatched,unscored,,,,,postlaunch_descriptive,False,none
9000000000006871246,not_detected,3.9733748290886943,2764.6523352339864,0.0005425636999210779,unmatched,unscored,,,,,postlaunch_descriptive,False,none
9000000000006871727,confirmed,1077.90437076515,2764.6523544490337,0.0005425636961501202,unmatched,unscored,,,,,postlaunch_descriptive,False,none
9000000000006871789,not_detected,35.7183471905584,2142.134393615648,0.0007002361777442882,unmatched,unscored,,,,,postlaunch_descriptive,False,none
9000000000006877258,not_detected,31.124024604451535,2111.073385753669,0.0007105390130549578,unmatched,unscored,,,,,postlaunch_descriptive,False,none
9000000000006879787,not_detected,1.0027312957023102,2761.657097837422,0.0005431521535293461,unmatched,unscored,,,,,postlaunch_descriptive,False,none
9000000000006922004,not_detected,1028.1360411752664,2142.131954035256,0.0007002369752126448,unmatched,unscored,,,,,postlaunch_descriptive,False,none
9000000000006922922,not_detected,1164.2955904098758,2142.131935388781,0.0007002369813079516,unmatched,unscored,,,,,postlaunch_descriptive,False,none
9000000000006947300,missing,,,,unscored,unscored,,,,,postlaunch_descriptive,False,none
9000000000006948271,candidate,1015.5323897008634,2142.1344598140568,0.0007002361561048807,unmatched,unscored,,,,,postlaunch_descriptive,False,none
9000000000006950240,candidate,1007.2887026109302,2142.1344457706437,0.0007002361606954914,unmatched,unscored,,,,,postlaunch_descriptive,False,none
9000000000006951698,not_detected,1152.053795284285,2167.0115469838493,0.000692197511401253,unmatched,unscored,,,,,postlaunch_descriptive,False,none
9000000000006951767,not_detected,1178.5639445688075,2167.0115473200567,0.00069219751129386,unmatched,unscored,,,,,postlaunch_descriptive,False,none
9000000000006951827,not_detected,1184.5089058119445,2167.011547611095,0.0006921975112008951,unmatched,unscored,,,,,postlaunch_descriptive,False,none
9000000000006952966,not_detected,991.4993676919788,2167.01154544577,0.0006921975118925539,unmatched,unscored,,,,,postlaunch_descriptive,False,none
9000000000006954914,missing,,,,unscored,unscored,,,,,postlaunch_descriptive,False,none
9000000000006956178,candidate,925.0112149090425,2167.011539581232,0.0006921975137658337,unmatched,unscored,,,,,postlaunch_descriptive,False,none
9000000000006956853,not_detected,1237.2407018490776,2167.011538594961,0.000692197514080873,unmatched,unscored,,,,,postlaunch_descriptive,False,none
9000000000006961002,candidate,1311.9162640356703,2167.011534783058,0.00069219751529849,unmatched,unscored,,,,,postlaunch_descriptive,False,none
9000000000006963426,not_detected,25.00545068908053,2167.0115317562595,0.0006921975162653248,unmatched,unscored,,,,,postlaunch_descriptive,False,none
9000000000006964677,candidate,1302.0411458637054,2167.0115308598615,0.0006921975165516568,unmatched,unscored,,,,,postlaunch_descriptive,False,none
9000000000006965624,not_detected,1035.3783813527416,2139.025452676229,0.0007012539276347945,unmatched,unscored,,,,,postlaunch_descriptive,False,none
9000000000006976103,not_detected,6.265679657385535,2167.011520289816,0.0006921975199279929,unmatched,unscored,,,,,postlaunch_descriptive,False,none
9000000000006976880,not_detected,12.54506482515884,2167.0115203773603,0.000692197519900029,unmatched,unscored,,,,,postlaunch_descriptive,False,none
9000000000007011334,confirmed,0.0338416720994371,2771.7306557544507,0.0005411781252575236,unmatched,unscored,,,,,postlaunch_descriptive,False,none
9000000000007014855,missing,,,,unscored,unscored,,,,,postlaunch_descriptive,False,none
9000000000007017033,not_detected,1065.3554344340353,2142.13180844672,0.0007002370228037762,unmatched,unscored,,,,,postlaunch_descriptive,False,none
9000000000007017881,not_detected,1115.0048583576404,2142.131799044553,0.000700237025877231,unmatched,unscored,,,,,postlaunch_descriptive,False,none
9000000000007018291,candidate,1000.3978129491832,2142.13179532066,0.0007002370270945266,unmatched,unscored,,,,,postlaunch_descriptive,False,none
9000000000007019596,candidate,1251.8502792448523,2142.131776536815,0.0007002370332347389,unmatched,unscored,,,,,postlaunch_descriptive,False,none
9000000000007021857,confirmed,0.9661975802623198,2764.651924790349,0.0005425637804707546,unmatched,unscored,,,,,postlaunch_descriptive,False,none
9000000000007022658,confirmed,0.6374762605629566,2764.651970637497,0.000542563771473238,unmatched,unscored,,,,,postlaunch_descriptive,False,none
9000000000007024622,not_detected,981.9496343893288,2142.1317221005447,0.0007002370510292993,unmatched,unscored,,,,,postlaunch_descriptive,False,none
9000000000007033113,confirmed,1.0366219861140535,2764.652919183485,0.0005425635853208696,unmatched,unscored,,,,,postlaunch_descriptive,False,none
9000000000007035573,not_detected,1097.705482786623,2142.1344464318827,0.000700236160479341,unmatched,unscored,,,,,postlaunch_descriptive,False,none
9000000000007039380,not_detected,1196.3906614864086,2167.0115461163223,0.0006921975116783627,unmatched,unscored,,,,,postlaunch_descriptive,False,none
9000000000007045042,candidate,0.5000417297569966,2716.773259424139,0.00055212557573463,unmatched,unscored,,,,,postlaunch_descriptive,False,none
9000000000007045854,not_detected,1047.6673692445556,2167.0115377781913,0.0006921975143417697,unmatched,unscored,,,,,postlaunch_descriptive,False,none
9000000000007048561,not_detected,0.8577711605879519,2167.01153571764,0.0006921975149999612,unmatched,unscored,,,,,postlaunch_descriptive,False,none
9000000000007050100,confirmed,0.9972681453799908,2764.652629057411,0.0005425636422581648,unmatched,unscored,,,,,postlaunch_descriptive,False,none
9000000000007050378,not_detected,43.23811783122373,2167.011532873381,0.0006921975159084884,unmatched,unscored,,,,,postlaunch_descriptive,False,none
9000000000007091594,not_detected,1.0025234852773066,2762.7282958202995,0.0005429415560948694,unmatched,unscored,,,,,postlaunch_descriptive,False,none
9000000000007094821,confirmed,0.0338055937575967,2771.730639369227,0.000541178128456725,unmatched,unscored,,,,,postlaunch_descriptive,False,none
9000000000007098418,confirmed,1.006419810915531,2764.651460377034,0.0005425638716120241,unmatched,unscored,,,,,postlaunch_descriptive,False,none
9000000000007101193,confirmed,5.011011071424254,2764.6516446555033,0.0005425638354473087,unmatched,unscored,,,,,postlaunch_descriptive,False,none
9000000000007104156,not_detected,1.0032728102425157,2764.6518192091025,0.0005425638011911071,unmatched,unscored,,,,,postlaunch_descriptive,False,none
9000000000007104567,candidate,0.9661976084525538,2764.6518441275693,0.00054256379630085,unmatched,unscored,,,,,postlaunch_descriptive,False,none
9000000000007105039,candidate,1.0365862087099311,2764.651869685389,0.0005425637912851199,unmatched,unscored,,,,,postlaunch_descriptive,False,none
9000000000007107531,confirmed,0.7756129869275986,2764.652005756274,0.0005425637645811677,unmatched,unscored,,,,,postlaunch_descriptive,False,none
9000000000007107720,confirmed,2.934799733235728,2764.6520163249224,0.0005425637625070673,unmatched,unscored,,,,,postlaunch_descriptive,False,none
9000000000007108021,confirmed,4.710104506221727,2764.652033261489,0.0005425637591832612,unmatched,unscored,,,,,postlaunch_descriptive,False,none
9000000000007109566,confirmed,0.997268331841342,2764.652112144511,0.0005425637437024458,unmatched,unscored,,,,,postlaunch_descriptive,False,none
9000000000007109769,candidate,1.900781641306781,2764.6521230009384,0.0005425637415718689,unmatched,unscored,,,,,postlaunch_descriptive,False,none
9000000000007110222,candidate,7.939913910074921,2764.6521421531215,0.0005425637378132478,unmatched,unscored,,,,,postlaunch_descriptive,False,none
9000000000007110613,not_detected,1231.2137261074745,2142.1345235514455,0.0007002361352699501,unmatched,unscored,,,,,postlaunch_descriptive,False,none
9000000000007115869,confirmed,0.966197254438718,2764.652857093606,0.0005425635975060188,unmatched,unscored,,,,,postlaunch_descriptive,False,none
9000000000007117094,confirmed,1.9689270862236712,2764.652910758741,0.000542563586974227,unmatched,unscored,,,,,postlaunch_descriptive,False,none
9000000000007117168,confirmed,2.968907943731427,2764.652914661914,0.0005425635862082286,unmatched,unscored,,,,,postlaunch_descriptive,False,none
9000000000007119894,candidate,1.042084107130701,2764.6520854565315,0.0005425637489399693,unmatched,unscored,,,,,postlaunch_descriptive,False,none
9000000000007122598,not_detected,1.0033088425856789,2764.652201062534,0.0005425637262522597,unmatched,unscored,,,,,postlaunch_descriptive,False,none
9000000000007131497,not_detected,1.0745674206963558,2167.0115389232524,0.0006921975139760086,unmatched,unscored,,,,,postlaunch_descriptive,False,none
9000000000007134244,candidate,0.989816935830626,2764.6526351901703,0.0005425636410546096,unmatched,unscored,,,,,postlaunch_descriptive,False,none
9000000000007138841,confirmed,0.9972997151839336,2761.6572611695156,0.0005431521214058167,unmatched,unscored,,,,,postlaunch_descriptive,False,none
9000000000007181041,not_detected,1155.1992706863152,2142.131861992646,0.0007002370053002598,unmatched,unscored,,,,,postlaunch_descriptive,False,none
9000000000007183316,candidate,1.9689641880727236,2764.651603606995,0.0005425638435030927,unmatched,unscored,,,,,postlaunch_descriptive,False,none
9000000000007185376,confirmed,1.9689279248974303,2764.651733142324,0.0005425638180817404,unmatched,unscored,,,,,postlaunch_descriptive,False,none
9000000000007186025,candidate,1.9688917257981031,2764.6517727090977,0.000542563810316748,unmatched,unscored,,,,,postlaunch_descriptive,False,none
9000000000007186263,candidate,0.0338198106636519,2764.651787376497,0.0005425638074382661,unmatched,unscored,,,,,postlaunch_descriptive,False,none
9000000000007187052,not_detected,2.0021327576747376,2764.6518337917514,0.0005425637983292575,unmatched,unscored,,,,,postlaunch_descriptive,False,none
9000000000007189619,confirmed,3.413630376907877,2764.6519857104868,0.0005425637685151593,unmatched,unscored,,,,,postlaunch_descriptive,False,none
9000000000007190277,not_detected,0.0027128188081748,2764.652020768728,0.0005425637616349692,unmatched,unscored,,,,,postlaunch_descriptive,False,none
9000000000007190468,confirmed,0.9324862479803452,2764.6520316880196,0.000542563759492055,unmatched,unscored,,,,,postlaunch_descriptive,False,none
9000000000007190849,not_detected,0.0341815166037505,2764.652051443234,0.0005425637556150885,unmatched,unscored,,,,,postlaunch_descriptive,False,none
9000000000007191541,not_detected,1.0033812258551564,2764.6520868833177,0.0005425637486599621,unmatched,unscored,,,,,postlaunch_descriptive,False,none
9000000000007192229,not_detected,1.0017173511643944,2764.6521214600652,0.0005425637418742657,unmatched,unscored,,,,,postlaunch_descriptive,False,none
9000000000007199928,confirmed,0.0338197967674026,2764.652923346963,0.0005425635845037864,unmatched,unscored,,,,,postlaunch_descriptive,False,none
9000000000007200001,confirmed,0.0338197967350813,2764.652925989125,0.0005425635839852617,unmatched,unscored,,,,,postlaunch_descriptive,False,none
9000000000007201869,not_detected,3.0119884209234575,2764.6520624561235,0.0005425637534538058,unmatched,unscored,,,,,postlaunch_descriptive,False,none
9000000000007202291,not_detected,4.0109929501993244,2764.65207934333,0.0005425637501396867,unmatched,unscored,,,,,postlaunch_descriptive,False,none
9000000000007203099,confirmed,1.00544295696356,2764.652117505204,0.0005425637426504083,unmatched,unscored,,,,,postlaunch_descriptive,False,none
9000000000007204603,not_detected,1043.8086357898103,2167.011557308957,0.0006921975081031562,unmatched,unscored,,,,,postlaunch_descriptive,False,none
9000000000007204688,candidate,997.1050549585534,2167.011556722224,0.0006921975082905733,unmatched,unscored,,,,,postlaunch_descriptive,False,none
9000000000007205868,not_detected,133.3924567203456,2764.6522353286855,0.0005425637195275185,unmatched,unscored,,,,,postlaunch_descriptive,False,none
9000000000007206907,confirmed,1.96892753757046,2764.6522770039737,0.0005425637113487324,unmatched,unscored,,,,,postlaunch_descriptive,False,none
9000000000007207081,confirmed,1.9689637041722308,2764.652283058967,0.0005425637101604385,unmatched,unscored,,,,,postlaunch_descriptive,False,none
9000000000007208076,confirmed,0.0338921459363756,2764.65232316358,0.0005425637022898981,unmatched,unscored,,,,,postlaunch_descriptive,False,none
9000000000007211262,not_detected,7.612891815208623,2764.65244888328,0.0005425636776173771,unmatched,unscored,,,,,postlaunch_descriptive,False,none
9000000000007266373,candidate,0.9661614903542765,2764.651692979969,0.0005425638259636159,unmatched,unscored,,,,,postlaunch_descriptive,False,none
9000000000007267028,confirmed,4.006978478793062,2764.6517341258004,0.0005425638178887328,unmatched,unscored,,,,,postlaunch_descriptive,False,none
9000000000007267737,confirmed,0.9661614615633028,2764.651775364764,0.0005425638097955726,unmatched,unscored,,,,,postlaunch_descriptive,False,none
9000000000007273576,candidate,1.005479133233953,2764.6521027833223,0.0005425637455395817,unmatched,unscored,,,,,postlaunch_descriptive,False,none
9000000000007282423,confirmed,1.009059741359635,2764.652959240135,0.0005425635774597456,unmatched,unscored,,,,,postlaunch_descriptive,False,none
9000000000007287786,confirmed,1.9689275585327288,2764.6522475699894,0.0005425637171251594,unmatched,unscored,,,,,postlaunch_descriptive,False,none
9000000000007288297,not_detected,1.9689275437551073,2764.6522683198564,0.0005425637130529928,unmatched,unscored,,,,,postlaunch_descriptive,False,none
9000000000007289485,not_detected,0.0339283169462568,2764.6523153088056,0.0005425637038313997,unmatched,unscored,,,,,postlaunch_descriptive,False,none
9000000000007292935,not_detected,1.002730017696629,2764.65244988678,0.00054256367742044,unmatched,unscored,,,,,postlaunch_descriptive,False,none
9000000000007295611,not_detected,1225.2966897013885,2167.0115487016737,0.0006921975108525371,unmatched,unscored,,,,,postlaunch_descriptive,False,none
9000000000007296882,candidate,1.9896532480078728,2764.652587332763,0.0005425636504466357,unmatched,unscored,,,,,postlaunch_descriptive,False,none
9000000000007299911,confirmed,0.9661973124678728,2764.6526910504326,0.000542563630092022,unmatched,unscored,,,,,postlaunch_descriptive,False,none
9000000000007303017,not_detected,1.0025501852848064,2761.657262288034,0.0005431521211858308,unmatched,unscored,,,,,postlaunch_descriptive,False,none
9000000000007303182,not_detected,1.0025501833975703,2761.6572674866766,0.0005431521201633818,unmatched,unscored,,,,,postlaunch_descriptive,False,none
9000000000007336185,confirmed,0.0338071612933469,2762.7282630908303,0.0005429415625269855,unmatched,unscored,,,,,postlaunch_descriptive,False,none
9000000000007337320,confirmed,0.9661825753558256,2762.728358061053,0.0005429415438630872,unmatched,unscored,,,,,postlaunch_descriptive,False,none
9000000000007348790,confirmed,1010.4105468673102,2142.1317996960133,0.0007002370256642764,unmatched,unscored,,,,,postlaunch_descriptive,False,none
9000000000007349171,not_detected,2.002494475858642,2764.6518213870004,0.0005425638007636939,unmatched,unscored,,,,,postlaunch_descriptive,False,none
9000000000007350041,confirmed,0.9661252575952948,2764.6518699326552,0.0005425637912365939,unmatched,unscored,,,,,postlaunch_descriptive,False,none
9000000000007362826,confirmed,0.9661610531541208,2764.6529440199956,0.0005425635804467004,unmatched,unscored,,,,,postlaunch_descriptive,False,none
9000000000007363146,confirmed,0.9662333902092328,2764.652957627084,0.0005425635777763072,unmatched,unscored,,,,,postlaunch_descriptive,False,none
9000000000007363945,confirmed,1.0054429828720215,2764.652046265081,0.0005425637566313026,unmatched,unscored,,,,,postlaunch_descriptive,False,none
9000000000007364845,candidate,1.9657808044483165,2764.652085167356,0.00054256374899672,unmatched,unscored,,,,,postlaunch_descriptive,False,none
9000000000007366513,not_detected,1.0013917995237958,2764.652158442419,0.0005425637346164687,unmatched,unscored,,,,,postlaunch_descriptive,False,none
9000000000007367559,confirmed,0.8533442283922735,2764.6522018960677,0.0005425637260886785,unmatched,unscored,,,,,postlaunch_descriptive,False,none
9000000000007368165,candidate,1.407699660241594,2764.6522265495732,0.0005425637212504216,unmatched,unscored,,,,,postlaunch_descriptive,False,none
9000000000007368401,confirmed,1.9689637365141277,2764.652237647213,0.0005425637190725069,unmatched,unscored,,,,,postlaunch_descriptive,False,none
9000000000007369010,confirmed,1.9689275472392564,2764.652263427619,0.0005425637140130955,unmatched,unscored,,,,,postlaunch_descriptive,False,none
9000000000007369254,confirmed,1.9689275404271576,2764.6522729927674,0.0005425637121359327,unmatched,unscored,,,,,postlaunch_descriptive,False,none
9000000000007372766,not_detected,1.003561963189192,2764.6524098850787,0.0005425636852707832,unmatched,unscored,,,,,postlaunch_descriptive,False,none
9000000000007376229,not_detected,1265.3503744708696,2167.0115507449955,0.0006921975101998491,unmatched,unscored,,,,,postlaunch_descriptive,False,none
9000000000007382099,not_detected,1.0025502054130182,2761.65720684221,0.0005431521320907023,unmatched,unscored,,,,,postlaunch_descriptive,False,none
9000000000007385086,candidate,1.005591824281674,2761.6572976652533,0.0005431521142279756,unmatched,unscored,,,,,postlaunch_descriptive,False,none
9000000000007418489,confirmed,1.968959419739148,2762.728345473297,0.0005429415463368793,unmatched,unscored,,,,,postlaunch_descriptive,False,none
9000000000007422028,confirmed,0.0338433537273206,2762.728562699165,0.0005429415036468553,unmatched,unscored,,,,,postlaunch_descriptive,False,none
9000000000007423169,confirmed,1.0088071398600282,2764.651329080574,0.0005425638973790041,unmatched,unscored,,,,,postlaunch_descriptive,False,none
9000000000007427475,confirmed,0.0338559839109608,2764.6515973708592,0.0005425638447269365,unmatched,unscored,,,,,postlaunch_descriptive,False,none
9000000000007428374,confirmed,0.0339283250434576,2764.6516555077396,0.0005425638333175537,unmatched,unscored,,,,,postlaunch_descriptive,False,none
9000000000007432408,confirmed,0.9661614193748956,2764.651896086056,0.0005425637861039809,unmatched,unscored,,,,,postlaunch_descriptive,False,none
9000000000007432616,confirmed,0.9661614156632492,2764.6519067068584,0.0005425637840196451,unmatched,unscored,,,,,postlaunch_descriptive,False,none
9000000000007434171,confirmed,0.9915171988202328,2764.6519931894727,0.0005425637670474061,unmatched,unscored,,,,,postlaunch_descriptive,False,none
9000000000007434540,not_detected,0.0027128188150575,2764.652013754472,0.0005425637630115189,unmatched,unscored,,,,,postlaunch_descriptive,False,none
9000000000007434974,candidate,6.821690306490209,2764.6520367623307,0.0005425637584962201,unmatched,unscored,,,,,postlaunch_descriptive,False,none
9000000000007447890,candidate,0.2058125124700743,2764.6521252333187,0.0005425637411337638,unmatched,unscored,,,,,postlaunch_descriptive,False,none
9000000000007448230,confirmed,0.9973044927866356,2764.652139785234,0.0005425637382779464,unmatched,unscored,,,,,postlaunch_descriptive,False,none
9000000000007451573,confirmed,1.9689275384698524,2764.6522757411003,0.0005425637115965717,unmatched,unscored,,,,,postlaunch_descriptive,False,none
9000000000007454817,confirmed,1.0054790252923584,2764.6523995781317,0.0005425636872935239,unmatched,unscored,,,,,postlaunch_descriptive,False,none
9000000000007454999,candidate,1.0055151937973514,2764.652406197507,0.0005425636859944699,unmatched,unscored,,,,,postlaunch_descriptive,False,none
9000000000007455752,confirmed,1.8722064081201617,2764.6524323122576,0.0005425636808694441,unmatched,unscored,,,,,postlaunch_descriptive,False,none
9000000000007460478,not_detected,2.533808411005415,2764.652595505584,0.0005425636488427178,unmatched,unscored,,,,,postlaunch_descriptive,False,none
9000000000007461436,confirmed,1.0124237575401598,2764.652626090683,0.0005425636428403858,unmatched,unscored,,,,,postlaunch_descriptive,False,none
9000000000007463186,confirmed,0.966197317171233,2764.652677592356,0.0005425636327331721,unmatched,unscored,,,,,postlaunch_descriptive,False,none
9000000000007466729,candidate,0.9972272966772382,2761.6572562507354,0.0005431521223732235,unmatched,unscored,,,,,postlaunch_descriptive,False,none
9000000000007467076,not_detected,1.0027674447378367,2761.657266131137,0.0005431521204299841,unmatched,unscored,,,,,postlaunch_descriptive,False,none
9000000000007468196,confirmed,1.3658103064514853,2761.6572976373136,0.0005431521142334706,unmatched,unscored,,,,,postlaunch_descriptive,False,none
9000000000007503852,confirmed,0.0338777513877495,2771.7305946685374,0.000541178137184498,unmatched,unscored,,,,,postlaunch_descriptive,False,none
9000000000007504986,not_detected,1.002983453044705,2771.7306716884486,0.0005411781221464236,unmatched,unscored,,,,,postlaunch_descriptive,False,none
9000000000007513175,confirmed,0.9661614626207508,2764.651772338897,0.0005425638103894,unmatched,unscored,,,,,postlaunch_descriptive,False,none
9000000000007514484,confirmed,1.9688916737573396,2764.651845782995,0.0005425637959759722,unmatched,unscored,,,,,postlaunch_descriptive,False,none
9000000000007515151,confirmed,0.0338198094781844,2764.651884284336,0.000542563788420072,unmatched,unscored,,,,,postlaunch_descriptive,False,none
9000000000007515825,confirmed,0.9661252392291269,2764.651922489051,0.0005425637809223851,unmatched,unscored,,,,,postlaunch_descriptive,False,none
9000000000007517640,candidate,1.0144495507842917,2764.652020232752,0.0005425637617401546,unmatched,unscored,,,,,postlaunch_descriptive,False,none
9000000000007529379,not_detected,2.996724287134917,2764.652068783063,0.0005425637522121422,unmatched,unscored,,,,,postlaunch_descriptive,False,none
9000000000007529779,not_detected,1.002766320287361,2764.652086844668,0.0005425637486675471,unmatched,unscored,,,,,postlaunch_descriptive,False,none
9000000000007530292,candidate,0.9672103016418584,2764.6521087097935,0.0005425637443765101,unmatched,unscored,,,,,postlaunch_descriptive,False,none
9000000000007530488,not_detected,1.305118997874143,2764.6521166861057,0.0005425637428111566,unmatched,unscored,,,,,postlaunch_descriptive,False,none
9000000000007530869,candidate,0.967391148086344,2764.652131963987,0.0005425637398128682,unmatched,unscored,,,,,postlaunch_descriptive,False,none
9000000000007531200,not_detected,0.0026404768537099,2764.6521459724754,0.0005425637370636985,unmatched,unscored,,,,,postlaunch_descriptive,False,none
9000000000007532067,not_detected,989.173387591594,2167.0115721062757,0.0006921975033765238,unmatched,unscored,,,,,postlaunch_descriptive,False,none
9000000000007532655,not_detected,1.0022960567138244,2764.6522017507814,0.000542563726117191,unmatched,unscored,,,,,postlaunch_descriptive,False,none
9000000000007532757,not_detected,0.9996917493037624,2764.6522059673443,0.0005425637252896894,unmatched,unscored,,,,,postlaunch_descriptive,False,none
9000000000007532772,not_detected,13.314622328656148,2764.652206527535,0.0005425637251797519,unmatched,unscored,,,,,postlaunch_descriptive,False,none
9000000000007541441,not_detected,2.0024939650777704,2764.652526573278,0.0005425636623706976,unmatched,unscored,,,,,postlaunch_descriptive,False,none
9000000000007542493,not_detected,1.00218741368709,2764.6525611476973,0.0005425636555854603,unmatched,unscored,,,,,postlaunch_descriptive,False,none
9000000000007548583,confirmed,0.0363549824437568,2761.657226910349,0.0005431521281437778,unmatched,unscored,,,,,postlaunch_descriptive,False,none
9000000000007587086,confirmed,4.013779237935555,2764.651302971877,0.0005425639025028461,unmatched,unscored,,,,,postlaunch_descriptive,False,none
9000000000007592231,confirmed,0.9963642231361548,2764.6516565294005,0.0005425638331170524,unmatched,unscored,,,,,postlaunch_descriptive,False,none
9000000000007594431,not_detected,1.8984359238153887,2142.1318196649663,0.0007002370191366669,unmatched,unscored,,,,,postlaunch_descriptive,False,none
9000000000007601669,confirmed,0.0338921473168948,2764.6522105517797,0.0005425637243899928,unmatched,unscored,,,,,postlaunch_descriptive,False,none
9000000000007601857,confirmed,0.033855976276167,2764.6522208219394,0.0005425637223744713,unmatched,unscored,,,,,postlaunch_descriptive,False,none
9000000000007602830,confirmed,0.0338921466366823,2764.652266038116,0.0005425637135007849,unmatched,unscored,,,,,postlaunch_descriptive,False,none
9000000000007609508,candidate,0.2892226492451137,2764.6520840846933,0.0005425637492091929,unmatched,unscored,,,,,postlaunch_descriptive,False,none
9000000000007609547,not_detected,0.1264535244033576,2764.652085811831,0.0005425637488702417,unmatched,unscored,,,,,postlaunch_descriptive,False,none
9000000000007610116,candidate,0.9973406742179428,2764.6521106362343,0.0005425637439984456,unmatched,unscored,,,,,postlaunch_descriptive,False,none
9000000000007612505,not_detected,0.99640019263044,2764.652215419337,0.0005425637234347333,unmatched,unscored,,,,,postlaunch_descriptive,False,none
9000000000007613252,confirmed,1.9689637307618255,2764.652245724108,0.0005425637174874141,unmatched,unscored,,,,,postlaunch_descriptive,False,none
9000000000007613432,not_detected,30.935029858219725,2764.652253189124,0.0005425637160224027,unmatched,unscored,,,,,postlaunch_descriptive,False,none
9000000000007616919,confirmed,1.0054790298594032,2764.652387020644,0.000542563689757934,unmatched,unscored,,,,,postlaunch_descriptive,False,none
9000000000007618347,candidate,0.8872362987983182,2764.652441882994,0.0005425636789911848,unmatched,unscored,,,,,postlaunch_descriptive,False,none
9000000000007619120,confirmed,3.0037771795071744,2764.6524704480544,0.0005425636733852852,unmatched,unscored,,,,,postlaunch_descriptive,False,none
9000000000007620212,confirmed,2.001010970114716,2764.6525094676763,0.0005425636657276757,unmatched,unscored,,,,,postlaunch_descriptive,False,none
9000000000007620695,confirmed,1052.588604262031,2167.0115639665164,0.0006921975059765658,unmatched,unscored,,,,,postlaunch_descriptive,False,none
9000000000007628505,not_detected,0.7240579872507873,2761.6572639332153,0.0005431521208622629,unmatched,unscored,,,,,postlaunch_descriptive,False,none
9000000000007658796,not_detected,1.0030302707417338,2762.728185611777,0.0005429415777534557,unmatched,unscored,,,,,postlaunch_descriptive,False,none
9000000000007659703,confirmed,0.9661826033699906,2762.7282779566012,0.0005429415596055093,unmatched,unscored,,,,,postlaunch_descriptive,False,none
9000000000007660053,not_detected,1.0029940283859,2762.7283130083233,0.0005429415527170155,unmatched,unscored,,,,,postlaunch_descriptive,False,none
9000000000007660284,confirmed,0.0338795525780943,2762.72833840549,0.0005429415477258708,unmatched,unscored,,,,,postlaunch_descriptive,False,none
9000000000007661935,not_detected,1.002583621417035,2770.741453040857,0.0005413713352264489,unmatched,unscored,,,,,postlaunch_descriptive,False,none
9000000000007667407,confirmed,1.0115921995938233,2764.6516067669727,0.000542563842882946,unmatched,unscored,,,,,postlaunch_descriptive,False,none
9000000000007668077,confirmed,1.9963455398505416,2764.651654649526,0.0005425638334859784,unmatched,unscored,,,,,postlaunch_descriptive,False,none
9000000000007669231,candidate,4.281696615289742,2764.651740557514,0.0005425638166265068,unmatched,unscored,,,,,postlaunch_descriptive,False,none
9000000000007671028,confirmed,0.9661614336231062,2764.651855315082,0.0005425637941052972,unmatched,unscored,,,,,postlaunch_descriptive,False,none
9000000000007671654,confirmed,0.0338921511739771,2764.651895921678,0.0005425637861362401,unmatched,unscored,,,,,postlaunch_descriptive,False,none
9000000000007672492,confirmed,0.6911900788032955,2764.6519511803053,0.0005425637752917177,unmatched,unscored,,,,,postlaunch_descriptive,False,none
9000000000007673401,confirmed,0.9838489581501892,2764.652010318823,0.000542563763685766,unmatched,unscored,,,,,postlaunch_descriptive,False,none
9000000000007677758,candidate,1116.985354550387,2142.134558576159,0.0007002361238208233,unmatched,unscored,,,,,postlaunch_descriptive,False,none
9000000000007679484,candidate,0.0338198039703145,2764.652334533632,0.0005425637000585227,unmatched,unscored,,,,,postlaunch_descriptive,False,none
9000000000007679706,confirmed,978.0624745141218,2764.6528088669293,0.0005425636069705125,unmatched,unscored,,,,,postlaunch_descriptive,False,none
9000000000007685306,not_detected,0.0026404768695202,2764.6521294186823,0.000542563740312385,unmatched,unscored,,,,,postlaunch_descriptive,False,none
9000000000007686901,confirmed,2.0041218908133476,2764.6522027417086,0.0005425637259227213,unmatched,unscored,,,,,postlaunch_descriptive,False,none
9000000000007687468,not_detected,1.9689637425072,2764.652229232248,0.0005425637207239459,unmatched,unscored,,,,,postlaunch_descriptive,False,none
9000000000007691244,confirmed,1.005515197398345,2764.6523962966166,0.0005425636879375221,unmatched,unscored,,,,,postlaunch_descriptive,False,none
9000000000007697355,not_detected,40.21861480150003,2764.6526502412744,0.0005425636381008273,unmatched,unscored,,,,,postlaunch_descriptive,False,none
9000000000007699478,candidate,2.000501725156474,2761.65720355371,0.0005431521327374718,unmatched,unscored,,,,,postlaunch_descriptive,False,none
9000000000007699528,not_detected,2.0023846512841685,2761.6572052994743,0.0005431521323941216,unmatched,unscored,,,,,postlaunch_descriptive,False,none
9000000000007701322,candidate,1.662697274372141,2761.65726063028,0.0005431521215118715,unmatched,unscored,,,,,postlaunch_descriptive,False,none
9000000000007728930,confirmed,0.0338192716711713,2761.738954881672,0.0005431360546761988,unmatched,unscored,,,,,postlaunch_descriptive,False,none
9000000000007729800,confirmed,0.9661303822690694,2761.7390457522124,0.0005431360368051886,unmatched,unscored,,,,,postlaunch_descriptive,False,none
9000000000007730463,not_detected,1.002678711376746,2212.074490895029,0.0006780965135550584,unmatched,unscored,,,,,postlaunch_descriptive,False,none
9000000000007732414,not_detected,1.0026197290509908,2770.74140824005,0.0005413713439800167,unmatched,unscored,,,,,postlaunch_descriptive,False,none
9000000000007739881,candidate,3.878607896379223,2764.65172208054,0.0005425638202526191,unmatched,unscored,,,,,postlaunch_descriptive,False,none
9000000000007740149,not_detected,2.003000926654559,2764.6517414492555,0.0005425638164515022,unmatched,unscored,,,,,postlaunch_descriptive,False,none
9000000000007741001,not_detected,1277.8602697702654,2142.1318345880136,0.0007002370142585029,unmatched,unscored,,,,,postlaunch_descriptive,False,none
9000000000007742133,confirmed,2.036639783028853,2764.651877528522,0.0005425637897459026,unmatched,unscored,,,,,postlaunch_descriptive,False,none
9000000000007742409,confirmed,0.0338921511573194,2764.651897280477,0.0005425637858695754,unmatched,unscored,,,,,postlaunch_descriptive,False,none
9000000000007747323,confirmed,0.0338559765113208,2764.652201619465,0.0005425637261429619,unmatched,unscored,,,,,postlaunch_descriptive,False,none
9000000000007748506,confirmed,0.0338559757698139,2764.6522621703334,0.0005425637142598382,unmatched,unscored,,,,,postlaunch_descriptive,False,none
9000000000007749606,candidate,0.9661974447960158,2764.652312410064,0.0005425637044002784,unmatched,unscored,,,,,postlaunch_descriptive,False,none
9000000000007750108,confirmed,0.9661611033356792,2764.6528004263528,0.0005425636086269772,unmatched,unscored,,,,,postlaunch_descriptive,False,none
9000000000007750402,missing,,,,unscored,unscored,,,,,postlaunch_descriptive,False,none
9000000000007751325,not_detected,1.0025851851597296,2764.6528604533523,0.0005425635968466679,unmatched,unscored,,,,,postlaunch_descriptive,False,none
9000000000007756660,candidate,1082.4751455098035,2167.011582397856,0.0006921975000891366,unmatched,unscored,,,,,postlaunch_descriptive,False,none
9000000000007758250,not_detected,3.971674917794803,2764.65225056652,0.0005425637165370896,unmatched,unscored,,,,,postlaunch_descriptive,False,none
9000000000007762396,candidate,1.9999982416478164,2764.652430616319,0.0005425636812022724,unmatched,unscored,,,,,postlaunch_descriptive,False,none
9000000000007762498,not_detected,1.0027661938578647,2764.6524354140274,0.000542563680260721,unmatched,unscored,,,,,postlaunch_descriptive,False,none
9000000000007764226,confirmed,0.5304825822353796,2764.652505309321,0.0005425636665437538,unmatched,unscored,,,,,postlaunch_descriptive,False,none
9000000000007765219,confirmed,37.10215542198762,2167.0115680759773,0.0006921975046639016,unmatched,unscored,,,,,postlaunch_descriptive,False,none
9000000000007767894,missing,,,,unscored,unscored,,,,,postlaunch_descriptive,False,none
9000000000007768197,not_detected,1.00001712055504,2764.6526676118374,0.0005425636346918509,unmatched,unscored,,,,,postlaunch_descriptive,False,none
9000000000007768390,not_detected,941.2034828120792,2752.628012553323,0.0005449337844268351,unmatched,unscored,,,,,postlaunch_descriptive,False,none
9000000000007768554,not_detected,0.0061128835855616,2764.6526820692234,0.000542563631854586,unmatched,unscored,,,,,postlaunch_descriptive,False,none
9000000000007769255,not_detected,10.23528196428501,2764.652708028909,0.0005425636267599927,unmatched,unscored,,,,,postlaunch_descriptive,False,none
9000000000007770608,confirmed,1.9689633688792796,2764.652753849048,0.0005425636177677817,unmatched,unscored,,,,,postlaunch_descriptive,False,none
9000000000007777528,candidate,0.96616103906475,2764.652984336484,0.0005425635725345832,unmatched,unscored,,,,,postlaunch_descriptive,False,none
9000000000007778667,confirmed,0.9661610262902726,2764.6530208904296,0.0005425635653608659,unmatched,unscored,,,,,postlaunch_descriptive,False,none
9000000000007779986,not_detected,1.000214641464352,2764.7065793313086,0.0005425530547125188,unmatched,unscored,,,,,postlaunch_descriptive,False,none
9000000000007803053,not_detected,1.002550502985894,2771.7306925924495,0.0005411781180649348,unmatched,unscored,,,,,postlaunch_descriptive,False,none
9000000000007808780,confirmed,4.876382774570298,2764.6517148539424,0.0005425638216708413,unmatched,unscored,,,,,postlaunch_descriptive,False,none
9000000000007809263,not_detected,4.011029597587833,2764.651750929188,0.0005425638145910624,unmatched,unscored,,,,,postlaunch_descriptive,False,none
9000000000007809285,not_detected,1.0054069188337509,2764.651752371341,0.0005425638143080394,unmatched,unscored,,,,,postlaunch_descriptive,False,none
9000000000007812616,confirmed,0.9661613904036166,2764.651978986803,0.0005425637698346842,unmatched,unscored,,,,,postlaunch_descriptive,False,none
9000000000007812892,candidate,1.6508768564220373,2764.6519982670434,0.0005425637660509314,unmatched,unscored,,,,,postlaunch_descriptive,False,none
9000000000007818959,confirmed,859.6860230228145,2764.6523171979934,0.000542563703460646,unmatched,unscored,,,,,postlaunch_descriptive,False,none
9000000000007819825,candidate,2.508814106054717,2764.652822726406,0.0005425636042505876,unmatched,unscored,,,,,postlaunch_descriptive,False,none
9000000000007820945,confirmed,0.9661610773976236,2764.6528746476397,0.0005425635940610366,unmatched,unscored,,,,,postlaunch_descriptive,False,none
9000000000007821038,candidate,0.966161076072478,2764.6528784395196,0.0005425635933168796,unmatched,unscored,,,,,postlaunch_descriptive,False,none
9000000000007827121,candidate,3.9717111227130335,2764.652226896957,0.0005425637211822474,unmatched,unscored,,,,,postlaunch_descriptive,False,none
9000000000007829917,not_detected,1.0055152136424474,2764.6523516336456,0.0005425636967026408,unmatched,unscored,,,,,postlaunch_descriptive,False,none
9000000000007832829,not_detected,0.002748989271942,2764.6524770287797,0.0005425636720938164,unmatched,unscored,,,,,postlaunch_descriptive,False,none
9000000000007834441,not_detected,15.154372215476554,2167.011574815493,0.0006921975025111323,unmatched,unscored,,,,,postlaunch_descriptive,False,none
9000000000007836104,confirmed,1.9689273001986456,2764.6526103075594,0.000542563645937827,unmatched,unscored,,,,,postlaunch_descriptive,False,none
9000000000007838214,candidate,2.004013020739543,2764.6526956972666,0.0005425636291800799,unmatched,unscored,,,,,postlaunch_descriptive,False,none
9000000000007840642,confirmed,0.9661249385925816,2764.652782787103,0.000542563612088683,unmatched,unscored,,,,,postlaunch_descriptive,False,none
9000000000007842290,not_detected,2.0029639631054534,2764.6528354980983,0.0005425636017441409,unmatched,unscored,,,,,postlaunch_descriptive,False,none
9000000000007870228,confirmed,0.0338416736278553,2771.7305305725895,0.0005411781496991798,unmatched,unscored,,,,,postlaunch_descriptive,False,none
9000000000007870923,not_detected,1.0025866197935989,2771.7305868016556,0.0005411781387205003,unmatched,unscored,,,,,postlaunch_descriptive,False,none
9000000000007870924,confirmed,0.0338055943901986,2771.73058750201,0.0005411781385837566,unmatched,unscored,,,,,postlaunch_descriptive,False,none
9000000000007878756,confirmed,3.0095652820589827,2764.651775324717,0.0005425638098034318,unmatched,unscored,,,,,postlaunch_descriptive,False,none
9000000000007879652,confirmed,1.9689640199140983,2764.6518397210166,0.0005425637971656375,unmatched,unscored,,,,,postlaunch_descriptive,False,none
9000000000007884564,not_detected,29.390683583032843,2142.1345924851485,0.0007002361127364128,unmatched,unscored,,,,,postlaunch_descriptive,False,none
9000000000007887356,confirmed,0.0338559752142425,2764.65230753785,0.0005425637053564516,unmatched,unscored,,,,,postlaunch_descriptive,False,none
9000000000007887400,confirmed,0.0338559751918716,2764.652309364639,0.0005425637049979437,unmatched,unscored,,,,,postlaunch_descriptive,False,none
9000000000007888667,confirmed,0.9661249207260016,2764.6528339139186,0.0005425636020550364,unmatched,unscored,,,,,postlaunch_descriptive,False,none
9000000000007899309,confirmed,1.2995485480623836,2764.652390521951,0.0005425636890708015,unmatched,unscored,,,,,postlaunch_descriptive,False,none
9000000000007903015,not_detected,0.9996390117835684,2204.9959775651805,0.0006802733498209565,unmatched,unscored,,,,,postlaunch_descriptive,False,none
9000000000007907387,confirmed,2.999689596348132,2764.6527194334194,0.0005425636245218554,unmatched,unscored,,,,,postlaunch_descriptive,False,none
9000000000007911106,confirmed,0.96608874655125,2764.652843265794,0.0005425636002197292,unmatched,unscored,,,,,postlaunch_descriptive,False,none
9000000000007916156,confirmed,1.968927011408684,2764.6530158095993,0.0005425635663579796,unmatched,unscored,,,,,postlaunch_descriptive,False,none
9000000000007940029,confirmed,0.9661472777468596,2771.7306270790286,0.0005411781308563761,unmatched,unscored,,,,,postlaunch_descriptive,False,none
9000000000007941249,confirmed,0.9661472501478754,2771.7307062563486,0.0005411781153970698,unmatched,unscored,,,,,postlaunch_descriptive,False,none
9000000000007947440,candidate,1.1043343845172866,2764.651760195382,0.0005425638127725688,unmatched,unscored,,,,,postlaunch_descriptive,False,none
9000000000007948075,candidate,1246.986389324432,2142.1318527078256,0.0007002370083353554,unmatched,unscored,,,,,postlaunch_descriptive,False,none
9000000000007948418,not_detected,2.0029646901526315,2764.651831969153,0.0005425637986869431,unmatched,unscored,,,,,postlaunch_descriptive,False,none
9000000000007948710,not_detected,0.0338559807939128,2764.651851906441,0.0005425637947742441,unmatched,unscored,,,,,postlaunch_descriptive,False,none
9000000000007948976,confirmed,0.9661614276374094,2764.6518724430352,0.000542563790743931,unmatched,unscored,,,,,postlaunch_descriptive,False,none
9000000000007968267,confirmed,0.4918520687209971,2764.6523954570293,0.0005425636881022912,unmatched,unscored,,,,,postlaunch_descriptive,False,none
9000000000007969805,not_detected,2.0035067958789323,2764.6524640661664,0.0005425636746377321,unmatched,unscored,,,,,postlaunch_descriptive,False,none
9000000000007973052,not_detected,2.0024939122092387,2764.652599563822,0.0005425636480462877,unmatched,unscored,,,,,postlaunch_descriptive,False,none
9000000000007976554,confirmed,0.9661611252950452,2764.6527375900187,0.0005425636209586193,unmatched,unscored,,,,,postlaunch_descriptive,False,none
9000000000007978226,confirmed,1.96889100005546,2764.652791772969,0.0005425636103252052,unmatched,unscored,,,,,postlaunch_descriptive,False,none
9000000000007984628,confirmed,0.0338197957441412,2764.653006995097,0.000542563568087827,unmatched,unscored,,,,,postlaunch_descriptive,False,none
9000000000007987171,confirmed,1072.552346869087,2764.7066058800556,0.0005425530495025251,unmatched,unscored,,,,,postlaunch_descriptive,False,none
9000000000008004971,confirmed,0.0338434630636935,2762.7196372910403,0.0005429432577063127,unmatched,unscored,,,,,postlaunch_descriptive,False,none
9000000000008007650,confirmed,0.03387775214073,2771.730533062946,0.0005411781492129398,unmatched,unscored,,,,,postlaunch_descriptive,False,none
9000000000008008884,confirmed,0.966147274609608,2771.73063607933,0.0005411781290990747,unmatched,unscored,,,,,postlaunch_descriptive,False,none
9000000000008013549,candidate,4.037506989781732,2764.6515605421737,0.0005425638519545791,unmatched,unscored,,,,,postlaunch_descriptive,False,none
9000000000008016157,confirmed,0.9276756070801008,2764.6517601907253,0.0005425638127734827,unmatched,unscored,,,,,postlaunch_descriptive,False,none
9000000000008016288,confirmed,4.971620708725934,2764.651771579403,0.000542563810538451,unmatched,unscored,,,,,postlaunch_descriptive,False,none
9000000000008016375,confirmed,0.0405837729485856,2764.6517770080827,0.0005425638094730707,unmatched,unscored,,,,,postlaunch_descriptive,False,none
9000000000008017775,confirmed,0.0338921514306124,2764.6518749874085,0.000542563790244597,unmatched,unscored,,,,,postlaunch_descriptive,False,none
9000000000008018404,confirmed,0.9661614119804072,2764.651917245239,0.0005425637819514847,unmatched,unscored,,,,,postlaunch_descriptive,False,none
9000000000008022031,confirmed,0.0064022520764951,2764.6521549788304,0.000542563735296199,unmatched,unscored,,,,,postlaunch_descriptive,False,none
9000000000008022864,confirmed,1.9689275918397504,2764.6522008022293,0.0005425637263033445,unmatched,unscored,,,,,postlaunch_descriptive,False,none
9000000000008023323,confirmed,0.9661974749077183,2764.6522262492217,0.0005425637213093657,unmatched,unscored,,,,,postlaunch_descriptive,False,none
9000000000008024429,confirmed,0.9661974575989694,2764.652275776025,0.0005425637115897177,unmatched,unscored,,,,,postlaunch_descriptive,False,none
9000000000008025538,confirmed,2.009547103708348,2764.6527865645476,0.0005425636113473589,unmatched,unscored,,,,,postlaunch_descriptive,False,none
9000000000008027545,candidate,1.9688547648008523,2764.652882128954,0.0005425635925928275,unmatched,unscored,,,,,postlaunch_descriptive,False,none
9000000000008035262,not_detected,2.002530291265956,2764.6523122005165,0.0005425637044414022,unmatched,unscored,,,,,postlaunch_descriptive,False,none
9000000000008036406,not_detected,1.0030555873673923,2764.6523631638847,0.0005425636944398286,unmatched,unscored,,,,,postlaunch_descriptive,False,none
9000000000008040549,not_detected,1202.2480627590458,2167.0115833003074,0.0006921974998008711,unmatched,unscored,,,,,postlaunch_descriptive,False,none
9000000000008043202,not_detected,2.0025300450544687,2764.6526521150954,0.0005425636377330896,unmatched,unscored,,,,,postlaunch_descriptive,False,none
9000000000008044075,candidate,0.0011936399875848,2764.6526878485456,0.0005425636307203929,unmatched,unscored,,,,,postlaunch_descriptive,False,none
9000000000008051642,not_detected,1.0022596190950646,2764.652937431354,0.0005425635817397224,unmatched,unscored,,,,,postlaunch_descriptive,False,none
9000000000008053478,confirmed,1.9689270227492424,2764.652999885846,0.0005425635694830186,unmatched,unscored,,,,,postlaunch_descriptive,False,none
9000000000008059884,candidate,1075.5760917245937,2764.7067319988273,0.000542553024752658,unmatched,unscored,,,,,postlaunch_descriptive,False,none
9000000000008076074,confirmed,1.9688870125568665,2762.7283664876595,0.0005429415422070594,unmatched,unscored,,,,,postlaunch_descriptive,False,none
9000000000008080973,candidate,1242.9325725174858,2142.1319430386648,0.0007002369788072973,unmatched,unscored,,,,,postlaunch_descriptive,False,none
9000000000008082126,confirmed,1.00131968491597,2764.6515310765244,0.0005425638577372233,unmatched,unscored,,,,,postlaunch_descriptive,False,none
9000000000008082140,not_detected,1.0035622816315652,2764.651532627642,0.0005425638574328159,unmatched,unscored,,,,,postlaunch_descriptive,False,none
9000000000008085699,not_detected,1109.1289959951494,2142.1318650399335,0.0007002370043041385,unmatched,unscored,,,,,postlaunch_descriptive,False,none
9000000000008085770,not_detected,1.0025645731564208,2770.794095839839,0.0005413610496182842,unmatched,unscored,,,,,postlaunch_descriptive,False,none
9000000000008086885,candidate,0.0034286198868064,2770.794171893038,0.0005413610347589201,unmatched,unscored,,,,,postlaunch_descriptive,False,none
9000000000008088090,not_detected,1.0025023811504823,2764.7814629818313,0.0005425383597523987,unmatched,unscored,,,,,postlaunch_descriptive,False,none
9000000000008090158,confirmed,0.0338559775954793,2764.652113087941,0.0005425637435172975,unmatched,unscored,,,,,postlaunch_descriptive,False,none
9000000000008091449,not_detected,19.088949831244292,2142.1346046533436,0.000700236108758787,unmatched,unscored,,,,,postlaunch_descriptive,False,none
9000000000008094120,confirmed,0.0338921461221502,2764.652308009565,0.0005425637052638774,unmatched,unscored,,,,,postlaunch_descriptive,False,none
9000000000008094377,confirmed,0.0338921402901266,2764.652783739846,0.0005425636119017071,unmatched,unscored,,,,,postlaunch_descriptive,False,none
9000000000008099421,confirmed,0.9661251806274131,2764.6520901829936,0.0005425637480123998,unmatched,unscored,,,,,postlaunch_descriptive,False,none
9000000000008104065,not_detected,2.002494118718504,2764.6523144561797,0.0005425637039987276,unmatched,unscored,,,,,postlaunch_descriptive,False,none
9000000000008105657,not_detected,1.002983237743362,2764.6523846588098,0.0005425636902214444,unmatched,unscored,,,,,postlaunch_descriptive,False,none
9000000000008107159,candidate,4.102866521934863,2764.6524544139393,0.0005425636765319839,unmatched,unscored,,,,,postlaunch_descriptive,False,none
9000000000008108613,confirmed,2.0681803452514615,2764.652518397663,0.0005425636639751638,unmatched,unscored,,,,,postlaunch_descriptive,False,none
9000000000008108707,candidate,1177.3592686602317,2167.011587727815,0.0006921974983866149,unmatched,unscored,,,,,postlaunch_descriptive,False,none
9000000000008109692,confirmed,1.0055237532330312,2764.7283229874447,0.0005425487877156644,unmatched,unscored,,,,,postlaunch_descriptive,False,none
9000000000008110260,not_detected,1.002983164713675,2764.6525859599933,0.000542563650716042,unmatched,unscored,,,,,postlaunch_descriptive,False,none
9000000000008110463,not_detected,1.0029469904611723,2764.6525951735675,0.0005425636489078761,unmatched,unscored,,,,,postlaunch_descriptive,False,none
9000000000008111473,not_detected,1.0029194925905156,2764.728395933286,0.0005425487734008125,unmatched,unscored,,,,,postlaunch_descriptive,False,none
9000000000008114921,not_detected,1.0025215784235604,2764.7285202164203,0.0005425487490115599,unmatched,unscored,,,,,postlaunch_descriptive,False,none
9000000000008123170,confirmed,2.0014059012912,2764.706547747366,0.0005425530609106321,unmatched,unscored,,,,,postlaunch_descriptive,False,none
9000000000008125229,candidate,1072.800035535146,2764.706618760247,0.0005425530469748837,unmatched,unscored,,,,,postlaunch_descriptive,False,none
9000000000008128675,confirmed,2.0004653356222906,2764.706741733942,0.0005425530228422145,unmatched,unscored,,,,,postlaunch_descriptive,False,none
9000000000008128718,confirmed,1073.0098116848385,2764.706743154209,0.0005425530225634977,unmatched,unscored,,,,,postlaunch_descriptive,False,none
9000000000008128726,confirmed,1073.1066393147953,2764.706743152812,0.0005425530225637719,unmatched,unscored,,,,,postlaunch_descriptive,False,none
9000000000008129042,not_detected,1.003000499684199,2763.707496529445,0.0005427491881408003,unmatched,unscored,,,,,postlaunch_descriptive,False,none
9000000000008129065,not_detected,24.601011527900376,2763.707497266587,0.0005427491879960372,unmatched,unscored,,,,,postlaunch_descriptive,False,none
9000000000008142467,not_detected,0.9997757012980452,2762.719674436841,0.0005429432504062372,unmatched,unscored,,,,,postlaunch_descriptive,False,none
9000000000008155006,confirmed,2.9013441607058774,2771.7842332925647,0.0005411676644895878,unmatched,unscored,,,,,postlaunch_descriptive,False,none
9000000000008156344,not_detected,1.0025023777044728,2764.7814724855125,0.0005425383578874732,unmatched,unscored,,,,,postlaunch_descriptive,False,none
9000000000008158116,confirmed,0.0339267305575028,2764.7815884002484,0.0005425383351413037,unmatched,unscored,,,,,postlaunch_descriptive,False,none
9000000000008158974,not_detected,0.9998619647116106,2764.7816374306567,0.0005425383255199739,unmatched,unscored,,,,,postlaunch_descriptive,False,none
9000000000008161226,candidate,0.0016999820911216,2764.7350078253075,0.000542547475889877,unmatched,unscored,,,,,postlaunch_descriptive,False,none
9000000000008165824,not_detected,2.0029762734642165,2764.7356952573173,0.0005425473409892779,unmatched,unscored,,,,,postlaunch_descriptive,False,none
9000000000008168155,not_detected,1.0021152311200712,2764.652121795807,0.0005425637418083764,unmatched,unscored,,,,,postlaunch_descriptive,False,none
9000000000008172974,candidate,0.0340710351188344,2764.8118019145913,0.0005425324063508671,unmatched,unscored,,,,,postlaunch_descriptive,False,none
9000000000008173002,confirmed,0.9688905395700308,2764.8118033939973,0.0005425324060605668,unmatched,unscored,,,,,postlaunch_descriptive,False,none
9000000000008174193,confirmed,1.005949389777381,2771.809425340034,0.0005411627459979455,unmatched,unscored,,,,,postlaunch_descriptive,False,none
9000000000008179140,not_detected,3.008143091767476,2771.809633264784,0.0005411627054031198,unmatched,unscored,,,,,postlaunch_descriptive,False,none
9000000000008180062,not_detected,1.0026662976698208,2764.72841107985,0.0005425487704284591,unmatched,unscored,,,,,postlaunch_descriptive,False,none
9000000000008189504,not_detected,1.0024766320052596,2764.652971966192,0.0005425635749622549,unmatched,unscored,,,,,postlaunch_descriptive,False,none
9000000000008197270,not_detected,2.003033744750367,2764.7062933980487,0.0005425531108247951,unmatched,unscored,,,,,postlaunch_descriptive,False,none
9000000000008197351,candidate,0.7020998948388012,2764.7062964532524,0.000542553110225234,unmatched,unscored,,,,,postlaunch_descriptive,False,none
9000000000008197607,not_detected,1.002601974918024,2764.70630354248,0.0005425531088340258,unmatched,unscored,,,,,postlaunch_descriptive,False,none
9000000000008214278,not_detected,1.0024954532119277,2771.783144848421,0.0005411678769992772,unmatched,unscored,,,,,postlaunch_descriptive,False,none
9000000000008214282,not_detected,1.002495453202833,2771.783144873567,0.0005411678769943677,unmatched,unscored,,,,,postlaunch_descriptive,False,none
9000000000008216930,confirmed,0.993692228210286,2771.7837795317173,0.0005411677530826086,unmatched,unscored,,,,,postlaunch_descriptive,False,none
9000000000008217141,confirmed,1.0054536015954283,2771.7837954708375,0.0005411677499706279,unmatched,unscored,,,,,postlaunch_descriptive,False,none
9000000000008217144,not_detected,1.0030003077128258,2771.783795699477,0.0005411677499259878,unmatched,unscored,,,,,postlaunch_descriptive,False,none
9000000000008226461,confirmed,1.9688715894722908,2764.781628780067,0.0005425383272174955,unmatched,unscored,,,,,postlaunch_descriptive,False,none
9000000000008227801,confirmed,1.9688715381524384,2764.781700845808,0.0005425383130758993,unmatched,unscored,,,,,postlaunch_descriptive,False,none
9000000000008232543,candidate,1.0010360299484091,2764.735651066061,0.0005425473496612999,unmatched,unscored,,,,,postlaunch_descriptive,False,none
9000000000008235965,candidate,0.0054478543918576,2771.7334043597803,0.0005411775885951314,unmatched,unscored,,,,,postlaunch_descriptive,False,none
9000000000008236185,not_detected,1.0024860386661607,2771.809175215196,0.0005411627948318427,unmatched,unscored,,,,,postlaunch_descriptive,False,none
9000000000008240902,candidate,3.1597049983552172,2771.8093950413167,0.0005411627519134089,unmatched,unscored,,,,,postlaunch_descriptive,False,none
9000000000008243371,candidate,1.0054789973645777,2764.6524763680063,0.0005425636722234933,unmatched,unscored,,,,,postlaunch_descriptive,False,none
9000000000008243559,not_detected,2.9031496879150525,2764.6524853371084,0.000542563670463305,unmatched,unscored,,,,,postlaunch_descriptive,False,none
9000000000008245118,confirmed,1.0055524826514333,2771.8095754194073,0.0005411627166967386,unmatched,unscored,,,,,postlaunch_descriptive,False,none
9000000000008248036,candidate,2.004105843629637,2771.8096914179623,0.000541162694049407,unmatched,unscored,,,,,postlaunch_descriptive,False,none
9000000000008250483,confirmed,1.0013313408816906,2771.809776328504,0.0005411626774716396,unmatched,unscored,,,,,postlaunch_descriptive,False,none
9000000000008250687,confirmed,0.9660836090470226,2771.809784291312,0.0005411626759169967,unmatched,unscored,,,,,postlaunch_descriptive,False,none
9000000000008263876,confirmed,0.0011574466425696,2764.7062787236646,0.0005425531137045342,unmatched,unscored,,,,,postlaunch_descriptive,False,none
9000000000008264155,confirmed,0.6820977722179552,2764.706288173329,0.0005425531118501076,unmatched,unscored,,,,,postlaunch_descriptive,False,none
9000000000008264563,confirmed,0.9682764493134014,2764.706300456077,0.0005425531094397094,unmatched,unscored,,,,,postlaunch_descriptive,False,none
9000000000008264617,confirmed,1.2418317260496,2764.7063027787954,0.0005425531089838932,unmatched,unscored,,,,,postlaunch_descriptive,False,none
9000000000008264798,confirmed,0.3209020780287846,2764.7063099429943,0.0005425531075779722,unmatched,unscored,,,,,postlaunch_descriptive,False,none
9000000000008265014,candidate,1.331208301921461,2764.7063158242963,0.0005425531064238103,unmatched,unscored,,,,,postlaunch_descriptive,False,none
9000000000008265194,confirmed,0.0054255310518356,2764.7063221442513,0.000542553105183566,unmatched,unscored,,,,,postlaunch_descriptive,False,none
9000000000008265508,confirmed,0.0019170209637382,2764.706333552487,0.0005425531029447844,unmatched,unscored,,,,,postlaunch_descriptive,False,none
9000000000008265785,confirmed,0.0013744678554288,2764.706344343256,0.000542553100827176,unmatched,unscored,,,,,postlaunch_descriptive,False,none
9000000000008284088,confirmed,0.9963619612248626,2771.7838571486063,0.0005411677379285563,unmatched,unscored,,,,,postlaunch_descriptive,False,none
9000000000008284991,confirmed,0.5137717910778377,2764.651591750793,0.0005425638458298765,unmatched,unscored,,,,,postlaunch_descriptive,False,none
9000000000008285320,not_detected,1.0030002504485511,2771.7839539488778,0.0005411677190291093,unmatched,unscored,,,,,postlaunch_descriptive,False,none
9000000000008285394,not_detected,0.9996450088386108,2771.7839588066563,0.0005411677180806686,unmatched,unscored,,,,,postlaunch_descriptive,False,none
9000000000008288203,not_detected,1.4817892588660804,2771.7841625758447,0.0005411676782964357,unmatched,unscored,,,,,postlaunch_descriptive,False,none
9000000000008289358,confirmed,1.1148775411631264,2771.784241680987,0.0005411676628518185,unmatched,unscored,,,,,postlaunch_descriptive,False,none
9000000000008291886,not_detected,1.0025399207718724,2760.7878176751547,0.0005433231740580275,unmatched,unscored,,,,,postlaunch_descriptive,False,none
9000000000008294536,confirmed,1.9688715313932463,2764.781710337382,0.0005425383112133498,unmatched,unscored,,,,,postlaunch_descriptive,False,none
9000000000008297893,candidate,2.0039425028289855,2746.735493772663,0.0005461028203846953,unmatched,unscored,,,,,postlaunch_descriptive,False,none
9000000000008301034,confirmed,692.829522567139,2764.7357624145225,0.000542547327810455,unmatched,unscored,,,,,postlaunch_descriptive,False,none
9000000000008307700,not_detected,1.0014757791065985,2771.8094215681776,0.0005411627467343554,unmatched,unscored,,,,,postlaunch_descriptive,False,none
9000000000008308209,candidate,103.68018889666604,2771.8094429522753,0.0005411627425593653,unmatched,unscored,,,,,postlaunch_descriptive,False,none
9000000000008313084,not_detected,1.0014396195365476,2771.8096486781724,0.00054116270239384,unmatched,unscored,,,,,postlaunch_descriptive,False,none
9000000000008313281,confirmed,0.99732678014833,2771.809656599071,0.0005411627008473792,unmatched,unscored,,,,,postlaunch_descriptive,False,none
9000000000008314392,candidate,0.9944803657110328,2771.799318560865,0.0005411647192332846,unmatched,unscored,,,,,postlaunch_descriptive,False,none
9000000000008316616,confirmed,1.0013350916058843,2771.7993938960135,0.0005411647045248881,unmatched,unscored,,,,,postlaunch_descriptive,False,none
9000000000008323931,candidate,1.0071918911728148,2764.6171741490252,0.0005425706003803995,unmatched,unscored,,,,,postlaunch_descriptive,False,none
9000000000008329267,not_detected,1.0025255397056587,2764.6178478542715,0.0005425704681622485,unmatched,unscored,,,,,postlaunch_descriptive,False,none
9000000000008329902,candidate,1.0040849614787442,2764.706281340681,0.0005425531131909641,unmatched,unscored,,,,,postlaunch_descriptive,False,none
9000000000008330222,confirmed,1.057218992083512,2764.706292534247,0.0005425531109943098,unmatched,unscored,,,,,postlaunch_descriptive,False,none
9000000000008330312,confirmed,1.6818423016699142,2764.7062958180904,0.0005425531103498798,unmatched,unscored,,,,,postlaunch_descriptive,False,none
9000000000008330793,candidate,0.0137446787163656,2764.706311741844,0.0005425531072249613,unmatched,unscored,,,,,postlaunch_descriptive,False,none
9000000000008331734,confirmed,0.9812253678265144,2764.7063446892425,0.0005425531007592788,unmatched,unscored,,,,,postlaunch_descriptive,False,none
9000000000008332426,confirmed,0.9890019519950186,2764.7063734144904,0.0005425530951221622,unmatched,unscored,,,,,postlaunch_descriptive,False,none
9000000000008344551,not_detected,1.0029367461456056,2749.824463605415,0.0005454893648132304,unmatched,unscored,,,,,postlaunch_descriptive,False,none
9000000000008344591,candidate,17.19222465337757,2749.824467347935,0.0005454893640708177,unmatched,unscored,,,,,postlaunch_descriptive,False,none
9000000000008346347,candidate,0.996463552046067,2749.824611621443,0.0005454893354509327,unmatched,unscored,,,,,postlaunch_descriptive,False,none
9000000000008350577,confirmed,5.0025545418781805,2771.783872404136,0.0005411677349500411,unmatched,unscored,,,,,postlaunch_descriptive,False,none
9000000000008351067,not_detected,1.002603410171715,2771.7839095760137,0.0005411677276925414,unmatched,unscored,,,,,postlaunch_descriptive,False,none
9000000000008355275,confirmed,1.0653787446361802,2771.7842268464155,0.0005411676657481445,unmatched,unscored,,,,,postlaunch_descriptive,False,none
9000000000008358222,not_detected,1.002518604345236,2746.781943062786,0.0005460935855459397,unmatched,unscored,,,,,postlaunch_descriptive,False,none
9000000000008360698,not_detected,1017.8065869834836,2142.1346244663,0.0007002361022821878,unmatched,unscored,,,,,postlaunch_descriptive,False,none
9000000000008361174,not_detected,1.0023899756069925,2746.735369468108,0.0005461028450987864,unmatched,unscored,,,,,postlaunch_descriptive,False,none
9000000000008363318,not_detected,1.002548592066283,2744.704866951797,0.0005465068459859088,unmatched,unscored,,,,,postlaunch_descriptive,False,none
9000000000008363948,not_detected,1.002535553483696,2746.735505220946,0.0005461028181085607,unmatched,unscored,,,,,postlaunch_descriptive,False,none
9000000000008364516,not_detected,1.0029724248470016,2746.7355350474827,0.0005461028121784828,unmatched,unscored,,,,,postlaunch_descriptive,False,none
9000000000008367217,candidate,1.9964789638411784,2746.7356778201647,0.0005461027837925833,unmatched,unscored,,,,,postlaunch_descriptive,False,none
9000000000008373936,candidate,3.0065558940977892,2771.809436957352,0.0005411627437298027,unmatched,unscored,,,,,postlaunch_descriptive,False,none
9000000000008374235,candidate,4.378259119777526,2771.809449372347,0.0005411627413059229,unmatched,unscored,,,,,postlaunch_descriptive,False,none
9000000000008375620,not_detected,1.0034911873413177,2212.077223997563,0.0006780956757419479,unmatched,unscored,,,,,postlaunch_descriptive,False,none
9000000000008375772,confirmed,0.0038242309378561,2771.7991335382685,0.0005411647553570067,unmatched,unscored,,,,,postlaunch_descriptive,False,none
9000000000008381241,not_detected,0.9993831704453834,2771.809734163806,0.0005411626857037923,unmatched,unscored,,,,,postlaunch_descriptive,False,none
9000000000008389795,not_detected,1.0030365281375455,2743.7684698384255,0.0005466933586011839,unmatched,unscored,,,,,postlaunch_descriptive,False,none
9000000000008393999,candidate,3.0000343160136773,2743.7686149328947,0.0005466933296912451,unmatched,unscored,,,,,postlaunch_descriptive,False,none
9000000000008398162,not_detected,1.002526162757739,2743.768793458119,0.0005466932941202635,unmatched,unscored,,,,,postlaunch_descriptive,False,none
9000000000008409533,candidate,1.0055187397241383,2749.824434658047,0.0005454893705555904,unmatched,unscored,,,,,postlaunch_descriptive,False,none
9000000000008414071,not_detected,1.0026008123316013,2770.7936856141314,0.0005413611297686833,unmatched,unscored,,,,,postlaunch_descriptive,False,none
9000000000008415383,confirmed,1.036552691046771,2771.7838415899314,0.0005411677409662581,unmatched,unscored,,,,,postlaunch_descriptive,False,none
9000000000008420939,confirmed,1.9416013337402456,2771.7842517304234,0.0005411676608897503,unmatched,unscored,,,,,postlaunch_descriptive,False,none
9000000000008423051,candidate,8.02033097423557,2746.7819059798494,0.0005460935929184777,unmatched,unscored,,,,,postlaunch_descriptive,False,none
9000000000008423283,confirmed,1.766212294056221,2746.781922154129,0.0005460935897028345,unmatched,unscored,,,,,postlaunch_descriptive,False,none
9000000000008423352,not_detected,0.9997517359276612,2746.7819272670895,0.0005460935886863158,unmatched,unscored,,,,,postlaunch_descriptive,False,none
9000000000008424843,candidate,0.0012014058583444,2746.782011324074,0.0005460935719747676,unmatched,unscored,,,,,postlaunch_descriptive,False,none
9000000000008425557,not_detected,1.0029918452943984,2746.782053039875,0.0005460935636811607,unmatched,unscored,,,,,postlaunch_descriptive,False,none
9000000000008426765,candidate,2.008202188643096,2746.735379133839,0.0005461028431770566,unmatched,unscored,,,,,postlaunch_descriptive,False,none
9000000000008431006,not_detected,2.0029230346933646,2746.7355982763693,0.0005461027996073884,unmatched,unscored,,,,,postlaunch_descriptive,False,none
9000000000008431974,confirmed,0.9963827429873108,2746.7356487875804,0.0005461027895648079,unmatched,unscored,,,,,postlaunch_descriptive,False,none
9000000000008432929,not_detected,1167.2527987262388,2167.0116204922087,0.0006921974879208513,unmatched,unscored,,,,,postlaunch_descriptive,False,none
9000000000008439358,not_detected,1.002594168447186,2771.8094593589194,0.0005411627393561637,unmatched,unscored,,,,,postlaunch_descriptive,False,none
9000000000008441321,candidate,46.80440635220216,2771.809539122507,0.0005411627237832749,unmatched,unscored,,,,,postlaunch_descriptive,False,none
9000000000008442437,candidate,1.006674652418085,2771.7992037422955,0.0005411647416504058,unmatched,unscored,,,,,postlaunch_descriptive,False,none
9000000000008444868,confirmed,1.0082221778224023,2771.809687856585,0.0005411626947447234,unmatched,unscored,,,,,postlaunch_descriptive,False,none
9000000000008445910,not_detected,0.0027419266717145,2771.7736139339395,0.0005411697378383912,unmatched,unscored,,,,,postlaunch_descriptive,False,none
9000000000008450682,not_detected,2.0024649794757807,2743.7683336855844,0.0005466933857295143,unmatched,unscored,,,,,postlaunch_descriptive,False,none
9000000000008451777,confirmed,455.3435176440484,2743.7683692667633,0.0005466933786399963,unmatched,unscored,,,,,postlaunch_descriptive,False,none
9000000000008457452,confirmed,1175.7506572410084,1945.8319263029844,0.0007708785017470393,unmatched,unscored,,,,,postlaunch_descriptive,False,none
9000000000008458601,not_detected,1.003000034782732,2743.768598767929,0.0005466933329120995,unmatched,unscored,,,,,postlaunch_descriptive,False,none
9000000000008460681,confirmed,1107.385281527026,2743.7686764677055,0.0005466933174304919,unmatched,unscored,,,,,postlaunch_descriptive,False,none
9000000000008460790,confirmed,574.3646539785717,2743.768679699395,0.0005466933167865809,unmatched,unscored,,,,,postlaunch_descriptive,False,none
9000000000008461962,not_detected,1.002453291152584,2743.768736434169,0.000546693305482231,unmatched,unscored,,,,,postlaunch_descriptive,False,none
9000000000008474295,candidate,0.9972273068702324,2749.824419275392,0.0005454893736070851,unmatched,unscored,,,,,postlaunch_descriptive,False,none
9000000000008474682,confirmed,2.026056604310758,2749.824456111528,0.000545489366299811,unmatched,unscored,,,,,postlaunch_descriptive,False,none
9000000000008475898,confirmed,2.967498404754576,2749.824561632704,0.0005454893453673195,unmatched,unscored,,,,,postlaunch_descriptive,False,none
9000000000008494413,not_detected,1.002936016177952,2746.7355400179513,0.00054610281119026,unmatched,unscored,,,,,postlaunch_descriptive,False,none
9000000000008494533,confirmed,1.2831231623010049,2746.735546165146,0.0005461028099680818,unmatched,unscored,,,,,postlaunch_descriptive,False,none
9000000000008509824,not_detected,1.008294327046169,2771.809703806881,0.0005411626916306189,unmatched,unscored,,,,,postlaunch_descriptive,False,none
9000000000008518751,not_detected,1191.3494151168863,2743.7684540059417,0.0005466933617557919,unmatched,unscored,,,,,postlaunch_descriptive,False,none
9000000000008524198,not_detected,1.0025626634979363,2743.768644248601,0.0005466933238501182,unmatched,unscored,,,,,postlaunch_descriptive,False,none
9000000000008525457,confirmed,1207.036167650019,2743.7686934354715,0.0005466933140496806,unmatched,unscored,,,,,postlaunch_descriptive,False,none
9000000000008525674,confirmed,0.6146290674592962,2743.7687042220496,0.0005466933119004651,unmatched,unscored,,,,,postlaunch_descriptive,False,none
9000000000008542993,confirmed,0.0338892071686866,2770.793649217114,0.0005413611368799781,unmatched,unscored,,,,,postlaunch_descriptive,False,none
9000000000008543960,candidate,1.0044073508609983,2771.783776386641,0.0005411677536966586,unmatched,unscored,,,,,postlaunch_descriptive,False,none
9000000000008545513,confirmed,1.004479464609631,2771.7838921495713,0.0005411677310949092,unmatched,unscored,,,,,postlaunch_descriptive,False,none
9000000000008545516,confirmed,0.0338049442642573,2771.783892543521,0.0005411677310179938,unmatched,unscored,,,,,postlaunch_descriptive,False,none
9000000000008545850,candidate,0.0054477736169895,2771.77450122172,0.0005411695646016089,unmatched,unscored,,,,,postlaunch_descriptive,False,none
9000000000008548010,not_detected,1.0026033463999329,2771.7840858786367,0.0005411676932709246,unmatched,unscored,,,,,postlaunch_descriptive,False,none
9000000000008552826,candidate,0.3101811581490268,2746.7819292577915,0.0005460935882905402,unmatched,unscored,,,,,postlaunch_descriptive,False,none
9000000000008554746,not_detected,1.002554973349819,2746.782045077067,0.0005460935652642633,unmatched,unscored,,,,,postlaunch_descriptive,False,none
9000000000008554761,not_detected,1.0025549729947665,2746.7820460498333,0.0005460935650708656,unmatched,unscored,,,,,postlaunch_descriptive,False,none
9000000000008564706,candidate,1.2016339017411617,2771.809279992711,0.000541162774375279,unmatched,unscored,,,,,postlaunch_descriptive,False,none
9000000000008565446,confirmed,1.3596534148398192,2771.8093146877363,0.0005411627676014883,unmatched,unscored,,,,,postlaunch_descriptive,False,none
9000000000008566353,confirmed,5.8276078977189485,2769.7127677924,0.000541572403262442,unmatched,unscored,,,,,postlaunch_descriptive,False,none
9000000000008580178,confirmed,1038.5361619081484,2743.7683391831815,0.0005466933846341231,unmatched,unscored,,,,,postlaunch_descriptive,False,none
9000000000008582680,confirmed,1219.897535973074,2743.7684260550886,0.0005466933673249738,unmatched,unscored,,,,,postlaunch_descriptive,False,none
9000000000008584756,not_detected,1.0025262724216029,2743.7684933240525,0.0005466933539216943,unmatched,unscored,,,,,postlaunch_descriptive,False,none
9000000000008613270,candidate,2.8801665818645947,2771.7841218863614,0.0005411676862407171,unmatched,unscored,,,,,postlaunch_descriptive,False,none
9000000000008618239,candidate,2.1491694858167465,2746.781972737983,0.0005460935796461505,unmatched,unscored,,,,,postlaunch_descriptive,False,none
9000000000008618278,candidate,2.236216800715468,2746.781974822283,0.0005460935792317664,unmatched,unscored,,,,,postlaunch_descriptive,False,none
9000000000008620050,not_detected,1070.6760347196423,2142.134648760315,0.0007002360943407886,unmatched,unscored,,,,,postlaunch_descriptive,False,none
9000000000008620833,not_detected,1.0025356003008847,2746.7353769517504,0.000546102843610897,unmatched,unscored,,,,,postlaunch_descriptive,False,none
9000000000008625170,candidate,1.2639003227072767,2746.7355911135674,0.0005461028010314883,unmatched,unscored,,,,,postlaunch_descriptive,False,none
9000000000008625357,confirmed,0.1983081296971559,2746.73560197372,0.0005461027988722854,unmatched,unscored,,,,,postlaunch_descriptive,False,none
9000000000008636179,candidate,0.999130685558514,2771.809574091807,0.0005411627169559367,unmatched,unscored,,,,,postlaunch_descriptive,False,none
9000000000008637715,not_detected,1.00255802752706,2771.8096346547827,0.0005411627051317392,unmatched,unscored,,,,,postlaunch_descriptive,False,none
9000000000008638223,not_detected,1.002558020458105,2771.809654198587,0.000541162701316045,unmatched,unscored,,,,,postlaunch_descriptive,False,none
9000000000008644116,not_detected,1.0024898971418617,2743.768299154006,0.0005466933926099005,unmatched,unscored,,,,,postlaunch_descriptive,False,none
9000000000008644174,not_detected,1.0024898961239228,2743.7683019400574,0.0005466933920547823,unmatched,unscored,,,,,postlaunch_descriptive,False,none
9000000000008669185,candidate,1.9662381234727568,2726.7806152240373,0.0005500992605071593,unmatched,unscored,,,,,postlaunch_descriptive,False,none
9000000000008674586,not_detected,2.002573172709337,2771.783860706724,0.0005411677372338634,unmatched,unscored,,,,,postlaunch_descriptive,False,none
9000000000008684359,not_detected,1180.7771841896115,2142.1346598705277,0.0007002360907090039,unmatched,unscored,,,,,postlaunch_descriptive,False,none
9000000000008685372,not_detected,1025.788948402741,2744.704764795024,0.000546506866326667,unmatched,unscored,,,,,postlaunch_descriptive,False,none
9000000000008686373,confirmed,0.1984173630196394,2746.735425296705,0.0005461028339990076,unmatched,unscored,,,,,postlaunch_descriptive,False,none
9000000000008687224,confirmed,2.757054722052946,2746.735470800195,0.0005461028249520553,unmatched,unscored,,,,,postlaunch_descriptive,False,none
9000000000008689518,confirmed,2.770646941606311,2746.650930409786,0.0005461196336937537,unmatched,unscored,,,,,postlaunch_descriptive,False,none
9000000000008693708,candidate,7.686873383595226,2771.6990949101746,0.0005411842875565148,unmatched,unscored,,,,,postlaunch_descriptive,False,none
9000000000008695145,candidate,1.833027214686694,2771.6991647984833,0.0005411842739105698,unmatched,unscored,,,,,postlaunch_descriptive,False,none
9000000000008695172,not_detected,0.0390623336804396,2764.811771962326,0.0005425324122283285,unmatched,unscored,,,,,postlaunch_descriptive,False,none
9000000000008695379,candidate,1.860230736957606,2771.6991755724885,0.0005411842718069064,unmatched,unscored,,,,,postlaunch_descriptive,False,none
9000000000008696266,confirmed,0.3101944905067595,2771.8093851227313,0.0005411627538498945,unmatched,unscored,,,,,postlaunch_descriptive,False,none
9000000000008702944,missing,,,,unscored,unscored,,,,,postlaunch_descriptive,False,none
9000000000008702966,missing,,,,unscored,unscored,,,,,postlaunch_descriptive,False,none
9000000000008712155,confirmed,865.9796214720059,2743.7684251326136,0.0005466933675087762,unmatched,unscored,,,,,postlaunch_descriptive,False,none
9000000000008713594,candidate,0.6524602980973506,2743.7684794315137,0.0005466933566897698,unmatched,unscored,,,,,postlaunch_descriptive,False,none
9000000000008733715,missing,,,,unscored,unscored,,,,,postlaunch_descriptive,False,none
9000000000008737403,confirmed,0.966149161555786,2770.7936895471066,0.0005413611290002537,unmatched,unscored,,,,,postlaunch_descriptive,False,none
9000000000008748745,not_detected,1027.4452695016948,2142.1346687572077,0.0007002360878040632,unmatched,unscored,,,,,postlaunch_descriptive,False,none
9000000000008750803,confirmed,0.5689663390028551,2746.7354268073104,0.0005461028336986707,unmatched,unscored,,,,,postlaunch_descriptive,False,none
9000000000008757321,confirmed,7.992226128925267,2764.8116611749865,0.0005425324339678644,unmatched,unscored,,,,,postlaunch_descriptive,False,none
9000000000008759016,confirmed,0.0047742852652623,2764.8117501572706,0.0005425324165070825,unmatched,unscored,,,,,postlaunch_descriptive,False,none
9000000000008759645,confirmed,0.0329387734459847,2771.809343469329,0.000541162761982225,unmatched,unscored,,,,,postlaunch_descriptive,False,none
9000000000008773445,confirmed,0.273164462603305,2743.7683249758556,0.00054669338746492,unmatched,unscored,,,,,postlaunch_descriptive,False,none
9000000000008782821,confirmed,1.4017494346984536,2740.789405651856,0.0005472875795954294,unmatched,unscored,,,,,postlaunch_descriptive,False,none
9000000000008802970,confirmed,0.966200904876881,2771.7837837683037,0.0005411677522554503,unmatched,unscored,,,,,postlaunch_descriptive,False,none
9000000000008804158,confirmed,0.96609264131802,2771.783869864419,0.0005411677354458997,unmatched,unscored,,,,,postlaunch_descriptive,False,none
9000000000008807688,not_detected,2.005423124758456,2771.7841344177723,0.0005411676837940639,unmatched,unscored,,,,,postlaunch_descriptive,False,none
9000000000008811377,not_detected,1.0029598450416584,2744.7758886953816,0.0005464927049883714,unmatched,unscored,,,,,postlaunch_descriptive,False,none
9000000000008813472,not_detected,1.002923362974797,2744.776023399085,0.0005464926781684813,unmatched,unscored,,,,,postlaunch_descriptive,False,none
9000000000008814047,missing,,,,unscored,unscored,,,,,postlaunch_descriptive,False,none
9000000000008817579,confirmed,0.9661287000275812,2746.7355021378025,0.0005461028187215478,unmatched,unscored,,,,,postlaunch_descriptive,False,none
9000000000008817926,candidate,0.9636195951770764,2731.679610060528,0.0005491127123677448,unmatched,unscored,,,,,postlaunch_descriptive,False,none
9000000000008818220,confirmed,0.9661650949366468,2746.7355360980146,0.0005461028119696173,unmatched,unscored,,,,,postlaunch_descriptive,False,none
9000000000008818649,confirmed,0.9636894219115504,2746.735555890482,0.0005461028080345016,unmatched,unscored,,,,,postlaunch_descriptive,False,none
9000000000008821973,candidate,2.00821904200628,2771.809191909153,0.000541162791572546,unmatched,unscored,,,,,postlaunch_descriptive,False,none
9000000000008824841,confirmed,2.008182860907658,2771.8093348750845,0.000541162763660149,unmatched,unscored,,,,,postlaunch_descriptive,False,none
9000000000008825813,confirmed,0.9661559047755984,2771.8093806216493,0.0005411627547286771,unmatched,unscored,,,,,postlaunch_descriptive,False,none
9000000000008826102,confirmed,2.9689270887483032,2771.809395787306,0.0005411627517677634,unmatched,unscored,,,,,postlaunch_descriptive,False,none
9000000000008831684,not_detected,1.0025580215331855,2771.809651226271,0.0005411627018963542,unmatched,unscored,,,,,postlaunch_descriptive,False,none
9000000000008831975,not_detected,1.0025580179390845,2771.809661163017,0.0005411626999563234,unmatched,unscored,,,,,postlaunch_descriptive,False,none
9000000000008832131,candidate,1.0068059643199654,2769.749185865745,0.0005415652823925797,unmatched,unscored,,,,,postlaunch_descriptive,False,none
9000000000008837530,not_detected,1.0029637025600735,2743.7682869038545,0.0005466933950507324,unmatched,unscored,,,,,postlaunch_descriptive,False,none
9000000000008848916,not_detected,1.0027038009352591,2740.7894509192556,0.0005472875705563238,unmatched,unscored,,,,,postlaunch_descriptive,False,none
9000000000008870343,candidate,0.001695658878784,2771.783911732491,0.0005411677272715072,unmatched,unscored,,,,,postlaunch_descriptive,False,none
9000000000008872687,confirmed,1.00552565970081,2771.7840644954704,0.0005411676974458092,unmatched,unscored,,,,,postlaunch_descriptive,False,none
9000000000008878363,not_detected,2.002494976766807,2744.775923919864,0.0005464926979750766,unmatched,unscored,,,,,postlaunch_descriptive,False,none
9000000000008879349,not_detected,1.0024497510793378,2744.775982075371,0.0005464926863961499,unmatched,unscored,,,,,postlaunch_descriptive,False,none
9000000000008881751,candidate,57.763791331968726,2746.735373648349,0.0005461028442676755,unmatched,unscored,,,,,postlaunch_descriptive,False,none
9000000000008885069,candidate,43.98646982381641,2746.735541268252,0.0005461028109416767,unmatched,unscored,,,,,postlaunch_descriptive,False,none
9000000000008890175,not_detected,2.002302286875264,2771.8092499715276,0.0005411627802365579,unmatched,unscored,,,,,postlaunch_descriptive,False,none
9000000000008893539,not_detected,2.002590800865542,2771.809396907687,0.0005411627515490223,unmatched,unscored,,,,,postlaunch_descriptive,False,none
9000000000008903643,not_detected,2.002518353921735,2771.8098009587266,0.0005411626726628836,unmatched,unscored,,,,,postlaunch_descriptive,False,none
9000000000008934520,confirmed,0.0070016041004001,2770.793624119833,0.0005413611417835163,unmatched,unscored,,,,,postlaunch_descriptive,False,none
9000000000008935686,candidate,3.004193341262934,2770.7937054745853,0.0005413611258883231,unmatched,unscored,,,,,postlaunch_descriptive,False,none
9000000000008936034,confirmed,0.9662369828586796,2771.7837833906524,0.0005411677523291836,unmatched,unscored,,,,,postlaunch_descriptive,False,none
9000000000008938174,not_detected,1132.278622891061,2142.131546133198,0.0007002371085509096,unmatched,unscored,,,,,postlaunch_descriptive,False,none
9000000000008939379,candidate,1.0054569407620482,2771.774590255227,0.0005411695472184407,unmatched,unscored,,,,,postlaunch_descriptive,False,none
9000000000008940030,not_detected,0.0338049422623502,2771.784056686796,0.0005411676989703877,unmatched,unscored,,,,,postlaunch_descriptive,False,none
9000000000008950675,candidate,0.9661512440025406,2744.704844568856,0.0005465068504426468,unmatched,unscored,,,,,postlaunch_descriptive,False,none
9000000000008955871,not_detected,1.0028828936513363,2771.8091689441353,0.0005411627960561926,unmatched,unscored,,,,,postlaunch_descriptive,False,none
9000000000008956522,candidate,0.9963889276813274,2771.8092034873553,0.0005411627893120396,unmatched,unscored,,,,,postlaunch_descriptive,False,none
9000000000008959395,confirmed,2.008182864748647,2771.8093295735307,0.0005411627646952141,unmatched,unscored,,,,,postlaunch_descriptive,False,none
9000000000008964073,confirmed,2.0081466478742653,2771.80952192517,0.0005411627271408498,unmatched,unscored,,,,,postlaunch_descriptive,False,none
9000000000008975965,confirmed,41.94785621626893,2743.7683443608694,0.0005466933836024734,unmatched,unscored,,,,,postlaunch_descriptive,False,none
9000000000008985278,not_detected,1.002557867868109,2740.7894228021614,0.0005472875761708142,unmatched,unscored,,,,,postlaunch_descriptive,False,none
9000000000009002496,confirmed,12.01049405846326,2770.7935941694304,0.0005413611476352637,unmatched,unscored,,,,,postlaunch_descriptive,False,none
9000000000009003618,candidate,4.102037673163434,2770.7936653918587,0.0005413611337197362,unmatched,unscored,,,,,postlaunch_descriptive,False,none
9000000000009006372,not_detected,0.0033552398997436,2771.783919448033,0.0005411677257651118,unmatched,unscored,,,,,postlaunch_descriptive,False,none
9000000000009009036,confirmed,0.033877097591879,2771.784086441621,0.0005411676931610065,unmatched,unscored,,,,,postlaunch_descriptive,False,none
9000000000009009421,confirmed,0.0339131751549615,2771.784109582193,0.0005411676886430031,unmatched,unscored,,,,,postlaunch_descriptive,False,none
9000000000009009624,not_detected,1.0025672560456278,2771.784120459575,0.0005411676865192852,unmatched,unscored,,,,,postlaunch_descriptive,False,none
9000000000009012615,not_detected,1.0024094394414476,2746.78179560462,0.0005460936148624142,unmatched,unscored,,,,,postlaunch_descriptive,False,none
9000000000009016688,not_detected,1.0029597941245758,2744.776028038934,0.0005464926772446743,unmatched,unscored,,,,,postlaunch_descriptive,False,none
9000000000009017303,not_detected,1187.9093511501903,2142.1346924793907,0.0007002360800495888,unmatched,unscored,,,,,postlaunch_descriptive,False,none
9000000000009018675,candidate,0.8842861249377084,2746.7353964997455,0.0005461028397243866,unmatched,unscored,,,,,postlaunch_descriptive,False,none
9000000000009018707,candidate,1.9655697460594772,2746.735398641322,0.0005461028392986008,unmatched,unscored,,,,,postlaunch_descriptive,False,none
9000000000009021200,not_detected,1.002499138779213,2746.7355267289095,0.0005461028138323721,unmatched,unscored,,,,,postlaunch_descriptive,False,none
9000000000009024721,not_detected,1.0029550535224188,2771.809155591298,0.0005411627986631755,unmatched,unscored,,,,,postlaunch_descriptive,False,none
9000000000009024810,not_detected,1.0028828969923615,2771.809159710072,0.0005411627978590338,unmatched,unscored,,,,,postlaunch_descriptive,False,none
9000000000009025600,not_detected,1.0029550384884087,2771.8091971399263,0.0005411627905512996,unmatched,unscored,,,,,postlaunch_descriptive,False,none
9000000000009026752,confirmed,3.044726106287628,2771.809254885651,0.0005411627792771337,unmatched,unscored,,,,,postlaunch_descriptive,False,none
9000000000009027888,not_detected,1.002558146251834,2771.809306412004,0.0005411627692172266,unmatched,unscored,,,,,postlaunch_descriptive,False,none
9000000000009031731,not_detected,1191.8083089662944,2167.0116410115734,0.0006921974813664551,unmatched,unscored,,,,,postlaunch_descriptive,False,none
9000000000009032703,confirmed,2.008146655122251,2771.809511920903,0.0005411627290940635,unmatched,unscored,,,,,postlaunch_descriptive,False,none
9000000000009039885,not_detected,1.0030269904834437,2771.8097582398914,0.0005411626810032248,unmatched,unscored,,,,,postlaunch_descriptive,False,none
9000000000009040202,not_detected,0.9997476781788006,2771.799385468941,0.0005411647061701854,unmatched,unscored,,,,,postlaunch_descriptive,False,none
9000000000009040422,not_detected,0.0028501234360529,2771.8097749971785,0.0005411626777315651,unmatched,unscored,,,,,postlaunch_descriptive,False,none
9000000000009041740,not_detected,0.9998198175214096,2771.7994296913967,0.0005411646975362158,unmatched,unscored,,,,,postlaunch_descriptive,False,none
9000000000009071682,confirmed,2.0190244440840623,2770.7935960814357,0.0005413611472616937,unmatched,unscored,,,,,postlaunch_descriptive,False,none
9000000000009073315,candidate,5.947176767053761,2770.793713630177,0.0005413611242948733,unmatched,unscored,,,,,postlaunch_descriptive,False,none
9000000000009073445,confirmed,0.010173953759358,2771.7837791489437,0.000541167753157342,unmatched,unscored,,,,,postlaunch_descriptive,False,none
9000000000009076051,candidate,1.005381378862242,2771.7839802778326,0.0005411677138886003,unmatched,unscored,,,,,postlaunch_descriptive,False,none
9000000000009076726,candidate,0.03575326781865,2771.774610999506,0.0005411695431682657,unmatched,unscored,,,,,postlaunch_descriptive,False,none
9000000000009076741,confirmed,2.0365944572844215,2771.784033786971,0.0005411677034413873,unmatched,unscored,,,,,postlaunch_descriptive,False,none
9000000000009083686,not_detected,1.002959798431729,2744.7760162516497,0.0005464926795915559,unmatched,unscored,,,,,postlaunch_descriptive,False,none
9000000000009084512,confirmed,4.75750242068293,2746.735333899036,0.0005461028521705894,unmatched,unscored,,,,,postlaunch_descriptive,False,none
9000000000009087074,not_detected,1.0025719717548611,2746.735473942943,0.0005461028243272177,unmatched,unscored,,,,,postlaunch_descriptive,False,none
9000000000009092247,not_detected,5.1952349540070175,2771.809191977605,0.0005411627915591815,unmatched,unscored,,,,,postlaunch_descriptive,False,none
9000000000009092559,not_detected,1.0025581823750966,2771.8092065406963,0.0005411627887159111,unmatched,unscored,,,,,postlaunch_descriptive,False,none
9000000000009092631,not_detected,1.0024860258552082,2771.809210636653,0.0005411627879162242,unmatched,unscored,,,,,postlaunch_descriptive,False,none
9000000000009093170,candidate,1.9991996319223704,2771.8092338140123,0.0005411627833911205,unmatched,unscored,,,,,postlaunch_descriptive,False,none
9000000000009093179,not_detected,11.014935522642524,2771.8092345832847,0.0005411627832409292,unmatched,unscored,,,,,postlaunch_descriptive,False,none
9000000000009093300,not_detected,1.002955022659943,2771.8092408841476,0.0005411627820107607,unmatched,unscored,,,,,postlaunch_descriptive,False,none
9000000000009095019,not_detected,1.0003574131037924,2771.809319028165,0.0005411627667540712,unmatched,unscored,,,,,postlaunch_descriptive,False,none
9000000000009106961,not_detected,1.0030630620594505,2771.809774643276,0.0005411626778006603,unmatched,unscored,,,,,postlaunch_descriptive,False,none
9000000000009108715,not_detected,1059.2150550105675,2743.768250135239,0.0005466934023768464,unmatched,unscored,,,,,postlaunch_descriptive,False,none
9000000000009111488,confirmed,590.0220191984301,2743.768347032368,0.0005466933830701796,unmatched,unscored,,,,,postlaunch_descriptive,False,none
9000000000009113086,confirmed,167.88397336690858,2743.7684042355977,0.0005466933716724877,unmatched,unscored,,,,,postlaunch_descriptive,False,none
9000000000009117390,confirmed,1.2631762620427918,2740.789313441608,0.0005472875980081995,unmatched,unscored,,,,,postlaunch_descriptive,False,none
9000000000009138695,confirmed,0.6194975902158185,2770.793667497579,0.0005413611333083179,unmatched,unscored,,,,,postlaunch_descriptive,False,none
9000000000009139731,confirmed,1.0365527073232503,2771.783798065968,0.0005411677494639502,unmatched,unscored,,,,,postlaunch_descriptive,False,none
9000000000009141552,candidate,1.0014489079845177,2771.783940117806,0.0005411677217295108,unmatched,unscored,,,,,postlaunch_descriptive,False,none
9000000000009141684,not_detected,1025.378176957185,2142.131563639734,0.0007002371028282331,unmatched,unscored,,,,,postlaunch_descriptive,False,none
9000000000009142121,candidate,1.0053847965237055,2771.77455799561,0.0005411695535169047,unmatched,unscored,,,,,postlaunch_descriptive,False,none
9000000000009145390,not_detected,2.0030058430715827,2771.7842257944867,0.0005411676659535247,unmatched,unscored,,,,,postlaunch_descriptive,False,none
9000000000009146888,candidate,0.0014198433857796,2746.7818204881623,0.0005460936099152636,unmatched,unscored,,,,,postlaunch_descriptive,False,none
9000000000009149716,confirmed,0.6791811023218662,2744.776015744545,0.0005464926796925219,unmatched,unscored,,,,,postlaunch_descriptive,False,none
9000000000009156636,missing,,,,unscored,unscored,,,,,postlaunch_descriptive,False,none
9000000000009159978,candidate,0.4356360301035935,2771.809300789144,0.000541162770315023,unmatched,unscored,,,,,postlaunch_descriptive,False,none
9000000000009160564,candidate,1.0060215807624635,2771.8093262836337,0.0005411627653375274,unmatched,unscored,,,,,postlaunch_descriptive,False,none
9000000000009160739,confirmed,0.0038602943818697,2771.809334089514,0.0005411627638135223,unmatched,unscored,,,,,postlaunch_descriptive,False,none
9000000000009162248,confirmed,0.8477134095712798,2771.809403355234,0.0005411627502902157,unmatched,unscored,,,,,postlaunch_descriptive,False,none
9000000000009163135,confirmed,10.074610300287803,2771.809446485713,0.0005411627418695037,unmatched,unscored,,,,,postlaunch_descriptive,False,none
9000000000009165409,confirmed,5.850185460605655,2771.8095621401444,0.0005411627192893561,unmatched,unscored,,,,,postlaunch_descriptive,False,none
9000000000009165446,confirmed,5.250721474063383,2771.8095640554093,0.0005411627189154235,unmatched,unscored,,,,,postlaunch_descriptive,False,none
9000000000009166386,not_detected,1.0002130006577816,2771.809602731373,0.0005411627113644035,unmatched,unscored,,,,,postlaunch_descriptive,False,none
9000000000009173055,not_detected,760.1280902676086,2743.768274439499,0.0005466933975342441,unmatched,unscored,,,,,postlaunch_descriptive,False,none
9000000000009175104,confirmed,89.74957420896422,2743.768338737078,0.0005466933847230088,unmatched,unscored,,,,,postlaunch_descriptive,False,none
9000000000009178548,not_detected,1.0024169431843135,2743.768467503134,0.0005466933590664886,unmatched,unscored,,,,,postlaunch_descriptive,False,none
9000000000009179771,confirmed,0.1924263227244374,2740.789266940672,0.0005472876072936218,unmatched,unscored,,,,,postlaunch_descriptive,False,none
9000000000009182854,candidate,0.8122477505629253,2740.7893693237565,0.000547287586849514,unmatched,unscored,,,,,postlaunch_descriptive,False,none
9000000000009201343,confirmed,0.9964654299664732,2770.79356390005,0.0005413611535493336,unmatched,unscored,,,,,postlaunch_descriptive,False,none
9000000000009202452,confirmed,1.9606295817808843,2770.793652447872,0.0005413611362487486,unmatched,unscored,,,,,postlaunch_descriptive,False,none
9000000000009203594,confirmed,1.0058865358075724,2771.78379543731,0.0005411677499771738,unmatched,unscored,,,,,postlaunch_descriptive,False,none
9000000000009209074,missing,,,,unscored,unscored,,,,,postlaunch_descriptive,False,none
9000000000009209433,not_detected,1.0030001462299745,2771.784241956193,0.0005411676627980869,unmatched,unscored,,,,,postlaunch_descriptive,False,none
9000000000009220292,missing,,,,unscored,unscored,,,,,postlaunch_descriptive,False,none
9000000000009221245,not_detected,1.0027025020729474,2771.809179945383,0.0005411627939083298,unmatched,unscored,,,,,postlaunch_descriptive,False,none
9000000000009221966,confirmed,3.9140861299823184,2771.809214134235,0.000541162787233363,unmatched,unscored,,,,,postlaunch_descriptive,False,none
9000000000009222588,candidate,3.0128335869783087,2771.8092483081855,0.0005411627805613056,unmatched,unscored,,,,,postlaunch_descriptive,False,none
9000000000009223109,not_detected,1.002594235339404,2771.809274426196,0.0005411627754620747,unmatched,unscored,,,,,postlaunch_descriptive,False,none
9000000000009226540,confirmed,1.2250842197472145,2771.809435844887,0.0005411627439469982,unmatched,unscored,,,,,postlaunch_descriptive,False,none
9000000000009229193,confirmed,1.2643365012678436,2771.8095589946024,0.0005411627199034857,unmatched,unscored,,,,,postlaunch_descriptive,False,none
9000000000009229804,candidate,1.005191703382289,2771.8095867931843,0.0005411627144761445,unmatched,unscored,,,,,postlaunch_descriptive,False,none
9000000000009241195,not_detected,1.002526296576026,2743.7684272169136,0.0005466933670934813,unmatched,unscored,,,,,postlaunch_descriptive,False,none
9000000000009244172,not_detected,2.9999482594607447,2699.6798942978494,0.0005556214287361391,unmatched,unscored,,,,,postlaunch_descriptive,False,none
9000000000009262663,candidate,1013.669088032422,2142.131673744414,0.0007002370668363362,unmatched,unscored,,,,,postlaunch_descriptive,False,none
9000000000009264629,confirmed,0.9967180499341692,2770.793606258463,0.0005413611452732933,unmatched,unscored,,,,,postlaunch_descriptive,False,none
9000000000009265085,confirmed,2.100950395614641,2770.793642796576,0.0005413611381344308,unmatched,unscored,,,,,postlaunch_descriptive,False,none
9000000000009268345,not_detected,1.0029281000812558,2771.7839392223395,0.0005411677219043432,unmatched,unscored,,,,,postlaunch_descriptive,False,none
9000000000009278792,not_detected,1143.739250022813,2142.134697833564,0.0007002360782993789,unmatched,unscored,,,,,postlaunch_descriptive,False,none
9000000000009279772,missing,,,,unscored,unscored,,,,,postlaunch_descriptive,False,none
9000000000009279865,candidate,1.8900951864654736,2744.729491482023,0.0005465019429619899,unmatched,unscored,,,,,postlaunch_descriptive,False,none
9000000000009282564,confirmed,3.927164108027924,2746.6893929769285,0.0005461119862462001,unmatched,unscored,,,,,postlaunch_descriptive,False,none
9000000000009283315,not_detected,1231.6107556427346,2167.0116697554477,0.0006921974721849461,unmatched,unscored,,,,,postlaunch_descriptive,False,none
9000000000009283963,confirmed,3.102883141996401,2771.80918726651,0.0005411627924789668,unmatched,unscored,,,,,postlaunch_descriptive,False,none
9000000000009283977,confirmed,1.134710142847461,2771.8091882984154,0.0005411627922774996,unmatched,unscored,,,,,postlaunch_descriptive,False,none
9000000000009284059,confirmed,0.7643383267036796,2771.809192320332,0.0005411627914922682,unmatched,unscored,,,,,postlaunch_descriptive,False,none
9000000000009285133,not_detected,1.0025942443936202,2771.8092493945733,0.0005411627803492013,unmatched,unscored,,,,,postlaunch_descriptive,False,none
9000000000009290326,not_detected,1227.544102934813,2167.011656357441,0.0006921974764646029,unmatched,unscored,,,,,postlaunch_descriptive,False,none
9000000000009292201,not_detected,1160.5917196803514,2167.0116518996656,0.0006921974778885274,unmatched,unscored,,,,,postlaunch_descriptive,False,none
9000000000009292302,not_detected,1006.0141016059492,2167.0116513804533,0.0006921974780543768,unmatched,unscored,,,,,postlaunch_descriptive,False,none
9000000000009305656,not_detected,918.5511172507348,2740.789265945088,0.0005472876074924224,unmatched,unscored,,,,,postlaunch_descriptive,False,none
9000000000009307635,missing,,,,unscored,unscored,,,,,postlaunch_descriptive,False,none
9000000000009326409,not_detected,1059.884985946724,2142.1316363341175,0.0007002370790653122,unmatched,unscored,,,,,postlaunch_descriptive,False,none
9000000000009327997,not_detected,1061.7696629548268,2142.1316110459156,0.0007002370873317214,unmatched,unscored,,,,,postlaunch_descriptive,False,none
9000000000009330879,not_detected,1.00265841564194,2744.803172312677,0.0005464872727963774,unmatched,unscored,,,,,postlaunch_descriptive,False,none
9000000000009334072,not_detected,1.0027450369666682,2761.7189793102443,0.0005431399831906988,unmatched,unscored,,,,,postlaunch_descriptive,False,none
9000000000009334630,not_detected,939.6691647721476,2164.013244339265,0.0006931565709793024,unmatched,unscored,,,,,postlaunch_descriptive,False,none
9000000000009335635,candidate,1097.702025586165,2164.013240760658,0.0006931565721255684,unmatched,unscored,,,,,postlaunch_descriptive,False,none
9000000000009336219,missing,,,,unscored,unscored,,,,,postlaunch_descriptive,False,none
9000000000009344189,not_detected,1107.6716925967162,2142.134666669648,0.0007002360884864594,unmatched,unscored,,,,,postlaunch_descriptive,False,none
9000000000009344984,not_detected,1083.963971971839,2167.0116727901623,0.0006921974712155827,unmatched,unscored,,,,,postlaunch_descriptive,False,none
9000000000009345042,not_detected,1065.853964019285,2167.0116714728065,0.0006921974716363789,unmatched,unscored,,,,,postlaunch_descriptive,False,none
9000000000009345696,not_detected,1203.1033403630258,2167.0116711002775,0.000692197471755374,unmatched,unscored,,,,,postlaunch_descriptive,False,none
9000000000009345734,not_detected,959.9183554873332,2167.0116715938784,0.0006921974715977055,unmatched,unscored,,,,,postlaunch_descriptive,False,none
9000000000009345873,candidate,1167.216454483027,2167.011671573855,0.0006921974716041014,unmatched,unscored,,,,,postlaunch_descriptive,False,none
9000000000009347598,missing,,,,unscored,unscored,,,,,postlaunch_descriptive,False,none
9000000000009349512,not_detected,1178.2621774291033,2167.011662438046,0.0006921974745223063,unmatched,unscored,,,,,postlaunch_descriptive,False,none
9000000000009352097,not_detected,1186.905094243929,2167.0116611178964,0.0006921974749439949,unmatched,unscored,,,,,postlaunch_descriptive,False,none
9000000000009357103,not_detected,1055.084534028848,2167.011652545538,0.0006921974776822197,unmatched,unscored,,,,,postlaunch_descriptive,False,none
9000000000009389973,not_detected,1210.771245151151,2142.131611620076,0.0007002370871440353,unmatched,unscored,,,,,postlaunch_descriptive,False,none
9000000000009401335,missing,,,,unscored,unscored,,,,,postlaunch_descriptive,False,none
9000000000009402495,missing,,,,unscored,unscored,,,,,postlaunch_descriptive,False,none
9000000000009408336,missing,,,,unscored,unscored,,,,,postlaunch_descriptive,False,none
9000000000009409310,missing,,,,unscored,unscored,,,,,postlaunch_descriptive,False,none
9000000000009412827,not_detected,1.0024859338261058,2771.80946509121,0.0005411627382370024,unmatched,unscored,,,,,postlaunch_descriptive,False,none
9000000000009413755,not_detected,1.0025636600518888,2764.8119620219804,0.0005425323749333789,unmatched,unscored,,,,,postlaunch_descriptive,False,none
9000000000009414982,candidate,4.008156768455098,2764.8120171385817,0.0005425323641179815,unmatched,unscored,,,,,postlaunch_descriptive,False,none
9000000000009449234,confirmed,0.9661852633244634,2770.79365792498,0.0005413611351786243,unmatched,unscored,,,,,postlaunch_descriptive,False,none
9000000000009450590,not_detected,1.002495209365801,2771.783819054719,0.000541167745366071,unmatched,unscored,,,,,postlaunch_descriptive,False,none
9000000000009452462,missing,,,,unscored,unscored,,,,,postlaunch_descriptive,False,none
9000000000009455075,confirmed,0.966200772388615,2771.7841638433747,0.000541167678048961,unmatched,unscored,,,,,postlaunch_descriptive,False,none
9000000000009455242,confirmed,0.966164690047902,2771.7841767403297,0.0005411676755309384,unmatched,unscored,,,,,postlaunch_descriptive,False,none
9000000000009455322,confirmed,0.9661646879265916,2771.784182826057,0.0005411676743427511,unmatched,unscored,,,,,postlaunch_descriptive,False,none
9000000000009455356,confirmed,0.0338410185388702,2771.78418528568,0.0005411676738625303,unmatched,unscored,,,,,postlaunch_descriptive,False,none
9000000000009455924,confirmed,0.0338770958411278,2771.784229686018,0.0005411676651937359,unmatched,unscored,,,,,postlaunch_descriptive,False,none
9000000000009456009,candidate,0.9661646694235184,2771.78423590865,0.000541167663978819,unmatched,unscored,,,,,postlaunch_descriptive,False,none
9000000000009456389,confirmed,0.9662007374466376,2771.7842640830204,0.0005411676584780092,unmatched,unscored,,,,,postlaunch_descriptive,False,none
9000000000009456595,confirmed,0.9661646542310468,2771.784279493615,0.0005411676554692197,unmatched,unscored,,,,,postlaunch_descriptive,False,none
9000000000009456985,confirmed,1.9688859249796689,2746.7817872972228,0.0005460936165140258,unmatched,unscored,,,,,postlaunch_descriptive,False,none
9000000000009466331,confirmed,1.9688908289760705,2753.7331781974062,0.0005447150841905097,unmatched,unscored,,,,,postlaunch_descriptive,False,none
9000000000009466429,confirmed,0.9661429851286948,2753.733185410034,0.0005447150827637821,unmatched,unscored,,,,,postlaunch_descriptive,False,none
9000000000009466498,confirmed,1.968854508419861,2753.733186893165,0.0005447150824704044,unmatched,unscored,,,,,postlaunch_descriptive,False,none
9000000000009466660,confirmed,1.9688544999406248,2753.733198752627,0.0005447150801244881,unmatched,unscored,,,,,postlaunch_descriptive,False,none
9000000000009467074,missing,,,,unscored,unscored,,,,,postlaunch_descriptive,False,none
9000000000009467357,not_detected,1.0025221257082704,2771.8091488871723,0.0005411627999720763,unmatched,unscored,,,,,postlaunch_descriptive,False,none
9000000000009467485,not_detected,1.0025221235142272,2771.809154953342,0.0005411627987877288,unmatched,unscored,,,,,postlaunch_descriptive,False,none
9000000000009468800,not_detected,1.0025220988264831,2771.8092232109047,0.0005411627854612511,unmatched,unscored,,,,,postlaunch_descriptive,False,none
9000000000009469599,confirmed,1.1937329319138643,2771.8092644852586,0.0005411627774029246,unmatched,unscored,,,,,postlaunch_descriptive,False,none
9000000000009471846,confirmed,0.9661919864305863,2771.809368750546,0.0005411627570463686,unmatched,unscored,,,,,postlaunch_descriptive,False,none
9000000000009472553,not_detected,1.0024859566213011,2771.8094020639546,0.0005411627505423225,unmatched,unscored,,,,,postlaunch_descriptive,False,none
9000000000009474067,missing,,,,unscored,unscored,,,,,postlaunch_descriptive,False,none
9000000000009474675,candidate,1.0050835019966635,2771.8095008679666,0.0005411627312520175,unmatched,unscored,,,,,postlaunch_descriptive,False,none
9000000000009475286,candidate,1.0054803445143423,2771.8095288537443,0.0005411627257881284,unmatched,unscored,,,,,postlaunch_descriptive,False,none
9000000000009480445,confirmed,0.0338767840235309,2771.8097424707375,0.0005411626840819634,unmatched,unscored,,,,,postlaunch_descriptive,False,none
9000000000009509020,candidate,0.966164715526213,2744.873578368686,0.0005464732553881295,unmatched,unscored,,,,,postlaunch_descriptive,False,none
9000000000009512022,confirmed,0.9662009021915828,2771.7837914717384,0.0005411677507514187,unmatched,unscored,,,,,postlaunch_descriptive,False,none
9000000000009514279,missing,,,,unscored,unscored,,,,,postlaunch_descriptive,False,none
9000000000009515035,confirmed,0.033877098379377,2771.784022009466,0.000541167705740847,unmatched,unscored,,,,,postlaunch_descriptive,False,none
9000000000009519262,confirmed,1.9688494875586395,2746.781830796972,0.0005460936078657469,unmatched,unscored,,,,,postlaunch_descriptive,False,none
9000000000009524829,confirmed,0.1536343145402037,2746.7821968221106,0.000546093535095511,unmatched,unscored,,,,,postlaunch_descriptive,False,none
9000000000009529425,not_detected,1.0025221156054314,2771.8091768198647,0.0005411627945185501,unmatched,unscored,,,,,postlaunch_descriptive,False,none
9000000000009529777,not_detected,1.0025221081503666,2771.809197431896,0.0005411627904942961,unmatched,unscored,,,,,postlaunch_descriptive,False,none
9000000000009529932,not_detected,1.0025221050640196,2771.809205965139,0.0005411627888282819,unmatched,unscored,,,,,postlaunch_descriptive,False,none
9000000000009531205,not_detected,1.0029910868416787,2771.809277741704,0.0005411627748147613,unmatched,unscored,,,,,postlaunch_descriptive,False,none
9000000000009533215,not_detected,1.0025220447929308,2771.8093726048246,0.0005411627562938666,unmatched,unscored,,,,,postlaunch_descriptive,False,none
9000000000009533319,not_detected,1.0024859654530711,2771.8093776446767,0.0005411627553098956,unmatched,unscored,,,,,postlaunch_descriptive,False,none
9000000000009533357,not_detected,1.0024859645267794,2771.809380205814,0.000541162754809864,unmatched,unscored,,,,,postlaunch_descriptive,False,none
9000000000009534206,not_detected,1.0024859491284437,2771.8094227812253,0.0005411627464975223,unmatched,unscored,,,,,postlaunch_descriptive,False,none
9000000000009535275,missing,,,,unscored,unscored,,,,,postlaunch_descriptive,False,none
9000000000009535729,candidate,0.0039324491890197,2771.80949481437,0.0005411627324339099,unmatched,unscored,,,,,postlaunch_descriptive,False,none
9000000000009536121,candidate,1.0054803498185902,2771.809514231514,0.0005411627286429442,unmatched,unscored,,,,,postlaunch_descriptive,False,none
9000000000009536335,candidate,1.0054803465733049,2771.809523177799,0.0005411627268962889,unmatched,unscored,,,,,postlaunch_descriptive,False,none
9000000000009540796,confirmed,0.0338767843491282,2771.8097158302553,0.0005411626892831987,unmatched,unscored,,,,,postlaunch_descriptive,False,none
9000000000009544105,candidate,0.966116584131343,2743.768240334466,0.0005466934043296418,unmatched,unscored,,,,,postlaunch_descriptive,False,none
9000000000009550833,candidate,2.0090980831906355,2743.768483042717,0.0005466933559702409,unmatched,unscored,,,,,postlaunch_descriptive,False,none
9000000000009570769,candidate,0.9661707195340172,2749.8245871923864,0.0005454893402969835,unmatched,unscored,,,,,postlaunch_descriptive,False,none
9000000000009573474,confirmed,0.9661648225911144,2771.7837964934297,0.0005411677497709752,unmatched,unscored,,,,,postlaunch_descriptive,False,none
9000000000009574825,confirmed,1219.3447767917412,2771.783893926069,0.0005411677307480628,unmatched,unscored,,,,,postlaunch_descriptive,False,none
9000000000009575208,not_detected,1.0002222656668005,2771.7839275971055,0.0005411677241740733,unmatched,unscored,,,,,postlaunch_descriptive,False,none
9000000000009578617,confirmed,0.0338410185067254,2771.784187918529,0.0005411676733484886,unmatched,unscored,,,,,postlaunch_descriptive,False,none
9000000000009579084,confirmed,0.9661646732624588,2771.7842248952948,0.0005411676661290845,unmatched,unscored,,,,,postlaunch_descriptive,False,none
9000000000009580130,candidate,0.0338770949504397,2771.784302561078,0.0005411676509654909,unmatched,unscored,,,,,postlaunch_descriptive,False,none
9000000000009580881,not_detected,1.0025914562240137,2746.7818351173773,0.0005460936070067978,unmatched,unscored,,,,,postlaunch_descriptive,False,none
9000000000009581072,not_detected,0.0016796301071185,2560.087475079112,0.0005859174792274029,unmatched,unscored,,,,,postlaunch_descriptive,False,none
9000000000009581773,not_detected,1.0008439321742166,2746.781902377028,0.0005460935936347623,unmatched,unscored,,,,,postlaunch_descriptive,False,none
9000000000009582263,not_detected,11.522319836282872,2746.781937118154,0.0005460935867278047,unmatched,unscored,,,,,postlaunch_descriptive,False,none
9000000000009582288,confirmed,7.859124050682372,2746.781939155888,0.0005460935863226784,unmatched,unscored,,,,,postlaunch_descriptive,False,none
9000000000009582437,confirmed,0.966112362827828,2746.781950116623,0.0005460935841435512,unmatched,unscored,,,,,postlaunch_descriptive,False,none
9000000000009582619,confirmed,0.998950785845502,2746.7819625143893,0.0005460935816787249,unmatched,unscored,,,,,postlaunch_descriptive,False,none
9000000000009583685,not_detected,26.293070439007348,2142.134754883591,0.0007002360596504647,unmatched,unscored,,,,,postlaunch_descriptive,False,none
9000000000009589703,candidate,0.0014525735569885,2753.733179814182,0.0005447150838706957,unmatched,unscored,,,,,postlaunch_descriptive,False,none
9000000000009590050,not_detected,1163.3786272497864,824.8997984705493,0.001818402674823242,unmatched,unscored,,,,,postlaunch_descriptive,False,none
9000000000009591745,not_detected,1.0025221028041231,2771.809212213382,0.0005411627876083867,unmatched,unscored,,,,,postlaunch_descriptive,False,none
9000000000009593788,confirmed,1.968930537941373,2771.809312128462,0.0005411627681011561,unmatched,unscored,,,,,postlaunch_descriptive,False,none
9000000000009594048,confirmed,1.9689305284457168,2771.8093254962005,0.0005411627654912643,unmatched,unscored,,,,,postlaunch_descriptive,False,none
9000000000009594553,not_detected,1.0024859763817977,2771.80934742745,0.0005411627612094491,unmatched,unscored,,,,,postlaunch_descriptive,False,none
9000000000009594695,not_detected,1.0024498965549686,2771.8093538130634,0.0005411627599627341,unmatched,unscored,,,,,postlaunch_descriptive,False,none
9000000000009595230,not_detected,1.002522042443434,2771.8093791007996,0.0005411627550256048,unmatched,unscored,,,,,postlaunch_descriptive,False,none
9000000000009595565,not_detected,1.0025220366139862,2771.809395218268,0.0005411627518788612,unmatched,unscored,,,,,postlaunch_descriptive,False,none
9000000000009595792,not_detected,1.0024859543050666,2771.8094084681943,0.000541162749291971,unmatched,unscored,,,,,postlaunch_descriptive,False,none
9000000000009597676,not_detected,1.0023416125213718,2771.8094961768948,0.0005411627321678932,unmatched,unscored,,,,,postlaunch_descriptive,False,none
9000000000009598298,confirmed,2.008182723792961,2771.809524128679,0.0005411627267106409,unmatched,unscored,,,,,postlaunch_descriptive,False,none
9000000000009598334,candidate,1.7605105809814083,2771.809526574798,0.0005411627262330654,unmatched,unscored,,,,,postlaunch_descriptive,False,none
9000000000009601302,confirmed,0.0338767850587437,2771.8096577692777,0.0005411627006189103,unmatched,unscored,,,,,postlaunch_descriptive,False,none
9000000000009602210,confirmed,0.9661557962915988,2771.809691851958,0.0005411626939646746,unmatched,unscored,,,,,postlaunch_descriptive,False,none
9000000000009603091,not_detected,1.0025579951166514,2771.809724261053,0.0005411626876371864,unmatched,unscored,,,,,postlaunch_descriptive,False,none
9000000000009603948,not_detected,1.0025940621284295,2771.8097532917745,0.0005411626819692854,unmatched,unscored,,,,,postlaunch_descriptive,False,none
9000000000009604148,candidate,0.9687894305837584,2771.809760952834,0.0005411626804735552,unmatched,unscored,,,,,postlaunch_descriptive,False,none
9000000000009604262,confirmed,0.0338046287308231,2771.809764458798,0.0005411626797890577,unmatched,unscored,,,,,postlaunch_descriptive,False,none
9000000000009635815,not_detected,1.0002583663836797,2771.783864226658,0.0005411677365466256,unmatched,unscored,,,,,postlaunch_descriptive,False,none
9000000000009636432,confirmed,605.1692214329327,2771.7839152393863,0.0005411677265868151,unmatched,unscored,,,,,postlaunch_descriptive,False,none
9000000000009636620,confirmed,1340.3660698096137,2771.67710690666,0.0005411885808279018,unmatched,unscored,,,,,postlaunch_descriptive,False,none
9000000000009639403,not_detected,37.71859822724205,2142.1315689734183,0.0007002371010847156,unmatched,unscored,,,,,postlaunch_descriptive,False,none
9000000000009641367,not_detected,45.610576254938984,2746.7817836753093,0.0005460936172341063,unmatched,unscored,,,,,postlaunch_descriptive,False,none
9000000000009642041,confirmed,4.650569558647445,2746.781837989576,0.0005460936064357698,unmatched,unscored,,,,,postlaunch_descriptive,False,none
9000000000009645184,not_detected,1.0027370013153287,2746.782053905539,0.000546093563509056,unmatched,unscored,,,,,postlaunch_descriptive,False,none
9000000000009645405,candidate,0.9987687168451036,2746.7820664886385,0.0005460935610073834,unmatched,unscored,,,,,postlaunch_descriptive,False,none
9000000000009651625,not_detected,1.0020891970395036,2771.8091445411555,0.0005411628008205845,unmatched,unscored,,,,,postlaunch_descriptive,False,none
9000000000009651699,not_detected,1.0025582035816325,2771.809147910215,0.0005411628001628157,unmatched,unscored,,,,,postlaunch_descriptive,False,none
9000000000009652436,not_detected,1.0024860348545543,2771.809185754042,0.0005411627927742582,unmatched,unscored,,,,,postlaunch_descriptive,False,none
9000000000009654199,confirmed,0.9661920165263744,2771.809282411821,0.0005411627739029765,unmatched,unscored,,,,,postlaunch_descriptive,False,none
9000000000009654789,not_detected,1.0025220667702452,2771.809311841149,0.0005411627681572506,unmatched,unscored,,,,,postlaunch_descriptive,False,none
9000000000009654924,confirmed,1.9688944567314184,2771.809317326173,0.0005411627670863649,unmatched,unscored,,,,,postlaunch_descriptive,False,none
9000000000009654967,confirmed,1.9688944553484593,2771.809319273103,0.00054116276670625,unmatched,unscored,,,,,postlaunch_descriptive,False,none
9000000000009655399,not_detected,1.0025220565313218,2771.8093401500955,0.0005411627626302659,unmatched,unscored,,,,,postlaunch_descriptive,False,none
9000000000009655716,not_detected,1.00248597439987,2771.809352907352,0.0005411627601395635,unmatched,unscored,,,,,postlaunch_descriptive,False,none
9000000000009655730,not_detected,1.0024498962996584,2771.809354519006,0.0005411627598249073,unmatched,unscored,,,,,postlaunch_descriptive,False,none
9000000000009655815,not_detected,1.0025220498917609,2771.809358507395,0.0005411627590462218,unmatched,unscored,,,,,postlaunch_descriptive,False,none
9000000000009655978,not_detected,1.002485969777843,2771.8093656869605,0.0005411627576444971,unmatched,unscored,,,,,postlaunch_descriptive,False,none
9000000000009656139,not_detected,1.0025220443230316,2771.8093739040196,0.0005411627560402142,unmatched,unscored,,,,,postlaunch_descriptive,False,none
9000000000009656811,not_detected,1.002449876864232,2771.8094082586467,0.0005411627493328827,unmatched,unscored,,,,,postlaunch_descriptive,False,none
9000000000009656934,confirmed,0.9569922034546436,2771.809415400028,0.0005411627479386132,unmatched,unscored,,,,,postlaunch_descriptive,False,none
9000000000009657804,not_detected,1.002954943413324,2771.8094598934986,0.0005411627392517935,unmatched,unscored,,,,,postlaunch_descriptive,False,none
9000000000009662168,confirmed,1.634708210572929,2771.8096542819403,0.0005411627012997713,unmatched,unscored,,,,,postlaunch_descriptive,False,none
9000000000009662612,confirmed,0.0676453372258076,2771.8096721745096,0.000541162697806461,unmatched,unscored,,,,,postlaunch_descriptive,False,none
9000000000009663377,confirmed,0.5394309717343263,2771.8097001230344,0.0005411626923498458,unmatched,unscored,,,,,postlaunch_descriptive,False,none
9000000000009664968,not_detected,1.0025579820262007,2771.809760452714,0.0005411626805711977,unmatched,unscored,,,,,postlaunch_descriptive,False,none
9000000000009697513,confirmed,656.2486341255369,2771.783923936542,0.0005411677248887678,unmatched,unscored,,,,,postlaunch_descriptive,False,none
9000000000009700162,confirmed,0.0338410192052113,2771.7841307083145,0.0005411676845183045,unmatched,unscored,,,,,postlaunch_descriptive,False,none
9000000000009703584,candidate,0.0338578032301828,2746.781867912039,0.0005460936004868206,unmatched,unscored,,,,,postlaunch_descriptive,False,none
9000000000009703897,not_detected,0.9994969054648656,2746.7818909585476,0.0005460935959048949,unmatched,unscored,,,,,postlaunch_descriptive,False,none
9000000000009704596,candidate,0.0014562495618394,2746.7819423391484,0.0005460935856898076,unmatched,unscored,,,,,postlaunch_descriptive,False,none
9000000000009710659,confirmed,2.9689151755723073,2753.7331033460796,0.0005447150989968272,unmatched,unscored,,,,,postlaunch_descriptive,False,none
9000000000009710770,confirmed,1.96892719080622,2753.7331117764115,0.0005447150973292258,unmatched,unscored,,,,,postlaunch_descriptive,False,none
9000000000009712093,candidate,1066.3383709894017,2142.1347061037086,0.0007002360755959759,unmatched,unscored,,,,,postlaunch_descriptive,False,none
9000000000009712478,not_detected,6.977119702973996,2167.0116958944127,0.00069219746383551,unmatched,unscored,,,,,postlaunch_descriptive,False,none
9000000000009712634,confirmed,0.0038963721712915,2771.809140711557,0.000541162801568268,unmatched,unscored,,,,,postlaunch_descriptive,False,none
9000000000009715437,not_detected,1.0030271595829776,2771.809290942736,0.0005411627722374169,unmatched,unscored,,,,,postlaunch_descriptive,False,none
9000000000009715734,confirmed,1.968930541806519,2771.8093066872098,0.0005411627691634959,unmatched,unscored,,,,,postlaunch_descriptive,False,none
9000000000009716076,confirmed,973.6040644241848,2771.8093241271563,0.000541162765758554,unmatched,unscored,,,,,postlaunch_descriptive,False,none
9000000000009716253,confirmed,0.033876789048635,2771.809331315104,0.0005411627643551927,unmatched,unscored,,,,,postlaunch_descriptive,False,none
9000000000009716358,not_detected,1.002485979968399,2771.8093375107273,0.000541162763145571,unmatched,unscored,,,,,postlaunch_descriptive,False,none
9000000000009716563,confirmed,789.5694294030412,2771.809346742928,0.0005411627613430938,unmatched,unscored,,,,,postlaunch_descriptive,False,none
9000000000009716843,not_detected,1.0024859719317236,2771.8093597316183,0.0005411627588072068,unmatched,unscored,,,,,postlaunch_descriptive,False,none
9000000000009717031,not_detected,1.00252204610966,2771.8093689642847,0.0005411627570046386,unmatched,unscored,,,,,postlaunch_descriptive,False,none
9000000000009719270,not_detected,0.0009690764549357,2167.011683447752,0.0006921974678112832,unmatched,unscored,,,,,postlaunch_descriptive,False,none
9000000000009719420,not_detected,1016.9534373679552,2167.011683552526,0.0006921974677778158,unmatched,unscored,,,,,postlaunch_descriptive,False,none
9000000000009719699,confirmed,0.0040046042193751,2771.8094952544197,0.0005411627323479955,unmatched,unscored,,,,,postlaunch_descriptive,False,none
9000000000009723890,confirmed,1.968894198638706,2771.809680669103,0.0005411626961479933,unmatched,unscored,,,,,postlaunch_descriptive,False,none
9000000000009723900,confirmed,10.800849789063149,2771.8096802267246,0.0005411626962343624,unmatched,unscored,,,,,postlaunch_descriptive,False,none
9000000000009723932,not_detected,1.003099173141769,2771.809681879822,0.0005411626959116148,unmatched,unscored,,,,,postlaunch_descriptive,False,none
9000000000009757451,not_detected,1.0024625227876565,2771.7744422736578,0.0005411695761108056,unmatched,unscored,,,,,postlaunch_descriptive,False,none
9000000000009761579,candidate,2.9951826704327313,2771.7841993258335,0.0005411676711213078,unmatched,unscored,,,,,postlaunch_descriptive,False,none
9000000000009765477,candidate,4.713297287587432,2746.7819681339897,0.0005460935805614802,unmatched,unscored,,,,,postlaunch_descriptive,False,none
9000000000009766408,not_detected,44.74284311938453,2142.134771012701,0.000700236054378068,unmatched,unscored,,,,,postlaunch_descriptive,False,none
9000000000009771350,candidate,1.0014768597703234,2753.7331223334186,0.0005447150952409476,unmatched,unscored,,,,,postlaunch_descriptive,False,none
9000000000009776796,confirmed,1.9689305185385724,2771.8093394432217,0.0005411627627682745,unmatched,unscored,,,,,postlaunch_descriptive,False,none
9000000000009777482,not_detected,1.002449890418928,2771.8093707794324,0.0005411627566502527,unmatched,unscored,,,,,postlaunch_descriptive,False,none
9000000000009778485,not_detected,1.0002491432962806,2771.8094222638756,0.0005411627465985287,unmatched,unscored,,,,,postlaunch_descriptive,False,none
9000000000009784103,not_detected,2.0030235303688775,2771.809674635995,0.0005411626973258854,unmatched,unscored,,,,,postlaunch_descriptive,False,none
9000000000009784357,confirmed,0.9688616130758626,2771.809682369698,0.0005411626958159724,unmatched,unscored,,,,,postlaunch_descriptive,False,none
9000000000009786617,not_detected,1.0002490194412588,2771.8097654809244,0.0005411626795894998,unmatched,unscored,,,,,postlaunch_descriptive,False,none
9000000000009786780,not_detected,3.005725747716206,2771.8097721757367,0.0005411626782824178,unmatched,unscored,,,,,postlaunch_descriptive,False,none
9000000000009786859,not_detected,1.0024858215149428,2771.809775624424,0.0005411626776091028,unmatched,unscored,,,,,postlaunch_descriptive,False,none
9000000000009786866,not_detected,1.002557976702,2771.8097751727328,0.0005411626776972902,unmatched,unscored,,,,,postlaunch_descriptive,False,none
9000000000009787265,candidate,2.0037810748273963,2771.8097898885608,0.000541162674824201,unmatched,unscored,,,,,postlaunch_descriptive,False,none
9000000000009788706,not_detected,1.0025628102279007,2743.7682426846586,0.000546693403861368,unmatched,unscored,,,,,postlaunch_descriptive,False,none
9000000000009790903,not_detected,1.0025263354597087,2743.7683207979426,0.0005466933882973654,unmatched,unscored,,,,,postlaunch_descriptive,False,none
9000000000009812146,confirmed,0.9661344234347188,2749.8243883652613,0.0005454893797388031,unmatched,unscored,,,,,postlaunch_descriptive,False,none
9000000000009814138,candidate,1.968852863528972,2749.824580743909,0.0005454893415761836,unmatched,unscored,,,,,postlaunch_descriptive,False,none
9000000000009820713,confirmed,1.9688762921442733,2771.7840992724523,0.0005411676906558939,unmatched,unscored,,,,,postlaunch_descriptive,False,none
9000000000009821013,confirmed,0.0338770971892486,2771.7841193843633,0.0005411676867292113,unmatched,unscored,,,,,postlaunch_descriptive,False,none
9000000000009822703,not_detected,0.0010171676055628,2752.7420109398663,0.0005449112172658186,unmatched,unscored,,,,,postlaunch_descriptive,False,none
9000000000009823527,confirmed,0.7054801409426662,2746.7817838368937,0.0005460936172019814,unmatched,unscored,,,,,postlaunch_descriptive,False,none
9000000000009825135,confirmed,8.8624801009235,2746.7819078615867,0.0005460935925443655,unmatched,unscored,,,,,postlaunch_descriptive,False,none
9000000000009825778,confirmed,3.804706807489275,2746.781954243779,0.0005460935833230226,unmatched,unscored,,,,,postlaunch_descriptive,False,none
9000000000009832817,confirmed,6.823718496090097,2753.7331750667654,0.0005447150848097808,unmatched,unscored,,,,,postlaunch_descriptive,False,none
9000000000009833354,candidate,24.074139303833213,2771.8091400251724,0.0005411628017022765,unmatched,unscored,,,,,postlaunch_descriptive,False,none
9000000000009834190,not_detected,1.002413878890808,2771.809188310988,0.0005411627922750449,unmatched,unscored,,,,,postlaunch_descriptive,False,none
9000000000009838007,confirmed,1.96893049423132,2771.8093736623414,0.000541162756087399,unmatched,unscored,,,,,postlaunch_descriptive,False,none
9000000000009838479,not_detected,1.0029549652287677,2771.8093996034004,0.0005411627510227164,unmatched,unscored,,,,,postlaunch_descriptive,False,none
9000000000009838821,not_detected,1.0002491453178124,2771.8094166619703,0.000541162747692234,unmatched,unscored,,,,,postlaunch_descriptive,False,none
9000000000009839139,not_detected,1.0002491397843942,2771.809431995731,0.0005411627446985,unmatched,unscored,,,,,postlaunch_descriptive,False,none
9000000000009839485,not_detected,1.0029549477138335,2771.8094480084255,0.0005411627415722123,unmatched,unscored,,,,,postlaunch_descriptive,False,none
9000000000009840129,candidate,1078.7433181996958,2167.011689537205,0.0006921974658661604,unmatched,unscored,,,,,postlaunch_descriptive,False,none
9000000000009844904,confirmed,0.9688255333717098,2771.80968863843,0.0005411626945920774,unmatched,unscored,,,,,postlaunch_descriptive,False,none
9000000000009845531,candidate,0.9688255244813386,2771.809714073781,0.0005411626896261294,unmatched,unscored,,,,,postlaunch_descriptive,False,none
9000000000009846224,candidate,7.35508636789357,2771.809735503979,0.0005411626854421397,unmatched,unscored,,,,,postlaunch_descriptive,False,none
9000000000009846419,candidate,0.0338407064836116,2771.8097447352484,0.0005411626836398447,unmatched,unscored,,,,,postlaunch_descriptive,False,none
9000000000009846850,not_detected,1.0026357347798216,2743.7681548465043,0.0005466934213630433,unmatched,unscored,,,,,postlaunch_descriptive,False,none
9000000000009846969,candidate,2.0037525208315534,2771.799382538069,0.0005411647067424073,unmatched,unscored,,,,,postlaunch_descriptive,False,none
9000000000009847134,candidate,2.0037810902361093,2771.8097685738467,0.0005411626789856437,unmatched,unscored,,,,,postlaunch_descriptive,False,none
9000000000009848841,not_detected,1.0025263703383576,2743.7682253401726,0.0005466934073172416,unmatched,unscored,,,,,postlaunch_descriptive,False,none
9000000000009850957,not_detected,1.0025263441741812,2743.7682969477028,0.0005466933930495045,unmatched,unscored,,,,,postlaunch_descriptive,False,none
9000000000009851484,not_detected,1.0024898909258502,2743.768316166941,0.0005466933892200883,unmatched,unscored,,,,,postlaunch_descriptive,False,none
9000000000009852050,not_detected,1.0025263286593644,2743.768339409493,0.0005466933845890307,unmatched,unscored,,,,,postlaunch_descriptive,False,none
9000000000009873555,confirmed,2.0864240404166257,2749.824526971206,0.0005454893522432047,unmatched,unscored,,,,,postlaunch_descriptive,False,none
9000000000009873626,candidate,78.02497434403747,2749.8245358518325,0.0005454893504815334,unmatched,unscored,,,,,postlaunch_descriptive,False,none
9000000000009873847,candidate,0.0012000765610146,2749.824558868073,0.000545489345915746,unmatched,unscored,,,,,postlaunch_descriptive,False,none
9000000000009885669,confirmed,3.2270126045523173,2746.7819578689523,0.0005460935826022942,unmatched,unscored,,,,,postlaunch_descriptive,False,none
9000000000009886727,confirmed,2.747506948115057,2205.126361611765,0.0006802331268234552,unmatched,unscored,,,,,postlaunch_descriptive,False,none
9000000000009892827,candidate,34.57110996359809,2167.0117065631784,0.0006921974604276408,unmatched,unscored,,,,,postlaunch_descriptive,False,none
9000000000009895266,not_detected,1.0023056244491957,2771.809248827398,0.0005411627804599356,unmatched,unscored,,,,,postlaunch_descriptive,False,none
9000000000009896743,confirmed,1.9688944548384084,2771.8093199911527,0.0005411627665660594,unmatched,unscored,,,,,postlaunch_descriptive,False,none
9000000000009896939,confirmed,1.9689305258858223,2771.809329099953,0.0005411627647876746,unmatched,unscored,,,,,postlaunch_descriptive,False,none
9000000000009897031,not_detected,1191.369377782013,2167.0117001067847,0.0006921974624899736,unmatched,unscored,,,,,postlaunch_descriptive,False,none
9000000000009897322,confirmed,0.9972547367853344,2771.8093462362885,0.0005411627614420091,unmatched,unscored,,,,,postlaunch_descriptive,False,none
9000000000009898317,not_detected,1145.426295457002,2167.0116973756813,0.0006921974633623559,unmatched,unscored,,,,,postlaunch_descriptive,False,none
9000000000009898322,candidate,0.9661712743000764,2764.72719801683,0.000542549008479378,unmatched,unscored,,,,,postlaunch_descriptive,False,none
9000000000009898645,not_detected,1112.6245808224623,2167.0116967391223,0.0006921974635656887,unmatched,unscored,,,,,postlaunch_descriptive,False,none
9000000000009904212,confirmed,1.9717443389118572,2771.809657136444,0.0005411627007424636,unmatched,unscored,,,,,postlaunch_descriptive,False,none
9000000000009904965,not_detected,1.0025219492483723,2764.72749756556,0.0005425489496960561,unmatched,unscored,,,,,postlaunch_descriptive,False,none
9000000000009907474,not_detected,1.0024858206213243,2771.809778095223,0.000541162677126709,unmatched,unscored,,,,,postlaunch_descriptive,False,none
9000000000009908825,not_detected,1.0025263693549211,2743.768228031695,0.0005466934067809581,unmatched,unscored,,,,,postlaunch_descriptive,False,none
9000000000009909436,not_detected,2.000684424425599,2204.995423636865,0.0006802735207159465,unmatched,unscored,,,,,postlaunch_descriptive,False,none
9000000000009933080,not_detected,1.0014641581968788,2749.7738960105926,0.0005454993962144376,unmatched,unscored,,,,,postlaunch_descriptive,False,none
9000000000009942268,confirmed,1.0365560821568338,2771.7747736540623,0.0005411695114111068,unmatched,unscored,,,,,postlaunch_descriptive,False,none
9000000000009942567,not_detected,1.002531143221359,2771.7842171676457,0.0005411676676378433,unmatched,unscored,,,,,postlaunch_descriptive,False,none
9000000000009944208,not_detected,1.0023859369401928,2744.751196728088,0.0005464976212736849,unmatched,unscored,,,,,postlaunch_descriptive,False,none
9000000000009946534,not_detected,1.0030282759736378,2746.7819861066528,0.0005460935769882968,unmatched,unscored,,,,,postlaunch_descriptive,False,none
9000000000009947122,not_detected,32.78052354520237,2142.13479242241,0.000700236047379512,unmatched,unscored,,,,,postlaunch_descriptive,False,none
9000000000009953736,candidate,0.96620753505937,2764.7269381270744,0.0005425490594800491,unmatched,unscored,,,,,postlaunch_descriptive,False,none
9000000000009954447,not_detected,1.002522113974594,2771.809181328863,0.0005411627936382219,unmatched,unscored,,,,,postlaunch_descriptive,False,none
9000000000009954637,not_detected,1.0024859620439173,2764.726993632037,0.0005425490485877746,unmatched,unscored,,,,,postlaunch_descriptive,False,none
9000000000009958307,confirmed,434.47460523691274,2764.7271853638813,0.0005425490109623878,unmatched,unscored,,,,,postlaunch_descriptive,False,none
9000000000009963198,candidate,0.9990224391061504,2771.809612682555,0.0005411627094215541,unmatched,unscored,,,,,postlaunch_descriptive,False,none
9000000000009964125,confirmed,0.9689337781200988,2771.8096537110396,0.0005411627014112328,unmatched,unscored,,,,,postlaunch_descriptive,False,none
9000000000009965642,candidate,0.9688255245495356,2771.809713878669,0.0005411626896642227,unmatched,unscored,,,,,postlaunch_descriptive,False,none
9000000000009967129,confirmed,0.0339128612257374,2771.809767813422,0.0005411626791341075,unmatched,unscored,,,,,postlaunch_descriptive,False,none
9000000000009967666,confirmed,0.0339850159824026,2771.809789607767,0.0005411626748790225,unmatched,unscored,,,,,postlaunch_descriptive,False,none
9000000000009972437,not_detected,1.0022347530289988,2743.768355356995,0.0005466933814115052,unmatched,unscored,,,,,postlaunch_descriptive,False,none
9000000000009992811,candidate,1.0014821080473582,2749.8244630345143,0.0005454893649264814,unmatched,unscored,,,,,postlaunch_descriptive,False,none
9000000000009996313,confirmed,0.033853115616277,2770.793715509586,0.0005413611239276721,unmatched,unscored,,,,,postlaunch_descriptive,False,none
9000000000009996690,confirmed,0.9661648223252404,2771.783797256183,0.0005411677496220539,unmatched,unscored,,,,,postlaunch_descriptive,False,none
9000000000010000823,confirmed,0.9971916585165388,2771.7841163170524,0.0005411676873280782,unmatched,unscored,,,,,postlaunch_descriptive,False,none
9000000000010001045,confirmed,0.0339131748579201,2771.78413385991,0.0005411676839029818,unmatched,unscored,,,,,postlaunch_descriptive,False,none
9000000000010001270,not_detected,0.0038995466663391,2154.09654473653,0.0006963476189891325,unmatched,unscored,,,,,postlaunch_descriptive,False,none
9000000000010002494,confirmed,0.9973359250517536,2771.784240958281,0.0005411676629929209,unmatched,unscored,,,,,postlaunch_descriptive,False,none
9000000000010002780,not_detected,1.0025311269734922,2771.7842620895244,0.0005411676588672226,unmatched,unscored,,,,,postlaunch_descriptive,False,none
9000000000010003211,confirmed,0.9661285721346612,2771.7842916944064,0.0005411676530871174,unmatched,unscored,,,,,postlaunch_descriptive,False,none
9000000000010003810,not_detected,1.0029919402138,2746.781793094706,0.0005460936153614157,unmatched,unscored,,,,,postlaunch_descriptive,False,none
9000000000010005961,candidate,1.00419329480003,2746.7819336010143,0.0005460935874270548,unmatched,unscored,,,,,postlaunch_descriptive,False,none
9000000000010006929,not_detected,1.2833302057811873,2141.0701529677026,0.0007005842372427052,unmatched,unscored,,,,,postlaunch_descriptive,False,none
9000000000010007763,confirmed,0.9611208093079956,2746.689047239255,0.0005461120549876864,unmatched,unscored,,,,,postlaunch_descriptive,False,none
9000000000010008002,candidate,0.9905744488893514,2746.6890581022017,0.0005461120528278547,unmatched,unscored,,,,,postlaunch_descriptive,False,none
9000000000010008097,candidate,0.0397933648578957,2746.6890621166676,0.0005461120520296761,unmatched,unscored,,,,,postlaunch_descriptive,False,none
9000000000010010814,candidate,0.0014563190873304,2746.650809426792,0.0005461196577489369,unmatched,unscored,,,,,postlaunch_descriptive,False,none
9000000000010014693,confirmed,0.9661920544420604,2771.809173639398,0.0005411627951394984,unmatched,unscored,,,,,postlaunch_descriptive,False,none
9000000000010016103,confirmed,0.9661920281085076,2771.8092491850257,0.000541162780390113,unmatched,unscored,,,,,postlaunch_descriptive,False,none
9000000000010018286,confirmed,0.96615591514563,2771.8093508710153,0.000541162760537134,unmatched,unscored,,,,,postlaunch_descriptive,False,none
9000000000010022839,candidate,4.0123607894413285,2771.8095614099875,0.0005411627194319105,unmatched,unscored,,,,,postlaunch_descriptive,False,none
9000000000010026297,confirmed,1.9688220310287825,2771.8096983851865,0.0005411626926891399,unmatched,unscored,,,,,postlaunch_descriptive,False,none
9000000000010028433,confirmed,1.340892882685486,2771.809775406029,0.0005411626776517419,unmatched,unscored,,,,,postlaunch_descriptive,False,none
9000000000010057233,not_detected,1.0024925694541056,2770.793604497798,0.0005413611456172942,unmatched,unscored,,,,,postlaunch_descriptive,False,none
9000000000010065165,confirmed,0.033841018320668,2771.78420315776,0.0005411676703731561,unmatched,unscored,,,,,postlaunch_descriptive,False,none
9000000000010065516,confirmed,0.033660743241209,2771.774804003071,0.0005411695054856765,unmatched,unscored,,,,,postlaunch_descriptive,False,none
9000000000010067056,confirmed,0.9661852322330862,2746.781788276974,0.0005460936163192393,unmatched,unscored,,,,,postlaunch_descriptive,False,none
9000000000010068055,not_detected,1.00255504203846,2746.78185688518,0.0005460936026790942,unmatched,unscored,,,,,postlaunch_descriptive,False,none
9000000000010069131,candidate,1.0012807994081376,2746.781923338305,0.0005460935894674059,unmatched,unscored,,,,,postlaunch_descriptive,False,none
9000000000010073875,confirmed,0.0338589456038168,2746.6891936976463,0.0005461120258680128,unmatched,unscored,,,,,postlaunch_descriptive,False,none
9000000000010073980,candidate,1.962154077505291,2434.6711885510013,0.0006160996224269313,unmatched,unscored,,,,,postlaunch_descriptive,False,none
9000000000010074673,confirmed,0.0338958265290223,2746.6508279503323,0.0005461196540658806,unmatched,unscored,,,,,postlaunch_descriptive,False,none
9000000000010078823,not_detected,1.0024860316861308,2771.809194514528,0.0005411627910638775,unmatched,unscored,,,,,postlaunch_descriptive,False,none
9000000000010080372,not_detected,1.0025220804646984,2771.8092739782296,0.0005411627755495349,unmatched,unscored,,,,,postlaunch_descriptive,False,none
9000000000010082443,not_detected,1.0025220461982505,2771.809368719347,0.0005411627570524599,unmatched,unscored,,,,,postlaunch_descriptive,False,none
9000000000010082941,not_detected,1.0024859600692957,2771.809392530471,0.0005411627524036216,unmatched,unscored,,,,,postlaunch_descriptive,False,none
9000000000010083739,not_detected,1.0024859470063936,2771.8094286485575,0.0005411627453519957,unmatched,unscored,,,,,postlaunch_descriptive,False,none
9000000000010090485,confirmed,0.0339489394957854,2771.809705916792,0.0005411626912186839,unmatched,unscored,,,,,postlaunch_descriptive,False,none
9000000000010090947,confirmed,0.0339489392928759,2771.809722483624,0.0005411626879842082,unmatched,unscored,,,,,postlaunch_descriptive,False,none
9000000000010091111,not_detected,2.003059570120335,2771.8097268901765,0.0005411626871238815,unmatched,unscored,,,,,postlaunch_descriptive,False,none
9000000000010097149,not_detected,2.0030116770672852,2743.768327924423,0.0005466933868774206,unmatched,unscored,,,,,postlaunch_descriptive,False,none
9000000000010120971,confirmed,0.0338930718687012,2749.824517560657,0.0005454893541099981,unmatched,unscored,,,,,postlaunch_descriptive,False,none
9000000000010125300,not_detected,1.0024951984902626,2771.783849124331,0.0005411677394952293,unmatched,unscored,,,,,postlaunch_descriptive,False,none
9000000000010129408,confirmed,0.0338410192873299,2771.784123982303,0.000541167685831502,unmatched,unscored,,,,,postlaunch_descriptive,False,none
9000000000010133536,confirmed,0.0338578035137227,2746.781844909303,0.000546093605060044,unmatched,unscored,,,,,postlaunch_descriptive,False,none
9000000000010134076,confirmed,0.0337849906370501,2746.781877104658,0.0005460935986592163,unmatched,unscored,,,,,postlaunch_descriptive,False,none
9000000000010135958,confirmed,1.968812971452588,2746.7819840754382,0.0005460935773921268,unmatched,unscored,,,,,postlaunch_descriptive,False,none
9000000000010139533,confirmed,0.9661085857549062,2746.689180830028,0.0005461120284264242,unmatched,unscored,,,,,postlaunch_descriptive,False,none
9000000000010139993,confirmed,0.966194902254514,2746.6507987235673,0.000546119659877071,unmatched,unscored,,,,,postlaunch_descriptive,False,none
9000000000010146718,not_detected,1.0024138458109308,2771.8092797813006,0.0005411627744165544,unmatched,unscored,,,,,postlaunch_descriptive,False,none
9000000000010148156,confirmed,1309.7846837460274,2771.809343393892,0.0005411627619969533,unmatched,unscored,,,,,postlaunch_descriptive,False,none
9000000000010148200,confirmed,1.9689305148778475,2771.809344596695,0.0005411627617621203,unmatched,unscored,,,,,postlaunch_descriptive,False,none
9000000000010149598,not_detected,1.0002491487912175,2771.8094070367515,0.0005411627495714432,unmatched,unscored,,,,,postlaunch_descriptive,False,none
9000000000010154581,not_detected,0.0027418910660118,2771.8096076860093,0.00054116271039707,unmatched,unscored,,,,,postlaunch_descriptive,False,none
9000000000010154951,not_detected,1.0024497995987995,2771.80962190032,0.0005411627076218956,unmatched,unscored,,,,,postlaunch_descriptive,False,none
9000000000010155026,confirmed,1.9688220836074104,2771.8096243622713,0.0005411627071412291,unmatched,unscored,,,,,postlaunch_descriptive,False,none
9000000000010155816,confirmed,0.0338407075682123,2771.80965589825,0.0005411627009842061,unmatched,unscored,,,,,postlaunch_descriptive,False,none
9000000000010157547,not_detected,1.0025219188748915,2771.8097207476385,0.0005411626883231386,unmatched,unscored,,,,,postlaunch_descriptive,False,none
9000000000010160115,not_detected,0.0338949916857293,2743.7681903652847,0.0005466934142859573,unmatched,unscored,,,,,postlaunch_descriptive,False,none
9000000000010166360,not_detected,2.3869244374032124,2543.021431630943,0.0005898495314834956,unmatched,unscored,,,,,postlaunch_descriptive,False,none
9000000000010186250,confirmed,1.968853053021136,2749.824316087179,0.0005454893940767832,unmatched,unscored,,,,,postlaunch_descriptive,False,none
9000000000010186387,confirmed,0.0338930741826145,2749.8243298274465,0.0005454893913510926,unmatched,unscored,,,,,postlaunch_descriptive,False,none
9000000000010186803,confirmed,1.9688530127415536,2749.8243723441847,0.0005454893829169432,unmatched,unscored,,,,,postlaunch_descriptive,False,none
9000000000010188170,confirmed,1.0079188735214482,2749.8244876759127,0.0005454893600383073,unmatched,unscored,,,,,postlaunch_descriptive,False,none
9000000000010188425,confirmed,0.9688254631452328,2749.8245053873397,0.0005454893565248486,unmatched,unscored,,,,,postlaunch_descriptive,False,none
9000000000010195628,candidate,0.0338410202653511,2771.7840438764542,0.0005411677014715,unmatched,unscored,,,,,postlaunch_descriptive,False,none
9000000000010196774,confirmed,0.0338410193073933,2771.784122338984,0.0005411676861523463,unmatched,unscored,,,,,postlaunch_descriptive,False,none
9000000000010197232,confirmed,1.0126329615554426,2771.7841573008336,0.0005411676793263374,unmatched,unscored,,,,,postlaunch_descriptive,False,none
9000000000010206907,not_detected,2.005642649843166,2746.650805631187,0.0005461196585036213,unmatched,unscored,,,,,postlaunch_descriptive,False,none
9000000000010207788,confirmed,0.9661220666448798,2746.6508546019904,0.0005461196487667017,unmatched,unscored,,,,,postlaunch_descriptive,False,none
9000000000010213217,not_detected,1.003063240839434,2771.809280612506,0.0005411627742542715,unmatched,unscored,,,,,postlaunch_descriptive,False,none
9000000000010213452,confirmed,0.9641716720913724,2771.8092922219075,0.000541162771987674,unmatched,unscored,,,,,postlaunch_descriptive,False,none
9000000000010213483,candidate,0.9661920126493772,2771.809293534141,0.0005411627717314759,unmatched,unscored,,,,,postlaunch_descriptive,False,none
9000000000010220950,not_detected,1.0029909649431328,2771.809614613652,0.0005411627090445305,unmatched,unscored,,,,,postlaunch_descriptive,False,none
9000000000010221507,missing,,,,unscored,unscored,,,,,postlaunch_descriptive,False,none
9000000000010221760,not_detected,1.3501648667950703,2771.80964490911,0.0005411627031297044,unmatched,unscored,,,,,postlaunch_descriptive,False,none
9000000000010222653,confirmed,0.00566416956185,2771.8096763459034,0.0005411626969920463,unmatched,unscored,,,,,postlaunch_descriptive,False,none
9000000000010222660,candidate,5.0082803713708826,2771.809677300509,0.000541162696805671,unmatched,unscored,,,,,postlaunch_descriptive,False,none
9000000000010222919,confirmed,0.8437087181385082,2771.809689438436,0.0005411626944358858,unmatched,unscored,,,,,postlaunch_descriptive,False,none
9000000000010226597,not_detected,1.0026721646636438,2743.768199571874,0.0005466934124515524,unmatched,unscored,,,,,postlaunch_descriptive,False,none
9000000000010228618,not_detected,1.002526354143131,2743.7682696641423,0.0005466933984857297,unmatched,unscored,,,,,postlaunch_descriptive,False,none
9000000000010255710,not_detected,1168.7483530790507,2142.131756210234,0.000700237039879253,unmatched,unscored,,,,,postlaunch_descriptive,False,none
9000000000010258550,confirmed,0.966164815588629,2771.7838165825233,0.0005411677458487466,unmatched,unscored,,,,,postlaunch_descriptive,False,none
9000000000010265145,confirmed,0.9973837347224038,2750.7968141906895,0.0005452965454452565,unmatched,unscored,,,,,postlaunch_descriptive,False,none
9000000000010266860,confirmed,3.25253352029537,2746.7818376822397,0.000546093606496872,unmatched,unscored,,,,,postlaunch_descriptive,False,none
9000000000010266884,candidate,0.0016746870574963,2746.7818416636437,0.0005460936057053205,unmatched,unscored,,,,,postlaunch_descriptive,False,none
9000000000010267214,confirmed,5.232268425777781,2746.7818602719344,0.0005460936020057663,unmatched,unscored,,,,,postlaunch_descriptive,False,none
9000000000010272529,candidate,1.0012782027138891,2746.6891744430177,0.0005461120296963251,unmatched,unscored,,,,,postlaunch_descriptive,False,none
9000000000010275312,confirmed,2.039611208585522,2746.650918772444,0.0005461196360076191,unmatched,unscored,,,,,postlaunch_descriptive,False,none
9000000000010280950,not_detected,1.00248597738775,2771.8093446460553,0.0005411627617524832,unmatched,unscored,,,,,postlaunch_descriptive,False,none
9000000000010285371,confirmed,3.410912563101842,2771.8095451272093,0.0005411627226109285,unmatched,unscored,,,,,postlaunch_descriptive,False,none
9000000000010285487,confirmed,0.0338767863493978,2771.8095521675423,0.0005411627212363875,unmatched,unscored,,,,,postlaunch_descriptive,False,none
9000000000010286543,not_detected,0.999707918302557,2771.809594851453,0.0005411627129028638,unmatched,unscored,,,,,postlaunch_descriptive,False,none
9000000000010287874,confirmed,2.8102939959840927,2771.809643806424,0.0005411627033449906,unmatched,unscored,,,,,postlaunch_descriptive,False,none
9000000000010296406,not_detected,1.002562780926722,2743.768322874792,0.000546693387883555,unmatched,unscored,,,,,postlaunch_descriptive,False,none
9000000000010322797,confirmed,0.0338531162856947,2770.7936607194133,0.0005413611346326444,unmatched,unscored,,,,,postlaunch_descriptive,False,none
9000000000010323657,confirmed,0.0338531155461327,2770.793721250724,0.0005413611228059614,unmatched,unscored,,,,,postlaunch_descriptive,False,none
9000000000010324000,confirmed,0.9703137743603008,2771.7837992901914,0.0005411677492249307,unmatched,unscored,,,,,postlaunch_descriptive,False,none
9000000000010324064,confirmed,0.9661648199813938,2771.783803980332,0.0005411677483092198,unmatched,unscored,,,,,postlaunch_descriptive,False,none
9000000000010329351,confirmed,1.968882927551745,2771.7747579771094,0.0005411695144719215,unmatched,unscored,,,,,postlaunch_descriptive,False,none
9000000000010331485,confirmed,1.9688859284560372,2746.7817824473605,0.0005460936174782374,unmatched,unscored,,,,,postlaunch_descriptive,False,none
9000000000010332181,confirmed,0.2362400949604876,2746.7818284975365,0.0005460936083229027,unmatched,unscored,,,,,postlaunch_descriptive,False,none
9000000000010333126,confirmed,0.9181289600291404,2746.781889899168,0.0005460935961155123,unmatched,unscored,,,,,postlaunch_descriptive,False,none
9000000000010337258,not_detected,1.0025524780103965,2746.6891363780014,0.0005461120372646236,unmatched,unscored,,,,,postlaunch_descriptive,False,none
9000000000010337726,confirmed,1.9687702854473992,2746.6891592033207,0.0005461120327263665,unmatched,unscored,,,,,postlaunch_descriptive,False,none
9000000000010337804,candidate,1.2168468305864664,2746.689160861075,0.0005461120323967625,unmatched,unscored,,,,,postlaunch_descriptive,False,none
9000000000010338887,candidate,2.003858652543601,2746.650814424269,0.0005461196567552829,unmatched,unscored,,,,,postlaunch_descriptive,False,none
9000000000010339297,confirmed,2.008264002091038,2746.6508358744904,0.0005461196524903114,unmatched,unscored,,,,,postlaunch_descriptive,False,none
9000000000010339526,not_detected,1.0055154998726528,2746.6508475998417,0.0005461196501589467,unmatched,unscored,,,,,postlaunch_descriptive,False,none
9000000000010341878,candidate,1084.9191749558936,2167.0117330998182,0.0006921974519511778,unmatched,unscored,,,,,postlaunch_descriptive,False,none
9000000000010346527,confirmed,1.968894441623391,2771.8093385952525,0.0005411627629338305,unmatched,unscored,,,,,postlaunch_descriptive,False,none
9000000000010350659,confirmed,4.252095928581549,2771.8095259275287,0.000541162726359437,unmatched,unscored,,,,,postlaunch_descriptive,False,none
9000000000010351524,not_detected,0.9998161630633076,2771.809560978785,0.0005411627195160976,unmatched,unscored,,,,,postlaunch_descriptive,False,none
9000000000010351535,candidate,1.3013881078632337,2771.809561040718,0.0005411627195040059,unmatched,unscored,,,,,postlaunch_descriptive,False,none
9000000000010351536,candidate,1.99934370582413,2771.80956123583,0.0005411627194659126,unmatched,unscored,,,,,postlaunch_descriptive,False,none
9000000000010352496,confirmed,2.008795984477011,2771.809602879919,0.0005411627113354017,unmatched,unscored,,,,,postlaunch_descriptive,False,none
9000000000010352621,candidate,1.0054442385545694,2771.8096072701737,0.0005411627104782569,unmatched,unscored,,,,,postlaunch_descriptive,False,none
9000000000010352954,not_detected,2.002482405725814,2771.8096219617873,0.0005411627076098949,unmatched,unscored,,,,,postlaunch_descriptive,False,none
9000000000010362804,not_detected,1.0025627702706812,2743.768352037762,0.0005466933820728595,unmatched,unscored,,,,,postlaunch_descriptive,False,none
9000000000010386842,not_detected,1042.8626741685223,2142.131766463164,0.000700237036527694,unmatched,unscored,,,,,postlaunch_descriptive,False,none
9000000000010395107,confirmed,0.7244431197277393,2771.784209579695,0.0005411676691193271,unmatched,unscored,,,,,postlaunch_descriptive,False,none
9000000000010395938,confirmed,1110.2839298430952,2141.070245176088,0.0007005842070709994,unmatched,unscored,,,,,postlaunch_descriptive,False,none
9000000000010397405,confirmed,3.8876404127138064,2746.781817854848,0.0005460936104387985,unmatched,unscored,,,,,postlaunch_descriptive,False,none
9000000000010402799,candidate,2.1491328977494044,2746.6891443436034,0.0005461120356808583,unmatched,unscored,,,,,postlaunch_descriptive,False,none
9000000000010402879,not_detected,1.0055014784463168,2746.6891488488764,0.0005461120347850948,unmatched,unscored,,,,,postlaunch_descriptive,False,none
9000000000010404067,not_detected,1.0054426981575308,2746.6508087040856,0.0005461196578926333,unmatched,unscored,,,,,postlaunch_descriptive,False,none
9000000000010405671,candidate,94.10872785935162,2746.6508932569996,0.0005461196410808832,unmatched,unscored,,,,,postlaunch_descriptive,False,none
9000000000010411568,not_detected,1.002485978519173,2771.8093415177427,0.000541162762363249,unmatched,unscored,,,,,postlaunch_descriptive,False,none
9000000000010411647,confirmed,1.968894436886069,2771.8093452644534,0.0005411627616317484,unmatched,unscored,,,,,postlaunch_descriptive,False,none
9000000000010416552,not_detected,42.97279342741314,2771.8095683306456,0.0005411627180807347,unmatched,unscored,,,,,postlaunch_descriptive,False,none
9000000000010418285,candidate,2.0092112756944713,2046.773303409107,0.000732860838814733,unmatched,unscored,,,,,postlaunch_descriptive,False,none
9000000000010419230,confirmed,0.0081895955078817,2771.8096672971733,0.0005411626987587027,unmatched,unscored,,,,,postlaunch_descriptive,False,none
9000000000010422103,not_detected,1.00256284719421,2743.76814151695,0.0005466934240189455,unmatched,unscored,,,,,postlaunch_descriptive,False,none
9000000000010424632,candidate,0.0313073090554847,2743.7682314938866,0.0005466934060911195,unmatched,unscored,,,,,postlaunch_descriptive,False,none
9000000000010449441,not_detected,39.95392159446774,2165.0915992180817,0.0006928113344219348,unmatched,unscored,,,,,postlaunch_descriptive,False,none
9000000000010453635,confirmed,0.0338531158707571,2770.7936946810223,0.0005413611279971828,unmatched,unscored,,,,,postlaunch_descriptive,False,none
9000000000010456585,not_detected,366.4217588967406,2141.1197768570855,0.0007005680000778963,unmatched,unscored,,,,,postlaunch_descriptive,False,none
9000000000010460317,candidate,1101.746835595213,2141.122500930913,0.0007005671087702049,unmatched,unscored,,,,,postlaunch_descriptive,False,none
9000000000010460668,not_detected,4.0107934117008535,2141.1224958500825,0.0007005671104326332,unmatched,unscored,,,,,postlaunch_descriptive,False,none
9000000000010461045,not_detected,0.0706171649332005,2141.1224897378124,0.0007005671124325446,unmatched,unscored,,,,,postlaunch_descriptive,False,none
9000000000010468120,not_detected,5.063406775422992,2142.134827611968,0.0007002360358765027,unmatched,unscored,,,,,postlaunch_descriptive,False,none
9000000000010468877,missing,,,,unscored,unscored,,,,,postlaunch_descriptive,False,none
9000000000010469688,not_detected,27.68541906956335,2142.1348129492253,0.0007002360406695628,unmatched,unscored,,,,,postlaunch_descriptive,False,none
9000000000010471601,not_detected,496.4057523527591,2142.1347961155698,0.0007002360461722661,unmatched,unscored,,,,,postlaunch_descriptive,False,none
9000000000010472035,confirmed,0.7659873964818001,2746.6509366384707,0.0005461196324552974,unmatched,unscored,,,,,postlaunch_descriptive,False,none
9000000000010480763,not_detected,1020.50443639587,2167.0117273237556,0.0006921974537961959,unmatched,unscored,,,,,postlaunch_descriptive,False,none
9000000000010483888,candidate,8.464470375572256,2141.0908415843733,0.0007005774677407072,unmatched,unscored,,,,,postlaunch_descriptive,False,none
9000000000010484892,not_detected,0.0029533758137694,2167.011719321832,0.0006921974563522094,unmatched,unscored,,,,,postlaunch_descriptive,False,none
9000000000010488449,not_detected,0.0029995223105965,2167.011719511822,0.0006921974562915219,unmatched,unscored,,,,,postlaunch_descriptive,False,none
9000000000010490234,not_detected,1.0027633835162295,2167.0117155457847,0.0006921974575583728,unmatched,unscored,,,,,postlaunch_descriptive,False,none
9000000000010514349,not_detected,5.042049941671345,2165.0916048604995,0.0006928113326164079,unmatched,unscored,,,,,postlaunch_descriptive,False,none
9000000000010519694,not_detected,1056.374996608968,2141.0703545324504,0.0007005841712882703,unmatched,unscored,,,,,postlaunch_descriptive,False,none
9000000000010522423,not_detected,19.74083867993087,2141.1197713180445,0.000700568001890254,unmatched,unscored,,,,,postlaunch_descriptive,False,none
9000000000010524913,not_detected,33.02442630946711,2142.132594131399,0.0007002367659730356,unmatched,unscored,,,,,postlaunch_descriptive,False,none
9000000000010526991,not_detected,36.4987527920773,2141.1224773949943,0.0007005671164710677,unmatched,unscored,,,,,postlaunch_descriptive,False,none
9000000000010537236,candidate,5.544455410161353,2167.011746181641,0.0006921974477725184,unmatched,unscored,,,,,postlaunch_descriptive,False,none
9000000000010537943,not_detected,1.9688402785524024,2167.0117411133833,0.0006921974493914458,unmatched,unscored,,,,,postlaunch_descriptive,False,none
9000000000010546682,not_detected,22.634579834691767,2167.0117297614925,0.0006921974530175221,unmatched,unscored,,,,,postlaunch_descriptive,False,none
9000000000010547837,not_detected,22.467991022187107,2167.011725788936,0.0006921974542864554,unmatched,unscored,,,,,postlaunch_descriptive,False,none
9000000000010549023,not_detected,12.689732907396206,2167.0117252012715,0.0006921974544741702,unmatched,unscored,,,,,postlaunch_descriptive,False,none
9000000000010549174,not_detected,13.689865935867402,2167.0117252408527,0.0006921974544615269,unmatched,unscored,,,,,postlaunch_descriptive,False,none
9000000000010550397,confirmed,18.9404496092397,2752.7435238161124,0.0005449109177888678,unmatched,unscored,,,,,postlaunch_descriptive,False,none
9000000000010550405,candidate,1.0054696253301891,2752.7435242920183,0.0005449109176946614,unmatched,unscored,,,,,postlaunch_descriptive,False,none
9000000000010552388,confirmed,0.0339271635425277,2764.746303722728,0.0005425452592088654,unmatched,unscored,,,,,postlaunch_descriptive,False,none
9000000000010553384,missing,,,,unscored,unscored,,,,,postlaunch_descriptive,False,none
9000000000010553884,missing,,,,unscored,unscored,,,,,postlaunch_descriptive,False,none
9000000000010556414,candidate,1079.0865795660577,1945.8319722390736,0.0007708784835485802,unmatched,unscored,,,,,postlaunch_descriptive,False,none
9000000000010580626,not_detected,20.565961438287697,2142.1318002659827,0.0007002370254779604,unmatched,unscored,,,,,postlaunch_descriptive,False,none
9000000000010587320,not_detected,1.0030002872006092,2770.6871428284794,0.000541381947031635,unmatched,unscored,,,,,postlaunch_descriptive,False,none
9000000000010593239,candidate,0.0013744157812487,2764.811094170902,0.0005425325452297538,unmatched,unscored,,,,,postlaunch_descriptive,False,none
9000000000010593438,not_detected,1079.2245556919531,2141.122463283129,0.0007005671210884162,unmatched,unscored,,,,,postlaunch_descriptive,False,none
9000000000010593549,candidate,2.0037535205166908,2764.811112382449,0.0005425325416561436,unmatched,unscored,,,,,postlaunch_descriptive,False,none
9000000000010600354,candidate,4.008244105741632,2764.726824927144,0.0005425490816943652,unmatched,unscored,,,,,postlaunch_descriptive,False,none
9000000000010600403,not_detected,6.034400788529656,2142.1348122204654,0.0007002360409077849,unmatched,unscored,,,,,postlaunch_descriptive,False,none
9000000000010601538,not_detected,16.146136049196702,2142.1348051703535,0.0007002360432123749,unmatched,unscored,,,,,postlaunch_descriptive,False,none
9000000000010601574,candidate,0.9990498562902304,2764.7268878617324,0.0005425490693441026,unmatched,unscored,,,,,postlaunch_descriptive,False,none
9000000000010601817,not_detected,4.934699391128403,2141.1233314424753,0.0007005668370300975,unmatched,unscored,,,,,postlaunch_descriptive,False,none
9000000000010609963,not_detected,1.0024859291613013,2771.809477989096,0.0005411627357188439,unmatched,unscored,,,,,postlaunch_descriptive,False,none
9000000000010610534,confirmed,0.0339128644814467,2771.8095017136075,0.0005411627310869161,unmatched,unscored,,,,,postlaunch_descriptive,False,none
9000000000010613182,candidate,0.9661711936227864,2764.7274288772605,0.0005425489631754191,unmatched,unscored,,,,,postlaunch_descriptive,False,none
9000000000010615160,candidate,1.4198930955815614,2771.8283948609605,0.000541159042450477,unmatched,unscored,,,,,postlaunch_descriptive,False,none
9000000000010617142,confirmed,0.0339491520143385,2771.792354644276,0.0005411660788683088,unmatched,unscored,,,,,postlaunch_descriptive,False,none
9000000000010618881,missing,,,,unscored,unscored,,,,,postlaunch_descriptive,False,none
9000000000010618938,missing,,,,unscored,unscored,,,,,postlaunch_descriptive,False,none
9000000000010620386,not_detected,0.0010127509344773,2764.7468935144134,0.0005425451434699949,unmatched,unscored,,,,,postlaunch_descriptive,False,none
9000000000010646023,confirmed,0.9661853346631584,2770.7934533422813,0.0005413611751502512,unmatched,unscored,,,,,postlaunch_descriptive,False,none
9000000000010653300,confirmed,0.9662008135412076,2771.7840457870625,0.0005411677010984697,unmatched,unscored,,,,,postlaunch_descriptive,False,none
9000000000010656771,confirmed,0.9661563720274776,2771.808040121105,0.0005411630164455626,unmatched,unscored,,,,,postlaunch_descriptive,False,none
9000000000010667343,candidate,0.03389123177377,2764.7268953062594,0.0005425490678831912,unmatched,unscored,,,,,postlaunch_descriptive,False,none
9000000000010669126,confirmed,0.9661713467823764,2764.726990606636,0.0005425490491814783,unmatched,unscored,,,,,postlaunch_descriptive,False,none
9000000000010669264,confirmed,0.9661920507968552,2771.8091840967536,0.000541162793097824,unmatched,unscored,,,,,postlaunch_descriptive,False,none
9000000000010669944,confirmed,0.9661559613789408,2771.8092182320543,0.0005411627864333124,unmatched,unscored,,,,,postlaunch_descriptive,False,none
9000000000010675342,candidate,2.0085796117385053,2771.8094754437916,0.0005411627362157843,unmatched,unscored,,,,,postlaunch_descriptive,False,none
9000000000010676036,confirmed,0.9661919390721424,2771.809504612349,0.0005411627305209715,unmatched,unscored,,,,,postlaunch_descriptive,False,none
9000000000010677190,not_detected,1.0024859034109,2771.80954918731,0.0005411627218182423,unmatched,unscored,,,,,postlaunch_descriptive,False,none
9000000000010677281,not_detected,0.9997800886475732,2771.8095523873344,0.0005411627211934758,unmatched,unscored,,,,,postlaunch_descriptive,False,none
9000000000010677419,not_detected,1.002485900070019,2771.809558424633,0.0005411627200147653,unmatched,unscored,,,,,postlaunch_descriptive,False,none
9000000000010678849,not_detected,1.002413725637788,2771.809612076264,0.0005411627095399253,unmatched,unscored,,,,,postlaunch_descriptive,False,none
9000000000010678879,missing,,,,unscored,unscored,,,,,postlaunch_descriptive,False,none
9000000000010679199,missing,,,,unscored,unscored,,,,,postlaunch_descriptive,False,none
9000000000010680385,not_detected,1.0025151684564326,2771.828384680208,0.0005411590444381203,unmatched,unscored,,,,,postlaunch_descriptive,False,none
9000000000010681055,confirmed,0.0339487104368602,2771.828407886438,0.0005411590399074426,unmatched,unscored,,,,,postlaunch_descriptive,False,none
9000000000010684769,candidate,1.0055893520196089,2764.7468565735035,0.0005425451507191617,unmatched,unscored,,,,,postlaunch_descriptive,False,none
9000000000010685404,confirmed,2.009008507154478,2764.7468789801933,0.000542545146322144,unmatched,unscored,,,,,postlaunch_descriptive,False,none
9000000000010713072,not_detected,1.0026008392002468,2770.7936113597825,0.0005413611442765911,unmatched,unscored,,,,,postlaunch_descriptive,False,none
9000000000010722729,confirmed,1.968895342040748,2771.8080709883943,0.0005411630104190863,unmatched,unscored,,,,,postlaunch_descriptive,False,none
9000000000010727074,confirmed,1.1459563485363014,2764.764996543526,0.0005425415910123576,unmatched,unscored,,,,,postlaunch_descriptive,False,none
9000000000010727392,confirmed,0.9661218907096912,2764.765011211857,0.0005425415881339286,unmatched,unscored,,,,,postlaunch_descriptive,False,none
9000000000010727527,confirmed,0.9661942269326276,2764.765018810518,0.0005425415866428112,unmatched,unscored,,,,,postlaunch_descriptive,False,none
9000000000010730102,not_detected,1.002630730768444,2764.7267482769676,0.000542549096736171,unmatched,unscored,,,,,postlaunch_descriptive,False,none
9000000000010731346,confirmed,1.9661255412037688,2764.7268122420646,0.000542549084183681,unmatched,unscored,,,,,postlaunch_descriptive,False,none
9000000000010735054,confirmed,0.9661559712164236,2771.809190009255,0.0005411627919434784,unmatched,unscored,,,,,postlaunch_descriptive,False,none
9000000000010736124,confirmed,0.9661559526906356,2771.8092431579717,0.0005411627815668236,unmatched,unscored,,,,,postlaunch_descriptive,False,none
9000000000010744090,confirmed,1.9688942665317033,2771.8095850893296,0.0005411627148088018,unmatched,unscored,,,,,postlaunch_descriptive,False,none
9000000000010746361,candidate,1.0054374289709855,2771.828380063642,0.0005411590453394375,unmatched,unscored,,,,,postlaunch_descriptive,False,none
9000000000010747093,confirmed,1.135820671336278,2771.828405179549,0.0005411590404359232,unmatched,unscored,,,,,postlaunch_descriptive,False,none
9000000000010748054,not_detected,0.0027057951718549,2771.828436244279,0.0005411590343709881,unmatched,unscored,,,,,postlaunch_descriptive,False,none
9000000000010748664,candidate,0.0068546810518205,2771.8284565485083,0.0005411590304068838,unmatched,unscored,,,,,postlaunch_descriptive,False,none
9000000000010749474,confirmed,1.9688447666121591,2771.828481628094,0.000541159025510461,unmatched,unscored,,,,,postlaunch_descriptive,False,none
9000000000010750903,not_detected,1.002731952181628,2764.746843828354,0.0005425451532202294,unmatched,unscored,,,,,postlaunch_descriptive,False,none
9000000000010752318,confirmed,1.0055170013512424,2764.7468876847997,0.0005425451446139797,unmatched,unscored,,,,,postlaunch_descriptive,False,none
9000000000010752703,candidate,1.379077412627389,2764.7468989691697,0.0005425451423995708,unmatched,unscored,,,,,postlaunch_descriptive,False,none
9000000000010778640,not_detected,1.0028931135664647,2764.701404858381,0.0005425540701661545,unmatched,unscored,,,,,postlaunch_descriptive,False,none
9000000000010782847,confirmed,0.9971917310115984,2771.783914810512,0.0005411677266705492,unmatched,unscored,,,,,postlaunch_descriptive,False,none
9000000000010789864,candidate,0.9661781370510336,2764.8110607773997,0.0005425325517824844,unmatched,unscored,,,,,postlaunch_descriptive,False,none
9000000000010789916,confirmed,0.9661419671246632,2764.8110638954677,0.000542532551170633,unmatched,unscored,,,,,postlaunch_descriptive,False,none
9000000000010792747,not_detected,2.005884786464218,2764.7649742513895,0.0005425415953868384,unmatched,unscored,,,,,postlaunch_descriptive,False,none
9000000000010799676,candidate,0.9661559956497664,2771.80911991233,0.00054116280562907,unmatched,unscored,,,,,postlaunch_descriptive,False,none
9000000000010801154,confirmed,0.9661559697403465,2771.8091942439787,0.000541162791116699,unmatched,unscored,,,,,postlaunch_descriptive,False,none
9000000000010801991,confirmed,0.9661221285087864,2749.7558762063272,0.0005455029710017239,unmatched,unscored,,,,,postlaunch_descriptive,False,none
9000000000010808350,not_detected,1.0024859120697052,2771.8095252462663,0.0005411627264924454,unmatched,unscored,,,,,postlaunch_descriptive,False,none
9000000000010810676,confirmed,1.968894244988834,2771.8096154173836,0.0005411627088876116,unmatched,unscored,,,,,postlaunch_descriptive,False,none
9000000000010812191,candidate,4.99785632323901,2771.828380817082,0.0005411590451923394,unmatched,unscored,,,,,postlaunch_descriptive,False,none
9000000000010813562,confirmed,0.0339126329050436,2771.8284293408506,0.0005411590357187817,unmatched,unscored,,,,,postlaunch_descriptive,False,none
9000000000010813652,confirmed,0.0339487101397633,2771.828432143666,0.0005411590351715729,unmatched,unscored,,,,,postlaunch_descriptive,False,none
9000000000010814900,confirmed,1.968844770137087,2771.8284766655415,0.0005411590264793268,unmatched,unscored,,,,,postlaunch_descriptive,False,none
9000000000010816332,candidate,5.45102350053762,2764.7468403894454,0.0005425451538950699,unmatched,unscored,,,,,postlaunch_descriptive,False,none
9000000000010816401,not_detected,8.329912757226255,2764.7468432392925,0.000542545153335825,unmatched,unscored,,,,,postlaunch_descriptive,False,none
9000000000010843404,confirmed,1.9688583790208043,2770.793500502128,0.0005413611659361,unmatched,unscored,,,,,postlaunch_descriptive,False,none
9000000000010847180,confirmed,0.0338771002180601,2771.783871570602,0.0005411677351127817,unmatched,unscored,,,,,postlaunch_descriptive,False,none
9000000000010850911,confirmed,0.033877096898926,2771.784143138211,0.000541167682091471,unmatched,unscored,,,,,postlaunch_descriptive,False,none
9000000000010858737,confirmed,0.9661218736246284,2764.7650601044297,0.0005425415785395315,unmatched,unscored,,,,,postlaunch_descriptive,False,none
9000000000010861754,confirmed,0.9661352336859688,2764.7268279506825,0.000542549081101027,unmatched,unscored,,,,,postlaunch_descriptive,False,none
9000000000010862759,confirmed,0.0338550619497496,2764.7268860097975,0.0005425490697075257,unmatched,unscored,,,,,postlaunch_descriptive,False,none
9000000000010864126,confirmed,0.9661920647353792,2771.809144109953,0.0005411628009047716,unmatched,unscored,,,,,postlaunch_descriptive,False,none
9000000000010865347,confirmed,0.966158503450398,2749.755853218958,0.0005455029755620118,unmatched,unscored,,,,,postlaunch_descriptive,False,none
9000000000010865801,confirmed,0.9661559554269128,2771.8092353078537,0.0005411627830994658,unmatched,unscored,,,,,postlaunch_descriptive,False,none
9000000000010874182,confirmed,0.033912863253701,2771.8096020612866,0.0005411627114952299,unmatched,unscored,,,,,postlaunch_descriptive,False,none
9000000000010874493,candidate,0.9661197458482562,2771.809614188969,0.0005411627091274448,unmatched,unscored,,,,,postlaunch_descriptive,False,none
9000000000010874586,confirmed,0.0338767855443624,2771.809618035797,0.0005411627083763976,unmatched,unscored,,,,,postlaunch_descriptive,False,none
9000000000010875016,confirmed,0.0338767853556287,2771.8096334780566,0.0005411627053614809,unmatched,unscored,,,,,postlaunch_descriptive,False,none
9000000000010877746,confirmed,1.968880863497703,2771.8284540106542,0.0005411590309023627,unmatched,unscored,,,,,postlaunch_descriptive,False,none
9000000000010877999,confirmed,1.9688447803119793,2771.828462340869,0.0005411590292760099,unmatched,unscored,,,,,postlaunch_descriptive,False,none
9000000000010878882,confirmed,0.0339847866231138,2771.82849622285,0.0005411590226610481,unmatched,unscored,,,,,postlaunch_descriptive,False,none
9000000000010879559,not_detected,1.0026596142648323,2764.746839866042,0.000542545153997781,unmatched,unscored,,,,,postlaunch_descriptive,False,none
9000000000010879703,candidate,4.587472454582164,2764.7468460178934,0.0005425451527905611,unmatched,unscored,,,,,postlaunch_descriptive,False,none
9000000000010880209,confirmed,2.0039447623151276,2764.746865377296,0.0005425451489915334,unmatched,unscored,,,,,postlaunch_descriptive,False,none
9000000000010881047,not_detected,3.696251545888907,2764.746899156831,0.0005425451423627447,unmatched,unscored,,,,,postlaunch_descriptive,False,none
9000000000010881208,not_detected,1.0027319300783697,2764.746904771775,0.000542545141260886,unmatched,unscored,,,,,postlaunch_descriptive,False,none
9000000000010903065,confirmed,0.9661853498000088,2770.793409933336,0.0005413611836315467,unmatched,unscored,,,,,postlaunch_descriptive,False,none
9000000000010908054,confirmed,0.033841021749058,2771.7839223518968,0.0005411677251981567,unmatched,unscored,,,,,postlaunch_descriptive,False,none
9000000000010908135,confirmed,0.0338410216623798,2771.7839294513687,0.0005411677238120439,unmatched,unscored,,,,,postlaunch_descriptive,False,none
9000000000010919650,confirmed,0.9661714214656334,2764.726776898373,0.0005425490911195156,unmatched,unscored,,,,,postlaunch_descriptive,False,none
9000000000010922494,confirmed,0.9661559902117844,2771.80913551338,0.0005411628025831503,unmatched,unscored,,,,,postlaunch_descriptive,False,none
9000000000010924454,confirmed,1.968894510554038,2771.8092415547,0.0005411627818798433,unmatched,unscored,,,,,postlaunch_descriptive,False,none
9000000000010924562,confirmed,0.9661559509389508,2771.8092481833883,0.0005411627805856707,unmatched,unscored,,,,,postlaunch_descriptive,False,none
9000000000010927600,not_detected,0.9661198199698872,2771.8094015331008,0.0005411627506459654,unmatched,unscored,,,,,postlaunch_descriptive,False,none
9000000000010927680,confirmed,0.9661198183589882,2771.809406154789,0.0005411627497436359,unmatched,unscored,,,,,postlaunch_descriptive,False,none
9000000000010931507,confirmed,0.0339128634697038,2771.80958440667,0.0005411627149420828,unmatched,unscored,,,,,postlaunch_descriptive,False,none
9000000000010931512,confirmed,0.0339128634669862,2771.8095846287906,0.0005411627148987165,unmatched,unscored,,,,,postlaunch_descriptive,False,none
9000000000010931800,confirmed,1.247668672537391,2771.809596667066,0.000541162712548387,unmatched,unscored,,,,,postlaunch_descriptive,False,none
9000000000010933222,confirmed,0.9965624236953972,2771.8283715303987,0.0005411590470054288,unmatched,unscored,,,,,postlaunch_descriptive,False,none
9000000000010933414,confirmed,1.0054735063116202,2771.828379868064,0.0005411590453776212,unmatched,unscored,,,,,postlaunch_descriptive,False,none
9000000000010933939,confirmed,0.0338765559711897,2771.8284019147977,0.0005411590410733182,unmatched,unscored,,,,,postlaunch_descriptive,False,none
9000000000010933943,confirmed,1.9688809011777793,2771.8284009639174,0.0005411590412589637,unmatched,unscored,,,,,postlaunch_descriptive,False,none
9000000000010934661,confirmed,1.968844800792085,2771.8284335080534,0.0005411590349051962,unmatched,unscored,,,,,postlaunch_descriptive,False,none
9000000000010935908,confirmed,2.0062929627552037,2771.828493264038,0.0005411590232387129,unmatched,unscored,,,,,postlaunch_descriptive,False,none
9000000000010937057,not_detected,1.00356384787771,2764.746862760745,0.0005425451495049971,unmatched,unscored,,,,,postlaunch_descriptive,False,none
9000000000010961178,confirmed,0.0338531165101291,2770.793642350007,0.0005413611382216821,unmatched,unscored,,,,,postlaunch_descriptive,False,none
9000000000010965063,confirmed,0.9661647415484024,2771.784028992988,0.0005411677043773726,unmatched,unscored,,,,,postlaunch_descriptive,False,none
9000000000010969688,candidate,0.9661419663204924,2764.8110661967658,0.0005425325507190545,unmatched,unscored,,,,,postlaunch_descriptive,False,none
9000000000010971642,candidate,1.0012980302023498,2764.811191569548,0.0005425325261174414,unmatched,unscored,,,,,postlaunch_descriptive,False,none
9000000000010971769,missing,,,,unscored,unscored,,,,,postlaunch_descriptive,False,none
9000000000010972937,confirmed,0.0339269337529492,2764.7650295495987,0.0005425415845354357,unmatched,unscored,,,,,postlaunch_descriptive,False,none
9000000000010973312,confirmed,1.9688833918278024,2764.7650554594584,0.0005425415794510339,unmatched,unscored,,,,,postlaunch_descriptive,False,none
9000000000010974902,confirmed,0.995903119044044,2764.7267563967034,0.0005425490951427567,unmatched,unscored,,,,,postlaunch_descriptive,False,none
9000000000010977395,not_detected,1231.568223000174,2141.122423357796,0.0007005671341518336,unmatched,unscored,,,,,postlaunch_descriptive,False,none
9000000000010977398,not_detected,746.7031410987446,2141.122422198765,0.000700567134531064,unmatched,unscored,,,,,postlaunch_descriptive,False,none
9000000000010979359,confirmed,0.033840712984571,2771.80921225762,0.0005411627875997497,unmatched,unscored,,,,,postlaunch_descriptive,False,none
9000000000010979484,confirmed,0.966119883437684,2771.8092194432393,0.000541162786196843,unmatched,unscored,,,,,postlaunch_descriptive,False,none
9000000000010983198,confirmed,1.9688583080654525,2771.8094174903817,0.0005411627475304965,unmatched,unscored,,,,,postlaunch_descriptive,False,none
9000000000010983245,confirmed,0.0338407104521865,2771.80941967899,0.0005411627471031969,unmatched,unscored,,,,,postlaunch_descriptive,False,none
9000000000010983613,confirmed,880.3602547802366,2141.12237199815,0.0007005671509565153,unmatched,unscored,,,,,postlaunch_descriptive,False,none
9000000000010988508,candidate,3.006643584314164,2771.8283748291433,0.000541159046361397,unmatched,unscored,,,,,postlaunch_descriptive,False,none
9000000000010989811,confirmed,0.0338404783120692,2771.828433835879,0.000541159034841193,unmatched,unscored,,,,,postlaunch_descriptive,False,none
9000000000010989905,confirmed,1.9688447974861216,2771.828438162338,0.0005411590339965151,unmatched,unscored,,,,,postlaunch_descriptive,False,none
9000000000010990463,not_detected,38.62591113469877,2771.828465783969,0.0005411590286037949,unmatched,unscored,,,,,postlaunch_descriptive,False,none
9000000000010990772,not_detected,3.0082669472342847,2771.8284800709225,0.0005411590258144759,unmatched,unscored,,,,,postlaunch_descriptive,False,none
9000000000010991544,not_detected,2.9677943361429913,2764.746835747268,0.0005425451548060361,unmatched,unscored,,,,,postlaunch_descriptive,False,none
9000000000010992340,not_detected,2.003004344610874,2764.7468738146126,0.0005425451473358211,unmatched,unscored,,,,,postlaunch_descriptive,False,none
9000000000011017115,confirmed,0.0338410224483058,2771.7838650792837,0.0005411677363801575,unmatched,unscored,,,,,postlaunch_descriptive,False,none
9000000000011018071,confirmed,0.0338770993755093,2771.783940507099,0.0005411677216535046,unmatched,unscored,,,,,postlaunch_descriptive,False,none
9000000000011020400,not_detected,2.005459111683466,2770.6872544190846,0.0005413819252272473,unmatched,unscored,,,,,postlaunch_descriptive,False,none
9000000000011027644,confirmed,1.968847204188249,2764.7650810182095,0.0005425415744355318,unmatched,unscored,,,,,postlaunch_descriptive,False,none
9000000000011029588,confirmed,0.9661714142497854,2764.7267975467257,0.0005425490870674895,unmatched,unscored,,,,,postlaunch_descriptive,False,none
9000000000011031719,not_detected,1.002955068910101,2771.8091130652465,0.0005411628069658818,unmatched,unscored,,,,,postlaunch_descriptive,False,none
9000000000011031824,confirmed,0.6668929643145819,2771.8091191737913,0.000541162805773261,unmatched,unscored,,,,,postlaunch_descriptive,False,none
9000000000011033395,confirmed,0.033840712999415,2771.8092110417783,0.0005411627878371283,unmatched,unscored,,,,,postlaunch_descriptive,False,none
9000000000011033663,confirmed,1.9688945216937908,2771.809225872159,0.0005411627849416728,unmatched,unscored,,,,,postlaunch_descriptive,False,none
9000000000011036565,candidate,0.9661198272951356,2771.8093805168755,0.000541162754749133,unmatched,unscored,,,,,postlaunch_descriptive,False,none
9000000000011037223,confirmed,1.9688943892386424,2771.809412342496,0.0005411627485355598,unmatched,unscored,,,,,postlaunch_descriptive,False,none
9000000000011038071,not_detected,33.5032228143836,2141.1223749257624,0.0007005671499986115,unmatched,unscored,,,,,postlaunch_descriptive,False,none
9000000000011043116,not_detected,3.00572585112675,2771.8096768129617,0.0005411626969008587,unmatched,unscored,,,,,postlaunch_descriptive,False,none
9000000000011043237,confirmed,1.0039221777439145,2771.82839635387,0.0005411590421590082,unmatched,unscored,,,,,postlaunch_descriptive,False,none
9000000000011043583,confirmed,5.492475630626787,2771.828411055263,0.0005411590392887757,unmatched,unscored,,,,,postlaunch_descriptive,False,none
9000000000011046541,not_detected,1.0025510942253446,2764.7468702248298,0.0005425451480402688,unmatched,unscored,,,,,postlaunch_descriptive,False,none
9000000000011068584,confirmed,0.966149217981876,2770.7935277242213,0.0005413611606174128,unmatched,unscored,,,,,postlaunch_descriptive,False,none
9000000000011072635,confirmed,0.0338410215200992,2771.783941105008,0.0005411677215367679,unmatched,unscored,,,,,postlaunch_descriptive,False,none
9000000000011073754,confirmed,0.9661647427393166,2771.7840255764313,0.0005411677050444268,unmatched,unscored,,,,,postlaunch_descriptive,False,none
9000000000011074630,confirmed,0.0338770974572553,2771.7840974563733,0.0005411676910104682,unmatched,unscored,,,,,postlaunch_descriptive,False,none
9000000000011075124,confirmed,4.93476773844084,2770.667379843071,0.0005413858086729123,unmatched,unscored,,,,,postlaunch_descriptive,False,none
9000000000011075446,not_detected,44.09309883491161,238.61330407718197,0.006286321736338764,unmatched,unscored,,,,,postlaunch_descriptive,False,none
9000000000011079970,not_detected,2.00259340365162,2764.7649242747575,0.0005425416051939657,unmatched,unscored,,,,,postlaunch_descriptive,False,none
9000000000011085540,confirmed,1.9688382272747431,2764.7268955837935,0.0005425490678287279,unmatched,unscored,,,,,postlaunch_descriptive,False,none
9000000000011086022,confirmed,2.2835561074127027,2212.076148951426,0.0006780960052894353,unmatched,unscored,,,,,postlaunch_descriptive,False,none
9000000000011086240,candidate,0.9660838402074828,2771.809121064376,0.0005411628054041468,unmatched,unscored,,,,,postlaunch_descriptive,False,none
9000000000011087017,not_detected,1.9688945618330205,2771.809169364162,0.0005411627959741875,unmatched,unscored,,,,,postlaunch_descriptive,False,none
9000000000011087179,confirmed,0.9661198973785752,2771.80917944666,0.0005411627940056996,unmatched,unscored,,,,,postlaunch_descriptive,False,none
9000000000011087311,confirmed,0.0338767908143054,2771.809186847415,0.0005411627925607902,unmatched,unscored,,,,,postlaunch_descriptive,False,none
9000000000011087693,confirmed,1.968858456607639,2771.8092083688825,0.0005411627883589794,unmatched,unscored,,,,,postlaunch_descriptive,False,none
9000000000011090628,confirmed,4.8806386727988205,2771.80936900666,0.0005411627569963654,unmatched,unscored,,,,,postlaunch_descriptive,False,none
9000000000011092004,not_detected,29.16554448562573,2141.1223792093806,0.0007005671485970278,unmatched,unscored,,,,,postlaunch_descriptive,False,none
9000000000011097448,confirmed,988.6216487090423,2024.6568202297203,0.0007408662964570005,unmatched,unscored,,,,,postlaunch_descriptive,False,none
9000000000011099489,candidate,1060.8120408810616,2764.746826786548,0.0005425451565644594,unmatched,unscored,,,,,postlaunch_descriptive,False,none
9000000000011122397,not_detected,1079.8273565550228,2141.1189868920483,0.0007005682585521939,unmatched,unscored,,,,,postlaunch_descriptive,False,none
9000000000011122679,not_detected,0.9997857667217298,2770.7935961955227,0.0005413611472394033,unmatched,unscored,,,,,postlaunch_descriptive,False,none
9000000000011122763,candidate,4.00820183167618,2770.793604311999,0.0005413611456535959,unmatched,unscored,,,,,postlaunch_descriptive,False,none
9000000000011125666,confirmed,0.0338531137046414,2770.793871972244,0.0005413610933578051,unmatched,unscored,,,,,postlaunch_descriptive,False,none
9000000000011126716,confirmed,2.0077060995964824,2770.7740695304237,0.0005413649624107432,unmatched,unscored,,,,,postlaunch_descriptive,False,none
9000000000011128745,confirmed,0.966156410423366,2771.8079299670644,0.0005411630379518481,unmatched,unscored,,,,,postlaunch_descriptive,False,none
9000000000011133541,confirmed,0.0063658214610211,2764.76494161319,0.0005425416017915712,unmatched,unscored,,,,,postlaunch_descriptive,False,none
9000000000011133951,missing,,,,unscored,unscored,,,,,postlaunch_descriptive,False,none
9000000000011134101,confirmed,9.892703453351084,2764.764973394107,0.0005425415955550665,unmatched,unscored,,,,,postlaunch_descriptive,False,none
9000000000011135445,not_detected,1.0025444951103677,2764.76506880112,0.0005425415768329431,unmatched,unscored,,,,,postlaunch_descriptive,False,none
9000000000011135893,confirmed,0.9661580297765244,2764.765098125674,0.0005425415710784615,unmatched,unscored,,,,,postlaunch_descriptive,False,none
9000000000011138736,not_detected,1115.6387337564795,2141.1224498758093,0.0007005671254752404,unmatched,unscored,,,,,postlaunch_descriptive,False,none
9000000000011139816,candidate,23.68807033534256,2771.6989636779763,0.0005411843131800781,unmatched,unscored,,,,,postlaunch_descriptive,False,none
9000000000011140381,confirmed,0.0339128685610019,2771.8091682782397,0.0005411627961862009,unmatched,unscored,,,,,postlaunch_descriptive,False,none
9000000000011141134,confirmed,0.0338188901685183,2764.7270366973244,0.0005425490401366579,unmatched,unscored,,,,,postlaunch_descriptive,False,none
9000000000011143573,confirmed,0.9662074557575958,2764.7271650428884,0.0005425490149501718,unmatched,unscored,,,,,postlaunch_descriptive,False,none
9000000000011144713,candidate,1.0012922684110312,2764.72723033512,0.0005425490021372492,unmatched,unscored,,,,,postlaunch_descriptive,False,none
9000000000011145255,candidate,1055.8766031987418,2141.12239113776,0.0007005671446941072,unmatched,unscored,,,,,postlaunch_descriptive,False,none
9000000000011147169,not_detected,1.0025220041536602,2764.727346149273,0.0005425489794099255,unmatched,unscored,,,,,postlaunch_descriptive,False,none
9000000000011153006,not_detected,2.002314572262343,2024.6568926577456,0.0007408662699539999,unmatched,unscored,,,,,postlaunch_descriptive,False,none
9000000000011176201,candidate,4.008201831998171,2770.793604089413,0.000541361145697085,unmatched,unscored,,,,,postlaunch_descriptive,False,none
9000000000011181037,not_detected,1.002459039731149,2771.7840728387237,0.0005411676958168586,unmatched,unscored,,,,,postlaunch_descriptive,False,none
9000000000011182630,confirmed,0.997291310375342,2771.807967483066,0.0005411630306272882,unmatched,unscored,,,,,postlaunch_descriptive,False,none
9000000000011186603,not_detected,7.830999124718291,2764.857926194556,0.0005425233556447301,unmatched,unscored,,,,,postlaunch_descriptive,False,none
9000000000011187754,confirmed,0.9661580585634492,2764.765015748795,0.000542541587243626,unmatched,unscored,,,,,postlaunch_descriptive,False,none
9000000000011189642,not_detected,0.0016999635547104,2764.765154509805,0.0005425415600139648,unmatched,unscored,,,,,postlaunch_descriptive,False,none
9000000000011191644,confirmed,0.0338907611473026,2764.765287883114,0.0005425415338415574,unmatched,unscored,,,,,postlaunch_descriptive,False,none
9000000000011197687,confirmed,0.9661558943474589,2771.80941053899,0.0005411627488876729,unmatched,unscored,,,,,postlaunch_descriptive,False,none
9000000000011198836,not_detected,1.002522009677298,2771.809469693806,0.0005411627373384004,unmatched,unscored,,,,,postlaunch_descriptive,False,none
9000000000011199166,candidate,0.0014791781410557,2771.8094840650447,0.0005411627345325875,unmatched,unscored,,,,,postlaunch_descriptive,False,none
9000000000011199467,candidate,4.238422593127975,2771.809497959912,0.0005411627318197804,unmatched,unscored,,,,,postlaunch_descriptive,False,none
9000000000011200509,confirmed,0.0338767863875065,2771.8095490494743,0.0005411627218451532,unmatched,unscored,,,,,postlaunch_descriptive,False,none
9000000000011233133,not_detected,40.1002481680315,2141.11891877139,0.0007005682808410872,unmatched,unscored,,,,,postlaunch_descriptive,False,none
9000000000011240612,missing,,,,unscored,unscored,,,,,postlaunch_descriptive,False,none
9000000000011241236,candidate,0.9991084215004272,2764.76500503486,0.000542541589346067,unmatched,unscored,,,,,postlaunch_descriptive,False,none
9000000000011241985,not_detected,1.002508329578922,2764.7650580261834,0.0005425415789473546,unmatched,unscored,,,,,postlaunch_descriptive,False,none
9000000000011242284,confirmed,0.7716749665286653,2764.765079263132,0.0005425415747799381,unmatched,unscored,,,,,postlaunch_descriptive,False,none
9000000000011243691,confirmed,0.9661941717559632,2764.7651766985655,0.0005425415556597705,unmatched,unscored,,,,,postlaunch_descriptive,False,none
9000000000011245422,candidate,0.967640909156809,2764.765291218646,0.000542541533187012,unmatched,unscored,,,,,postlaunch_descriptive,False,none
9000000000011245971,missing,,,,unscored,unscored,,,,,postlaunch_descriptive,False,none
9000000000011249955,not_detected,1.0029549932745008,2771.8093220950104,0.0005411627661553063,unmatched,unscored,,,,,postlaunch_descriptive,False,none
9000000000011250726,not_detected,1.0029910559826452,2771.809363021981,0.0005411627581648026,unmatched,unscored,,,,,postlaunch_descriptive,False,none
9000000000011251058,confirmed,0.0338767884353668,2771.8093814929016,0.0005411627545585754,unmatched,unscored,,,,,postlaunch_descriptive,False,none
9000000000011253031,candidate,1.9689304194410004,2771.809478950221,0.0005411627355311957,unmatched,unscored,,,,,postlaunch_descriptive,False,none
9000000000011253316,not_detected,1.0024498463613671,2771.8094926001504,0.0005411627328662099,unmatched,unscored,,,,,postlaunch_descriptive,False,none
9000000000011259889,confirmed,1.9786983562739036,2764.74682593951,0.0005425451567306794,unmatched,unscored,,,,,postlaunch_descriptive,False,none
9000000000011287360,confirmed,0.0338770979214151,2771.784059479367,0.0005411676984251615,unmatched,unscored,,,,,postlaunch_descriptive,False,none
9000000000011288249,confirmed,0.0338410191588817,2771.7841345029883,0.0005411676837774261,unmatched,unscored,,,,,postlaunch_descriptive,False,none
9000000000011289252,confirmed,0.0338768056923177,2771.807969524525,0.0005411630302287173,unmatched,unscored,,,,,postlaunch_descriptive,False,none
9000000000011299145,confirmed,0.9661559957304362,2771.8091196808964,0.0005411628056742547,unmatched,unscored,,,,,postlaunch_descriptive,False,none
9000000000011300012,confirmed,0.0339128685093385,2771.809172500856,0.0005411627953617852,unmatched,unscored,,,,,postlaunch_descriptive,False,none
9000000000011303591,confirmed,0.0339128660963145,2771.809369725175,0.0005411627568560839,unmatched,unscored,,,,,postlaunch_descriptive,False,none
9000000000011304269,confirmed,0.9661919733708614,2771.8094062162563,0.000541162749731635,unmatched,unscored,,,,,postlaunch_descriptive,False,none
9000000000011304344,not_detected,1.0029549611729134,2771.809410812333,0.0005411627488343058,unmatched,unscored,,,,,postlaunch_descriptive,False,none
9000000000011305793,confirmed,0.0338407096769745,2771.8094831747003,0.0005411627347064166,unmatched,unscored,,,,,postlaunch_descriptive,False,none
9000000000011305939,candidate,0.2957273951390041,2771.809488988016,0.0005411627335714361,unmatched,unscored,,,,,postlaunch_descriptive,False,none
9000000000011306075,not_detected,1.0023055354226502,2771.809495024383,0.0005411627323929074,unmatched,unscored,,,,,postlaunch_descriptive,False,none
9000000000011307602,not_detected,0.0029222786828055,2771.809563427232,0.0005411627190380676,unmatched,unscored,,,,,postlaunch_descriptive,False,none
9000000000011347735,confirmed,1.9688834167913176,2764.7650204049423,0.0005425415863299305,unmatched,unscored,,,,,postlaunch_descriptive,False,none
9000000000011350238,confirmed,0.9661579956241614,2764.7651958563365,0.0005425415519003602,unmatched,unscored,,,,,postlaunch_descriptive,False,none
9000000000011358305,not_detected,932.9849240856446,2141.122419558,0.0007005671353951125,unmatched,unscored,,,,,postlaunch_descriptive,False,none
9000000000011359606,not_detected,1.002273213578078,2771.6993354363367,0.0005411842405929146,unmatched,unscored,,,,,postlaunch_descriptive,False,none
9000000000011360622,confirmed,1.9689303668035751,2771.809553051833,0.0005411627210637404,unmatched,unscored,,,,,postlaunch_descriptive,False,none
9000000000011361146,confirmed,0.9661558362839542,2771.809577117674,0.0005411627163651722,unmatched,unscored,,,,,postlaunch_descriptive,False,none
9000000000011390853,confirmed,0.0338771002596526,2771.78386816755,0.0005411677357771993,unmatched,unscored,,,,,postlaunch_descriptive,False,none
9000000000011390888,confirmed,0.9660926407371336,2771.783871531021,0.0005411677351205096,unmatched,unscored,,,,,postlaunch_descriptive,False,none
9000000000011393668,confirmed,1.968840215469142,2771.7840976240113,0.0005411676909777382,unmatched,unscored,,,,,postlaunch_descriptive,False,none
9000000000011394067,confirmed,0.9972998857952884,2771.78413371183,0.0005411676839318933,unmatched,unscored,,,,,postlaunch_descriptive,False,none
9000000000011395887,confirmed,0.0338407274315132,2771.808028944768,0.0005411630186276113,unmatched,unscored,,,,,postlaunch_descriptive,False,none
9000000000011397593,candidate,0.3540507536777183,2764.857834171038,0.000542523373701683,unmatched,unscored,,,,,postlaunch_descriptive,False,none
9000000000011400645,confirmed,0.966121875556453,2764.765054576099,0.0005425415796243793,unmatched,unscored,,,,,postlaunch_descriptive,False,none
9000000000011401700,confirmed,0.9661218501750568,2764.765127210412,0.0005425415653710401,unmatched,unscored,,,,,postlaunch_descriptive,False,none
9000000000011402528,confirmed,1.9688471310814724,2764.765183678828,0.0005425415542900041,unmatched,unscored,,,,,postlaunch_descriptive,False,none
9000000000011402910,confirmed,0.9660856520715428,2764.7652092468925,0.0005425415492726748,unmatched,unscored,,,,,postlaunch_descriptive,False,none
9000000000011403775,confirmed,1.968847072825394,2764.765265485272,0.0005425415382367805,unmatched,unscored,,,,,postlaunch_descriptive,False,none
9000000000011404125,confirmed,1.9688108862331373,2764.7652895776555,0.0005425415335090305,unmatched,unscored,,,,,postlaunch_descriptive,False,none
9000000000011407833,confirmed,0.033840712139175,2771.809281501919,0.0005411627740806241,unmatched,unscored,,,,,postlaunch_descriptive,False,none
9000000000011409798,not_detected,1.0030271225121503,2771.809393385891,0.0005411627522366111,unmatched,unscored,,,,,postlaunch_descriptive,False,none
9000000000011411442,confirmed,5.011022630283729,2771.809473790694,0.0005411627365385319,unmatched,unscored,,,,,postlaunch_descriptive,False,none
9000000000011415453,confirmed,0.9662214393783948,2771.828372720629,0.0005411590467730537,unmatched,unscored,,,,,postlaunch_descriptive,False,none
9000000000011415997,confirmed,0.9662214306243074,2771.828397833742,0.0005411590418700847,unmatched,unscored,,,,,postlaunch_descriptive,False,none
9000000000011416536,confirmed,0.9662574979348684,2771.828426402062,0.0005411590362925373,unmatched,unscored,,,,,postlaunch_descriptive,False,none
9000000000011441652,confirmed,0.0338892068331909,2770.7936766473576,0.0005413611315206227,unmatched,unscored,,,,,postlaunch_descriptive,False,none
9000000000011443084,confirmed,0.0338771004378609,2771.783853586763,0.0005411677386239766,unmatched,unscored,,,,,postlaunch_descriptive,False,none
9000000000011446171,confirmed,0.0338770974416381,2771.784098734148,0.0005411676907609934,unmatched,unscored,,,,,postlaunch_descriptive,False,none
9000000000011447443,confirmed,0.0338768058300806,2771.807958252728,0.0005411630324294036,unmatched,unscored,,,,,postlaunch_descriptive,False,none
9000000000011453863,confirmed,0.9661218551689666,2764.7651129192673,0.000542541568175452,unmatched,unscored,,,,,postlaunch_descriptive,False,none
9000000000011454265,candidate,0.0338545935107149,2764.7651409660466,0.0005425415626717138,unmatched,unscored,,,,,postlaunch_descriptive,False,none
9000000000011455347,confirmed,2.9248776503435296,2764.7652198546566,0.0005425415471910685,unmatched,unscored,,,,,postlaunch_descriptive,False,none
9000000000011456064,confirmed,1.9688470717576183,2764.765266984701,0.0005425415379425411,unmatched,unscored,,,,,postlaunch_descriptive,False,none
9000000000011456993,not_detected,1.002798592908075,2769.7486012075096,0.0005415653967100316,unmatched,unscored,,,,,postlaunch_descriptive,False,none
9000000000011457608,confirmed,1.9687502744837695,2771.809137362987,0.0005411628022220366,unmatched,unscored,,,,,postlaunch_descriptive,False,none
9000000000011461139,confirmed,0.6947086776852616,2771.809338003397,0.0005411627630493832,unmatched,unscored,,,,,postlaunch_descriptive,False,none
9000000000011462738,missing,,,,unscored,unscored,,,,,postlaunch_descriptive,False,none
9000000000011463497,candidate,0.0339128649443546,2771.809463878628,0.0005411627384737446,unmatched,unscored,,,,,postlaunch_descriptive,False,none
9000000000011463609,confirmed,0.2949336919690384,2771.8094685696997,0.0005411627375578687,unmatched,unscored,,,,,postlaunch_descriptive,False,none
9000000000011465121,candidate,0.9959197992039772,2771.809539489448,0.0005411627237116341,unmatched,unscored,,,,,postlaunch_descriptive,False,none
9000000000011465386,confirmed,0.0339128638736102,2771.809551394079,0.0005411627213873971,unmatched,unscored,,,,,postlaunch_descriptive,False,none
9000000000011466960,confirmed,0.631965541842201,2771.828341927845,0.0005411590527848955,unmatched,unscored,,,,,postlaunch_descriptive,False,none
9000000000011467819,confirmed,0.932236647546998,2771.8283837041818,0.0005411590446286753,unmatched,unscored,,,,,postlaunch_descriptive,False,none
9000000000011468301,confirmed,0.9662575046684464,2771.8284070859663,0.000541159040063723,unmatched,unscored,,,,,postlaunch_descriptive,False,none
9000000000011498051,confirmed,0.0338410195803849,2771.784099979326,0.0005411676905178827,unmatched,unscored,,,,,postlaunch_descriptive,False,none
9000000000011498946,not_detected,1.0054809263875175,2771.807924803812,0.0005411630389599127,unmatched,unscored,,,,,postlaunch_descriptive,False,none
9000000000011499639,missing,,,,unscored,unscored,,,,,postlaunch_descriptive,False,none
9000000000011501520,candidate,6.357361304353811,2764.857801610604,0.0005425233800907264,unmatched,unscored,,,,,postlaunch_descriptive,False,none
9000000000011506287,candidate,2.070917314350422,2764.765140705742,0.0005425415627227945,unmatched,unscored,,,,,postlaunch_descriptive,False,none
9000000000011506433,confirmed,0.0339269322677678,2764.765150579624,0.0005425415607852008,unmatched,unscored,,,,,postlaunch_descriptive,False,none
9000000000011508373,confirmed,1.968847065669312,2764.7652755342424,0.0005425415362648286,unmatched,unscored,,,,,postlaunch_descriptive,False,none
9000000000011515585,not_detected,3.0082876023465945,2771.8094485034235,0.0005411627414755698,unmatched,unscored,,,,,postlaunch_descriptive,False,none
9000000000011517279,confirmed,0.0339128641638605,2771.8095276709646,0.0005411627260190519,unmatched,unscored,,,,,postlaunch_descriptive,False,none
9000000000011520150,not_detected,1042.6684747367926,2024.6569430087693,0.0007408662515294588,unmatched,unscored,,,,,postlaunch_descriptive,False,none
9000000000011549175,confirmed,4.180937466477225,2141.1226720744744,0.0007005670527726894,unmatched,unscored,,,,,postlaunch_descriptive,False,none
9000000000011555103,missing,,,,unscored,unscored,,,,,postlaunch_descriptive,False,none
9000000000011559115,confirmed,3.2264222545932153,2764.7652092967182,0.0005425415492628973,unmatched,unscored,,,,,postlaunch_descriptive,False,none
9000000000011563280,candidate,5.595695322426753,2771.8092401917093,0.0005411627821459511,unmatched,unscored,,,,,postlaunch_descriptive,False,none
9000000000011563895,confirmed,0.3156422083879107,2771.8092724937014,0.0005411627758393714,unmatched,unscored,,,,,postlaunch_descriptive,False,none
9000000000011566601,not_detected,1195.280232550471,2141.12244901387,0.0007005671257572635,unmatched,unscored,,,,,postlaunch_descriptive,False,none
9000000000011566822,not_detected,15.377775346255746,2141.122448379174,0.0007005671259649337,unmatched,unscored,,,,,postlaunch_descriptive,False,none
9000000000011570460,not_detected,14.538776353942849,2141.1224192576483,0.0007005671354933863,unmatched,unscored,,,,,postlaunch_descriptive,False,none
9000000000011603102,confirmed,0.992125821905885,2770.8179137189873,0.0005413563960926982,unmatched,unscored,,,,,postlaunch_descriptive,False,none
9000000000011603167,not_detected,1055.336957783609,2141.12263051793,0.0007005670663698302,unmatched,unscored,,,,,postlaunch_descriptive,False,none
9000000000011607097,not_detected,917.0142183495894,2141.122571971733,0.0007005670855259205,unmatched,unscored,,,,,postlaunch_descriptive,False,none
9000000000011611751,not_detected,0.966186894486502,2142.1321400762536,0.0007002369143981026,unmatched,unscored,,,,,postlaunch_descriptive,False,none
9000000000011612236,not_detected,936.7383727964578,2142.1321358601563,0.0007002369157762935,unmatched,unscored,,,,,postlaunch_descriptive,False,none
9000000000011617286,not_detected,1099.9788110062727,2141.1224611806683,0.0007005671217763334,unmatched,unscored,,,,,postlaunch_descriptive,False,none
9000000000011618096,not_detected,956.712183115949,2141.122455727309,0.0007005671235606519,unmatched,unscored,,,,,postlaunch_descriptive,False,none
9000000000011657064,candidate,0.4705847713699821,2764.8578516729176,0.0005425233702674454,unmatched,unscored,,,,,postlaunch_descriptive,False,none
9000000000011657679,not_detected,1.00312569539791,2764.857896397356,0.0005425233614915684,unmatched,unscored,,,,,postlaunch_descriptive,False,none
9000000000011657698,not_detected,1164.8278593397142,2141.122589181643,0.0007005670798949041,unmatched,unscored,,,,,postlaunch_descriptive,False,none
9000000000011662543,not_detected,0.9661868899703988,2142.1321500889026,0.0007002369111250896,unmatched,unscored,,,,,postlaunch_descriptive,False,none
9000000000011663266,not_detected,1102.7917549513763,2142.1321486686356,0.0007002369115893576,unmatched,unscored,,,,,postlaunch_descriptive,False,none
9000000000011667767,candidate,0.9991102835096214,2764.759852432646,0.0005425426004649865,unmatched,unscored,,,,,postlaunch_descriptive,False,none
9000000000011668043,not_detected,1071.691587518574,2141.1224703188054,0.0007005671187863698,unmatched,unscored,,,,,postlaunch_descriptive,False,none
9000000000011669589,not_detected,29.20935225600881,2141.1224546115845,0.0007005671239257126,unmatched,unscored,,,,,postlaunch_descriptive,False,none
9000000000011670318,not_detected,1.0024859285908738,2771.809479566291,0.0005411627354109154,unmatched,unscored,,,,,postlaunch_descriptive,False,none
9000000000011671692,not_detected,1.0024858184166774,2764.727389737498,0.0005425489708561899,unmatched,unscored,,,,,postlaunch_descriptive,False,none
9000000000011672504,candidate,1.005581767202791,2771.828299704939,0.0005411590610283021,unmatched,unscored,,,,,postlaunch_descriptive,False,none
9000000000011706296,confirmed,0.0338408420960986,2771.798637091648,0.000541164852283028,unmatched,unscored,,,,,postlaunch_descriptive,False,none
9000000000011718053,candidate,0.0363141853425455,2764.759805374779,0.0005425426096993864,unmatched,unscored,,,,,postlaunch_descriptive,False,none
9000000000011718578,confirmed,0.9659033832155842,2771.80932018999,0.0005411627665272388,unmatched,unscored,,,,,postlaunch_descriptive,False,none
9000000000011719651,not_detected,1.0021251896681966,2771.809379344806,0.0005411627549779655,unmatched,unscored,,,,,postlaunch_descriptive,False,none
9000000000011721968,not_detected,1.0024859227863936,2771.8094956153072,0.0005411627322775365,unmatched,unscored,,,,,postlaunch_descriptive,False,none
9000000000011722596,not_detected,1.0024859111989912,2771.809527653735,0.0005411627260224158,unmatched,unscored,,,,,postlaunch_descriptive,False,none
9000000000011722841,not_detected,1.0024859070801937,2771.8095390419476,0.0005411627237990032,unmatched,unscored,,,,,postlaunch_descriptive,False,none
9000000000011722999,not_detected,1.00252198156081,2771.8095474313013,0.0005411627221610821,unmatched,unscored,,,,,postlaunch_descriptive,False,none
9000000000011723998,confirmed,0.966113231006203,2771.828305478208,0.0005411590599011555,unmatched,unscored,,,,,postlaunch_descriptive,False,none
9000000000011751814,confirmed,0.0394691667142921,2771.7838785885833,0.0005411677337425792,unmatched,unscored,,,,,postlaunch_descriptive,False,none
9000000000011753169,not_detected,1222.9446033397917,2141.1226947843097,0.0007005670453421192,unmatched,unscored,,,,,postlaunch_descriptive,False,none
9000000000011754705,not_detected,1.000222191933282,2771.7841319250874,0.0005411676842807398,unmatched,unscored,,,,,postlaunch_descriptive,False,none
9000000000011761033,confirmed,1.9688895096609544,2764.858044744935,0.00054252333238265,unmatched,unscored,,,,,postlaunch_descriptive,False,none
9000000000011761070,confirmed,0.0338534559064503,2764.8580475402996,0.0005425233318341406,unmatched,unscored,,,,,postlaunch_descriptive,False,none
9000000000011763807,confirmed,1.9688832510334409,2764.765253167134,0.0005425415406540206,unmatched,unscored,,,,,postlaunch_descriptive,False,none
9000000000011763910,confirmed,1.968883245628145,2764.7652607574128,0.0005425415391645481,unmatched,unscored,,,,,postlaunch_descriptive,False,none
9000000000011767325,confirmed,0.9661920328368698,2771.8092356203124,0.0005411627830384619,unmatched,unscored,,,,,postlaunch_descriptive,False,none
9000000000011769205,confirmed,0.9658672999495862,2771.809336686041,0.0005411627633065812,unmatched,unscored,,,,,postlaunch_descriptive,False,none
9000000000011769291,confirmed,0.9658312207507076,2771.8093415112235,0.0005411627623645219,unmatched,unscored,,,,,postlaunch_descriptive,False,none
9000000000011770299,candidate,0.001659565771156,2771.809397343546,0.000541162751463926,unmatched,unscored,,,,,postlaunch_descriptive,False,none
9000000000011770482,confirmed,0.0036438291807776,2771.80940678576,0.0005411627496204463,unmatched,unscored,,,,,postlaunch_descriptive,False,none
9000000000011771375,not_detected,1.002522015455208,2771.80945371883,0.0005411627404573239,unmatched,unscored,,,,,postlaunch_descriptive,False,none
9000000000011774303,confirmed,0.9661132289819352,2771.8283112859353,0.0005411590587672814,unmatched,unscored,,,,,postlaunch_descriptive,False,none
9000000000011802766,confirmed,0.9685819959450788,2771.783918387257,0.0005411677259722196,unmatched,unscored,,,,,postlaunch_descriptive,False,none
9000000000011804039,confirmed,0.9661647441061816,2771.7840216550976,0.0005411677058100344,unmatched,unscored,,,,,postlaunch_descriptive,False,none
9000000000011807411,confirmed,1.9689020550548268,2771.7986204489134,0.0005411648555323489,unmatched,unscored,,,,,postlaunch_descriptive,False,none
9000000000011808254,confirmed,3.3299361831716636,2764.857791127637,0.0005425233821477056,unmatched,unscored,,,,,postlaunch_descriptive,False,none
9000000000011808798,missing,,,,unscored,unscored,,,,,postlaunch_descriptive,False,none
9000000000011809378,confirmed,1.9688896344445523,2764.85786951473,0.000542523366766506,unmatched,unscored,,,,,postlaunch_descriptive,False,none
9000000000011809973,not_detected,1.002619335315884,2764.8579100328498,0.0005425233588159973,unmatched,unscored,,,,,postlaunch_descriptive,False,none
9000000000011811178,confirmed,2.697462229320171,2764.857990941964,0.0005425233429399253,unmatched,unscored,,,,,postlaunch_descriptive,False,none
9000000000011818787,confirmed,8.439830356219469,2771.809267796576,0.0005411627767564292,unmatched,unscored,,,,,postlaunch_descriptive,False,none
9000000000011820766,candidate,0.9663723719981004,2771.8093745391816,0.0005411627559162065,unmatched,unscored,,,,,postlaunch_descriptive,False,none
9000000000011820820,candidate,1.0038929886529688,2771.809377545025,0.0005411627553293513,unmatched,unscored,,,,,postlaunch_descriptive,False,none
9000000000011822644,not_detected,1.00244985472649,2771.8094694702886,0.0005411627373820395,unmatched,unscored,,,,,postlaunch_descriptive,False,none
9000000000011824150,not_detected,1.002488850762837,2749.756267017219,0.0005455028934717606,unmatched,unscored,,,,,postlaunch_descriptive,False,none
9000000000011858770,missing,,,,unscored,unscored,,,,,postlaunch_descriptive,False,none
9000000000011861420,confirmed,0.0338534564562772,2764.8580026351847,0.0005425233406454692,unmatched,unscored,,,,,postlaunch_descriptive,False,none
9000000000011867144,confirmed,0.9688617917552176,2771.8091711872257,0.0005411627956182559,unmatched,unscored,,,,,postlaunch_descriptive,False,none
9000000000011868330,missing,,,,unscored,unscored,,,,,postlaunch_descriptive,False,none
9000000000011868778,confirmed,1.345655362760109,2771.809263517149,0.0005411627775919365,unmatched,unscored,,,,,postlaunch_descriptive,False,none
9000000000011869244,confirmed,0.9632336584276442,2771.8092870200053,0.0005411627730032834,unmatched,unscored,,,,,postlaunch_descriptive,False,none
9000000000011874251,confirmed,0.9661558472060118,2771.809545783326,0.0005411627224828296,unmatched,unscored,,,,,postlaunch_descriptive,False,none
9000000000011905866,confirmed,0.0338770971195464,2771.784125087317,0.0005411676856157573,unmatched,unscored,,,,,postlaunch_descriptive,False,none
9000000000011905998,confirmed,0.0338410191209891,2771.784137606621,0.0005411676831714678,unmatched,unscored,,,,,postlaunch_descriptive,False,none
9000000000011908476,confirmed,0.9971469610484456,2771.808076408226,0.0005411630093609277,unmatched,unscored,,,,,postlaunch_descriptive,False,none
9000000000011909877,confirmed,1.9688534655283896,2764.8578704860993,0.0005425233665759028,unmatched,unscored,,,,,postlaunch_descriptive,False,none
9000000000011911214,not_detected,1.0029809997669452,2764.8579590683803,0.0005425233491941935,unmatched,unscored,,,,,postlaunch_descriptive,False,none
9000000000011911942,not_detected,1.1421201334102142,2764.8580106641166,0.0005425233390700238,unmatched,unscored,,,,,postlaunch_descriptive,False,none
9000000000011913365,confirmed,0.9661255263010108,2764.8581134453416,0.0005425233189021848,unmatched,unscored,,,,,postlaunch_descriptive,False,none
9000000000011919126,confirmed,1.763324790519995,2771.809269782156,0.0005411627763687683,unmatched,unscored,,,,,postlaunch_descriptive,False,none
9000000000011919714,confirmed,3.9275429177256314,2771.8093036916107,0.0005411627697483509,unmatched,unscored,,,,,postlaunch_descriptive,False,none
9000000000011920842,confirmed,0.9964249466709236,2771.8093663025647,0.0005411627575243078,unmatched,unscored,,,,,postlaunch_descriptive,False,none
9000000000011922480,confirmed,1.9688582824922576,2771.809453492984,0.0005411627405014177,unmatched,unscored,,,,,postlaunch_descriptive,False,none
9000000000011922547,not_detected,1.0024498592762707,2771.8094568899833,0.000541162739838194,unmatched,unscored,,,,,postlaunch_descriptive,False,none
9000000000011923396,confirmed,0.0338407094279284,2771.809503573458,0.0005411627307238025,unmatched,unscored,,,,,postlaunch_descriptive,False,none
9000000000011923457,not_detected,1.0025580741159732,2771.8095058486797,0.0005411627302795926,unmatched,unscored,,,,,postlaunch_descriptive,False,none
9000000000011923961,confirmed,0.0338767866097733,2771.8095308635384,0.00054116272539574,unmatched,unscored,,,,,postlaunch_descriptive,False,none
9000000000011924100,confirmed,0.0338767865264531,2771.8095376808196,0.0005411627240647473,unmatched,unscored,,,,,postlaunch_descriptive,False,none
9000000000011955601,confirmed,0.0338410190542435,2771.7841430734843,0.0005411676821041085,unmatched,unscored,,,,,postlaunch_descriptive,False,none
9000000000011958305,confirmed,0.9972664790846594,2764.8577966149896,0.0005425233810709713,unmatched,unscored,,,,,postlaunch_descriptive,False,none
9000000000011960277,missing,,,,unscored,unscored,,,,,postlaunch_descriptive,False,none
9000000000011960626,not_detected,0.9990386631299656,2764.8579598972574,0.0005425233490315503,unmatched,unscored,,,,,postlaunch_descriptive,False,none
9000000000011966526,confirmed,0.033876791133136,2771.809160760604,0.00054116279765393,unmatched,unscored,,,,,postlaunch_descriptive,False,none
9000000000011969587,not_detected,3.2764879983711186,2771.8093289262615,0.0005411627648215858,unmatched,unscored,,,,,postlaunch_descriptive,False,none
9000000000011971449,confirmed,0.1930196371781351,1077.0924815703183,0.0013926380748783196,unmatched,unscored,,,,,postlaunch_descriptive,False,none
9000000000011973794,confirmed,0.0338767863601202,2771.8095512902364,0.0005411627214076711,unmatched,unscored,,,,,postlaunch_descriptive,False,none
9000000000011973805,confirmed,0.0338767863647472,2771.809550911654,0.0005411627214815849,unmatched,unscored,,,,,postlaunch_descriptive,False,none
9000000000011974247,confirmed,0.008586390476219,2771.82828639308,0.0005411590636272486,unmatched,unscored,,,,,postlaunch_descriptive,False,none
9000000000012009044,confirmed,0.9915880444442232,2764.857861448545,0.0005425233683492614,unmatched,unscored,,,,,postlaunch_descriptive,False,none
9000000000012012007,not_detected,0.0032551399512506,2764.8580813067965,0.0005425233252084433,unmatched,unscored,,,,,postlaunch_descriptive,False,none
9000000000012016662,confirmed,0.0339128683451301,2771.809185922146,0.0005411627927414379,unmatched,unscored,,,,,postlaunch_descriptive,False,none
9000000000012016664,confirmed,0.033876790828932,2771.8091856506653,0.0005411627927944413,unmatched,unscored,,,,,postlaunch_descriptive,False,none
9000000000012017279,confirmed,1.9688584486232703,2771.8092196094804,0.0005411627861643864,unmatched,unscored,,,,,postlaunch_descriptive,False,none
9000000000012018482,confirmed,0.7604058506651572,2771.8092886270024,0.0005411627726895364,unmatched,unscored,,,,,postlaunch_descriptive,False,none
9000000000012019563,confirmed,2.7164927487510817,2771.8093499280512,0.0005411627607212364,unmatched,unscored,,,,,postlaunch_descriptive,False,none
9000000000012023556,candidate,0.008586390521672,2771.8282717200927,0.0005411590664919354,unmatched,unscored,,,,,postlaunch_descriptive,False,none
9000000000012023938,confirmed,0.9984023932268604,2771.828291652724,0.0005411590626003797,unmatched,unscored,,,,,postlaunch_descriptive,False,none
9000000000012052557,not_detected,44.444672966863386,2141.12274087267,0.0007005670302621868,unmatched,unscored,,,,,postlaunch_descriptive,False,none
9000000000012055158,confirmed,2.000131423392365,2770.8179248543456,0.0005413563939170961,unmatched,unscored,,,,,postlaunch_descriptive,False,none
9000000000012056512,not_detected,1.0002221216662273,2771.784326646942,0.0005411676462629278,unmatched,unscored,,,,,postlaunch_descriptive,False,none
9000000000012060326,candidate,1.0056212500732895,2764.8580415314063,0.0005425233330132119,unmatched,unscored,,,,,postlaunch_descriptive,False,none
9000000000012062381,candidate,1.968847110481705,2764.765212606173,0.000542541548613469,unmatched,unscored,,,,,postlaunch_descriptive,False,none
9000000000012066210,confirmed,0.0338407129794031,2771.809212680906,0.0005411627875171081,unmatched,unscored,,,,,postlaunch_descriptive,False,none
9000000000012066844,confirmed,2.7649810345654067,2771.809247221332,0.0005411627807735008,unmatched,unscored,,,,,postlaunch_descriptive,False,none
9000000000012067876,confirmed,1.3575609226143008,2771.8093069102615,0.0005411627691199476,unmatched,unscored,,,,,postlaunch_descriptive,False,none
9000000000012068538,candidate,11.682224855268547,2771.809342926368,0.0005411627620882317,unmatched,unscored,,,,,postlaunch_descriptive,False,none
9000000000012069262,missing,,,,unscored,unscored,,,,,postlaunch_descriptive,False,none
9000000000012071083,confirmed,0.0338767872661471,2771.809477158822,0.000541162735880945,unmatched,unscored,,,,,postlaunch_descriptive,False,none
9000000000012072048,not_detected,8.975992722722287,2141.122502400074,0.000700567108289501,unmatched,unscored,,,,,postlaunch_descriptive,False,none
9000000000012104253,candidate,2.0001746440118175,2771.807960168924,0.0005411630320552888,unmatched,unscored,,,,,postlaunch_descriptive,False,none
9000000000012105679,missing,,,,unscored,unscored,,,,,postlaunch_descriptive,False,none
9000000000012107195,confirmed,2.001585702268702,2764.8578792940825,0.0005425233648475909,unmatched,unscored,,,,,postlaunch_descriptive,False,none
9000000000012109402,not_detected,1.00274126245494,2760.831835345365,0.0005433145115165474,unmatched,unscored,,,,,postlaunch_descriptive,False,none
9000000000012110842,not_detected,1214.8840222830784,2141.1226049633697,0.0007005670747311838,unmatched,unscored,,,,,postlaunch_descriptive,False,none
9000000000012110979,not_detected,1.0025830741190882,2764.8581664273515,0.0005425233085060002,unmatched,unscored,,,,,postlaunch_descriptive,False,none
9000000000012115507,candidate,8.970923401357021,2771.699064584449,0.0005411842934777227,unmatched,unscored,,,,,postlaunch_descriptive,False,none
9000000000012116251,not_detected,1.0025637278832051,2764.811774960719,0.000542532411639961,unmatched,unscored,,,,,postlaunch_descriptive,False,none
9000000000012116955,not_detected,1.002491374811527,2764.81181747932,0.0005425324032966376,unmatched,unscored,,,,,postlaunch_descriptive,False,none
9000000000012119315,not_detected,1.0025636648978868,2764.811948657967,0.000542532377555767,unmatched,unscored,,,,,postlaunch_descriptive,False,none
9000000000012121031,not_detected,1.0025219875132054,2771.8095309739,0.0005411627253741932,unmatched,unscored,,,,,postlaunch_descriptive,False,none
9000000000012121514,not_detected,1.0025930052896772,2764.830779164564,0.0005425286825160591,unmatched,unscored,,,,,postlaunch_descriptive,False,none
9000000000012152713,not_detected,0.0025615050240478,2771.8079540519975,0.000541163033249547,unmatched,unscored,,,,,postlaunch_descriptive,False,none
9000000000012153000,not_detected,0.0025975825341278,2771.8079812303185,0.0005411630279432983,unmatched,unscored,,,,,postlaunch_descriptive,False,none
9000000000012154192,confirmed,958.4714825220136,2771.8080738103017,0.000541163009868142,unmatched,unscored,,,,,postlaunch_descriptive,False,none
9000000000012154361,not_detected,1.0025585876951562,2771.8080859379843,0.0005411630075003543,unmatched,unscored,,,,,postlaunch_descriptive,False,none
9000000000012158992,candidate,2.977006280146405,2764.858124382328,0.000542523316756118,unmatched,unscored,,,,,postlaunch_descriptive,False,none
9000000000012164713,confirmed,0.0684029751203374,2771.809262191411,0.000541162777850771,unmatched,unscored,,,,,postlaunch_descriptive,False,none
9000000000012165037,confirmed,0.9661920179729642,2771.809278261848,0.0005411627747132095,unmatched,unscored,,,,,postlaunch_descriptive,False,none
9000000000012165609,not_detected,1.0025581450431889,2771.8093097535893,0.0005411627685648218,unmatched,unscored,,,,,postlaunch_descriptive,False,none
9000000000012169210,not_detected,1.002558076524168,2771.8094991906546,0.0005411627315794926,unmatched,unscored,,,,,postlaunch_descriptive,False,none
9000000000012169504,not_detected,1.0025219943159671,2771.809512165375,0.0005411627290463333,unmatched,unscored,,,,,postlaunch_descriptive,False,none
9000000000012217184,not_detected,1.0025220170284446,2771.809449369088,0.0005411627413065592,unmatched,unscored,,,,,postlaunch_descriptive,False,none
9000000000012217615,confirmed,0.9661558734335588,2771.8094705389813,0.00054116273717339,unmatched,unscored,,,,,postlaunch_descriptive,False,none
9000000000012251984,not_detected,0.0025254274603128,2771.807984986808,0.0005411630272098877,unmatched,unscored,,,,,postlaunch_descriptive,False,none
9000000000012252251,confirmed,0.0338046501913169,2771.808004807215,0.0005411630233401855,unmatched,unscored,,,,,postlaunch_descriptive,False,none
9000000000012254814,not_detected,2.002309054438788,2764.857896300964,0.0005425233615104825,unmatched,unscored,,,,,postlaunch_descriptive,False,none
9000000000012257255,candidate,1.9375316451270173,2764.858067465946,0.0005425233279243095,unmatched,unscored,,,,,postlaunch_descriptive,False,none
9000000000012258298,candidate,1.0014256987114287,2764.8581453049555,0.0005425233126506585,unmatched,unscored,,,,,postlaunch_descriptive,False,none
9000000000012266450,not_detected,1241.5711787581188,2141.122544194106,0.0007005670946146536,unmatched,unscored,,,,,postlaunch_descriptive,False,none
9000000000012300949,candidate,4.005147621849459,2771.8079452146776,0.0005411630349749302,unmatched,unscored,,,,,postlaunch_descriptive,False,none
9000000000012301086,confirmed,0.0338407282898439,2771.8079586410895,0.0005411630323535805,unmatched,unscored,,,,,postlaunch_descriptive,False,none
9000000000012301502,confirmed,0.0338768053713355,2771.807995787356,0.0005411630251012072,unmatched,unscored,,,,,postlaunch_descriptive,False,none
9000000000012303348,candidate,1.0013534703321545,2764.8578469315544,0.0005425233711978008,unmatched,unscored,,,,,postlaunch_descriptive,False,none
9000000000012305660,not_detected,1.0029809815639206,2764.858009247575,0.0005425233393479791,unmatched,unscored,,,,,postlaunch_descriptive,False,none
9000000000012314254,confirmed,1.9688222809108336,2771.8093465883285,0.0005411627613732776,unmatched,unscored,,,,,postlaunch_descriptive,False,none
9000000000012350399,confirmed,0.7729611968927511,2771.8079621754587,0.0005411630316635364,unmatched,unscored,,,,,postlaunch_descriptive,False,none
9000000000012353867,not_detected,1047.2956354871576,2141.1226863651536,0.0007005670480968345,unmatched,unscored,,,,,postlaunch_descriptive,False,none
9000000000012354413,not_detected,0.999725858663044,2764.857961858157,0.0005425233486467806,unmatched,unscored,,,,,postlaunch_descriptive,False,none
9000000000012367754,candidate,0.9984811465790924,2771.809973059688,0.0005411626390622338,unmatched,unscored,,,,,postlaunch_descriptive,False,none
9000000000012367993,candidate,2.00125550769184,2771.809985621366,0.0005411626366097169,unmatched,unscored,,,,,postlaunch_descriptive,False,none
9000000000012404771,not_detected,18.11465557913586,2141.1226854720153,0.0007005670483890659,unmatched,unscored,,,,,postlaunch_descriptive,False,none
9000000000012417572,confirmed,0.0338767821359543,2771.8098969128914,0.0005411626539289826,unmatched,unscored,,,,,postlaunch_descriptive,False,none
9000000000012453980,candidate,1.0010072886666983,2771.8079892261885,0.0005411630263821984,unmatched,unscored,,,,,postlaunch_descriptive,False,none
9000000000012457741,confirmed,964.4795612846904,2764.857958686538,0.000542523349269119,unmatched,unscored,,,,,postlaunch_descriptive,False,none
9000000000012470350,confirmed,0.0338407042984349,2771.809923717752,0.0005411626486956549,unmatched,unscored,,,,,postlaunch_descriptive,False,none
9000000000012505621,confirmed,550.1663389306511,2743.764458467718,0.0005466941578642977,unmatched,unscored,,,,,postlaunch_descriptive,False,none
9000000000012505658,not_detected,1.0030744402224268,2743.7644601827487,0.0005466941575225784,unmatched,unscored,,,,,postlaunch_descriptive,False,none
9000000000012507003,not_detected,1.002527713017943,2743.7645506272092,0.0005466941395015503,unmatched,unscored,,,,,postlaunch_descriptive,False,none
9000000000012554510,candidate,0.0012027271235708,2743.7645126041025,0.0005466941470776413,unmatched,unscored,,,,,postlaunch_descriptive,False,none
9000000000012601798,confirmed,1432.4472328969196,2743.764629400801,0.0005466941238059398,unmatched,unscored,,,,,postlaunch_descriptive,False,none
9000000000012646712,not_detected,1.0029650354406003,2743.764640599955,0.0005466941215745124,unmatched,unscored,,,,,postlaunch_descriptive,False,none
9000000000012647397,confirmed,2.00017152268663,2743.7646910543554,0.0005466941115214914,unmatched,unscored,,,,,postlaunch_descriptive,False,none
9000000000012688779,not_detected,1.0025641940941212,2743.7644553878345,0.0005466941584779635,unmatched,unscored,,,,,postlaunch_descriptive,False,none
9000000000012692087,not_detected,1.0025641066170878,2743.764694790356,0.0005466941107770947,unmatched,unscored,,,,,postlaunch_descriptive,False,none
9000000000012736952,not_detected,1.0025276733492736,2743.7646591942757,0.0005466941178696006,unmatched,unscored,,,,,postlaunch_descriptive,False,none
9000000000012783511,not_detected,1.0025277173171718,2743.76453886088,0.0005466941418459873,unmatched,unscored,,,,,postlaunch_descriptive,False,none
9000000000012885346,confirmed,0.9661907484309228,2743.7646285737865,0.0005466941239707222,unmatched,unscored,,,,,postlaunch_descriptive,False,none
9000000000012934846,confirmed,2.724067507279934,2743.764602024574,0.0005466941292606433,unmatched,unscored,,,,,postlaunch_descriptive,False,none
